BEGIN_YEARMONTH,BEGIN_DAY,BEGIN_TIME,END_YEARMONTH,END_DAY,END_TIME,EPISODE_ID,EVENT_ID,STATE,STATE_FIPS,YEAR,MONTH_NAME,EVENT_TYPE,CZ_TYPE,CZ_FIPS,CZ_NAME,WFO,BEGIN_DATE_TIME,CZ_TIMEZONE,END_DATE_TIME,INJURIES_DIRECT,INJURIES_INDIRECT,DEATHS_DIRECT,DEATHS_INDIRECT,DAMAGE_PROPERTY,DAMAGE_CROPS,SOURCE,MAGNITUDE,MAGNITUDE_TYPE,FLOOD_CAUSE,CATEGORY,TOR_F_SCALE,TOR_LENGTH,TOR_WIDTH,TOR_OTHER_WFO,TOR_OTHER_CZ_STATE,TOR_OTHER_CZ_FIPS,TOR_OTHER_CZ_NAME,BEGIN_RANGE,BEGIN_AZIMUTH,BEGIN_LOCATION,END_RANGE,END_AZIMUTH,END_LOCATION,BEGIN_LAT,BEGIN_LON,END_LAT,END_LON,EPISODE_NARRATIVE,EVENT_NARRATIVE,DATA_SOURCE
201708,20,1745,201708,20,1745,117836,708282,TEXAS,48,2017,August,Thunderstorm Wind,C,45,BRISCOE,LUB,20-Aug-17 17:45:00,CST-6,20-Aug-17 17:45:00,0,0,0,0,10.00K,0.00K,Park/Forest Service,52,EG,,,,,,,,,,3,NNE,GASOLINE,3,NNE,GASOLINE,34.372,-100.9851,34.372,-100.9851,Isolated thunderstorms developed over the extreme southeastern Texas Panhandle during the afternoon and evening of the 20th. One of these storms became severe over Briscoe County. A metal roof was torn off of a building at Valley Schools along State Highway 86 between Quitaque (Briscoe County) and Turkey (Hall County).,A Texas Parks and Wildlife Department employee reported thunderstorm wind damage at Valley Schools on State Highway 86 between Turkey and Quitaque. A metal roof was torn off of a building.,CSV
201708,21,1615,201708,21,1615,118031,709516,TEXAS,48,2017,August,Thunderstorm Wind,C,303,LUBBOCK,LUB,21-Aug-17 16:15:00,CST-6,21-Aug-17 16:15:00,0,0,0,0,0.00K,0.00K,ASOS,50,MG,,,,,,,,,,0,N,(LBB)LUBBOCK INTL AR,0,N,(LBB)LUBBOCK INTL AR,33.67,-101.82,33.67,-101.82,Scattered thunderstorms late this afternoon resulted in a few instances of severe wind gusts from the South Plains into the northern Rolling Plains.,Measured by the ASOS at Lubbock International Airport.,CSV
201708,21,1619,201708,21,1619,118031,709517,TEXAS,48,2017,August,Thunderstorm Wind,C,189,HALE,LUB,21-Aug-17 16:19:00,CST-6,21-Aug-17 16:19:00,0,0,0,0,0.00K,0.00K,Mesonet,51,MG,,,,,,,,,,9,SE,SETH WARD,9,SE,SETH WARD,34.13,-101.57,34.13,-101.57,Scattered thunderstorms late this afternoon resulted in a few instances of severe wind gusts from the South Plains into the northern Rolling Plains.,Measured by a Texas Tech University West Texas mesonet near Aiken.,CSV
201708,21,1830,201708,21,1830,118031,709518,TEXAS,48,2017,August,Thunderstorm Wind,C,345,MOTLEY,LUB,21-Aug-17 18:30:00,CST-6,21-Aug-17 18:30:00,0,0,0,0,0.00K,0.00K,Mesonet,50,MG,,,,,,,,,,1,S,NORTHFIELD,1,S,NORTHFIELD,34.27,-100.6,34.27,-100.6,Scattered thunderstorms late this afternoon resulted in a few instances of severe wind gusts from the South Plains into the northern Rolling Plains.,Measured by a Texas Tech University West Texas mesonet near Northfield.,CSV
201708,21,1300,201708,21,1300,121602,727805,TEXAS,48,2017,August,Heat,Z,213,HARRIS,HGX,21-Aug-17 13:00:00,CST-6,21-Aug-17 13:00:00,0,0,1,0,0.00K,0.00K,Newspaper,,,,,,,,,,,,,,,,,,,,,,A jogger succumbed to the heat within a Seabrook park.,A jogger died of heatstroke while jogging in a Seabrook park.,CSV
201708,22,2059,201708,22,2059,119826,718436,TEXAS,48,2017,August,Thunderstorm Wind,C,329,MIDLAND,MAF,22-Aug-17 20:59:00,CST-6,22-Aug-17 20:59:00,0,0,0,0,,,ASOS,52,MG,,,,,,,,,,0,N,(MAF) MIDLAND INTL,0,N,(MAF) MIDLAND INTL,31.93,-102.2,31.93,-102.2,Warm temperatures were present in advance of a cold front. Good moisture was across the area. These conditions contributed to thunderstorms with strong winds across the Permian Basin.,A thunderstorm moved across Midland County and produced a 60 mph wind gust at Midland International Air and Space Port.,CSV
201708,22,1814,201708,22,1845,118032,709522,TEXAS,48,2017,August,Flash Flood,C,219,HOCKLEY,LUB,22-Aug-17 18:14:00,CST-6,22-Aug-17 18:45:00,0,0,0,0,0.00K,0.00K,Law Enforcement,,,Heavy Rain,,,,,,,,,5,W,LOCKETTVILLE,1,SW,ROPESVILLE MCNABB AR,33.39,-102.4,33.39,-102.08,"Numerous slow-moving thunderstorms erupted this afternoon in the southern Texas Panhandle along a weak cold front, before spreading south through the South Plains and Rolling Plains throughout the evening. Some of these storms redeveloped over the same areas, most notably in central Swisher County where Tulia and the nearby Middle Tule Creek experienced flash flooding from over four inches of rain in less than one hour. In Hockley County, a favorable merger of outflow boundaries supported a rotating thunderstorm that produced a swath of damaging winds and flash flooding. In addition to damaging several power poles and a Texas Tech University West Texas Mesonet, this storm produced incredible rainfall rates measured as great as 0.69 inches in 5 minutes, or 8.28 inches per hour.","Law enforcement reported water and mud overflowing sections of roads in southeast Hockley County. The flash flooding forced the closure of FM Road 1585, FM Road 168 and County Road 41 for a few hours.  One section of FM Road 1585 had water up to the headlights of a car.  Travel was still impeded the following day until mud could be plowed free from the road.",CSV
201708,22,1605,201708,22,1605,118032,709519,TEXAS,48,2017,August,Thunderstorm Wind,C,437,SWISHER,LUB,22-Aug-17 16:05:00,CST-6,22-Aug-17 16:05:00,0,0,0,0,0.00K,0.00K,Mesonet,55,MG,,,,,,,,,,2,ENE,TULIA,2,ENE,TULIA,34.54,-101.74,34.54,-101.74,"Numerous slow-moving thunderstorms erupted this afternoon in the southern Texas Panhandle along a weak cold front, before spreading south through the South Plains and Rolling Plains throughout the evening. Some of these storms redeveloped over the same areas, most notably in central Swisher County where Tulia and the nearby Middle Tule Creek experienced flash flooding from over four inches of rain in less than one hour. In Hockley County, a favorable merger of outflow boundaries supported a rotating thunderstorm that produced a swath of damaging winds and flash flooding. In addition to damaging several power poles and a Texas Tech University West Texas Mesonet, this storm produced incredible rainfall rates measured as great as 0.69 inches in 5 minutes, or 8.28 inches per hour.",Measured by a Texas Tech University West Texas mesonet near Tulia.,CSV
201708,22,1800,201708,22,1800,118032,709521,TEXAS,48,2017,August,Thunderstorm Wind,C,303,LUBBOCK,LUB,22-Aug-17 18:00:00,CST-6,22-Aug-17 18:00:00,0,0,0,0,0.50K,0.00K,Social Media,52,EG,,,,,,,,,,2,W,LUBBOCK,2,W,LUBBOCK,33.58,-101.88,33.58,-101.88,"Numerous slow-moving thunderstorms erupted this afternoon in the southern Texas Panhandle along a weak cold front, before spreading south through the South Plains and Rolling Plains throughout the evening. Some of these storms redeveloped over the same areas, most notably in central Swisher County where Tulia and the nearby Middle Tule Creek experienced flash flooding from over four inches of rain in less than one hour. In Hockley County, a favorable merger of outflow boundaries supported a rotating thunderstorm that produced a swath of damaging winds and flash flooding. In addition to damaging several power poles and a Texas Tech University West Texas Mesonet, this storm produced incredible rainfall rates measured as great as 0.69 inches in 5 minutes, or 8.28 inches per hour.",An outdoor metal canopy was damaged from high winds during the passage of a gust front.,CSV
201708,22,1827,201708,22,1834,118032,709523,TEXAS,48,2017,August,Thunderstorm Wind,C,305,LYNN,LUB,22-Aug-17 18:27:00,CST-6,22-Aug-17 18:34:00,0,0,0,0,0.00K,0.00K,Mesonet,54,MG,,,,,,,,,,2,N,TAHOKA,2,N,TAHOKA,33.21,-101.78,33.21,-101.78,"Numerous slow-moving thunderstorms erupted this afternoon in the southern Texas Panhandle along a weak cold front, before spreading south through the South Plains and Rolling Plains throughout the evening. Some of these storms redeveloped over the same areas, most notably in central Swisher County where Tulia and the nearby Middle Tule Creek experienced flash flooding from over four inches of rain in less than one hour. In Hockley County, a favorable merger of outflow boundaries supported a rotating thunderstorm that produced a swath of damaging winds and flash flooding. In addition to damaging several power poles and a Texas Tech University West Texas Mesonet, this storm produced incredible rainfall rates measured as great as 0.69 inches in 5 minutes, or 8.28 inches per hour.","Measured by a Texas Tech University West Texas mesonet near Tahoka at 1828 CST.  Severe gusts of 58 mph and 59 mph were also measured at 1827 CST and 1834 CST, respectively.",CSV
201708,22,1730,201708,22,1755,118032,711899,TEXAS,48,2017,August,Heavy Rain,C,219,HOCKLEY,LUB,22-Aug-17 17:30:00,CST-6,22-Aug-17 17:55:00,0,0,0,0,0.00K,0.00K,Mesonet,,,,,,,,,,,,4,S,LEVELLAND,4,S,LEVELLAND,33.5221,-102.37,33.5221,-102.37,"Numerous slow-moving thunderstorms erupted this afternoon in the southern Texas Panhandle along a weak cold front, before spreading south through the South Plains and Rolling Plains throughout the evening. Some of these storms redeveloped over the same areas, most notably in central Swisher County where Tulia and the nearby Middle Tule Creek experienced flash flooding from over four inches of rain in less than one hour. In Hockley County, a favorable merger of outflow boundaries supported a rotating thunderstorm that produced a swath of damaging winds and flash flooding. In addition to damaging several power poles and a Texas Tech University West Texas Mesonet, this storm produced incredible rainfall rates measured as great as 0.69 inches in 5 minutes, or 8.28 inches per hour.","A slow-moving, rotating thunderstorm produced incredible rainfall rates up to 0.69 inches in just five minutes (8.28 inches per hour) as measured by a Texas Tech University West Texas Mesonet.",CSV
201708,22,1615,201708,22,1800,118032,709520,TEXAS,48,2017,August,Flash Flood,C,437,SWISHER,LUB,22-Aug-17 16:15:00,CST-6,22-Aug-17 18:00:00,0,0,0,0,0.00K,0.00K,Law Enforcement,,,Heavy Rain,,,,,,,,,8,WSW,TULIA ARPT,7,W,TULIA ARPT,34.5157,-101.9099,34.5479,-101.903,"Numerous slow-moving thunderstorms erupted this afternoon in the southern Texas Panhandle along a weak cold front, before spreading south through the South Plains and Rolling Plains throughout the evening. Some of these storms redeveloped over the same areas, most notably in central Swisher County where Tulia and the nearby Middle Tule Creek experienced flash flooding from over four inches of rain in less than one hour. In Hockley County, a favorable merger of outflow boundaries supported a rotating thunderstorm that produced a swath of damaging winds and flash flooding. In addition to damaging several power poles and a Texas Tech University West Texas Mesonet, this storm produced incredible rainfall rates measured as great as 0.69 inches in 5 minutes, or 8.28 inches per hour.","Law enforcement in Tulia reported water flowing across streets and lawns in Tulia. The underpass at the junction of State Highway 86 and 87 was closed through the night from water up to five feet deep.  Just east of Tulia, the Middle Tule Creek rose out of its banks and partially flooded State Highway 86.",CSV
201708,22,1745,201708,22,1745,118032,709525,TEXAS,48,2017,August,Thunderstorm Wind,C,219,HOCKLEY,LUB,22-Aug-17 17:45:00,CST-6,22-Aug-17 17:45:00,0,0,0,0,42.00K,0.00K,Utility Company,52,EG,,,,,,,,,,1,SSW,LEVELLAND MUNI ARPT,4,S,LEVELLAND MUNI ARPT,33.5331,-102.3752,33.4921,-102.37,"Numerous slow-moving thunderstorms erupted this afternoon in the southern Texas Panhandle along a weak cold front, before spreading south through the South Plains and Rolling Plains throughout the evening. Some of these storms redeveloped over the same areas, most notably in central Swisher County where Tulia and the nearby Middle Tule Creek experienced flash flooding from over four inches of rain in less than one hour. In Hockley County, a favorable merger of outflow boundaries supported a rotating thunderstorm that produced a swath of damaging winds and flash flooding. In addition to damaging several power poles and a Texas Tech University West Texas Mesonet, this storm produced incredible rainfall rates measured as great as 0.69 inches in 5 minutes, or 8.28 inches per hour.",A series of downbursts damaged 19 utility poles along US Highway 385 and FM Road 1585 in southeast Hockley County.  These winds inflicted minor damage to a mesonet belonging to the Texas Tech University West Texas Mesonet.,CSV
201708,22,1430,201708,22,1630,118032,713492,TEXAS,48,2017,August,Heavy Rain,C,437,SWISHER,LUB,22-Aug-17 14:30:00,CST-6,22-Aug-17 16:30:00,0,0,0,0,0.00K,0.00K,Mesonet,,,,,,,,,,,,2,ENE,TULIA,2,ENE,TULIA,34.5411,-101.7375,34.5411,-101.7375,"Numerous slow-moving thunderstorms erupted this afternoon in the southern Texas Panhandle along a weak cold front, before spreading south through the South Plains and Rolling Plains throughout the evening. Some of these storms redeveloped over the same areas, most notably in central Swisher County where Tulia and the nearby Middle Tule Creek experienced flash flooding from over four inches of rain in less than one hour. In Hockley County, a favorable merger of outflow boundaries supported a rotating thunderstorm that produced a swath of damaging winds and flash flooding. In addition to damaging several power poles and a Texas Tech University West Texas Mesonet, this storm produced incredible rainfall rates measured as great as 0.69 inches in 5 minutes, or 8.28 inches per hour.",Backbuilding thunderstorms produced 3.45 inches of rain as measured by a Texas Tech University West Texas Mesonet located near Tulia. Radar estimated just over four inches of rain a short distance north of this mesonet.,CSV
201708,23,1615,201708,23,1715,120011,719146,TEXAS,48,2017,August,Flash Flood,C,141,EL PASO,EPZ,23-Aug-17 16:15:00,MST-7,23-Aug-17 17:15:00,0,0,0,0,0.00K,0.00K,Trained Spotter,,,Heavy Rain,,,,,,,,,1,ENE,FABENS ARPT,2,E,FABENS ARPT,31.5285,-106.1346,31.5183,-106.1176,A surface low was located over far west Texas with an upper level trough approaching from Arizona.  Monsoonal moisture was still in place with dew points over 60F across the region.  Weak flow in the lower to mid levels kept storm motion slow and allowed heavy rain to fall near Fabens and create some localized flash flooding.,Water was about 6 inches deep flowing across San Felipe Road just east of Interstate 10.,CSV
201708,25,1810,201708,25,1810,120012,719147,TEXAS,48,2017,August,Thunderstorm Wind,C,141,EL PASO,EPZ,25-Aug-17 18:10:00,MST-7,25-Aug-17 18:10:00,0,0,0,0,0.00K,0.00K,Mesonet,55,MG,,,,,,,,,,1,ESE,SMELTERTOWN,1,ESE,SMELTERTOWN,31.7715,-106.5028,31.7715,-106.5028,An upper high was located over the region trapping some modest monsoonal moisture over the region.  An isolated thunderstorm developed near downtown El Paso and moved into the UTEP area and produced severe wind gusts and flash flooding as up to 2.24 inches of rain fell in an hour.,,CSV
201708,25,1848,201708,25,2000,120012,719148,TEXAS,48,2017,August,Flash Flood,C,141,EL PASO,EPZ,25-Aug-17 18:48:00,MST-7,25-Aug-17 20:00:00,0,0,0,0,0.00K,0.00K,Law Enforcement,,,Heavy Rain,,,,,,,,,0,N,SMELTERTOWN,2,SE,SMELTERTOWN,31.7839,-106.5205,31.7573,-106.4989,An upper high was located over the region trapping some modest monsoonal moisture over the region.  An isolated thunderstorm developed near downtown El Paso and moved into the UTEP area and produced severe wind gusts and flash flooding as up to 2.24 inches of rain fell in an hour.,"Two vehicles were stranded in high water at intersection of Mesa and Sun Bowl Drive.  In addition, Interstate 10 eastbound at Porfirio Diaz had 3 of 4 lanes closed down due to flooding.",CSV
201708,25,1720,201708,25,1721,119853,718515,TEXAS,48,2017,August,Thunderstorm Wind,C,135,ECTOR,MAF,25-Aug-17 17:20:00,CST-6,25-Aug-17 17:21:00,0,0,0,0,8.00K,,Law Enforcement,61,EG,,,,,,,,,,6,W,ODESSA,6,W,ODESSA,31.85,-102.4722,31.85,-102.4722,There was an upper trough that extended from West Texas to the Central Plains. Very rich moisture was across West Texas and southeast New Mexico. These conditions resulted in thunderstorms with damaging winds across the Permian Basin.,A thunderstorm moved across Ector County and produced wind damage in West Odessa. There were a few powerpoles and several trees down which resulted in some road closures. The cost of damage is a very rough estimate.,CSV
201708,25,1200,201708,25,2030,120318,720930,TEXAS,48,2017,August,Tropical Storm,Z,251,KENEDY,BRO,25-Aug-17 12:00:00,CST-6,25-Aug-17 20:30:00,0,0,0,0,0.00K,0.00K,Buoy,,,,,,,,,,,,,,,,,,,,,,"Rapidly intensifying Hurricane Harvey moved along the outer edge of the Lower Texas Coastal waters from the pre-dawn hours through the mid afternoon of August 25th.  Harvey began the period as a Category 2 storm and was a mid range Category 3 storm as it headed toward the Texas Coastal Bend region, where it would make landfall as a 938 mb Category 4 wrecking ball near Rockport. ||The outskirts of Harvey produced tropical storm force gusts measured and estimated at 41 to 46 mph on South Padre Island to the western shoreline of Laguna Madre, in Cameron County, with gusts from 48 to 63 mph along the coast of Kenedy County, including the Laguna Madre shoreline.  Here, sustained tropical storm force winds of 39 to 51 mph were reported at shoreline buoys.  No damage was reported in these areas, which are vastly unpopulated.||Within the tropical storm force (sustained) wind area, other impacts included nuisance tidal overwash that ran into the dunes on the barrier island (South Padre and the Padre Island National Seashore north of Port Mansfield), with storm surge measured at 1.77 feet above predicted tide.  At Baffin Bay, the tide level peaked at 1.77 feet above Mean Sea Level, which likely equated to 2 feet of storm surge (based on similar reports farther south). No damage or beach erosion was reported at the Cameron County public and resort areas of South Padre, but there may have been minor erosion along the Kenedy County coast.  Backside northwest to west flow during the evening of the 25th, well after Harvey had passed north of the Lower Texas coast, trapped or enhanced water levels for one final high tide cycle during the evening especially along west-facing shores of Laguna Madre.||The heaviest rainfall spared most of the Lower Texas coast, with the highest reported at the cooperative site 7 miles east of Sarita (northeast Kenedy) with only 2.27 inches.  Bias corrected radar indicated a sliver of 3 to 4 inches near Baffin Bay and the Gulf intersection at the northeast tip of Kenedy County, which was absorbed easily on sandy soil.","Tropical storm force sustained winds (39 to 51 mph with gusts to 63 mph) arrived along and up to 10 to 15 miles (estimated) from the shoreline of Kenedy County during the afternoon of August 25, and likely continued across the north half of this area through sunset or just beyond as Hurricane Harvey scooted by some 80 (south) to 60 (north) miles of the shoreline. The Texas Coastal Ocean Observation Network (TCOON) sites at Rincon del San Jose and Baffin Bay - shoreline proxies to the coastline, reported sustained winds of 39 mph and 51 mph, respectively, with gusts to 47 and 63 mph, respectively.  No wind damage was reported over the largely unpopulated region.||While a storm surge estimated at up to 2 feet run up to and into the dunes along the barrier island, there were no indications from aerial photography of any new breaches or significant flooding or erosion.",CSV
201708,25,1200,201708,29,1200,119753,723646,TEXAS,48,2017,August,Tropical Storm,Z,236,MATAGORDA,HGX,25-Aug-17 12:00:00,CST-6,29-Aug-17 12:00:00,0,0,0,0,500.00M,,Emergency Manager,,,,,,,,,,,,,,,,,,,,,,"Harvey made landfall as a category 4 hurricane near Rockport, Texas during the evening of August 25th. The storm then weakened to a tropical storm and slowed,  looping back and tracking over SE Texas then back over the Gulf of Mexico making a second landfall along the Louisiana coast during the early morning hours of August 30th. Over that 5 day period over Southeast Texas TS Harvey produced catastrophic flooding with a large area of 30 to 60 inches of rain, 23 tornadoes, tropical storm force winds and a moderate storm surge near Matagorda Bay.  In some of the heavier bands rain fell at a rate of over 5 inches per hour. This copious record amount of rain over a  led to catastrophic flooding. Thousands of homes, businesses, and roads were flooded due to flash flooding and sheet flow from long duration intense rain. Main stem rivers and adjoining tributaries, creeks and bayous reached full capacity and came out of their banks and this also contributed to the massive flooding across southeastern Texas.","Harvey made landfall as a category 4 hurricane near Rockport, Texas during the evening of August 25th then slowed and looped back tracking over SE Texas, back over the Gulf of Mexico then making a second landfall along the Louisiana coast during the early morning hours of August 30th. Matagorda and Jackson counties experienced moderate storm surge along Matagorda Bay, Tropical Storm force winds and major lowland flooding along the Palacious and Navidad Rivers.",CSV
201708,25,1430,201708,25,1431,119753,720460,TEXAS,48,2017,August,Tornado,C,39,BRAZORIA,HGX,25-Aug-17 14:30:00,CST-6,25-Aug-17 14:31:00,0,0,0,0,30.00K,0.00K,NWS Storm Survey,,,,,EF0,0.23,30,,,,,0,WNW,PERRY LNDG,0,NW,PERRY LNDG,28.9811,-95.483,28.9837,-95.4854,"Harvey made landfall as a category 4 hurricane near Rockport, Texas during the evening of August 25th. The storm then weakened to a tropical storm and slowed,  looping back and tracking over SE Texas then back over the Gulf of Mexico making a second landfall along the Louisiana coast during the early morning hours of August 30th. Over that 5 day period over Southeast Texas TS Harvey produced catastrophic flooding with a large area of 30 to 60 inches of rain, 23 tornadoes, tropical storm force winds and a moderate storm surge near Matagorda Bay.  In some of the heavier bands rain fell at a rate of over 5 inches per hour. This copious record amount of rain over a  led to catastrophic flooding. Thousands of homes, businesses, and roads were flooded due to flash flooding and sheet flow from long duration intense rain. Main stem rivers and adjoining tributaries, creeks and bayous reached full capacity and came out of their banks and this also contributed to the massive flooding across southeastern Texas.",Very brief tornado touched down near HWY 36 with numerous trees snapped or downed. Barn also damaged.,CSV
201708,25,1508,201708,25,1514,119753,720461,TEXAS,48,2017,August,Tornado,C,321,MATAGORDA,HGX,25-Aug-17 15:08:00,CST-6,25-Aug-17 15:14:00,0,0,0,0,500.00K,0.00K,NWS Storm Survey,,,,,EF1,2.18,50,,,,,4,SSE,SARGENT,3,S,SARGENT,28.7699,-95.6255,28.7821,-95.6587,"Harvey made landfall as a category 4 hurricane near Rockport, Texas during the evening of August 25th. The storm then weakened to a tropical storm and slowed,  looping back and tracking over SE Texas then back over the Gulf of Mexico making a second landfall along the Louisiana coast during the early morning hours of August 30th. Over that 5 day period over Southeast Texas TS Harvey produced catastrophic flooding with a large area of 30 to 60 inches of rain, 23 tornadoes, tropical storm force winds and a moderate storm surge near Matagorda Bay.  In some of the heavier bands rain fell at a rate of over 5 inches per hour. This copious record amount of rain over a  led to catastrophic flooding. Thousands of homes, businesses, and roads were flooded due to flash flooding and sheet flow from long duration intense rain. Main stem rivers and adjoining tributaries, creeks and bayous reached full capacity and came out of their banks and this also contributed to the massive flooding across southeastern Texas.",A brief yet strong tornado moved onshore along the coast in Sargent causing significant damage to one home and overturning a motor home. Numerous trees were snapped and/or downed along the path as well as minor roof damage to several homes and businesses.,CSV
201708,25,1711,201708,25,1720,119753,720463,TEXAS,48,2017,August,Tornado,C,39,BRAZORIA,HGX,25-Aug-17 17:11:00,CST-6,25-Aug-17 17:20:00,0,0,0,0,100.00K,,NWS Storm Survey,,,,,EF0,3.98,50,,,,,2,W,BAILEY PRAIRIE,3,NNE,EAST COLUMBIA,29.1464,-95.5448,29.1828,-95.5959,"Harvey made landfall as a category 4 hurricane near Rockport, Texas during the evening of August 25th. The storm then weakened to a tropical storm and slowed,  looping back and tracking over SE Texas then back over the Gulf of Mexico making a second landfall along the Louisiana coast during the early morning hours of August 30th. Over that 5 day period over Southeast Texas TS Harvey produced catastrophic flooding with a large area of 30 to 60 inches of rain, 23 tornadoes, tropical storm force winds and a moderate storm surge near Matagorda Bay.  In some of the heavier bands rain fell at a rate of over 5 inches per hour. This copious record amount of rain over a  led to catastrophic flooding. Thousands of homes, businesses, and roads were flooded due to flash flooding and sheet flow from long duration intense rain. Main stem rivers and adjoining tributaries, creeks and bayous reached full capacity and came out of their banks and this also contributed to the massive flooding across southeastern Texas.",A high-end EF-0 tornado touched down east of West Columbia damaging numerous trees... roofs...and outbuildings in a neighborhood off of highway 35. A barn and several outbuildings were also destroyed on the east side of the Brazos River. Damage described by property owner. Property was flooded.,CSV
201708,25,1200,201708,29,1200,119753,723647,TEXAS,48,2017,August,Tropical Storm,Z,235,JACKSON,HGX,25-Aug-17 12:00:00,CST-6,29-Aug-17 12:00:00,0,0,0,0,500.00M,,Emergency Manager,,,,,,,,,,,,,,,,,,,,,,"Harvey made landfall as a category 4 hurricane near Rockport, Texas during the evening of August 25th. The storm then weakened to a tropical storm and slowed,  looping back and tracking over SE Texas then back over the Gulf of Mexico making a second landfall along the Louisiana coast during the early morning hours of August 30th. Over that 5 day period over Southeast Texas TS Harvey produced catastrophic flooding with a large area of 30 to 60 inches of rain, 23 tornadoes, tropical storm force winds and a moderate storm surge near Matagorda Bay.  In some of the heavier bands rain fell at a rate of over 5 inches per hour. This copious record amount of rain over a  led to catastrophic flooding. Thousands of homes, businesses, and roads were flooded due to flash flooding and sheet flow from long duration intense rain. Main stem rivers and adjoining tributaries, creeks and bayous reached full capacity and came out of their banks and this also contributed to the massive flooding across southeastern Texas.","Harvey made landfall as a category 4 hurricane near Rockport, Texas during the evening of August 25th then slowed and looped back tracking over SE Texas, back over the Gulf of Mexico then making a second landfall along the Louisiana coast during the early morning hours of August 30th. Matagorda and Jackson counties experienced moderate storm surge along Matagorda Bay, Tropical Storm force winds and major lowland flooding along the Palacious and Navidad Rivers.",CSV
201708,25,1318,201708,25,1319,119753,720459,TEXAS,48,2017,August,Tornado,C,167,GALVESTON,HGX,25-Aug-17 13:18:00,CST-6,25-Aug-17 13:19:00,0,0,0,0,0.50K,,Public,,,,,EF0,0.12,20,,,,,3,ENE,GALVESTON,3,ENE,GALVESTON,29.3104,-94.7699,29.3122,-94.77,"Harvey made landfall as a category 4 hurricane near Rockport, Texas during the evening of August 25th. The storm then weakened to a tropical storm and slowed,  looping back and tracking over SE Texas then back over the Gulf of Mexico making a second landfall along the Louisiana coast during the early morning hours of August 30th. Over that 5 day period over Southeast Texas TS Harvey produced catastrophic flooding with a large area of 30 to 60 inches of rain, 23 tornadoes, tropical storm force winds and a moderate storm surge near Matagorda Bay.  In some of the heavier bands rain fell at a rate of over 5 inches per hour. This copious record amount of rain over a  led to catastrophic flooding. Thousands of homes, businesses, and roads were flooded due to flash flooding and sheet flow from long duration intense rain. Main stem rivers and adjoining tributaries, creeks and bayous reached full capacity and came out of their banks and this also contributed to the massive flooding across southeastern Texas.",Funnel cloud sighting with fence damage near Ferry Road.,CSV
201708,25,1200,201708,29,1200,119753,723655,TEXAS,48,2017,August,Tropical Storm,Z,176,MADISON,HGX,25-Aug-17 12:00:00,CST-6,29-Aug-17 12:00:00,0,0,0,0,80.00M,,Local Official,,,,,,,,,,,,,,,,,,,,,,"Harvey made landfall as a category 4 hurricane near Rockport, Texas during the evening of August 25th. The storm then weakened to a tropical storm and slowed,  looping back and tracking over SE Texas then back over the Gulf of Mexico making a second landfall along the Louisiana coast during the early morning hours of August 30th. Over that 5 day period over Southeast Texas TS Harvey produced catastrophic flooding with a large area of 30 to 60 inches of rain, 23 tornadoes, tropical storm force winds and a moderate storm surge near Matagorda Bay.  In some of the heavier bands rain fell at a rate of over 5 inches per hour. This copious record amount of rain over a  led to catastrophic flooding. Thousands of homes, businesses, and roads were flooded due to flash flooding and sheet flow from long duration intense rain. Main stem rivers and adjoining tributaries, creeks and bayous reached full capacity and came out of their banks and this also contributed to the massive flooding across southeastern Texas.","Slow moving Tropical Storm Harvey brought heavy rains and flooding to portions of Brazos, Burleson, Austin, Grimes, Washington and Madison Counties. Moderate to major lowland flooding occurred along rivers and numerous creeks and tributaries. This includes the Brazos at San Felipe, Davison Creek, etc.",CSV
201708,25,1200,201708,30,0,119753,723658,TEXAS,48,2017,August,Tropical Storm,Z,200,LIBERTY,HGX,25-Aug-17 12:00:00,CST-6,30-Aug-17 0:00:00,0,0,0,0,1.00B,,Emergency Manager,,,,,,,,,,,,,,,,,,,,,,"Harvey made landfall as a category 4 hurricane near Rockport, Texas during the evening of August 25th. The storm then weakened to a tropical storm and slowed,  looping back and tracking over SE Texas then back over the Gulf of Mexico making a second landfall along the Louisiana coast during the early morning hours of August 30th. Over that 5 day period over Southeast Texas TS Harvey produced catastrophic flooding with a large area of 30 to 60 inches of rain, 23 tornadoes, tropical storm force winds and a moderate storm surge near Matagorda Bay.  In some of the heavier bands rain fell at a rate of over 5 inches per hour. This copious record amount of rain over a  led to catastrophic flooding. Thousands of homes, businesses, and roads were flooded due to flash flooding and sheet flow from long duration intense rain. Main stem rivers and adjoining tributaries, creeks and bayous reached full capacity and came out of their banks and this also contributed to the massive flooding across southeastern Texas.",Slow moving Tropical Storm Harvey produced torrential rainfall across Liberty and Chambers Counties. Major to record flooding occurred along the Trinity River and along numerous creeks and tributaries.,CSV
201708,25,2328,201708,25,2337,119753,720470,TEXAS,48,2017,August,Tornado,C,39,BRAZORIA,HGX,25-Aug-17 23:28:00,CST-6,25-Aug-17 23:37:00,0,0,0,0,50.00K,0.00K,NWS Storm Survey,,,,,EF0,4.31,50,,,,,1,W,LIVERPOOL,5,SE,MANVEL COYLE ARPT,29.2987,-95.3045,29.3496,-95.3458,"Harvey made landfall as a category 4 hurricane near Rockport, Texas during the evening of August 25th. The storm then weakened to a tropical storm and slowed,  looping back and tracking over SE Texas then back over the Gulf of Mexico making a second landfall along the Louisiana coast during the early morning hours of August 30th. Over that 5 day period over Southeast Texas TS Harvey produced catastrophic flooding with a large area of 30 to 60 inches of rain, 23 tornadoes, tropical storm force winds and a moderate storm surge near Matagorda Bay.  In some of the heavier bands rain fell at a rate of over 5 inches per hour. This copious record amount of rain over a  led to catastrophic flooding. Thousands of homes, businesses, and roads were flooded due to flash flooding and sheet flow from long duration intense rain. Main stem rivers and adjoining tributaries, creeks and bayous reached full capacity and came out of their banks and this also contributed to the massive flooding across southeastern Texas.",A tornado touched down just west of Liverpool. It took down 4 power poles on highway 35 along with several trees near the Gulf Coast Speedway. The tornado then traveled across generally open field before damaging some barns and outbuildings as well as trees on County Road 511.,CSV
201708,25,2356,201708,25,2359,119753,720477,TEXAS,48,2017,August,Tornado,C,157,FORT BEND,HGX,25-Aug-17 23:56:00,CST-6,25-Aug-17 23:59:00,0,0,0,0,500.00K,,Emergency Manager,,,,,EF1,1.46,100,,,,,1,NNE,SUGARLAND JCT,2,NW,SUGARLAND JCT,29.4873,-95.517,29.4978,-95.538,"Harvey made landfall as a category 4 hurricane near Rockport, Texas during the evening of August 25th. The storm then weakened to a tropical storm and slowed,  looping back and tracking over SE Texas then back over the Gulf of Mexico making a second landfall along the Louisiana coast during the early morning hours of August 30th. Over that 5 day period over Southeast Texas TS Harvey produced catastrophic flooding with a large area of 30 to 60 inches of rain, 23 tornadoes, tropical storm force winds and a moderate storm surge near Matagorda Bay.  In some of the heavier bands rain fell at a rate of over 5 inches per hour. This copious record amount of rain over a  led to catastrophic flooding. Thousands of homes, businesses, and roads were flooded due to flash flooding and sheet flow from long duration intense rain. Main stem rivers and adjoining tributaries, creeks and bayous reached full capacity and came out of their banks and this also contributed to the massive flooding across southeastern Texas.",Tornado tracked across Sienna Plantation subdivision downing trees and damaging roofs on about 25 homes. Vieux Carre Ct and Steve Ct were hardest hit.,CSV
201708,25,1200,201708,29,1200,119753,723653,TEXAS,48,2017,August,Tropical Storm,Z,198,GRIMES,HGX,25-Aug-17 12:00:00,CST-6,29-Aug-17 12:00:00,0,0,0,0,50.00M,,Local Official,,,,,,,,,,,,,,,,,,,,,,"Harvey made landfall as a category 4 hurricane near Rockport, Texas during the evening of August 25th. The storm then weakened to a tropical storm and slowed,  looping back and tracking over SE Texas then back over the Gulf of Mexico making a second landfall along the Louisiana coast during the early morning hours of August 30th. Over that 5 day period over Southeast Texas TS Harvey produced catastrophic flooding with a large area of 30 to 60 inches of rain, 23 tornadoes, tropical storm force winds and a moderate storm surge near Matagorda Bay.  In some of the heavier bands rain fell at a rate of over 5 inches per hour. This copious record amount of rain over a  led to catastrophic flooding. Thousands of homes, businesses, and roads were flooded due to flash flooding and sheet flow from long duration intense rain. Main stem rivers and adjoining tributaries, creeks and bayous reached full capacity and came out of their banks and this also contributed to the massive flooding across southeastern Texas.","Slow moving Tropical Storm Harvey brought heavy rains and flooding to portions of Brazos, Burleson, Austin, Grimes, Washington and Madison Counties. Moderate to major lowland flooding occurred along rivers and numerous creeks and tributaries. This includes the Brazos at San Felipe, Davison Creek, etc.",CSV
201708,25,1200,201708,29,1200,119753,723654,TEXAS,48,2017,August,Tropical Storm,Z,197,WASHINGTON,HGX,25-Aug-17 12:00:00,CST-6,29-Aug-17 12:00:00,0,0,0,0,150.00M,,Local Official,,,,,,,,,,,,,,,,,,,,,,"Harvey made landfall as a category 4 hurricane near Rockport, Texas during the evening of August 25th. The storm then weakened to a tropical storm and slowed,  looping back and tracking over SE Texas then back over the Gulf of Mexico making a second landfall along the Louisiana coast during the early morning hours of August 30th. Over that 5 day period over Southeast Texas TS Harvey produced catastrophic flooding with a large area of 30 to 60 inches of rain, 23 tornadoes, tropical storm force winds and a moderate storm surge near Matagorda Bay.  In some of the heavier bands rain fell at a rate of over 5 inches per hour. This copious record amount of rain over a  led to catastrophic flooding. Thousands of homes, businesses, and roads were flooded due to flash flooding and sheet flow from long duration intense rain. Main stem rivers and adjoining tributaries, creeks and bayous reached full capacity and came out of their banks and this also contributed to the massive flooding across southeastern Texas.","Slow moving Tropical Storm Harvey brought heavy rains and flooding to portions of Brazos, Burleson, Austin, Grimes, Washington and Madison Counties. Moderate to major lowland flooding occurred along rivers and numerous creeks and tributaries. This includes the Brazos at San Felipe, Davison Creek, etc.",CSV
201708,25,1200,201708,29,1200,119753,723657,TEXAS,48,2017,August,Tropical Storm,Z,212,WALLER,HGX,25-Aug-17 12:00:00,CST-6,29-Aug-17 12:00:00,0,0,0,0,350.00M,,Emergency Manager,,,,,,,,,,,,,,,,,,,,,,"Harvey made landfall as a category 4 hurricane near Rockport, Texas during the evening of August 25th. The storm then weakened to a tropical storm and slowed,  looping back and tracking over SE Texas then back over the Gulf of Mexico making a second landfall along the Louisiana coast during the early morning hours of August 30th. Over that 5 day period over Southeast Texas TS Harvey produced catastrophic flooding with a large area of 30 to 60 inches of rain, 23 tornadoes, tropical storm force winds and a moderate storm surge near Matagorda Bay.  In some of the heavier bands rain fell at a rate of over 5 inches per hour. This copious record amount of rain over a  led to catastrophic flooding. Thousands of homes, businesses, and roads were flooded due to flash flooding and sheet flow from long duration intense rain. Main stem rivers and adjoining tributaries, creeks and bayous reached full capacity and came out of their banks and this also contributed to the massive flooding across southeastern Texas.","Slow moving Tropical Storm Harvey brought heavy rains and flooding to portions of Waller County. Moderate to major lowland flooding occurred along rivers and numerous creeks and tributaries. This includes the Brazos at San Felipe, and the San Bernard at East Bernard.",CSV
201708,25,1200,201708,30,1200,119753,723659,TEXAS,48,2017,August,Tropical Storm,Z,214,CHAMBERS,HGX,25-Aug-17 12:00:00,CST-6,30-Aug-17 12:00:00,0,0,0,0,1.00M,,Emergency Manager,,,,,,,,,,,,,,,,,,,,,,"Harvey made landfall as a category 4 hurricane near Rockport, Texas during the evening of August 25th. The storm then weakened to a tropical storm and slowed,  looping back and tracking over SE Texas then back over the Gulf of Mexico making a second landfall along the Louisiana coast during the early morning hours of August 30th. Over that 5 day period over Southeast Texas TS Harvey produced catastrophic flooding with a large area of 30 to 60 inches of rain, 23 tornadoes, tropical storm force winds and a moderate storm surge near Matagorda Bay.  In some of the heavier bands rain fell at a rate of over 5 inches per hour. This copious record amount of rain over a  led to catastrophic flooding. Thousands of homes, businesses, and roads were flooded due to flash flooding and sheet flow from long duration intense rain. Main stem rivers and adjoining tributaries, creeks and bayous reached full capacity and came out of their banks and this also contributed to the massive flooding across southeastern Texas.",Slow moving Tropical Storm Harvey produced torrential rainfall across Liberty and Chambers Counties. Major to record flooding occurred along the Trinity River and along numerous creeks and tributaries.,CSV
201708,25,1200,201708,29,1200,119753,723650,TEXAS,48,2017,August,Tropical Storm,Z,196,BRAZOS,HGX,25-Aug-17 12:00:00,CST-6,29-Aug-17 12:00:00,0,0,0,0,15.00M,,Local Official,,,,,,,,,,,,,,,,,,,,,,"Harvey made landfall as a category 4 hurricane near Rockport, Texas during the evening of August 25th. The storm then weakened to a tropical storm and slowed,  looping back and tracking over SE Texas then back over the Gulf of Mexico making a second landfall along the Louisiana coast during the early morning hours of August 30th. Over that 5 day period over Southeast Texas TS Harvey produced catastrophic flooding with a large area of 30 to 60 inches of rain, 23 tornadoes, tropical storm force winds and a moderate storm surge near Matagorda Bay.  In some of the heavier bands rain fell at a rate of over 5 inches per hour. This copious record amount of rain over a  led to catastrophic flooding. Thousands of homes, businesses, and roads were flooded due to flash flooding and sheet flow from long duration intense rain. Main stem rivers and adjoining tributaries, creeks and bayous reached full capacity and came out of their banks and this also contributed to the massive flooding across southeastern Texas.","Slow moving Tropical Storm Harvey brought heavy rains and flooding to portions of Brazos, Burleson, Austin, Grimes, Washington and Madison Counties. Moderate to major lowland flooding occurred along rivers and numerous creeks and tributaries. This includes the Brazos at San Felipe, Davison Creek, etc.",CSV
201708,25,1200,201708,29,1200,119753,723651,TEXAS,48,2017,August,Tropical Storm,Z,195,BURLESON,HGX,25-Aug-17 12:00:00,CST-6,29-Aug-17 12:00:00,0,0,0,0,20.00M,,Local Official,,,,,,,,,,,,,,,,,,,,,,"Harvey made landfall as a category 4 hurricane near Rockport, Texas during the evening of August 25th. The storm then weakened to a tropical storm and slowed,  looping back and tracking over SE Texas then back over the Gulf of Mexico making a second landfall along the Louisiana coast during the early morning hours of August 30th. Over that 5 day period over Southeast Texas TS Harvey produced catastrophic flooding with a large area of 30 to 60 inches of rain, 23 tornadoes, tropical storm force winds and a moderate storm surge near Matagorda Bay.  In some of the heavier bands rain fell at a rate of over 5 inches per hour. This copious record amount of rain over a  led to catastrophic flooding. Thousands of homes, businesses, and roads were flooded due to flash flooding and sheet flow from long duration intense rain. Main stem rivers and adjoining tributaries, creeks and bayous reached full capacity and came out of their banks and this also contributed to the massive flooding across southeastern Texas.","Slow moving Tropical Storm Harvey brought heavy rains and flooding to portions of Brazos, Burleson, Austin, Grimes, Washington and Madison Counties. Moderate to major lowland flooding occurred along rivers and numerous creeks and tributaries. This includes the Brazos at San Felipe, Davison Creek, etc.",CSV
201708,25,2144,201708,25,2152,119753,720466,TEXAS,48,2017,August,Tornado,C,39,BRAZORIA,HGX,25-Aug-17 21:44:00,CST-6,25-Aug-17 21:52:00,0,0,0,0,100.00K,,NWS Storm Survey,,,,,EF0,4.76,50,,,,,1,S,DANBURY,3,E,CHENANGO,29.2216,-95.3505,29.2505,-95.4221,"Harvey made landfall as a category 4 hurricane near Rockport, Texas during the evening of August 25th. The storm then weakened to a tropical storm and slowed,  looping back and tracking over SE Texas then back over the Gulf of Mexico making a second landfall along the Louisiana coast during the early morning hours of August 30th. Over that 5 day period over Southeast Texas TS Harvey produced catastrophic flooding with a large area of 30 to 60 inches of rain, 23 tornadoes, tropical storm force winds and a moderate storm surge near Matagorda Bay.  In some of the heavier bands rain fell at a rate of over 5 inches per hour. This copious record amount of rain over a  led to catastrophic flooding. Thousands of homes, businesses, and roads were flooded due to flash flooding and sheet flow from long duration intense rain. Main stem rivers and adjoining tributaries, creeks and bayous reached full capacity and came out of their banks and this also contributed to the massive flooding across southeastern Texas.",The tornado began in Danbury and damaged a barn along with several trees off of County Road 207. The tornado then crossed Hwy 35 and moved over an open field. The tornado then snapped and/or downed several trees along County Rd 45 before lifting at the Crocodile Encounter on County Rd 48.,CSV
201708,25,2053,201708,25,2053,119753,720467,TEXAS,48,2017,August,Funnel Cloud,C,39,BRAZORIA,HGX,25-Aug-17 20:53:00,CST-6,25-Aug-17 20:53:00,0,0,0,0,0.00K,0.00K,Law Enforcement,,,,,,,,,,,,0,N,OYSTER CREEK,0,N,OYSTER CREEK,29,-95.32,29,-95.32,"Harvey made landfall as a category 4 hurricane near Rockport, Texas during the evening of August 25th. The storm then weakened to a tropical storm and slowed,  looping back and tracking over SE Texas then back over the Gulf of Mexico making a second landfall along the Louisiana coast during the early morning hours of August 30th. Over that 5 day period over Southeast Texas TS Harvey produced catastrophic flooding with a large area of 30 to 60 inches of rain, 23 tornadoes, tropical storm force winds and a moderate storm surge near Matagorda Bay.  In some of the heavier bands rain fell at a rate of over 5 inches per hour. This copious record amount of rain over a  led to catastrophic flooding. Thousands of homes, businesses, and roads were flooded due to flash flooding and sheet flow from long duration intense rain. Main stem rivers and adjoining tributaries, creeks and bayous reached full capacity and came out of their banks and this also contributed to the massive flooding across southeastern Texas.",,CSV
201708,25,1800,201708,26,1500,119859,721355,TEXAS,48,2017,August,Tropical Storm,Z,242,KLEBERG,CRP,25-Aug-17 18:00:00,CST-6,26-Aug-17 15:00:00,0,0,0,0,10.00K,0.00K,Official NWS Observations,,,,,,,,,,,,,,,,,,,,,,"Major Hurricane Harvey impacted the Middle Texas coast on August 25th and 26th. Harvey was the first category 4 hurricane to strike Texas since Hurricane Carla in 1961. Harvey severely affected the cities of Rockport, Fulton, Port Aransas, Aransas Pass, Ingleside, Holiday Beach, and Refugio. Minor to moderate damage occurred in cities of Portland, Corpus Christi, Seadrift, Woodsboro, Port Lavaca, Goliad, and Victoria.||Harvey weakened to a tropical wave as the system moved across the Caribbean Sea and the Yucatan peninsula from August 18th until the 22nd. Harvey formed into a tropical depression over the southern Gulf of Mexico on the morning of August 23rd. Harvey rapidly intensified from a tropical depression to a major hurricane in 40 hours as it moved northwest toward the Texas coast. Harvey continued to intensify as it approached the Middle Texas coast on August 25th and made landfall as a Category 4 hurricane during the evening hours. Harvey was the first major hurricane to make landfall on the Middle Texas coast since Hurricane Celia in August of 1970. ||Hurricane Harvey slowed down after landfall and weakened into a tropical storm on the afternoon of the 26th. Tropical Storm Harvey became nearly stationary west of Cuero from the evening of the 26th through the morning of the 27th. Harvey drifted southeastward across the Victoria Crossroads on the afternoon of the 27th. Harvey then moved into Matagorda Bay during the morning hours of the 28th and back into northwest Gulf of Mexico later that afternoon. Tropical storm conditions persisted near the northern portion of the Middle Texas coast into the early morning hours of the 29th.||Hurricane Harvey moved inland in Aransas County on San Jose Island around 830 PM CDT August 25th. Harvey had a minimum central pressure of 938 millibars and produced a maximum storm surge of 12.5 feet. Maximum sustained winds were estimated at 130 mph (115 knots) with gusts to 160 mph (140 knots).  In South Texas, the maximum recorded rainfall from Hurricane Harvey was 17.08 inches 4 miles northwest of Victoria. Radar estimates were close to 20 inches over eastern portions of Refugio County. The height of the storm tide, referenced to mean higher high water, ranged from 3 to 5 feet on northern Padre Island and around Port O'Connor to a maximum of 12.5 feet in northeast Aransas County in the Aransas National Wildlife Refuge near San Antonio Bay. Storm tide levels in the interior bays were generally from 5 to 8 feet with higher amounts near 10 feet on the south end of Copano Bay, the north end of Aransas Bay, and the north end of Lavaca Bay. ||There were no direct fatalities from Hurricane Harvey on the Middle Texas Coast. There were 2 indirect fatalities in Rockport and 1 near Bloomington. All of the associated affects from Hurricane Harvey in South Texas from August 25th to August 27th resulted in 14 injuries, $4.5 billion in property damage, and around $65 million in crop damage. Specifically in South Texas, Harvey's inland flooding resulted in $5 million in property damage. One tornado near Seadrift resulted in $10 thousand in property damage. The powerful winds resulted in 14 injuries, $4 billion in property damage, and $65 million in crop damage. The storm tide resulted in $530 million in property damage and a number of drowned livestock. Damage estimates to public property and infrastructure was $130 million in South Texas.||Hurricane Harvey blew down or damaged around 550 power transmission structures. American Electric Power (AEP) repaired or replaced around 5000 distribution poles that were blown down or damaged by Harvey. Almost four million total feet of transmission and distribution conductor were replaced, approximately 712 miles. Power was restored to around 200,000 customers within 2 weeks.||In Aransas County, widespread major damage occurred across the county with a few areas having catastrophic damage. Catastrophic damage was located across Copano Village, Holiday Beach, and Lamar with many homes, some elevated, with second stories completely collapsed. Nearly every structure was greatly impacted. A couple of brick homes were destroyed near Copano Village. Catastrophic damage occurred to homes in the Copano Ridge area. Nearly all the trees in the Holiday Beach, Lamar, and Goose Island State Park area were without leaves with many trees snapped or uprooted. Most of Rockport and Fulton experienced widespread major structural damage. Several homes in the Key Allegro subdivision collapsed. Exterior walls collapsed on the high school gymnasium, on several churches, and on several new hotels. Upper floors of several apartment buildings were removed. Mobile homes and recreational vehicles were demolished. Billboard signs were blown down. Numerous power poles were blown down or snapped. Six hangars were demolished at the Aransas County Airport along with many airplanes. The county remained without power for 2 to 3 weeks. A mesonet wind sensor at Aransas County Airport recorded sustained winds around 110 mph with a peak gust to 150 mph. Nearly 1500 homes were destroyed, almost 3800 homes suffered major damage, and 5350 homes suffered minor damage. There were 175 businesses with major damage. Storm surge greatly impacted Holiday Beach and Copano Village. The surge punched holes through walls and garage doors on the lower portions of most homes. The surge floated vehicles, recreational vehicles, and boats well inland. The surge approached and flowed across Egery Island Road and Farm to Market 136 in several locations south of Bayside in extreme western Aransas County. Numerous cattle were killed north of Holiday Beach. A large portion of Rattlesnake Point Road was eroded and washed away heading out to Redfish Lodge on Copano Bay. The pier south of the lodge was completely washed away. Storm surge of 4 to 5 feet was common across the county. The maximum storm surge of 12.5 feet occurred in the Aransas National Wildlife Refuge. There were 356 homes that received major damage from storm surge and there were 1126 homes that received minor damage from storm surge. There were 1200 homes that were affected by storm surge. From NOAA photos, there were 14 cuts formed on the southern end of San Jose Island.||In Nueces County, the most significant damage was in Port Aransas where widespread major damage occurred. There were 4170 homes that received major damage and 1036 homes destroyed. Most homes suffered major roof damage while some homes lost roofs and walls collapsed. There were 457 businesses with major damage and slightly more than 1100 homes with minor damage. Mobile homes and recreational vehicles were demolished. Numerous power poles were blown down or snapped. The roofs were damaged at the elementary, middle, and high schools for Port Aransas leading to water damage in the interior. In Corpus Christi, widespread minor property damage was common due to lost shingles and fences down. Some residences and businesses experienced moderate damage mainly across the northern part of the city. Taller buildings downtown suffered more significant damage and lost signs. A few highway signs were blown down. Minor roof damage was common to residences and business in North Padre Island with some areas with moderate damage. Peak wind gusts measured were around 130 mph in Port Aransas. Storm tides were from 6 to 8 feet in Port Aransas as the storm surge entered from the west from Corpus Christi and Redfish Bays. Numerous boats were damaged or destroyed and pushed out of their moorings onto high ground. A large drill boat broke loose, destroyed a pier, and became grounded along the jetty. Two tugs broke loose near the Gulf Intracoastal Waterway with one becoming grounded and the other sinking. Two ferries were damaged when they were pinned against the loading dock. The storm surge inundated Highway 361 along a 10 miles stretch from near the Mustang Island State Park to Port Aransas with the water several feet deep. A few boats became moored near Packery Channel. The Arnold Palmer designed golf course at Palmilla Beach south of Port Aransas was inundated by storm surge with water covering most of the course. Storm tide of 4 to 6 feet impacted residences and businesses in Padre Island from the Laguna Madre. Storm surge caused major damage to 520 homes and minor damage to 1327 homes. Storm surge affected an additional 2200 homes. The Port of Corpus Christi was shutdown for a record 6 days. Port Aransas Independent School District lost 8 buses due to damage from salt water.||In Calhoun County, minor to moderate property damage was common across the city of Port Lavaca with large areas of siding removed from a few well constructed homes. The tops of grain bins in Port Lavaca were peeled off. Numerous trees were blown down in the community of Seadrift. Many homes experienced minor to moderate roof and property damage. Some poorly constructed homes experienced major roof damage. In Port O'Connor, numerous trees were blown down with three quarters of the community experiencing minor roof damage. A few power poles were blown down. Minor to moderate roof damage occurred at Magnolia Beach, Alamo Beach, and Indianola. Over 2100 homes and 72 businesses received major damage while 421 homes were destroyed. There were 1865 homes with minor damage and 1575 homes affected. There was significant damage to the cotton crop in the county. Hundreds of acres unharvested cotton were ruined in the fields. Harvested cotton in modules and bales were damaged by the wind or blown into water filled ditches. The highest wind speed measured was 82 mph with gusts to 110 mph northwest of Seadrift. Storm tides averaged from 6 to 8 feet across Calhoun County with maximum tide levels around 10 feet recorded on the north end of Lavaca Bay while lower tides from 3 to 5 feet occurred from Port O'Connor to southeast of Seadrift next to Espiritu Santo Bay. In Port Lavaca, water from Chocolate Bay inundated the public boat ramp near Buren Road. The lower half of Buren Road was inundated. The entire marina along Lavaca Bay was strongly impacted with 16 boats declared a total loss with many of them sinking in the marina. Several boats were grounded next to the marina. The Bayfront Peninsula Park was inundated. Areas east of Broadway street were inundated with water reaching across Highway 35 in the area near Lighthouse Beach. Piers at Lighthouse Beach Park and Bayfront Peninsula Park were destroyed. Nearly the entire marina in Seadrift was inundated from storm surge with several boats grounded on the marina parking lot. Most of the wooden docks at the marina and a few wooden piers were destroyed. The storm surge reached Bay Avenue almost reaching the beachfront pavilion. Storm surge entered homes near the Bay Avenue and Orange Street intersection. In Magnolia Beach and Indianola, storm surge flooded nearly all of Magnolia Public Beach and crossed North Ocean Drive in a few spots. A few areas of South Ocean Drive near Indianola were inundated. Several older wooden docks and piers were destroyed. In Port O'Connor, storm surge from Matagorda Bay reached half of the way up Kingfisher Beach toward Park Street. The storm surge caused major damage to 56 homes, minor damage to 322 homes, and affected 446 homes across the county. A thousand foot cut was made through Matagorda Island.||In San Patricio County, the worst damage was confined to the eastern half of the county. Almost 8700 homes were affected by the hurricane. There were 155 homes destroyed, 425 homes with major damage, and slightly more than 3300 homes with minor damage. There were 72 businesses with major damage. The hardest hit areas were Aransas Pass and Ingleside where major damage occurred. Widespread roof damage and tree damage occurred in this area. Numerous large power poles were blown down across the eastern half of the county. The water tower in Aransas Pass was destroyed. Roof damage led to extensive interior damage to the Care Regional Medical Center in Aransas Pass. Power outage was widespread with some areas without power for over a week. There was widespread minor roof damage and fences blown down in Portland along with a few trees blown down. Minor roof damage occurred in Taft and a car wash was destroyed. A couple of grain silos at the Midway Gin near Taft were toppled over. Crop damage to cotton stored in modules occurred in the eastern part of the county. The peak wind recorded was in Aransas Pass with sustained wind speed of 100 mph with gusts to 135 mph at Conn Brown Harbor. Survey from the United States Geologic Survey (USGS) indicated a storm tide of around 4 feet impacted the area from Ingleside On-the-Bay to Aransas Pass. Numerous wooden piers and docks were damaged or destroyed. A couple of boats were damaged in the Conn Brown Harbor in Aransas Pass. Major flooding was experienced in the low part of Aransas Pass adjacent to the levee. One home suffered major damage from storm surge while 40 homes had minor damage. Around 540 homes were affected by storm surge.||In Refugio County, widespread moderate structural damage with pockets of major structural damage occurred in Refugio. Most homes and businesses had roof damage, broken windows, and damaged garage doors. Two motels received significant damage to their roofs. Gas station canopies and many signs were destroyed. A few brick structures experienced moderate damage. Numerous trees and power poles were blown down. Roof damage occurred to several churches, every school building in the district except for the athletic facility. The school gymnasiums and auditorium lost portion of their roofs. Several trailer homes and storage buildings were destroyed. There was widespread tree damage with a few very large trees completely uprooted. Widespread moderate structural damage occurred in Bayside, Austwell, and Tivoli. Numerous trees and power poles were blown down including some high tension power poles. In Woodsboro, widespread minor to moderate damage occurred with a few poorly constructed homes with major damage. The elementary gymnasium and auditorium roofs were blown off. Numerous trees and a few power poles were blown down. The Bayside Richardson Coop Gin near Woodsboro sustained major damage and 30 thousand bales of cotton in storage modules were damaged. A sensor deployed by Texas Tech measured sustained winds of 106 mph with gusts to 125 mph just west of Mission Bay before the sensor was hit by debris. Another sensor showed wind speed of 102 mph with gusts to 129 mph north of the intersection of Highway 35 and Farm to Market Road 774 in eastern Refugio County. Around 440 homes were destroyed, around 1050 homes experienced major damage, and 66 businesses suffered major damage. Around 750 homes had minor damage with another 310 homes affected. Storm tide varied across the bay areas of the county. The higher storm tides affected the northeast part of the county as the storm surge pushed in from San Antonio Bay. Storm surge reached 10 feet east of Tivoli near the mouth of the Guadalupe River. Storm tides were lower on the west side of Copano Bay with storm surge only reaching 3 to 4 feet. Water covered Farm to Market Road 136 near the Copano Bay Bridge. Only 2 homes were affected by storm surge in the county.||In Goliad County, widespread minor roof damage occurred in the city of Goliad. Numerous trees and a few power poles were blown down across the county. The roof of the old high school gymnasium was peeled off. A hole was punched in the roof of the new wing of the school. Some class rooms along with the weight room and dressing room suffered water damage. Three families were displaced from homes when roofs and walls collapsed. There was some minor structural damage to some homes in Goliad. Several barns were blown down throughout the county. Some livestock were injured.||In Victoria County, Widespread minor to moderate roof damage occurred in the city of Bloomington. Several mobile homes were destroyed. All but three facilities within the Bloomington school district suffered wind and water damage. Widespread minor roof damage occurred in the city of Victoria. Several trees and a few power poles were blown down. Fences and street signs were blown down across the city. The maximum wind gust recorded in Victoria was 85 mph. Maximum wind gusts in the southern part of the county were around 110 mph. Twenty seven homes were destroyed. Around 75 percent of residential and commercial properties in the county were damaged.   Hundreds of acres of unharvested cotton were damaged in the field. Harvested cotton in modules and bales were damaged also. A few barns and storage buildings were blown down across the county.",Tropical storm force winds occurred across Kleberg County associated with Hurricane Harvey. Only some minor damage to fences and signs were noted across the county. Wind gusts near hurricane force occurred in the extreme northeast part of the county on north Padre Island.,CSV
201708,25,1800,201708,26,1200,119859,721356,TEXAS,48,2017,August,Tropical Storm,Z,241,JIM WELLS,CRP,25-Aug-17 18:00:00,CST-6,26-Aug-17 12:00:00,0,0,0,0,1.00K,0.00K,Official NWS Observations,,,,,,,,,,,,,,,,,,,,,,"Major Hurricane Harvey impacted the Middle Texas coast on August 25th and 26th. Harvey was the first category 4 hurricane to strike Texas since Hurricane Carla in 1961. Harvey severely affected the cities of Rockport, Fulton, Port Aransas, Aransas Pass, Ingleside, Holiday Beach, and Refugio. Minor to moderate damage occurred in cities of Portland, Corpus Christi, Seadrift, Woodsboro, Port Lavaca, Goliad, and Victoria.||Harvey weakened to a tropical wave as the system moved across the Caribbean Sea and the Yucatan peninsula from August 18th until the 22nd. Harvey formed into a tropical depression over the southern Gulf of Mexico on the morning of August 23rd. Harvey rapidly intensified from a tropical depression to a major hurricane in 40 hours as it moved northwest toward the Texas coast. Harvey continued to intensify as it approached the Middle Texas coast on August 25th and made landfall as a Category 4 hurricane during the evening hours. Harvey was the first major hurricane to make landfall on the Middle Texas coast since Hurricane Celia in August of 1970. ||Hurricane Harvey slowed down after landfall and weakened into a tropical storm on the afternoon of the 26th. Tropical Storm Harvey became nearly stationary west of Cuero from the evening of the 26th through the morning of the 27th. Harvey drifted southeastward across the Victoria Crossroads on the afternoon of the 27th. Harvey then moved into Matagorda Bay during the morning hours of the 28th and back into northwest Gulf of Mexico later that afternoon. Tropical storm conditions persisted near the northern portion of the Middle Texas coast into the early morning hours of the 29th.||Hurricane Harvey moved inland in Aransas County on San Jose Island around 830 PM CDT August 25th. Harvey had a minimum central pressure of 938 millibars and produced a maximum storm surge of 12.5 feet. Maximum sustained winds were estimated at 130 mph (115 knots) with gusts to 160 mph (140 knots).  In South Texas, the maximum recorded rainfall from Hurricane Harvey was 17.08 inches 4 miles northwest of Victoria. Radar estimates were close to 20 inches over eastern portions of Refugio County. The height of the storm tide, referenced to mean higher high water, ranged from 3 to 5 feet on northern Padre Island and around Port O'Connor to a maximum of 12.5 feet in northeast Aransas County in the Aransas National Wildlife Refuge near San Antonio Bay. Storm tide levels in the interior bays were generally from 5 to 8 feet with higher amounts near 10 feet on the south end of Copano Bay, the north end of Aransas Bay, and the north end of Lavaca Bay. ||There were no direct fatalities from Hurricane Harvey on the Middle Texas Coast. There were 2 indirect fatalities in Rockport and 1 near Bloomington. All of the associated affects from Hurricane Harvey in South Texas from August 25th to August 27th resulted in 14 injuries, $4.5 billion in property damage, and around $65 million in crop damage. Specifically in South Texas, Harvey's inland flooding resulted in $5 million in property damage. One tornado near Seadrift resulted in $10 thousand in property damage. The powerful winds resulted in 14 injuries, $4 billion in property damage, and $65 million in crop damage. The storm tide resulted in $530 million in property damage and a number of drowned livestock. Damage estimates to public property and infrastructure was $130 million in South Texas.||Hurricane Harvey blew down or damaged around 550 power transmission structures. American Electric Power (AEP) repaired or replaced around 5000 distribution poles that were blown down or damaged by Harvey. Almost four million total feet of transmission and distribution conductor were replaced, approximately 712 miles. Power was restored to around 200,000 customers within 2 weeks.||In Aransas County, widespread major damage occurred across the county with a few areas having catastrophic damage. Catastrophic damage was located across Copano Village, Holiday Beach, and Lamar with many homes, some elevated, with second stories completely collapsed. Nearly every structure was greatly impacted. A couple of brick homes were destroyed near Copano Village. Catastrophic damage occurred to homes in the Copano Ridge area. Nearly all the trees in the Holiday Beach, Lamar, and Goose Island State Park area were without leaves with many trees snapped or uprooted. Most of Rockport and Fulton experienced widespread major structural damage. Several homes in the Key Allegro subdivision collapsed. Exterior walls collapsed on the high school gymnasium, on several churches, and on several new hotels. Upper floors of several apartment buildings were removed. Mobile homes and recreational vehicles were demolished. Billboard signs were blown down. Numerous power poles were blown down or snapped. Six hangars were demolished at the Aransas County Airport along with many airplanes. The county remained without power for 2 to 3 weeks. A mesonet wind sensor at Aransas County Airport recorded sustained winds around 110 mph with a peak gust to 150 mph. Nearly 1500 homes were destroyed, almost 3800 homes suffered major damage, and 5350 homes suffered minor damage. There were 175 businesses with major damage. Storm surge greatly impacted Holiday Beach and Copano Village. The surge punched holes through walls and garage doors on the lower portions of most homes. The surge floated vehicles, recreational vehicles, and boats well inland. The surge approached and flowed across Egery Island Road and Farm to Market 136 in several locations south of Bayside in extreme western Aransas County. Numerous cattle were killed north of Holiday Beach. A large portion of Rattlesnake Point Road was eroded and washed away heading out to Redfish Lodge on Copano Bay. The pier south of the lodge was completely washed away. Storm surge of 4 to 5 feet was common across the county. The maximum storm surge of 12.5 feet occurred in the Aransas National Wildlife Refuge. There were 356 homes that received major damage from storm surge and there were 1126 homes that received minor damage from storm surge. There were 1200 homes that were affected by storm surge. From NOAA photos, there were 14 cuts formed on the southern end of San Jose Island.||In Nueces County, the most significant damage was in Port Aransas where widespread major damage occurred. There were 4170 homes that received major damage and 1036 homes destroyed. Most homes suffered major roof damage while some homes lost roofs and walls collapsed. There were 457 businesses with major damage and slightly more than 1100 homes with minor damage. Mobile homes and recreational vehicles were demolished. Numerous power poles were blown down or snapped. The roofs were damaged at the elementary, middle, and high schools for Port Aransas leading to water damage in the interior. In Corpus Christi, widespread minor property damage was common due to lost shingles and fences down. Some residences and businesses experienced moderate damage mainly across the northern part of the city. Taller buildings downtown suffered more significant damage and lost signs. A few highway signs were blown down. Minor roof damage was common to residences and business in North Padre Island with some areas with moderate damage. Peak wind gusts measured were around 130 mph in Port Aransas. Storm tides were from 6 to 8 feet in Port Aransas as the storm surge entered from the west from Corpus Christi and Redfish Bays. Numerous boats were damaged or destroyed and pushed out of their moorings onto high ground. A large drill boat broke loose, destroyed a pier, and became grounded along the jetty. Two tugs broke loose near the Gulf Intracoastal Waterway with one becoming grounded and the other sinking. Two ferries were damaged when they were pinned against the loading dock. The storm surge inundated Highway 361 along a 10 miles stretch from near the Mustang Island State Park to Port Aransas with the water several feet deep. A few boats became moored near Packery Channel. The Arnold Palmer designed golf course at Palmilla Beach south of Port Aransas was inundated by storm surge with water covering most of the course. Storm tide of 4 to 6 feet impacted residences and businesses in Padre Island from the Laguna Madre. Storm surge caused major damage to 520 homes and minor damage to 1327 homes. Storm surge affected an additional 2200 homes. The Port of Corpus Christi was shutdown for a record 6 days. Port Aransas Independent School District lost 8 buses due to damage from salt water.||In Calhoun County, minor to moderate property damage was common across the city of Port Lavaca with large areas of siding removed from a few well constructed homes. The tops of grain bins in Port Lavaca were peeled off. Numerous trees were blown down in the community of Seadrift. Many homes experienced minor to moderate roof and property damage. Some poorly constructed homes experienced major roof damage. In Port O'Connor, numerous trees were blown down with three quarters of the community experiencing minor roof damage. A few power poles were blown down. Minor to moderate roof damage occurred at Magnolia Beach, Alamo Beach, and Indianola. Over 2100 homes and 72 businesses received major damage while 421 homes were destroyed. There were 1865 homes with minor damage and 1575 homes affected. There was significant damage to the cotton crop in the county. Hundreds of acres unharvested cotton were ruined in the fields. Harvested cotton in modules and bales were damaged by the wind or blown into water filled ditches. The highest wind speed measured was 82 mph with gusts to 110 mph northwest of Seadrift. Storm tides averaged from 6 to 8 feet across Calhoun County with maximum tide levels around 10 feet recorded on the north end of Lavaca Bay while lower tides from 3 to 5 feet occurred from Port O'Connor to southeast of Seadrift next to Espiritu Santo Bay. In Port Lavaca, water from Chocolate Bay inundated the public boat ramp near Buren Road. The lower half of Buren Road was inundated. The entire marina along Lavaca Bay was strongly impacted with 16 boats declared a total loss with many of them sinking in the marina. Several boats were grounded next to the marina. The Bayfront Peninsula Park was inundated. Areas east of Broadway street were inundated with water reaching across Highway 35 in the area near Lighthouse Beach. Piers at Lighthouse Beach Park and Bayfront Peninsula Park were destroyed. Nearly the entire marina in Seadrift was inundated from storm surge with several boats grounded on the marina parking lot. Most of the wooden docks at the marina and a few wooden piers were destroyed. The storm surge reached Bay Avenue almost reaching the beachfront pavilion. Storm surge entered homes near the Bay Avenue and Orange Street intersection. In Magnolia Beach and Indianola, storm surge flooded nearly all of Magnolia Public Beach and crossed North Ocean Drive in a few spots. A few areas of South Ocean Drive near Indianola were inundated. Several older wooden docks and piers were destroyed. In Port O'Connor, storm surge from Matagorda Bay reached half of the way up Kingfisher Beach toward Park Street. The storm surge caused major damage to 56 homes, minor damage to 322 homes, and affected 446 homes across the county. A thousand foot cut was made through Matagorda Island.||In San Patricio County, the worst damage was confined to the eastern half of the county. Almost 8700 homes were affected by the hurricane. There were 155 homes destroyed, 425 homes with major damage, and slightly more than 3300 homes with minor damage. There were 72 businesses with major damage. The hardest hit areas were Aransas Pass and Ingleside where major damage occurred. Widespread roof damage and tree damage occurred in this area. Numerous large power poles were blown down across the eastern half of the county. The water tower in Aransas Pass was destroyed. Roof damage led to extensive interior damage to the Care Regional Medical Center in Aransas Pass. Power outage was widespread with some areas without power for over a week. There was widespread minor roof damage and fences blown down in Portland along with a few trees blown down. Minor roof damage occurred in Taft and a car wash was destroyed. A couple of grain silos at the Midway Gin near Taft were toppled over. Crop damage to cotton stored in modules occurred in the eastern part of the county. The peak wind recorded was in Aransas Pass with sustained wind speed of 100 mph with gusts to 135 mph at Conn Brown Harbor. Survey from the United States Geologic Survey (USGS) indicated a storm tide of around 4 feet impacted the area from Ingleside On-the-Bay to Aransas Pass. Numerous wooden piers and docks were damaged or destroyed. A couple of boats were damaged in the Conn Brown Harbor in Aransas Pass. Major flooding was experienced in the low part of Aransas Pass adjacent to the levee. One home suffered major damage from storm surge while 40 homes had minor damage. Around 540 homes were affected by storm surge.||In Refugio County, widespread moderate structural damage with pockets of major structural damage occurred in Refugio. Most homes and businesses had roof damage, broken windows, and damaged garage doors. Two motels received significant damage to their roofs. Gas station canopies and many signs were destroyed. A few brick structures experienced moderate damage. Numerous trees and power poles were blown down. Roof damage occurred to several churches, every school building in the district except for the athletic facility. The school gymnasiums and auditorium lost portion of their roofs. Several trailer homes and storage buildings were destroyed. There was widespread tree damage with a few very large trees completely uprooted. Widespread moderate structural damage occurred in Bayside, Austwell, and Tivoli. Numerous trees and power poles were blown down including some high tension power poles. In Woodsboro, widespread minor to moderate damage occurred with a few poorly constructed homes with major damage. The elementary gymnasium and auditorium roofs were blown off. Numerous trees and a few power poles were blown down. The Bayside Richardson Coop Gin near Woodsboro sustained major damage and 30 thousand bales of cotton in storage modules were damaged. A sensor deployed by Texas Tech measured sustained winds of 106 mph with gusts to 125 mph just west of Mission Bay before the sensor was hit by debris. Another sensor showed wind speed of 102 mph with gusts to 129 mph north of the intersection of Highway 35 and Farm to Market Road 774 in eastern Refugio County. Around 440 homes were destroyed, around 1050 homes experienced major damage, and 66 businesses suffered major damage. Around 750 homes had minor damage with another 310 homes affected. Storm tide varied across the bay areas of the county. The higher storm tides affected the northeast part of the county as the storm surge pushed in from San Antonio Bay. Storm surge reached 10 feet east of Tivoli near the mouth of the Guadalupe River. Storm tides were lower on the west side of Copano Bay with storm surge only reaching 3 to 4 feet. Water covered Farm to Market Road 136 near the Copano Bay Bridge. Only 2 homes were affected by storm surge in the county.||In Goliad County, widespread minor roof damage occurred in the city of Goliad. Numerous trees and a few power poles were blown down across the county. The roof of the old high school gymnasium was peeled off. A hole was punched in the roof of the new wing of the school. Some class rooms along with the weight room and dressing room suffered water damage. Three families were displaced from homes when roofs and walls collapsed. There was some minor structural damage to some homes in Goliad. Several barns were blown down throughout the county. Some livestock were injured.||In Victoria County, Widespread minor to moderate roof damage occurred in the city of Bloomington. Several mobile homes were destroyed. All but three facilities within the Bloomington school district suffered wind and water damage. Widespread minor roof damage occurred in the city of Victoria. Several trees and a few power poles were blown down. Fences and street signs were blown down across the city. The maximum wind gust recorded in Victoria was 85 mph. Maximum wind gusts in the southern part of the county were around 110 mph. Twenty seven homes were destroyed. Around 75 percent of residential and commercial properties in the county were damaged.   Hundreds of acres of unharvested cotton were damaged in the field. Harvested cotton in modules and bales were damaged also. A few barns and storage buildings were blown down across the county.",Tropical storm force winds occurred across Jim Wells County associated with Hurricane Harvey. Only some minor damage to fences and signs were noted across the county.,CSV
201708,25,2100,201708,26,1800,119859,721357,TEXAS,48,2017,August,Tropical Storm,Z,231,LIVE OAK,CRP,25-Aug-17 21:00:00,CST-6,26-Aug-17 18:00:00,0,0,0,0,10.00K,0.00K,Official NWS Observations,,,,,,,,,,,,,,,,,,,,,,"Major Hurricane Harvey impacted the Middle Texas coast on August 25th and 26th. Harvey was the first category 4 hurricane to strike Texas since Hurricane Carla in 1961. Harvey severely affected the cities of Rockport, Fulton, Port Aransas, Aransas Pass, Ingleside, Holiday Beach, and Refugio. Minor to moderate damage occurred in cities of Portland, Corpus Christi, Seadrift, Woodsboro, Port Lavaca, Goliad, and Victoria.||Harvey weakened to a tropical wave as the system moved across the Caribbean Sea and the Yucatan peninsula from August 18th until the 22nd. Harvey formed into a tropical depression over the southern Gulf of Mexico on the morning of August 23rd. Harvey rapidly intensified from a tropical depression to a major hurricane in 40 hours as it moved northwest toward the Texas coast. Harvey continued to intensify as it approached the Middle Texas coast on August 25th and made landfall as a Category 4 hurricane during the evening hours. Harvey was the first major hurricane to make landfall on the Middle Texas coast since Hurricane Celia in August of 1970. ||Hurricane Harvey slowed down after landfall and weakened into a tropical storm on the afternoon of the 26th. Tropical Storm Harvey became nearly stationary west of Cuero from the evening of the 26th through the morning of the 27th. Harvey drifted southeastward across the Victoria Crossroads on the afternoon of the 27th. Harvey then moved into Matagorda Bay during the morning hours of the 28th and back into northwest Gulf of Mexico later that afternoon. Tropical storm conditions persisted near the northern portion of the Middle Texas coast into the early morning hours of the 29th.||Hurricane Harvey moved inland in Aransas County on San Jose Island around 830 PM CDT August 25th. Harvey had a minimum central pressure of 938 millibars and produced a maximum storm surge of 12.5 feet. Maximum sustained winds were estimated at 130 mph (115 knots) with gusts to 160 mph (140 knots).  In South Texas, the maximum recorded rainfall from Hurricane Harvey was 17.08 inches 4 miles northwest of Victoria. Radar estimates were close to 20 inches over eastern portions of Refugio County. The height of the storm tide, referenced to mean higher high water, ranged from 3 to 5 feet on northern Padre Island and around Port O'Connor to a maximum of 12.5 feet in northeast Aransas County in the Aransas National Wildlife Refuge near San Antonio Bay. Storm tide levels in the interior bays were generally from 5 to 8 feet with higher amounts near 10 feet on the south end of Copano Bay, the north end of Aransas Bay, and the north end of Lavaca Bay. ||There were no direct fatalities from Hurricane Harvey on the Middle Texas Coast. There were 2 indirect fatalities in Rockport and 1 near Bloomington. All of the associated affects from Hurricane Harvey in South Texas from August 25th to August 27th resulted in 14 injuries, $4.5 billion in property damage, and around $65 million in crop damage. Specifically in South Texas, Harvey's inland flooding resulted in $5 million in property damage. One tornado near Seadrift resulted in $10 thousand in property damage. The powerful winds resulted in 14 injuries, $4 billion in property damage, and $65 million in crop damage. The storm tide resulted in $530 million in property damage and a number of drowned livestock. Damage estimates to public property and infrastructure was $130 million in South Texas.||Hurricane Harvey blew down or damaged around 550 power transmission structures. American Electric Power (AEP) repaired or replaced around 5000 distribution poles that were blown down or damaged by Harvey. Almost four million total feet of transmission and distribution conductor were replaced, approximately 712 miles. Power was restored to around 200,000 customers within 2 weeks.||In Aransas County, widespread major damage occurred across the county with a few areas having catastrophic damage. Catastrophic damage was located across Copano Village, Holiday Beach, and Lamar with many homes, some elevated, with second stories completely collapsed. Nearly every structure was greatly impacted. A couple of brick homes were destroyed near Copano Village. Catastrophic damage occurred to homes in the Copano Ridge area. Nearly all the trees in the Holiday Beach, Lamar, and Goose Island State Park area were without leaves with many trees snapped or uprooted. Most of Rockport and Fulton experienced widespread major structural damage. Several homes in the Key Allegro subdivision collapsed. Exterior walls collapsed on the high school gymnasium, on several churches, and on several new hotels. Upper floors of several apartment buildings were removed. Mobile homes and recreational vehicles were demolished. Billboard signs were blown down. Numerous power poles were blown down or snapped. Six hangars were demolished at the Aransas County Airport along with many airplanes. The county remained without power for 2 to 3 weeks. A mesonet wind sensor at Aransas County Airport recorded sustained winds around 110 mph with a peak gust to 150 mph. Nearly 1500 homes were destroyed, almost 3800 homes suffered major damage, and 5350 homes suffered minor damage. There were 175 businesses with major damage. Storm surge greatly impacted Holiday Beach and Copano Village. The surge punched holes through walls and garage doors on the lower portions of most homes. The surge floated vehicles, recreational vehicles, and boats well inland. The surge approached and flowed across Egery Island Road and Farm to Market 136 in several locations south of Bayside in extreme western Aransas County. Numerous cattle were killed north of Holiday Beach. A large portion of Rattlesnake Point Road was eroded and washed away heading out to Redfish Lodge on Copano Bay. The pier south of the lodge was completely washed away. Storm surge of 4 to 5 feet was common across the county. The maximum storm surge of 12.5 feet occurred in the Aransas National Wildlife Refuge. There were 356 homes that received major damage from storm surge and there were 1126 homes that received minor damage from storm surge. There were 1200 homes that were affected by storm surge. From NOAA photos, there were 14 cuts formed on the southern end of San Jose Island.||In Nueces County, the most significant damage was in Port Aransas where widespread major damage occurred. There were 4170 homes that received major damage and 1036 homes destroyed. Most homes suffered major roof damage while some homes lost roofs and walls collapsed. There were 457 businesses with major damage and slightly more than 1100 homes with minor damage. Mobile homes and recreational vehicles were demolished. Numerous power poles were blown down or snapped. The roofs were damaged at the elementary, middle, and high schools for Port Aransas leading to water damage in the interior. In Corpus Christi, widespread minor property damage was common due to lost shingles and fences down. Some residences and businesses experienced moderate damage mainly across the northern part of the city. Taller buildings downtown suffered more significant damage and lost signs. A few highway signs were blown down. Minor roof damage was common to residences and business in North Padre Island with some areas with moderate damage. Peak wind gusts measured were around 130 mph in Port Aransas. Storm tides were from 6 to 8 feet in Port Aransas as the storm surge entered from the west from Corpus Christi and Redfish Bays. Numerous boats were damaged or destroyed and pushed out of their moorings onto high ground. A large drill boat broke loose, destroyed a pier, and became grounded along the jetty. Two tugs broke loose near the Gulf Intracoastal Waterway with one becoming grounded and the other sinking. Two ferries were damaged when they were pinned against the loading dock. The storm surge inundated Highway 361 along a 10 miles stretch from near the Mustang Island State Park to Port Aransas with the water several feet deep. A few boats became moored near Packery Channel. The Arnold Palmer designed golf course at Palmilla Beach south of Port Aransas was inundated by storm surge with water covering most of the course. Storm tide of 4 to 6 feet impacted residences and businesses in Padre Island from the Laguna Madre. Storm surge caused major damage to 520 homes and minor damage to 1327 homes. Storm surge affected an additional 2200 homes. The Port of Corpus Christi was shutdown for a record 6 days. Port Aransas Independent School District lost 8 buses due to damage from salt water.||In Calhoun County, minor to moderate property damage was common across the city of Port Lavaca with large areas of siding removed from a few well constructed homes. The tops of grain bins in Port Lavaca were peeled off. Numerous trees were blown down in the community of Seadrift. Many homes experienced minor to moderate roof and property damage. Some poorly constructed homes experienced major roof damage. In Port O'Connor, numerous trees were blown down with three quarters of the community experiencing minor roof damage. A few power poles were blown down. Minor to moderate roof damage occurred at Magnolia Beach, Alamo Beach, and Indianola. Over 2100 homes and 72 businesses received major damage while 421 homes were destroyed. There were 1865 homes with minor damage and 1575 homes affected. There was significant damage to the cotton crop in the county. Hundreds of acres unharvested cotton were ruined in the fields. Harvested cotton in modules and bales were damaged by the wind or blown into water filled ditches. The highest wind speed measured was 82 mph with gusts to 110 mph northwest of Seadrift. Storm tides averaged from 6 to 8 feet across Calhoun County with maximum tide levels around 10 feet recorded on the north end of Lavaca Bay while lower tides from 3 to 5 feet occurred from Port O'Connor to southeast of Seadrift next to Espiritu Santo Bay. In Port Lavaca, water from Chocolate Bay inundated the public boat ramp near Buren Road. The lower half of Buren Road was inundated. The entire marina along Lavaca Bay was strongly impacted with 16 boats declared a total loss with many of them sinking in the marina. Several boats were grounded next to the marina. The Bayfront Peninsula Park was inundated. Areas east of Broadway street were inundated with water reaching across Highway 35 in the area near Lighthouse Beach. Piers at Lighthouse Beach Park and Bayfront Peninsula Park were destroyed. Nearly the entire marina in Seadrift was inundated from storm surge with several boats grounded on the marina parking lot. Most of the wooden docks at the marina and a few wooden piers were destroyed. The storm surge reached Bay Avenue almost reaching the beachfront pavilion. Storm surge entered homes near the Bay Avenue and Orange Street intersection. In Magnolia Beach and Indianola, storm surge flooded nearly all of Magnolia Public Beach and crossed North Ocean Drive in a few spots. A few areas of South Ocean Drive near Indianola were inundated. Several older wooden docks and piers were destroyed. In Port O'Connor, storm surge from Matagorda Bay reached half of the way up Kingfisher Beach toward Park Street. The storm surge caused major damage to 56 homes, minor damage to 322 homes, and affected 446 homes across the county. A thousand foot cut was made through Matagorda Island.||In San Patricio County, the worst damage was confined to the eastern half of the county. Almost 8700 homes were affected by the hurricane. There were 155 homes destroyed, 425 homes with major damage, and slightly more than 3300 homes with minor damage. There were 72 businesses with major damage. The hardest hit areas were Aransas Pass and Ingleside where major damage occurred. Widespread roof damage and tree damage occurred in this area. Numerous large power poles were blown down across the eastern half of the county. The water tower in Aransas Pass was destroyed. Roof damage led to extensive interior damage to the Care Regional Medical Center in Aransas Pass. Power outage was widespread with some areas without power for over a week. There was widespread minor roof damage and fences blown down in Portland along with a few trees blown down. Minor roof damage occurred in Taft and a car wash was destroyed. A couple of grain silos at the Midway Gin near Taft were toppled over. Crop damage to cotton stored in modules occurred in the eastern part of the county. The peak wind recorded was in Aransas Pass with sustained wind speed of 100 mph with gusts to 135 mph at Conn Brown Harbor. Survey from the United States Geologic Survey (USGS) indicated a storm tide of around 4 feet impacted the area from Ingleside On-the-Bay to Aransas Pass. Numerous wooden piers and docks were damaged or destroyed. A couple of boats were damaged in the Conn Brown Harbor in Aransas Pass. Major flooding was experienced in the low part of Aransas Pass adjacent to the levee. One home suffered major damage from storm surge while 40 homes had minor damage. Around 540 homes were affected by storm surge.||In Refugio County, widespread moderate structural damage with pockets of major structural damage occurred in Refugio. Most homes and businesses had roof damage, broken windows, and damaged garage doors. Two motels received significant damage to their roofs. Gas station canopies and many signs were destroyed. A few brick structures experienced moderate damage. Numerous trees and power poles were blown down. Roof damage occurred to several churches, every school building in the district except for the athletic facility. The school gymnasiums and auditorium lost portion of their roofs. Several trailer homes and storage buildings were destroyed. There was widespread tree damage with a few very large trees completely uprooted. Widespread moderate structural damage occurred in Bayside, Austwell, and Tivoli. Numerous trees and power poles were blown down including some high tension power poles. In Woodsboro, widespread minor to moderate damage occurred with a few poorly constructed homes with major damage. The elementary gymnasium and auditorium roofs were blown off. Numerous trees and a few power poles were blown down. The Bayside Richardson Coop Gin near Woodsboro sustained major damage and 30 thousand bales of cotton in storage modules were damaged. A sensor deployed by Texas Tech measured sustained winds of 106 mph with gusts to 125 mph just west of Mission Bay before the sensor was hit by debris. Another sensor showed wind speed of 102 mph with gusts to 129 mph north of the intersection of Highway 35 and Farm to Market Road 774 in eastern Refugio County. Around 440 homes were destroyed, around 1050 homes experienced major damage, and 66 businesses suffered major damage. Around 750 homes had minor damage with another 310 homes affected. Storm tide varied across the bay areas of the county. The higher storm tides affected the northeast part of the county as the storm surge pushed in from San Antonio Bay. Storm surge reached 10 feet east of Tivoli near the mouth of the Guadalupe River. Storm tides were lower on the west side of Copano Bay with storm surge only reaching 3 to 4 feet. Water covered Farm to Market Road 136 near the Copano Bay Bridge. Only 2 homes were affected by storm surge in the county.||In Goliad County, widespread minor roof damage occurred in the city of Goliad. Numerous trees and a few power poles were blown down across the county. The roof of the old high school gymnasium was peeled off. A hole was punched in the roof of the new wing of the school. Some class rooms along with the weight room and dressing room suffered water damage. Three families were displaced from homes when roofs and walls collapsed. There was some minor structural damage to some homes in Goliad. Several barns were blown down throughout the county. Some livestock were injured.||In Victoria County, Widespread minor to moderate roof damage occurred in the city of Bloomington. Several mobile homes were destroyed. All but three facilities within the Bloomington school district suffered wind and water damage. Widespread minor roof damage occurred in the city of Victoria. Several trees and a few power poles were blown down. Fences and street signs were blown down across the city. The maximum wind gust recorded in Victoria was 85 mph. Maximum wind gusts in the southern part of the county were around 110 mph. Twenty seven homes were destroyed. Around 75 percent of residential and commercial properties in the county were damaged.   Hundreds of acres of unharvested cotton were damaged in the field. Harvested cotton in modules and bales were damaged also. A few barns and storage buildings were blown down across the county.",Tropical storm force winds occurred across Live Oak County associated with Hurricane Harvey. Only some minor damage to fences and signs were noted mainly in the communities around Lake Corpus Christi.,CSV
201708,25,1514,201708,25,1515,119859,721358,TEXAS,48,2017,August,Tornado,C,57,CALHOUN,CRP,25-Aug-17 15:14:00,CST-6,25-Aug-17 15:15:00,0,0,0,0,10.00K,0.00K,Public,,,,,EF0,0.16,20,,,,,3,E,SEADRIFT,3,E,SEADRIFT,28.4239,-96.6671,28.4229,-96.6696,"Major Hurricane Harvey impacted the Middle Texas coast on August 25th and 26th. Harvey was the first category 4 hurricane to strike Texas since Hurricane Carla in 1961. Harvey severely affected the cities of Rockport, Fulton, Port Aransas, Aransas Pass, Ingleside, Holiday Beach, and Refugio. Minor to moderate damage occurred in cities of Portland, Corpus Christi, Seadrift, Woodsboro, Port Lavaca, Goliad, and Victoria.||Harvey weakened to a tropical wave as the system moved across the Caribbean Sea and the Yucatan peninsula from August 18th until the 22nd. Harvey formed into a tropical depression over the southern Gulf of Mexico on the morning of August 23rd. Harvey rapidly intensified from a tropical depression to a major hurricane in 40 hours as it moved northwest toward the Texas coast. Harvey continued to intensify as it approached the Middle Texas coast on August 25th and made landfall as a Category 4 hurricane during the evening hours. Harvey was the first major hurricane to make landfall on the Middle Texas coast since Hurricane Celia in August of 1970. ||Hurricane Harvey slowed down after landfall and weakened into a tropical storm on the afternoon of the 26th. Tropical Storm Harvey became nearly stationary west of Cuero from the evening of the 26th through the morning of the 27th. Harvey drifted southeastward across the Victoria Crossroads on the afternoon of the 27th. Harvey then moved into Matagorda Bay during the morning hours of the 28th and back into northwest Gulf of Mexico later that afternoon. Tropical storm conditions persisted near the northern portion of the Middle Texas coast into the early morning hours of the 29th.||Hurricane Harvey moved inland in Aransas County on San Jose Island around 830 PM CDT August 25th. Harvey had a minimum central pressure of 938 millibars and produced a maximum storm surge of 12.5 feet. Maximum sustained winds were estimated at 130 mph (115 knots) with gusts to 160 mph (140 knots).  In South Texas, the maximum recorded rainfall from Hurricane Harvey was 17.08 inches 4 miles northwest of Victoria. Radar estimates were close to 20 inches over eastern portions of Refugio County. The height of the storm tide, referenced to mean higher high water, ranged from 3 to 5 feet on northern Padre Island and around Port O'Connor to a maximum of 12.5 feet in northeast Aransas County in the Aransas National Wildlife Refuge near San Antonio Bay. Storm tide levels in the interior bays were generally from 5 to 8 feet with higher amounts near 10 feet on the south end of Copano Bay, the north end of Aransas Bay, and the north end of Lavaca Bay. ||There were no direct fatalities from Hurricane Harvey on the Middle Texas Coast. There were 2 indirect fatalities in Rockport and 1 near Bloomington. All of the associated affects from Hurricane Harvey in South Texas from August 25th to August 27th resulted in 14 injuries, $4.5 billion in property damage, and around $65 million in crop damage. Specifically in South Texas, Harvey's inland flooding resulted in $5 million in property damage. One tornado near Seadrift resulted in $10 thousand in property damage. The powerful winds resulted in 14 injuries, $4 billion in property damage, and $65 million in crop damage. The storm tide resulted in $530 million in property damage and a number of drowned livestock. Damage estimates to public property and infrastructure was $130 million in South Texas.||Hurricane Harvey blew down or damaged around 550 power transmission structures. American Electric Power (AEP) repaired or replaced around 5000 distribution poles that were blown down or damaged by Harvey. Almost four million total feet of transmission and distribution conductor were replaced, approximately 712 miles. Power was restored to around 200,000 customers within 2 weeks.||In Aransas County, widespread major damage occurred across the county with a few areas having catastrophic damage. Catastrophic damage was located across Copano Village, Holiday Beach, and Lamar with many homes, some elevated, with second stories completely collapsed. Nearly every structure was greatly impacted. A couple of brick homes were destroyed near Copano Village. Catastrophic damage occurred to homes in the Copano Ridge area. Nearly all the trees in the Holiday Beach, Lamar, and Goose Island State Park area were without leaves with many trees snapped or uprooted. Most of Rockport and Fulton experienced widespread major structural damage. Several homes in the Key Allegro subdivision collapsed. Exterior walls collapsed on the high school gymnasium, on several churches, and on several new hotels. Upper floors of several apartment buildings were removed. Mobile homes and recreational vehicles were demolished. Billboard signs were blown down. Numerous power poles were blown down or snapped. Six hangars were demolished at the Aransas County Airport along with many airplanes. The county remained without power for 2 to 3 weeks. A mesonet wind sensor at Aransas County Airport recorded sustained winds around 110 mph with a peak gust to 150 mph. Nearly 1500 homes were destroyed, almost 3800 homes suffered major damage, and 5350 homes suffered minor damage. There were 175 businesses with major damage. Storm surge greatly impacted Holiday Beach and Copano Village. The surge punched holes through walls and garage doors on the lower portions of most homes. The surge floated vehicles, recreational vehicles, and boats well inland. The surge approached and flowed across Egery Island Road and Farm to Market 136 in several locations south of Bayside in extreme western Aransas County. Numerous cattle were killed north of Holiday Beach. A large portion of Rattlesnake Point Road was eroded and washed away heading out to Redfish Lodge on Copano Bay. The pier south of the lodge was completely washed away. Storm surge of 4 to 5 feet was common across the county. The maximum storm surge of 12.5 feet occurred in the Aransas National Wildlife Refuge. There were 356 homes that received major damage from storm surge and there were 1126 homes that received minor damage from storm surge. There were 1200 homes that were affected by storm surge. From NOAA photos, there were 14 cuts formed on the southern end of San Jose Island.||In Nueces County, the most significant damage was in Port Aransas where widespread major damage occurred. There were 4170 homes that received major damage and 1036 homes destroyed. Most homes suffered major roof damage while some homes lost roofs and walls collapsed. There were 457 businesses with major damage and slightly more than 1100 homes with minor damage. Mobile homes and recreational vehicles were demolished. Numerous power poles were blown down or snapped. The roofs were damaged at the elementary, middle, and high schools for Port Aransas leading to water damage in the interior. In Corpus Christi, widespread minor property damage was common due to lost shingles and fences down. Some residences and businesses experienced moderate damage mainly across the northern part of the city. Taller buildings downtown suffered more significant damage and lost signs. A few highway signs were blown down. Minor roof damage was common to residences and business in North Padre Island with some areas with moderate damage. Peak wind gusts measured were around 130 mph in Port Aransas. Storm tides were from 6 to 8 feet in Port Aransas as the storm surge entered from the west from Corpus Christi and Redfish Bays. Numerous boats were damaged or destroyed and pushed out of their moorings onto high ground. A large drill boat broke loose, destroyed a pier, and became grounded along the jetty. Two tugs broke loose near the Gulf Intracoastal Waterway with one becoming grounded and the other sinking. Two ferries were damaged when they were pinned against the loading dock. The storm surge inundated Highway 361 along a 10 miles stretch from near the Mustang Island State Park to Port Aransas with the water several feet deep. A few boats became moored near Packery Channel. The Arnold Palmer designed golf course at Palmilla Beach south of Port Aransas was inundated by storm surge with water covering most of the course. Storm tide of 4 to 6 feet impacted residences and businesses in Padre Island from the Laguna Madre. Storm surge caused major damage to 520 homes and minor damage to 1327 homes. Storm surge affected an additional 2200 homes. The Port of Corpus Christi was shutdown for a record 6 days. Port Aransas Independent School District lost 8 buses due to damage from salt water.||In Calhoun County, minor to moderate property damage was common across the city of Port Lavaca with large areas of siding removed from a few well constructed homes. The tops of grain bins in Port Lavaca were peeled off. Numerous trees were blown down in the community of Seadrift. Many homes experienced minor to moderate roof and property damage. Some poorly constructed homes experienced major roof damage. In Port O'Connor, numerous trees were blown down with three quarters of the community experiencing minor roof damage. A few power poles were blown down. Minor to moderate roof damage occurred at Magnolia Beach, Alamo Beach, and Indianola. Over 2100 homes and 72 businesses received major damage while 421 homes were destroyed. There were 1865 homes with minor damage and 1575 homes affected. There was significant damage to the cotton crop in the county. Hundreds of acres unharvested cotton were ruined in the fields. Harvested cotton in modules and bales were damaged by the wind or blown into water filled ditches. The highest wind speed measured was 82 mph with gusts to 110 mph northwest of Seadrift. Storm tides averaged from 6 to 8 feet across Calhoun County with maximum tide levels around 10 feet recorded on the north end of Lavaca Bay while lower tides from 3 to 5 feet occurred from Port O'Connor to southeast of Seadrift next to Espiritu Santo Bay. In Port Lavaca, water from Chocolate Bay inundated the public boat ramp near Buren Road. The lower half of Buren Road was inundated. The entire marina along Lavaca Bay was strongly impacted with 16 boats declared a total loss with many of them sinking in the marina. Several boats were grounded next to the marina. The Bayfront Peninsula Park was inundated. Areas east of Broadway street were inundated with water reaching across Highway 35 in the area near Lighthouse Beach. Piers at Lighthouse Beach Park and Bayfront Peninsula Park were destroyed. Nearly the entire marina in Seadrift was inundated from storm surge with several boats grounded on the marina parking lot. Most of the wooden docks at the marina and a few wooden piers were destroyed. The storm surge reached Bay Avenue almost reaching the beachfront pavilion. Storm surge entered homes near the Bay Avenue and Orange Street intersection. In Magnolia Beach and Indianola, storm surge flooded nearly all of Magnolia Public Beach and crossed North Ocean Drive in a few spots. A few areas of South Ocean Drive near Indianola were inundated. Several older wooden docks and piers were destroyed. In Port O'Connor, storm surge from Matagorda Bay reached half of the way up Kingfisher Beach toward Park Street. The storm surge caused major damage to 56 homes, minor damage to 322 homes, and affected 446 homes across the county. A thousand foot cut was made through Matagorda Island.||In San Patricio County, the worst damage was confined to the eastern half of the county. Almost 8700 homes were affected by the hurricane. There were 155 homes destroyed, 425 homes with major damage, and slightly more than 3300 homes with minor damage. There were 72 businesses with major damage. The hardest hit areas were Aransas Pass and Ingleside where major damage occurred. Widespread roof damage and tree damage occurred in this area. Numerous large power poles were blown down across the eastern half of the county. The water tower in Aransas Pass was destroyed. Roof damage led to extensive interior damage to the Care Regional Medical Center in Aransas Pass. Power outage was widespread with some areas without power for over a week. There was widespread minor roof damage and fences blown down in Portland along with a few trees blown down. Minor roof damage occurred in Taft and a car wash was destroyed. A couple of grain silos at the Midway Gin near Taft were toppled over. Crop damage to cotton stored in modules occurred in the eastern part of the county. The peak wind recorded was in Aransas Pass with sustained wind speed of 100 mph with gusts to 135 mph at Conn Brown Harbor. Survey from the United States Geologic Survey (USGS) indicated a storm tide of around 4 feet impacted the area from Ingleside On-the-Bay to Aransas Pass. Numerous wooden piers and docks were damaged or destroyed. A couple of boats were damaged in the Conn Brown Harbor in Aransas Pass. Major flooding was experienced in the low part of Aransas Pass adjacent to the levee. One home suffered major damage from storm surge while 40 homes had minor damage. Around 540 homes were affected by storm surge.||In Refugio County, widespread moderate structural damage with pockets of major structural damage occurred in Refugio. Most homes and businesses had roof damage, broken windows, and damaged garage doors. Two motels received significant damage to their roofs. Gas station canopies and many signs were destroyed. A few brick structures experienced moderate damage. Numerous trees and power poles were blown down. Roof damage occurred to several churches, every school building in the district except for the athletic facility. The school gymnasiums and auditorium lost portion of their roofs. Several trailer homes and storage buildings were destroyed. There was widespread tree damage with a few very large trees completely uprooted. Widespread moderate structural damage occurred in Bayside, Austwell, and Tivoli. Numerous trees and power poles were blown down including some high tension power poles. In Woodsboro, widespread minor to moderate damage occurred with a few poorly constructed homes with major damage. The elementary gymnasium and auditorium roofs were blown off. Numerous trees and a few power poles were blown down. The Bayside Richardson Coop Gin near Woodsboro sustained major damage and 30 thousand bales of cotton in storage modules were damaged. A sensor deployed by Texas Tech measured sustained winds of 106 mph with gusts to 125 mph just west of Mission Bay before the sensor was hit by debris. Another sensor showed wind speed of 102 mph with gusts to 129 mph north of the intersection of Highway 35 and Farm to Market Road 774 in eastern Refugio County. Around 440 homes were destroyed, around 1050 homes experienced major damage, and 66 businesses suffered major damage. Around 750 homes had minor damage with another 310 homes affected. Storm tide varied across the bay areas of the county. The higher storm tides affected the northeast part of the county as the storm surge pushed in from San Antonio Bay. Storm surge reached 10 feet east of Tivoli near the mouth of the Guadalupe River. Storm tides were lower on the west side of Copano Bay with storm surge only reaching 3 to 4 feet. Water covered Farm to Market Road 136 near the Copano Bay Bridge. Only 2 homes were affected by storm surge in the county.||In Goliad County, widespread minor roof damage occurred in the city of Goliad. Numerous trees and a few power poles were blown down across the county. The roof of the old high school gymnasium was peeled off. A hole was punched in the roof of the new wing of the school. Some class rooms along with the weight room and dressing room suffered water damage. Three families were displaced from homes when roofs and walls collapsed. There was some minor structural damage to some homes in Goliad. Several barns were blown down throughout the county. Some livestock were injured.||In Victoria County, Widespread minor to moderate roof damage occurred in the city of Bloomington. Several mobile homes were destroyed. All but three facilities within the Bloomington school district suffered wind and water damage. Widespread minor roof damage occurred in the city of Victoria. Several trees and a few power poles were blown down. Fences and street signs were blown down across the city. The maximum wind gust recorded in Victoria was 85 mph. Maximum wind gusts in the southern part of the county were around 110 mph. Twenty seven homes were destroyed. Around 75 percent of residential and commercial properties in the county were damaged.   Hundreds of acres of unharvested cotton were damaged in the field. Harvested cotton in modules and bales were damaged also. A few barns and storage buildings were blown down across the county.",A brief tornado touched down around 3 miles east-northeast of Seadrift. The tornado destroyed a shed and a carport.,CSV
201708,25,1800,201708,26,1200,119859,720923,TEXAS,48,2017,August,Hurricane,Z,244,SAN PATRICIO,CRP,25-Aug-17 18:00:00,CST-6,26-Aug-17 12:00:00,0,0,0,0,500.00M,5.00M,NWS Storm Survey,,,,4,,,,,,,,,,,,,,,,,,"Major Hurricane Harvey impacted the Middle Texas coast on August 25th and 26th. Harvey was the first category 4 hurricane to strike Texas since Hurricane Carla in 1961. Harvey severely affected the cities of Rockport, Fulton, Port Aransas, Aransas Pass, Ingleside, Holiday Beach, and Refugio. Minor to moderate damage occurred in cities of Portland, Corpus Christi, Seadrift, Woodsboro, Port Lavaca, Goliad, and Victoria.||Harvey weakened to a tropical wave as the system moved across the Caribbean Sea and the Yucatan peninsula from August 18th until the 22nd. Harvey formed into a tropical depression over the southern Gulf of Mexico on the morning of August 23rd. Harvey rapidly intensified from a tropical depression to a major hurricane in 40 hours as it moved northwest toward the Texas coast. Harvey continued to intensify as it approached the Middle Texas coast on August 25th and made landfall as a Category 4 hurricane during the evening hours. Harvey was the first major hurricane to make landfall on the Middle Texas coast since Hurricane Celia in August of 1970. ||Hurricane Harvey slowed down after landfall and weakened into a tropical storm on the afternoon of the 26th. Tropical Storm Harvey became nearly stationary west of Cuero from the evening of the 26th through the morning of the 27th. Harvey drifted southeastward across the Victoria Crossroads on the afternoon of the 27th. Harvey then moved into Matagorda Bay during the morning hours of the 28th and back into northwest Gulf of Mexico later that afternoon. Tropical storm conditions persisted near the northern portion of the Middle Texas coast into the early morning hours of the 29th.||Hurricane Harvey moved inland in Aransas County on San Jose Island around 830 PM CDT August 25th. Harvey had a minimum central pressure of 938 millibars and produced a maximum storm surge of 12.5 feet. Maximum sustained winds were estimated at 130 mph (115 knots) with gusts to 160 mph (140 knots).  In South Texas, the maximum recorded rainfall from Hurricane Harvey was 17.08 inches 4 miles northwest of Victoria. Radar estimates were close to 20 inches over eastern portions of Refugio County. The height of the storm tide, referenced to mean higher high water, ranged from 3 to 5 feet on northern Padre Island and around Port O'Connor to a maximum of 12.5 feet in northeast Aransas County in the Aransas National Wildlife Refuge near San Antonio Bay. Storm tide levels in the interior bays were generally from 5 to 8 feet with higher amounts near 10 feet on the south end of Copano Bay, the north end of Aransas Bay, and the north end of Lavaca Bay. ||There were no direct fatalities from Hurricane Harvey on the Middle Texas Coast. There were 2 indirect fatalities in Rockport and 1 near Bloomington. All of the associated affects from Hurricane Harvey in South Texas from August 25th to August 27th resulted in 14 injuries, $4.5 billion in property damage, and around $65 million in crop damage. Specifically in South Texas, Harvey's inland flooding resulted in $5 million in property damage. One tornado near Seadrift resulted in $10 thousand in property damage. The powerful winds resulted in 14 injuries, $4 billion in property damage, and $65 million in crop damage. The storm tide resulted in $530 million in property damage and a number of drowned livestock. Damage estimates to public property and infrastructure was $130 million in South Texas.||Hurricane Harvey blew down or damaged around 550 power transmission structures. American Electric Power (AEP) repaired or replaced around 5000 distribution poles that were blown down or damaged by Harvey. Almost four million total feet of transmission and distribution conductor were replaced, approximately 712 miles. Power was restored to around 200,000 customers within 2 weeks.||In Aransas County, widespread major damage occurred across the county with a few areas having catastrophic damage. Catastrophic damage was located across Copano Village, Holiday Beach, and Lamar with many homes, some elevated, with second stories completely collapsed. Nearly every structure was greatly impacted. A couple of brick homes were destroyed near Copano Village. Catastrophic damage occurred to homes in the Copano Ridge area. Nearly all the trees in the Holiday Beach, Lamar, and Goose Island State Park area were without leaves with many trees snapped or uprooted. Most of Rockport and Fulton experienced widespread major structural damage. Several homes in the Key Allegro subdivision collapsed. Exterior walls collapsed on the high school gymnasium, on several churches, and on several new hotels. Upper floors of several apartment buildings were removed. Mobile homes and recreational vehicles were demolished. Billboard signs were blown down. Numerous power poles were blown down or snapped. Six hangars were demolished at the Aransas County Airport along with many airplanes. The county remained without power for 2 to 3 weeks. A mesonet wind sensor at Aransas County Airport recorded sustained winds around 110 mph with a peak gust to 150 mph. Nearly 1500 homes were destroyed, almost 3800 homes suffered major damage, and 5350 homes suffered minor damage. There were 175 businesses with major damage. Storm surge greatly impacted Holiday Beach and Copano Village. The surge punched holes through walls and garage doors on the lower portions of most homes. The surge floated vehicles, recreational vehicles, and boats well inland. The surge approached and flowed across Egery Island Road and Farm to Market 136 in several locations south of Bayside in extreme western Aransas County. Numerous cattle were killed north of Holiday Beach. A large portion of Rattlesnake Point Road was eroded and washed away heading out to Redfish Lodge on Copano Bay. The pier south of the lodge was completely washed away. Storm surge of 4 to 5 feet was common across the county. The maximum storm surge of 12.5 feet occurred in the Aransas National Wildlife Refuge. There were 356 homes that received major damage from storm surge and there were 1126 homes that received minor damage from storm surge. There were 1200 homes that were affected by storm surge. From NOAA photos, there were 14 cuts formed on the southern end of San Jose Island.||In Nueces County, the most significant damage was in Port Aransas where widespread major damage occurred. There were 4170 homes that received major damage and 1036 homes destroyed. Most homes suffered major roof damage while some homes lost roofs and walls collapsed. There were 457 businesses with major damage and slightly more than 1100 homes with minor damage. Mobile homes and recreational vehicles were demolished. Numerous power poles were blown down or snapped. The roofs were damaged at the elementary, middle, and high schools for Port Aransas leading to water damage in the interior. In Corpus Christi, widespread minor property damage was common due to lost shingles and fences down. Some residences and businesses experienced moderate damage mainly across the northern part of the city. Taller buildings downtown suffered more significant damage and lost signs. A few highway signs were blown down. Minor roof damage was common to residences and business in North Padre Island with some areas with moderate damage. Peak wind gusts measured were around 130 mph in Port Aransas. Storm tides were from 6 to 8 feet in Port Aransas as the storm surge entered from the west from Corpus Christi and Redfish Bays. Numerous boats were damaged or destroyed and pushed out of their moorings onto high ground. A large drill boat broke loose, destroyed a pier, and became grounded along the jetty. Two tugs broke loose near the Gulf Intracoastal Waterway with one becoming grounded and the other sinking. Two ferries were damaged when they were pinned against the loading dock. The storm surge inundated Highway 361 along a 10 miles stretch from near the Mustang Island State Park to Port Aransas with the water several feet deep. A few boats became moored near Packery Channel. The Arnold Palmer designed golf course at Palmilla Beach south of Port Aransas was inundated by storm surge with water covering most of the course. Storm tide of 4 to 6 feet impacted residences and businesses in Padre Island from the Laguna Madre. Storm surge caused major damage to 520 homes and minor damage to 1327 homes. Storm surge affected an additional 2200 homes. The Port of Corpus Christi was shutdown for a record 6 days. Port Aransas Independent School District lost 8 buses due to damage from salt water.||In Calhoun County, minor to moderate property damage was common across the city of Port Lavaca with large areas of siding removed from a few well constructed homes. The tops of grain bins in Port Lavaca were peeled off. Numerous trees were blown down in the community of Seadrift. Many homes experienced minor to moderate roof and property damage. Some poorly constructed homes experienced major roof damage. In Port O'Connor, numerous trees were blown down with three quarters of the community experiencing minor roof damage. A few power poles were blown down. Minor to moderate roof damage occurred at Magnolia Beach, Alamo Beach, and Indianola. Over 2100 homes and 72 businesses received major damage while 421 homes were destroyed. There were 1865 homes with minor damage and 1575 homes affected. There was significant damage to the cotton crop in the county. Hundreds of acres unharvested cotton were ruined in the fields. Harvested cotton in modules and bales were damaged by the wind or blown into water filled ditches. The highest wind speed measured was 82 mph with gusts to 110 mph northwest of Seadrift. Storm tides averaged from 6 to 8 feet across Calhoun County with maximum tide levels around 10 feet recorded on the north end of Lavaca Bay while lower tides from 3 to 5 feet occurred from Port O'Connor to southeast of Seadrift next to Espiritu Santo Bay. In Port Lavaca, water from Chocolate Bay inundated the public boat ramp near Buren Road. The lower half of Buren Road was inundated. The entire marina along Lavaca Bay was strongly impacted with 16 boats declared a total loss with many of them sinking in the marina. Several boats were grounded next to the marina. The Bayfront Peninsula Park was inundated. Areas east of Broadway street were inundated with water reaching across Highway 35 in the area near Lighthouse Beach. Piers at Lighthouse Beach Park and Bayfront Peninsula Park were destroyed. Nearly the entire marina in Seadrift was inundated from storm surge with several boats grounded on the marina parking lot. Most of the wooden docks at the marina and a few wooden piers were destroyed. The storm surge reached Bay Avenue almost reaching the beachfront pavilion. Storm surge entered homes near the Bay Avenue and Orange Street intersection. In Magnolia Beach and Indianola, storm surge flooded nearly all of Magnolia Public Beach and crossed North Ocean Drive in a few spots. A few areas of South Ocean Drive near Indianola were inundated. Several older wooden docks and piers were destroyed. In Port O'Connor, storm surge from Matagorda Bay reached half of the way up Kingfisher Beach toward Park Street. The storm surge caused major damage to 56 homes, minor damage to 322 homes, and affected 446 homes across the county. A thousand foot cut was made through Matagorda Island.||In San Patricio County, the worst damage was confined to the eastern half of the county. Almost 8700 homes were affected by the hurricane. There were 155 homes destroyed, 425 homes with major damage, and slightly more than 3300 homes with minor damage. There were 72 businesses with major damage. The hardest hit areas were Aransas Pass and Ingleside where major damage occurred. Widespread roof damage and tree damage occurred in this area. Numerous large power poles were blown down across the eastern half of the county. The water tower in Aransas Pass was destroyed. Roof damage led to extensive interior damage to the Care Regional Medical Center in Aransas Pass. Power outage was widespread with some areas without power for over a week. There was widespread minor roof damage and fences blown down in Portland along with a few trees blown down. Minor roof damage occurred in Taft and a car wash was destroyed. A couple of grain silos at the Midway Gin near Taft were toppled over. Crop damage to cotton stored in modules occurred in the eastern part of the county. The peak wind recorded was in Aransas Pass with sustained wind speed of 100 mph with gusts to 135 mph at Conn Brown Harbor. Survey from the United States Geologic Survey (USGS) indicated a storm tide of around 4 feet impacted the area from Ingleside On-the-Bay to Aransas Pass. Numerous wooden piers and docks were damaged or destroyed. A couple of boats were damaged in the Conn Brown Harbor in Aransas Pass. Major flooding was experienced in the low part of Aransas Pass adjacent to the levee. One home suffered major damage from storm surge while 40 homes had minor damage. Around 540 homes were affected by storm surge.||In Refugio County, widespread moderate structural damage with pockets of major structural damage occurred in Refugio. Most homes and businesses had roof damage, broken windows, and damaged garage doors. Two motels received significant damage to their roofs. Gas station canopies and many signs were destroyed. A few brick structures experienced moderate damage. Numerous trees and power poles were blown down. Roof damage occurred to several churches, every school building in the district except for the athletic facility. The school gymnasiums and auditorium lost portion of their roofs. Several trailer homes and storage buildings were destroyed. There was widespread tree damage with a few very large trees completely uprooted. Widespread moderate structural damage occurred in Bayside, Austwell, and Tivoli. Numerous trees and power poles were blown down including some high tension power poles. In Woodsboro, widespread minor to moderate damage occurred with a few poorly constructed homes with major damage. The elementary gymnasium and auditorium roofs were blown off. Numerous trees and a few power poles were blown down. The Bayside Richardson Coop Gin near Woodsboro sustained major damage and 30 thousand bales of cotton in storage modules were damaged. A sensor deployed by Texas Tech measured sustained winds of 106 mph with gusts to 125 mph just west of Mission Bay before the sensor was hit by debris. Another sensor showed wind speed of 102 mph with gusts to 129 mph north of the intersection of Highway 35 and Farm to Market Road 774 in eastern Refugio County. Around 440 homes were destroyed, around 1050 homes experienced major damage, and 66 businesses suffered major damage. Around 750 homes had minor damage with another 310 homes affected. Storm tide varied across the bay areas of the county. The higher storm tides affected the northeast part of the county as the storm surge pushed in from San Antonio Bay. Storm surge reached 10 feet east of Tivoli near the mouth of the Guadalupe River. Storm tides were lower on the west side of Copano Bay with storm surge only reaching 3 to 4 feet. Water covered Farm to Market Road 136 near the Copano Bay Bridge. Only 2 homes were affected by storm surge in the county.||In Goliad County, widespread minor roof damage occurred in the city of Goliad. Numerous trees and a few power poles were blown down across the county. The roof of the old high school gymnasium was peeled off. A hole was punched in the roof of the new wing of the school. Some class rooms along with the weight room and dressing room suffered water damage. Three families were displaced from homes when roofs and walls collapsed. There was some minor structural damage to some homes in Goliad. Several barns were blown down throughout the county. Some livestock were injured.||In Victoria County, Widespread minor to moderate roof damage occurred in the city of Bloomington. Several mobile homes were destroyed. All but three facilities within the Bloomington school district suffered wind and water damage. Widespread minor roof damage occurred in the city of Victoria. Several trees and a few power poles were blown down. Fences and street signs were blown down across the city. The maximum wind gust recorded in Victoria was 85 mph. Maximum wind gusts in the southern part of the county were around 110 mph. Twenty seven homes were destroyed. Around 75 percent of residential and commercial properties in the county were damaged.   Hundreds of acres of unharvested cotton were damaged in the field. Harvested cotton in modules and bales were damaged also. A few barns and storage buildings were blown down across the county.","The worst damage was confined to the eastern half of the county. Almost 8700 homes were affected by the hurricane. There were 155 homes destroyed, 425 homes with major damage, and slightly more than 3300 homes with minor damage. There were 72 businesses with major damage.  The hardest hit areas were Aransas Pass and Ingleside where major damage occurred. Widespread roof damage and tree damage occurred in this area. Numerous large power poles were blown down across the eastern half of the county. The water tower in Aransas Pass was destroyed. Roof damage led to extensive interior damage to the Care Regional Medical Center in Aransas Pass. Power outage was widespread with some areas without power for over a week.  There was widespread minor roof damage and fences blown down in Portland along with a few trees blown down. Minor roof damage occurred in Taft and a car wash was destroyed. A couple of grain silos at the Midway Gin near Taft were toppled over. Crop damage to cotton stored in modules occurred in the eastern part of the county. The peak wind recorded was in Aransas Pass with sustained wind speed of 100 mph with gusts to 135 mph at Conn Brown Harbor.",CSV
201708,25,1700,201708,26,1200,119859,720925,TEXAS,48,2017,August,Hurricane,Z,243,NUECES,CRP,25-Aug-17 17:00:00,CST-6,26-Aug-17 12:00:00,0,0,0,0,1.00B,0.00K,NWS Storm Survey,,,,4,,,,,,,,,,,,,,,,,,"Major Hurricane Harvey impacted the Middle Texas coast on August 25th and 26th. Harvey was the first category 4 hurricane to strike Texas since Hurricane Carla in 1961. Harvey severely affected the cities of Rockport, Fulton, Port Aransas, Aransas Pass, Ingleside, Holiday Beach, and Refugio. Minor to moderate damage occurred in cities of Portland, Corpus Christi, Seadrift, Woodsboro, Port Lavaca, Goliad, and Victoria.||Harvey weakened to a tropical wave as the system moved across the Caribbean Sea and the Yucatan peninsula from August 18th until the 22nd. Harvey formed into a tropical depression over the southern Gulf of Mexico on the morning of August 23rd. Harvey rapidly intensified from a tropical depression to a major hurricane in 40 hours as it moved northwest toward the Texas coast. Harvey continued to intensify as it approached the Middle Texas coast on August 25th and made landfall as a Category 4 hurricane during the evening hours. Harvey was the first major hurricane to make landfall on the Middle Texas coast since Hurricane Celia in August of 1970. ||Hurricane Harvey slowed down after landfall and weakened into a tropical storm on the afternoon of the 26th. Tropical Storm Harvey became nearly stationary west of Cuero from the evening of the 26th through the morning of the 27th. Harvey drifted southeastward across the Victoria Crossroads on the afternoon of the 27th. Harvey then moved into Matagorda Bay during the morning hours of the 28th and back into northwest Gulf of Mexico later that afternoon. Tropical storm conditions persisted near the northern portion of the Middle Texas coast into the early morning hours of the 29th.||Hurricane Harvey moved inland in Aransas County on San Jose Island around 830 PM CDT August 25th. Harvey had a minimum central pressure of 938 millibars and produced a maximum storm surge of 12.5 feet. Maximum sustained winds were estimated at 130 mph (115 knots) with gusts to 160 mph (140 knots).  In South Texas, the maximum recorded rainfall from Hurricane Harvey was 17.08 inches 4 miles northwest of Victoria. Radar estimates were close to 20 inches over eastern portions of Refugio County. The height of the storm tide, referenced to mean higher high water, ranged from 3 to 5 feet on northern Padre Island and around Port O'Connor to a maximum of 12.5 feet in northeast Aransas County in the Aransas National Wildlife Refuge near San Antonio Bay. Storm tide levels in the interior bays were generally from 5 to 8 feet with higher amounts near 10 feet on the south end of Copano Bay, the north end of Aransas Bay, and the north end of Lavaca Bay. ||There were no direct fatalities from Hurricane Harvey on the Middle Texas Coast. There were 2 indirect fatalities in Rockport and 1 near Bloomington. All of the associated affects from Hurricane Harvey in South Texas from August 25th to August 27th resulted in 14 injuries, $4.5 billion in property damage, and around $65 million in crop damage. Specifically in South Texas, Harvey's inland flooding resulted in $5 million in property damage. One tornado near Seadrift resulted in $10 thousand in property damage. The powerful winds resulted in 14 injuries, $4 billion in property damage, and $65 million in crop damage. The storm tide resulted in $530 million in property damage and a number of drowned livestock. Damage estimates to public property and infrastructure was $130 million in South Texas.||Hurricane Harvey blew down or damaged around 550 power transmission structures. American Electric Power (AEP) repaired or replaced around 5000 distribution poles that were blown down or damaged by Harvey. Almost four million total feet of transmission and distribution conductor were replaced, approximately 712 miles. Power was restored to around 200,000 customers within 2 weeks.||In Aransas County, widespread major damage occurred across the county with a few areas having catastrophic damage. Catastrophic damage was located across Copano Village, Holiday Beach, and Lamar with many homes, some elevated, with second stories completely collapsed. Nearly every structure was greatly impacted. A couple of brick homes were destroyed near Copano Village. Catastrophic damage occurred to homes in the Copano Ridge area. Nearly all the trees in the Holiday Beach, Lamar, and Goose Island State Park area were without leaves with many trees snapped or uprooted. Most of Rockport and Fulton experienced widespread major structural damage. Several homes in the Key Allegro subdivision collapsed. Exterior walls collapsed on the high school gymnasium, on several churches, and on several new hotels. Upper floors of several apartment buildings were removed. Mobile homes and recreational vehicles were demolished. Billboard signs were blown down. Numerous power poles were blown down or snapped. Six hangars were demolished at the Aransas County Airport along with many airplanes. The county remained without power for 2 to 3 weeks. A mesonet wind sensor at Aransas County Airport recorded sustained winds around 110 mph with a peak gust to 150 mph. Nearly 1500 homes were destroyed, almost 3800 homes suffered major damage, and 5350 homes suffered minor damage. There were 175 businesses with major damage. Storm surge greatly impacted Holiday Beach and Copano Village. The surge punched holes through walls and garage doors on the lower portions of most homes. The surge floated vehicles, recreational vehicles, and boats well inland. The surge approached and flowed across Egery Island Road and Farm to Market 136 in several locations south of Bayside in extreme western Aransas County. Numerous cattle were killed north of Holiday Beach. A large portion of Rattlesnake Point Road was eroded and washed away heading out to Redfish Lodge on Copano Bay. The pier south of the lodge was completely washed away. Storm surge of 4 to 5 feet was common across the county. The maximum storm surge of 12.5 feet occurred in the Aransas National Wildlife Refuge. There were 356 homes that received major damage from storm surge and there were 1126 homes that received minor damage from storm surge. There were 1200 homes that were affected by storm surge. From NOAA photos, there were 14 cuts formed on the southern end of San Jose Island.||In Nueces County, the most significant damage was in Port Aransas where widespread major damage occurred. There were 4170 homes that received major damage and 1036 homes destroyed. Most homes suffered major roof damage while some homes lost roofs and walls collapsed. There were 457 businesses with major damage and slightly more than 1100 homes with minor damage. Mobile homes and recreational vehicles were demolished. Numerous power poles were blown down or snapped. The roofs were damaged at the elementary, middle, and high schools for Port Aransas leading to water damage in the interior. In Corpus Christi, widespread minor property damage was common due to lost shingles and fences down. Some residences and businesses experienced moderate damage mainly across the northern part of the city. Taller buildings downtown suffered more significant damage and lost signs. A few highway signs were blown down. Minor roof damage was common to residences and business in North Padre Island with some areas with moderate damage. Peak wind gusts measured were around 130 mph in Port Aransas. Storm tides were from 6 to 8 feet in Port Aransas as the storm surge entered from the west from Corpus Christi and Redfish Bays. Numerous boats were damaged or destroyed and pushed out of their moorings onto high ground. A large drill boat broke loose, destroyed a pier, and became grounded along the jetty. Two tugs broke loose near the Gulf Intracoastal Waterway with one becoming grounded and the other sinking. Two ferries were damaged when they were pinned against the loading dock. The storm surge inundated Highway 361 along a 10 miles stretch from near the Mustang Island State Park to Port Aransas with the water several feet deep. A few boats became moored near Packery Channel. The Arnold Palmer designed golf course at Palmilla Beach south of Port Aransas was inundated by storm surge with water covering most of the course. Storm tide of 4 to 6 feet impacted residences and businesses in Padre Island from the Laguna Madre. Storm surge caused major damage to 520 homes and minor damage to 1327 homes. Storm surge affected an additional 2200 homes. The Port of Corpus Christi was shutdown for a record 6 days. Port Aransas Independent School District lost 8 buses due to damage from salt water.||In Calhoun County, minor to moderate property damage was common across the city of Port Lavaca with large areas of siding removed from a few well constructed homes. The tops of grain bins in Port Lavaca were peeled off. Numerous trees were blown down in the community of Seadrift. Many homes experienced minor to moderate roof and property damage. Some poorly constructed homes experienced major roof damage. In Port O'Connor, numerous trees were blown down with three quarters of the community experiencing minor roof damage. A few power poles were blown down. Minor to moderate roof damage occurred at Magnolia Beach, Alamo Beach, and Indianola. Over 2100 homes and 72 businesses received major damage while 421 homes were destroyed. There were 1865 homes with minor damage and 1575 homes affected. There was significant damage to the cotton crop in the county. Hundreds of acres unharvested cotton were ruined in the fields. Harvested cotton in modules and bales were damaged by the wind or blown into water filled ditches. The highest wind speed measured was 82 mph with gusts to 110 mph northwest of Seadrift. Storm tides averaged from 6 to 8 feet across Calhoun County with maximum tide levels around 10 feet recorded on the north end of Lavaca Bay while lower tides from 3 to 5 feet occurred from Port O'Connor to southeast of Seadrift next to Espiritu Santo Bay. In Port Lavaca, water from Chocolate Bay inundated the public boat ramp near Buren Road. The lower half of Buren Road was inundated. The entire marina along Lavaca Bay was strongly impacted with 16 boats declared a total loss with many of them sinking in the marina. Several boats were grounded next to the marina. The Bayfront Peninsula Park was inundated. Areas east of Broadway street were inundated with water reaching across Highway 35 in the area near Lighthouse Beach. Piers at Lighthouse Beach Park and Bayfront Peninsula Park were destroyed. Nearly the entire marina in Seadrift was inundated from storm surge with several boats grounded on the marina parking lot. Most of the wooden docks at the marina and a few wooden piers were destroyed. The storm surge reached Bay Avenue almost reaching the beachfront pavilion. Storm surge entered homes near the Bay Avenue and Orange Street intersection. In Magnolia Beach and Indianola, storm surge flooded nearly all of Magnolia Public Beach and crossed North Ocean Drive in a few spots. A few areas of South Ocean Drive near Indianola were inundated. Several older wooden docks and piers were destroyed. In Port O'Connor, storm surge from Matagorda Bay reached half of the way up Kingfisher Beach toward Park Street. The storm surge caused major damage to 56 homes, minor damage to 322 homes, and affected 446 homes across the county. A thousand foot cut was made through Matagorda Island.||In San Patricio County, the worst damage was confined to the eastern half of the county. Almost 8700 homes were affected by the hurricane. There were 155 homes destroyed, 425 homes with major damage, and slightly more than 3300 homes with minor damage. There were 72 businesses with major damage. The hardest hit areas were Aransas Pass and Ingleside where major damage occurred. Widespread roof damage and tree damage occurred in this area. Numerous large power poles were blown down across the eastern half of the county. The water tower in Aransas Pass was destroyed. Roof damage led to extensive interior damage to the Care Regional Medical Center in Aransas Pass. Power outage was widespread with some areas without power for over a week. There was widespread minor roof damage and fences blown down in Portland along with a few trees blown down. Minor roof damage occurred in Taft and a car wash was destroyed. A couple of grain silos at the Midway Gin near Taft were toppled over. Crop damage to cotton stored in modules occurred in the eastern part of the county. The peak wind recorded was in Aransas Pass with sustained wind speed of 100 mph with gusts to 135 mph at Conn Brown Harbor. Survey from the United States Geologic Survey (USGS) indicated a storm tide of around 4 feet impacted the area from Ingleside On-the-Bay to Aransas Pass. Numerous wooden piers and docks were damaged or destroyed. A couple of boats were damaged in the Conn Brown Harbor in Aransas Pass. Major flooding was experienced in the low part of Aransas Pass adjacent to the levee. One home suffered major damage from storm surge while 40 homes had minor damage. Around 540 homes were affected by storm surge.||In Refugio County, widespread moderate structural damage with pockets of major structural damage occurred in Refugio. Most homes and businesses had roof damage, broken windows, and damaged garage doors. Two motels received significant damage to their roofs. Gas station canopies and many signs were destroyed. A few brick structures experienced moderate damage. Numerous trees and power poles were blown down. Roof damage occurred to several churches, every school building in the district except for the athletic facility. The school gymnasiums and auditorium lost portion of their roofs. Several trailer homes and storage buildings were destroyed. There was widespread tree damage with a few very large trees completely uprooted. Widespread moderate structural damage occurred in Bayside, Austwell, and Tivoli. Numerous trees and power poles were blown down including some high tension power poles. In Woodsboro, widespread minor to moderate damage occurred with a few poorly constructed homes with major damage. The elementary gymnasium and auditorium roofs were blown off. Numerous trees and a few power poles were blown down. The Bayside Richardson Coop Gin near Woodsboro sustained major damage and 30 thousand bales of cotton in storage modules were damaged. A sensor deployed by Texas Tech measured sustained winds of 106 mph with gusts to 125 mph just west of Mission Bay before the sensor was hit by debris. Another sensor showed wind speed of 102 mph with gusts to 129 mph north of the intersection of Highway 35 and Farm to Market Road 774 in eastern Refugio County. Around 440 homes were destroyed, around 1050 homes experienced major damage, and 66 businesses suffered major damage. Around 750 homes had minor damage with another 310 homes affected. Storm tide varied across the bay areas of the county. The higher storm tides affected the northeast part of the county as the storm surge pushed in from San Antonio Bay. Storm surge reached 10 feet east of Tivoli near the mouth of the Guadalupe River. Storm tides were lower on the west side of Copano Bay with storm surge only reaching 3 to 4 feet. Water covered Farm to Market Road 136 near the Copano Bay Bridge. Only 2 homes were affected by storm surge in the county.||In Goliad County, widespread minor roof damage occurred in the city of Goliad. Numerous trees and a few power poles were blown down across the county. The roof of the old high school gymnasium was peeled off. A hole was punched in the roof of the new wing of the school. Some class rooms along with the weight room and dressing room suffered water damage. Three families were displaced from homes when roofs and walls collapsed. There was some minor structural damage to some homes in Goliad. Several barns were blown down throughout the county. Some livestock were injured.||In Victoria County, Widespread minor to moderate roof damage occurred in the city of Bloomington. Several mobile homes were destroyed. All but three facilities within the Bloomington school district suffered wind and water damage. Widespread minor roof damage occurred in the city of Victoria. Several trees and a few power poles were blown down. Fences and street signs were blown down across the city. The maximum wind gust recorded in Victoria was 85 mph. Maximum wind gusts in the southern part of the county were around 110 mph. Twenty seven homes were destroyed. Around 75 percent of residential and commercial properties in the county were damaged.   Hundreds of acres of unharvested cotton were damaged in the field. Harvested cotton in modules and bales were damaged also. A few barns and storage buildings were blown down across the county.","The most significant damage was in Port Aransas where widespread major damage occurred. There were 4170 homes that received major damage and 1036 homes destroyed. Most homes suffered major roof damage while some homes lost roofs and walls collapsed. There were 457 businesses with major damage and slightly more than 1100 homes with minor damage. Mobile homes and recreational vehicles were demolished. Numerous power poles were blown down or snapped. The roofs were damaged at the elementary, middle, and high schools for Port Aransas leading to water damage in the interior. In Corpus Christi, widespread minor property damage was common due to lost shingles and fences down. Some residences and businesses experienced moderate damage mainly across the northern part of the city. Taller buildings downtown suffered more significant damage and lost signs. A few highway signs were blown down. Minor roof damage was common to residences and business in North Padre Island with some areas with moderate damage. Peak wind gusts measured were around 130 mph in Port Aransas.",CSV
201708,25,1800,201708,26,1200,119859,720927,TEXAS,48,2017,August,Hurricane,Z,247,CALHOUN,CRP,25-Aug-17 18:00:00,CST-6,26-Aug-17 12:00:00,0,0,0,1,250.00M,20.00M,NWS Storm Survey,,,,4,,,,,,,,,,,,,,,,,,"Major Hurricane Harvey impacted the Middle Texas coast on August 25th and 26th. Harvey was the first category 4 hurricane to strike Texas since Hurricane Carla in 1961. Harvey severely affected the cities of Rockport, Fulton, Port Aransas, Aransas Pass, Ingleside, Holiday Beach, and Refugio. Minor to moderate damage occurred in cities of Portland, Corpus Christi, Seadrift, Woodsboro, Port Lavaca, Goliad, and Victoria.||Harvey weakened to a tropical wave as the system moved across the Caribbean Sea and the Yucatan peninsula from August 18th until the 22nd. Harvey formed into a tropical depression over the southern Gulf of Mexico on the morning of August 23rd. Harvey rapidly intensified from a tropical depression to a major hurricane in 40 hours as it moved northwest toward the Texas coast. Harvey continued to intensify as it approached the Middle Texas coast on August 25th and made landfall as a Category 4 hurricane during the evening hours. Harvey was the first major hurricane to make landfall on the Middle Texas coast since Hurricane Celia in August of 1970. ||Hurricane Harvey slowed down after landfall and weakened into a tropical storm on the afternoon of the 26th. Tropical Storm Harvey became nearly stationary west of Cuero from the evening of the 26th through the morning of the 27th. Harvey drifted southeastward across the Victoria Crossroads on the afternoon of the 27th. Harvey then moved into Matagorda Bay during the morning hours of the 28th and back into northwest Gulf of Mexico later that afternoon. Tropical storm conditions persisted near the northern portion of the Middle Texas coast into the early morning hours of the 29th.||Hurricane Harvey moved inland in Aransas County on San Jose Island around 830 PM CDT August 25th. Harvey had a minimum central pressure of 938 millibars and produced a maximum storm surge of 12.5 feet. Maximum sustained winds were estimated at 130 mph (115 knots) with gusts to 160 mph (140 knots).  In South Texas, the maximum recorded rainfall from Hurricane Harvey was 17.08 inches 4 miles northwest of Victoria. Radar estimates were close to 20 inches over eastern portions of Refugio County. The height of the storm tide, referenced to mean higher high water, ranged from 3 to 5 feet on northern Padre Island and around Port O'Connor to a maximum of 12.5 feet in northeast Aransas County in the Aransas National Wildlife Refuge near San Antonio Bay. Storm tide levels in the interior bays were generally from 5 to 8 feet with higher amounts near 10 feet on the south end of Copano Bay, the north end of Aransas Bay, and the north end of Lavaca Bay. ||There were no direct fatalities from Hurricane Harvey on the Middle Texas Coast. There were 2 indirect fatalities in Rockport and 1 near Bloomington. All of the associated affects from Hurricane Harvey in South Texas from August 25th to August 27th resulted in 14 injuries, $4.5 billion in property damage, and around $65 million in crop damage. Specifically in South Texas, Harvey's inland flooding resulted in $5 million in property damage. One tornado near Seadrift resulted in $10 thousand in property damage. The powerful winds resulted in 14 injuries, $4 billion in property damage, and $65 million in crop damage. The storm tide resulted in $530 million in property damage and a number of drowned livestock. Damage estimates to public property and infrastructure was $130 million in South Texas.||Hurricane Harvey blew down or damaged around 550 power transmission structures. American Electric Power (AEP) repaired or replaced around 5000 distribution poles that were blown down or damaged by Harvey. Almost four million total feet of transmission and distribution conductor were replaced, approximately 712 miles. Power was restored to around 200,000 customers within 2 weeks.||In Aransas County, widespread major damage occurred across the county with a few areas having catastrophic damage. Catastrophic damage was located across Copano Village, Holiday Beach, and Lamar with many homes, some elevated, with second stories completely collapsed. Nearly every structure was greatly impacted. A couple of brick homes were destroyed near Copano Village. Catastrophic damage occurred to homes in the Copano Ridge area. Nearly all the trees in the Holiday Beach, Lamar, and Goose Island State Park area were without leaves with many trees snapped or uprooted. Most of Rockport and Fulton experienced widespread major structural damage. Several homes in the Key Allegro subdivision collapsed. Exterior walls collapsed on the high school gymnasium, on several churches, and on several new hotels. Upper floors of several apartment buildings were removed. Mobile homes and recreational vehicles were demolished. Billboard signs were blown down. Numerous power poles were blown down or snapped. Six hangars were demolished at the Aransas County Airport along with many airplanes. The county remained without power for 2 to 3 weeks. A mesonet wind sensor at Aransas County Airport recorded sustained winds around 110 mph with a peak gust to 150 mph. Nearly 1500 homes were destroyed, almost 3800 homes suffered major damage, and 5350 homes suffered minor damage. There were 175 businesses with major damage. Storm surge greatly impacted Holiday Beach and Copano Village. The surge punched holes through walls and garage doors on the lower portions of most homes. The surge floated vehicles, recreational vehicles, and boats well inland. The surge approached and flowed across Egery Island Road and Farm to Market 136 in several locations south of Bayside in extreme western Aransas County. Numerous cattle were killed north of Holiday Beach. A large portion of Rattlesnake Point Road was eroded and washed away heading out to Redfish Lodge on Copano Bay. The pier south of the lodge was completely washed away. Storm surge of 4 to 5 feet was common across the county. The maximum storm surge of 12.5 feet occurred in the Aransas National Wildlife Refuge. There were 356 homes that received major damage from storm surge and there were 1126 homes that received minor damage from storm surge. There were 1200 homes that were affected by storm surge. From NOAA photos, there were 14 cuts formed on the southern end of San Jose Island.||In Nueces County, the most significant damage was in Port Aransas where widespread major damage occurred. There were 4170 homes that received major damage and 1036 homes destroyed. Most homes suffered major roof damage while some homes lost roofs and walls collapsed. There were 457 businesses with major damage and slightly more than 1100 homes with minor damage. Mobile homes and recreational vehicles were demolished. Numerous power poles were blown down or snapped. The roofs were damaged at the elementary, middle, and high schools for Port Aransas leading to water damage in the interior. In Corpus Christi, widespread minor property damage was common due to lost shingles and fences down. Some residences and businesses experienced moderate damage mainly across the northern part of the city. Taller buildings downtown suffered more significant damage and lost signs. A few highway signs were blown down. Minor roof damage was common to residences and business in North Padre Island with some areas with moderate damage. Peak wind gusts measured were around 130 mph in Port Aransas. Storm tides were from 6 to 8 feet in Port Aransas as the storm surge entered from the west from Corpus Christi and Redfish Bays. Numerous boats were damaged or destroyed and pushed out of their moorings onto high ground. A large drill boat broke loose, destroyed a pier, and became grounded along the jetty. Two tugs broke loose near the Gulf Intracoastal Waterway with one becoming grounded and the other sinking. Two ferries were damaged when they were pinned against the loading dock. The storm surge inundated Highway 361 along a 10 miles stretch from near the Mustang Island State Park to Port Aransas with the water several feet deep. A few boats became moored near Packery Channel. The Arnold Palmer designed golf course at Palmilla Beach south of Port Aransas was inundated by storm surge with water covering most of the course. Storm tide of 4 to 6 feet impacted residences and businesses in Padre Island from the Laguna Madre. Storm surge caused major damage to 520 homes and minor damage to 1327 homes. Storm surge affected an additional 2200 homes. The Port of Corpus Christi was shutdown for a record 6 days. Port Aransas Independent School District lost 8 buses due to damage from salt water.||In Calhoun County, minor to moderate property damage was common across the city of Port Lavaca with large areas of siding removed from a few well constructed homes. The tops of grain bins in Port Lavaca were peeled off. Numerous trees were blown down in the community of Seadrift. Many homes experienced minor to moderate roof and property damage. Some poorly constructed homes experienced major roof damage. In Port O'Connor, numerous trees were blown down with three quarters of the community experiencing minor roof damage. A few power poles were blown down. Minor to moderate roof damage occurred at Magnolia Beach, Alamo Beach, and Indianola. Over 2100 homes and 72 businesses received major damage while 421 homes were destroyed. There were 1865 homes with minor damage and 1575 homes affected. There was significant damage to the cotton crop in the county. Hundreds of acres unharvested cotton were ruined in the fields. Harvested cotton in modules and bales were damaged by the wind or blown into water filled ditches. The highest wind speed measured was 82 mph with gusts to 110 mph northwest of Seadrift. Storm tides averaged from 6 to 8 feet across Calhoun County with maximum tide levels around 10 feet recorded on the north end of Lavaca Bay while lower tides from 3 to 5 feet occurred from Port O'Connor to southeast of Seadrift next to Espiritu Santo Bay. In Port Lavaca, water from Chocolate Bay inundated the public boat ramp near Buren Road. The lower half of Buren Road was inundated. The entire marina along Lavaca Bay was strongly impacted with 16 boats declared a total loss with many of them sinking in the marina. Several boats were grounded next to the marina. The Bayfront Peninsula Park was inundated. Areas east of Broadway street were inundated with water reaching across Highway 35 in the area near Lighthouse Beach. Piers at Lighthouse Beach Park and Bayfront Peninsula Park were destroyed. Nearly the entire marina in Seadrift was inundated from storm surge with several boats grounded on the marina parking lot. Most of the wooden docks at the marina and a few wooden piers were destroyed. The storm surge reached Bay Avenue almost reaching the beachfront pavilion. Storm surge entered homes near the Bay Avenue and Orange Street intersection. In Magnolia Beach and Indianola, storm surge flooded nearly all of Magnolia Public Beach and crossed North Ocean Drive in a few spots. A few areas of South Ocean Drive near Indianola were inundated. Several older wooden docks and piers were destroyed. In Port O'Connor, storm surge from Matagorda Bay reached half of the way up Kingfisher Beach toward Park Street. The storm surge caused major damage to 56 homes, minor damage to 322 homes, and affected 446 homes across the county. A thousand foot cut was made through Matagorda Island.||In San Patricio County, the worst damage was confined to the eastern half of the county. Almost 8700 homes were affected by the hurricane. There were 155 homes destroyed, 425 homes with major damage, and slightly more than 3300 homes with minor damage. There were 72 businesses with major damage. The hardest hit areas were Aransas Pass and Ingleside where major damage occurred. Widespread roof damage and tree damage occurred in this area. Numerous large power poles were blown down across the eastern half of the county. The water tower in Aransas Pass was destroyed. Roof damage led to extensive interior damage to the Care Regional Medical Center in Aransas Pass. Power outage was widespread with some areas without power for over a week. There was widespread minor roof damage and fences blown down in Portland along with a few trees blown down. Minor roof damage occurred in Taft and a car wash was destroyed. A couple of grain silos at the Midway Gin near Taft were toppled over. Crop damage to cotton stored in modules occurred in the eastern part of the county. The peak wind recorded was in Aransas Pass with sustained wind speed of 100 mph with gusts to 135 mph at Conn Brown Harbor. Survey from the United States Geologic Survey (USGS) indicated a storm tide of around 4 feet impacted the area from Ingleside On-the-Bay to Aransas Pass. Numerous wooden piers and docks were damaged or destroyed. A couple of boats were damaged in the Conn Brown Harbor in Aransas Pass. Major flooding was experienced in the low part of Aransas Pass adjacent to the levee. One home suffered major damage from storm surge while 40 homes had minor damage. Around 540 homes were affected by storm surge.||In Refugio County, widespread moderate structural damage with pockets of major structural damage occurred in Refugio. Most homes and businesses had roof damage, broken windows, and damaged garage doors. Two motels received significant damage to their roofs. Gas station canopies and many signs were destroyed. A few brick structures experienced moderate damage. Numerous trees and power poles were blown down. Roof damage occurred to several churches, every school building in the district except for the athletic facility. The school gymnasiums and auditorium lost portion of their roofs. Several trailer homes and storage buildings were destroyed. There was widespread tree damage with a few very large trees completely uprooted. Widespread moderate structural damage occurred in Bayside, Austwell, and Tivoli. Numerous trees and power poles were blown down including some high tension power poles. In Woodsboro, widespread minor to moderate damage occurred with a few poorly constructed homes with major damage. The elementary gymnasium and auditorium roofs were blown off. Numerous trees and a few power poles were blown down. The Bayside Richardson Coop Gin near Woodsboro sustained major damage and 30 thousand bales of cotton in storage modules were damaged. A sensor deployed by Texas Tech measured sustained winds of 106 mph with gusts to 125 mph just west of Mission Bay before the sensor was hit by debris. Another sensor showed wind speed of 102 mph with gusts to 129 mph north of the intersection of Highway 35 and Farm to Market Road 774 in eastern Refugio County. Around 440 homes were destroyed, around 1050 homes experienced major damage, and 66 businesses suffered major damage. Around 750 homes had minor damage with another 310 homes affected. Storm tide varied across the bay areas of the county. The higher storm tides affected the northeast part of the county as the storm surge pushed in from San Antonio Bay. Storm surge reached 10 feet east of Tivoli near the mouth of the Guadalupe River. Storm tides were lower on the west side of Copano Bay with storm surge only reaching 3 to 4 feet. Water covered Farm to Market Road 136 near the Copano Bay Bridge. Only 2 homes were affected by storm surge in the county.||In Goliad County, widespread minor roof damage occurred in the city of Goliad. Numerous trees and a few power poles were blown down across the county. The roof of the old high school gymnasium was peeled off. A hole was punched in the roof of the new wing of the school. Some class rooms along with the weight room and dressing room suffered water damage. Three families were displaced from homes when roofs and walls collapsed. There was some minor structural damage to some homes in Goliad. Several barns were blown down throughout the county. Some livestock were injured.||In Victoria County, Widespread minor to moderate roof damage occurred in the city of Bloomington. Several mobile homes were destroyed. All but three facilities within the Bloomington school district suffered wind and water damage. Widespread minor roof damage occurred in the city of Victoria. Several trees and a few power poles were blown down. Fences and street signs were blown down across the city. The maximum wind gust recorded in Victoria was 85 mph. Maximum wind gusts in the southern part of the county were around 110 mph. Twenty seven homes were destroyed. Around 75 percent of residential and commercial properties in the county were damaged.   Hundreds of acres of unharvested cotton were damaged in the field. Harvested cotton in modules and bales were damaged also. A few barns and storage buildings were blown down across the county.","Minor to moderate property damage was common across the city of Port Lavaca with large areas of siding removed from a few well constructed homes. The tops of grain bins in Port Lavaca were peeled off.  Numerous trees were blown down in the community of Seadrift. Many homes experienced minor to moderate roof and property damage. Some poorly constructed homes experienced major roof damage.  In Port O'Connor, numerous trees were blown down with three quarters of the community experiencing minor roof damage. A few power poles were blown down. Minor to moderate roof damage occurred at Magnolia Beach, Alamo Beach, and Indianola. Over 2100 homes and 72 businesses received major damage while 421 homes were destroyed. There were 1865 homes with minor damage and 1575 homes affected. There was significant damage to the cotton crop in the county. Hundreds of acres unharvested cotton were ruined in the fields. Harvested cotton in modules and bales were damaged by the wind or blown into water filled ditches. The highest wind speed measured was 82 mph with gusts to 110 mph northwest of Seadrift.",CSV
201708,25,1200,201708,29,1200,119753,723652,TEXAS,48,2017,August,Tropical Storm,Z,211,AUSTIN,HGX,25-Aug-17 12:00:00,CST-6,29-Aug-17 12:00:00,0,0,0,0,,,Local Official,,,,,,,,,,,,,,,,,,,,,,"Harvey made landfall as a category 4 hurricane near Rockport, Texas during the evening of August 25th. The storm then weakened to a tropical storm and slowed,  looping back and tracking over SE Texas then back over the Gulf of Mexico making a second landfall along the Louisiana coast during the early morning hours of August 30th. Over that 5 day period over Southeast Texas TS Harvey produced catastrophic flooding with a large area of 30 to 60 inches of rain, 23 tornadoes, tropical storm force winds and a moderate storm surge near Matagorda Bay.  In some of the heavier bands rain fell at a rate of over 5 inches per hour. This copious record amount of rain over a  led to catastrophic flooding. Thousands of homes, businesses, and roads were flooded due to flash flooding and sheet flow from long duration intense rain. Main stem rivers and adjoining tributaries, creeks and bayous reached full capacity and came out of their banks and this also contributed to the massive flooding across southeastern Texas.","Slow moving Tropical Storm Harvey brought heavy rains and flooding to portions of Brazos, Burleson, Austin, Grimes, Washington and Madison Counties. Moderate to major lowland flooding occurred along rivers and numerous creeks and tributaries. This includes the Brazos at San Felipe, Davison Creek, etc.",CSV
201708,25,1500,201708,26,1800,119859,720926,TEXAS,48,2017,August,Storm Surge/Tide,Z,243,NUECES,CRP,25-Aug-17 15:00:00,CST-6,26-Aug-17 18:00:00,0,0,0,0,300.00M,,NWS Storm Survey,,,,,,,,,,,,,,,,,,,,,,"Major Hurricane Harvey impacted the Middle Texas coast on August 25th and 26th. Harvey was the first category 4 hurricane to strike Texas since Hurricane Carla in 1961. Harvey severely affected the cities of Rockport, Fulton, Port Aransas, Aransas Pass, Ingleside, Holiday Beach, and Refugio. Minor to moderate damage occurred in cities of Portland, Corpus Christi, Seadrift, Woodsboro, Port Lavaca, Goliad, and Victoria.||Harvey weakened to a tropical wave as the system moved across the Caribbean Sea and the Yucatan peninsula from August 18th until the 22nd. Harvey formed into a tropical depression over the southern Gulf of Mexico on the morning of August 23rd. Harvey rapidly intensified from a tropical depression to a major hurricane in 40 hours as it moved northwest toward the Texas coast. Harvey continued to intensify as it approached the Middle Texas coast on August 25th and made landfall as a Category 4 hurricane during the evening hours. Harvey was the first major hurricane to make landfall on the Middle Texas coast since Hurricane Celia in August of 1970. ||Hurricane Harvey slowed down after landfall and weakened into a tropical storm on the afternoon of the 26th. Tropical Storm Harvey became nearly stationary west of Cuero from the evening of the 26th through the morning of the 27th. Harvey drifted southeastward across the Victoria Crossroads on the afternoon of the 27th. Harvey then moved into Matagorda Bay during the morning hours of the 28th and back into northwest Gulf of Mexico later that afternoon. Tropical storm conditions persisted near the northern portion of the Middle Texas coast into the early morning hours of the 29th.||Hurricane Harvey moved inland in Aransas County on San Jose Island around 830 PM CDT August 25th. Harvey had a minimum central pressure of 938 millibars and produced a maximum storm surge of 12.5 feet. Maximum sustained winds were estimated at 130 mph (115 knots) with gusts to 160 mph (140 knots).  In South Texas, the maximum recorded rainfall from Hurricane Harvey was 17.08 inches 4 miles northwest of Victoria. Radar estimates were close to 20 inches over eastern portions of Refugio County. The height of the storm tide, referenced to mean higher high water, ranged from 3 to 5 feet on northern Padre Island and around Port O'Connor to a maximum of 12.5 feet in northeast Aransas County in the Aransas National Wildlife Refuge near San Antonio Bay. Storm tide levels in the interior bays were generally from 5 to 8 feet with higher amounts near 10 feet on the south end of Copano Bay, the north end of Aransas Bay, and the north end of Lavaca Bay. ||There were no direct fatalities from Hurricane Harvey on the Middle Texas Coast. There were 2 indirect fatalities in Rockport and 1 near Bloomington. All of the associated affects from Hurricane Harvey in South Texas from August 25th to August 27th resulted in 14 injuries, $4.5 billion in property damage, and around $65 million in crop damage. Specifically in South Texas, Harvey's inland flooding resulted in $5 million in property damage. One tornado near Seadrift resulted in $10 thousand in property damage. The powerful winds resulted in 14 injuries, $4 billion in property damage, and $65 million in crop damage. The storm tide resulted in $530 million in property damage and a number of drowned livestock. Damage estimates to public property and infrastructure was $130 million in South Texas.||Hurricane Harvey blew down or damaged around 550 power transmission structures. American Electric Power (AEP) repaired or replaced around 5000 distribution poles that were blown down or damaged by Harvey. Almost four million total feet of transmission and distribution conductor were replaced, approximately 712 miles. Power was restored to around 200,000 customers within 2 weeks.||In Aransas County, widespread major damage occurred across the county with a few areas having catastrophic damage. Catastrophic damage was located across Copano Village, Holiday Beach, and Lamar with many homes, some elevated, with second stories completely collapsed. Nearly every structure was greatly impacted. A couple of brick homes were destroyed near Copano Village. Catastrophic damage occurred to homes in the Copano Ridge area. Nearly all the trees in the Holiday Beach, Lamar, and Goose Island State Park area were without leaves with many trees snapped or uprooted. Most of Rockport and Fulton experienced widespread major structural damage. Several homes in the Key Allegro subdivision collapsed. Exterior walls collapsed on the high school gymnasium, on several churches, and on several new hotels. Upper floors of several apartment buildings were removed. Mobile homes and recreational vehicles were demolished. Billboard signs were blown down. Numerous power poles were blown down or snapped. Six hangars were demolished at the Aransas County Airport along with many airplanes. The county remained without power for 2 to 3 weeks. A mesonet wind sensor at Aransas County Airport recorded sustained winds around 110 mph with a peak gust to 150 mph. Nearly 1500 homes were destroyed, almost 3800 homes suffered major damage, and 5350 homes suffered minor damage. There were 175 businesses with major damage. Storm surge greatly impacted Holiday Beach and Copano Village. The surge punched holes through walls and garage doors on the lower portions of most homes. The surge floated vehicles, recreational vehicles, and boats well inland. The surge approached and flowed across Egery Island Road and Farm to Market 136 in several locations south of Bayside in extreme western Aransas County. Numerous cattle were killed north of Holiday Beach. A large portion of Rattlesnake Point Road was eroded and washed away heading out to Redfish Lodge on Copano Bay. The pier south of the lodge was completely washed away. Storm surge of 4 to 5 feet was common across the county. The maximum storm surge of 12.5 feet occurred in the Aransas National Wildlife Refuge. There were 356 homes that received major damage from storm surge and there were 1126 homes that received minor damage from storm surge. There were 1200 homes that were affected by storm surge. From NOAA photos, there were 14 cuts formed on the southern end of San Jose Island.||In Nueces County, the most significant damage was in Port Aransas where widespread major damage occurred. There were 4170 homes that received major damage and 1036 homes destroyed. Most homes suffered major roof damage while some homes lost roofs and walls collapsed. There were 457 businesses with major damage and slightly more than 1100 homes with minor damage. Mobile homes and recreational vehicles were demolished. Numerous power poles were blown down or snapped. The roofs were damaged at the elementary, middle, and high schools for Port Aransas leading to water damage in the interior. In Corpus Christi, widespread minor property damage was common due to lost shingles and fences down. Some residences and businesses experienced moderate damage mainly across the northern part of the city. Taller buildings downtown suffered more significant damage and lost signs. A few highway signs were blown down. Minor roof damage was common to residences and business in North Padre Island with some areas with moderate damage. Peak wind gusts measured were around 130 mph in Port Aransas. Storm tides were from 6 to 8 feet in Port Aransas as the storm surge entered from the west from Corpus Christi and Redfish Bays. Numerous boats were damaged or destroyed and pushed out of their moorings onto high ground. A large drill boat broke loose, destroyed a pier, and became grounded along the jetty. Two tugs broke loose near the Gulf Intracoastal Waterway with one becoming grounded and the other sinking. Two ferries were damaged when they were pinned against the loading dock. The storm surge inundated Highway 361 along a 10 miles stretch from near the Mustang Island State Park to Port Aransas with the water several feet deep. A few boats became moored near Packery Channel. The Arnold Palmer designed golf course at Palmilla Beach south of Port Aransas was inundated by storm surge with water covering most of the course. Storm tide of 4 to 6 feet impacted residences and businesses in Padre Island from the Laguna Madre. Storm surge caused major damage to 520 homes and minor damage to 1327 homes. Storm surge affected an additional 2200 homes. The Port of Corpus Christi was shutdown for a record 6 days. Port Aransas Independent School District lost 8 buses due to damage from salt water.||In Calhoun County, minor to moderate property damage was common across the city of Port Lavaca with large areas of siding removed from a few well constructed homes. The tops of grain bins in Port Lavaca were peeled off. Numerous trees were blown down in the community of Seadrift. Many homes experienced minor to moderate roof and property damage. Some poorly constructed homes experienced major roof damage. In Port O'Connor, numerous trees were blown down with three quarters of the community experiencing minor roof damage. A few power poles were blown down. Minor to moderate roof damage occurred at Magnolia Beach, Alamo Beach, and Indianola. Over 2100 homes and 72 businesses received major damage while 421 homes were destroyed. There were 1865 homes with minor damage and 1575 homes affected. There was significant damage to the cotton crop in the county. Hundreds of acres unharvested cotton were ruined in the fields. Harvested cotton in modules and bales were damaged by the wind or blown into water filled ditches. The highest wind speed measured was 82 mph with gusts to 110 mph northwest of Seadrift. Storm tides averaged from 6 to 8 feet across Calhoun County with maximum tide levels around 10 feet recorded on the north end of Lavaca Bay while lower tides from 3 to 5 feet occurred from Port O'Connor to southeast of Seadrift next to Espiritu Santo Bay. In Port Lavaca, water from Chocolate Bay inundated the public boat ramp near Buren Road. The lower half of Buren Road was inundated. The entire marina along Lavaca Bay was strongly impacted with 16 boats declared a total loss with many of them sinking in the marina. Several boats were grounded next to the marina. The Bayfront Peninsula Park was inundated. Areas east of Broadway street were inundated with water reaching across Highway 35 in the area near Lighthouse Beach. Piers at Lighthouse Beach Park and Bayfront Peninsula Park were destroyed. Nearly the entire marina in Seadrift was inundated from storm surge with several boats grounded on the marina parking lot. Most of the wooden docks at the marina and a few wooden piers were destroyed. The storm surge reached Bay Avenue almost reaching the beachfront pavilion. Storm surge entered homes near the Bay Avenue and Orange Street intersection. In Magnolia Beach and Indianola, storm surge flooded nearly all of Magnolia Public Beach and crossed North Ocean Drive in a few spots. A few areas of South Ocean Drive near Indianola were inundated. Several older wooden docks and piers were destroyed. In Port O'Connor, storm surge from Matagorda Bay reached half of the way up Kingfisher Beach toward Park Street. The storm surge caused major damage to 56 homes, minor damage to 322 homes, and affected 446 homes across the county. A thousand foot cut was made through Matagorda Island.||In San Patricio County, the worst damage was confined to the eastern half of the county. Almost 8700 homes were affected by the hurricane. There were 155 homes destroyed, 425 homes with major damage, and slightly more than 3300 homes with minor damage. There were 72 businesses with major damage. The hardest hit areas were Aransas Pass and Ingleside where major damage occurred. Widespread roof damage and tree damage occurred in this area. Numerous large power poles were blown down across the eastern half of the county. The water tower in Aransas Pass was destroyed. Roof damage led to extensive interior damage to the Care Regional Medical Center in Aransas Pass. Power outage was widespread with some areas without power for over a week. There was widespread minor roof damage and fences blown down in Portland along with a few trees blown down. Minor roof damage occurred in Taft and a car wash was destroyed. A couple of grain silos at the Midway Gin near Taft were toppled over. Crop damage to cotton stored in modules occurred in the eastern part of the county. The peak wind recorded was in Aransas Pass with sustained wind speed of 100 mph with gusts to 135 mph at Conn Brown Harbor. Survey from the United States Geologic Survey (USGS) indicated a storm tide of around 4 feet impacted the area from Ingleside On-the-Bay to Aransas Pass. Numerous wooden piers and docks were damaged or destroyed. A couple of boats were damaged in the Conn Brown Harbor in Aransas Pass. Major flooding was experienced in the low part of Aransas Pass adjacent to the levee. One home suffered major damage from storm surge while 40 homes had minor damage. Around 540 homes were affected by storm surge.||In Refugio County, widespread moderate structural damage with pockets of major structural damage occurred in Refugio. Most homes and businesses had roof damage, broken windows, and damaged garage doors. Two motels received significant damage to their roofs. Gas station canopies and many signs were destroyed. A few brick structures experienced moderate damage. Numerous trees and power poles were blown down. Roof damage occurred to several churches, every school building in the district except for the athletic facility. The school gymnasiums and auditorium lost portion of their roofs. Several trailer homes and storage buildings were destroyed. There was widespread tree damage with a few very large trees completely uprooted. Widespread moderate structural damage occurred in Bayside, Austwell, and Tivoli. Numerous trees and power poles were blown down including some high tension power poles. In Woodsboro, widespread minor to moderate damage occurred with a few poorly constructed homes with major damage. The elementary gymnasium and auditorium roofs were blown off. Numerous trees and a few power poles were blown down. The Bayside Richardson Coop Gin near Woodsboro sustained major damage and 30 thousand bales of cotton in storage modules were damaged. A sensor deployed by Texas Tech measured sustained winds of 106 mph with gusts to 125 mph just west of Mission Bay before the sensor was hit by debris. Another sensor showed wind speed of 102 mph with gusts to 129 mph north of the intersection of Highway 35 and Farm to Market Road 774 in eastern Refugio County. Around 440 homes were destroyed, around 1050 homes experienced major damage, and 66 businesses suffered major damage. Around 750 homes had minor damage with another 310 homes affected. Storm tide varied across the bay areas of the county. The higher storm tides affected the northeast part of the county as the storm surge pushed in from San Antonio Bay. Storm surge reached 10 feet east of Tivoli near the mouth of the Guadalupe River. Storm tides were lower on the west side of Copano Bay with storm surge only reaching 3 to 4 feet. Water covered Farm to Market Road 136 near the Copano Bay Bridge. Only 2 homes were affected by storm surge in the county.||In Goliad County, widespread minor roof damage occurred in the city of Goliad. Numerous trees and a few power poles were blown down across the county. The roof of the old high school gymnasium was peeled off. A hole was punched in the roof of the new wing of the school. Some class rooms along with the weight room and dressing room suffered water damage. Three families were displaced from homes when roofs and walls collapsed. There was some minor structural damage to some homes in Goliad. Several barns were blown down throughout the county. Some livestock were injured.||In Victoria County, Widespread minor to moderate roof damage occurred in the city of Bloomington. Several mobile homes were destroyed. All but three facilities within the Bloomington school district suffered wind and water damage. Widespread minor roof damage occurred in the city of Victoria. Several trees and a few power poles were blown down. Fences and street signs were blown down across the city. The maximum wind gust recorded in Victoria was 85 mph. Maximum wind gusts in the southern part of the county were around 110 mph. Twenty seven homes were destroyed. Around 75 percent of residential and commercial properties in the county were damaged.   Hundreds of acres of unharvested cotton were damaged in the field. Harvested cotton in modules and bales were damaged also. A few barns and storage buildings were blown down across the county.","Storm tides were from 6 to 8 feet in Port Aransas as the storm surge entered from the west from Corpus Christi and Redfish Bays. Numerous boats were damaged or destroyed and pushed out of their moorings onto high ground. A large drill boat broke loose, destroyed a pier, and became grounded along the jetty. Two tugs broke loose near the Gulf Intracoastal Waterway with one becoming grounded and the other sinking. Two ferries were damaged when they were pinned against the loading dock. The storm surge inundated Highway 361 along a 10 miles stretch from near the Mustang Island State Park to Port Aransas with the water several feet deep. A few boats became moored near Packery Channel. The Arnold Palmer designed golf course at Palmilla Beach south of Port Aransas was inundated by storm surge with water covering most of the course. Storm tide of 4 to 6 feet impacted residences and businesses in Padre Island from the Laguna Madre. Storm surge caused major damage to 520 homes and minor damage to 1327 homes. Storm surge affected an additional 2200 homes. The Port of Corpus Christi was shutdown for a record 6 days. Port Aransas Independent School District lost 8 buses due to damage from salt water.",CSV
201708,25,1500,201708,27,0,119859,720932,TEXAS,48,2017,August,Storm Surge/Tide,Z,247,CALHOUN,CRP,25-Aug-17 15:00:00,CST-6,27-Aug-17 0:00:00,0,0,0,0,30.00M,,NWS Storm Survey,,,,,,,,,,,,,,,,,,,,,,"Major Hurricane Harvey impacted the Middle Texas coast on August 25th and 26th. Harvey was the first category 4 hurricane to strike Texas since Hurricane Carla in 1961. Harvey severely affected the cities of Rockport, Fulton, Port Aransas, Aransas Pass, Ingleside, Holiday Beach, and Refugio. Minor to moderate damage occurred in cities of Portland, Corpus Christi, Seadrift, Woodsboro, Port Lavaca, Goliad, and Victoria.||Harvey weakened to a tropical wave as the system moved across the Caribbean Sea and the Yucatan peninsula from August 18th until the 22nd. Harvey formed into a tropical depression over the southern Gulf of Mexico on the morning of August 23rd. Harvey rapidly intensified from a tropical depression to a major hurricane in 40 hours as it moved northwest toward the Texas coast. Harvey continued to intensify as it approached the Middle Texas coast on August 25th and made landfall as a Category 4 hurricane during the evening hours. Harvey was the first major hurricane to make landfall on the Middle Texas coast since Hurricane Celia in August of 1970. ||Hurricane Harvey slowed down after landfall and weakened into a tropical storm on the afternoon of the 26th. Tropical Storm Harvey became nearly stationary west of Cuero from the evening of the 26th through the morning of the 27th. Harvey drifted southeastward across the Victoria Crossroads on the afternoon of the 27th. Harvey then moved into Matagorda Bay during the morning hours of the 28th and back into northwest Gulf of Mexico later that afternoon. Tropical storm conditions persisted near the northern portion of the Middle Texas coast into the early morning hours of the 29th.||Hurricane Harvey moved inland in Aransas County on San Jose Island around 830 PM CDT August 25th. Harvey had a minimum central pressure of 938 millibars and produced a maximum storm surge of 12.5 feet. Maximum sustained winds were estimated at 130 mph (115 knots) with gusts to 160 mph (140 knots).  In South Texas, the maximum recorded rainfall from Hurricane Harvey was 17.08 inches 4 miles northwest of Victoria. Radar estimates were close to 20 inches over eastern portions of Refugio County. The height of the storm tide, referenced to mean higher high water, ranged from 3 to 5 feet on northern Padre Island and around Port O'Connor to a maximum of 12.5 feet in northeast Aransas County in the Aransas National Wildlife Refuge near San Antonio Bay. Storm tide levels in the interior bays were generally from 5 to 8 feet with higher amounts near 10 feet on the south end of Copano Bay, the north end of Aransas Bay, and the north end of Lavaca Bay. ||There were no direct fatalities from Hurricane Harvey on the Middle Texas Coast. There were 2 indirect fatalities in Rockport and 1 near Bloomington. All of the associated affects from Hurricane Harvey in South Texas from August 25th to August 27th resulted in 14 injuries, $4.5 billion in property damage, and around $65 million in crop damage. Specifically in South Texas, Harvey's inland flooding resulted in $5 million in property damage. One tornado near Seadrift resulted in $10 thousand in property damage. The powerful winds resulted in 14 injuries, $4 billion in property damage, and $65 million in crop damage. The storm tide resulted in $530 million in property damage and a number of drowned livestock. Damage estimates to public property and infrastructure was $130 million in South Texas.||Hurricane Harvey blew down or damaged around 550 power transmission structures. American Electric Power (AEP) repaired or replaced around 5000 distribution poles that were blown down or damaged by Harvey. Almost four million total feet of transmission and distribution conductor were replaced, approximately 712 miles. Power was restored to around 200,000 customers within 2 weeks.||In Aransas County, widespread major damage occurred across the county with a few areas having catastrophic damage. Catastrophic damage was located across Copano Village, Holiday Beach, and Lamar with many homes, some elevated, with second stories completely collapsed. Nearly every structure was greatly impacted. A couple of brick homes were destroyed near Copano Village. Catastrophic damage occurred to homes in the Copano Ridge area. Nearly all the trees in the Holiday Beach, Lamar, and Goose Island State Park area were without leaves with many trees snapped or uprooted. Most of Rockport and Fulton experienced widespread major structural damage. Several homes in the Key Allegro subdivision collapsed. Exterior walls collapsed on the high school gymnasium, on several churches, and on several new hotels. Upper floors of several apartment buildings were removed. Mobile homes and recreational vehicles were demolished. Billboard signs were blown down. Numerous power poles were blown down or snapped. Six hangars were demolished at the Aransas County Airport along with many airplanes. The county remained without power for 2 to 3 weeks. A mesonet wind sensor at Aransas County Airport recorded sustained winds around 110 mph with a peak gust to 150 mph. Nearly 1500 homes were destroyed, almost 3800 homes suffered major damage, and 5350 homes suffered minor damage. There were 175 businesses with major damage. Storm surge greatly impacted Holiday Beach and Copano Village. The surge punched holes through walls and garage doors on the lower portions of most homes. The surge floated vehicles, recreational vehicles, and boats well inland. The surge approached and flowed across Egery Island Road and Farm to Market 136 in several locations south of Bayside in extreme western Aransas County. Numerous cattle were killed north of Holiday Beach. A large portion of Rattlesnake Point Road was eroded and washed away heading out to Redfish Lodge on Copano Bay. The pier south of the lodge was completely washed away. Storm surge of 4 to 5 feet was common across the county. The maximum storm surge of 12.5 feet occurred in the Aransas National Wildlife Refuge. There were 356 homes that received major damage from storm surge and there were 1126 homes that received minor damage from storm surge. There were 1200 homes that were affected by storm surge. From NOAA photos, there were 14 cuts formed on the southern end of San Jose Island.||In Nueces County, the most significant damage was in Port Aransas where widespread major damage occurred. There were 4170 homes that received major damage and 1036 homes destroyed. Most homes suffered major roof damage while some homes lost roofs and walls collapsed. There were 457 businesses with major damage and slightly more than 1100 homes with minor damage. Mobile homes and recreational vehicles were demolished. Numerous power poles were blown down or snapped. The roofs were damaged at the elementary, middle, and high schools for Port Aransas leading to water damage in the interior. In Corpus Christi, widespread minor property damage was common due to lost shingles and fences down. Some residences and businesses experienced moderate damage mainly across the northern part of the city. Taller buildings downtown suffered more significant damage and lost signs. A few highway signs were blown down. Minor roof damage was common to residences and business in North Padre Island with some areas with moderate damage. Peak wind gusts measured were around 130 mph in Port Aransas. Storm tides were from 6 to 8 feet in Port Aransas as the storm surge entered from the west from Corpus Christi and Redfish Bays. Numerous boats were damaged or destroyed and pushed out of their moorings onto high ground. A large drill boat broke loose, destroyed a pier, and became grounded along the jetty. Two tugs broke loose near the Gulf Intracoastal Waterway with one becoming grounded and the other sinking. Two ferries were damaged when they were pinned against the loading dock. The storm surge inundated Highway 361 along a 10 miles stretch from near the Mustang Island State Park to Port Aransas with the water several feet deep. A few boats became moored near Packery Channel. The Arnold Palmer designed golf course at Palmilla Beach south of Port Aransas was inundated by storm surge with water covering most of the course. Storm tide of 4 to 6 feet impacted residences and businesses in Padre Island from the Laguna Madre. Storm surge caused major damage to 520 homes and minor damage to 1327 homes. Storm surge affected an additional 2200 homes. The Port of Corpus Christi was shutdown for a record 6 days. Port Aransas Independent School District lost 8 buses due to damage from salt water.||In Calhoun County, minor to moderate property damage was common across the city of Port Lavaca with large areas of siding removed from a few well constructed homes. The tops of grain bins in Port Lavaca were peeled off. Numerous trees were blown down in the community of Seadrift. Many homes experienced minor to moderate roof and property damage. Some poorly constructed homes experienced major roof damage. In Port O'Connor, numerous trees were blown down with three quarters of the community experiencing minor roof damage. A few power poles were blown down. Minor to moderate roof damage occurred at Magnolia Beach, Alamo Beach, and Indianola. Over 2100 homes and 72 businesses received major damage while 421 homes were destroyed. There were 1865 homes with minor damage and 1575 homes affected. There was significant damage to the cotton crop in the county. Hundreds of acres unharvested cotton were ruined in the fields. Harvested cotton in modules and bales were damaged by the wind or blown into water filled ditches. The highest wind speed measured was 82 mph with gusts to 110 mph northwest of Seadrift. Storm tides averaged from 6 to 8 feet across Calhoun County with maximum tide levels around 10 feet recorded on the north end of Lavaca Bay while lower tides from 3 to 5 feet occurred from Port O'Connor to southeast of Seadrift next to Espiritu Santo Bay. In Port Lavaca, water from Chocolate Bay inundated the public boat ramp near Buren Road. The lower half of Buren Road was inundated. The entire marina along Lavaca Bay was strongly impacted with 16 boats declared a total loss with many of them sinking in the marina. Several boats were grounded next to the marina. The Bayfront Peninsula Park was inundated. Areas east of Broadway street were inundated with water reaching across Highway 35 in the area near Lighthouse Beach. Piers at Lighthouse Beach Park and Bayfront Peninsula Park were destroyed. Nearly the entire marina in Seadrift was inundated from storm surge with several boats grounded on the marina parking lot. Most of the wooden docks at the marina and a few wooden piers were destroyed. The storm surge reached Bay Avenue almost reaching the beachfront pavilion. Storm surge entered homes near the Bay Avenue and Orange Street intersection. In Magnolia Beach and Indianola, storm surge flooded nearly all of Magnolia Public Beach and crossed North Ocean Drive in a few spots. A few areas of South Ocean Drive near Indianola were inundated. Several older wooden docks and piers were destroyed. In Port O'Connor, storm surge from Matagorda Bay reached half of the way up Kingfisher Beach toward Park Street. The storm surge caused major damage to 56 homes, minor damage to 322 homes, and affected 446 homes across the county. A thousand foot cut was made through Matagorda Island.||In San Patricio County, the worst damage was confined to the eastern half of the county. Almost 8700 homes were affected by the hurricane. There were 155 homes destroyed, 425 homes with major damage, and slightly more than 3300 homes with minor damage. There were 72 businesses with major damage. The hardest hit areas were Aransas Pass and Ingleside where major damage occurred. Widespread roof damage and tree damage occurred in this area. Numerous large power poles were blown down across the eastern half of the county. The water tower in Aransas Pass was destroyed. Roof damage led to extensive interior damage to the Care Regional Medical Center in Aransas Pass. Power outage was widespread with some areas without power for over a week. There was widespread minor roof damage and fences blown down in Portland along with a few trees blown down. Minor roof damage occurred in Taft and a car wash was destroyed. A couple of grain silos at the Midway Gin near Taft were toppled over. Crop damage to cotton stored in modules occurred in the eastern part of the county. The peak wind recorded was in Aransas Pass with sustained wind speed of 100 mph with gusts to 135 mph at Conn Brown Harbor. Survey from the United States Geologic Survey (USGS) indicated a storm tide of around 4 feet impacted the area from Ingleside On-the-Bay to Aransas Pass. Numerous wooden piers and docks were damaged or destroyed. A couple of boats were damaged in the Conn Brown Harbor in Aransas Pass. Major flooding was experienced in the low part of Aransas Pass adjacent to the levee. One home suffered major damage from storm surge while 40 homes had minor damage. Around 540 homes were affected by storm surge.||In Refugio County, widespread moderate structural damage with pockets of major structural damage occurred in Refugio. Most homes and businesses had roof damage, broken windows, and damaged garage doors. Two motels received significant damage to their roofs. Gas station canopies and many signs were destroyed. A few brick structures experienced moderate damage. Numerous trees and power poles were blown down. Roof damage occurred to several churches, every school building in the district except for the athletic facility. The school gymnasiums and auditorium lost portion of their roofs. Several trailer homes and storage buildings were destroyed. There was widespread tree damage with a few very large trees completely uprooted. Widespread moderate structural damage occurred in Bayside, Austwell, and Tivoli. Numerous trees and power poles were blown down including some high tension power poles. In Woodsboro, widespread minor to moderate damage occurred with a few poorly constructed homes with major damage. The elementary gymnasium and auditorium roofs were blown off. Numerous trees and a few power poles were blown down. The Bayside Richardson Coop Gin near Woodsboro sustained major damage and 30 thousand bales of cotton in storage modules were damaged. A sensor deployed by Texas Tech measured sustained winds of 106 mph with gusts to 125 mph just west of Mission Bay before the sensor was hit by debris. Another sensor showed wind speed of 102 mph with gusts to 129 mph north of the intersection of Highway 35 and Farm to Market Road 774 in eastern Refugio County. Around 440 homes were destroyed, around 1050 homes experienced major damage, and 66 businesses suffered major damage. Around 750 homes had minor damage with another 310 homes affected. Storm tide varied across the bay areas of the county. The higher storm tides affected the northeast part of the county as the storm surge pushed in from San Antonio Bay. Storm surge reached 10 feet east of Tivoli near the mouth of the Guadalupe River. Storm tides were lower on the west side of Copano Bay with storm surge only reaching 3 to 4 feet. Water covered Farm to Market Road 136 near the Copano Bay Bridge. Only 2 homes were affected by storm surge in the county.||In Goliad County, widespread minor roof damage occurred in the city of Goliad. Numerous trees and a few power poles were blown down across the county. The roof of the old high school gymnasium was peeled off. A hole was punched in the roof of the new wing of the school. Some class rooms along with the weight room and dressing room suffered water damage. Three families were displaced from homes when roofs and walls collapsed. There was some minor structural damage to some homes in Goliad. Several barns were blown down throughout the county. Some livestock were injured.||In Victoria County, Widespread minor to moderate roof damage occurred in the city of Bloomington. Several mobile homes were destroyed. All but three facilities within the Bloomington school district suffered wind and water damage. Widespread minor roof damage occurred in the city of Victoria. Several trees and a few power poles were blown down. Fences and street signs were blown down across the city. The maximum wind gust recorded in Victoria was 85 mph. Maximum wind gusts in the southern part of the county were around 110 mph. Twenty seven homes were destroyed. Around 75 percent of residential and commercial properties in the county were damaged.   Hundreds of acres of unharvested cotton were damaged in the field. Harvested cotton in modules and bales were damaged also. A few barns and storage buildings were blown down across the county.","Storm tides averaged from 6 to 8 feet across Calhoun County with maximum tide levels around 10 feet recorded on the north end of Lavaca Bay while lower tides from 3 to 5 feet occurred from Port O'Connor to southeast of Seadrift next to Espiritu Santo Bay. In Port Lavaca, water from Chocolate Bay inundated the public boat ramp near Buren Road. The lower half of Buren Road was inundated. The entire marina along Lavaca Bay was strongly impacted with 16 boats declared a total loss with many of them sinking in the marina. Several boats were grounded next to the marina. The Bayfront Peninsula Park was inundated. Areas east of Broadway street were inundated with water reaching across Highway 35 in the area near Lighthouse Beach. Piers at Lighthouse Beach Park and Bayfront Peninsula Park were destroyed. Nearly the entire marina in Seadrift was inundated from storm surge with several boats grounded on the marina parking lot. Most of the wooden docks at the marina and a few wooden piers were destroyed. The storm surge reached Bay Avenue almost reaching the beachfront pavilion. Storm surge entered homes near the Bay Avenue and Orange Street intersection. In Magnolia Beach and Indianola, storm surge flooded nearly all of Magnolia Public Beach and crossed North Ocean Drive in a few spots. A few areas of South Ocean Drive near Indianola were inundated. Several older wooden docks and piers were destroyed. In Port O'Connor, storm surge from Matagorda Bay reached half of the way up Kingfisher Beach toward Park Street. The storm surge caused major damage to 56 homes, minor damage to 322 homes, and affected 446 homes across the county. A thousand foot cut was made through Matagorda Island.",CSV
201708,25,2100,201708,27,0,119859,720983,TEXAS,48,2017,August,Storm Surge/Tide,Z,246,REFUGIO,CRP,25-Aug-17 21:00:00,CST-6,27-Aug-17 0:00:00,0,0,0,0,20.00K,0.00K,NWS Storm Survey,,,,,,,,,,,,,,,,,,,,,,"Major Hurricane Harvey impacted the Middle Texas coast on August 25th and 26th. Harvey was the first category 4 hurricane to strike Texas since Hurricane Carla in 1961. Harvey severely affected the cities of Rockport, Fulton, Port Aransas, Aransas Pass, Ingleside, Holiday Beach, and Refugio. Minor to moderate damage occurred in cities of Portland, Corpus Christi, Seadrift, Woodsboro, Port Lavaca, Goliad, and Victoria.||Harvey weakened to a tropical wave as the system moved across the Caribbean Sea and the Yucatan peninsula from August 18th until the 22nd. Harvey formed into a tropical depression over the southern Gulf of Mexico on the morning of August 23rd. Harvey rapidly intensified from a tropical depression to a major hurricane in 40 hours as it moved northwest toward the Texas coast. Harvey continued to intensify as it approached the Middle Texas coast on August 25th and made landfall as a Category 4 hurricane during the evening hours. Harvey was the first major hurricane to make landfall on the Middle Texas coast since Hurricane Celia in August of 1970. ||Hurricane Harvey slowed down after landfall and weakened into a tropical storm on the afternoon of the 26th. Tropical Storm Harvey became nearly stationary west of Cuero from the evening of the 26th through the morning of the 27th. Harvey drifted southeastward across the Victoria Crossroads on the afternoon of the 27th. Harvey then moved into Matagorda Bay during the morning hours of the 28th and back into northwest Gulf of Mexico later that afternoon. Tropical storm conditions persisted near the northern portion of the Middle Texas coast into the early morning hours of the 29th.||Hurricane Harvey moved inland in Aransas County on San Jose Island around 830 PM CDT August 25th. Harvey had a minimum central pressure of 938 millibars and produced a maximum storm surge of 12.5 feet. Maximum sustained winds were estimated at 130 mph (115 knots) with gusts to 160 mph (140 knots).  In South Texas, the maximum recorded rainfall from Hurricane Harvey was 17.08 inches 4 miles northwest of Victoria. Radar estimates were close to 20 inches over eastern portions of Refugio County. The height of the storm tide, referenced to mean higher high water, ranged from 3 to 5 feet on northern Padre Island and around Port O'Connor to a maximum of 12.5 feet in northeast Aransas County in the Aransas National Wildlife Refuge near San Antonio Bay. Storm tide levels in the interior bays were generally from 5 to 8 feet with higher amounts near 10 feet on the south end of Copano Bay, the north end of Aransas Bay, and the north end of Lavaca Bay. ||There were no direct fatalities from Hurricane Harvey on the Middle Texas Coast. There were 2 indirect fatalities in Rockport and 1 near Bloomington. All of the associated affects from Hurricane Harvey in South Texas from August 25th to August 27th resulted in 14 injuries, $4.5 billion in property damage, and around $65 million in crop damage. Specifically in South Texas, Harvey's inland flooding resulted in $5 million in property damage. One tornado near Seadrift resulted in $10 thousand in property damage. The powerful winds resulted in 14 injuries, $4 billion in property damage, and $65 million in crop damage. The storm tide resulted in $530 million in property damage and a number of drowned livestock. Damage estimates to public property and infrastructure was $130 million in South Texas.||Hurricane Harvey blew down or damaged around 550 power transmission structures. American Electric Power (AEP) repaired or replaced around 5000 distribution poles that were blown down or damaged by Harvey. Almost four million total feet of transmission and distribution conductor were replaced, approximately 712 miles. Power was restored to around 200,000 customers within 2 weeks.||In Aransas County, widespread major damage occurred across the county with a few areas having catastrophic damage. Catastrophic damage was located across Copano Village, Holiday Beach, and Lamar with many homes, some elevated, with second stories completely collapsed. Nearly every structure was greatly impacted. A couple of brick homes were destroyed near Copano Village. Catastrophic damage occurred to homes in the Copano Ridge area. Nearly all the trees in the Holiday Beach, Lamar, and Goose Island State Park area were without leaves with many trees snapped or uprooted. Most of Rockport and Fulton experienced widespread major structural damage. Several homes in the Key Allegro subdivision collapsed. Exterior walls collapsed on the high school gymnasium, on several churches, and on several new hotels. Upper floors of several apartment buildings were removed. Mobile homes and recreational vehicles were demolished. Billboard signs were blown down. Numerous power poles were blown down or snapped. Six hangars were demolished at the Aransas County Airport along with many airplanes. The county remained without power for 2 to 3 weeks. A mesonet wind sensor at Aransas County Airport recorded sustained winds around 110 mph with a peak gust to 150 mph. Nearly 1500 homes were destroyed, almost 3800 homes suffered major damage, and 5350 homes suffered minor damage. There were 175 businesses with major damage. Storm surge greatly impacted Holiday Beach and Copano Village. The surge punched holes through walls and garage doors on the lower portions of most homes. The surge floated vehicles, recreational vehicles, and boats well inland. The surge approached and flowed across Egery Island Road and Farm to Market 136 in several locations south of Bayside in extreme western Aransas County. Numerous cattle were killed north of Holiday Beach. A large portion of Rattlesnake Point Road was eroded and washed away heading out to Redfish Lodge on Copano Bay. The pier south of the lodge was completely washed away. Storm surge of 4 to 5 feet was common across the county. The maximum storm surge of 12.5 feet occurred in the Aransas National Wildlife Refuge. There were 356 homes that received major damage from storm surge and there were 1126 homes that received minor damage from storm surge. There were 1200 homes that were affected by storm surge. From NOAA photos, there were 14 cuts formed on the southern end of San Jose Island.||In Nueces County, the most significant damage was in Port Aransas where widespread major damage occurred. There were 4170 homes that received major damage and 1036 homes destroyed. Most homes suffered major roof damage while some homes lost roofs and walls collapsed. There were 457 businesses with major damage and slightly more than 1100 homes with minor damage. Mobile homes and recreational vehicles were demolished. Numerous power poles were blown down or snapped. The roofs were damaged at the elementary, middle, and high schools for Port Aransas leading to water damage in the interior. In Corpus Christi, widespread minor property damage was common due to lost shingles and fences down. Some residences and businesses experienced moderate damage mainly across the northern part of the city. Taller buildings downtown suffered more significant damage and lost signs. A few highway signs were blown down. Minor roof damage was common to residences and business in North Padre Island with some areas with moderate damage. Peak wind gusts measured were around 130 mph in Port Aransas. Storm tides were from 6 to 8 feet in Port Aransas as the storm surge entered from the west from Corpus Christi and Redfish Bays. Numerous boats were damaged or destroyed and pushed out of their moorings onto high ground. A large drill boat broke loose, destroyed a pier, and became grounded along the jetty. Two tugs broke loose near the Gulf Intracoastal Waterway with one becoming grounded and the other sinking. Two ferries were damaged when they were pinned against the loading dock. The storm surge inundated Highway 361 along a 10 miles stretch from near the Mustang Island State Park to Port Aransas with the water several feet deep. A few boats became moored near Packery Channel. The Arnold Palmer designed golf course at Palmilla Beach south of Port Aransas was inundated by storm surge with water covering most of the course. Storm tide of 4 to 6 feet impacted residences and businesses in Padre Island from the Laguna Madre. Storm surge caused major damage to 520 homes and minor damage to 1327 homes. Storm surge affected an additional 2200 homes. The Port of Corpus Christi was shutdown for a record 6 days. Port Aransas Independent School District lost 8 buses due to damage from salt water.||In Calhoun County, minor to moderate property damage was common across the city of Port Lavaca with large areas of siding removed from a few well constructed homes. The tops of grain bins in Port Lavaca were peeled off. Numerous trees were blown down in the community of Seadrift. Many homes experienced minor to moderate roof and property damage. Some poorly constructed homes experienced major roof damage. In Port O'Connor, numerous trees were blown down with three quarters of the community experiencing minor roof damage. A few power poles were blown down. Minor to moderate roof damage occurred at Magnolia Beach, Alamo Beach, and Indianola. Over 2100 homes and 72 businesses received major damage while 421 homes were destroyed. There were 1865 homes with minor damage and 1575 homes affected. There was significant damage to the cotton crop in the county. Hundreds of acres unharvested cotton were ruined in the fields. Harvested cotton in modules and bales were damaged by the wind or blown into water filled ditches. The highest wind speed measured was 82 mph with gusts to 110 mph northwest of Seadrift. Storm tides averaged from 6 to 8 feet across Calhoun County with maximum tide levels around 10 feet recorded on the north end of Lavaca Bay while lower tides from 3 to 5 feet occurred from Port O'Connor to southeast of Seadrift next to Espiritu Santo Bay. In Port Lavaca, water from Chocolate Bay inundated the public boat ramp near Buren Road. The lower half of Buren Road was inundated. The entire marina along Lavaca Bay was strongly impacted with 16 boats declared a total loss with many of them sinking in the marina. Several boats were grounded next to the marina. The Bayfront Peninsula Park was inundated. Areas east of Broadway street were inundated with water reaching across Highway 35 in the area near Lighthouse Beach. Piers at Lighthouse Beach Park and Bayfront Peninsula Park were destroyed. Nearly the entire marina in Seadrift was inundated from storm surge with several boats grounded on the marina parking lot. Most of the wooden docks at the marina and a few wooden piers were destroyed. The storm surge reached Bay Avenue almost reaching the beachfront pavilion. Storm surge entered homes near the Bay Avenue and Orange Street intersection. In Magnolia Beach and Indianola, storm surge flooded nearly all of Magnolia Public Beach and crossed North Ocean Drive in a few spots. A few areas of South Ocean Drive near Indianola were inundated. Several older wooden docks and piers were destroyed. In Port O'Connor, storm surge from Matagorda Bay reached half of the way up Kingfisher Beach toward Park Street. The storm surge caused major damage to 56 homes, minor damage to 322 homes, and affected 446 homes across the county. A thousand foot cut was made through Matagorda Island.||In San Patricio County, the worst damage was confined to the eastern half of the county. Almost 8700 homes were affected by the hurricane. There were 155 homes destroyed, 425 homes with major damage, and slightly more than 3300 homes with minor damage. There were 72 businesses with major damage. The hardest hit areas were Aransas Pass and Ingleside where major damage occurred. Widespread roof damage and tree damage occurred in this area. Numerous large power poles were blown down across the eastern half of the county. The water tower in Aransas Pass was destroyed. Roof damage led to extensive interior damage to the Care Regional Medical Center in Aransas Pass. Power outage was widespread with some areas without power for over a week. There was widespread minor roof damage and fences blown down in Portland along with a few trees blown down. Minor roof damage occurred in Taft and a car wash was destroyed. A couple of grain silos at the Midway Gin near Taft were toppled over. Crop damage to cotton stored in modules occurred in the eastern part of the county. The peak wind recorded was in Aransas Pass with sustained wind speed of 100 mph with gusts to 135 mph at Conn Brown Harbor. Survey from the United States Geologic Survey (USGS) indicated a storm tide of around 4 feet impacted the area from Ingleside On-the-Bay to Aransas Pass. Numerous wooden piers and docks were damaged or destroyed. A couple of boats were damaged in the Conn Brown Harbor in Aransas Pass. Major flooding was experienced in the low part of Aransas Pass adjacent to the levee. One home suffered major damage from storm surge while 40 homes had minor damage. Around 540 homes were affected by storm surge.||In Refugio County, widespread moderate structural damage with pockets of major structural damage occurred in Refugio. Most homes and businesses had roof damage, broken windows, and damaged garage doors. Two motels received significant damage to their roofs. Gas station canopies and many signs were destroyed. A few brick structures experienced moderate damage. Numerous trees and power poles were blown down. Roof damage occurred to several churches, every school building in the district except for the athletic facility. The school gymnasiums and auditorium lost portion of their roofs. Several trailer homes and storage buildings were destroyed. There was widespread tree damage with a few very large trees completely uprooted. Widespread moderate structural damage occurred in Bayside, Austwell, and Tivoli. Numerous trees and power poles were blown down including some high tension power poles. In Woodsboro, widespread minor to moderate damage occurred with a few poorly constructed homes with major damage. The elementary gymnasium and auditorium roofs were blown off. Numerous trees and a few power poles were blown down. The Bayside Richardson Coop Gin near Woodsboro sustained major damage and 30 thousand bales of cotton in storage modules were damaged. A sensor deployed by Texas Tech measured sustained winds of 106 mph with gusts to 125 mph just west of Mission Bay before the sensor was hit by debris. Another sensor showed wind speed of 102 mph with gusts to 129 mph north of the intersection of Highway 35 and Farm to Market Road 774 in eastern Refugio County. Around 440 homes were destroyed, around 1050 homes experienced major damage, and 66 businesses suffered major damage. Around 750 homes had minor damage with another 310 homes affected. Storm tide varied across the bay areas of the county. The higher storm tides affected the northeast part of the county as the storm surge pushed in from San Antonio Bay. Storm surge reached 10 feet east of Tivoli near the mouth of the Guadalupe River. Storm tides were lower on the west side of Copano Bay with storm surge only reaching 3 to 4 feet. Water covered Farm to Market Road 136 near the Copano Bay Bridge. Only 2 homes were affected by storm surge in the county.||In Goliad County, widespread minor roof damage occurred in the city of Goliad. Numerous trees and a few power poles were blown down across the county. The roof of the old high school gymnasium was peeled off. A hole was punched in the roof of the new wing of the school. Some class rooms along with the weight room and dressing room suffered water damage. Three families were displaced from homes when roofs and walls collapsed. There was some minor structural damage to some homes in Goliad. Several barns were blown down throughout the county. Some livestock were injured.||In Victoria County, Widespread minor to moderate roof damage occurred in the city of Bloomington. Several mobile homes were destroyed. All but three facilities within the Bloomington school district suffered wind and water damage. Widespread minor roof damage occurred in the city of Victoria. Several trees and a few power poles were blown down. Fences and street signs were blown down across the city. The maximum wind gust recorded in Victoria was 85 mph. Maximum wind gusts in the southern part of the county were around 110 mph. Twenty seven homes were destroyed. Around 75 percent of residential and commercial properties in the county were damaged.   Hundreds of acres of unharvested cotton were damaged in the field. Harvested cotton in modules and bales were damaged also. A few barns and storage buildings were blown down across the county.",Storm tide varied across the bay areas of the county. The higher storm tides affected the northeast part of the county as the storm surge pushed in from San Antonio Bay. Storm surge reached 10 feet east of Tivoli near the mouth of the Guadalupe River. Storm tides were lower on the west side of Copano Bay with storm surge only reaching 3 to 4 feet. Water covered Farm to Market Road 136 near the Copano Bay Bridge. Only 2 homes were affected by storm surge in the county.,CSV
201708,25,2345,201708,26,245,119753,721321,TEXAS,48,2017,August,Flash Flood,C,239,JACKSON,HGX,25-Aug-17 23:45:00,CST-6,26-Aug-17 2:45:00,0,0,0,0,100.00K,0.00K,Emergency Manager,,,Heavy Rain / Tropical System,,,,,,,,,5,W,MORALES,3,W,EL TORO,29.1204,-96.8479,28.9542,-96.7566,"Harvey made landfall as a category 4 hurricane near Rockport, Texas during the evening of August 25th. The storm then weakened to a tropical storm and slowed,  looping back and tracking over SE Texas then back over the Gulf of Mexico making a second landfall along the Louisiana coast during the early morning hours of August 30th. Over that 5 day period over Southeast Texas TS Harvey produced catastrophic flooding with a large area of 30 to 60 inches of rain, 23 tornadoes, tropical storm force winds and a moderate storm surge near Matagorda Bay.  In some of the heavier bands rain fell at a rate of over 5 inches per hour. This copious record amount of rain over a  led to catastrophic flooding. Thousands of homes, businesses, and roads were flooded due to flash flooding and sheet flow from long duration intense rain. Main stem rivers and adjoining tributaries, creeks and bayous reached full capacity and came out of their banks and this also contributed to the massive flooding across southeastern Texas.","County roads 283, 284, 401, and 127 north of the town of Edna were inundated with flood waters.",CSV
201708,25,2000,201708,26,1200,119859,720951,TEXAS,48,2017,August,Hurricane,Z,246,REFUGIO,CRP,25-Aug-17 20:00:00,CST-6,26-Aug-17 12:00:00,0,0,0,0,500.00M,20.00M,NWS Storm Survey,,,,4,,,,,,,,,,,,,,,,,,"Major Hurricane Harvey impacted the Middle Texas coast on August 25th and 26th. Harvey was the first category 4 hurricane to strike Texas since Hurricane Carla in 1961. Harvey severely affected the cities of Rockport, Fulton, Port Aransas, Aransas Pass, Ingleside, Holiday Beach, and Refugio. Minor to moderate damage occurred in cities of Portland, Corpus Christi, Seadrift, Woodsboro, Port Lavaca, Goliad, and Victoria.||Harvey weakened to a tropical wave as the system moved across the Caribbean Sea and the Yucatan peninsula from August 18th until the 22nd. Harvey formed into a tropical depression over the southern Gulf of Mexico on the morning of August 23rd. Harvey rapidly intensified from a tropical depression to a major hurricane in 40 hours as it moved northwest toward the Texas coast. Harvey continued to intensify as it approached the Middle Texas coast on August 25th and made landfall as a Category 4 hurricane during the evening hours. Harvey was the first major hurricane to make landfall on the Middle Texas coast since Hurricane Celia in August of 1970. ||Hurricane Harvey slowed down after landfall and weakened into a tropical storm on the afternoon of the 26th. Tropical Storm Harvey became nearly stationary west of Cuero from the evening of the 26th through the morning of the 27th. Harvey drifted southeastward across the Victoria Crossroads on the afternoon of the 27th. Harvey then moved into Matagorda Bay during the morning hours of the 28th and back into northwest Gulf of Mexico later that afternoon. Tropical storm conditions persisted near the northern portion of the Middle Texas coast into the early morning hours of the 29th.||Hurricane Harvey moved inland in Aransas County on San Jose Island around 830 PM CDT August 25th. Harvey had a minimum central pressure of 938 millibars and produced a maximum storm surge of 12.5 feet. Maximum sustained winds were estimated at 130 mph (115 knots) with gusts to 160 mph (140 knots).  In South Texas, the maximum recorded rainfall from Hurricane Harvey was 17.08 inches 4 miles northwest of Victoria. Radar estimates were close to 20 inches over eastern portions of Refugio County. The height of the storm tide, referenced to mean higher high water, ranged from 3 to 5 feet on northern Padre Island and around Port O'Connor to a maximum of 12.5 feet in northeast Aransas County in the Aransas National Wildlife Refuge near San Antonio Bay. Storm tide levels in the interior bays were generally from 5 to 8 feet with higher amounts near 10 feet on the south end of Copano Bay, the north end of Aransas Bay, and the north end of Lavaca Bay. ||There were no direct fatalities from Hurricane Harvey on the Middle Texas Coast. There were 2 indirect fatalities in Rockport and 1 near Bloomington. All of the associated affects from Hurricane Harvey in South Texas from August 25th to August 27th resulted in 14 injuries, $4.5 billion in property damage, and around $65 million in crop damage. Specifically in South Texas, Harvey's inland flooding resulted in $5 million in property damage. One tornado near Seadrift resulted in $10 thousand in property damage. The powerful winds resulted in 14 injuries, $4 billion in property damage, and $65 million in crop damage. The storm tide resulted in $530 million in property damage and a number of drowned livestock. Damage estimates to public property and infrastructure was $130 million in South Texas.||Hurricane Harvey blew down or damaged around 550 power transmission structures. American Electric Power (AEP) repaired or replaced around 5000 distribution poles that were blown down or damaged by Harvey. Almost four million total feet of transmission and distribution conductor were replaced, approximately 712 miles. Power was restored to around 200,000 customers within 2 weeks.||In Aransas County, widespread major damage occurred across the county with a few areas having catastrophic damage. Catastrophic damage was located across Copano Village, Holiday Beach, and Lamar with many homes, some elevated, with second stories completely collapsed. Nearly every structure was greatly impacted. A couple of brick homes were destroyed near Copano Village. Catastrophic damage occurred to homes in the Copano Ridge area. Nearly all the trees in the Holiday Beach, Lamar, and Goose Island State Park area were without leaves with many trees snapped or uprooted. Most of Rockport and Fulton experienced widespread major structural damage. Several homes in the Key Allegro subdivision collapsed. Exterior walls collapsed on the high school gymnasium, on several churches, and on several new hotels. Upper floors of several apartment buildings were removed. Mobile homes and recreational vehicles were demolished. Billboard signs were blown down. Numerous power poles were blown down or snapped. Six hangars were demolished at the Aransas County Airport along with many airplanes. The county remained without power for 2 to 3 weeks. A mesonet wind sensor at Aransas County Airport recorded sustained winds around 110 mph with a peak gust to 150 mph. Nearly 1500 homes were destroyed, almost 3800 homes suffered major damage, and 5350 homes suffered minor damage. There were 175 businesses with major damage. Storm surge greatly impacted Holiday Beach and Copano Village. The surge punched holes through walls and garage doors on the lower portions of most homes. The surge floated vehicles, recreational vehicles, and boats well inland. The surge approached and flowed across Egery Island Road and Farm to Market 136 in several locations south of Bayside in extreme western Aransas County. Numerous cattle were killed north of Holiday Beach. A large portion of Rattlesnake Point Road was eroded and washed away heading out to Redfish Lodge on Copano Bay. The pier south of the lodge was completely washed away. Storm surge of 4 to 5 feet was common across the county. The maximum storm surge of 12.5 feet occurred in the Aransas National Wildlife Refuge. There were 356 homes that received major damage from storm surge and there were 1126 homes that received minor damage from storm surge. There were 1200 homes that were affected by storm surge. From NOAA photos, there were 14 cuts formed on the southern end of San Jose Island.||In Nueces County, the most significant damage was in Port Aransas where widespread major damage occurred. There were 4170 homes that received major damage and 1036 homes destroyed. Most homes suffered major roof damage while some homes lost roofs and walls collapsed. There were 457 businesses with major damage and slightly more than 1100 homes with minor damage. Mobile homes and recreational vehicles were demolished. Numerous power poles were blown down or snapped. The roofs were damaged at the elementary, middle, and high schools for Port Aransas leading to water damage in the interior. In Corpus Christi, widespread minor property damage was common due to lost shingles and fences down. Some residences and businesses experienced moderate damage mainly across the northern part of the city. Taller buildings downtown suffered more significant damage and lost signs. A few highway signs were blown down. Minor roof damage was common to residences and business in North Padre Island with some areas with moderate damage. Peak wind gusts measured were around 130 mph in Port Aransas. Storm tides were from 6 to 8 feet in Port Aransas as the storm surge entered from the west from Corpus Christi and Redfish Bays. Numerous boats were damaged or destroyed and pushed out of their moorings onto high ground. A large drill boat broke loose, destroyed a pier, and became grounded along the jetty. Two tugs broke loose near the Gulf Intracoastal Waterway with one becoming grounded and the other sinking. Two ferries were damaged when they were pinned against the loading dock. The storm surge inundated Highway 361 along a 10 miles stretch from near the Mustang Island State Park to Port Aransas with the water several feet deep. A few boats became moored near Packery Channel. The Arnold Palmer designed golf course at Palmilla Beach south of Port Aransas was inundated by storm surge with water covering most of the course. Storm tide of 4 to 6 feet impacted residences and businesses in Padre Island from the Laguna Madre. Storm surge caused major damage to 520 homes and minor damage to 1327 homes. Storm surge affected an additional 2200 homes. The Port of Corpus Christi was shutdown for a record 6 days. Port Aransas Independent School District lost 8 buses due to damage from salt water.||In Calhoun County, minor to moderate property damage was common across the city of Port Lavaca with large areas of siding removed from a few well constructed homes. The tops of grain bins in Port Lavaca were peeled off. Numerous trees were blown down in the community of Seadrift. Many homes experienced minor to moderate roof and property damage. Some poorly constructed homes experienced major roof damage. In Port O'Connor, numerous trees were blown down with three quarters of the community experiencing minor roof damage. A few power poles were blown down. Minor to moderate roof damage occurred at Magnolia Beach, Alamo Beach, and Indianola. Over 2100 homes and 72 businesses received major damage while 421 homes were destroyed. There were 1865 homes with minor damage and 1575 homes affected. There was significant damage to the cotton crop in the county. Hundreds of acres unharvested cotton were ruined in the fields. Harvested cotton in modules and bales were damaged by the wind or blown into water filled ditches. The highest wind speed measured was 82 mph with gusts to 110 mph northwest of Seadrift. Storm tides averaged from 6 to 8 feet across Calhoun County with maximum tide levels around 10 feet recorded on the north end of Lavaca Bay while lower tides from 3 to 5 feet occurred from Port O'Connor to southeast of Seadrift next to Espiritu Santo Bay. In Port Lavaca, water from Chocolate Bay inundated the public boat ramp near Buren Road. The lower half of Buren Road was inundated. The entire marina along Lavaca Bay was strongly impacted with 16 boats declared a total loss with many of them sinking in the marina. Several boats were grounded next to the marina. The Bayfront Peninsula Park was inundated. Areas east of Broadway street were inundated with water reaching across Highway 35 in the area near Lighthouse Beach. Piers at Lighthouse Beach Park and Bayfront Peninsula Park were destroyed. Nearly the entire marina in Seadrift was inundated from storm surge with several boats grounded on the marina parking lot. Most of the wooden docks at the marina and a few wooden piers were destroyed. The storm surge reached Bay Avenue almost reaching the beachfront pavilion. Storm surge entered homes near the Bay Avenue and Orange Street intersection. In Magnolia Beach and Indianola, storm surge flooded nearly all of Magnolia Public Beach and crossed North Ocean Drive in a few spots. A few areas of South Ocean Drive near Indianola were inundated. Several older wooden docks and piers were destroyed. In Port O'Connor, storm surge from Matagorda Bay reached half of the way up Kingfisher Beach toward Park Street. The storm surge caused major damage to 56 homes, minor damage to 322 homes, and affected 446 homes across the county. A thousand foot cut was made through Matagorda Island.||In San Patricio County, the worst damage was confined to the eastern half of the county. Almost 8700 homes were affected by the hurricane. There were 155 homes destroyed, 425 homes with major damage, and slightly more than 3300 homes with minor damage. There were 72 businesses with major damage. The hardest hit areas were Aransas Pass and Ingleside where major damage occurred. Widespread roof damage and tree damage occurred in this area. Numerous large power poles were blown down across the eastern half of the county. The water tower in Aransas Pass was destroyed. Roof damage led to extensive interior damage to the Care Regional Medical Center in Aransas Pass. Power outage was widespread with some areas without power for over a week. There was widespread minor roof damage and fences blown down in Portland along with a few trees blown down. Minor roof damage occurred in Taft and a car wash was destroyed. A couple of grain silos at the Midway Gin near Taft were toppled over. Crop damage to cotton stored in modules occurred in the eastern part of the county. The peak wind recorded was in Aransas Pass with sustained wind speed of 100 mph with gusts to 135 mph at Conn Brown Harbor. Survey from the United States Geologic Survey (USGS) indicated a storm tide of around 4 feet impacted the area from Ingleside On-the-Bay to Aransas Pass. Numerous wooden piers and docks were damaged or destroyed. A couple of boats were damaged in the Conn Brown Harbor in Aransas Pass. Major flooding was experienced in the low part of Aransas Pass adjacent to the levee. One home suffered major damage from storm surge while 40 homes had minor damage. Around 540 homes were affected by storm surge.||In Refugio County, widespread moderate structural damage with pockets of major structural damage occurred in Refugio. Most homes and businesses had roof damage, broken windows, and damaged garage doors. Two motels received significant damage to their roofs. Gas station canopies and many signs were destroyed. A few brick structures experienced moderate damage. Numerous trees and power poles were blown down. Roof damage occurred to several churches, every school building in the district except for the athletic facility. The school gymnasiums and auditorium lost portion of their roofs. Several trailer homes and storage buildings were destroyed. There was widespread tree damage with a few very large trees completely uprooted. Widespread moderate structural damage occurred in Bayside, Austwell, and Tivoli. Numerous trees and power poles were blown down including some high tension power poles. In Woodsboro, widespread minor to moderate damage occurred with a few poorly constructed homes with major damage. The elementary gymnasium and auditorium roofs were blown off. Numerous trees and a few power poles were blown down. The Bayside Richardson Coop Gin near Woodsboro sustained major damage and 30 thousand bales of cotton in storage modules were damaged. A sensor deployed by Texas Tech measured sustained winds of 106 mph with gusts to 125 mph just west of Mission Bay before the sensor was hit by debris. Another sensor showed wind speed of 102 mph with gusts to 129 mph north of the intersection of Highway 35 and Farm to Market Road 774 in eastern Refugio County. Around 440 homes were destroyed, around 1050 homes experienced major damage, and 66 businesses suffered major damage. Around 750 homes had minor damage with another 310 homes affected. Storm tide varied across the bay areas of the county. The higher storm tides affected the northeast part of the county as the storm surge pushed in from San Antonio Bay. Storm surge reached 10 feet east of Tivoli near the mouth of the Guadalupe River. Storm tides were lower on the west side of Copano Bay with storm surge only reaching 3 to 4 feet. Water covered Farm to Market Road 136 near the Copano Bay Bridge. Only 2 homes were affected by storm surge in the county.||In Goliad County, widespread minor roof damage occurred in the city of Goliad. Numerous trees and a few power poles were blown down across the county. The roof of the old high school gymnasium was peeled off. A hole was punched in the roof of the new wing of the school. Some class rooms along with the weight room and dressing room suffered water damage. Three families were displaced from homes when roofs and walls collapsed. There was some minor structural damage to some homes in Goliad. Several barns were blown down throughout the county. Some livestock were injured.||In Victoria County, Widespread minor to moderate roof damage occurred in the city of Bloomington. Several mobile homes were destroyed. All but three facilities within the Bloomington school district suffered wind and water damage. Widespread minor roof damage occurred in the city of Victoria. Several trees and a few power poles were blown down. Fences and street signs were blown down across the city. The maximum wind gust recorded in Victoria was 85 mph. Maximum wind gusts in the southern part of the county were around 110 mph. Twenty seven homes were destroyed. Around 75 percent of residential and commercial properties in the county were damaged.   Hundreds of acres of unharvested cotton were damaged in the field. Harvested cotton in modules and bales were damaged also. A few barns and storage buildings were blown down across the county.","Widespread moderate structural damage with pockets of major structural damage occurred in Refugio. Most homes and businesses had roof damage, broken windows, and damaged garage doors. Two motels received significant damage to their roofs. Gas station canopies and many signs were destroyed. A few brick structures experienced moderate damage. Numerous trees and power poles were blown down. Roof damage occurred to several churches and every school building in the district except for the athletic facility. The school gymnasiums and auditorium lost portion of their roofs. Several trailer homes and storage buildings were destroyed. There was widespread tree damage with a few very large trees completely uprooted. Widespread moderate structural damage occurred in Bayside, Austwell, and Tivoli. Numerous trees and power poles were blown down including some high tension power poles. In Woodsboro, widespread minor to moderate damage occurred with a few poorly constructed homes with major damage. The elementary gymnasium and auditorium roofs were blown off. Numerous trees and a few power poles were blown down. The Bayside Richardson Coop Gin near Woodsboro sustained major damage and 30 thousand bales of cotton in storage modules were damaged. A sensor deployed by Texas Tech measured sustained winds of 106 mph with gusts to 125 mph just west of Mission Bay before the sensor was hit by debris. Another sensor showed wind speed of 102 mph with gusts to 129 mph north of the intersection of Highway 35 and Farm to Market Road 774 in eastern Refugio County. Around 440 homes were destroyed, around 1050 homes experienced major damage, and 66 businesses suffered major damage. Around 750 homes had minor damage with another 310 homes affected.",CSV
201708,25,1700,201708,26,1200,119859,718519,TEXAS,48,2017,August,Hurricane,Z,245,ARANSAS,CRP,25-Aug-17 17:00:00,CST-6,26-Aug-17 12:00:00,14,50,0,2,1.75B,,Official NWS Observations,,,,4,,,,,,,,,,,,,,,,,,"Major Hurricane Harvey impacted the Middle Texas coast on August 25th and 26th. Harvey was the first category 4 hurricane to strike Texas since Hurricane Carla in 1961. Harvey severely affected the cities of Rockport, Fulton, Port Aransas, Aransas Pass, Ingleside, Holiday Beach, and Refugio. Minor to moderate damage occurred in cities of Portland, Corpus Christi, Seadrift, Woodsboro, Port Lavaca, Goliad, and Victoria.||Harvey weakened to a tropical wave as the system moved across the Caribbean Sea and the Yucatan peninsula from August 18th until the 22nd. Harvey formed into a tropical depression over the southern Gulf of Mexico on the morning of August 23rd. Harvey rapidly intensified from a tropical depression to a major hurricane in 40 hours as it moved northwest toward the Texas coast. Harvey continued to intensify as it approached the Middle Texas coast on August 25th and made landfall as a Category 4 hurricane during the evening hours. Harvey was the first major hurricane to make landfall on the Middle Texas coast since Hurricane Celia in August of 1970. ||Hurricane Harvey slowed down after landfall and weakened into a tropical storm on the afternoon of the 26th. Tropical Storm Harvey became nearly stationary west of Cuero from the evening of the 26th through the morning of the 27th. Harvey drifted southeastward across the Victoria Crossroads on the afternoon of the 27th. Harvey then moved into Matagorda Bay during the morning hours of the 28th and back into northwest Gulf of Mexico later that afternoon. Tropical storm conditions persisted near the northern portion of the Middle Texas coast into the early morning hours of the 29th.||Hurricane Harvey moved inland in Aransas County on San Jose Island around 830 PM CDT August 25th. Harvey had a minimum central pressure of 938 millibars and produced a maximum storm surge of 12.5 feet. Maximum sustained winds were estimated at 130 mph (115 knots) with gusts to 160 mph (140 knots).  In South Texas, the maximum recorded rainfall from Hurricane Harvey was 17.08 inches 4 miles northwest of Victoria. Radar estimates were close to 20 inches over eastern portions of Refugio County. The height of the storm tide, referenced to mean higher high water, ranged from 3 to 5 feet on northern Padre Island and around Port O'Connor to a maximum of 12.5 feet in northeast Aransas County in the Aransas National Wildlife Refuge near San Antonio Bay. Storm tide levels in the interior bays were generally from 5 to 8 feet with higher amounts near 10 feet on the south end of Copano Bay, the north end of Aransas Bay, and the north end of Lavaca Bay. ||There were no direct fatalities from Hurricane Harvey on the Middle Texas Coast. There were 2 indirect fatalities in Rockport and 1 near Bloomington. All of the associated affects from Hurricane Harvey in South Texas from August 25th to August 27th resulted in 14 injuries, $4.5 billion in property damage, and around $65 million in crop damage. Specifically in South Texas, Harvey's inland flooding resulted in $5 million in property damage. One tornado near Seadrift resulted in $10 thousand in property damage. The powerful winds resulted in 14 injuries, $4 billion in property damage, and $65 million in crop damage. The storm tide resulted in $530 million in property damage and a number of drowned livestock. Damage estimates to public property and infrastructure was $130 million in South Texas.||Hurricane Harvey blew down or damaged around 550 power transmission structures. American Electric Power (AEP) repaired or replaced around 5000 distribution poles that were blown down or damaged by Harvey. Almost four million total feet of transmission and distribution conductor were replaced, approximately 712 miles. Power was restored to around 200,000 customers within 2 weeks.||In Aransas County, widespread major damage occurred across the county with a few areas having catastrophic damage. Catastrophic damage was located across Copano Village, Holiday Beach, and Lamar with many homes, some elevated, with second stories completely collapsed. Nearly every structure was greatly impacted. A couple of brick homes were destroyed near Copano Village. Catastrophic damage occurred to homes in the Copano Ridge area. Nearly all the trees in the Holiday Beach, Lamar, and Goose Island State Park area were without leaves with many trees snapped or uprooted. Most of Rockport and Fulton experienced widespread major structural damage. Several homes in the Key Allegro subdivision collapsed. Exterior walls collapsed on the high school gymnasium, on several churches, and on several new hotels. Upper floors of several apartment buildings were removed. Mobile homes and recreational vehicles were demolished. Billboard signs were blown down. Numerous power poles were blown down or snapped. Six hangars were demolished at the Aransas County Airport along with many airplanes. The county remained without power for 2 to 3 weeks. A mesonet wind sensor at Aransas County Airport recorded sustained winds around 110 mph with a peak gust to 150 mph. Nearly 1500 homes were destroyed, almost 3800 homes suffered major damage, and 5350 homes suffered minor damage. There were 175 businesses with major damage. Storm surge greatly impacted Holiday Beach and Copano Village. The surge punched holes through walls and garage doors on the lower portions of most homes. The surge floated vehicles, recreational vehicles, and boats well inland. The surge approached and flowed across Egery Island Road and Farm to Market 136 in several locations south of Bayside in extreme western Aransas County. Numerous cattle were killed north of Holiday Beach. A large portion of Rattlesnake Point Road was eroded and washed away heading out to Redfish Lodge on Copano Bay. The pier south of the lodge was completely washed away. Storm surge of 4 to 5 feet was common across the county. The maximum storm surge of 12.5 feet occurred in the Aransas National Wildlife Refuge. There were 356 homes that received major damage from storm surge and there were 1126 homes that received minor damage from storm surge. There were 1200 homes that were affected by storm surge. From NOAA photos, there were 14 cuts formed on the southern end of San Jose Island.||In Nueces County, the most significant damage was in Port Aransas where widespread major damage occurred. There were 4170 homes that received major damage and 1036 homes destroyed. Most homes suffered major roof damage while some homes lost roofs and walls collapsed. There were 457 businesses with major damage and slightly more than 1100 homes with minor damage. Mobile homes and recreational vehicles were demolished. Numerous power poles were blown down or snapped. The roofs were damaged at the elementary, middle, and high schools for Port Aransas leading to water damage in the interior. In Corpus Christi, widespread minor property damage was common due to lost shingles and fences down. Some residences and businesses experienced moderate damage mainly across the northern part of the city. Taller buildings downtown suffered more significant damage and lost signs. A few highway signs were blown down. Minor roof damage was common to residences and business in North Padre Island with some areas with moderate damage. Peak wind gusts measured were around 130 mph in Port Aransas. Storm tides were from 6 to 8 feet in Port Aransas as the storm surge entered from the west from Corpus Christi and Redfish Bays. Numerous boats were damaged or destroyed and pushed out of their moorings onto high ground. A large drill boat broke loose, destroyed a pier, and became grounded along the jetty. Two tugs broke loose near the Gulf Intracoastal Waterway with one becoming grounded and the other sinking. Two ferries were damaged when they were pinned against the loading dock. The storm surge inundated Highway 361 along a 10 miles stretch from near the Mustang Island State Park to Port Aransas with the water several feet deep. A few boats became moored near Packery Channel. The Arnold Palmer designed golf course at Palmilla Beach south of Port Aransas was inundated by storm surge with water covering most of the course. Storm tide of 4 to 6 feet impacted residences and businesses in Padre Island from the Laguna Madre. Storm surge caused major damage to 520 homes and minor damage to 1327 homes. Storm surge affected an additional 2200 homes. The Port of Corpus Christi was shutdown for a record 6 days. Port Aransas Independent School District lost 8 buses due to damage from salt water.||In Calhoun County, minor to moderate property damage was common across the city of Port Lavaca with large areas of siding removed from a few well constructed homes. The tops of grain bins in Port Lavaca were peeled off. Numerous trees were blown down in the community of Seadrift. Many homes experienced minor to moderate roof and property damage. Some poorly constructed homes experienced major roof damage. In Port O'Connor, numerous trees were blown down with three quarters of the community experiencing minor roof damage. A few power poles were blown down. Minor to moderate roof damage occurred at Magnolia Beach, Alamo Beach, and Indianola. Over 2100 homes and 72 businesses received major damage while 421 homes were destroyed. There were 1865 homes with minor damage and 1575 homes affected. There was significant damage to the cotton crop in the county. Hundreds of acres unharvested cotton were ruined in the fields. Harvested cotton in modules and bales were damaged by the wind or blown into water filled ditches. The highest wind speed measured was 82 mph with gusts to 110 mph northwest of Seadrift. Storm tides averaged from 6 to 8 feet across Calhoun County with maximum tide levels around 10 feet recorded on the north end of Lavaca Bay while lower tides from 3 to 5 feet occurred from Port O'Connor to southeast of Seadrift next to Espiritu Santo Bay. In Port Lavaca, water from Chocolate Bay inundated the public boat ramp near Buren Road. The lower half of Buren Road was inundated. The entire marina along Lavaca Bay was strongly impacted with 16 boats declared a total loss with many of them sinking in the marina. Several boats were grounded next to the marina. The Bayfront Peninsula Park was inundated. Areas east of Broadway street were inundated with water reaching across Highway 35 in the area near Lighthouse Beach. Piers at Lighthouse Beach Park and Bayfront Peninsula Park were destroyed. Nearly the entire marina in Seadrift was inundated from storm surge with several boats grounded on the marina parking lot. Most of the wooden docks at the marina and a few wooden piers were destroyed. The storm surge reached Bay Avenue almost reaching the beachfront pavilion. Storm surge entered homes near the Bay Avenue and Orange Street intersection. In Magnolia Beach and Indianola, storm surge flooded nearly all of Magnolia Public Beach and crossed North Ocean Drive in a few spots. A few areas of South Ocean Drive near Indianola were inundated. Several older wooden docks and piers were destroyed. In Port O'Connor, storm surge from Matagorda Bay reached half of the way up Kingfisher Beach toward Park Street. The storm surge caused major damage to 56 homes, minor damage to 322 homes, and affected 446 homes across the county. A thousand foot cut was made through Matagorda Island.||In San Patricio County, the worst damage was confined to the eastern half of the county. Almost 8700 homes were affected by the hurricane. There were 155 homes destroyed, 425 homes with major damage, and slightly more than 3300 homes with minor damage. There were 72 businesses with major damage. The hardest hit areas were Aransas Pass and Ingleside where major damage occurred. Widespread roof damage and tree damage occurred in this area. Numerous large power poles were blown down across the eastern half of the county. The water tower in Aransas Pass was destroyed. Roof damage led to extensive interior damage to the Care Regional Medical Center in Aransas Pass. Power outage was widespread with some areas without power for over a week. There was widespread minor roof damage and fences blown down in Portland along with a few trees blown down. Minor roof damage occurred in Taft and a car wash was destroyed. A couple of grain silos at the Midway Gin near Taft were toppled over. Crop damage to cotton stored in modules occurred in the eastern part of the county. The peak wind recorded was in Aransas Pass with sustained wind speed of 100 mph with gusts to 135 mph at Conn Brown Harbor. Survey from the United States Geologic Survey (USGS) indicated a storm tide of around 4 feet impacted the area from Ingleside On-the-Bay to Aransas Pass. Numerous wooden piers and docks were damaged or destroyed. A couple of boats were damaged in the Conn Brown Harbor in Aransas Pass. Major flooding was experienced in the low part of Aransas Pass adjacent to the levee. One home suffered major damage from storm surge while 40 homes had minor damage. Around 540 homes were affected by storm surge.||In Refugio County, widespread moderate structural damage with pockets of major structural damage occurred in Refugio. Most homes and businesses had roof damage, broken windows, and damaged garage doors. Two motels received significant damage to their roofs. Gas station canopies and many signs were destroyed. A few brick structures experienced moderate damage. Numerous trees and power poles were blown down. Roof damage occurred to several churches, every school building in the district except for the athletic facility. The school gymnasiums and auditorium lost portion of their roofs. Several trailer homes and storage buildings were destroyed. There was widespread tree damage with a few very large trees completely uprooted. Widespread moderate structural damage occurred in Bayside, Austwell, and Tivoli. Numerous trees and power poles were blown down including some high tension power poles. In Woodsboro, widespread minor to moderate damage occurred with a few poorly constructed homes with major damage. The elementary gymnasium and auditorium roofs were blown off. Numerous trees and a few power poles were blown down. The Bayside Richardson Coop Gin near Woodsboro sustained major damage and 30 thousand bales of cotton in storage modules were damaged. A sensor deployed by Texas Tech measured sustained winds of 106 mph with gusts to 125 mph just west of Mission Bay before the sensor was hit by debris. Another sensor showed wind speed of 102 mph with gusts to 129 mph north of the intersection of Highway 35 and Farm to Market Road 774 in eastern Refugio County. Around 440 homes were destroyed, around 1050 homes experienced major damage, and 66 businesses suffered major damage. Around 750 homes had minor damage with another 310 homes affected. Storm tide varied across the bay areas of the county. The higher storm tides affected the northeast part of the county as the storm surge pushed in from San Antonio Bay. Storm surge reached 10 feet east of Tivoli near the mouth of the Guadalupe River. Storm tides were lower on the west side of Copano Bay with storm surge only reaching 3 to 4 feet. Water covered Farm to Market Road 136 near the Copano Bay Bridge. Only 2 homes were affected by storm surge in the county.||In Goliad County, widespread minor roof damage occurred in the city of Goliad. Numerous trees and a few power poles were blown down across the county. The roof of the old high school gymnasium was peeled off. A hole was punched in the roof of the new wing of the school. Some class rooms along with the weight room and dressing room suffered water damage. Three families were displaced from homes when roofs and walls collapsed. There was some minor structural damage to some homes in Goliad. Several barns were blown down throughout the county. Some livestock were injured.||In Victoria County, Widespread minor to moderate roof damage occurred in the city of Bloomington. Several mobile homes were destroyed. All but three facilities within the Bloomington school district suffered wind and water damage. Widespread minor roof damage occurred in the city of Victoria. Several trees and a few power poles were blown down. Fences and street signs were blown down across the city. The maximum wind gust recorded in Victoria was 85 mph. Maximum wind gusts in the southern part of the county were around 110 mph. Twenty seven homes were destroyed. Around 75 percent of residential and commercial properties in the county were damaged.   Hundreds of acres of unharvested cotton were damaged in the field. Harvested cotton in modules and bales were damaged also. A few barns and storage buildings were blown down across the county.","Widespread major damage occurred across the county with a few areas having catastrophic damage. Catastrophic damage was located across Copano Village, Holiday Beach, and Lamar with many homes, some elevated, with second stories completely collapsed. Nearly every structure was greatly impacted. A couple of brick homes were destroyed near Copano Village. Catastrophic damage occurred to homes in the Copano Ridge area. Nearly all the trees in the Holiday Beach, Lamar, and Goose Island State Park area were without leaves with many trees snapped or uprooted. ||Most of Rockport and Fulton experienced widespread major structural damage. Several homes in the Key Allegro subdivision collapsed. Exterior walls collapsed on the high school gymnasium, on several churches, and on several new hotels. Upper floors of several apartment buildings were removed. Mobile homes and recreational vehicles were demolished. Billboard signs were blown down. Numerous power poles were blown down or snapped. Six hangars were demolished at the Aransas County Airport along with many airplanes. The county remained without power for 2 to 3 weeks. A mesonet wind sensor at Aransas County Airport recorded sustained winds around 110 mph with a peak gust to 150 mph. ||Nearly 1500 homes were destroyed, almost 3800 homes suffered major damage, and 5350 homes suffered minor damage. There were 175 businesses with major damage.",CSV
201708,25,1500,201708,26,2100,119859,718740,TEXAS,48,2017,August,Storm Surge/Tide,Z,245,ARANSAS,CRP,25-Aug-17 15:00:00,CST-6,26-Aug-17 21:00:00,0,0,0,0,200.00M,,NWS Storm Survey,,,,,,,,,,,,,,,,,,,,,,"Major Hurricane Harvey impacted the Middle Texas coast on August 25th and 26th. Harvey was the first category 4 hurricane to strike Texas since Hurricane Carla in 1961. Harvey severely affected the cities of Rockport, Fulton, Port Aransas, Aransas Pass, Ingleside, Holiday Beach, and Refugio. Minor to moderate damage occurred in cities of Portland, Corpus Christi, Seadrift, Woodsboro, Port Lavaca, Goliad, and Victoria.||Harvey weakened to a tropical wave as the system moved across the Caribbean Sea and the Yucatan peninsula from August 18th until the 22nd. Harvey formed into a tropical depression over the southern Gulf of Mexico on the morning of August 23rd. Harvey rapidly intensified from a tropical depression to a major hurricane in 40 hours as it moved northwest toward the Texas coast. Harvey continued to intensify as it approached the Middle Texas coast on August 25th and made landfall as a Category 4 hurricane during the evening hours. Harvey was the first major hurricane to make landfall on the Middle Texas coast since Hurricane Celia in August of 1970. ||Hurricane Harvey slowed down after landfall and weakened into a tropical storm on the afternoon of the 26th. Tropical Storm Harvey became nearly stationary west of Cuero from the evening of the 26th through the morning of the 27th. Harvey drifted southeastward across the Victoria Crossroads on the afternoon of the 27th. Harvey then moved into Matagorda Bay during the morning hours of the 28th and back into northwest Gulf of Mexico later that afternoon. Tropical storm conditions persisted near the northern portion of the Middle Texas coast into the early morning hours of the 29th.||Hurricane Harvey moved inland in Aransas County on San Jose Island around 830 PM CDT August 25th. Harvey had a minimum central pressure of 938 millibars and produced a maximum storm surge of 12.5 feet. Maximum sustained winds were estimated at 130 mph (115 knots) with gusts to 160 mph (140 knots).  In South Texas, the maximum recorded rainfall from Hurricane Harvey was 17.08 inches 4 miles northwest of Victoria. Radar estimates were close to 20 inches over eastern portions of Refugio County. The height of the storm tide, referenced to mean higher high water, ranged from 3 to 5 feet on northern Padre Island and around Port O'Connor to a maximum of 12.5 feet in northeast Aransas County in the Aransas National Wildlife Refuge near San Antonio Bay. Storm tide levels in the interior bays were generally from 5 to 8 feet with higher amounts near 10 feet on the south end of Copano Bay, the north end of Aransas Bay, and the north end of Lavaca Bay. ||There were no direct fatalities from Hurricane Harvey on the Middle Texas Coast. There were 2 indirect fatalities in Rockport and 1 near Bloomington. All of the associated affects from Hurricane Harvey in South Texas from August 25th to August 27th resulted in 14 injuries, $4.5 billion in property damage, and around $65 million in crop damage. Specifically in South Texas, Harvey's inland flooding resulted in $5 million in property damage. One tornado near Seadrift resulted in $10 thousand in property damage. The powerful winds resulted in 14 injuries, $4 billion in property damage, and $65 million in crop damage. The storm tide resulted in $530 million in property damage and a number of drowned livestock. Damage estimates to public property and infrastructure was $130 million in South Texas.||Hurricane Harvey blew down or damaged around 550 power transmission structures. American Electric Power (AEP) repaired or replaced around 5000 distribution poles that were blown down or damaged by Harvey. Almost four million total feet of transmission and distribution conductor were replaced, approximately 712 miles. Power was restored to around 200,000 customers within 2 weeks.||In Aransas County, widespread major damage occurred across the county with a few areas having catastrophic damage. Catastrophic damage was located across Copano Village, Holiday Beach, and Lamar with many homes, some elevated, with second stories completely collapsed. Nearly every structure was greatly impacted. A couple of brick homes were destroyed near Copano Village. Catastrophic damage occurred to homes in the Copano Ridge area. Nearly all the trees in the Holiday Beach, Lamar, and Goose Island State Park area were without leaves with many trees snapped or uprooted. Most of Rockport and Fulton experienced widespread major structural damage. Several homes in the Key Allegro subdivision collapsed. Exterior walls collapsed on the high school gymnasium, on several churches, and on several new hotels. Upper floors of several apartment buildings were removed. Mobile homes and recreational vehicles were demolished. Billboard signs were blown down. Numerous power poles were blown down or snapped. Six hangars were demolished at the Aransas County Airport along with many airplanes. The county remained without power for 2 to 3 weeks. A mesonet wind sensor at Aransas County Airport recorded sustained winds around 110 mph with a peak gust to 150 mph. Nearly 1500 homes were destroyed, almost 3800 homes suffered major damage, and 5350 homes suffered minor damage. There were 175 businesses with major damage. Storm surge greatly impacted Holiday Beach and Copano Village. The surge punched holes through walls and garage doors on the lower portions of most homes. The surge floated vehicles, recreational vehicles, and boats well inland. The surge approached and flowed across Egery Island Road and Farm to Market 136 in several locations south of Bayside in extreme western Aransas County. Numerous cattle were killed north of Holiday Beach. A large portion of Rattlesnake Point Road was eroded and washed away heading out to Redfish Lodge on Copano Bay. The pier south of the lodge was completely washed away. Storm surge of 4 to 5 feet was common across the county. The maximum storm surge of 12.5 feet occurred in the Aransas National Wildlife Refuge. There were 356 homes that received major damage from storm surge and there were 1126 homes that received minor damage from storm surge. There were 1200 homes that were affected by storm surge. From NOAA photos, there were 14 cuts formed on the southern end of San Jose Island.||In Nueces County, the most significant damage was in Port Aransas where widespread major damage occurred. There were 4170 homes that received major damage and 1036 homes destroyed. Most homes suffered major roof damage while some homes lost roofs and walls collapsed. There were 457 businesses with major damage and slightly more than 1100 homes with minor damage. Mobile homes and recreational vehicles were demolished. Numerous power poles were blown down or snapped. The roofs were damaged at the elementary, middle, and high schools for Port Aransas leading to water damage in the interior. In Corpus Christi, widespread minor property damage was common due to lost shingles and fences down. Some residences and businesses experienced moderate damage mainly across the northern part of the city. Taller buildings downtown suffered more significant damage and lost signs. A few highway signs were blown down. Minor roof damage was common to residences and business in North Padre Island with some areas with moderate damage. Peak wind gusts measured were around 130 mph in Port Aransas. Storm tides were from 6 to 8 feet in Port Aransas as the storm surge entered from the west from Corpus Christi and Redfish Bays. Numerous boats were damaged or destroyed and pushed out of their moorings onto high ground. A large drill boat broke loose, destroyed a pier, and became grounded along the jetty. Two tugs broke loose near the Gulf Intracoastal Waterway with one becoming grounded and the other sinking. Two ferries were damaged when they were pinned against the loading dock. The storm surge inundated Highway 361 along a 10 miles stretch from near the Mustang Island State Park to Port Aransas with the water several feet deep. A few boats became moored near Packery Channel. The Arnold Palmer designed golf course at Palmilla Beach south of Port Aransas was inundated by storm surge with water covering most of the course. Storm tide of 4 to 6 feet impacted residences and businesses in Padre Island from the Laguna Madre. Storm surge caused major damage to 520 homes and minor damage to 1327 homes. Storm surge affected an additional 2200 homes. The Port of Corpus Christi was shutdown for a record 6 days. Port Aransas Independent School District lost 8 buses due to damage from salt water.||In Calhoun County, minor to moderate property damage was common across the city of Port Lavaca with large areas of siding removed from a few well constructed homes. The tops of grain bins in Port Lavaca were peeled off. Numerous trees were blown down in the community of Seadrift. Many homes experienced minor to moderate roof and property damage. Some poorly constructed homes experienced major roof damage. In Port O'Connor, numerous trees were blown down with three quarters of the community experiencing minor roof damage. A few power poles were blown down. Minor to moderate roof damage occurred at Magnolia Beach, Alamo Beach, and Indianola. Over 2100 homes and 72 businesses received major damage while 421 homes were destroyed. There were 1865 homes with minor damage and 1575 homes affected. There was significant damage to the cotton crop in the county. Hundreds of acres unharvested cotton were ruined in the fields. Harvested cotton in modules and bales were damaged by the wind or blown into water filled ditches. The highest wind speed measured was 82 mph with gusts to 110 mph northwest of Seadrift. Storm tides averaged from 6 to 8 feet across Calhoun County with maximum tide levels around 10 feet recorded on the north end of Lavaca Bay while lower tides from 3 to 5 feet occurred from Port O'Connor to southeast of Seadrift next to Espiritu Santo Bay. In Port Lavaca, water from Chocolate Bay inundated the public boat ramp near Buren Road. The lower half of Buren Road was inundated. The entire marina along Lavaca Bay was strongly impacted with 16 boats declared a total loss with many of them sinking in the marina. Several boats were grounded next to the marina. The Bayfront Peninsula Park was inundated. Areas east of Broadway street were inundated with water reaching across Highway 35 in the area near Lighthouse Beach. Piers at Lighthouse Beach Park and Bayfront Peninsula Park were destroyed. Nearly the entire marina in Seadrift was inundated from storm surge with several boats grounded on the marina parking lot. Most of the wooden docks at the marina and a few wooden piers were destroyed. The storm surge reached Bay Avenue almost reaching the beachfront pavilion. Storm surge entered homes near the Bay Avenue and Orange Street intersection. In Magnolia Beach and Indianola, storm surge flooded nearly all of Magnolia Public Beach and crossed North Ocean Drive in a few spots. A few areas of South Ocean Drive near Indianola were inundated. Several older wooden docks and piers were destroyed. In Port O'Connor, storm surge from Matagorda Bay reached half of the way up Kingfisher Beach toward Park Street. The storm surge caused major damage to 56 homes, minor damage to 322 homes, and affected 446 homes across the county. A thousand foot cut was made through Matagorda Island.||In San Patricio County, the worst damage was confined to the eastern half of the county. Almost 8700 homes were affected by the hurricane. There were 155 homes destroyed, 425 homes with major damage, and slightly more than 3300 homes with minor damage. There were 72 businesses with major damage. The hardest hit areas were Aransas Pass and Ingleside where major damage occurred. Widespread roof damage and tree damage occurred in this area. Numerous large power poles were blown down across the eastern half of the county. The water tower in Aransas Pass was destroyed. Roof damage led to extensive interior damage to the Care Regional Medical Center in Aransas Pass. Power outage was widespread with some areas without power for over a week. There was widespread minor roof damage and fences blown down in Portland along with a few trees blown down. Minor roof damage occurred in Taft and a car wash was destroyed. A couple of grain silos at the Midway Gin near Taft were toppled over. Crop damage to cotton stored in modules occurred in the eastern part of the county. The peak wind recorded was in Aransas Pass with sustained wind speed of 100 mph with gusts to 135 mph at Conn Brown Harbor. Survey from the United States Geologic Survey (USGS) indicated a storm tide of around 4 feet impacted the area from Ingleside On-the-Bay to Aransas Pass. Numerous wooden piers and docks were damaged or destroyed. A couple of boats were damaged in the Conn Brown Harbor in Aransas Pass. Major flooding was experienced in the low part of Aransas Pass adjacent to the levee. One home suffered major damage from storm surge while 40 homes had minor damage. Around 540 homes were affected by storm surge.||In Refugio County, widespread moderate structural damage with pockets of major structural damage occurred in Refugio. Most homes and businesses had roof damage, broken windows, and damaged garage doors. Two motels received significant damage to their roofs. Gas station canopies and many signs were destroyed. A few brick structures experienced moderate damage. Numerous trees and power poles were blown down. Roof damage occurred to several churches, every school building in the district except for the athletic facility. The school gymnasiums and auditorium lost portion of their roofs. Several trailer homes and storage buildings were destroyed. There was widespread tree damage with a few very large trees completely uprooted. Widespread moderate structural damage occurred in Bayside, Austwell, and Tivoli. Numerous trees and power poles were blown down including some high tension power poles. In Woodsboro, widespread minor to moderate damage occurred with a few poorly constructed homes with major damage. The elementary gymnasium and auditorium roofs were blown off. Numerous trees and a few power poles were blown down. The Bayside Richardson Coop Gin near Woodsboro sustained major damage and 30 thousand bales of cotton in storage modules were damaged. A sensor deployed by Texas Tech measured sustained winds of 106 mph with gusts to 125 mph just west of Mission Bay before the sensor was hit by debris. Another sensor showed wind speed of 102 mph with gusts to 129 mph north of the intersection of Highway 35 and Farm to Market Road 774 in eastern Refugio County. Around 440 homes were destroyed, around 1050 homes experienced major damage, and 66 businesses suffered major damage. Around 750 homes had minor damage with another 310 homes affected. Storm tide varied across the bay areas of the county. The higher storm tides affected the northeast part of the county as the storm surge pushed in from San Antonio Bay. Storm surge reached 10 feet east of Tivoli near the mouth of the Guadalupe River. Storm tides were lower on the west side of Copano Bay with storm surge only reaching 3 to 4 feet. Water covered Farm to Market Road 136 near the Copano Bay Bridge. Only 2 homes were affected by storm surge in the county.||In Goliad County, widespread minor roof damage occurred in the city of Goliad. Numerous trees and a few power poles were blown down across the county. The roof of the old high school gymnasium was peeled off. A hole was punched in the roof of the new wing of the school. Some class rooms along with the weight room and dressing room suffered water damage. Three families were displaced from homes when roofs and walls collapsed. There was some minor structural damage to some homes in Goliad. Several barns were blown down throughout the county. Some livestock were injured.||In Victoria County, Widespread minor to moderate roof damage occurred in the city of Bloomington. Several mobile homes were destroyed. All but three facilities within the Bloomington school district suffered wind and water damage. Widespread minor roof damage occurred in the city of Victoria. Several trees and a few power poles were blown down. Fences and street signs were blown down across the city. The maximum wind gust recorded in Victoria was 85 mph. Maximum wind gusts in the southern part of the county were around 110 mph. Twenty seven homes were destroyed. Around 75 percent of residential and commercial properties in the county were damaged.   Hundreds of acres of unharvested cotton were damaged in the field. Harvested cotton in modules and bales were damaged also. A few barns and storage buildings were blown down across the county.","Storm surge greatly impacted Holiday Beach and Copano Village. The surge punched holes through walls and garage doors on the lower portions of most homes. The surge floated vehicles, recreational vehicles, and boats well inland. The surge approached and flowed across Egery Island Road and Farm to Market 136 in several locations south of Bayside in extreme western Aransas County. Numerous cattle were killed north of Holiday Beach. A large portion of Rattlesnake Point Road was eroded and washed away heading out to Redfish Lodge on Copano Bay. The pier south of the lodge was completely washed away. Storm surge of 4 to 5 feet was common across the county. The maximum storm surge of 12.5 feet occurred in the Aransas National Wildlife Refuge. There were 356 homes that received major damage from storm surge and there were 1126 homes that received minor damage from storm surge. There were 1200 homes that were affected by storm surge. From NOAA photos, there were 14 cuts formed on the southern end of San Jose Island.",CSV
201708,25,1800,201708,25,1800,119859,720924,TEXAS,48,2017,August,Storm Surge/Tide,Z,244,SAN PATRICIO,CRP,25-Aug-17 18:00:00,CST-6,25-Aug-17 18:00:00,0,0,0,0,2.00M,,Other Federal Agency,,,,,,,,,,,,,,,,,,,,,,"Major Hurricane Harvey impacted the Middle Texas coast on August 25th and 26th. Harvey was the first category 4 hurricane to strike Texas since Hurricane Carla in 1961. Harvey severely affected the cities of Rockport, Fulton, Port Aransas, Aransas Pass, Ingleside, Holiday Beach, and Refugio. Minor to moderate damage occurred in cities of Portland, Corpus Christi, Seadrift, Woodsboro, Port Lavaca, Goliad, and Victoria.||Harvey weakened to a tropical wave as the system moved across the Caribbean Sea and the Yucatan peninsula from August 18th until the 22nd. Harvey formed into a tropical depression over the southern Gulf of Mexico on the morning of August 23rd. Harvey rapidly intensified from a tropical depression to a major hurricane in 40 hours as it moved northwest toward the Texas coast. Harvey continued to intensify as it approached the Middle Texas coast on August 25th and made landfall as a Category 4 hurricane during the evening hours. Harvey was the first major hurricane to make landfall on the Middle Texas coast since Hurricane Celia in August of 1970. ||Hurricane Harvey slowed down after landfall and weakened into a tropical storm on the afternoon of the 26th. Tropical Storm Harvey became nearly stationary west of Cuero from the evening of the 26th through the morning of the 27th. Harvey drifted southeastward across the Victoria Crossroads on the afternoon of the 27th. Harvey then moved into Matagorda Bay during the morning hours of the 28th and back into northwest Gulf of Mexico later that afternoon. Tropical storm conditions persisted near the northern portion of the Middle Texas coast into the early morning hours of the 29th.||Hurricane Harvey moved inland in Aransas County on San Jose Island around 830 PM CDT August 25th. Harvey had a minimum central pressure of 938 millibars and produced a maximum storm surge of 12.5 feet. Maximum sustained winds were estimated at 130 mph (115 knots) with gusts to 160 mph (140 knots).  In South Texas, the maximum recorded rainfall from Hurricane Harvey was 17.08 inches 4 miles northwest of Victoria. Radar estimates were close to 20 inches over eastern portions of Refugio County. The height of the storm tide, referenced to mean higher high water, ranged from 3 to 5 feet on northern Padre Island and around Port O'Connor to a maximum of 12.5 feet in northeast Aransas County in the Aransas National Wildlife Refuge near San Antonio Bay. Storm tide levels in the interior bays were generally from 5 to 8 feet with higher amounts near 10 feet on the south end of Copano Bay, the north end of Aransas Bay, and the north end of Lavaca Bay. ||There were no direct fatalities from Hurricane Harvey on the Middle Texas Coast. There were 2 indirect fatalities in Rockport and 1 near Bloomington. All of the associated affects from Hurricane Harvey in South Texas from August 25th to August 27th resulted in 14 injuries, $4.5 billion in property damage, and around $65 million in crop damage. Specifically in South Texas, Harvey's inland flooding resulted in $5 million in property damage. One tornado near Seadrift resulted in $10 thousand in property damage. The powerful winds resulted in 14 injuries, $4 billion in property damage, and $65 million in crop damage. The storm tide resulted in $530 million in property damage and a number of drowned livestock. Damage estimates to public property and infrastructure was $130 million in South Texas.||Hurricane Harvey blew down or damaged around 550 power transmission structures. American Electric Power (AEP) repaired or replaced around 5000 distribution poles that were blown down or damaged by Harvey. Almost four million total feet of transmission and distribution conductor were replaced, approximately 712 miles. Power was restored to around 200,000 customers within 2 weeks.||In Aransas County, widespread major damage occurred across the county with a few areas having catastrophic damage. Catastrophic damage was located across Copano Village, Holiday Beach, and Lamar with many homes, some elevated, with second stories completely collapsed. Nearly every structure was greatly impacted. A couple of brick homes were destroyed near Copano Village. Catastrophic damage occurred to homes in the Copano Ridge area. Nearly all the trees in the Holiday Beach, Lamar, and Goose Island State Park area were without leaves with many trees snapped or uprooted. Most of Rockport and Fulton experienced widespread major structural damage. Several homes in the Key Allegro subdivision collapsed. Exterior walls collapsed on the high school gymnasium, on several churches, and on several new hotels. Upper floors of several apartment buildings were removed. Mobile homes and recreational vehicles were demolished. Billboard signs were blown down. Numerous power poles were blown down or snapped. Six hangars were demolished at the Aransas County Airport along with many airplanes. The county remained without power for 2 to 3 weeks. A mesonet wind sensor at Aransas County Airport recorded sustained winds around 110 mph with a peak gust to 150 mph. Nearly 1500 homes were destroyed, almost 3800 homes suffered major damage, and 5350 homes suffered minor damage. There were 175 businesses with major damage. Storm surge greatly impacted Holiday Beach and Copano Village. The surge punched holes through walls and garage doors on the lower portions of most homes. The surge floated vehicles, recreational vehicles, and boats well inland. The surge approached and flowed across Egery Island Road and Farm to Market 136 in several locations south of Bayside in extreme western Aransas County. Numerous cattle were killed north of Holiday Beach. A large portion of Rattlesnake Point Road was eroded and washed away heading out to Redfish Lodge on Copano Bay. The pier south of the lodge was completely washed away. Storm surge of 4 to 5 feet was common across the county. The maximum storm surge of 12.5 feet occurred in the Aransas National Wildlife Refuge. There were 356 homes that received major damage from storm surge and there were 1126 homes that received minor damage from storm surge. There were 1200 homes that were affected by storm surge. From NOAA photos, there were 14 cuts formed on the southern end of San Jose Island.||In Nueces County, the most significant damage was in Port Aransas where widespread major damage occurred. There were 4170 homes that received major damage and 1036 homes destroyed. Most homes suffered major roof damage while some homes lost roofs and walls collapsed. There were 457 businesses with major damage and slightly more than 1100 homes with minor damage. Mobile homes and recreational vehicles were demolished. Numerous power poles were blown down or snapped. The roofs were damaged at the elementary, middle, and high schools for Port Aransas leading to water damage in the interior. In Corpus Christi, widespread minor property damage was common due to lost shingles and fences down. Some residences and businesses experienced moderate damage mainly across the northern part of the city. Taller buildings downtown suffered more significant damage and lost signs. A few highway signs were blown down. Minor roof damage was common to residences and business in North Padre Island with some areas with moderate damage. Peak wind gusts measured were around 130 mph in Port Aransas. Storm tides were from 6 to 8 feet in Port Aransas as the storm surge entered from the west from Corpus Christi and Redfish Bays. Numerous boats were damaged or destroyed and pushed out of their moorings onto high ground. A large drill boat broke loose, destroyed a pier, and became grounded along the jetty. Two tugs broke loose near the Gulf Intracoastal Waterway with one becoming grounded and the other sinking. Two ferries were damaged when they were pinned against the loading dock. The storm surge inundated Highway 361 along a 10 miles stretch from near the Mustang Island State Park to Port Aransas with the water several feet deep. A few boats became moored near Packery Channel. The Arnold Palmer designed golf course at Palmilla Beach south of Port Aransas was inundated by storm surge with water covering most of the course. Storm tide of 4 to 6 feet impacted residences and businesses in Padre Island from the Laguna Madre. Storm surge caused major damage to 520 homes and minor damage to 1327 homes. Storm surge affected an additional 2200 homes. The Port of Corpus Christi was shutdown for a record 6 days. Port Aransas Independent School District lost 8 buses due to damage from salt water.||In Calhoun County, minor to moderate property damage was common across the city of Port Lavaca with large areas of siding removed from a few well constructed homes. The tops of grain bins in Port Lavaca were peeled off. Numerous trees were blown down in the community of Seadrift. Many homes experienced minor to moderate roof and property damage. Some poorly constructed homes experienced major roof damage. In Port O'Connor, numerous trees were blown down with three quarters of the community experiencing minor roof damage. A few power poles were blown down. Minor to moderate roof damage occurred at Magnolia Beach, Alamo Beach, and Indianola. Over 2100 homes and 72 businesses received major damage while 421 homes were destroyed. There were 1865 homes with minor damage and 1575 homes affected. There was significant damage to the cotton crop in the county. Hundreds of acres unharvested cotton were ruined in the fields. Harvested cotton in modules and bales were damaged by the wind or blown into water filled ditches. The highest wind speed measured was 82 mph with gusts to 110 mph northwest of Seadrift. Storm tides averaged from 6 to 8 feet across Calhoun County with maximum tide levels around 10 feet recorded on the north end of Lavaca Bay while lower tides from 3 to 5 feet occurred from Port O'Connor to southeast of Seadrift next to Espiritu Santo Bay. In Port Lavaca, water from Chocolate Bay inundated the public boat ramp near Buren Road. The lower half of Buren Road was inundated. The entire marina along Lavaca Bay was strongly impacted with 16 boats declared a total loss with many of them sinking in the marina. Several boats were grounded next to the marina. The Bayfront Peninsula Park was inundated. Areas east of Broadway street were inundated with water reaching across Highway 35 in the area near Lighthouse Beach. Piers at Lighthouse Beach Park and Bayfront Peninsula Park were destroyed. Nearly the entire marina in Seadrift was inundated from storm surge with several boats grounded on the marina parking lot. Most of the wooden docks at the marina and a few wooden piers were destroyed. The storm surge reached Bay Avenue almost reaching the beachfront pavilion. Storm surge entered homes near the Bay Avenue and Orange Street intersection. In Magnolia Beach and Indianola, storm surge flooded nearly all of Magnolia Public Beach and crossed North Ocean Drive in a few spots. A few areas of South Ocean Drive near Indianola were inundated. Several older wooden docks and piers were destroyed. In Port O'Connor, storm surge from Matagorda Bay reached half of the way up Kingfisher Beach toward Park Street. The storm surge caused major damage to 56 homes, minor damage to 322 homes, and affected 446 homes across the county. A thousand foot cut was made through Matagorda Island.||In San Patricio County, the worst damage was confined to the eastern half of the county. Almost 8700 homes were affected by the hurricane. There were 155 homes destroyed, 425 homes with major damage, and slightly more than 3300 homes with minor damage. There were 72 businesses with major damage. The hardest hit areas were Aransas Pass and Ingleside where major damage occurred. Widespread roof damage and tree damage occurred in this area. Numerous large power poles were blown down across the eastern half of the county. The water tower in Aransas Pass was destroyed. Roof damage led to extensive interior damage to the Care Regional Medical Center in Aransas Pass. Power outage was widespread with some areas without power for over a week. There was widespread minor roof damage and fences blown down in Portland along with a few trees blown down. Minor roof damage occurred in Taft and a car wash was destroyed. A couple of grain silos at the Midway Gin near Taft were toppled over. Crop damage to cotton stored in modules occurred in the eastern part of the county. The peak wind recorded was in Aransas Pass with sustained wind speed of 100 mph with gusts to 135 mph at Conn Brown Harbor. Survey from the United States Geologic Survey (USGS) indicated a storm tide of around 4 feet impacted the area from Ingleside On-the-Bay to Aransas Pass. Numerous wooden piers and docks were damaged or destroyed. A couple of boats were damaged in the Conn Brown Harbor in Aransas Pass. Major flooding was experienced in the low part of Aransas Pass adjacent to the levee. One home suffered major damage from storm surge while 40 homes had minor damage. Around 540 homes were affected by storm surge.||In Refugio County, widespread moderate structural damage with pockets of major structural damage occurred in Refugio. Most homes and businesses had roof damage, broken windows, and damaged garage doors. Two motels received significant damage to their roofs. Gas station canopies and many signs were destroyed. A few brick structures experienced moderate damage. Numerous trees and power poles were blown down. Roof damage occurred to several churches, every school building in the district except for the athletic facility. The school gymnasiums and auditorium lost portion of their roofs. Several trailer homes and storage buildings were destroyed. There was widespread tree damage with a few very large trees completely uprooted. Widespread moderate structural damage occurred in Bayside, Austwell, and Tivoli. Numerous trees and power poles were blown down including some high tension power poles. In Woodsboro, widespread minor to moderate damage occurred with a few poorly constructed homes with major damage. The elementary gymnasium and auditorium roofs were blown off. Numerous trees and a few power poles were blown down. The Bayside Richardson Coop Gin near Woodsboro sustained major damage and 30 thousand bales of cotton in storage modules were damaged. A sensor deployed by Texas Tech measured sustained winds of 106 mph with gusts to 125 mph just west of Mission Bay before the sensor was hit by debris. Another sensor showed wind speed of 102 mph with gusts to 129 mph north of the intersection of Highway 35 and Farm to Market Road 774 in eastern Refugio County. Around 440 homes were destroyed, around 1050 homes experienced major damage, and 66 businesses suffered major damage. Around 750 homes had minor damage with another 310 homes affected. Storm tide varied across the bay areas of the county. The higher storm tides affected the northeast part of the county as the storm surge pushed in from San Antonio Bay. Storm surge reached 10 feet east of Tivoli near the mouth of the Guadalupe River. Storm tides were lower on the west side of Copano Bay with storm surge only reaching 3 to 4 feet. Water covered Farm to Market Road 136 near the Copano Bay Bridge. Only 2 homes were affected by storm surge in the county.||In Goliad County, widespread minor roof damage occurred in the city of Goliad. Numerous trees and a few power poles were blown down across the county. The roof of the old high school gymnasium was peeled off. A hole was punched in the roof of the new wing of the school. Some class rooms along with the weight room and dressing room suffered water damage. Three families were displaced from homes when roofs and walls collapsed. There was some minor structural damage to some homes in Goliad. Several barns were blown down throughout the county. Some livestock were injured.||In Victoria County, Widespread minor to moderate roof damage occurred in the city of Bloomington. Several mobile homes were destroyed. All but three facilities within the Bloomington school district suffered wind and water damage. Widespread minor roof damage occurred in the city of Victoria. Several trees and a few power poles were blown down. Fences and street signs were blown down across the city. The maximum wind gust recorded in Victoria was 85 mph. Maximum wind gusts in the southern part of the county were around 110 mph. Twenty seven homes were destroyed. Around 75 percent of residential and commercial properties in the county were damaged.   Hundreds of acres of unharvested cotton were damaged in the field. Harvested cotton in modules and bales were damaged also. A few barns and storage buildings were blown down across the county.",Survey from the United States Geologic Survey (USGS) indicated a storm tide of around 4 feet impacted the area from Ingleside On-the-Bay to Aransas Pass. Numerous wooden piers and docks were damaged or destroyed. A couple of boats were damaged in the Conn Brown Harbor in Aransas Pass. Major flooding was experienced in the low part of Aransas Pass adjacent to the levee. One home suffered major damage from storm surge while 40 homes had minor damage. Around 540 homes were affected by storm surge.,CSV
201708,25,2352,201708,25,2353,119753,720471,TEXAS,48,2017,August,Tornado,C,157,FORT BEND,HGX,25-Aug-17 23:52:00,CST-6,25-Aug-17 23:53:00,0,0,0,0,500.00K,0.00K,NWS Storm Survey,,,,,EF1,0.67,50,,,,,1,E,JULIFF,1,ENE,JULIFF,29.4475,-95.4599,29.455,-95.467,"Harvey made landfall as a category 4 hurricane near Rockport, Texas during the evening of August 25th. The storm then weakened to a tropical storm and slowed,  looping back and tracking over SE Texas then back over the Gulf of Mexico making a second landfall along the Louisiana coast during the early morning hours of August 30th. Over that 5 day period over Southeast Texas TS Harvey produced catastrophic flooding with a large area of 30 to 60 inches of rain, 23 tornadoes, tropical storm force winds and a moderate storm surge near Matagorda Bay.  In some of the heavier bands rain fell at a rate of over 5 inches per hour. This copious record amount of rain over a  led to catastrophic flooding. Thousands of homes, businesses, and roads were flooded due to flash flooding and sheet flow from long duration intense rain. Main stem rivers and adjoining tributaries, creeks and bayous reached full capacity and came out of their banks and this also contributed to the massive flooding across southeastern Texas.",An EF-1 tornado touched down southeast of Juliff and tracked from Brazoria into Fort Bend County. Damage occurred to some roofs Several trees there were either snapped or downed. Damage path crossed county line from Brazoria to Fort Bend County. This entry is for the Fort Bend County segment.,CSV
201708,25,2350,201708,25,2352,119753,767027,TEXAS,48,2017,August,Tornado,C,39,BRAZORIA,HGX,25-Aug-17 23:50:00,CST-6,25-Aug-17 23:52:00,0,0,0,0,500.00K,0.00K,NWS Storm Survey,,,,,EF1,0.89,50,HGX,TX,157,FORT BEND,3,SSW,IOWA COLONY,3,SW,IOWA COLONY,29.4379,-95.45,29.4475,-95.4599,"Harvey made landfall as a category 4 hurricane near Rockport, Texas during the evening of August 25th. The storm then weakened to a tropical storm and slowed,  looping back and tracking over SE Texas then back over the Gulf of Mexico making a second landfall along the Louisiana coast during the early morning hours of August 30th. Over that 5 day period over Southeast Texas TS Harvey produced catastrophic flooding with a large area of 30 to 60 inches of rain, 23 tornadoes, tropical storm force winds and a moderate storm surge near Matagorda Bay.  In some of the heavier bands rain fell at a rate of over 5 inches per hour. This copious record amount of rain over a  led to catastrophic flooding. Thousands of homes, businesses, and roads were flooded due to flash flooding and sheet flow from long duration intense rain. Main stem rivers and adjoining tributaries, creeks and bayous reached full capacity and came out of their banks and this also contributed to the massive flooding across southeastern Texas.",An EF-1 tornado touched down southeast of Juliff and tracked from Brazoria into Fort Bend County. Damage occurred to some roofs Several trees there were either snapped or downed. Damage path crossed county line from Brazoria to Fort Bend County. This entry is for the Brazoria County segment.,CSV
201708,25,1200,201708,30,0,119753,723656,TEXAS,48,2017,August,Tropical Storm,Z,226,WHARTON,HGX,25-Aug-17 12:00:00,CST-6,30-Aug-17 0:00:00,0,0,0,0,200.00M,,Emergency Manager,,,,,,,,,,,,,,,,,,,,,,"Harvey made landfall as a category 4 hurricane near Rockport, Texas during the evening of August 25th. The storm then weakened to a tropical storm and slowed,  looping back and tracking over SE Texas then back over the Gulf of Mexico making a second landfall along the Louisiana coast during the early morning hours of August 30th. Over that 5 day period over Southeast Texas TS Harvey produced catastrophic flooding with a large area of 30 to 60 inches of rain, 23 tornadoes, tropical storm force winds and a moderate storm surge near Matagorda Bay.  In some of the heavier bands rain fell at a rate of over 5 inches per hour. This copious record amount of rain over a  led to catastrophic flooding. Thousands of homes, businesses, and roads were flooded due to flash flooding and sheet flow from long duration intense rain. Main stem rivers and adjoining tributaries, creeks and bayous reached full capacity and came out of their banks and this also contributed to the massive flooding across southeastern Texas.",Slow moving Tropical Storm Harvey produced widespread catastrophic flooding across Wharton County. Major to record flooding occurred along the Colorado and San Bernard Rivers and several other creeks and tributaries. Two tornadoes were reported.,CSV
201708,25,1200,201708,30,0,119753,723649,TEXAS,48,2017,August,Tropical Storm,Z,237,BRAZORIA,HGX,25-Aug-17 12:00:00,CST-6,30-Aug-17 0:00:00,0,0,0,0,0.00K,,Emergency Manager,,,,,,,,,,,,,,,,,,,,,,"Harvey made landfall as a category 4 hurricane near Rockport, Texas during the evening of August 25th. The storm then weakened to a tropical storm and slowed,  looping back and tracking over SE Texas then back over the Gulf of Mexico making a second landfall along the Louisiana coast during the early morning hours of August 30th. Over that 5 day period over Southeast Texas TS Harvey produced catastrophic flooding with a large area of 30 to 60 inches of rain, 23 tornadoes, tropical storm force winds and a moderate storm surge near Matagorda Bay.  In some of the heavier bands rain fell at a rate of over 5 inches per hour. This copious record amount of rain over a  led to catastrophic flooding. Thousands of homes, businesses, and roads were flooded due to flash flooding and sheet flow from long duration intense rain. Main stem rivers and adjoining tributaries, creeks and bayous reached full capacity and came out of their banks and this also contributed to the massive flooding across southeastern Texas.",Slow moving Tropical Storm Harvey produced torrential rains and catastrophic flooding. Several tornadoes touched down. Major to record flooding occurred along the Brazos and San Bernard Rivers and several other creeks and tributaries including Oyster Creek. Flooding caused an estimated $2 billion in damage. See Flash Flood event report for more details.,CSV
201708,26,45,201708,26,215,119753,720340,TEXAS,48,2017,August,Flash Flood,C,157,FORT BEND,HGX,26-Aug-17 0:45:00,CST-6,26-Aug-17 2:15:00,0,0,0,0,0.00K,0.00K,Department of Highways,,,Heavy Rain / Tropical System,,,,,,,,,2,SSW,RICHMOND,2,W,CRABB,29.5499,-95.7579,29.5317,-95.7541,"Harvey made landfall as a category 4 hurricane near Rockport, Texas during the evening of August 25th. The storm then weakened to a tropical storm and slowed,  looping back and tracking over SE Texas then back over the Gulf of Mexico making a second landfall along the Louisiana coast during the early morning hours of August 30th. Over that 5 day period over Southeast Texas TS Harvey produced catastrophic flooding with a large area of 30 to 60 inches of rain, 23 tornadoes, tropical storm force winds and a moderate storm surge near Matagorda Bay.  In some of the heavier bands rain fell at a rate of over 5 inches per hour. This copious record amount of rain over a  led to catastrophic flooding. Thousands of homes, businesses, and roads were flooded due to flash flooding and sheet flow from long duration intense rain. Main stem rivers and adjoining tributaries, creeks and bayous reached full capacity and came out of their banks and this also contributed to the massive flooding across southeastern Texas.","Sections of FM 762 were flooded around SH 69 south of Richmond.||Major record level flooding of both the Brazos and San Bernard Rivers caused significant home flooding from Richmond to Rosharon. Massive flooding occurred in Tierra Grande subdivision along the San Bernard River in southwestern Fort Bend County. Home flooding occurred at Valley Lodge in Simonton, along Edgewood and Baudet Roads in Richmond, along Bar, Barker, Cumings, Sixth Street, Avenue B and Rio Brazos Roads in Rosenberg. Sections of FM 2759 as well as the Grand River, Rivers Edge and Pecan Estates in Thompsons flooded. Many countywide roads became inundated in flood waters including, but not limited to, Highway 90A, Pitts Road, FM 1489, FM 723, FM 1093, FM 359, SH 6 feeder roads, Sienna Parkway, Carrol Road, McKeever Road, Knights Court, Miller Road, river Oaks Road, Thompsons Ferry Road, Strange Drive, Greenwood Drive, Second Street and low lying roads in Quail Valley in Missouri City.  Due to record pool levels in Barker Reservoir, homes in Cinco Ranch flooded. Big Creek flooding in Needville caused the flooding of homes on Ansel Road.",CSV
201708,26,914,201708,27,713,120216,720274,TEXAS,48,2017,August,Tropical Storm,Z,193,BASTROP,EWX,26-Aug-17 9:14:00,CST-6,27-Aug-17 7:13:00,0,0,0,0,0.00K,0.00K,Official NWS Observations,,,,,,,,,,,,,,,,,,,,,,"Hurricane Harvey moved onshore as a Category 4 hurricane over San Jose Island east of Rockport during the late evening of August 25th. Harvey moved inland entering southern DeWitt County during the morning of August 26th  as a Category 1 hurricane. It continued to weaken as it moved farther inland eventually reaching south central Gonzales County as a tropical storm during the late evening of August 26th. The center of the storm made a loop through Gonzales, Karnes, and DeWitt Counties before exiting our County Warning Area during the afternoon of August 27th moving into Victoria County. The maximum sustained winds were 46 mph recorded at Austin Bergstrom International Airport and at two private weather stations, one near Yorktown and the other near Smiley. The maximum recorded wind gusts were 58 mph at New Braunfels Airport, Randolph AFB, and at a private weather station near Smiley. The highest rainfall total was 29.19 inches outside of LaGrange in Fayette County. A number of places in Fayette, Lavaca, and Bastrop Counties received 20 or more inches of rain. Tropical storm force winds with estimated gusts up to 60 mph caused damage across the region. Trees and branches were knocked down by the winds. Some of these in turn knocked down power lines causing power outages in Bastrop, Comal, Hays, and Guadalupe Counties. At one point, 15,000 customers in Comal County were without power. There was also some minor structural damage in Caldwell, Comal, and Lavaca Counties. Maximum rainfall totals in these counties ranged from 4.67 inches in Bexar to 29.19 in Fayette. Flooding and flash flooding forced 608 people to be evacuated from their homes. Most of these, 400, were in Fayette County.","Hurricane Harvey moved onshore as a Category 4 hurricane over San Jose Island east of Rockport during the late evening of August 25th. Harvey moved inland entering southern DeWitt County during the morning of August 26th  as a Category 1 hurricane. It continued to weaken as it moved farther inland eventually reaching south central Gonzales County as a tropical storm during the late evening of August 26th. The center of the storm made a loop through Gonzales, Karnes, and DeWitt Counties before exiting our County Warning Area during the afternoon of August 27th moving into Victoria County. ||A number of places in Fayette, Lavaca, and Bastrop Counties received 20 or more inches of rain. Tropical storm force winds with estimated gusts up to 60 mph caused damage across the region. Trees and branches were knocked down by the winds. Some of these in turn knocked down power lines causing power outages. 100 People were evacuated in Bastrop County.  Rainfall over the far western side of Bastrop County was about 12 inches, while the Smithville area had a 7 day rain total of nearly 24 inches.  The Colorado River at Smithville crested near 32 feet on August 28, flooding about 60 homes in the Smithville area.  There were about 150 low water crossings underwater and many roads were damaged.  Overall estimates to damage in the county are about 1.5 million dollars, about a million of that coming from damage to roads and bridges.",CSV
201708,26,800,201708,26,1100,119753,720464,TEXAS,48,2017,August,Flash Flood,C,339,MONTGOMERY,HGX,26-Aug-17 8:00:00,CST-6,26-Aug-17 11:00:00,0,0,0,0,0.00K,0.00K,Department of Highways,,,Heavy Rain / Tropical System,,,,,,,,,2,WNW,WILLIS,1,WSW,WILLIS,30.4284,-95.509,30.4115,-95.5018,"Harvey made landfall as a category 4 hurricane near Rockport, Texas during the evening of August 25th. The storm then weakened to a tropical storm and slowed,  looping back and tracking over SE Texas then back over the Gulf of Mexico making a second landfall along the Louisiana coast during the early morning hours of August 30th. Over that 5 day period over Southeast Texas TS Harvey produced catastrophic flooding with a large area of 30 to 60 inches of rain, 23 tornadoes, tropical storm force winds and a moderate storm surge near Matagorda Bay.  In some of the heavier bands rain fell at a rate of over 5 inches per hour. This copious record amount of rain over a  led to catastrophic flooding. Thousands of homes, businesses, and roads were flooded due to flash flooding and sheet flow from long duration intense rain. Main stem rivers and adjoining tributaries, creeks and bayous reached full capacity and came out of their banks and this also contributed to the massive flooding across southeastern Texas.","Water was reported over sections of I-45 northbound where TXDOT reported flooding at the FM 1097 intersection.||Record pool levels on Lake Conroe required downstream releases that flooded numerous downstream homes, businesses and vehicles. Major flooding occurred along the San Jacinto River and the east Fork of the San Jacinto and its tributaries inundated tens to hundreds of residential subdivisions. There were hundreds of flooded homes along Lake, Spring, Peach and Caney Creeks.",CSV
201708,26,700,201708,29,2259,119753,720344,TEXAS,48,2017,August,Flash Flood,C,167,GALVESTON,HGX,26-Aug-17 7:00:00,CST-6,29-Aug-17 22:59:00,0,0,0,0,0.00K,0.00K,Emergency Manager,,,Heavy Rain / Tropical System,,,,,,,,,3,NNW,LEAGUE CITY S S ARPT,3,NNW,ALTA LOMA,29.5162,-95.1416,29.4157,-95.1032,"Harvey made landfall as a category 4 hurricane near Rockport, Texas during the evening of August 25th. The storm then weakened to a tropical storm and slowed,  looping back and tracking over SE Texas then back over the Gulf of Mexico making a second landfall along the Louisiana coast during the early morning hours of August 30th. Over that 5 day period over Southeast Texas TS Harvey produced catastrophic flooding with a large area of 30 to 60 inches of rain, 23 tornadoes, tropical storm force winds and a moderate storm surge near Matagorda Bay.  In some of the heavier bands rain fell at a rate of over 5 inches per hour. This copious record amount of rain over a  led to catastrophic flooding. Thousands of homes, businesses, and roads were flooded due to flash flooding and sheet flow from long duration intense rain. Main stem rivers and adjoining tributaries, creeks and bayous reached full capacity and came out of their banks and this also contributed to the massive flooding across southeastern Texas.","Numerous roads were flooded and impassable across northern and western Galveston County.||Approximately 7,000 homes and 125 businesses were impacted by flood waters across the county. Clear Creek measured record levels that lead to the widespread flooding throughout Friendswood and League City. Major flooding occurred along the Dickinson Bayou; from Cemetery Road to east of Highway 3 along FM 517. Flood waters inundated sections of Interstate 45, Bay Area Boulevard, FM 528, FM 518 and numerous primary and secondary county roads.",CSV
201708,26,2045,201708,29,2045,119753,720859,TEXAS,48,2017,August,Flash Flood,C,167,GALVESTON,HGX,26-Aug-17 20:45:00,CST-6,29-Aug-17 20:45:00,0,0,0,0,0.00K,0.00K,Public,,,Heavy Rain / Tropical System,,,,,,,,,8,NE,FRIENDSWOOD,8,NW,LEAGUE CITY,29.598,-95.316,29.5905,-95.1955,"Harvey made landfall as a category 4 hurricane near Rockport, Texas during the evening of August 25th. The storm then weakened to a tropical storm and slowed,  looping back and tracking over SE Texas then back over the Gulf of Mexico making a second landfall along the Louisiana coast during the early morning hours of August 30th. Over that 5 day period over Southeast Texas TS Harvey produced catastrophic flooding with a large area of 30 to 60 inches of rain, 23 tornadoes, tropical storm force winds and a moderate storm surge near Matagorda Bay.  In some of the heavier bands rain fell at a rate of over 5 inches per hour. This copious record amount of rain over a  led to catastrophic flooding. Thousands of homes, businesses, and roads were flooded due to flash flooding and sheet flow from long duration intense rain. Main stem rivers and adjoining tributaries, creeks and bayous reached full capacity and came out of their banks and this also contributed to the massive flooding across southeastern Texas.","There were numerous water rescues and flooded homes within the Friendswood and Pearland areas. Roads and highways in and around these Houston suburbs were inundated and closed due to flash flooding. Mary's Creek and Cowart Creek overflowed their banks and exacerbated the flooding.||Approximately 7,000 homes and 125 businesses were impacted by flood waters across the county. Clear Creek measured record levels that lead to the widespread flooding throughout Friendswood and League City. Major flooding occurred along the Dickinson Bayou; from Cemetery Road to east of Highway 3 along FM 517. Flood waters inundated sections of Interstate 45, Bay Area Boulevard, FM 528, FM 518 and numerous primary and secondary county roads.",CSV
201708,26,1000,201708,26,1300,119753,720465,TEXAS,48,2017,August,Flash Flood,C,167,GALVESTON,HGX,26-Aug-17 10:00:00,CST-6,26-Aug-17 13:00:00,0,0,0,0,0.00K,0.00K,Department of Highways,,,Heavy Rain / Tropical System,,,,,,,,,3,N,LEAGUE CITY,3,N,LEAGUE CITY,29.542,-95.0988,29.5382,-95.1059,"Harvey made landfall as a category 4 hurricane near Rockport, Texas during the evening of August 25th. The storm then weakened to a tropical storm and slowed,  looping back and tracking over SE Texas then back over the Gulf of Mexico making a second landfall along the Louisiana coast during the early morning hours of August 30th. Over that 5 day period over Southeast Texas TS Harvey produced catastrophic flooding with a large area of 30 to 60 inches of rain, 23 tornadoes, tropical storm force winds and a moderate storm surge near Matagorda Bay.  In some of the heavier bands rain fell at a rate of over 5 inches per hour. This copious record amount of rain over a  led to catastrophic flooding. Thousands of homes, businesses, and roads were flooded due to flash flooding and sheet flow from long duration intense rain. Main stem rivers and adjoining tributaries, creeks and bayous reached full capacity and came out of their banks and this also contributed to the massive flooding across southeastern Texas.","Low water ways were flooded along FM 270 from FM 646 to NASA Road 1.||Approximately 7,000 homes and 125 businesses were impacted by flood waters across the county. Clear Creek measured record levels that lead to the widespread flooding throughout Friendswood and League City. Major flooding occurred along the Dickinson Bayou; from Cemetery Road to east of Highway 3 along FM 517. Flood waters inundated sections of Interstate 45, Bay Area Boulevard, FM 528, FM 518 and numerous primary and secondary county roads.",CSV
201708,26,2015,201708,29,2015,119753,720858,TEXAS,48,2017,August,Flash Flood,C,201,HARRIS,HGX,26-Aug-17 20:15:00,CST-6,29-Aug-17 20:15:00,0,0,0,0,0.00K,0.00K,Public,,,Heavy Rain / Tropical System,,,,,,,,,2,WNW,TOMBALL,6,SW,FRIENDSWOOD,30.1123,-95.658,29.4783,-95.4932,"Harvey made landfall as a category 4 hurricane near Rockport, Texas during the evening of August 25th. The storm then weakened to a tropical storm and slowed,  looping back and tracking over SE Texas then back over the Gulf of Mexico making a second landfall along the Louisiana coast during the early morning hours of August 30th. Over that 5 day period over Southeast Texas TS Harvey produced catastrophic flooding with a large area of 30 to 60 inches of rain, 23 tornadoes, tropical storm force winds and a moderate storm surge near Matagorda Bay.  In some of the heavier bands rain fell at a rate of over 5 inches per hour. This copious record amount of rain over a  led to catastrophic flooding. Thousands of homes, businesses, and roads were flooded due to flash flooding and sheet flow from long duration intense rain. Main stem rivers and adjoining tributaries, creeks and bayous reached full capacity and came out of their banks and this also contributed to the massive flooding across southeastern Texas.","There were numerous water rescues within Houston and the surrounding suburbs. Roads and highways in and around Houston inundated and closed due to flash flooding. Some of the reported flooded roads in Pasadena were Vista Street, Shafer Street, Fairmont Drive and Strawberry Road.||Catastrophic flooding occurred on nearly every one of the 22 watersheds in Harris County. 10 out of the 19 bayous in the county reached record crests and flooding. There was widespread flooding along Buffalo Bayou and upstream and downstream of both Addicks and Barkers Reservoirs due to record level pool elevations. There was major flooding of hundreds of homes within numerous neighboring subdivisions along the San Jacinto River and the East Fork of the San Jacinto River. Lake Conroe's releases and backwater flow from Lake Houston also contributed to the widespread flooding across the northern and northeastern sectors of the county.",CSV
201708,26,2030,201708,29,2030,119753,720860,TEXAS,48,2017,August,Flash Flood,C,201,HARRIS,HGX,26-Aug-17 20:30:00,CST-6,29-Aug-17 20:30:00,0,0,0,0,0.00K,0.00K,Local Official,,,Heavy Rain / Tropical System,,,,,,,,,3,SSE,HOCKLEY,1,N,SPRING,29.9887,-95.8392,30.0883,-95.419,"Harvey made landfall as a category 4 hurricane near Rockport, Texas during the evening of August 25th. The storm then weakened to a tropical storm and slowed,  looping back and tracking over SE Texas then back over the Gulf of Mexico making a second landfall along the Louisiana coast during the early morning hours of August 30th. Over that 5 day period over Southeast Texas TS Harvey produced catastrophic flooding with a large area of 30 to 60 inches of rain, 23 tornadoes, tropical storm force winds and a moderate storm surge near Matagorda Bay.  In some of the heavier bands rain fell at a rate of over 5 inches per hour. This copious record amount of rain over a  led to catastrophic flooding. Thousands of homes, businesses, and roads were flooded due to flash flooding and sheet flow from long duration intense rain. Main stem rivers and adjoining tributaries, creeks and bayous reached full capacity and came out of their banks and this also contributed to the massive flooding across southeastern Texas.",There were numerous water rescues within Houston and the surrounding suburbs. Roads and highways in and around Houston inundated and closed due to flash flooding.||Catastrophic flooding occurred on nearly every one of the 22 watersheds in Harris County. 10 out of the 19 bayous in the county reached record crests and flooding. There was widespread flooding along Buffalo Bayou and upstream and downstream of both Addicks and Barkers Reservoirs due to record level pool elevations. There was major flooding of hundreds of homes within numerous neighboring subdivisions along the San Jacinto River and the East Fork of the San Jacinto River. Lake Conroe's releases and backwater flow from Lake Houston also contributed to the widespread flooding across the northern and northeastern sectors of the county.,CSV
201708,26,1530,201708,26,1530,118325,711038,TEXAS,48,2017,August,Thunderstorm Wind,C,5,ANGELINA,SHV,26-Aug-17 15:30:00,CST-6,26-Aug-17 15:30:00,0,0,0,0,0.00K,0.00K,Social Media,56,EG,,,,,,,,,,4,SSE,KURTH LAKE,4,SSE,KURTH LAKE,31.3992,-94.6413,31.3992,-94.6413,"Major Hurricane Harvey made landfall between Port Aransas and Port O'Connor Texas during the late evening hours on August 25th, and drifted inland into South Texas before becoming stationary on August 26th. The outer bands of Hurricane Harvey spread northwest across much of Southeast Texas and portions of Deep East Texas during the afternoon on the 26th, where damaging winds downed trees in the Moffitt community in Northern Angelina County.",Trees and other debris were blown down in the Moffitt community.,CSV
201708,26,800,201708,26,1030,119753,720469,TEXAS,48,2017,August,Flash Flood,C,339,MONTGOMERY,HGX,26-Aug-17 8:00:00,CST-6,26-Aug-17 10:30:00,0,0,0,0,0.00K,0.00K,Law Enforcement,,,Heavy Rain / Tropical System,,,,,,,,,3,NNE,LAKE CONROE DAM,4,N,CONROE ARPT,30.3872,-95.5275,30.405,-95.4108,"Harvey made landfall as a category 4 hurricane near Rockport, Texas during the evening of August 25th. The storm then weakened to a tropical storm and slowed,  looping back and tracking over SE Texas then back over the Gulf of Mexico making a second landfall along the Louisiana coast during the early morning hours of August 30th. Over that 5 day period over Southeast Texas TS Harvey produced catastrophic flooding with a large area of 30 to 60 inches of rain, 23 tornadoes, tropical storm force winds and a moderate storm surge near Matagorda Bay.  In some of the heavier bands rain fell at a rate of over 5 inches per hour. This copious record amount of rain over a  led to catastrophic flooding. Thousands of homes, businesses, and roads were flooded due to flash flooding and sheet flow from long duration intense rain. Main stem rivers and adjoining tributaries, creeks and bayous reached full capacity and came out of their banks and this also contributed to the massive flooding across southeastern Texas.","There were impassable roads due to high water at Horseshoe Circle and Painted Blvd off the Grand Parkway, 19000 block of David Memorial from Sam's Club to Shenandoah Park, the 11000 block of River Oaks Drive, the 45 northbound lanes at Highway 242 and Hines Road in Willis.||Record pool levels on Lake Conroe required downstream releases that flooded numerous downstream homes, businesses and vehicles. Major flooding occurred along the San Jacinto River and the east Fork of the San Jacinto and its tributaries inundated tens to hundreds of residential subdivisions. There were hundreds of flooded homes along Lake, Spring, Peach and Caney Creeks.",CSV
201708,26,2200,201708,29,2200,119753,720862,TEXAS,48,2017,August,Flash Flood,C,167,GALVESTON,HGX,26-Aug-17 22:00:00,CST-6,29-Aug-17 22:00:00,0,0,0,0,0.00K,0.00K,Public,,,Heavy Rain / Tropical System,,,,,,,,,9,ENE,FRIENDSWOOD,4,WNW,CLEAR LAKE SHORES,29.5736,-95.2789,29.5753,-95.097,"Harvey made landfall as a category 4 hurricane near Rockport, Texas during the evening of August 25th. The storm then weakened to a tropical storm and slowed,  looping back and tracking over SE Texas then back over the Gulf of Mexico making a second landfall along the Louisiana coast during the early morning hours of August 30th. Over that 5 day period over Southeast Texas TS Harvey produced catastrophic flooding with a large area of 30 to 60 inches of rain, 23 tornadoes, tropical storm force winds and a moderate storm surge near Matagorda Bay.  In some of the heavier bands rain fell at a rate of over 5 inches per hour. This copious record amount of rain over a  led to catastrophic flooding. Thousands of homes, businesses, and roads were flooded due to flash flooding and sheet flow from long duration intense rain. Main stem rivers and adjoining tributaries, creeks and bayous reached full capacity and came out of their banks and this also contributed to the massive flooding across southeastern Texas.","There were numerous water rescues within League City, Dickinson and Santa Fe. Flash flood waters, from sheet flooding and bayous/creeks coming out of banks, completely inundated hundreds to thousands of homes and businesses. Roads and highways in and around northern and central Galveston County were flooded and therefore closed for long time periods.||Approximately 7,000 homes and 125 businesses were impacted by flood waters across the county. Clear Creek measured record levels that lead to the widespread flooding throughout Friendswood and League City. Major flooding occurred along the Dickinson Bayou; from Cemetery Road to east of Highway 3 along FM 517. Flood waters inundated sections of Interstate 45, Bay Area Boulevard, FM 528, FM 518 and numerous primary and secondary county roads.",CSV
201708,26,357,201708,26,400,119753,720677,TEXAS,48,2017,August,Tornado,C,473,WALLER,HGX,26-Aug-17 3:57:00,CST-6,26-Aug-17 4:00:00,0,0,0,0,200.00K,0.00K,Emergency Manager,,,,,EF1,0.4,50,,,,,3,WSW,KATY,3,WSW,KATY,29.7756,-95.8442,29.7803,-95.8482,"Harvey made landfall as a category 4 hurricane near Rockport, Texas during the evening of August 25th. The storm then weakened to a tropical storm and slowed,  looping back and tracking over SE Texas then back over the Gulf of Mexico making a second landfall along the Louisiana coast during the early morning hours of August 30th. Over that 5 day period over Southeast Texas TS Harvey produced catastrophic flooding with a large area of 30 to 60 inches of rain, 23 tornadoes, tropical storm force winds and a moderate storm surge near Matagorda Bay.  In some of the heavier bands rain fell at a rate of over 5 inches per hour. This copious record amount of rain over a  led to catastrophic flooding. Thousands of homes, businesses, and roads were flooded due to flash flooding and sheet flow from long duration intense rain. Main stem rivers and adjoining tributaries, creeks and bayous reached full capacity and came out of their banks and this also contributed to the massive flooding across southeastern Texas.",Tornado appeared to touch down at an RV and boat storage facility then cross Interstate 10. It then damaged Pepperl Fuchs facility on north side of Interstate. Tornado crossed from Fort Bend into Waller County.,CSV
201708,26,545,201708,26,815,119753,720343,TEXAS,48,2017,August,Flash Flood,C,321,MATAGORDA,HGX,26-Aug-17 5:45:00,CST-6,26-Aug-17 8:15:00,0,0,0,0,0.00K,0.00K,Department of Highways,,,Heavy Rain / Tropical System,,,,,,,,,23,WNW,PLEDGER,6,NW,(PSX)PALACIOS MUNI A,29.3896,-96.221,28.7826,-96.3171,"Harvey made landfall as a category 4 hurricane near Rockport, Texas during the evening of August 25th. The storm then weakened to a tropical storm and slowed,  looping back and tracking over SE Texas then back over the Gulf of Mexico making a second landfall along the Louisiana coast during the early morning hours of August 30th. Over that 5 day period over Southeast Texas TS Harvey produced catastrophic flooding with a large area of 30 to 60 inches of rain, 23 tornadoes, tropical storm force winds and a moderate storm surge near Matagorda Bay.  In some of the heavier bands rain fell at a rate of over 5 inches per hour. This copious record amount of rain over a  led to catastrophic flooding. Thousands of homes, businesses, and roads were flooded due to flash flooding and sheet flow from long duration intense rain. Main stem rivers and adjoining tributaries, creeks and bayous reached full capacity and came out of their banks and this also contributed to the massive flooding across southeastern Texas.","Flooded and impassable roadways with sections of SH 60 from FM 2668 and FM 521 near Wadsworth. Portions of SH 35 near Bay City were flooded.||The El Dorado, Oak Grove, and Tres Palacios subdivisions along the Tres Palacios River flooded. Major flooding occurred in Bay City along the Colorado River as levees were over topped by two feet.",CSV
201708,26,1450,201708,26,1457,119753,720680,TEXAS,48,2017,August,Tornado,C,201,HARRIS,HGX,26-Aug-17 14:50:00,CST-6,26-Aug-17 14:57:00,0,0,0,0,500.00K,0.00K,Storm Chaser,,,,,EF1,0.94,50,,,,,4,WSW,HOUSTON WEISER ARPT,4,S,CYPRESS,29.907,-95.6872,29.9182,-95.696,"Harvey made landfall as a category 4 hurricane near Rockport, Texas during the evening of August 25th. The storm then weakened to a tropical storm and slowed,  looping back and tracking over SE Texas then back over the Gulf of Mexico making a second landfall along the Louisiana coast during the early morning hours of August 30th. Over that 5 day period over Southeast Texas TS Harvey produced catastrophic flooding with a large area of 30 to 60 inches of rain, 23 tornadoes, tropical storm force winds and a moderate storm surge near Matagorda Bay.  In some of the heavier bands rain fell at a rate of over 5 inches per hour. This copious record amount of rain over a  led to catastrophic flooding. Thousands of homes, businesses, and roads were flooded due to flash flooding and sheet flow from long duration intense rain. Main stem rivers and adjoining tributaries, creeks and bayous reached full capacity and came out of their banks and this also contributed to the massive flooding across southeastern Texas.",Trees downed and roof damage near Berry Center and Lone Oak Subdivision.,CSV
201708,26,1520,201708,26,1522,119753,720686,TEXAS,48,2017,August,Tornado,C,201,HARRIS,HGX,26-Aug-17 15:20:00,CST-6,26-Aug-17 15:22:00,0,0,0,0,30.00K,0.00K,Social Media,,,,,EF0,0.52,50,,,,,2,SE,CYPRESS,2,ESE,CYPRESS,29.9528,-95.6704,29.9593,-95.6748,"Harvey made landfall as a category 4 hurricane near Rockport, Texas during the evening of August 25th. The storm then weakened to a tropical storm and slowed,  looping back and tracking over SE Texas then back over the Gulf of Mexico making a second landfall along the Louisiana coast during the early morning hours of August 30th. Over that 5 day period over Southeast Texas TS Harvey produced catastrophic flooding with a large area of 30 to 60 inches of rain, 23 tornadoes, tropical storm force winds and a moderate storm surge near Matagorda Bay.  In some of the heavier bands rain fell at a rate of over 5 inches per hour. This copious record amount of rain over a  led to catastrophic flooding. Thousands of homes, businesses, and roads were flooded due to flash flooding and sheet flow from long duration intense rain. Main stem rivers and adjoining tributaries, creeks and bayous reached full capacity and came out of their banks and this also contributed to the massive flooding across southeastern Texas.",A second tornado spotted near Hwy 290 and Barker Cypress.,CSV
201708,26,1623,201708,26,1626,119753,720699,TEXAS,48,2017,August,Tornado,C,481,WHARTON,HGX,26-Aug-17 16:23:00,CST-6,26-Aug-17 16:26:00,0,0,0,0,50.00K,0.00K,Broadcast Media,,,,,EF0,0.54,30,,,,,1,NNW,EAST BERNARD,2,NNW,EAST BERNARD,29.5438,-96.0845,29.55,-96.09,"Harvey made landfall as a category 4 hurricane near Rockport, Texas during the evening of August 25th. The storm then weakened to a tropical storm and slowed,  looping back and tracking over SE Texas then back over the Gulf of Mexico making a second landfall along the Louisiana coast during the early morning hours of August 30th. Over that 5 day period over Southeast Texas TS Harvey produced catastrophic flooding with a large area of 30 to 60 inches of rain, 23 tornadoes, tropical storm force winds and a moderate storm surge near Matagorda Bay.  In some of the heavier bands rain fell at a rate of over 5 inches per hour. This copious record amount of rain over a  led to catastrophic flooding. Thousands of homes, businesses, and roads were flooded due to flash flooding and sheet flow from long duration intense rain. Main stem rivers and adjoining tributaries, creeks and bayous reached full capacity and came out of their banks and this also contributed to the massive flooding across southeastern Texas.",Trees down along a southeast to northwest path. Horse trailer overturned. Tornado caught on video.,CSV
201708,26,1200,201708,27,1700,119753,720468,TEXAS,48,2017,August,Flash Flood,C,321,MATAGORDA,HGX,26-Aug-17 12:00:00,CST-6,27-Aug-17 17:00:00,0,0,0,0,0.00K,0.00K,Department of Highways,,,Heavy Rain / Tropical System,,,,,,,,,1,NNW,BLESSING,4,NE,MARKHAM,28.8874,-96.2293,28.9923,-96.0353,"Harvey made landfall as a category 4 hurricane near Rockport, Texas during the evening of August 25th. The storm then weakened to a tropical storm and slowed,  looping back and tracking over SE Texas then back over the Gulf of Mexico making a second landfall along the Louisiana coast during the early morning hours of August 30th. Over that 5 day period over Southeast Texas TS Harvey produced catastrophic flooding with a large area of 30 to 60 inches of rain, 23 tornadoes, tropical storm force winds and a moderate storm surge near Matagorda Bay.  In some of the heavier bands rain fell at a rate of over 5 inches per hour. This copious record amount of rain over a  led to catastrophic flooding. Thousands of homes, businesses, and roads were flooded due to flash flooding and sheet flow from long duration intense rain. Main stem rivers and adjoining tributaries, creeks and bayous reached full capacity and came out of their banks and this also contributed to the massive flooding across southeastern Texas.",Sections of SH 35 were closed due to flash flooding.,CSV
201708,26,112,201708,26,114,119753,720672,TEXAS,48,2017,August,Tornado,C,157,FORT BEND,HGX,26-Aug-17 1:12:00,CST-6,26-Aug-17 1:14:00,0,0,0,0,30.00K,0.00K,Broadcast Media,,,,,EF0,0.11,30,,,,,5,W,CLODINE,5,W,CLODINE,29.7,-95.76,29.7011,-95.7613,"Harvey made landfall as a category 4 hurricane near Rockport, Texas during the evening of August 25th. The storm then weakened to a tropical storm and slowed,  looping back and tracking over SE Texas then back over the Gulf of Mexico making a second landfall along the Louisiana coast during the early morning hours of August 30th. Over that 5 day period over Southeast Texas TS Harvey produced catastrophic flooding with a large area of 30 to 60 inches of rain, 23 tornadoes, tropical storm force winds and a moderate storm surge near Matagorda Bay.  In some of the heavier bands rain fell at a rate of over 5 inches per hour. This copious record amount of rain over a  led to catastrophic flooding. Thousands of homes, businesses, and roads were flooded due to flash flooding and sheet flow from long duration intense rain. Main stem rivers and adjoining tributaries, creeks and bayous reached full capacity and came out of their banks and this also contributed to the massive flooding across southeastern Texas.",Roof damage to a home near Westpark Tollway and Grand Parkway.,CSV
201708,26,2256,201708,27,345,120216,720413,TEXAS,48,2017,August,Flash Flood,C,21,BASTROP,EWX,26-Aug-17 22:56:00,CST-6,27-Aug-17 3:45:00,0,0,0,0,0.00K,0.00K,Emergency Manager,,,Heavy Rain / Tropical System,,,,,,,,,1,SE,SMITHVILLE MUNI ARPT,2,ENE,SMITHVILLE,30.0173,-97.1554,30.0064,-97.1435,"Hurricane Harvey moved onshore as a Category 4 hurricane over San Jose Island east of Rockport during the late evening of August 25th. Harvey moved inland entering southern DeWitt County during the morning of August 26th  as a Category 1 hurricane. It continued to weaken as it moved farther inland eventually reaching south central Gonzales County as a tropical storm during the late evening of August 26th. The center of the storm made a loop through Gonzales, Karnes, and DeWitt Counties before exiting our County Warning Area during the afternoon of August 27th moving into Victoria County. The maximum sustained winds were 46 mph recorded at Austin Bergstrom International Airport and at two private weather stations, one near Yorktown and the other near Smiley. The maximum recorded wind gusts were 58 mph at New Braunfels Airport, Randolph AFB, and at a private weather station near Smiley. The highest rainfall total was 29.19 inches outside of LaGrange in Fayette County. A number of places in Fayette, Lavaca, and Bastrop Counties received 20 or more inches of rain. Tropical storm force winds with estimated gusts up to 60 mph caused damage across the region. Trees and branches were knocked down by the winds. Some of these in turn knocked down power lines causing power outages in Bastrop, Comal, Hays, and Guadalupe Counties. At one point, 15,000 customers in Comal County were without power. There was also some minor structural damage in Caldwell, Comal, and Lavaca Counties. Maximum rainfall totals in these counties ranged from 4.67 inches in Bexar to 29.19 in Fayette. Flooding and flash flooding forced 608 people to be evacuated from their homes. Most of these, 400, were in Fayette County.",Heavy rain from Tropical Storm Harvey produced flash flooding that closed the eastbound lanes of Hwy 71 at Smithville.,CSV
201708,26,330,201708,26,332,119753,720674,TEXAS,48,2017,August,Tornado,C,201,HARRIS,HGX,26-Aug-17 3:30:00,CST-6,26-Aug-17 3:32:00,0,0,0,0,100.00K,0.00K,Broadcast Media,,,,,EF0,1.02,30,,,,,2,S,LAKE HOUSTON,2,SW,LAKE HOUSTON,29.9243,-95.1516,29.9347,-95.1704,"Harvey made landfall as a category 4 hurricane near Rockport, Texas during the evening of August 25th. The storm then weakened to a tropical storm and slowed,  looping back and tracking over SE Texas then back over the Gulf of Mexico making a second landfall along the Louisiana coast during the early morning hours of August 30th. Over that 5 day period over Southeast Texas TS Harvey produced catastrophic flooding with a large area of 30 to 60 inches of rain, 23 tornadoes, tropical storm force winds and a moderate storm surge near Matagorda Bay.  In some of the heavier bands rain fell at a rate of over 5 inches per hour. This copious record amount of rain over a  led to catastrophic flooding. Thousands of homes, businesses, and roads were flooded due to flash flooding and sheet flow from long duration intense rain. Main stem rivers and adjoining tributaries, creeks and bayous reached full capacity and came out of their banks and this also contributed to the massive flooding across southeastern Texas.","Report of tornado touchdown resulting in damage to trees, fences and roofs in Lakeshore and Summerwood subdivisions. Tornado initially sighted by the public over southern portions of Lake Houston.",CSV
201708,26,705,201708,26,706,119753,720678,TEXAS,48,2017,August,Tornado,C,41,BRAZOS,HGX,26-Aug-17 7:05:00,CST-6,26-Aug-17 7:06:00,0,0,0,0,0.00K,0.00K,Broadcast Media,,,,,EF0,0.16,20,,,,,2,WSW,ENRIGHT,2,WSW,ENRIGHT,30.4803,-96.315,30.4823,-96.3165,"Harvey made landfall as a category 4 hurricane near Rockport, Texas during the evening of August 25th. The storm then weakened to a tropical storm and slowed,  looping back and tracking over SE Texas then back over the Gulf of Mexico making a second landfall along the Louisiana coast during the early morning hours of August 30th. Over that 5 day period over Southeast Texas TS Harvey produced catastrophic flooding with a large area of 30 to 60 inches of rain, 23 tornadoes, tropical storm force winds and a moderate storm surge near Matagorda Bay.  In some of the heavier bands rain fell at a rate of over 5 inches per hour. This copious record amount of rain over a  led to catastrophic flooding. Thousands of homes, businesses, and roads were flooded due to flash flooding and sheet flow from long duration intense rain. Main stem rivers and adjoining tributaries, creeks and bayous reached full capacity and came out of their banks and this also contributed to the massive flooding across southeastern Texas.",Tree down at property on Olympia Buddy Road. A brief spin up.,CSV
201708,26,110,201708,26,112,119753,720688,TEXAS,48,2017,August,Tornado,C,481,WHARTON,HGX,26-Aug-17 1:10:00,CST-6,26-Aug-17 1:12:00,0,0,0,0,0.00K,0.00K,Public,,,,,EF0,1.45,30,,,,,4,S,EGYPT,3,SSW,EGYPT,29.3421,-96.25,29.3616,-96.2591,"Harvey made landfall as a category 4 hurricane near Rockport, Texas during the evening of August 25th. The storm then weakened to a tropical storm and slowed,  looping back and tracking over SE Texas then back over the Gulf of Mexico making a second landfall along the Louisiana coast during the early morning hours of August 30th. Over that 5 day period over Southeast Texas TS Harvey produced catastrophic flooding with a large area of 30 to 60 inches of rain, 23 tornadoes, tropical storm force winds and a moderate storm surge near Matagorda Bay.  In some of the heavier bands rain fell at a rate of over 5 inches per hour. This copious record amount of rain over a  led to catastrophic flooding. Thousands of homes, businesses, and roads were flooded due to flash flooding and sheet flow from long duration intense rain. Main stem rivers and adjoining tributaries, creeks and bayous reached full capacity and came out of their banks and this also contributed to the massive flooding across southeastern Texas.",Brief touchdown. Tornado Damage Signature on radar.,CSV
201708,26,1915,201708,26,1923,119753,720704,TEXAS,48,2017,August,Tornado,C,157,FORT BEND,HGX,26-Aug-17 19:15:00,CST-6,26-Aug-17 19:23:00,0,0,0,0,2.00M,0.00K,NWS Storm Survey,,,,,EF1,5.78,100,,,,,2,WSW,HOBBY,2,NNE,STAFFORD,29.5706,-95.5125,29.6476,-95.5503,"Harvey made landfall as a category 4 hurricane near Rockport, Texas during the evening of August 25th. The storm then weakened to a tropical storm and slowed,  looping back and tracking over SE Texas then back over the Gulf of Mexico making a second landfall along the Louisiana coast during the early morning hours of August 30th. Over that 5 day period over Southeast Texas TS Harvey produced catastrophic flooding with a large area of 30 to 60 inches of rain, 23 tornadoes, tropical storm force winds and a moderate storm surge near Matagorda Bay.  In some of the heavier bands rain fell at a rate of over 5 inches per hour. This copious record amount of rain over a  led to catastrophic flooding. Thousands of homes, businesses, and roads were flooded due to flash flooding and sheet flow from long duration intense rain. Main stem rivers and adjoining tributaries, creeks and bayous reached full capacity and came out of their banks and this also contributed to the massive flooding across southeastern Texas.",Damage to 28 homes in the Woodland West subdivision. Damage path extends from Stafford into Missouri City. The worst of the damage was high end EF1.,CSV
201708,26,2300,201708,26,2302,119753,720706,TEXAS,48,2017,August,Tornado,C,201,HARRIS,HGX,26-Aug-17 23:00:00,CST-6,26-Aug-17 23:02:00,0,0,0,0,50.00K,0.00K,NWS Employee,,,,,EF0,0.03,30,,,,,1,W,CLEAR LAKE CITY,1,W,CLEAR LAKE CITY,29.55,-95.11,29.5504,-95.11,"Harvey made landfall as a category 4 hurricane near Rockport, Texas during the evening of August 25th. The storm then weakened to a tropical storm and slowed,  looping back and tracking over SE Texas then back over the Gulf of Mexico making a second landfall along the Louisiana coast during the early morning hours of August 30th. Over that 5 day period over Southeast Texas TS Harvey produced catastrophic flooding with a large area of 30 to 60 inches of rain, 23 tornadoes, tropical storm force winds and a moderate storm surge near Matagorda Bay.  In some of the heavier bands rain fell at a rate of over 5 inches per hour. This copious record amount of rain over a  led to catastrophic flooding. Thousands of homes, businesses, and roads were flooded due to flash flooding and sheet flow from long duration intense rain. Main stem rivers and adjoining tributaries, creeks and bayous reached full capacity and came out of their banks and this also contributed to the massive flooding across southeastern Texas.",Damage to awning at gas station. Funnel cloud sighted in the area at the time.,CSV
201708,26,2001,201708,27,345,120216,720299,TEXAS,48,2017,August,Flash Flood,C,55,CALDWELL,EWX,26-Aug-17 20:01:00,CST-6,27-Aug-17 3:45:00,0,0,0,0,0.00K,0.00K,Emergency Manager,,,Heavy Rain / Tropical System,,,,,,,,,1,SE,LULING MEML ARPT,1,SW,LULING MEML ARPT,29.72,-97.64,29.7168,-97.6649,"Hurricane Harvey moved onshore as a Category 4 hurricane over San Jose Island east of Rockport during the late evening of August 25th. Harvey moved inland entering southern DeWitt County during the morning of August 26th  as a Category 1 hurricane. It continued to weaken as it moved farther inland eventually reaching south central Gonzales County as a tropical storm during the late evening of August 26th. The center of the storm made a loop through Gonzales, Karnes, and DeWitt Counties before exiting our County Warning Area during the afternoon of August 27th moving into Victoria County. The maximum sustained winds were 46 mph recorded at Austin Bergstrom International Airport and at two private weather stations, one near Yorktown and the other near Smiley. The maximum recorded wind gusts were 58 mph at New Braunfels Airport, Randolph AFB, and at a private weather station near Smiley. The highest rainfall total was 29.19 inches outside of LaGrange in Fayette County. A number of places in Fayette, Lavaca, and Bastrop Counties received 20 or more inches of rain. Tropical storm force winds with estimated gusts up to 60 mph caused damage across the region. Trees and branches were knocked down by the winds. Some of these in turn knocked down power lines causing power outages in Bastrop, Comal, Hays, and Guadalupe Counties. At one point, 15,000 customers in Comal County were without power. There was also some minor structural damage in Caldwell, Comal, and Lavaca Counties. Maximum rainfall totals in these counties ranged from 4.67 inches in Bexar to 29.19 in Fayette. Flooding and flash flooding forced 608 people to be evacuated from their homes. Most of these, 400, were in Fayette County.",Heavy rain from Tropical Storm Harvey produced flash flooding leading to a swift water rescue just north of Luling.,CSV
201708,26,2230,201708,29,2230,119753,720869,TEXAS,48,2017,August,Flash Flood,C,201,HARRIS,HGX,26-Aug-17 22:30:00,CST-6,29-Aug-17 22:30:00,0,0,0,0,0.00K,0.00K,Public,,,Heavy Rain / Tropical System,,,,,,,,,9,WNW,HOCKLEY,14,SW,KATY,30.0886,-95.993,29.6408,-95.9491,"Harvey made landfall as a category 4 hurricane near Rockport, Texas during the evening of August 25th. The storm then weakened to a tropical storm and slowed,  looping back and tracking over SE Texas then back over the Gulf of Mexico making a second landfall along the Louisiana coast during the early morning hours of August 30th. Over that 5 day period over Southeast Texas TS Harvey produced catastrophic flooding with a large area of 30 to 60 inches of rain, 23 tornadoes, tropical storm force winds and a moderate storm surge near Matagorda Bay.  In some of the heavier bands rain fell at a rate of over 5 inches per hour. This copious record amount of rain over a  led to catastrophic flooding. Thousands of homes, businesses, and roads were flooded due to flash flooding and sheet flow from long duration intense rain. Main stem rivers and adjoining tributaries, creeks and bayous reached full capacity and came out of their banks and this also contributed to the massive flooding across southeastern Texas.","There were numerous water rescues within Houston and the surrounding western suburbs. Flash flood waters, from sheet flooding and bayous/creeks coming out of banks, completely inundated hundreds to thousands of homes and businesses. Roads and highways in and around Houston were flooded and therefore closed for long time periods.||Catastrophic flooding occurred on nearly every one of the 22 watersheds in Harris County. 10 out of the 19 bayous in the county reached record crests and flooding. There was widespread flooding along Buffalo Bayou and upstream and downstream of both Addicks and Barkers Reservoirs due to record level pool elevations. There was major flooding of hundreds of homes within numerous neighboring subdivisions along the San Jacinto River and the East Fork of the San Jacinto River. Lake Conroe's releases and backwater flow from Lake Houston also contributed to the widespread flooding across the northern and northeastern sectors of the county.",CSV
201708,26,914,201708,27,713,120216,720277,TEXAS,48,2017,August,Tropical Storm,Z,206,COMAL,EWX,26-Aug-17 9:14:00,CST-6,27-Aug-17 7:13:00,0,0,0,0,1.00M,0.00K,Official NWS Observations,,,,,,,,,,,,,,,,,,,,,,"Hurricane Harvey moved onshore as a Category 4 hurricane over San Jose Island east of Rockport during the late evening of August 25th. Harvey moved inland entering southern DeWitt County during the morning of August 26th  as a Category 1 hurricane. It continued to weaken as it moved farther inland eventually reaching south central Gonzales County as a tropical storm during the late evening of August 26th. The center of the storm made a loop through Gonzales, Karnes, and DeWitt Counties before exiting our County Warning Area during the afternoon of August 27th moving into Victoria County. The maximum sustained winds were 46 mph recorded at Austin Bergstrom International Airport and at two private weather stations, one near Yorktown and the other near Smiley. The maximum recorded wind gusts were 58 mph at New Braunfels Airport, Randolph AFB, and at a private weather station near Smiley. The highest rainfall total was 29.19 inches outside of LaGrange in Fayette County. A number of places in Fayette, Lavaca, and Bastrop Counties received 20 or more inches of rain. Tropical storm force winds with estimated gusts up to 60 mph caused damage across the region. Trees and branches were knocked down by the winds. Some of these in turn knocked down power lines causing power outages in Bastrop, Comal, Hays, and Guadalupe Counties. At one point, 15,000 customers in Comal County were without power. There was also some minor structural damage in Caldwell, Comal, and Lavaca Counties. Maximum rainfall totals in these counties ranged from 4.67 inches in Bexar to 29.19 in Fayette. Flooding and flash flooding forced 608 people to be evacuated from their homes. Most of these, 400, were in Fayette County.","Hurricane Harvey moved onshore as a Category 4 hurricane over San Jose Island east of Rockport during the late evening of August 25th. Harvey moved inland entering southern DeWitt County during the morning of August 26th  as a Category 1 hurricane. It continued to weaken as it moved farther inland eventually reaching south central Gonzales County as a tropical storm during the late evening of August 26th. The center of the storm made a loop through Gonzales, Karnes, and DeWitt Counties before exiting our County Warning Area during the afternoon of August 27th moving into Victoria County. ||Winds frequently gusted over 50 mph across the county, The maximum recorded wind gusts were 58 mph at New Braunfels Airport. Tropical storm force winds with estimated gusts up to 60 mph caused damage across the region. Trees and branches were knocked down by the winds. Some of these in turn knocked down power lines causing power outages. At one point, 15,000 customers in Comal County were without power. There was also some minor structural damage in Comal County.  Maximum rainfall totals were near 7 inches on the east side of the county.  Several low water crossings were flooded for days.  Wind driven rain led to water damage at the New Braunfels Police Department as well as the Christus Santa Rosa Hospital.  Comal County hosted over 200 middle Texas coast evacuees.",CSV
201708,26,914,201708,27,713,120216,720279,TEXAS,48,2017,August,Tropical Storm,Z,223,GONZALES,EWX,26-Aug-17 9:14:00,CST-6,27-Aug-17 7:13:00,0,0,0,0,100.00K,0.00K,Official NWS Observations,,,,,,,,,,,,,,,,,,,,,,"Hurricane Harvey moved onshore as a Category 4 hurricane over San Jose Island east of Rockport during the late evening of August 25th. Harvey moved inland entering southern DeWitt County during the morning of August 26th  as a Category 1 hurricane. It continued to weaken as it moved farther inland eventually reaching south central Gonzales County as a tropical storm during the late evening of August 26th. The center of the storm made a loop through Gonzales, Karnes, and DeWitt Counties before exiting our County Warning Area during the afternoon of August 27th moving into Victoria County. The maximum sustained winds were 46 mph recorded at Austin Bergstrom International Airport and at two private weather stations, one near Yorktown and the other near Smiley. The maximum recorded wind gusts were 58 mph at New Braunfels Airport, Randolph AFB, and at a private weather station near Smiley. The highest rainfall total was 29.19 inches outside of LaGrange in Fayette County. A number of places in Fayette, Lavaca, and Bastrop Counties received 20 or more inches of rain. Tropical storm force winds with estimated gusts up to 60 mph caused damage across the region. Trees and branches were knocked down by the winds. Some of these in turn knocked down power lines causing power outages in Bastrop, Comal, Hays, and Guadalupe Counties. At one point, 15,000 customers in Comal County were without power. There was also some minor structural damage in Caldwell, Comal, and Lavaca Counties. Maximum rainfall totals in these counties ranged from 4.67 inches in Bexar to 29.19 in Fayette. Flooding and flash flooding forced 608 people to be evacuated from their homes. Most of these, 400, were in Fayette County.","Hurricane Harvey moved onshore as a Category 4 hurricane over San Jose Island east of Rockport during the late evening of August 25th. Harvey moved inland entering southern DeWitt County during the morning of August 26th  as a Category 1 hurricane. It continued to weaken as it moved farther inland eventually reaching south central Gonzales County as a tropical storm during the late evening of August 26th. The center of the storm made a loop through Gonzales, Karnes, and DeWitt Counties before exiting our County Warning Area during the afternoon of August 27th moving into Victoria County. ||Sustained tropical storm force winds were observed with gusts over 50 mph.  Widespread wind damage was reported, but was confined to mainly trees and uprooted trees.  Several creeks were well over their banks and led to significant flooding downstream.  The widespread 10-15 inches of rain flooded out a couple of homes.  The highest rainfall total recorded was nearly 20 inches of rain about 13 miles east of Gonzales.",CSV
201708,26,956,201708,27,1200,119753,728846,TEXAS,48,2017,August,Flash Flood,C,157,FORT BEND,HGX,26-Aug-17 9:56:00,CST-6,27-Aug-17 12:00:00,0,0,0,0,0.00K,0.00K,Department of Highways,,,Heavy Rain / Tropical System,,,,,,,,,6,E,FULSHEAR,6,ENE,FULSHEAR,29.6943,-95.7974,29.7016,-95.7977,"Harvey made landfall as a category 4 hurricane near Rockport, Texas during the evening of August 25th. The storm then weakened to a tropical storm and slowed,  looping back and tracking over SE Texas then back over the Gulf of Mexico making a second landfall along the Louisiana coast during the early morning hours of August 30th. Over that 5 day period over Southeast Texas TS Harvey produced catastrophic flooding with a large area of 30 to 60 inches of rain, 23 tornadoes, tropical storm force winds and a moderate storm surge near Matagorda Bay.  In some of the heavier bands rain fell at a rate of over 5 inches per hour. This copious record amount of rain over a  led to catastrophic flooding. Thousands of homes, businesses, and roads were flooded due to flash flooding and sheet flow from long duration intense rain. Main stem rivers and adjoining tributaries, creeks and bayous reached full capacity and came out of their banks and this also contributed to the massive flooding across southeastern Texas.",FM 1093 closed east of FM 723 due to flooding.,CSV
201708,26,400,201708,26,401,119753,767338,TEXAS,48,2017,August,Tornado,C,157,FORT BEND,HGX,26-Aug-17 4:00:00,CST-6,26-Aug-17 4:01:00,0,0,0,0,800.00K,0.00K,Emergency Manager,,,,,EF1,0.32,50,HGX,TX,473,WALLER,3,WSW,KATY,3,WSW,KATY,29.776,-95.844,29.78,-95.8466,"Harvey made landfall as a category 4 hurricane near Rockport, Texas during the evening of August 25th. The storm then weakened to a tropical storm and slowed,  looping back and tracking over SE Texas then back over the Gulf of Mexico making a second landfall along the Louisiana coast during the early morning hours of August 30th. Over that 5 day period over Southeast Texas TS Harvey produced catastrophic flooding with a large area of 30 to 60 inches of rain, 23 tornadoes, tropical storm force winds and a moderate storm surge near Matagorda Bay.  In some of the heavier bands rain fell at a rate of over 5 inches per hour. This copious record amount of rain over a  led to catastrophic flooding. Thousands of homes, businesses, and roads were flooded due to flash flooding and sheet flow from long duration intense rain. Main stem rivers and adjoining tributaries, creeks and bayous reached full capacity and came out of their banks and this also contributed to the massive flooding across southeastern Texas.",Tornado touched down near Trailer World RV and Boat Storage facility then crossed Interstate 10. It did minor damage to Bucees car wash area then ripped large air conditioning units off top of Pepperl Fuchs buiding. Finally in damaged awnings near Builders First building. Tornado crossed from Fort Bend into Waller County. This entry documents Fort Bend County segment.,CSV
201708,26,2330,201708,30,0,119753,720873,TEXAS,48,2017,August,Flash Flood,C,201,HARRIS,HGX,26-Aug-17 23:30:00,CST-6,30-Aug-17 0:00:00,0,0,0,0,0.00K,0.00K,Social Media,,,Heavy Rain / Tropical System,,,,,,,,,0,ENE,CLINTON PARK,2,SE,GREENS BAYOU,29.7216,-95.2927,29.7305,-95.1828,"Harvey made landfall as a category 4 hurricane near Rockport, Texas during the evening of August 25th. The storm then weakened to a tropical storm and slowed,  looping back and tracking over SE Texas then back over the Gulf of Mexico making a second landfall along the Louisiana coast during the early morning hours of August 30th. Over that 5 day period over Southeast Texas TS Harvey produced catastrophic flooding with a large area of 30 to 60 inches of rain, 23 tornadoes, tropical storm force winds and a moderate storm surge near Matagorda Bay.  In some of the heavier bands rain fell at a rate of over 5 inches per hour. This copious record amount of rain over a  led to catastrophic flooding. Thousands of homes, businesses, and roads were flooded due to flash flooding and sheet flow from long duration intense rain. Main stem rivers and adjoining tributaries, creeks and bayous reached full capacity and came out of their banks and this also contributed to the massive flooding across southeastern Texas.","There were numerous water rescues, with people being stranded within their attics and roofs, in south Houston and surrounding communities. Flash flood waters, from sheet flooding and bayous/creeks coming out of banks, completely inundated hundreds to thousands of homes and businesses. Roads and highways in and around south Houston and Pasadena were flooded and therefore closed for long time periods.||Catastrophic flooding occurred on nearly every one of the 22 watersheds in Harris County. 10 out of the 19 bayous in the county reached record crests and flooding. There was widespread flooding along Buffalo Bayou and upstream and downstream of both Addicks and Barkers Reservoirs due to record level pool elevations. There was major flooding of hundreds of homes within numerous neighboring subdivisions along the San Jacinto River and the East Fork of the San Jacinto River. Lake Conroe's releases and backwater flow from Lake Houston also contributed to the widespread flooding across the northern and northeastern sectors of the county.",CSV
201708,26,914,201708,27,713,120216,720282,TEXAS,48,2017,August,Tropical Storm,Z,222,KARNES,EWX,26-Aug-17 9:14:00,CST-6,27-Aug-17 7:13:00,0,0,0,0,0.00K,0.00K,Official NWS Observations,,,,,,,,,,,,,,,,,,,,,,"Hurricane Harvey moved onshore as a Category 4 hurricane over San Jose Island east of Rockport during the late evening of August 25th. Harvey moved inland entering southern DeWitt County during the morning of August 26th  as a Category 1 hurricane. It continued to weaken as it moved farther inland eventually reaching south central Gonzales County as a tropical storm during the late evening of August 26th. The center of the storm made a loop through Gonzales, Karnes, and DeWitt Counties before exiting our County Warning Area during the afternoon of August 27th moving into Victoria County. The maximum sustained winds were 46 mph recorded at Austin Bergstrom International Airport and at two private weather stations, one near Yorktown and the other near Smiley. The maximum recorded wind gusts were 58 mph at New Braunfels Airport, Randolph AFB, and at a private weather station near Smiley. The highest rainfall total was 29.19 inches outside of LaGrange in Fayette County. A number of places in Fayette, Lavaca, and Bastrop Counties received 20 or more inches of rain. Tropical storm force winds with estimated gusts up to 60 mph caused damage across the region. Trees and branches were knocked down by the winds. Some of these in turn knocked down power lines causing power outages in Bastrop, Comal, Hays, and Guadalupe Counties. At one point, 15,000 customers in Comal County were without power. There was also some minor structural damage in Caldwell, Comal, and Lavaca Counties. Maximum rainfall totals in these counties ranged from 4.67 inches in Bexar to 29.19 in Fayette. Flooding and flash flooding forced 608 people to be evacuated from their homes. Most of these, 400, were in Fayette County.","Hurricane Harvey moved onshore as a Category 4 hurricane over San Jose Island east of Rockport during the late evening of August 25th. Harvey moved inland entering southern DeWitt County during the morning of August 26th  as a Category 1 hurricane. It continued to weaken as it moved farther inland eventually reaching south central Gonzales County as a tropical storm during the late evening of August 26th. The center of the storm made a loop through Gonzales, Karnes, and DeWitt Counties before exiting our County Warning Area during the afternoon of August 27th moving into Victoria County. ||Across Karnes County, sustained tropical storm force winds brought some minor tree and branch damage but overall impact of the storm was limited to the far eastern sections of the County.  Rainfall across the county averaged 3-6 inches.",CSV
201708,26,914,201708,27,713,120216,720285,TEXAS,48,2017,August,Tropical Storm,Z,221,WILSON,EWX,26-Aug-17 9:14:00,CST-6,27-Aug-17 7:13:00,0,0,0,0,0.00K,0.00K,Official NWS Observations,,,,,,,,,,,,,,,,,,,,,,"Hurricane Harvey moved onshore as a Category 4 hurricane over San Jose Island east of Rockport during the late evening of August 25th. Harvey moved inland entering southern DeWitt County during the morning of August 26th  as a Category 1 hurricane. It continued to weaken as it moved farther inland eventually reaching south central Gonzales County as a tropical storm during the late evening of August 26th. The center of the storm made a loop through Gonzales, Karnes, and DeWitt Counties before exiting our County Warning Area during the afternoon of August 27th moving into Victoria County. The maximum sustained winds were 46 mph recorded at Austin Bergstrom International Airport and at two private weather stations, one near Yorktown and the other near Smiley. The maximum recorded wind gusts were 58 mph at New Braunfels Airport, Randolph AFB, and at a private weather station near Smiley. The highest rainfall total was 29.19 inches outside of LaGrange in Fayette County. A number of places in Fayette, Lavaca, and Bastrop Counties received 20 or more inches of rain. Tropical storm force winds with estimated gusts up to 60 mph caused damage across the region. Trees and branches were knocked down by the winds. Some of these in turn knocked down power lines causing power outages in Bastrop, Comal, Hays, and Guadalupe Counties. At one point, 15,000 customers in Comal County were without power. There was also some minor structural damage in Caldwell, Comal, and Lavaca Counties. Maximum rainfall totals in these counties ranged from 4.67 inches in Bexar to 29.19 in Fayette. Flooding and flash flooding forced 608 people to be evacuated from their homes. Most of these, 400, were in Fayette County.","Hurricane Harvey moved onshore as a Category 4 hurricane over San Jose Island east of Rockport during the late evening of August 25th. Harvey moved inland entering southern DeWitt County during the morning of August 26th  as a Category 1 hurricane. It continued to weaken as it moved farther inland eventually reaching south central Gonzales County as a tropical storm during the late evening of August 26th. The center of the storm made a loop through Gonzales, Karnes, and DeWitt Counties before exiting our County Warning Area during the afternoon of August 27th moving into Victoria County. ||Winds of 30 to 40 mph were persistent across the county while rainfall totals averaged near 8 inches near Stockdale to only a few inches to the southwest side of the County.  Few overall problems were observed across Wilson County.",CSV
201708,26,914,201708,27,713,120216,798843,TEXAS,48,2017,August,Flood,C,209,HAYS,EWX,26-Aug-17 9:14:00,CST-6,27-Aug-17 7:13:00,0,0,0,0,100.00K,0.00K,Emergency Manager,,,Heavy Rain / Tropical System,,,,,,,,,4,WNW,KYLE,1,W,NIEDERWALD,30.0108,-97.9328,29.9681,-97.7639,"Hurricane Harvey moved onshore as a Category 4 hurricane over San Jose Island east of Rockport during the late evening of August 25th. Harvey moved inland entering southern DeWitt County during the morning of August 26th  as a Category 1 hurricane. It continued to weaken as it moved farther inland eventually reaching south central Gonzales County as a tropical storm during the late evening of August 26th. The center of the storm made a loop through Gonzales, Karnes, and DeWitt Counties before exiting our County Warning Area during the afternoon of August 27th moving into Victoria County. The maximum sustained winds were 46 mph recorded at Austin Bergstrom International Airport and at two private weather stations, one near Yorktown and the other near Smiley. The maximum recorded wind gusts were 58 mph at New Braunfels Airport, Randolph AFB, and at a private weather station near Smiley. The highest rainfall total was 29.19 inches outside of LaGrange in Fayette County. A number of places in Fayette, Lavaca, and Bastrop Counties received 20 or more inches of rain. Tropical storm force winds with estimated gusts up to 60 mph caused damage across the region. Trees and branches were knocked down by the winds. Some of these in turn knocked down power lines causing power outages in Bastrop, Comal, Hays, and Guadalupe Counties. At one point, 15,000 customers in Comal County were without power. There was also some minor structural damage in Caldwell, Comal, and Lavaca Counties. Maximum rainfall totals in these counties ranged from 4.67 inches in Bexar to 29.19 in Fayette. Flooding and flash flooding forced 608 people to be evacuated from their homes. Most of these, 400, were in Fayette County.","Hurricane Harvey moved onshore as a Category 4 hurricane over San Jose Island east of Rockport during the late evening of August 25th. Harvey moved inland entering southern DeWitt County during the morning of August 26th  as a Category 1 hurricane. It continued to weaken as it moved farther inland eventually reaching south central Gonzales County as a tropical storm during the late evening of August 26th. The center of the storm made a loop through Gonzales, Karnes, and DeWitt Counties before exiting our County Warning Area during the afternoon of August 27th moving into Victoria County. ||The eastern half of Hays County experienced tropical storm force winds with gusts as high as 50 mph during the storm.  This produced some minor tree damage and knocked out power.  100 people were evacuated due to rising water on creeks and the threat of a small dam breach during the height of the event.  A sinkhole developed on Highway 21 due to the heavy rain amounts.  Across the county, rainfall totals averaged 8 to 12 inches along and east of Interstate 35.  Monetary loss are estimates of road repair.",CSV
201708,26,1840,201708,29,2000,119753,720852,TEXAS,48,2017,August,Flash Flood,C,157,FORT BEND,HGX,26-Aug-17 18:40:00,CST-6,29-Aug-17 20:00:00,0,0,3,0,8.00B,50.00K,Law Enforcement,,,Heavy Rain / Tropical System,,,,,,,,,0,WSW,KENDLETON,1,NW,KATY,29.4493,-96.0027,29.8075,-95.809,"Harvey made landfall as a category 4 hurricane near Rockport, Texas during the evening of August 25th. The storm then weakened to a tropical storm and slowed,  looping back and tracking over SE Texas then back over the Gulf of Mexico making a second landfall along the Louisiana coast during the early morning hours of August 30th. Over that 5 day period over Southeast Texas TS Harvey produced catastrophic flooding with a large area of 30 to 60 inches of rain, 23 tornadoes, tropical storm force winds and a moderate storm surge near Matagorda Bay.  In some of the heavier bands rain fell at a rate of over 5 inches per hour. This copious record amount of rain over a  led to catastrophic flooding. Thousands of homes, businesses, and roads were flooded due to flash flooding and sheet flow from long duration intense rain. Main stem rivers and adjoining tributaries, creeks and bayous reached full capacity and came out of their banks and this also contributed to the massive flooding across southeastern Texas.","There were numerous road closures around the Rosenberg and Richmond areas. Some of these roads included Highway 90 at Highway 36 and Lane Drive, Lane Drive at Mustang Road and I-69 at FM 762 and Reading Road. Major record level flooding of both the Brazos and San Bernard Rivers caused significant home flooding from Richmond to Rosharon. Massive flooding occurred in Tierra Grande subdivision along the San Bernard River in southwestern Fort Bend County. Home flooding occurred at Valley Lodge in Simonton, along Edgewood and Baudet Roads in Richmond, along Bar, Barker, Cumings, Sixth Street, Avenue B and Rio Brazos Roads in Rosenberg. Sections of FM 2759 as well as the Grand River, Rivers Edge and Pecan Estates in Thompsons flooded. Many countywide roads became inundated in flood waters including, but not limited to, Highway 90A, Pitts Road, FM 1489, FM 723, FM 1093, FM 359, SH 6 feeder roads, Sienna Parkway, Carrol Road, McKeever Road, Knights Court, Miller Road, river Oaks Road, Thompsons Ferry Road, Strange Drive, Greenwood Drive, Second Street and low lying roads in Quail Valley in Missouri City.  Due to record pool levels in Barker Reservoir, homes in Cinco Ranch flooded. Big Creek flooding in Needville caused the flooding of homes on Ansel Road. Flooding being reported in or within homes in Missouri City with water rescues being conducted off of the Westpark Tollway in the Jeanetta Sharpstown area.",CSV
201708,26,1959,201708,27,345,120216,720297,TEXAS,48,2017,August,Flash Flood,C,55,CALDWELL,EWX,26-Aug-17 19:59:00,CST-6,27-Aug-17 3:45:00,0,0,0,0,0.00K,0.00K,Emergency Manager,,,Heavy Rain / Tropical System,,,,,,,,,2,NNW,LYTTON SPGS,1,W,LYTTON SPGS,30.02,-97.63,30.0014,-97.6341,"Hurricane Harvey moved onshore as a Category 4 hurricane over San Jose Island east of Rockport during the late evening of August 25th. Harvey moved inland entering southern DeWitt County during the morning of August 26th  as a Category 1 hurricane. It continued to weaken as it moved farther inland eventually reaching south central Gonzales County as a tropical storm during the late evening of August 26th. The center of the storm made a loop through Gonzales, Karnes, and DeWitt Counties before exiting our County Warning Area during the afternoon of August 27th moving into Victoria County. The maximum sustained winds were 46 mph recorded at Austin Bergstrom International Airport and at two private weather stations, one near Yorktown and the other near Smiley. The maximum recorded wind gusts were 58 mph at New Braunfels Airport, Randolph AFB, and at a private weather station near Smiley. The highest rainfall total was 29.19 inches outside of LaGrange in Fayette County. A number of places in Fayette, Lavaca, and Bastrop Counties received 20 or more inches of rain. Tropical storm force winds with estimated gusts up to 60 mph caused damage across the region. Trees and branches were knocked down by the winds. Some of these in turn knocked down power lines causing power outages in Bastrop, Comal, Hays, and Guadalupe Counties. At one point, 15,000 customers in Comal County were without power. There was also some minor structural damage in Caldwell, Comal, and Lavaca Counties. Maximum rainfall totals in these counties ranged from 4.67 inches in Bexar to 29.19 in Fayette. Flooding and flash flooding forced 608 people to be evacuated from their homes. Most of these, 400, were in Fayette County.",Heavy rain from Tropical Storm Harvey produced flash flooding leading to a swift water rescue near Lytton Springs.,CSV
201708,26,1815,201708,26,2012,120216,720617,TEXAS,48,2017,August,Flash Flood,C,491,WILLIAMSON,EWX,26-Aug-17 18:15:00,CST-6,26-Aug-17 20:12:00,0,0,0,0,0.00K,0.00K,Law Enforcement,,,Heavy Rain / Tropical System,,,,,,,,,2,W,HUTTO,2,W,HUTTO,30.5314,-97.5866,30.5283,-97.588,"Hurricane Harvey moved onshore as a Category 4 hurricane over San Jose Island east of Rockport during the late evening of August 25th. Harvey moved inland entering southern DeWitt County during the morning of August 26th  as a Category 1 hurricane. It continued to weaken as it moved farther inland eventually reaching south central Gonzales County as a tropical storm during the late evening of August 26th. The center of the storm made a loop through Gonzales, Karnes, and DeWitt Counties before exiting our County Warning Area during the afternoon of August 27th moving into Victoria County. The maximum sustained winds were 46 mph recorded at Austin Bergstrom International Airport and at two private weather stations, one near Yorktown and the other near Smiley. The maximum recorded wind gusts were 58 mph at New Braunfels Airport, Randolph AFB, and at a private weather station near Smiley. The highest rainfall total was 29.19 inches outside of LaGrange in Fayette County. A number of places in Fayette, Lavaca, and Bastrop Counties received 20 or more inches of rain. Tropical storm force winds with estimated gusts up to 60 mph caused damage across the region. Trees and branches were knocked down by the winds. Some of these in turn knocked down power lines causing power outages in Bastrop, Comal, Hays, and Guadalupe Counties. At one point, 15,000 customers in Comal County were without power. There was also some minor structural damage in Caldwell, Comal, and Lavaca Counties. Maximum rainfall totals in these counties ranged from 4.67 inches in Bexar to 29.19 in Fayette. Flooding and flash flooding forced 608 people to be evacuated from their homes. Most of these, 400, were in Fayette County.",Heavy rain from Tropical Storm Harvey caused flash flooding closing CR 123 at Brushy Creek near Hutto.,CSV
201708,26,2242,201708,27,345,120216,720306,TEXAS,48,2017,August,Flash Flood,C,55,CALDWELL,EWX,26-Aug-17 22:42:00,CST-6,27-Aug-17 3:45:00,0,0,0,0,0.00K,0.00K,Emergency Manager,,,Heavy Rain / Tropical System,,,,,,,,,3,WNW,BROWNSBORO,2,E,LULING MEML ARPT,29.79,-97.64,29.7322,-97.6204,"Hurricane Harvey moved onshore as a Category 4 hurricane over San Jose Island east of Rockport during the late evening of August 25th. Harvey moved inland entering southern DeWitt County during the morning of August 26th  as a Category 1 hurricane. It continued to weaken as it moved farther inland eventually reaching south central Gonzales County as a tropical storm during the late evening of August 26th. The center of the storm made a loop through Gonzales, Karnes, and DeWitt Counties before exiting our County Warning Area during the afternoon of August 27th moving into Victoria County. The maximum sustained winds were 46 mph recorded at Austin Bergstrom International Airport and at two private weather stations, one near Yorktown and the other near Smiley. The maximum recorded wind gusts were 58 mph at New Braunfels Airport, Randolph AFB, and at a private weather station near Smiley. The highest rainfall total was 29.19 inches outside of LaGrange in Fayette County. A number of places in Fayette, Lavaca, and Bastrop Counties received 20 or more inches of rain. Tropical storm force winds with estimated gusts up to 60 mph caused damage across the region. Trees and branches were knocked down by the winds. Some of these in turn knocked down power lines causing power outages in Bastrop, Comal, Hays, and Guadalupe Counties. At one point, 15,000 customers in Comal County were without power. There was also some minor structural damage in Caldwell, Comal, and Lavaca Counties. Maximum rainfall totals in these counties ranged from 4.67 inches in Bexar to 29.19 in Fayette. Flooding and flash flooding forced 608 people to be evacuated from their homes. Most of these, 400, were in Fayette County.",Heavy rain from Tropical Storm Harvey produced flash flooding leading to multiple water rescues and 100 low water crossings being closed around the southern part of the county.,CSV
201708,26,1315,201708,26,1430,119753,720815,TEXAS,48,2017,August,Flash Flood,C,167,GALVESTON,HGX,26-Aug-17 13:15:00,CST-6,26-Aug-17 14:30:00,0,0,0,0,0.00K,0.00K,Department of Highways,,,Heavy Rain / Tropical System,,,,,,,,,3,E,PORT BOLIVAR ARPT,1,ESE,ROLLOVER,29.3757,-94.7289,29.4971,-94.5058,"Harvey made landfall as a category 4 hurricane near Rockport, Texas during the evening of August 25th. The storm then weakened to a tropical storm and slowed,  looping back and tracking over SE Texas then back over the Gulf of Mexico making a second landfall along the Louisiana coast during the early morning hours of August 30th. Over that 5 day period over Southeast Texas TS Harvey produced catastrophic flooding with a large area of 30 to 60 inches of rain, 23 tornadoes, tropical storm force winds and a moderate storm surge near Matagorda Bay.  In some of the heavier bands rain fell at a rate of over 5 inches per hour. This copious record amount of rain over a  led to catastrophic flooding. Thousands of homes, businesses, and roads were flooded due to flash flooding and sheet flow from long duration intense rain. Main stem rivers and adjoining tributaries, creeks and bayous reached full capacity and came out of their banks and this also contributed to the massive flooding across southeastern Texas.",Low lying sections of Highway 87 on the Bolivar Peninsula were flooded due to rain.,CSV
201708,26,1215,201708,26,1430,119753,720805,TEXAS,48,2017,August,Flash Flood,C,373,POLK,HGX,26-Aug-17 12:15:00,CST-6,26-Aug-17 14:30:00,0,0,0,0,300.00M,0.00K,Department of Highways,,,Heavy Rain / Tropical System,,,,,,,,,4,NW,ONALASKA,11,SW,LAKE LIVINGSTON DAM,30.8564,-95.1897,30.5365,-95.1416,"Harvey made landfall as a category 4 hurricane near Rockport, Texas during the evening of August 25th. The storm then weakened to a tropical storm and slowed,  looping back and tracking over SE Texas then back over the Gulf of Mexico making a second landfall along the Louisiana coast during the early morning hours of August 30th. Over that 5 day period over Southeast Texas TS Harvey produced catastrophic flooding with a large area of 30 to 60 inches of rain, 23 tornadoes, tropical storm force winds and a moderate storm surge near Matagorda Bay.  In some of the heavier bands rain fell at a rate of over 5 inches per hour. This copious record amount of rain over a  led to catastrophic flooding. Thousands of homes, businesses, and roads were flooded due to flash flooding and sheet flow from long duration intense rain. Main stem rivers and adjoining tributaries, creeks and bayous reached full capacity and came out of their banks and this also contributed to the massive flooding across southeastern Texas.","There was high flood water on roads FM 3126 and FM 356 along the eastern shore of Lake Livingston.||The lowest homes and businesses within close vicinity of the lake, Trinity River and Long King Creek flooded. Roads along the southern end of Lake Livingston such as FM 3278 were inaccessible, FM 3128 and FM 1988 near Long King Creek were flooded.  Major lowland flooding occurred on the Trinity River near Goodrich.",CSV
201708,26,808,201708,26,1000,119753,728401,TEXAS,48,2017,August,Flash Flood,C,339,MONTGOMERY,HGX,26-Aug-17 8:08:00,CST-6,26-Aug-17 10:00:00,0,0,0,0,0.00K,0.00K,Department of Highways,,,Heavy Rain / Tropical System,,,,,,,,,1,WSW,SHENANDOAH,2,WNW,WILLIS,30.1642,-95.4726,30.4249,-95.5062,"Harvey made landfall as a category 4 hurricane near Rockport, Texas during the evening of August 25th. The storm then weakened to a tropical storm and slowed,  looping back and tracking over SE Texas then back over the Gulf of Mexico making a second landfall along the Louisiana coast during the early morning hours of August 30th. Over that 5 day period over Southeast Texas TS Harvey produced catastrophic flooding with a large area of 30 to 60 inches of rain, 23 tornadoes, tropical storm force winds and a moderate storm surge near Matagorda Bay.  In some of the heavier bands rain fell at a rate of over 5 inches per hour. This copious record amount of rain over a  led to catastrophic flooding. Thousands of homes, businesses, and roads were flooded due to flash flooding and sheet flow from long duration intense rain. Main stem rivers and adjoining tributaries, creeks and bayous reached full capacity and came out of their banks and this also contributed to the massive flooding across southeastern Texas.",Heavy rain from first rain band caused flash flooding on portions of Interstate 45 between The Woodlands and Conroe with several reports of roads impassable.,CSV
201708,26,2225,201708,27,345,120216,720303,TEXAS,48,2017,August,Flash Flood,C,21,BASTROP,EWX,26-Aug-17 22:25:00,CST-6,27-Aug-17 3:45:00,0,0,0,0,0.00K,0.00K,Emergency Manager,,,Heavy Rain / Tropical System,,,,,,,,,3,NNW,ROCKNE,3,NW,ROCKNE,30.04,-97.46,30.0329,-97.4731,"Hurricane Harvey moved onshore as a Category 4 hurricane over San Jose Island east of Rockport during the late evening of August 25th. Harvey moved inland entering southern DeWitt County during the morning of August 26th  as a Category 1 hurricane. It continued to weaken as it moved farther inland eventually reaching south central Gonzales County as a tropical storm during the late evening of August 26th. The center of the storm made a loop through Gonzales, Karnes, and DeWitt Counties before exiting our County Warning Area during the afternoon of August 27th moving into Victoria County. The maximum sustained winds were 46 mph recorded at Austin Bergstrom International Airport and at two private weather stations, one near Yorktown and the other near Smiley. The maximum recorded wind gusts were 58 mph at New Braunfels Airport, Randolph AFB, and at a private weather station near Smiley. The highest rainfall total was 29.19 inches outside of LaGrange in Fayette County. A number of places in Fayette, Lavaca, and Bastrop Counties received 20 or more inches of rain. Tropical storm force winds with estimated gusts up to 60 mph caused damage across the region. Trees and branches were knocked down by the winds. Some of these in turn knocked down power lines causing power outages in Bastrop, Comal, Hays, and Guadalupe Counties. At one point, 15,000 customers in Comal County were without power. There was also some minor structural damage in Caldwell, Comal, and Lavaca Counties. Maximum rainfall totals in these counties ranged from 4.67 inches in Bexar to 29.19 in Fayette. Flooding and flash flooding forced 608 people to be evacuated from their homes. Most of these, 400, were in Fayette County.",Heavy rain from Tropical Storm Harvey produced flash flooding leading to a water rescue near Rockne.,CSV
201708,26,2038,201708,27,345,120216,720302,TEXAS,48,2017,August,Flash Flood,C,21,BASTROP,EWX,26-Aug-17 20:38:00,CST-6,27-Aug-17 3:45:00,0,0,0,0,0.00K,0.00K,Emergency Manager,,,Heavy Rain / Tropical System,,,,,,,,,4,NW,BATEMAN,4,WSW,CEDAR CREEK,30.02,-97.54,30.0543,-97.551,"Hurricane Harvey moved onshore as a Category 4 hurricane over San Jose Island east of Rockport during the late evening of August 25th. Harvey moved inland entering southern DeWitt County during the morning of August 26th  as a Category 1 hurricane. It continued to weaken as it moved farther inland eventually reaching south central Gonzales County as a tropical storm during the late evening of August 26th. The center of the storm made a loop through Gonzales, Karnes, and DeWitt Counties before exiting our County Warning Area during the afternoon of August 27th moving into Victoria County. The maximum sustained winds were 46 mph recorded at Austin Bergstrom International Airport and at two private weather stations, one near Yorktown and the other near Smiley. The maximum recorded wind gusts were 58 mph at New Braunfels Airport, Randolph AFB, and at a private weather station near Smiley. The highest rainfall total was 29.19 inches outside of LaGrange in Fayette County. A number of places in Fayette, Lavaca, and Bastrop Counties received 20 or more inches of rain. Tropical storm force winds with estimated gusts up to 60 mph caused damage across the region. Trees and branches were knocked down by the winds. Some of these in turn knocked down power lines causing power outages in Bastrop, Comal, Hays, and Guadalupe Counties. At one point, 15,000 customers in Comal County were without power. There was also some minor structural damage in Caldwell, Comal, and Lavaca Counties. Maximum rainfall totals in these counties ranged from 4.67 inches in Bexar to 29.19 in Fayette. Flooding and flash flooding forced 608 people to be evacuated from their homes. Most of these, 400, were in Fayette County.",Heavy rain from Tropical Storm Harvey produced flash flooding leading to a swift water rescue near Cedar Creek.,CSV
201708,26,1912,201708,26,2012,120216,720618,TEXAS,48,2017,August,Flash Flood,C,491,WILLIAMSON,EWX,26-Aug-17 19:12:00,CST-6,26-Aug-17 20:12:00,0,0,0,0,0.00K,0.00K,Law Enforcement,,,Heavy Rain / Tropical System,,,,,,,,,4,E,LEANDER,4,E,LEANDER,30.58,-97.7828,30.5706,-97.7807,"Hurricane Harvey moved onshore as a Category 4 hurricane over San Jose Island east of Rockport during the late evening of August 25th. Harvey moved inland entering southern DeWitt County during the morning of August 26th  as a Category 1 hurricane. It continued to weaken as it moved farther inland eventually reaching south central Gonzales County as a tropical storm during the late evening of August 26th. The center of the storm made a loop through Gonzales, Karnes, and DeWitt Counties before exiting our County Warning Area during the afternoon of August 27th moving into Victoria County. The maximum sustained winds were 46 mph recorded at Austin Bergstrom International Airport and at two private weather stations, one near Yorktown and the other near Smiley. The maximum recorded wind gusts were 58 mph at New Braunfels Airport, Randolph AFB, and at a private weather station near Smiley. The highest rainfall total was 29.19 inches outside of LaGrange in Fayette County. A number of places in Fayette, Lavaca, and Bastrop Counties received 20 or more inches of rain. Tropical storm force winds with estimated gusts up to 60 mph caused damage across the region. Trees and branches were knocked down by the winds. Some of these in turn knocked down power lines causing power outages in Bastrop, Comal, Hays, and Guadalupe Counties. At one point, 15,000 customers in Comal County were without power. There was also some minor structural damage in Caldwell, Comal, and Lavaca Counties. Maximum rainfall totals in these counties ranged from 4.67 inches in Bexar to 29.19 in Fayette. Flooding and flash flooding forced 608 people to be evacuated from their homes. Most of these, 400, were in Fayette County.",Heavy rain from Tropical Storm Harvey caused flash flooding closing CR 177 at Brushy Creek in Leander.,CSV
201708,26,2228,201708,27,345,120216,720305,TEXAS,48,2017,August,Flash Flood,C,21,BASTROP,EWX,26-Aug-17 22:28:00,CST-6,27-Aug-17 3:45:00,0,0,0,0,0.00K,0.00K,Emergency Manager,,,Heavy Rain / Tropical System,,,,,,,,,2,E,SMITHVILLE,1,ESE,SMITHVILLE,30,-97.14,29.9975,-97.1583,"Hurricane Harvey moved onshore as a Category 4 hurricane over San Jose Island east of Rockport during the late evening of August 25th. Harvey moved inland entering southern DeWitt County during the morning of August 26th  as a Category 1 hurricane. It continued to weaken as it moved farther inland eventually reaching south central Gonzales County as a tropical storm during the late evening of August 26th. The center of the storm made a loop through Gonzales, Karnes, and DeWitt Counties before exiting our County Warning Area during the afternoon of August 27th moving into Victoria County. The maximum sustained winds were 46 mph recorded at Austin Bergstrom International Airport and at two private weather stations, one near Yorktown and the other near Smiley. The maximum recorded wind gusts were 58 mph at New Braunfels Airport, Randolph AFB, and at a private weather station near Smiley. The highest rainfall total was 29.19 inches outside of LaGrange in Fayette County. A number of places in Fayette, Lavaca, and Bastrop Counties received 20 or more inches of rain. Tropical storm force winds with estimated gusts up to 60 mph caused damage across the region. Trees and branches were knocked down by the winds. Some of these in turn knocked down power lines causing power outages in Bastrop, Comal, Hays, and Guadalupe Counties. At one point, 15,000 customers in Comal County were without power. There was also some minor structural damage in Caldwell, Comal, and Lavaca Counties. Maximum rainfall totals in these counties ranged from 4.67 inches in Bexar to 29.19 in Fayette. Flooding and flash flooding forced 608 people to be evacuated from their homes. Most of these, 400, were in Fayette County.",Heavy rain from Tropical Storm Harvey produced flash flooding leading to a water rescue near Smithville.,CSV
201708,26,100,201708,26,1500,119859,721359,TEXAS,48,2017,August,Flood,C,391,REFUGIO,CRP,26-Aug-17 1:00:00,CST-6,26-Aug-17 15:00:00,0,0,0,0,0.00K,0.00K,Other Federal Agency,,,Heavy Rain / Tropical System,,,,,,,,,9,WSW,AUSTWELL,5,E,VIDAURI,28.3238,-96.9969,28.4302,-97.0491,"Major Hurricane Harvey impacted the Middle Texas coast on August 25th and 26th. Harvey was the first category 4 hurricane to strike Texas since Hurricane Carla in 1961. Harvey severely affected the cities of Rockport, Fulton, Port Aransas, Aransas Pass, Ingleside, Holiday Beach, and Refugio. Minor to moderate damage occurred in cities of Portland, Corpus Christi, Seadrift, Woodsboro, Port Lavaca, Goliad, and Victoria.||Harvey weakened to a tropical wave as the system moved across the Caribbean Sea and the Yucatan peninsula from August 18th until the 22nd. Harvey formed into a tropical depression over the southern Gulf of Mexico on the morning of August 23rd. Harvey rapidly intensified from a tropical depression to a major hurricane in 40 hours as it moved northwest toward the Texas coast. Harvey continued to intensify as it approached the Middle Texas coast on August 25th and made landfall as a Category 4 hurricane during the evening hours. Harvey was the first major hurricane to make landfall on the Middle Texas coast since Hurricane Celia in August of 1970. ||Hurricane Harvey slowed down after landfall and weakened into a tropical storm on the afternoon of the 26th. Tropical Storm Harvey became nearly stationary west of Cuero from the evening of the 26th through the morning of the 27th. Harvey drifted southeastward across the Victoria Crossroads on the afternoon of the 27th. Harvey then moved into Matagorda Bay during the morning hours of the 28th and back into northwest Gulf of Mexico later that afternoon. Tropical storm conditions persisted near the northern portion of the Middle Texas coast into the early morning hours of the 29th.||Hurricane Harvey moved inland in Aransas County on San Jose Island around 830 PM CDT August 25th. Harvey had a minimum central pressure of 938 millibars and produced a maximum storm surge of 12.5 feet. Maximum sustained winds were estimated at 130 mph (115 knots) with gusts to 160 mph (140 knots).  In South Texas, the maximum recorded rainfall from Hurricane Harvey was 17.08 inches 4 miles northwest of Victoria. Radar estimates were close to 20 inches over eastern portions of Refugio County. The height of the storm tide, referenced to mean higher high water, ranged from 3 to 5 feet on northern Padre Island and around Port O'Connor to a maximum of 12.5 feet in northeast Aransas County in the Aransas National Wildlife Refuge near San Antonio Bay. Storm tide levels in the interior bays were generally from 5 to 8 feet with higher amounts near 10 feet on the south end of Copano Bay, the north end of Aransas Bay, and the north end of Lavaca Bay. ||There were no direct fatalities from Hurricane Harvey on the Middle Texas Coast. There were 2 indirect fatalities in Rockport and 1 near Bloomington. All of the associated affects from Hurricane Harvey in South Texas from August 25th to August 27th resulted in 14 injuries, $4.5 billion in property damage, and around $65 million in crop damage. Specifically in South Texas, Harvey's inland flooding resulted in $5 million in property damage. One tornado near Seadrift resulted in $10 thousand in property damage. The powerful winds resulted in 14 injuries, $4 billion in property damage, and $65 million in crop damage. The storm tide resulted in $530 million in property damage and a number of drowned livestock. Damage estimates to public property and infrastructure was $130 million in South Texas.||Hurricane Harvey blew down or damaged around 550 power transmission structures. American Electric Power (AEP) repaired or replaced around 5000 distribution poles that were blown down or damaged by Harvey. Almost four million total feet of transmission and distribution conductor were replaced, approximately 712 miles. Power was restored to around 200,000 customers within 2 weeks.||In Aransas County, widespread major damage occurred across the county with a few areas having catastrophic damage. Catastrophic damage was located across Copano Village, Holiday Beach, and Lamar with many homes, some elevated, with second stories completely collapsed. Nearly every structure was greatly impacted. A couple of brick homes were destroyed near Copano Village. Catastrophic damage occurred to homes in the Copano Ridge area. Nearly all the trees in the Holiday Beach, Lamar, and Goose Island State Park area were without leaves with many trees snapped or uprooted. Most of Rockport and Fulton experienced widespread major structural damage. Several homes in the Key Allegro subdivision collapsed. Exterior walls collapsed on the high school gymnasium, on several churches, and on several new hotels. Upper floors of several apartment buildings were removed. Mobile homes and recreational vehicles were demolished. Billboard signs were blown down. Numerous power poles were blown down or snapped. Six hangars were demolished at the Aransas County Airport along with many airplanes. The county remained without power for 2 to 3 weeks. A mesonet wind sensor at Aransas County Airport recorded sustained winds around 110 mph with a peak gust to 150 mph. Nearly 1500 homes were destroyed, almost 3800 homes suffered major damage, and 5350 homes suffered minor damage. There were 175 businesses with major damage. Storm surge greatly impacted Holiday Beach and Copano Village. The surge punched holes through walls and garage doors on the lower portions of most homes. The surge floated vehicles, recreational vehicles, and boats well inland. The surge approached and flowed across Egery Island Road and Farm to Market 136 in several locations south of Bayside in extreme western Aransas County. Numerous cattle were killed north of Holiday Beach. A large portion of Rattlesnake Point Road was eroded and washed away heading out to Redfish Lodge on Copano Bay. The pier south of the lodge was completely washed away. Storm surge of 4 to 5 feet was common across the county. The maximum storm surge of 12.5 feet occurred in the Aransas National Wildlife Refuge. There were 356 homes that received major damage from storm surge and there were 1126 homes that received minor damage from storm surge. There were 1200 homes that were affected by storm surge. From NOAA photos, there were 14 cuts formed on the southern end of San Jose Island.||In Nueces County, the most significant damage was in Port Aransas where widespread major damage occurred. There were 4170 homes that received major damage and 1036 homes destroyed. Most homes suffered major roof damage while some homes lost roofs and walls collapsed. There were 457 businesses with major damage and slightly more than 1100 homes with minor damage. Mobile homes and recreational vehicles were demolished. Numerous power poles were blown down or snapped. The roofs were damaged at the elementary, middle, and high schools for Port Aransas leading to water damage in the interior. In Corpus Christi, widespread minor property damage was common due to lost shingles and fences down. Some residences and businesses experienced moderate damage mainly across the northern part of the city. Taller buildings downtown suffered more significant damage and lost signs. A few highway signs were blown down. Minor roof damage was common to residences and business in North Padre Island with some areas with moderate damage. Peak wind gusts measured were around 130 mph in Port Aransas. Storm tides were from 6 to 8 feet in Port Aransas as the storm surge entered from the west from Corpus Christi and Redfish Bays. Numerous boats were damaged or destroyed and pushed out of their moorings onto high ground. A large drill boat broke loose, destroyed a pier, and became grounded along the jetty. Two tugs broke loose near the Gulf Intracoastal Waterway with one becoming grounded and the other sinking. Two ferries were damaged when they were pinned against the loading dock. The storm surge inundated Highway 361 along a 10 miles stretch from near the Mustang Island State Park to Port Aransas with the water several feet deep. A few boats became moored near Packery Channel. The Arnold Palmer designed golf course at Palmilla Beach south of Port Aransas was inundated by storm surge with water covering most of the course. Storm tide of 4 to 6 feet impacted residences and businesses in Padre Island from the Laguna Madre. Storm surge caused major damage to 520 homes and minor damage to 1327 homes. Storm surge affected an additional 2200 homes. The Port of Corpus Christi was shutdown for a record 6 days. Port Aransas Independent School District lost 8 buses due to damage from salt water.||In Calhoun County, minor to moderate property damage was common across the city of Port Lavaca with large areas of siding removed from a few well constructed homes. The tops of grain bins in Port Lavaca were peeled off. Numerous trees were blown down in the community of Seadrift. Many homes experienced minor to moderate roof and property damage. Some poorly constructed homes experienced major roof damage. In Port O'Connor, numerous trees were blown down with three quarters of the community experiencing minor roof damage. A few power poles were blown down. Minor to moderate roof damage occurred at Magnolia Beach, Alamo Beach, and Indianola. Over 2100 homes and 72 businesses received major damage while 421 homes were destroyed. There were 1865 homes with minor damage and 1575 homes affected. There was significant damage to the cotton crop in the county. Hundreds of acres unharvested cotton were ruined in the fields. Harvested cotton in modules and bales were damaged by the wind or blown into water filled ditches. The highest wind speed measured was 82 mph with gusts to 110 mph northwest of Seadrift. Storm tides averaged from 6 to 8 feet across Calhoun County with maximum tide levels around 10 feet recorded on the north end of Lavaca Bay while lower tides from 3 to 5 feet occurred from Port O'Connor to southeast of Seadrift next to Espiritu Santo Bay. In Port Lavaca, water from Chocolate Bay inundated the public boat ramp near Buren Road. The lower half of Buren Road was inundated. The entire marina along Lavaca Bay was strongly impacted with 16 boats declared a total loss with many of them sinking in the marina. Several boats were grounded next to the marina. The Bayfront Peninsula Park was inundated. Areas east of Broadway street were inundated with water reaching across Highway 35 in the area near Lighthouse Beach. Piers at Lighthouse Beach Park and Bayfront Peninsula Park were destroyed. Nearly the entire marina in Seadrift was inundated from storm surge with several boats grounded on the marina parking lot. Most of the wooden docks at the marina and a few wooden piers were destroyed. The storm surge reached Bay Avenue almost reaching the beachfront pavilion. Storm surge entered homes near the Bay Avenue and Orange Street intersection. In Magnolia Beach and Indianola, storm surge flooded nearly all of Magnolia Public Beach and crossed North Ocean Drive in a few spots. A few areas of South Ocean Drive near Indianola were inundated. Several older wooden docks and piers were destroyed. In Port O'Connor, storm surge from Matagorda Bay reached half of the way up Kingfisher Beach toward Park Street. The storm surge caused major damage to 56 homes, minor damage to 322 homes, and affected 446 homes across the county. A thousand foot cut was made through Matagorda Island.||In San Patricio County, the worst damage was confined to the eastern half of the county. Almost 8700 homes were affected by the hurricane. There were 155 homes destroyed, 425 homes with major damage, and slightly more than 3300 homes with minor damage. There were 72 businesses with major damage. The hardest hit areas were Aransas Pass and Ingleside where major damage occurred. Widespread roof damage and tree damage occurred in this area. Numerous large power poles were blown down across the eastern half of the county. The water tower in Aransas Pass was destroyed. Roof damage led to extensive interior damage to the Care Regional Medical Center in Aransas Pass. Power outage was widespread with some areas without power for over a week. There was widespread minor roof damage and fences blown down in Portland along with a few trees blown down. Minor roof damage occurred in Taft and a car wash was destroyed. A couple of grain silos at the Midway Gin near Taft were toppled over. Crop damage to cotton stored in modules occurred in the eastern part of the county. The peak wind recorded was in Aransas Pass with sustained wind speed of 100 mph with gusts to 135 mph at Conn Brown Harbor. Survey from the United States Geologic Survey (USGS) indicated a storm tide of around 4 feet impacted the area from Ingleside On-the-Bay to Aransas Pass. Numerous wooden piers and docks were damaged or destroyed. A couple of boats were damaged in the Conn Brown Harbor in Aransas Pass. Major flooding was experienced in the low part of Aransas Pass adjacent to the levee. One home suffered major damage from storm surge while 40 homes had minor damage. Around 540 homes were affected by storm surge.||In Refugio County, widespread moderate structural damage with pockets of major structural damage occurred in Refugio. Most homes and businesses had roof damage, broken windows, and damaged garage doors. Two motels received significant damage to their roofs. Gas station canopies and many signs were destroyed. A few brick structures experienced moderate damage. Numerous trees and power poles were blown down. Roof damage occurred to several churches, every school building in the district except for the athletic facility. The school gymnasiums and auditorium lost portion of their roofs. Several trailer homes and storage buildings were destroyed. There was widespread tree damage with a few very large trees completely uprooted. Widespread moderate structural damage occurred in Bayside, Austwell, and Tivoli. Numerous trees and power poles were blown down including some high tension power poles. In Woodsboro, widespread minor to moderate damage occurred with a few poorly constructed homes with major damage. The elementary gymnasium and auditorium roofs were blown off. Numerous trees and a few power poles were blown down. The Bayside Richardson Coop Gin near Woodsboro sustained major damage and 30 thousand bales of cotton in storage modules were damaged. A sensor deployed by Texas Tech measured sustained winds of 106 mph with gusts to 125 mph just west of Mission Bay before the sensor was hit by debris. Another sensor showed wind speed of 102 mph with gusts to 129 mph north of the intersection of Highway 35 and Farm to Market Road 774 in eastern Refugio County. Around 440 homes were destroyed, around 1050 homes experienced major damage, and 66 businesses suffered major damage. Around 750 homes had minor damage with another 310 homes affected. Storm tide varied across the bay areas of the county. The higher storm tides affected the northeast part of the county as the storm surge pushed in from San Antonio Bay. Storm surge reached 10 feet east of Tivoli near the mouth of the Guadalupe River. Storm tides were lower on the west side of Copano Bay with storm surge only reaching 3 to 4 feet. Water covered Farm to Market Road 136 near the Copano Bay Bridge. Only 2 homes were affected by storm surge in the county.||In Goliad County, widespread minor roof damage occurred in the city of Goliad. Numerous trees and a few power poles were blown down across the county. The roof of the old high school gymnasium was peeled off. A hole was punched in the roof of the new wing of the school. Some class rooms along with the weight room and dressing room suffered water damage. Three families were displaced from homes when roofs and walls collapsed. There was some minor structural damage to some homes in Goliad. Several barns were blown down throughout the county. Some livestock were injured.||In Victoria County, Widespread minor to moderate roof damage occurred in the city of Bloomington. Several mobile homes were destroyed. All but three facilities within the Bloomington school district suffered wind and water damage. Widespread minor roof damage occurred in the city of Victoria. Several trees and a few power poles were blown down. Fences and street signs were blown down across the city. The maximum wind gust recorded in Victoria was 85 mph. Maximum wind gusts in the southern part of the county were around 110 mph. Twenty seven homes were destroyed. Around 75 percent of residential and commercial properties in the county were damaged.   Hundreds of acres of unharvested cotton were damaged in the field. Harvested cotton in modules and bales were damaged also. A few barns and storage buildings were blown down across the county.",USGS survey showed flood waters reached 2 to 3 feet across portions of eastern Refugio County. Floodwaters inundated portions of Highway 35 south of Tivoli. Radar data estimated 15 to 20 inches of rain occurred in this region.,CSV
201708,26,1600,201708,26,1730,119753,720829,TEXAS,48,2017,August,Flash Flood,C,201,HARRIS,HGX,26-Aug-17 16:00:00,CST-6,26-Aug-17 17:30:00,0,0,0,0,0.00K,0.00K,Social Media,,,Heavy Rain / Tropical System,,,,,,,,,3,NW,CYPRESS,3,NNE,CYPRESS,30.0044,-95.7397,30.0067,-95.6779,"Harvey made landfall as a category 4 hurricane near Rockport, Texas during the evening of August 25th. The storm then weakened to a tropical storm and slowed,  looping back and tracking over SE Texas then back over the Gulf of Mexico making a second landfall along the Louisiana coast during the early morning hours of August 30th. Over that 5 day period over Southeast Texas TS Harvey produced catastrophic flooding with a large area of 30 to 60 inches of rain, 23 tornadoes, tropical storm force winds and a moderate storm surge near Matagorda Bay.  In some of the heavier bands rain fell at a rate of over 5 inches per hour. This copious record amount of rain over a  led to catastrophic flooding. Thousands of homes, businesses, and roads were flooded due to flash flooding and sheet flow from long duration intense rain. Main stem rivers and adjoining tributaries, creeks and bayous reached full capacity and came out of their banks and this also contributed to the massive flooding across southeastern Texas.",Flash flooding was reported in and around the town of Cypress.,CSV
201708,26,2135,201708,29,2200,119753,720865,TEXAS,48,2017,August,Flash Flood,C,39,BRAZORIA,HGX,26-Aug-17 21:35:00,CST-6,29-Aug-17 22:00:00,0,0,0,0,2.00B,100.00K,Department of Highways,,,Heavy Rain / Tropical System,,,,,,,,,8,WNW,PEARLAND,4,NW,DAMON,29.5927,-95.4067,29.3236,-95.8049,"Harvey made landfall as a category 4 hurricane near Rockport, Texas during the evening of August 25th. The storm then weakened to a tropical storm and slowed,  looping back and tracking over SE Texas then back over the Gulf of Mexico making a second landfall along the Louisiana coast during the early morning hours of August 30th. Over that 5 day period over Southeast Texas TS Harvey produced catastrophic flooding with a large area of 30 to 60 inches of rain, 23 tornadoes, tropical storm force winds and a moderate storm surge near Matagorda Bay.  In some of the heavier bands rain fell at a rate of over 5 inches per hour. This copious record amount of rain over a  led to catastrophic flooding. Thousands of homes, businesses, and roads were flooded due to flash flooding and sheet flow from long duration intense rain. Main stem rivers and adjoining tributaries, creeks and bayous reached full capacity and came out of their banks and this also contributed to the massive flooding across southeastern Texas.","Flash flood waters, from sheet flooding and bayous/creeks coming out of banks, completely inundated hundreds to thousands of homes and businesses. Roads and highways in and around Pearland and south into Manvel, or east of Highway 288 along Highway 6, were flooded and therefore closed for long time periods. Major record flooding of the Brazos, San Bernard and Oyster Creek caused the flooding of hundreds to thousands of vicinity homes, vehicles and businesses.  Numerous Roads and homes were inundated with flood waters on east side of Oyster Creek including the  Columbia Lakes, Mallard Lakes, Great Lakes, Riverside Estates and Bar X subdivisions as well as homes along CR 39. Other county roads that became impassable due to high flood waters include, but are not limited to, FM 1462, Highways 35 and 90, FM 950, CR 25, 380A, CR 42 and FM 521. The Phillips refinery outside of the town of Sweeny took on water from the west near Little Linville Bayou. Hanson Riverside County Park along the San Bernard River southwest of West Columbia was inundated and water over-topped the Phillips Terminal. Areas around Alvin also flooded.",CSV
201708,26,2100,201708,30,0,119753,728395,TEXAS,48,2017,August,Flash Flood,C,471,WALKER,HGX,26-Aug-17 21:00:00,CST-6,30-Aug-17 0:00:00,0,0,1,0,600.00M,10.00K,Emergency Manager,,,Heavy Rain / Tropical System,,,,,,,,,2,ESE,HAWTHORNE,5,E,RIVERSIDE,30.5168,-95.3895,30.8414,-95.3449,"Harvey made landfall as a category 4 hurricane near Rockport, Texas during the evening of August 25th. The storm then weakened to a tropical storm and slowed,  looping back and tracking over SE Texas then back over the Gulf of Mexico making a second landfall along the Louisiana coast during the early morning hours of August 30th. Over that 5 day period over Southeast Texas TS Harvey produced catastrophic flooding with a large area of 30 to 60 inches of rain, 23 tornadoes, tropical storm force winds and a moderate storm surge near Matagorda Bay.  In some of the heavier bands rain fell at a rate of over 5 inches per hour. This copious record amount of rain over a  led to catastrophic flooding. Thousands of homes, businesses, and roads were flooded due to flash flooding and sheet flow from long duration intense rain. Main stem rivers and adjoining tributaries, creeks and bayous reached full capacity and came out of their banks and this also contributed to the massive flooding across southeastern Texas.","Slow moving Tropical Storm Harvey produced torrential rains and moderate to major flooding over portions of Walker County. Areas along the Trinity River and Bedias Creek were among the areas impacted. There were numerous road closures including FM1375, SH75 at Bedias Creek, FM1791, FM2989, and FM3478. High water occurred on Interstate 45 but it remained passable.",CSV
201708,26,2200,201708,30,0,119753,720871,TEXAS,48,2017,August,Flash Flood,C,167,GALVESTON,HGX,26-Aug-17 22:00:00,CST-6,30-Aug-17 0:00:00,0,0,3,3,10.00B,10.00K,Emergency Manager,,,Heavy Rain / Tropical System,,,,,,,,,1,N,SAN LEON,2,SE,TEXAS CITY,29.4972,-94.9164,29.38,-94.8669,"Harvey made landfall as a category 4 hurricane near Rockport, Texas during the evening of August 25th. The storm then weakened to a tropical storm and slowed,  looping back and tracking over SE Texas then back over the Gulf of Mexico making a second landfall along the Louisiana coast during the early morning hours of August 30th. Over that 5 day period over Southeast Texas TS Harvey produced catastrophic flooding with a large area of 30 to 60 inches of rain, 23 tornadoes, tropical storm force winds and a moderate storm surge near Matagorda Bay.  In some of the heavier bands rain fell at a rate of over 5 inches per hour. This copious record amount of rain over a  led to catastrophic flooding. Thousands of homes, businesses, and roads were flooded due to flash flooding and sheet flow from long duration intense rain. Main stem rivers and adjoining tributaries, creeks and bayous reached full capacity and came out of their banks and this also contributed to the massive flooding across southeastern Texas.","There were numerous water rescues across western and central Galveston County. Flood waters completely inundated hundreds to thousands of homes and businesses in League City, Dickinson and Santa Fe.  Approximately 7,000 homes and 125 businesses were impacted by flood waters across the county. Clear Creek measured record levels that lead to the widespread flooding throughout Friendswood and League City. Major flooding occurred along the Dickinson Bayou; from Cemetery Road to east of Highway 3 along FM 517. Flood waters inundated sections of Interstate 45, Bay Area Boulevard, FM 528, FM 518 and numerous primary and secondary county roads. Approximately 7,000 homes and 125 businesses were impacted by flood waters across the county. Clear Creek measured record levels that lead to the widespread flooding throughout Friendswood and League City. Major flooding occurred along the Dickinson Bayou; from Cemetery Road to east of Highway 3 along FM 517. Flood waters inundated sections of Interstate 45, Bay Area Boulevard, FM 528, FM 518 and numerous primary and secondary county roads. There were numerous water rescues and flooded homes within the Friendswood, Pearland and Dickinson areas.",CSV
201708,26,245,201708,26,530,119753,721322,TEXAS,48,2017,August,Flash Flood,C,239,JACKSON,HGX,26-Aug-17 2:45:00,CST-6,26-Aug-17 5:30:00,0,0,0,0,100.00K,0.00K,County Official,,,Heavy Rain / Tropical System,,,,,,,,,12,WSW,MORALES,10,WSW,EL TORO,29.0959,-96.9598,28.8869,-96.8486,"Harvey made landfall as a category 4 hurricane near Rockport, Texas during the evening of August 25th. The storm then weakened to a tropical storm and slowed,  looping back and tracking over SE Texas then back over the Gulf of Mexico making a second landfall along the Louisiana coast during the early morning hours of August 30th. Over that 5 day period over Southeast Texas TS Harvey produced catastrophic flooding with a large area of 30 to 60 inches of rain, 23 tornadoes, tropical storm force winds and a moderate storm surge near Matagorda Bay.  In some of the heavier bands rain fell at a rate of over 5 inches per hour. This copious record amount of rain over a  led to catastrophic flooding. Thousands of homes, businesses, and roads were flooded due to flash flooding and sheet flow from long duration intense rain. Main stem rivers and adjoining tributaries, creeks and bayous reached full capacity and came out of their banks and this also contributed to the massive flooding across southeastern Texas.",Numerous roads and bridges north of Highway 59 and west of FM 822 were inundated with flood waters.,CSV
201708,26,600,201708,26,1600,119753,720342,TEXAS,48,2017,August,Flash Flood,C,201,HARRIS,HGX,26-Aug-17 6:00:00,CST-6,26-Aug-17 16:00:00,0,0,0,0,0.00K,0.00K,Department of Highways,,,Heavy Rain / Tropical System,,,,,,,,,1,WSW,LOUETTA,1,NNE,JERSEY VILLAGE,29.8889,-95.5996,29.8904,-95.566,"Harvey made landfall as a category 4 hurricane near Rockport, Texas during the evening of August 25th. The storm then weakened to a tropical storm and slowed,  looping back and tracking over SE Texas then back over the Gulf of Mexico making a second landfall along the Louisiana coast during the early morning hours of August 30th. Over that 5 day period over Southeast Texas TS Harvey produced catastrophic flooding with a large area of 30 to 60 inches of rain, 23 tornadoes, tropical storm force winds and a moderate storm surge near Matagorda Bay.  In some of the heavier bands rain fell at a rate of over 5 inches per hour. This copious record amount of rain over a  led to catastrophic flooding. Thousands of homes, businesses, and roads were flooded due to flash flooding and sheet flow from long duration intense rain. Main stem rivers and adjoining tributaries, creeks and bayous reached full capacity and came out of their banks and this also contributed to the massive flooding across southeastern Texas.",Sections of US 290 were closed due to flooding between the 610 Loop and FM 529 in Jersey Village.,CSV
201708,26,0,201708,26,200,119753,720336,TEXAS,48,2017,August,Flash Flood,C,157,FORT BEND,HGX,26-Aug-17 0:00:00,CST-6,26-Aug-17 2:00:00,0,0,0,0,0.00K,0.00K,Law Enforcement,,,Heavy Rain / Tropical System,,,,,,,,,4,SSE,HOUSE,6,SSE,JULIFF,29.3763,-95.5028,29.3705,-95.4494,"Harvey made landfall as a category 4 hurricane near Rockport, Texas during the evening of August 25th. The storm then weakened to a tropical storm and slowed,  looping back and tracking over SE Texas then back over the Gulf of Mexico making a second landfall along the Louisiana coast during the early morning hours of August 30th. Over that 5 day period over Southeast Texas TS Harvey produced catastrophic flooding with a large area of 30 to 60 inches of rain, 23 tornadoes, tropical storm force winds and a moderate storm surge near Matagorda Bay.  In some of the heavier bands rain fell at a rate of over 5 inches per hour. This copious record amount of rain over a  led to catastrophic flooding. Thousands of homes, businesses, and roads were flooded due to flash flooding and sheet flow from long duration intense rain. Main stem rivers and adjoining tributaries, creeks and bayous reached full capacity and came out of their banks and this also contributed to the massive flooding across southeastern Texas.","There was water over roadways FM 655 and CR 521 near the town of Rosharon.||Major record level flooding of both the Brazos and San Bernard Rivers caused significant home flooding from Richmond to Rosharon. Massive flooding occurred in Tierra Grande subdivision along the San Bernard River in southwestern Fort Bend County. Home flooding occurred at Valley Lodge in Simonton, along Edgewood and Baudet Roads in Richmond, along Bar, Barker, Cumings, Sixth Street, Avenue B and Rio Brazos Roads in Rosenberg. Sections of FM 2759 as well as the Grand River, Rivers Edge and Pecan Estates in Thompsons flooded. Many countywide roads became inundated in flood waters including, but not limited to, Highway 90A, Pitts Road, FM 1489, FM 723, FM 1093, FM 359, SH 6 feeder roads, Sienna Parkway, Carrol Road, McKeever Road, Knights Court, Miller Road, river Oaks Road, Thompsons Ferry Road, Strange Drive, Greenwood Drive, Second Street and low lying roads in Quail Valley in Missouri City.  Due to record pool levels in Barker Reservoir, homes in Cinco Ranch flooded. Big Creek flooding in Needville caused the flooding of homes on Ansel Road.",CSV
201708,26,0,201708,26,1200,119859,721354,TEXAS,48,2017,August,Hurricane,Z,232,BEE,CRP,26-Aug-17 0:00:00,CST-6,26-Aug-17 12:00:00,0,0,0,0,10.00K,0.00K,NWS Storm Survey,,,,1,,,,,,,,,,,,,,,,,,"Major Hurricane Harvey impacted the Middle Texas coast on August 25th and 26th. Harvey was the first category 4 hurricane to strike Texas since Hurricane Carla in 1961. Harvey severely affected the cities of Rockport, Fulton, Port Aransas, Aransas Pass, Ingleside, Holiday Beach, and Refugio. Minor to moderate damage occurred in cities of Portland, Corpus Christi, Seadrift, Woodsboro, Port Lavaca, Goliad, and Victoria.||Harvey weakened to a tropical wave as the system moved across the Caribbean Sea and the Yucatan peninsula from August 18th until the 22nd. Harvey formed into a tropical depression over the southern Gulf of Mexico on the morning of August 23rd. Harvey rapidly intensified from a tropical depression to a major hurricane in 40 hours as it moved northwest toward the Texas coast. Harvey continued to intensify as it approached the Middle Texas coast on August 25th and made landfall as a Category 4 hurricane during the evening hours. Harvey was the first major hurricane to make landfall on the Middle Texas coast since Hurricane Celia in August of 1970. ||Hurricane Harvey slowed down after landfall and weakened into a tropical storm on the afternoon of the 26th. Tropical Storm Harvey became nearly stationary west of Cuero from the evening of the 26th through the morning of the 27th. Harvey drifted southeastward across the Victoria Crossroads on the afternoon of the 27th. Harvey then moved into Matagorda Bay during the morning hours of the 28th and back into northwest Gulf of Mexico later that afternoon. Tropical storm conditions persisted near the northern portion of the Middle Texas coast into the early morning hours of the 29th.||Hurricane Harvey moved inland in Aransas County on San Jose Island around 830 PM CDT August 25th. Harvey had a minimum central pressure of 938 millibars and produced a maximum storm surge of 12.5 feet. Maximum sustained winds were estimated at 130 mph (115 knots) with gusts to 160 mph (140 knots).  In South Texas, the maximum recorded rainfall from Hurricane Harvey was 17.08 inches 4 miles northwest of Victoria. Radar estimates were close to 20 inches over eastern portions of Refugio County. The height of the storm tide, referenced to mean higher high water, ranged from 3 to 5 feet on northern Padre Island and around Port O'Connor to a maximum of 12.5 feet in northeast Aransas County in the Aransas National Wildlife Refuge near San Antonio Bay. Storm tide levels in the interior bays were generally from 5 to 8 feet with higher amounts near 10 feet on the south end of Copano Bay, the north end of Aransas Bay, and the north end of Lavaca Bay. ||There were no direct fatalities from Hurricane Harvey on the Middle Texas Coast. There were 2 indirect fatalities in Rockport and 1 near Bloomington. All of the associated affects from Hurricane Harvey in South Texas from August 25th to August 27th resulted in 14 injuries, $4.5 billion in property damage, and around $65 million in crop damage. Specifically in South Texas, Harvey's inland flooding resulted in $5 million in property damage. One tornado near Seadrift resulted in $10 thousand in property damage. The powerful winds resulted in 14 injuries, $4 billion in property damage, and $65 million in crop damage. The storm tide resulted in $530 million in property damage and a number of drowned livestock. Damage estimates to public property and infrastructure was $130 million in South Texas.||Hurricane Harvey blew down or damaged around 550 power transmission structures. American Electric Power (AEP) repaired or replaced around 5000 distribution poles that were blown down or damaged by Harvey. Almost four million total feet of transmission and distribution conductor were replaced, approximately 712 miles. Power was restored to around 200,000 customers within 2 weeks.||In Aransas County, widespread major damage occurred across the county with a few areas having catastrophic damage. Catastrophic damage was located across Copano Village, Holiday Beach, and Lamar with many homes, some elevated, with second stories completely collapsed. Nearly every structure was greatly impacted. A couple of brick homes were destroyed near Copano Village. Catastrophic damage occurred to homes in the Copano Ridge area. Nearly all the trees in the Holiday Beach, Lamar, and Goose Island State Park area were without leaves with many trees snapped or uprooted. Most of Rockport and Fulton experienced widespread major structural damage. Several homes in the Key Allegro subdivision collapsed. Exterior walls collapsed on the high school gymnasium, on several churches, and on several new hotels. Upper floors of several apartment buildings were removed. Mobile homes and recreational vehicles were demolished. Billboard signs were blown down. Numerous power poles were blown down or snapped. Six hangars were demolished at the Aransas County Airport along with many airplanes. The county remained without power for 2 to 3 weeks. A mesonet wind sensor at Aransas County Airport recorded sustained winds around 110 mph with a peak gust to 150 mph. Nearly 1500 homes were destroyed, almost 3800 homes suffered major damage, and 5350 homes suffered minor damage. There were 175 businesses with major damage. Storm surge greatly impacted Holiday Beach and Copano Village. The surge punched holes through walls and garage doors on the lower portions of most homes. The surge floated vehicles, recreational vehicles, and boats well inland. The surge approached and flowed across Egery Island Road and Farm to Market 136 in several locations south of Bayside in extreme western Aransas County. Numerous cattle were killed north of Holiday Beach. A large portion of Rattlesnake Point Road was eroded and washed away heading out to Redfish Lodge on Copano Bay. The pier south of the lodge was completely washed away. Storm surge of 4 to 5 feet was common across the county. The maximum storm surge of 12.5 feet occurred in the Aransas National Wildlife Refuge. There were 356 homes that received major damage from storm surge and there were 1126 homes that received minor damage from storm surge. There were 1200 homes that were affected by storm surge. From NOAA photos, there were 14 cuts formed on the southern end of San Jose Island.||In Nueces County, the most significant damage was in Port Aransas where widespread major damage occurred. There were 4170 homes that received major damage and 1036 homes destroyed. Most homes suffered major roof damage while some homes lost roofs and walls collapsed. There were 457 businesses with major damage and slightly more than 1100 homes with minor damage. Mobile homes and recreational vehicles were demolished. Numerous power poles were blown down or snapped. The roofs were damaged at the elementary, middle, and high schools for Port Aransas leading to water damage in the interior. In Corpus Christi, widespread minor property damage was common due to lost shingles and fences down. Some residences and businesses experienced moderate damage mainly across the northern part of the city. Taller buildings downtown suffered more significant damage and lost signs. A few highway signs were blown down. Minor roof damage was common to residences and business in North Padre Island with some areas with moderate damage. Peak wind gusts measured were around 130 mph in Port Aransas. Storm tides were from 6 to 8 feet in Port Aransas as the storm surge entered from the west from Corpus Christi and Redfish Bays. Numerous boats were damaged or destroyed and pushed out of their moorings onto high ground. A large drill boat broke loose, destroyed a pier, and became grounded along the jetty. Two tugs broke loose near the Gulf Intracoastal Waterway with one becoming grounded and the other sinking. Two ferries were damaged when they were pinned against the loading dock. The storm surge inundated Highway 361 along a 10 miles stretch from near the Mustang Island State Park to Port Aransas with the water several feet deep. A few boats became moored near Packery Channel. The Arnold Palmer designed golf course at Palmilla Beach south of Port Aransas was inundated by storm surge with water covering most of the course. Storm tide of 4 to 6 feet impacted residences and businesses in Padre Island from the Laguna Madre. Storm surge caused major damage to 520 homes and minor damage to 1327 homes. Storm surge affected an additional 2200 homes. The Port of Corpus Christi was shutdown for a record 6 days. Port Aransas Independent School District lost 8 buses due to damage from salt water.||In Calhoun County, minor to moderate property damage was common across the city of Port Lavaca with large areas of siding removed from a few well constructed homes. The tops of grain bins in Port Lavaca were peeled off. Numerous trees were blown down in the community of Seadrift. Many homes experienced minor to moderate roof and property damage. Some poorly constructed homes experienced major roof damage. In Port O'Connor, numerous trees were blown down with three quarters of the community experiencing minor roof damage. A few power poles were blown down. Minor to moderate roof damage occurred at Magnolia Beach, Alamo Beach, and Indianola. Over 2100 homes and 72 businesses received major damage while 421 homes were destroyed. There were 1865 homes with minor damage and 1575 homes affected. There was significant damage to the cotton crop in the county. Hundreds of acres unharvested cotton were ruined in the fields. Harvested cotton in modules and bales were damaged by the wind or blown into water filled ditches. The highest wind speed measured was 82 mph with gusts to 110 mph northwest of Seadrift. Storm tides averaged from 6 to 8 feet across Calhoun County with maximum tide levels around 10 feet recorded on the north end of Lavaca Bay while lower tides from 3 to 5 feet occurred from Port O'Connor to southeast of Seadrift next to Espiritu Santo Bay. In Port Lavaca, water from Chocolate Bay inundated the public boat ramp near Buren Road. The lower half of Buren Road was inundated. The entire marina along Lavaca Bay was strongly impacted with 16 boats declared a total loss with many of them sinking in the marina. Several boats were grounded next to the marina. The Bayfront Peninsula Park was inundated. Areas east of Broadway street were inundated with water reaching across Highway 35 in the area near Lighthouse Beach. Piers at Lighthouse Beach Park and Bayfront Peninsula Park were destroyed. Nearly the entire marina in Seadrift was inundated from storm surge with several boats grounded on the marina parking lot. Most of the wooden docks at the marina and a few wooden piers were destroyed. The storm surge reached Bay Avenue almost reaching the beachfront pavilion. Storm surge entered homes near the Bay Avenue and Orange Street intersection. In Magnolia Beach and Indianola, storm surge flooded nearly all of Magnolia Public Beach and crossed North Ocean Drive in a few spots. A few areas of South Ocean Drive near Indianola were inundated. Several older wooden docks and piers were destroyed. In Port O'Connor, storm surge from Matagorda Bay reached half of the way up Kingfisher Beach toward Park Street. The storm surge caused major damage to 56 homes, minor damage to 322 homes, and affected 446 homes across the county. A thousand foot cut was made through Matagorda Island.||In San Patricio County, the worst damage was confined to the eastern half of the county. Almost 8700 homes were affected by the hurricane. There were 155 homes destroyed, 425 homes with major damage, and slightly more than 3300 homes with minor damage. There were 72 businesses with major damage. The hardest hit areas were Aransas Pass and Ingleside where major damage occurred. Widespread roof damage and tree damage occurred in this area. Numerous large power poles were blown down across the eastern half of the county. The water tower in Aransas Pass was destroyed. Roof damage led to extensive interior damage to the Care Regional Medical Center in Aransas Pass. Power outage was widespread with some areas without power for over a week. There was widespread minor roof damage and fences blown down in Portland along with a few trees blown down. Minor roof damage occurred in Taft and a car wash was destroyed. A couple of grain silos at the Midway Gin near Taft were toppled over. Crop damage to cotton stored in modules occurred in the eastern part of the county. The peak wind recorded was in Aransas Pass with sustained wind speed of 100 mph with gusts to 135 mph at Conn Brown Harbor. Survey from the United States Geologic Survey (USGS) indicated a storm tide of around 4 feet impacted the area from Ingleside On-the-Bay to Aransas Pass. Numerous wooden piers and docks were damaged or destroyed. A couple of boats were damaged in the Conn Brown Harbor in Aransas Pass. Major flooding was experienced in the low part of Aransas Pass adjacent to the levee. One home suffered major damage from storm surge while 40 homes had minor damage. Around 540 homes were affected by storm surge.||In Refugio County, widespread moderate structural damage with pockets of major structural damage occurred in Refugio. Most homes and businesses had roof damage, broken windows, and damaged garage doors. Two motels received significant damage to their roofs. Gas station canopies and many signs were destroyed. A few brick structures experienced moderate damage. Numerous trees and power poles were blown down. Roof damage occurred to several churches, every school building in the district except for the athletic facility. The school gymnasiums and auditorium lost portion of their roofs. Several trailer homes and storage buildings were destroyed. There was widespread tree damage with a few very large trees completely uprooted. Widespread moderate structural damage occurred in Bayside, Austwell, and Tivoli. Numerous trees and power poles were blown down including some high tension power poles. In Woodsboro, widespread minor to moderate damage occurred with a few poorly constructed homes with major damage. The elementary gymnasium and auditorium roofs were blown off. Numerous trees and a few power poles were blown down. The Bayside Richardson Coop Gin near Woodsboro sustained major damage and 30 thousand bales of cotton in storage modules were damaged. A sensor deployed by Texas Tech measured sustained winds of 106 mph with gusts to 125 mph just west of Mission Bay before the sensor was hit by debris. Another sensor showed wind speed of 102 mph with gusts to 129 mph north of the intersection of Highway 35 and Farm to Market Road 774 in eastern Refugio County. Around 440 homes were destroyed, around 1050 homes experienced major damage, and 66 businesses suffered major damage. Around 750 homes had minor damage with another 310 homes affected. Storm tide varied across the bay areas of the county. The higher storm tides affected the northeast part of the county as the storm surge pushed in from San Antonio Bay. Storm surge reached 10 feet east of Tivoli near the mouth of the Guadalupe River. Storm tides were lower on the west side of Copano Bay with storm surge only reaching 3 to 4 feet. Water covered Farm to Market Road 136 near the Copano Bay Bridge. Only 2 homes were affected by storm surge in the county.||In Goliad County, widespread minor roof damage occurred in the city of Goliad. Numerous trees and a few power poles were blown down across the county. The roof of the old high school gymnasium was peeled off. A hole was punched in the roof of the new wing of the school. Some class rooms along with the weight room and dressing room suffered water damage. Three families were displaced from homes when roofs and walls collapsed. There was some minor structural damage to some homes in Goliad. Several barns were blown down throughout the county. Some livestock were injured.||In Victoria County, Widespread minor to moderate roof damage occurred in the city of Bloomington. Several mobile homes were destroyed. All but three facilities within the Bloomington school district suffered wind and water damage. Widespread minor roof damage occurred in the city of Victoria. Several trees and a few power poles were blown down. Fences and street signs were blown down across the city. The maximum wind gust recorded in Victoria was 85 mph. Maximum wind gusts in the southern part of the county were around 110 mph. Twenty seven homes were destroyed. Around 75 percent of residential and commercial properties in the county were damaged.   Hundreds of acres of unharvested cotton were damaged in the field. Harvested cotton in modules and bales were damaged also. A few barns and storage buildings were blown down across the county.",A few tree limbs were blown down in Beeville. Power lines were blown down across portions of the county that caused power outages. Some damage to fences occurred in the county.,CSV
201708,26,0,201708,26,1200,119859,721002,TEXAS,48,2017,August,Hurricane,Z,233,GOLIAD,CRP,26-Aug-17 0:00:00,CST-6,26-Aug-17 12:00:00,0,0,0,0,1.00M,,NWS Storm Survey,,,,2,,,,,,,,,,,,,,,,,,"Major Hurricane Harvey impacted the Middle Texas coast on August 25th and 26th. Harvey was the first category 4 hurricane to strike Texas since Hurricane Carla in 1961. Harvey severely affected the cities of Rockport, Fulton, Port Aransas, Aransas Pass, Ingleside, Holiday Beach, and Refugio. Minor to moderate damage occurred in cities of Portland, Corpus Christi, Seadrift, Woodsboro, Port Lavaca, Goliad, and Victoria.||Harvey weakened to a tropical wave as the system moved across the Caribbean Sea and the Yucatan peninsula from August 18th until the 22nd. Harvey formed into a tropical depression over the southern Gulf of Mexico on the morning of August 23rd. Harvey rapidly intensified from a tropical depression to a major hurricane in 40 hours as it moved northwest toward the Texas coast. Harvey continued to intensify as it approached the Middle Texas coast on August 25th and made landfall as a Category 4 hurricane during the evening hours. Harvey was the first major hurricane to make landfall on the Middle Texas coast since Hurricane Celia in August of 1970. ||Hurricane Harvey slowed down after landfall and weakened into a tropical storm on the afternoon of the 26th. Tropical Storm Harvey became nearly stationary west of Cuero from the evening of the 26th through the morning of the 27th. Harvey drifted southeastward across the Victoria Crossroads on the afternoon of the 27th. Harvey then moved into Matagorda Bay during the morning hours of the 28th and back into northwest Gulf of Mexico later that afternoon. Tropical storm conditions persisted near the northern portion of the Middle Texas coast into the early morning hours of the 29th.||Hurricane Harvey moved inland in Aransas County on San Jose Island around 830 PM CDT August 25th. Harvey had a minimum central pressure of 938 millibars and produced a maximum storm surge of 12.5 feet. Maximum sustained winds were estimated at 130 mph (115 knots) with gusts to 160 mph (140 knots).  In South Texas, the maximum recorded rainfall from Hurricane Harvey was 17.08 inches 4 miles northwest of Victoria. Radar estimates were close to 20 inches over eastern portions of Refugio County. The height of the storm tide, referenced to mean higher high water, ranged from 3 to 5 feet on northern Padre Island and around Port O'Connor to a maximum of 12.5 feet in northeast Aransas County in the Aransas National Wildlife Refuge near San Antonio Bay. Storm tide levels in the interior bays were generally from 5 to 8 feet with higher amounts near 10 feet on the south end of Copano Bay, the north end of Aransas Bay, and the north end of Lavaca Bay. ||There were no direct fatalities from Hurricane Harvey on the Middle Texas Coast. There were 2 indirect fatalities in Rockport and 1 near Bloomington. All of the associated affects from Hurricane Harvey in South Texas from August 25th to August 27th resulted in 14 injuries, $4.5 billion in property damage, and around $65 million in crop damage. Specifically in South Texas, Harvey's inland flooding resulted in $5 million in property damage. One tornado near Seadrift resulted in $10 thousand in property damage. The powerful winds resulted in 14 injuries, $4 billion in property damage, and $65 million in crop damage. The storm tide resulted in $530 million in property damage and a number of drowned livestock. Damage estimates to public property and infrastructure was $130 million in South Texas.||Hurricane Harvey blew down or damaged around 550 power transmission structures. American Electric Power (AEP) repaired or replaced around 5000 distribution poles that were blown down or damaged by Harvey. Almost four million total feet of transmission and distribution conductor were replaced, approximately 712 miles. Power was restored to around 200,000 customers within 2 weeks.||In Aransas County, widespread major damage occurred across the county with a few areas having catastrophic damage. Catastrophic damage was located across Copano Village, Holiday Beach, and Lamar with many homes, some elevated, with second stories completely collapsed. Nearly every structure was greatly impacted. A couple of brick homes were destroyed near Copano Village. Catastrophic damage occurred to homes in the Copano Ridge area. Nearly all the trees in the Holiday Beach, Lamar, and Goose Island State Park area were without leaves with many trees snapped or uprooted. Most of Rockport and Fulton experienced widespread major structural damage. Several homes in the Key Allegro subdivision collapsed. Exterior walls collapsed on the high school gymnasium, on several churches, and on several new hotels. Upper floors of several apartment buildings were removed. Mobile homes and recreational vehicles were demolished. Billboard signs were blown down. Numerous power poles were blown down or snapped. Six hangars were demolished at the Aransas County Airport along with many airplanes. The county remained without power for 2 to 3 weeks. A mesonet wind sensor at Aransas County Airport recorded sustained winds around 110 mph with a peak gust to 150 mph. Nearly 1500 homes were destroyed, almost 3800 homes suffered major damage, and 5350 homes suffered minor damage. There were 175 businesses with major damage. Storm surge greatly impacted Holiday Beach and Copano Village. The surge punched holes through walls and garage doors on the lower portions of most homes. The surge floated vehicles, recreational vehicles, and boats well inland. The surge approached and flowed across Egery Island Road and Farm to Market 136 in several locations south of Bayside in extreme western Aransas County. Numerous cattle were killed north of Holiday Beach. A large portion of Rattlesnake Point Road was eroded and washed away heading out to Redfish Lodge on Copano Bay. The pier south of the lodge was completely washed away. Storm surge of 4 to 5 feet was common across the county. The maximum storm surge of 12.5 feet occurred in the Aransas National Wildlife Refuge. There were 356 homes that received major damage from storm surge and there were 1126 homes that received minor damage from storm surge. There were 1200 homes that were affected by storm surge. From NOAA photos, there were 14 cuts formed on the southern end of San Jose Island.||In Nueces County, the most significant damage was in Port Aransas where widespread major damage occurred. There were 4170 homes that received major damage and 1036 homes destroyed. Most homes suffered major roof damage while some homes lost roofs and walls collapsed. There were 457 businesses with major damage and slightly more than 1100 homes with minor damage. Mobile homes and recreational vehicles were demolished. Numerous power poles were blown down or snapped. The roofs were damaged at the elementary, middle, and high schools for Port Aransas leading to water damage in the interior. In Corpus Christi, widespread minor property damage was common due to lost shingles and fences down. Some residences and businesses experienced moderate damage mainly across the northern part of the city. Taller buildings downtown suffered more significant damage and lost signs. A few highway signs were blown down. Minor roof damage was common to residences and business in North Padre Island with some areas with moderate damage. Peak wind gusts measured were around 130 mph in Port Aransas. Storm tides were from 6 to 8 feet in Port Aransas as the storm surge entered from the west from Corpus Christi and Redfish Bays. Numerous boats were damaged or destroyed and pushed out of their moorings onto high ground. A large drill boat broke loose, destroyed a pier, and became grounded along the jetty. Two tugs broke loose near the Gulf Intracoastal Waterway with one becoming grounded and the other sinking. Two ferries were damaged when they were pinned against the loading dock. The storm surge inundated Highway 361 along a 10 miles stretch from near the Mustang Island State Park to Port Aransas with the water several feet deep. A few boats became moored near Packery Channel. The Arnold Palmer designed golf course at Palmilla Beach south of Port Aransas was inundated by storm surge with water covering most of the course. Storm tide of 4 to 6 feet impacted residences and businesses in Padre Island from the Laguna Madre. Storm surge caused major damage to 520 homes and minor damage to 1327 homes. Storm surge affected an additional 2200 homes. The Port of Corpus Christi was shutdown for a record 6 days. Port Aransas Independent School District lost 8 buses due to damage from salt water.||In Calhoun County, minor to moderate property damage was common across the city of Port Lavaca with large areas of siding removed from a few well constructed homes. The tops of grain bins in Port Lavaca were peeled off. Numerous trees were blown down in the community of Seadrift. Many homes experienced minor to moderate roof and property damage. Some poorly constructed homes experienced major roof damage. In Port O'Connor, numerous trees were blown down with three quarters of the community experiencing minor roof damage. A few power poles were blown down. Minor to moderate roof damage occurred at Magnolia Beach, Alamo Beach, and Indianola. Over 2100 homes and 72 businesses received major damage while 421 homes were destroyed. There were 1865 homes with minor damage and 1575 homes affected. There was significant damage to the cotton crop in the county. Hundreds of acres unharvested cotton were ruined in the fields. Harvested cotton in modules and bales were damaged by the wind or blown into water filled ditches. The highest wind speed measured was 82 mph with gusts to 110 mph northwest of Seadrift. Storm tides averaged from 6 to 8 feet across Calhoun County with maximum tide levels around 10 feet recorded on the north end of Lavaca Bay while lower tides from 3 to 5 feet occurred from Port O'Connor to southeast of Seadrift next to Espiritu Santo Bay. In Port Lavaca, water from Chocolate Bay inundated the public boat ramp near Buren Road. The lower half of Buren Road was inundated. The entire marina along Lavaca Bay was strongly impacted with 16 boats declared a total loss with many of them sinking in the marina. Several boats were grounded next to the marina. The Bayfront Peninsula Park was inundated. Areas east of Broadway street were inundated with water reaching across Highway 35 in the area near Lighthouse Beach. Piers at Lighthouse Beach Park and Bayfront Peninsula Park were destroyed. Nearly the entire marina in Seadrift was inundated from storm surge with several boats grounded on the marina parking lot. Most of the wooden docks at the marina and a few wooden piers were destroyed. The storm surge reached Bay Avenue almost reaching the beachfront pavilion. Storm surge entered homes near the Bay Avenue and Orange Street intersection. In Magnolia Beach and Indianola, storm surge flooded nearly all of Magnolia Public Beach and crossed North Ocean Drive in a few spots. A few areas of South Ocean Drive near Indianola were inundated. Several older wooden docks and piers were destroyed. In Port O'Connor, storm surge from Matagorda Bay reached half of the way up Kingfisher Beach toward Park Street. The storm surge caused major damage to 56 homes, minor damage to 322 homes, and affected 446 homes across the county. A thousand foot cut was made through Matagorda Island.||In San Patricio County, the worst damage was confined to the eastern half of the county. Almost 8700 homes were affected by the hurricane. There were 155 homes destroyed, 425 homes with major damage, and slightly more than 3300 homes with minor damage. There were 72 businesses with major damage. The hardest hit areas were Aransas Pass and Ingleside where major damage occurred. Widespread roof damage and tree damage occurred in this area. Numerous large power poles were blown down across the eastern half of the county. The water tower in Aransas Pass was destroyed. Roof damage led to extensive interior damage to the Care Regional Medical Center in Aransas Pass. Power outage was widespread with some areas without power for over a week. There was widespread minor roof damage and fences blown down in Portland along with a few trees blown down. Minor roof damage occurred in Taft and a car wash was destroyed. A couple of grain silos at the Midway Gin near Taft were toppled over. Crop damage to cotton stored in modules occurred in the eastern part of the county. The peak wind recorded was in Aransas Pass with sustained wind speed of 100 mph with gusts to 135 mph at Conn Brown Harbor. Survey from the United States Geologic Survey (USGS) indicated a storm tide of around 4 feet impacted the area from Ingleside On-the-Bay to Aransas Pass. Numerous wooden piers and docks were damaged or destroyed. A couple of boats were damaged in the Conn Brown Harbor in Aransas Pass. Major flooding was experienced in the low part of Aransas Pass adjacent to the levee. One home suffered major damage from storm surge while 40 homes had minor damage. Around 540 homes were affected by storm surge.||In Refugio County, widespread moderate structural damage with pockets of major structural damage occurred in Refugio. Most homes and businesses had roof damage, broken windows, and damaged garage doors. Two motels received significant damage to their roofs. Gas station canopies and many signs were destroyed. A few brick structures experienced moderate damage. Numerous trees and power poles were blown down. Roof damage occurred to several churches, every school building in the district except for the athletic facility. The school gymnasiums and auditorium lost portion of their roofs. Several trailer homes and storage buildings were destroyed. There was widespread tree damage with a few very large trees completely uprooted. Widespread moderate structural damage occurred in Bayside, Austwell, and Tivoli. Numerous trees and power poles were blown down including some high tension power poles. In Woodsboro, widespread minor to moderate damage occurred with a few poorly constructed homes with major damage. The elementary gymnasium and auditorium roofs were blown off. Numerous trees and a few power poles were blown down. The Bayside Richardson Coop Gin near Woodsboro sustained major damage and 30 thousand bales of cotton in storage modules were damaged. A sensor deployed by Texas Tech measured sustained winds of 106 mph with gusts to 125 mph just west of Mission Bay before the sensor was hit by debris. Another sensor showed wind speed of 102 mph with gusts to 129 mph north of the intersection of Highway 35 and Farm to Market Road 774 in eastern Refugio County. Around 440 homes were destroyed, around 1050 homes experienced major damage, and 66 businesses suffered major damage. Around 750 homes had minor damage with another 310 homes affected. Storm tide varied across the bay areas of the county. The higher storm tides affected the northeast part of the county as the storm surge pushed in from San Antonio Bay. Storm surge reached 10 feet east of Tivoli near the mouth of the Guadalupe River. Storm tides were lower on the west side of Copano Bay with storm surge only reaching 3 to 4 feet. Water covered Farm to Market Road 136 near the Copano Bay Bridge. Only 2 homes were affected by storm surge in the county.||In Goliad County, widespread minor roof damage occurred in the city of Goliad. Numerous trees and a few power poles were blown down across the county. The roof of the old high school gymnasium was peeled off. A hole was punched in the roof of the new wing of the school. Some class rooms along with the weight room and dressing room suffered water damage. Three families were displaced from homes when roofs and walls collapsed. There was some minor structural damage to some homes in Goliad. Several barns were blown down throughout the county. Some livestock were injured.||In Victoria County, Widespread minor to moderate roof damage occurred in the city of Bloomington. Several mobile homes were destroyed. All but three facilities within the Bloomington school district suffered wind and water damage. Widespread minor roof damage occurred in the city of Victoria. Several trees and a few power poles were blown down. Fences and street signs were blown down across the city. The maximum wind gust recorded in Victoria was 85 mph. Maximum wind gusts in the southern part of the county were around 110 mph. Twenty seven homes were destroyed. Around 75 percent of residential and commercial properties in the county were damaged.   Hundreds of acres of unharvested cotton were damaged in the field. Harvested cotton in modules and bales were damaged also. A few barns and storage buildings were blown down across the county.",Widespread minor roof damage occurred in the city of Goliad. Numerous trees and a few power poles were blown down across the county. The roof of the old high school gymnasium was peeled off. A hole was punched in the roof of the new wing of the school. Some class rooms along with the weight room and dressing room suffered water damage. Three families were displaced from homes when roofs and walls collapsed. There was some minor structural damage to some homes in Goliad. Several barns were blown down throughout the county. Some livestock were injured.,CSV
201708,26,0,201708,26,1200,119859,721006,TEXAS,48,2017,August,Hurricane,Z,234,VICTORIA,CRP,26-Aug-17 0:00:00,CST-6,26-Aug-17 12:00:00,0,0,0,0,140.00M,20.00M,NWS Storm Survey,,,,3,,,,,,,,,,,,,,,,,,"Major Hurricane Harvey impacted the Middle Texas coast on August 25th and 26th. Harvey was the first category 4 hurricane to strike Texas since Hurricane Carla in 1961. Harvey severely affected the cities of Rockport, Fulton, Port Aransas, Aransas Pass, Ingleside, Holiday Beach, and Refugio. Minor to moderate damage occurred in cities of Portland, Corpus Christi, Seadrift, Woodsboro, Port Lavaca, Goliad, and Victoria.||Harvey weakened to a tropical wave as the system moved across the Caribbean Sea and the Yucatan peninsula from August 18th until the 22nd. Harvey formed into a tropical depression over the southern Gulf of Mexico on the morning of August 23rd. Harvey rapidly intensified from a tropical depression to a major hurricane in 40 hours as it moved northwest toward the Texas coast. Harvey continued to intensify as it approached the Middle Texas coast on August 25th and made landfall as a Category 4 hurricane during the evening hours. Harvey was the first major hurricane to make landfall on the Middle Texas coast since Hurricane Celia in August of 1970. ||Hurricane Harvey slowed down after landfall and weakened into a tropical storm on the afternoon of the 26th. Tropical Storm Harvey became nearly stationary west of Cuero from the evening of the 26th through the morning of the 27th. Harvey drifted southeastward across the Victoria Crossroads on the afternoon of the 27th. Harvey then moved into Matagorda Bay during the morning hours of the 28th and back into northwest Gulf of Mexico later that afternoon. Tropical storm conditions persisted near the northern portion of the Middle Texas coast into the early morning hours of the 29th.||Hurricane Harvey moved inland in Aransas County on San Jose Island around 830 PM CDT August 25th. Harvey had a minimum central pressure of 938 millibars and produced a maximum storm surge of 12.5 feet. Maximum sustained winds were estimated at 130 mph (115 knots) with gusts to 160 mph (140 knots).  In South Texas, the maximum recorded rainfall from Hurricane Harvey was 17.08 inches 4 miles northwest of Victoria. Radar estimates were close to 20 inches over eastern portions of Refugio County. The height of the storm tide, referenced to mean higher high water, ranged from 3 to 5 feet on northern Padre Island and around Port O'Connor to a maximum of 12.5 feet in northeast Aransas County in the Aransas National Wildlife Refuge near San Antonio Bay. Storm tide levels in the interior bays were generally from 5 to 8 feet with higher amounts near 10 feet on the south end of Copano Bay, the north end of Aransas Bay, and the north end of Lavaca Bay. ||There were no direct fatalities from Hurricane Harvey on the Middle Texas Coast. There were 2 indirect fatalities in Rockport and 1 near Bloomington. All of the associated affects from Hurricane Harvey in South Texas from August 25th to August 27th resulted in 14 injuries, $4.5 billion in property damage, and around $65 million in crop damage. Specifically in South Texas, Harvey's inland flooding resulted in $5 million in property damage. One tornado near Seadrift resulted in $10 thousand in property damage. The powerful winds resulted in 14 injuries, $4 billion in property damage, and $65 million in crop damage. The storm tide resulted in $530 million in property damage and a number of drowned livestock. Damage estimates to public property and infrastructure was $130 million in South Texas.||Hurricane Harvey blew down or damaged around 550 power transmission structures. American Electric Power (AEP) repaired or replaced around 5000 distribution poles that were blown down or damaged by Harvey. Almost four million total feet of transmission and distribution conductor were replaced, approximately 712 miles. Power was restored to around 200,000 customers within 2 weeks.||In Aransas County, widespread major damage occurred across the county with a few areas having catastrophic damage. Catastrophic damage was located across Copano Village, Holiday Beach, and Lamar with many homes, some elevated, with second stories completely collapsed. Nearly every structure was greatly impacted. A couple of brick homes were destroyed near Copano Village. Catastrophic damage occurred to homes in the Copano Ridge area. Nearly all the trees in the Holiday Beach, Lamar, and Goose Island State Park area were without leaves with many trees snapped or uprooted. Most of Rockport and Fulton experienced widespread major structural damage. Several homes in the Key Allegro subdivision collapsed. Exterior walls collapsed on the high school gymnasium, on several churches, and on several new hotels. Upper floors of several apartment buildings were removed. Mobile homes and recreational vehicles were demolished. Billboard signs were blown down. Numerous power poles were blown down or snapped. Six hangars were demolished at the Aransas County Airport along with many airplanes. The county remained without power for 2 to 3 weeks. A mesonet wind sensor at Aransas County Airport recorded sustained winds around 110 mph with a peak gust to 150 mph. Nearly 1500 homes were destroyed, almost 3800 homes suffered major damage, and 5350 homes suffered minor damage. There were 175 businesses with major damage. Storm surge greatly impacted Holiday Beach and Copano Village. The surge punched holes through walls and garage doors on the lower portions of most homes. The surge floated vehicles, recreational vehicles, and boats well inland. The surge approached and flowed across Egery Island Road and Farm to Market 136 in several locations south of Bayside in extreme western Aransas County. Numerous cattle were killed north of Holiday Beach. A large portion of Rattlesnake Point Road was eroded and washed away heading out to Redfish Lodge on Copano Bay. The pier south of the lodge was completely washed away. Storm surge of 4 to 5 feet was common across the county. The maximum storm surge of 12.5 feet occurred in the Aransas National Wildlife Refuge. There were 356 homes that received major damage from storm surge and there were 1126 homes that received minor damage from storm surge. There were 1200 homes that were affected by storm surge. From NOAA photos, there were 14 cuts formed on the southern end of San Jose Island.||In Nueces County, the most significant damage was in Port Aransas where widespread major damage occurred. There were 4170 homes that received major damage and 1036 homes destroyed. Most homes suffered major roof damage while some homes lost roofs and walls collapsed. There were 457 businesses with major damage and slightly more than 1100 homes with minor damage. Mobile homes and recreational vehicles were demolished. Numerous power poles were blown down or snapped. The roofs were damaged at the elementary, middle, and high schools for Port Aransas leading to water damage in the interior. In Corpus Christi, widespread minor property damage was common due to lost shingles and fences down. Some residences and businesses experienced moderate damage mainly across the northern part of the city. Taller buildings downtown suffered more significant damage and lost signs. A few highway signs were blown down. Minor roof damage was common to residences and business in North Padre Island with some areas with moderate damage. Peak wind gusts measured were around 130 mph in Port Aransas. Storm tides were from 6 to 8 feet in Port Aransas as the storm surge entered from the west from Corpus Christi and Redfish Bays. Numerous boats were damaged or destroyed and pushed out of their moorings onto high ground. A large drill boat broke loose, destroyed a pier, and became grounded along the jetty. Two tugs broke loose near the Gulf Intracoastal Waterway with one becoming grounded and the other sinking. Two ferries were damaged when they were pinned against the loading dock. The storm surge inundated Highway 361 along a 10 miles stretch from near the Mustang Island State Park to Port Aransas with the water several feet deep. A few boats became moored near Packery Channel. The Arnold Palmer designed golf course at Palmilla Beach south of Port Aransas was inundated by storm surge with water covering most of the course. Storm tide of 4 to 6 feet impacted residences and businesses in Padre Island from the Laguna Madre. Storm surge caused major damage to 520 homes and minor damage to 1327 homes. Storm surge affected an additional 2200 homes. The Port of Corpus Christi was shutdown for a record 6 days. Port Aransas Independent School District lost 8 buses due to damage from salt water.||In Calhoun County, minor to moderate property damage was common across the city of Port Lavaca with large areas of siding removed from a few well constructed homes. The tops of grain bins in Port Lavaca were peeled off. Numerous trees were blown down in the community of Seadrift. Many homes experienced minor to moderate roof and property damage. Some poorly constructed homes experienced major roof damage. In Port O'Connor, numerous trees were blown down with three quarters of the community experiencing minor roof damage. A few power poles were blown down. Minor to moderate roof damage occurred at Magnolia Beach, Alamo Beach, and Indianola. Over 2100 homes and 72 businesses received major damage while 421 homes were destroyed. There were 1865 homes with minor damage and 1575 homes affected. There was significant damage to the cotton crop in the county. Hundreds of acres unharvested cotton were ruined in the fields. Harvested cotton in modules and bales were damaged by the wind or blown into water filled ditches. The highest wind speed measured was 82 mph with gusts to 110 mph northwest of Seadrift. Storm tides averaged from 6 to 8 feet across Calhoun County with maximum tide levels around 10 feet recorded on the north end of Lavaca Bay while lower tides from 3 to 5 feet occurred from Port O'Connor to southeast of Seadrift next to Espiritu Santo Bay. In Port Lavaca, water from Chocolate Bay inundated the public boat ramp near Buren Road. The lower half of Buren Road was inundated. The entire marina along Lavaca Bay was strongly impacted with 16 boats declared a total loss with many of them sinking in the marina. Several boats were grounded next to the marina. The Bayfront Peninsula Park was inundated. Areas east of Broadway street were inundated with water reaching across Highway 35 in the area near Lighthouse Beach. Piers at Lighthouse Beach Park and Bayfront Peninsula Park were destroyed. Nearly the entire marina in Seadrift was inundated from storm surge with several boats grounded on the marina parking lot. Most of the wooden docks at the marina and a few wooden piers were destroyed. The storm surge reached Bay Avenue almost reaching the beachfront pavilion. Storm surge entered homes near the Bay Avenue and Orange Street intersection. In Magnolia Beach and Indianola, storm surge flooded nearly all of Magnolia Public Beach and crossed North Ocean Drive in a few spots. A few areas of South Ocean Drive near Indianola were inundated. Several older wooden docks and piers were destroyed. In Port O'Connor, storm surge from Matagorda Bay reached half of the way up Kingfisher Beach toward Park Street. The storm surge caused major damage to 56 homes, minor damage to 322 homes, and affected 446 homes across the county. A thousand foot cut was made through Matagorda Island.||In San Patricio County, the worst damage was confined to the eastern half of the county. Almost 8700 homes were affected by the hurricane. There were 155 homes destroyed, 425 homes with major damage, and slightly more than 3300 homes with minor damage. There were 72 businesses with major damage. The hardest hit areas were Aransas Pass and Ingleside where major damage occurred. Widespread roof damage and tree damage occurred in this area. Numerous large power poles were blown down across the eastern half of the county. The water tower in Aransas Pass was destroyed. Roof damage led to extensive interior damage to the Care Regional Medical Center in Aransas Pass. Power outage was widespread with some areas without power for over a week. There was widespread minor roof damage and fences blown down in Portland along with a few trees blown down. Minor roof damage occurred in Taft and a car wash was destroyed. A couple of grain silos at the Midway Gin near Taft were toppled over. Crop damage to cotton stored in modules occurred in the eastern part of the county. The peak wind recorded was in Aransas Pass with sustained wind speed of 100 mph with gusts to 135 mph at Conn Brown Harbor. Survey from the United States Geologic Survey (USGS) indicated a storm tide of around 4 feet impacted the area from Ingleside On-the-Bay to Aransas Pass. Numerous wooden piers and docks were damaged or destroyed. A couple of boats were damaged in the Conn Brown Harbor in Aransas Pass. Major flooding was experienced in the low part of Aransas Pass adjacent to the levee. One home suffered major damage from storm surge while 40 homes had minor damage. Around 540 homes were affected by storm surge.||In Refugio County, widespread moderate structural damage with pockets of major structural damage occurred in Refugio. Most homes and businesses had roof damage, broken windows, and damaged garage doors. Two motels received significant damage to their roofs. Gas station canopies and many signs were destroyed. A few brick structures experienced moderate damage. Numerous trees and power poles were blown down. Roof damage occurred to several churches, every school building in the district except for the athletic facility. The school gymnasiums and auditorium lost portion of their roofs. Several trailer homes and storage buildings were destroyed. There was widespread tree damage with a few very large trees completely uprooted. Widespread moderate structural damage occurred in Bayside, Austwell, and Tivoli. Numerous trees and power poles were blown down including some high tension power poles. In Woodsboro, widespread minor to moderate damage occurred with a few poorly constructed homes with major damage. The elementary gymnasium and auditorium roofs were blown off. Numerous trees and a few power poles were blown down. The Bayside Richardson Coop Gin near Woodsboro sustained major damage and 30 thousand bales of cotton in storage modules were damaged. A sensor deployed by Texas Tech measured sustained winds of 106 mph with gusts to 125 mph just west of Mission Bay before the sensor was hit by debris. Another sensor showed wind speed of 102 mph with gusts to 129 mph north of the intersection of Highway 35 and Farm to Market Road 774 in eastern Refugio County. Around 440 homes were destroyed, around 1050 homes experienced major damage, and 66 businesses suffered major damage. Around 750 homes had minor damage with another 310 homes affected. Storm tide varied across the bay areas of the county. The higher storm tides affected the northeast part of the county as the storm surge pushed in from San Antonio Bay. Storm surge reached 10 feet east of Tivoli near the mouth of the Guadalupe River. Storm tides were lower on the west side of Copano Bay with storm surge only reaching 3 to 4 feet. Water covered Farm to Market Road 136 near the Copano Bay Bridge. Only 2 homes were affected by storm surge in the county.||In Goliad County, widespread minor roof damage occurred in the city of Goliad. Numerous trees and a few power poles were blown down across the county. The roof of the old high school gymnasium was peeled off. A hole was punched in the roof of the new wing of the school. Some class rooms along with the weight room and dressing room suffered water damage. Three families were displaced from homes when roofs and walls collapsed. There was some minor structural damage to some homes in Goliad. Several barns were blown down throughout the county. Some livestock were injured.||In Victoria County, Widespread minor to moderate roof damage occurred in the city of Bloomington. Several mobile homes were destroyed. All but three facilities within the Bloomington school district suffered wind and water damage. Widespread minor roof damage occurred in the city of Victoria. Several trees and a few power poles were blown down. Fences and street signs were blown down across the city. The maximum wind gust recorded in Victoria was 85 mph. Maximum wind gusts in the southern part of the county were around 110 mph. Twenty seven homes were destroyed. Around 75 percent of residential and commercial properties in the county were damaged.   Hundreds of acres of unharvested cotton were damaged in the field. Harvested cotton in modules and bales were damaged also. A few barns and storage buildings were blown down across the county.",Widespread minor to moderate roof damage occurred in the city of Bloomington. Several mobile homes were destroyed. All but three facilities within the Bloomington school district suffered wind and water damage. Widespread minor roof damage occurred in the city of Victoria. Several trees and a few power poles were blown down. Fences and street signs were blown down across the city. The maximum wind gust recorded in Victoria was 85 mph. Maximum wind gusts in the southern part of the county were around 110 mph. Twenty seven homes were destroyed. Around 75 percent of residential and commercial properties in the county were damaged. Hundreds of acres of unharvested cotton were damaged in the field. Harvested cotton in modules and bales were damaged also. A few barns and storage buildings were blown down across the county.,CSV
201708,26,2200,201708,29,1200,119753,728390,TEXAS,48,2017,August,Flash Flood,C,407,SAN JACINTO,HGX,26-Aug-17 22:00:00,CST-6,29-Aug-17 12:00:00,0,0,3,0,350.00M,10.00K,Emergency Manager,,,Heavy Rain / Tropical System,,,,,,,,,14,S,LIBERTY HILL,0,WNW,MAYNARD,30.3244,-95.2048,30.5222,-95.3545,"Harvey made landfall as a category 4 hurricane near Rockport, Texas during the evening of August 25th. The storm then weakened to a tropical storm and slowed,  looping back and tracking over SE Texas then back over the Gulf of Mexico making a second landfall along the Louisiana coast during the early morning hours of August 30th. Over that 5 day period over Southeast Texas TS Harvey produced catastrophic flooding with a large area of 30 to 60 inches of rain, 23 tornadoes, tropical storm force winds and a moderate storm surge near Matagorda Bay.  In some of the heavier bands rain fell at a rate of over 5 inches per hour. This copious record amount of rain over a  led to catastrophic flooding. Thousands of homes, businesses, and roads were flooded due to flash flooding and sheet flow from long duration intense rain. Main stem rivers and adjoining tributaries, creeks and bayous reached full capacity and came out of their banks and this also contributed to the massive flooding across southeastern Texas.","Slow moving Tropical Storm Harvey produced very heavy rainfall and flooding over portions of San Jacinto County. Major lowland flooding occurred near the Trinity River and areas below Lake Livingston. There was a report of high water closing Marie Street in Shepherd with numerous reports of other flooded roadways around the county. Many roads and homes along the southern end of Lake Livingston were inundated. FM 3278 was inaccessible due to the inundation of flood waters. Major lowland flooding occurred on the Trinity River near Goodrich. Hundreds to thousands of homes received various levels of damage from flooding; from minor to being completely destroyed.There were 3 fatalities, all direct.",CSV
201708,26,1959,201708,28,445,120216,720625,TEXAS,48,2017,August,Flood,C,55,CALDWELL,EWX,26-Aug-17 19:59:00,CST-6,28-Aug-17 4:45:00,0,0,0,0,12.85M,0.00K,Emergency Manager,,,Heavy Rain / Tropical System,,,,,,,,,3,ESE,NIEDERWALD,2,NE,DALE,29.9623,-97.7069,29.9515,-97.549,"Hurricane Harvey moved onshore as a Category 4 hurricane over San Jose Island east of Rockport during the late evening of August 25th. Harvey moved inland entering southern DeWitt County during the morning of August 26th  as a Category 1 hurricane. It continued to weaken as it moved farther inland eventually reaching south central Gonzales County as a tropical storm during the late evening of August 26th. The center of the storm made a loop through Gonzales, Karnes, and DeWitt Counties before exiting our County Warning Area during the afternoon of August 27th moving into Victoria County. The maximum sustained winds were 46 mph recorded at Austin Bergstrom International Airport and at two private weather stations, one near Yorktown and the other near Smiley. The maximum recorded wind gusts were 58 mph at New Braunfels Airport, Randolph AFB, and at a private weather station near Smiley. The highest rainfall total was 29.19 inches outside of LaGrange in Fayette County. A number of places in Fayette, Lavaca, and Bastrop Counties received 20 or more inches of rain. Tropical storm force winds with estimated gusts up to 60 mph caused damage across the region. Trees and branches were knocked down by the winds. Some of these in turn knocked down power lines causing power outages in Bastrop, Comal, Hays, and Guadalupe Counties. At one point, 15,000 customers in Comal County were without power. There was also some minor structural damage in Caldwell, Comal, and Lavaca Counties. Maximum rainfall totals in these counties ranged from 4.67 inches in Bexar to 29.19 in Fayette. Flooding and flash flooding forced 608 people to be evacuated from their homes. Most of these, 400, were in Fayette County.","Heavy rain from Tropical Storm Harvey caused major flooding around the county. At one time, 140 roads were closed the most ever recorded. The emergency manager estimated that 75% of the county's roads were damaged by flooding. The cost of the damage to roads and dams was estimated at $10 million. There were 18 homes destroyed and another 198 damaged by flood water with a total cost of $2.85 million.",CSV
201708,26,401,201708,26,402,119753,720676,TEXAS,48,2017,August,Tornado,C,473,WALLER,HGX,26-Aug-17 4:01:00,CST-6,26-Aug-17 4:02:00,0,0,0,0,500.00K,0.00K,Emergency Manager,,,,,EF1,0.58,50,,,,,3,WSW,KATY,3,WSW,KATY,29.78,-95.8466,29.787,-95.852,"Harvey made landfall as a category 4 hurricane near Rockport, Texas during the evening of August 25th. The storm then weakened to a tropical storm and slowed,  looping back and tracking over SE Texas then back over the Gulf of Mexico making a second landfall along the Louisiana coast during the early morning hours of August 30th. Over that 5 day period over Southeast Texas TS Harvey produced catastrophic flooding with a large area of 30 to 60 inches of rain, 23 tornadoes, tropical storm force winds and a moderate storm surge near Matagorda Bay.  In some of the heavier bands rain fell at a rate of over 5 inches per hour. This copious record amount of rain over a  led to catastrophic flooding. Thousands of homes, businesses, and roads were flooded due to flash flooding and sheet flow from long duration intense rain. Main stem rivers and adjoining tributaries, creeks and bayous reached full capacity and came out of their banks and this also contributed to the massive flooding across southeastern Texas.",Tornado touched down near Trailer World RV and Boat Storage facility then crossed Interstate 10. It did minor damage to Bucees car wash area then ripped large air conditioning units off top of Pepperl-Fuchs building. Finally in damaged awnings near Builders First building before lifting. Tornado crossed from Fort Bend into Waller County. This entry documents Waller County segment.,CSV
201708,26,914,201708,27,713,120216,720281,TEXAS,48,2017,August,Tropical Storm,Z,191,HAYS,EWX,26-Aug-17 9:14:00,CST-6,27-Aug-17 7:13:00,0,0,0,0,0.00K,0.00K,Official NWS Observations,,,,,,,,,,,,,,,,,,,,,,"Hurricane Harvey moved onshore as a Category 4 hurricane over San Jose Island east of Rockport during the late evening of August 25th. Harvey moved inland entering southern DeWitt County during the morning of August 26th  as a Category 1 hurricane. It continued to weaken as it moved farther inland eventually reaching south central Gonzales County as a tropical storm during the late evening of August 26th. The center of the storm made a loop through Gonzales, Karnes, and DeWitt Counties before exiting our County Warning Area during the afternoon of August 27th moving into Victoria County. The maximum sustained winds were 46 mph recorded at Austin Bergstrom International Airport and at two private weather stations, one near Yorktown and the other near Smiley. The maximum recorded wind gusts were 58 mph at New Braunfels Airport, Randolph AFB, and at a private weather station near Smiley. The highest rainfall total was 29.19 inches outside of LaGrange in Fayette County. A number of places in Fayette, Lavaca, and Bastrop Counties received 20 or more inches of rain. Tropical storm force winds with estimated gusts up to 60 mph caused damage across the region. Trees and branches were knocked down by the winds. Some of these in turn knocked down power lines causing power outages in Bastrop, Comal, Hays, and Guadalupe Counties. At one point, 15,000 customers in Comal County were without power. There was also some minor structural damage in Caldwell, Comal, and Lavaca Counties. Maximum rainfall totals in these counties ranged from 4.67 inches in Bexar to 29.19 in Fayette. Flooding and flash flooding forced 608 people to be evacuated from their homes. Most of these, 400, were in Fayette County.","Hurricane Harvey moved onshore as a Category 4 hurricane over San Jose Island east of Rockport during the late evening of August 25th. Harvey moved inland entering southern DeWitt County during the morning of August 26th  as a Category 1 hurricane. It continued to weaken as it moved farther inland eventually reaching south central Gonzales County as a tropical storm during the late evening of August 26th. The center of the storm made a loop through Gonzales, Karnes, and DeWitt Counties before exiting our County Warning Area during the afternoon of August 27th moving into Victoria County. ||The eastern half of Hays County experienced tropical storm force winds with gusts as high as 50 mph during the storm.  This produced some minor tree damage and knocked out power.  100 people were evacuated due to rising water on creeks and the threat of a small dam breach during the height of the event.  A sinkhole developed on Highway 21 due to the heavy rain amounts.  Across the county, rainfall totals averaged 8 to 12 inches along and east of Interstate 35.  Monetary loss are estimates of road repair.",CSV
201708,26,914,201708,27,713,120216,720280,TEXAS,48,2017,August,Tropical Storm,Z,207,GUADALUPE,EWX,26-Aug-17 9:14:00,CST-6,27-Aug-17 7:13:00,0,0,0,0,50.00K,0.00K,Official NWS Observations,,,,,,,,,,,,,,,,,,,,,,"Hurricane Harvey moved onshore as a Category 4 hurricane over San Jose Island east of Rockport during the late evening of August 25th. Harvey moved inland entering southern DeWitt County during the morning of August 26th  as a Category 1 hurricane. It continued to weaken as it moved farther inland eventually reaching south central Gonzales County as a tropical storm during the late evening of August 26th. The center of the storm made a loop through Gonzales, Karnes, and DeWitt Counties before exiting our County Warning Area during the afternoon of August 27th moving into Victoria County. The maximum sustained winds were 46 mph recorded at Austin Bergstrom International Airport and at two private weather stations, one near Yorktown and the other near Smiley. The maximum recorded wind gusts were 58 mph at New Braunfels Airport, Randolph AFB, and at a private weather station near Smiley. The highest rainfall total was 29.19 inches outside of LaGrange in Fayette County. A number of places in Fayette, Lavaca, and Bastrop Counties received 20 or more inches of rain. Tropical storm force winds with estimated gusts up to 60 mph caused damage across the region. Trees and branches were knocked down by the winds. Some of these in turn knocked down power lines causing power outages in Bastrop, Comal, Hays, and Guadalupe Counties. At one point, 15,000 customers in Comal County were without power. There was also some minor structural damage in Caldwell, Comal, and Lavaca Counties. Maximum rainfall totals in these counties ranged from 4.67 inches in Bexar to 29.19 in Fayette. Flooding and flash flooding forced 608 people to be evacuated from their homes. Most of these, 400, were in Fayette County.","Hurricane Harvey moved onshore as a Category 4 hurricane over San Jose Island east of Rockport during the late evening of August 25th. Harvey moved inland entering southern DeWitt County during the morning of August 26th  as a Category 1 hurricane. It continued to weaken as it moved farther inland eventually reaching south central Gonzales County as a tropical storm during the late evening of August 26th. The center of the storm made a loop through Gonzales, Karnes, and DeWitt Counties before exiting our County Warning Area during the afternoon of August 27th moving into Victoria County. ||Winds frequently gusted to over 50 mph during the event, producing scattered power outages and tree damage.  Some trees were uprooted.  Much of the county received 8-12 inches of rain, producing flooding on some roads and low water crossings.  The highest recorded rain total near 12 inches was near Kingsbury.  Monetary losses are estimated.",CSV
201708,26,927,201708,26,1200,120214,720264,TEXAS,48,2017,August,Hurricane,Z,224,DE WITT,EWX,26-Aug-17 9:27:00,CST-6,26-Aug-17 12:00:00,0,0,0,0,100.00K,0.00K,Official NWS Observations,,,,1,,,,,,,,,,,,,,,,,,"Hurricane Harvey moved onshore as a Category 4 hurricane over San Jose Island east of Rockport during the late evening of August 25th. Harvey moved inland entering southern DeWitt County during the morning of August 26th  as a Category 1 hurricane. It continued to weaken as it moved farther inland eventually reaching south central Gonzales County as a tropical storm during the late evening of August 26th. The center of the storm made a loop through Gonzales, Karnes, and DeWitt Counties before exiting our County Warning Area during the afternoon of August 27th moving into Victoria County. The maximum sustained winds were 46 mph recorded at Austin Bergstrom International Airport and two private weather stations, one near Yorktown and the other near Smiley. The maximum recorded wind gusts were 58 mph at New Braunfels Airport, Randolph AFB, and a private weather station near Smiley. The highest rainfall total was 29.19 inches outside of LaGrange in Fayette County. A number of places in Fayette, Lavaca, and Bastrop Counties received 20 or more inches of rain. In DeWitt County, estimated hurricane force winds knocked down large trees across the county and damaged some buildings and houses. The maximum rainfall recorded in DeWitt County was 22.99 inches near Yoakum with multiple reports of 10-15 inches. This caused widespread flash flooding as well as river flooding on the Guadalupe River. As many as 100 houses were affected by high water in and around Cuero. The Guadalupe River at Cuero crested at 44.36 feet, it's second highest crest on record.","Hurricane Harvey moved onshore as a Category 4 hurricane over San Jose Island east of Rockport during the late evening of August 25th. Harvey moved inland entering southern DeWitt County during the morning of August 26th as a Category 1 hurricane. It continued to weaken as it moved farther inland eventually reaching south central Gonzales County as a tropical storm during the late evening of August 26th. The center of the storm made a loop through Gonzales, Karnes, and DeWitt Counties before exiting our County Warning Area during the afternoon of August 27th moving into Victoria County. The maximum sustained winds were 46 mph recorded at Austin Bergstrom International Airport and two private weather stations, one near Yorktown and the other near Smiley. The maximum recorded wind gusts were 58 mph at New Braunfels Airport, Randolph AFB, and a private weather station near Smiley.  There is a lack of wind reporting stations in DeWitt County but winds are estimated to be over 60 mph with higher gusts near hurricane force. In DeWitt County, estimated hurricane force winds knocked down large trees across the county and damaged some buildings and houses. The maximum rainfall recorded in DeWitt County was 22.99 inches near Yoakum with multiple reports of 10-15 inches. This caused widespread flash flooding as well as river flooding on the Guadalupe River. As many as 100 houses were affected by high water in and around Cuero as well as south of Cuero near Thomaston. The Guadalupe River at Cuero crested at 44.36 feet, it's second highest crest on record.  Several homes in the River Oaks, River Haven RV Park, and Cypress Valley neighborhoods that were not elevated, were significantly flooded. Overall damage values are an estimate as many of the flooded homes do not have flood insurance so overall monetary loss is unknown but an estimate of several million dollars is given based on Emergency Management input.  Several roads and bridges near the Guadalupe river sustained major erosion, with long term fixes adding to the overall damage assessment number.  Damage from wind is estimated to be 100 thousand dollars.",CSV
201708,26,914,201708,27,713,120216,720284,TEXAS,48,2017,August,Tropical Storm,Z,194,LEE,EWX,26-Aug-17 9:14:00,CST-6,27-Aug-17 7:13:00,0,0,0,0,100.00K,0.00K,Official NWS Observations,,,,,,,,,,,,,,,,,,,,,,"Hurricane Harvey moved onshore as a Category 4 hurricane over San Jose Island east of Rockport during the late evening of August 25th. Harvey moved inland entering southern DeWitt County during the morning of August 26th  as a Category 1 hurricane. It continued to weaken as it moved farther inland eventually reaching south central Gonzales County as a tropical storm during the late evening of August 26th. The center of the storm made a loop through Gonzales, Karnes, and DeWitt Counties before exiting our County Warning Area during the afternoon of August 27th moving into Victoria County. The maximum sustained winds were 46 mph recorded at Austin Bergstrom International Airport and at two private weather stations, one near Yorktown and the other near Smiley. The maximum recorded wind gusts were 58 mph at New Braunfels Airport, Randolph AFB, and at a private weather station near Smiley. The highest rainfall total was 29.19 inches outside of LaGrange in Fayette County. A number of places in Fayette, Lavaca, and Bastrop Counties received 20 or more inches of rain. Tropical storm force winds with estimated gusts up to 60 mph caused damage across the region. Trees and branches were knocked down by the winds. Some of these in turn knocked down power lines causing power outages in Bastrop, Comal, Hays, and Guadalupe Counties. At one point, 15,000 customers in Comal County were without power. There was also some minor structural damage in Caldwell, Comal, and Lavaca Counties. Maximum rainfall totals in these counties ranged from 4.67 inches in Bexar to 29.19 in Fayette. Flooding and flash flooding forced 608 people to be evacuated from their homes. Most of these, 400, were in Fayette County.","Hurricane Harvey moved onshore as a Category 4 hurricane over San Jose Island east of Rockport during the late evening of August 25th. Harvey moved inland entering southern DeWitt County during the morning of August 26th  as a Category 1 hurricane. It continued to weaken as it moved farther inland eventually reaching south central Gonzales County as a tropical storm during the late evening of August 26th. The center of the storm made a loop through Gonzales, Karnes, and DeWitt Counties before exiting our County Warning Area during the afternoon of August 27th moving into Victoria County. ||The largest impact across Lee County was the rainfall where as much as 20 inches fell near Giddings.  The southern half of the county experienced the worst flooding with 25 homes being impacted, many of those having experienced major damage.  The tropical storm force winds did bring some trees down across the county.",CSV
201708,26,914,201708,27,713,120216,720275,TEXAS,48,2017,August,Tropical Storm,Z,205,BEXAR,EWX,26-Aug-17 9:14:00,CST-6,27-Aug-17 7:13:00,0,0,0,0,100.00K,0.00K,Official NWS Observations,,,,,,,,,,,,,,,,,,,,,,"Hurricane Harvey moved onshore as a Category 4 hurricane over San Jose Island east of Rockport during the late evening of August 25th. Harvey moved inland entering southern DeWitt County during the morning of August 26th  as a Category 1 hurricane. It continued to weaken as it moved farther inland eventually reaching south central Gonzales County as a tropical storm during the late evening of August 26th. The center of the storm made a loop through Gonzales, Karnes, and DeWitt Counties before exiting our County Warning Area during the afternoon of August 27th moving into Victoria County. The maximum sustained winds were 46 mph recorded at Austin Bergstrom International Airport and at two private weather stations, one near Yorktown and the other near Smiley. The maximum recorded wind gusts were 58 mph at New Braunfels Airport, Randolph AFB, and at a private weather station near Smiley. The highest rainfall total was 29.19 inches outside of LaGrange in Fayette County. A number of places in Fayette, Lavaca, and Bastrop Counties received 20 or more inches of rain. Tropical storm force winds with estimated gusts up to 60 mph caused damage across the region. Trees and branches were knocked down by the winds. Some of these in turn knocked down power lines causing power outages in Bastrop, Comal, Hays, and Guadalupe Counties. At one point, 15,000 customers in Comal County were without power. There was also some minor structural damage in Caldwell, Comal, and Lavaca Counties. Maximum rainfall totals in these counties ranged from 4.67 inches in Bexar to 29.19 in Fayette. Flooding and flash flooding forced 608 people to be evacuated from their homes. Most of these, 400, were in Fayette County.","Hurricane Harvey moved onshore as a Category 4 hurricane over San Jose Island east of Rockport during the late evening of August 25th. Harvey moved inland entering southern DeWitt County during the morning of August 26th  as a Category 1 hurricane. It continued to weaken as it moved farther inland eventually reaching south central Gonzales County as a tropical storm during the late evening of August 26th. The center of the storm made a loop through Gonzales, Karnes, and DeWitt Counties before exiting our County Warning Area during the afternoon of August 27th moving into Victoria County.  The maximum recorded wind gust was 58 mph at Randolph AFB.  Areas of Bexar County received as little as 1 inch of rain in the SW part of the County, to nearly 6 inches in the far NE sections of Bexar County.  A few low water crossings were flooded. Tropical storm force winds with estimated gusts up to 60 mph caused some minor tree damage, uprooted trees, and knocked out power.",CSV
201708,26,914,201708,27,713,120216,720276,TEXAS,48,2017,August,Tropical Storm,Z,208,CALDWELL,EWX,26-Aug-17 9:14:00,CST-6,27-Aug-17 7:13:00,0,0,0,0,0.00K,0.00K,Official NWS Observations,,,,,,,,,,,,,,,,,,,,,,"Hurricane Harvey moved onshore as a Category 4 hurricane over San Jose Island east of Rockport during the late evening of August 25th. Harvey moved inland entering southern DeWitt County during the morning of August 26th  as a Category 1 hurricane. It continued to weaken as it moved farther inland eventually reaching south central Gonzales County as a tropical storm during the late evening of August 26th. The center of the storm made a loop through Gonzales, Karnes, and DeWitt Counties before exiting our County Warning Area during the afternoon of August 27th moving into Victoria County. The maximum sustained winds were 46 mph recorded at Austin Bergstrom International Airport and at two private weather stations, one near Yorktown and the other near Smiley. The maximum recorded wind gusts were 58 mph at New Braunfels Airport, Randolph AFB, and at a private weather station near Smiley. The highest rainfall total was 29.19 inches outside of LaGrange in Fayette County. A number of places in Fayette, Lavaca, and Bastrop Counties received 20 or more inches of rain. Tropical storm force winds with estimated gusts up to 60 mph caused damage across the region. Trees and branches were knocked down by the winds. Some of these in turn knocked down power lines causing power outages in Bastrop, Comal, Hays, and Guadalupe Counties. At one point, 15,000 customers in Comal County were without power. There was also some minor structural damage in Caldwell, Comal, and Lavaca Counties. Maximum rainfall totals in these counties ranged from 4.67 inches in Bexar to 29.19 in Fayette. Flooding and flash flooding forced 608 people to be evacuated from their homes. Most of these, 400, were in Fayette County.","Hurricane Harvey moved onshore as a Category 4 hurricane over San Jose Island east of Rockport during the late evening of August 25th. Harvey moved inland entering southern DeWitt County during the morning of August 26th  as a Category 1 hurricane. It continued to weaken as it moved farther inland eventually reaching south central Gonzales County as a tropical storm during the late evening of August 26th. The center of the storm made a loop through Gonzales, Karnes, and DeWitt Counties before exiting our County Warning Area during the afternoon of August 27th moving into Victoria County. ||Winds gusted to well over 50 mph across Caldwell County bringing some minor damage to trees and buildings.  Minor structural damage was noted. The highest rainfall totals recorded across Caldwell County were between 15-20 inches across mainly north and east sections of the County.  A few people were evacuated downstream of a small dam. ||Heavy rain from Tropical Storm Harvey caused major flooding around the county. At one time, 140 roads were closed the most ever recorded. The emergency manager estimated that 75% of the county's roads were damaged by flooding. The cost of the damage to roads and dams was estimated at $10 million. There were 18 homes destroyed and another 198 damaged by flood water with a total cost of $2.85 million.",CSV
201708,26,914,201708,27,713,120216,720283,TEXAS,48,2017,August,Tropical Storm,Z,225,LAVACA,EWX,26-Aug-17 9:14:00,CST-6,27-Aug-17 7:13:00,0,0,0,0,100.00K,0.00K,Official NWS Observations,,,,,,,,,,,,,,,,,,,,,,"Hurricane Harvey moved onshore as a Category 4 hurricane over San Jose Island east of Rockport during the late evening of August 25th. Harvey moved inland entering southern DeWitt County during the morning of August 26th  as a Category 1 hurricane. It continued to weaken as it moved farther inland eventually reaching south central Gonzales County as a tropical storm during the late evening of August 26th. The center of the storm made a loop through Gonzales, Karnes, and DeWitt Counties before exiting our County Warning Area during the afternoon of August 27th moving into Victoria County. The maximum sustained winds were 46 mph recorded at Austin Bergstrom International Airport and at two private weather stations, one near Yorktown and the other near Smiley. The maximum recorded wind gusts were 58 mph at New Braunfels Airport, Randolph AFB, and at a private weather station near Smiley. The highest rainfall total was 29.19 inches outside of LaGrange in Fayette County. A number of places in Fayette, Lavaca, and Bastrop Counties received 20 or more inches of rain. Tropical storm force winds with estimated gusts up to 60 mph caused damage across the region. Trees and branches were knocked down by the winds. Some of these in turn knocked down power lines causing power outages in Bastrop, Comal, Hays, and Guadalupe Counties. At one point, 15,000 customers in Comal County were without power. There was also some minor structural damage in Caldwell, Comal, and Lavaca Counties. Maximum rainfall totals in these counties ranged from 4.67 inches in Bexar to 29.19 in Fayette. Flooding and flash flooding forced 608 people to be evacuated from their homes. Most of these, 400, were in Fayette County.","Hurricane Harvey moved onshore as a Category 4 hurricane over San Jose Island east of Rockport during the late evening of August 25th. Harvey moved inland entering southern DeWitt County during the morning of August 26th  as a Category 1 hurricane. It continued to weaken as it moved farther inland eventually reaching south central Gonzales County as a tropical storm during the late evening of August 26th. The center of the storm made a loop through Gonzales, Karnes, and DeWitt Counties before exiting our County Warning Area during the afternoon of August 27th moving into Victoria County. ||The area received sustained Tropical Storm force winds with many gusts well over 50 mph.  Several trees were down across the county including some structural damage noted in Yoakum and Shiner.  The Navidad River reached record heights at both Sublime and Speaks.  The high water mainly affected floodplain and no structures were directly impacted.  Some roads were closed due to high water in the river, but also from the high rain totals across the county.  The highest rain total was 20 inches of rain near Shiner.  Other areas to the south likely received 15 to 20  inches based on radar estimates.",CSV
201708,26,914,201708,27,713,120216,798844,TEXAS,48,2017,August,Flood,C,287,LEE,EWX,26-Aug-17 9:14:00,CST-6,27-Aug-17 7:13:00,0,0,0,0,250.00K,0.00K,Emergency Manager,,,Heavy Rain / Tropical System,,,,,,,,,1,SW,FEDOR,3,SW,OLD DIME BOX,30.3153,-97.0564,30.3539,-96.8829,"Hurricane Harvey moved onshore as a Category 4 hurricane over San Jose Island east of Rockport during the late evening of August 25th. Harvey moved inland entering southern DeWitt County during the morning of August 26th  as a Category 1 hurricane. It continued to weaken as it moved farther inland eventually reaching south central Gonzales County as a tropical storm during the late evening of August 26th. The center of the storm made a loop through Gonzales, Karnes, and DeWitt Counties before exiting our County Warning Area during the afternoon of August 27th moving into Victoria County. The maximum sustained winds were 46 mph recorded at Austin Bergstrom International Airport and at two private weather stations, one near Yorktown and the other near Smiley. The maximum recorded wind gusts were 58 mph at New Braunfels Airport, Randolph AFB, and at a private weather station near Smiley. The highest rainfall total was 29.19 inches outside of LaGrange in Fayette County. A number of places in Fayette, Lavaca, and Bastrop Counties received 20 or more inches of rain. Tropical storm force winds with estimated gusts up to 60 mph caused damage across the region. Trees and branches were knocked down by the winds. Some of these in turn knocked down power lines causing power outages in Bastrop, Comal, Hays, and Guadalupe Counties. At one point, 15,000 customers in Comal County were without power. There was also some minor structural damage in Caldwell, Comal, and Lavaca Counties. Maximum rainfall totals in these counties ranged from 4.67 inches in Bexar to 29.19 in Fayette. Flooding and flash flooding forced 608 people to be evacuated from their homes. Most of these, 400, were in Fayette County.","The largest impact across Lee County with Harvey was the rainfall where as much as 20 inches fell near Giddings.  The southern half of the county experienced the worst flooding with 25 homes being impacted, many of those having experienced major damage.  The tropical storm force winds did bring some trees down across the county.  Damage from the flooding is estimated to be near 250K dollars.",CSV
201708,26,914,201708,27,713,120216,720278,TEXAS,48,2017,August,Tropical Storm,Z,209,FAYETTE,EWX,26-Aug-17 9:14:00,CST-6,27-Aug-17 7:13:00,0,0,0,0,0.00K,0.00K,Official NWS Observations,,,,,,,,,,,,,,,,,,,,,,"Hurricane Harvey moved onshore as a Category 4 hurricane over San Jose Island east of Rockport during the late evening of August 25th. Harvey moved inland entering southern DeWitt County during the morning of August 26th  as a Category 1 hurricane. It continued to weaken as it moved farther inland eventually reaching south central Gonzales County as a tropical storm during the late evening of August 26th. The center of the storm made a loop through Gonzales, Karnes, and DeWitt Counties before exiting our County Warning Area during the afternoon of August 27th moving into Victoria County. The maximum sustained winds were 46 mph recorded at Austin Bergstrom International Airport and at two private weather stations, one near Yorktown and the other near Smiley. The maximum recorded wind gusts were 58 mph at New Braunfels Airport, Randolph AFB, and at a private weather station near Smiley. The highest rainfall total was 29.19 inches outside of LaGrange in Fayette County. A number of places in Fayette, Lavaca, and Bastrop Counties received 20 or more inches of rain. Tropical storm force winds with estimated gusts up to 60 mph caused damage across the region. Trees and branches were knocked down by the winds. Some of these in turn knocked down power lines causing power outages in Bastrop, Comal, Hays, and Guadalupe Counties. At one point, 15,000 customers in Comal County were without power. There was also some minor structural damage in Caldwell, Comal, and Lavaca Counties. Maximum rainfall totals in these counties ranged from 4.67 inches in Bexar to 29.19 in Fayette. Flooding and flash flooding forced 608 people to be evacuated from their homes. Most of these, 400, were in Fayette County.","Hurricane Harvey moved onshore as a Category 4 hurricane over San Jose Island east of Rockport during the late evening of August 25th. Harvey moved inland entering southern DeWitt County during the morning of August 26th  as a Category 1 hurricane. It continued to weaken as it moved farther inland eventually reaching south central Gonzales County as a tropical storm during the late evening of August 26th. The center of the storm made a loop through Gonzales, Karnes, and DeWitt Counties before exiting our County Warning Area during the afternoon of August 27th moving into Victoria County. ||Tropical Storm force winds and winds gusts caused minor tree damage.  A few trees were uprooted. The highest rainfall total was 29.19 inches outside of LaGrange in Fayette County. Most locations in Fayette County received 20 or more inches of rain.  Heavy rain and flooding caused the evacuation of about 400 residents as the Colorado River at LaGrange rose to 54.2 feet. This was the third highest crest ever. Much of the city below Waters Street was flooded. Schools in the Fayetteville Independent School District sustained $80,000 damage. There were roughly 400 impacted homes across the county, 200 had substantial flood damage, 150 moderate damage, and 50 minor damage.  About 2 dozen businesses in and near LaGrange sustained major flood damage.  Flooding was mainly along the Colorado River from Bastrop County all the way through Fayette County.  Additional flooding and homes flooded along Buckners Creek in LaGrange and Cummins Creek near Round Top area. 5 to 6 homes flooded near Fayetteville.  Infrastructure loss from roads and bridges across the county is about $500K.  Insured/uninsured losses is unknown but is likely in the tens of millions.",CSV
201708,26,2200,201708,29,2200,119753,720867,TEXAS,48,2017,August,Flash Flood,C,201,HARRIS,HGX,26-Aug-17 22:00:00,CST-6,29-Aug-17 22:00:00,0,0,0,0,0.00K,0.00K,Public,,,Heavy Rain / Tropical System,,,,,,,,,1,NNE,ACRE HOMES,3,SSW,WEBSTER,29.8599,-95.4273,29.4904,-95.1313,"Harvey made landfall as a category 4 hurricane near Rockport, Texas during the evening of August 25th. The storm then weakened to a tropical storm and slowed,  looping back and tracking over SE Texas then back over the Gulf of Mexico making a second landfall along the Louisiana coast during the early morning hours of August 30th. Over that 5 day period over Southeast Texas TS Harvey produced catastrophic flooding with a large area of 30 to 60 inches of rain, 23 tornadoes, tropical storm force winds and a moderate storm surge near Matagorda Bay.  In some of the heavier bands rain fell at a rate of over 5 inches per hour. This copious record amount of rain over a  led to catastrophic flooding. Thousands of homes, businesses, and roads were flooded due to flash flooding and sheet flow from long duration intense rain. Main stem rivers and adjoining tributaries, creeks and bayous reached full capacity and came out of their banks and this also contributed to the massive flooding across southeastern Texas.","There were numerous water rescues within Houston and the surrounding suburbs. Flash flood waters, from sheet flooding and bayous/creeks coming out of banks, completely inundated hundreds to thousands of homes and businesses. Roads and highways in and around Houston were flooded and therefore closed for long time periods.||Catastrophic flooding occurred on nearly every one of the 22 watersheds in Harris County. 10 out of the 19 bayous in the county reached record crests and flooding. There was widespread flooding along Buffalo Bayou and upstream and downstream of both Addicks and Barkers Reservoirs due to record level pool elevations. There was major flooding of hundreds of homes within numerous neighboring subdivisions along the San Jacinto River and the East Fork of the San Jacinto River. Lake Conroe's releases and backwater flow from Lake Houston also contributed to the widespread flooding across the northern and northeastern sectors of the county.",CSV
201708,26,0,201708,30,0,119753,723471,TEXAS,48,2017,August,Tropical Storm,Z,213,HARRIS,HGX,26-Aug-17 0:00:00,CST-6,30-Aug-17 0:00:00,0,0,0,0,0.00K,,Emergency Manager,,,,,,,,,,,,,,,,,,,,,,"Harvey made landfall as a category 4 hurricane near Rockport, Texas during the evening of August 25th. The storm then weakened to a tropical storm and slowed,  looping back and tracking over SE Texas then back over the Gulf of Mexico making a second landfall along the Louisiana coast during the early morning hours of August 30th. Over that 5 day period over Southeast Texas TS Harvey produced catastrophic flooding with a large area of 30 to 60 inches of rain, 23 tornadoes, tropical storm force winds and a moderate storm surge near Matagorda Bay.  In some of the heavier bands rain fell at a rate of over 5 inches per hour. This copious record amount of rain over a  led to catastrophic flooding. Thousands of homes, businesses, and roads were flooded due to flash flooding and sheet flow from long duration intense rain. Main stem rivers and adjoining tributaries, creeks and bayous reached full capacity and came out of their banks and this also contributed to the massive flooding across southeastern Texas.","Harvey made landfall as a category 4 hurricane near Rockport, Texas during the evening of August 25th then slowed and looped back tracking over SE Texas, back over the Gulf of Mexico then made a second landfall along the Louisiana coast during the early morning hours of August 30th. Over that 5 day period over Southeast Texas TS Harvey produced catastrophic flooding with a large area of 30 to 60 inches of rain, 23 tornadoes, tropical storm force winds and a moderate storm surge near Matagorda Bay. Catastrophic flooding occurred along nearly all bayous and rivers in Harris County. 36 fatalities occurred in Harris County alone with an estimated 10 billion dollars in damage.",CSV
201708,26,1945,201708,26,2215,119753,720857,TEXAS,48,2017,August,Flash Flood,C,473,WALLER,HGX,26-Aug-17 19:45:00,CST-6,26-Aug-17 22:15:00,0,0,0,0,0.00K,0.00K,Department of Highways,,,Heavy Rain / Tropical System,,,,,,,,,2,E,PRAIRIE VIEW,3,NNE,WALLER,30.0858,-95.9618,30.0887,-95.9079,"Harvey made landfall as a category 4 hurricane near Rockport, Texas during the evening of August 25th. The storm then weakened to a tropical storm and slowed,  looping back and tracking over SE Texas then back over the Gulf of Mexico making a second landfall along the Louisiana coast during the early morning hours of August 30th. Over that 5 day period over Southeast Texas TS Harvey produced catastrophic flooding with a large area of 30 to 60 inches of rain, 23 tornadoes, tropical storm force winds and a moderate storm surge near Matagorda Bay.  In some of the heavier bands rain fell at a rate of over 5 inches per hour. This copious record amount of rain over a  led to catastrophic flooding. Thousands of homes, businesses, and roads were flooded due to flash flooding and sheet flow from long duration intense rain. Main stem rivers and adjoining tributaries, creeks and bayous reached full capacity and came out of their banks and this also contributed to the massive flooding across southeastern Texas.","Multiple lanes of Highway 290 at the FM 2920 intersection near the town of Waller were closed due to flooding.||In the southern part of the county, sections of FM 3318 near the Brazos River flooded and became inaccessible. There was significant countywide home flooding along the various creeks/bayous and their tributaries.",CSV
201708,26,2145,201708,29,2200,119753,720861,TEXAS,48,2017,August,Flash Flood,C,201,HARRIS,HGX,26-Aug-17 21:45:00,CST-6,29-Aug-17 22:00:00,0,0,36,2,10.00B,100.00K,Emergency Manager,,,Heavy Rain / Tropical System,,,,,,,,,1,E,JOYCE,1,SSW,MINNETEX,29.5688,-95.0139,29.6026,-95.3778,"Harvey made landfall as a category 4 hurricane near Rockport, Texas during the evening of August 25th. The storm then weakened to a tropical storm and slowed,  looping back and tracking over SE Texas then back over the Gulf of Mexico making a second landfall along the Louisiana coast during the early morning hours of August 30th. Over that 5 day period over Southeast Texas TS Harvey produced catastrophic flooding with a large area of 30 to 60 inches of rain, 23 tornadoes, tropical storm force winds and a moderate storm surge near Matagorda Bay.  In some of the heavier bands rain fell at a rate of over 5 inches per hour. This copious record amount of rain over a  led to catastrophic flooding. Thousands of homes, businesses, and roads were flooded due to flash flooding and sheet flow from long duration intense rain. Main stem rivers and adjoining tributaries, creeks and bayous reached full capacity and came out of their banks and this also contributed to the massive flooding across southeastern Texas.","There were numerous water rescues within Houston and the surrounding suburbs. Flood waters completely inundated thousands of homes and businesses. Roads and highways in and around Houston were flooded and therefore closed for long time periods. Catastrophic flooding occurred on nearly every one of the 22 watersheds in Harris County. 10 out of the 19 bayous in the county reached record crests and flooding. There was widespread flooding along Buffalo Bayou and upstream and downstream of both Addicks and Barkers Reservoirs due to record level pool elevations. There was major flooding of hundreds of homes within numerous neighboring subdivisions along the San Jacinto River and the East Fork of the San Jacinto River.|There were numerous water rescues within Houston and the surrounding suburbs. Roads and highways in and around Houston inundated and closed due to flash flooding. ||Some of the reported flooded roads in Pasadena were Vista Street, Shafer Street, Fairmont Drive and Strawberry Road.",CSV
201708,26,1945,201708,26,2200,119753,720856,TEXAS,48,2017,August,Flash Flood,C,157,FORT BEND,HGX,26-Aug-17 19:45:00,CST-6,26-Aug-17 22:00:00,0,0,0,0,0.00K,0.00K,Emergency Manager,,,Heavy Rain / Tropical System,,,,,,,,,7,N,STAFFORD,1,WNW,TRAMMELLS,29.7143,-95.5697,29.5342,-95.5618,"Harvey made landfall as a category 4 hurricane near Rockport, Texas during the evening of August 25th. The storm then weakened to a tropical storm and slowed,  looping back and tracking over SE Texas then back over the Gulf of Mexico making a second landfall along the Louisiana coast during the early morning hours of August 30th. Over that 5 day period over Southeast Texas TS Harvey produced catastrophic flooding with a large area of 30 to 60 inches of rain, 23 tornadoes, tropical storm force winds and a moderate storm surge near Matagorda Bay.  In some of the heavier bands rain fell at a rate of over 5 inches per hour. This copious record amount of rain over a  led to catastrophic flooding. Thousands of homes, businesses, and roads were flooded due to flash flooding and sheet flow from long duration intense rain. Main stem rivers and adjoining tributaries, creeks and bayous reached full capacity and came out of their banks and this also contributed to the massive flooding across southeastern Texas.",Flooding being reported in or within homes in Missouri City with water rescues being conducted off of the Westpark Tollway in the Jeanetta Sharpstown area.,CSV
201708,26,1040,201708,26,1240,119753,728554,TEXAS,48,2017,August,Flash Flood,C,471,WALKER,HGX,26-Aug-17 10:40:00,CST-6,26-Aug-17 12:40:00,0,0,0,0,0.00K,0.00K,Emergency Manager,,,Heavy Rain / Tropical System,,,,,,,,,2,NE,HUNTSVILLE,2,SE,HAWTHORNE,30.7347,-95.5467,30.5077,-95.397,"Harvey made landfall as a category 4 hurricane near Rockport, Texas during the evening of August 25th. The storm then weakened to a tropical storm and slowed,  looping back and tracking over SE Texas then back over the Gulf of Mexico making a second landfall along the Louisiana coast during the early morning hours of August 30th. Over that 5 day period over Southeast Texas TS Harvey produced catastrophic flooding with a large area of 30 to 60 inches of rain, 23 tornadoes, tropical storm force winds and a moderate storm surge near Matagorda Bay.  In some of the heavier bands rain fell at a rate of over 5 inches per hour. This copious record amount of rain over a  led to catastrophic flooding. Thousands of homes, businesses, and roads were flooded due to flash flooding and sheet flow from long duration intense rain. Main stem rivers and adjoining tributaries, creeks and bayous reached full capacity and came out of their banks and this also contributed to the massive flooding across southeastern Texas.","Flash flooding from Huntsville to New Waverly. Road closures include Bowers, Bearkat, Cotton and Podraza Roads.  Also FM 1374.",CSV
201708,26,2230,201708,29,2230,119753,720868,TEXAS,48,2017,August,Flash Flood,C,39,BRAZORIA,HGX,26-Aug-17 22:30:00,CST-6,29-Aug-17 22:30:00,0,0,0,0,0.00K,0.00K,Emergency Manager,,,Heavy Rain / Tropical System,,,,,,,,,6,W,IOWA COLONY,3,N,MANVEL,29.4853,-95.5206,29.5079,-95.3462,"Harvey made landfall as a category 4 hurricane near Rockport, Texas during the evening of August 25th. The storm then weakened to a tropical storm and slowed,  looping back and tracking over SE Texas then back over the Gulf of Mexico making a second landfall along the Louisiana coast during the early morning hours of August 30th. Over that 5 day period over Southeast Texas TS Harvey produced catastrophic flooding with a large area of 30 to 60 inches of rain, 23 tornadoes, tropical storm force winds and a moderate storm surge near Matagorda Bay.  In some of the heavier bands rain fell at a rate of over 5 inches per hour. This copious record amount of rain over a  led to catastrophic flooding. Thousands of homes, businesses, and roads were flooded due to flash flooding and sheet flow from long duration intense rain. Main stem rivers and adjoining tributaries, creeks and bayous reached full capacity and came out of their banks and this also contributed to the massive flooding across southeastern Texas.","There were numerous water rescues within the county; from Pearland down to the Angleton-Lake Jackson area. Flash flood waters, from sheet flooding and bayous/creeks coming out of banks, completely inundated hundreds to thousands of homes and businesses. Roads and highways in and along the Highway 288 corridor were flooded and therefore closed for long time periods.||Major record flooding of the Brazos, San Bernard and Oyster Creek caused the flooding of hundreds to thousands of vicinity homes, vehicles and businesses.  Numerous Roads and homes were inundated with flood waters on east side of Oyster Creek including the  Columbia Lakes, Mallard Lakes, Great Lakes, Riverside Estates and Bar X subdivisions as well as homes along CR 39. Other county roads that became impassable due to high flood waters include, but are not limited to, FM 1462, Highways 35 and 90, FM 950, CR 25, 380A, CR 42 and FM 521. The Phillips refinery outside of the town of Sweeny took on water from the west near Little Linville Bayou. Hanson Riverside County Park along the San Bernard River southwest of West Columbia was inundated and water over-topped the Phillips Terminal.",CSV
201708,26,1230,201708,30,1600,119746,719489,TEXAS,48,2017,August,Flash Flood,C,361,ORANGE,LCH,26-Aug-17 12:30:00,CST-6,30-Aug-17 16:00:00,0,0,10,0,1.50B,0.00K,Emergency Manager,,,Heavy Rain / Tropical System,,,,,,,,,18,SSW,BRIDGE CITY,39,SSW,ROSE CITY,29.7758,-93.9372,29.6046,-94.363,"Harvey moved across the Gulf of Mexico into the central Texas Coast during the last week of August. After the initial landfall, the cyclone moved back into the gulf a couple days later and then made another landfall in Southwest Louisiana during the morning of the 30th. The first rains from the system moved across the region during the afternoon of the 25th and finally ended during the morning of September 1. One to 5 feet of rain fell across Southeast Texas during the week which in some cases was slightly more than a normal yearly rainfall total. Widespread flooding occurred and a new rainfall record was set regarding the total for a tropical cyclone in the United States.","Widespread 30 to 50 inches of rainfall fell across Orange County during Harvey. This resulted in 27,742 homes being flooded. The hardest hit areas were Orange, Vidor, Orangefield, Pine Forest, West Orange, Rose City, Mauriceville, Rose City, and Lake View. Record crests occurred on the lower Neches and Cow Bayou. The Sabine River was at its highest level since Hurricane Ike in 2008. Water covered and closed portions of Interstate 10 in the county. Only 1 home was reported not flooded in Rose City and the community's drinking water was interrupted for near a month. 10 people perished during the event with 2 of them being from electrocution in a flooded home.",CSV
201708,27,1300,201708,28,315,119753,721087,TEXAS,48,2017,August,Flash Flood,C,407,SAN JACINTO,HGX,27-Aug-17 13:00:00,CST-6,28-Aug-17 3:15:00,0,0,0,0,0.00K,0.00K,Emergency Manager,,,Heavy Rain / Tropical System,,,,,,,,,3,S,SHEPHERD,2,WNW,CAMILLA,30.4561,-95.018,30.6144,-95.1045,"Harvey made landfall as a category 4 hurricane near Rockport, Texas during the evening of August 25th. The storm then weakened to a tropical storm and slowed,  looping back and tracking over SE Texas then back over the Gulf of Mexico making a second landfall along the Louisiana coast during the early morning hours of August 30th. Over that 5 day period over Southeast Texas TS Harvey produced catastrophic flooding with a large area of 30 to 60 inches of rain, 23 tornadoes, tropical storm force winds and a moderate storm surge near Matagorda Bay.  In some of the heavier bands rain fell at a rate of over 5 inches per hour. This copious record amount of rain over a  led to catastrophic flooding. Thousands of homes, businesses, and roads were flooded due to flash flooding and sheet flow from long duration intense rain. Main stem rivers and adjoining tributaries, creeks and bayous reached full capacity and came out of their banks and this also contributed to the massive flooding across southeastern Texas.",There was a report of high water closing Marie Street in Shepherd with numerous reports of other flooded roadways around the county.||Many roads and homes along the southern end of Lake Livingston were inundated. FM 3278 was inaccessible due to the inundation of flood waters. Major lowland flooding occurred on the Trinity River near Goodrich. Hundreds to thousands of homes received various levels of damage from flooding; from minor to being completely destroyed.,CSV
201708,27,2015,201708,27,2015,119565,717435,TEXAS,48,2017,August,Thunderstorm Wind,C,111,DALLAM,AMA,27-Aug-17 20:15:00,CST-6,27-Aug-17 20:15:00,0,0,0,0,0.00K,0.00K,Trained Spotter,61,EG,,,,,,,,,,5,E,DALHART,5,E,DALHART,36.06,-102.44,36.06,-102.44,"The environment for the storms that transpired on the 27th were in a high CAPE, low shear environment. A large upper level anti-cyclonic flow across the inter-mountain west. The main linear complex moving SE through Kansas earlier in the day on the east side of the large anti-cyclone along a cold front was the main lift axis for storm development. However, residual outflow from convection moving southwest from thew main complex in KS moved toward our region ahead of the front into an environment with good mid level lapse rates and good SBCAPE resulted in left moving convection through parts of the central and western Panhandles into the late evening hours. Convection that regenerated in SW Kansas eventually formed a bowed segment and severe wind gusts were reported. The line segments eventually became disorganized as the event went further into the evening moving further SW into the SW TX Panhandle.",A few tree limbs 9 to 16 inches in diameter were blown down.,CSV
201708,27,2027,201708,27,2027,119565,717436,TEXAS,48,2017,August,Thunderstorm Wind,C,205,HARTLEY,AMA,27-Aug-17 20:27:00,CST-6,27-Aug-17 20:27:00,0,0,0,0,0.00K,0.00K,ASOS,55,MG,,,,,,,,,,1,N,(DHT)DALHART MUNI AR,1,N,(DHT)DALHART MUNI AR,36.03,-102.55,36.03,-102.55,"The environment for the storms that transpired on the 27th were in a high CAPE, low shear environment. A large upper level anti-cyclonic flow across the inter-mountain west. The main linear complex moving SE through Kansas earlier in the day on the east side of the large anti-cyclone along a cold front was the main lift axis for storm development. However, residual outflow from convection moving southwest from thew main complex in KS moved toward our region ahead of the front into an environment with good mid level lapse rates and good SBCAPE resulted in left moving convection through parts of the central and western Panhandles into the late evening hours. Convection that regenerated in SW Kansas eventually formed a bowed segment and severe wind gusts were reported. The line segments eventually became disorganized as the event went further into the evening moving further SW into the SW TX Panhandle.",,CSV
201708,27,2046,201708,27,2046,119565,717438,TEXAS,48,2017,August,Thunderstorm Wind,C,341,MOORE,AMA,27-Aug-17 20:46:00,CST-6,27-Aug-17 20:46:00,0,0,0,0,0.00K,0.00K,Broadcast Media,54,MG,,,,,,,,,,10,SW,DUMAS MUNI ARPT,10,SW,DUMAS MUNI ARPT,35.75,-102.14,35.75,-102.14,"The environment for the storms that transpired on the 27th were in a high CAPE, low shear environment. A large upper level anti-cyclonic flow across the inter-mountain west. The main linear complex moving SE through Kansas earlier in the day on the east side of the large anti-cyclone along a cold front was the main lift axis for storm development. However, residual outflow from convection moving southwest from thew main complex in KS moved toward our region ahead of the front into an environment with good mid level lapse rates and good SBCAPE resulted in left moving convection through parts of the central and western Panhandles into the late evening hours. Convection that regenerated in SW Kansas eventually formed a bowed segment and severe wind gusts were reported. The line segments eventually became disorganized as the event went further into the evening moving further SW into the SW TX Panhandle.",,CSV
201708,27,2110,201708,27,2110,119565,717439,TEXAS,48,2017,August,Thunderstorm Wind,C,359,OLDHAM,AMA,27-Aug-17 21:10:00,CST-6,27-Aug-17 21:10:00,0,0,0,0,0.00K,0.00K,Mesonet,51,MG,,,,,,,,,,1,W,BOYS RANCH,1,W,BOYS RANCH,35.53,-102.27,35.53,-102.27,"The environment for the storms that transpired on the 27th were in a high CAPE, low shear environment. A large upper level anti-cyclonic flow across the inter-mountain west. The main linear complex moving SE through Kansas earlier in the day on the east side of the large anti-cyclone along a cold front was the main lift axis for storm development. However, residual outflow from convection moving southwest from thew main complex in KS moved toward our region ahead of the front into an environment with good mid level lapse rates and good SBCAPE resulted in left moving convection through parts of the central and western Panhandles into the late evening hours. Convection that regenerated in SW Kansas eventually formed a bowed segment and severe wind gusts were reported. The line segments eventually became disorganized as the event went further into the evening moving further SW into the SW TX Panhandle.",,CSV
201708,27,40,201708,30,0,119753,720878,TEXAS,48,2017,August,Flash Flood,C,167,GALVESTON,HGX,27-Aug-17 0:40:00,CST-6,30-Aug-17 0:00:00,0,0,0,0,0.00K,0.00K,Public,,,Heavy Rain / Tropical System,,,,,,,,,2,NNW,LEAGUE CITY S S ARPT,4,SSE,LEAGUE CITY S S ARPT,29.5039,-95.1382,29.4347,-95.0995,"Harvey made landfall as a category 4 hurricane near Rockport, Texas during the evening of August 25th. The storm then weakened to a tropical storm and slowed,  looping back and tracking over SE Texas then back over the Gulf of Mexico making a second landfall along the Louisiana coast during the early morning hours of August 30th. Over that 5 day period over Southeast Texas TS Harvey produced catastrophic flooding with a large area of 30 to 60 inches of rain, 23 tornadoes, tropical storm force winds and a moderate storm surge near Matagorda Bay.  In some of the heavier bands rain fell at a rate of over 5 inches per hour. This copious record amount of rain over a  led to catastrophic flooding. Thousands of homes, businesses, and roads were flooded due to flash flooding and sheet flow from long duration intense rain. Main stem rivers and adjoining tributaries, creeks and bayous reached full capacity and came out of their banks and this also contributed to the massive flooding across southeastern Texas.","There were numerous water rescues within League City and Dickinson. Flash flood waters, from sheet flooding and bayous/creeks coming out of banks, completely inundated hundreds to thousands of homes and businesses. Roads and highways such as but not limited to Calder and Walker Streets, Highway 96, FM 518, FM 517, sections of Highway 3 and FM 646 in and around  League City and Dickinson were flooded and therefore closed for long time periods.||Approximately 7,000 homes and 125 businesses were impacted by flood waters across the county. Clear Creek measured record levels that lead to the widespread flooding throughout Friendswood and League City. Major flooding occurred along the Dickinson Bayou; from Cemetery Road to east of Highway 3 along FM 517. Flood waters inundated sections of Interstate 45, Bay Area Boulevard, FM 528, FM 518 and numerous primary and secondary county roads.",CSV
201708,27,400,201708,27,930,119753,721081,TEXAS,48,2017,August,Flash Flood,C,167,GALVESTON,HGX,27-Aug-17 4:00:00,CST-6,27-Aug-17 9:30:00,0,0,0,0,0.00K,0.00K,Public,,,Heavy Rain / Tropical System,,,,,,,,,9,NW,LEAGUE CITY S S ARPT,8,NW,ALGOA,29.561,-95.2535,29.4916,-95.2855,"Harvey made landfall as a category 4 hurricane near Rockport, Texas during the evening of August 25th. The storm then weakened to a tropical storm and slowed,  looping back and tracking over SE Texas then back over the Gulf of Mexico making a second landfall along the Louisiana coast during the early morning hours of August 30th. Over that 5 day period over Southeast Texas TS Harvey produced catastrophic flooding with a large area of 30 to 60 inches of rain, 23 tornadoes, tropical storm force winds and a moderate storm surge near Matagorda Bay.  In some of the heavier bands rain fell at a rate of over 5 inches per hour. This copious record amount of rain over a  led to catastrophic flooding. Thousands of homes, businesses, and roads were flooded due to flash flooding and sheet flow from long duration intense rain. Main stem rivers and adjoining tributaries, creeks and bayous reached full capacity and came out of their banks and this also contributed to the massive flooding across southeastern Texas.","Numerous flooded homes, businesses and vehicles around Friendswood from run off sheet flooding and from Mary's Creek and Clear Creek coming out of banks.||Approximately 7,000 homes and 125 businesses were impacted by flood waters across the county. Clear Creek measured record levels that lead to the widespread flooding throughout Friendswood and League City. Major flooding occurred along the Dickinson Bayou; from Cemetery Road to east of Highway 3 along FM 517. Flood waters inundated sections of Interstate 45, Bay Area Boulevard, FM 528, FM 518 and numerous primary and secondary county roads.",CSV
201708,27,145,201708,27,630,119753,720880,TEXAS,48,2017,August,Flash Flood,C,481,WHARTON,HGX,27-Aug-17 1:45:00,CST-6,27-Aug-17 6:30:00,0,0,0,0,0.00K,0.00K,Department of Highways,,,Heavy Rain / Tropical System,,,,,,,,,4,NE,LISSIE,1,WSW,EL CAMPO ARPT,29.5915,-96.1949,29.2651,-96.3364,"Harvey made landfall as a category 4 hurricane near Rockport, Texas during the evening of August 25th. The storm then weakened to a tropical storm and slowed,  looping back and tracking over SE Texas then back over the Gulf of Mexico making a second landfall along the Louisiana coast during the early morning hours of August 30th. Over that 5 day period over Southeast Texas TS Harvey produced catastrophic flooding with a large area of 30 to 60 inches of rain, 23 tornadoes, tropical storm force winds and a moderate storm surge near Matagorda Bay.  In some of the heavier bands rain fell at a rate of over 5 inches per hour. This copious record amount of rain over a  led to catastrophic flooding. Thousands of homes, businesses, and roads were flooded due to flash flooding and sheet flow from long duration intense rain. Main stem rivers and adjoining tributaries, creeks and bayous reached full capacity and came out of their banks and this also contributed to the massive flooding across southeastern Texas.","Sections of FM 1164 near Highway 90 were closed due to inundating flood waters.||There widespread catastrophic flooding from both the Colorado and San Bernard Rivers. Highway 59 was closed due to the flooding of the Colorado River between Hungerford and El Campo. Major flooding occurred along the Colorado River in the town of Wharton with homes, businesses and vehicles being inundated along the River Reach, Hobben Oaks, Bear Bottom, Elm Grove, River Valley and Pecan Valley subdivisions. County wide flooding of roads include, but are not limited to, Sunset Street, Elm Street, FM 102, North Alabama Road, US 59, CR 135, CR 150, CR 166, CR 133, CR 153, CR 102, CR 232, CR 244, CR 228, CR 137, FM 249 and FM 640. There was significant home flooding in the towns of Glenflora, Peach Acres and Orchard. The San Bernard River flooding caused sections of roads Highway 90A, FM 2919, FM 442, CR 151, CR 1096 and CR 1010 to go under water.",CSV
201708,27,300,201708,27,530,119753,720885,TEXAS,48,2017,August,Flash Flood,C,185,GRIMES,HGX,27-Aug-17 3:00:00,CST-6,27-Aug-17 5:30:00,0,0,0,0,0.00K,0.00K,Department of Highways,,,Heavy Rain / Tropical System,,,,,,,,,3,SE,TODD MISSION,6,ESE,TODD MISSION,30.2342,-95.7932,30.2333,-95.739,"Harvey made landfall as a category 4 hurricane near Rockport, Texas during the evening of August 25th. The storm then weakened to a tropical storm and slowed,  looping back and tracking over SE Texas then back over the Gulf of Mexico making a second landfall along the Louisiana coast during the early morning hours of August 30th. Over that 5 day period over Southeast Texas TS Harvey produced catastrophic flooding with a large area of 30 to 60 inches of rain, 23 tornadoes, tropical storm force winds and a moderate storm surge near Matagorda Bay.  In some of the heavier bands rain fell at a rate of over 5 inches per hour. This copious record amount of rain over a  led to catastrophic flooding. Thousands of homes, businesses, and roads were flooded due to flash flooding and sheet flow from long duration intense rain. Main stem rivers and adjoining tributaries, creeks and bayous reached full capacity and came out of their banks and this also contributed to the massive flooding across southeastern Texas.",Flash flooding caused road closures around Magnolia. Roads FM 1784 and FM 1486 were inundated with flood waters and closed.,CSV
201708,27,345,201708,27,1100,119753,721080,TEXAS,48,2017,August,Flash Flood,C,471,WALKER,HGX,27-Aug-17 3:45:00,CST-6,27-Aug-17 11:00:00,0,0,0,0,0.00K,0.00K,Department of Highways,,,Heavy Rain / Tropical System,,,,,,,,,7,E,HAWTHORNE,6,S,LOMA,30.5162,-95.3078,30.5333,-95.7713,"Harvey made landfall as a category 4 hurricane near Rockport, Texas during the evening of August 25th. The storm then weakened to a tropical storm and slowed,  looping back and tracking over SE Texas then back over the Gulf of Mexico making a second landfall along the Louisiana coast during the early morning hours of August 30th. Over that 5 day period over Southeast Texas TS Harvey produced catastrophic flooding with a large area of 30 to 60 inches of rain, 23 tornadoes, tropical storm force winds and a moderate storm surge near Matagorda Bay.  In some of the heavier bands rain fell at a rate of over 5 inches per hour. This copious record amount of rain over a  led to catastrophic flooding. Thousands of homes, businesses, and roads were flooded due to flash flooding and sheet flow from long duration intense rain. Main stem rivers and adjoining tributaries, creeks and bayous reached full capacity and came out of their banks and this also contributed to the massive flooding across southeastern Texas.","Portions of FM 1791 southwest of Huntsville and FM 1375 west of New Waverly were closed due to flood waters inundating the roadway.||Moderate flooding occurred along the Trinity River. Roads in the Deep River Plantation and Green Rich Shores subdivisions along Highway 980 and FM 3478, with the lowest homes in the Green Rich Shores subdivision, flooded. There was major lowland flooding along Bedias Creek that caused some roads to become inaccessible.",CSV
201708,27,1000,201708,28,1000,119753,721084,TEXAS,48,2017,August,Flash Flood,C,201,HARRIS,HGX,27-Aug-17 10:00:00,CST-6,28-Aug-17 10:00:00,0,0,0,0,0.00K,0.00K,Broadcast Media,,,Heavy Rain / Tropical System,,,,,,,,,2,ESE,WHITE OAK ACRES,1,W,HOUSTON HGTS,29.8067,-95.4204,29.7525,-95.4228,"Harvey made landfall as a category 4 hurricane near Rockport, Texas during the evening of August 25th. The storm then weakened to a tropical storm and slowed,  looping back and tracking over SE Texas then back over the Gulf of Mexico making a second landfall along the Louisiana coast during the early morning hours of August 30th. Over that 5 day period over Southeast Texas TS Harvey produced catastrophic flooding with a large area of 30 to 60 inches of rain, 23 tornadoes, tropical storm force winds and a moderate storm surge near Matagorda Bay.  In some of the heavier bands rain fell at a rate of over 5 inches per hour. This copious record amount of rain over a  led to catastrophic flooding. Thousands of homes, businesses, and roads were flooded due to flash flooding and sheet flow from long duration intense rain. Main stem rivers and adjoining tributaries, creeks and bayous reached full capacity and came out of their banks and this also contributed to the massive flooding across southeastern Texas.","The local media reported over 2,000 high water rescues within the warned area.||Catastrophic flooding occurred on nearly every one of the 22 watersheds in Harris County. 10 out of the 19 bayous in the county reached record crests and flooding. There was widespread flooding along Buffalo Bayou and upstream and downstream of both Addicks and Barkers Reservoirs due to record level pool elevations. There was major flooding of hundreds of homes within numerous neighboring subdivisions along the San Jacinto River and the East Fork of the San Jacinto River. Lake Conroe's releases and backwater flow from Lake Houston also contributed to the widespread flooding across the northern and northeastern sectors of the county.",CSV
201708,27,345,201708,27,1100,119753,721082,TEXAS,48,2017,August,Flash Flood,C,71,CHAMBERS,HGX,27-Aug-17 3:45:00,CST-6,27-Aug-17 11:00:00,0,0,0,0,0.00K,0.00K,Social Media,,,Heavy Rain / Tropical System,,,,,,,,,6,NNW,BEACH CITY,3,SSW,EMINENCE,29.7388,-94.9528,29.7955,-94.7145,"Harvey made landfall as a category 4 hurricane near Rockport, Texas during the evening of August 25th. The storm then weakened to a tropical storm and slowed,  looping back and tracking over SE Texas then back over the Gulf of Mexico making a second landfall along the Louisiana coast during the early morning hours of August 30th. Over that 5 day period over Southeast Texas TS Harvey produced catastrophic flooding with a large area of 30 to 60 inches of rain, 23 tornadoes, tropical storm force winds and a moderate storm surge near Matagorda Bay.  In some of the heavier bands rain fell at a rate of over 5 inches per hour. This copious record amount of rain over a  led to catastrophic flooding. Thousands of homes, businesses, and roads were flooded due to flash flooding and sheet flow from long duration intense rain. Main stem rivers and adjoining tributaries, creeks and bayous reached full capacity and came out of their banks and this also contributed to the massive flooding across southeastern Texas.","Sections of I-10, FM 565 at I-10 and SH 146 at Cherry Point Drive were all flooded and therefore closed across the county.||Major lowland flooding occurred along the Trinity River. Extensive flooding was observed in the Milam Bend subdivision (Baytown) along Cedar Bayou.",CSV
201708,27,345,201708,27,1100,119753,721083,TEXAS,48,2017,August,Flash Flood,C,291,LIBERTY,HGX,27-Aug-17 3:45:00,CST-6,27-Aug-17 11:00:00,0,0,0,0,0.00K,0.00K,Social Media,,,Heavy Rain / Tropical System,,,,,,,,,6,WNW,COTTONWOOD,7,N,RYE STATION,29.9409,-94.6115,30.5482,-94.7543,"Harvey made landfall as a category 4 hurricane near Rockport, Texas during the evening of August 25th. The storm then weakened to a tropical storm and slowed,  looping back and tracking over SE Texas then back over the Gulf of Mexico making a second landfall along the Louisiana coast during the early morning hours of August 30th. Over that 5 day period over Southeast Texas TS Harvey produced catastrophic flooding with a large area of 30 to 60 inches of rain, 23 tornadoes, tropical storm force winds and a moderate storm surge near Matagorda Bay.  In some of the heavier bands rain fell at a rate of over 5 inches per hour. This copious record amount of rain over a  led to catastrophic flooding. Thousands of homes, businesses, and roads were flooded due to flash flooding and sheet flow from long duration intense rain. Main stem rivers and adjoining tributaries, creeks and bayous reached full capacity and came out of their banks and this also contributed to the massive flooding across southeastern Texas.","Roadways SH 321 at US 90, the exit ramp at FM 1010 from the SH 105 and US 59 southbound were closed due to flooding.||There was record level, major flooding along the Trinity River with numerous flooded roads near the river including FM 787. Many homes were flooded north of the town of Liberty. Major flooding was also observed on the east fork of the San Jacinto River that caused significant flooding in Cleveland, Williams and Plum Grove. Numerous homes and businesses along the Highway 59 feeder roads, various roads in the town of Liberty, Wallace Road off of Highway 146, FM 1725, FM 2090, CR 388, CR 381, CR 3880, CR 332, CR 3664, CR 361, CR 3610, CR 3611, CR 3661, CR 349, CR 3612 and CR 3600 were flooded.",CSV
201708,27,1245,201708,28,15,119753,721085,TEXAS,48,2017,August,Flash Flood,C,201,HARRIS,HGX,27-Aug-17 12:45:00,CST-6,28-Aug-17 0:15:00,0,0,0,0,0.00K,0.00K,Public,,,Heavy Rain / Tropical System,,,,,,,,,9,WNW,TOMBALL,4,N,SPRING,30.1431,-95.7622,30.131,-95.4135,"Harvey made landfall as a category 4 hurricane near Rockport, Texas during the evening of August 25th. The storm then weakened to a tropical storm and slowed,  looping back and tracking over SE Texas then back over the Gulf of Mexico making a second landfall along the Louisiana coast during the early morning hours of August 30th. Over that 5 day period over Southeast Texas TS Harvey produced catastrophic flooding with a large area of 30 to 60 inches of rain, 23 tornadoes, tropical storm force winds and a moderate storm surge near Matagorda Bay.  In some of the heavier bands rain fell at a rate of over 5 inches per hour. This copious record amount of rain over a  led to catastrophic flooding. Thousands of homes, businesses, and roads were flooded due to flash flooding and sheet flow from long duration intense rain. Main stem rivers and adjoining tributaries, creeks and bayous reached full capacity and came out of their banks and this also contributed to the massive flooding across southeastern Texas.","There were numerous reports of flooded homes, businesses and vehicles from Tomball to Spring in northern Harris County. Streets in and around Butera Road southwest of Stagecoach were impassable due to flooding.||Catastrophic flooding occurred on nearly every one of the 22 watersheds in Harris County. 10 out of the 19 bayous in the county reached record crests and flooding. There was widespread flooding along Buffalo Bayou and upstream and downstream of both Addicks and Barkers Reservoirs due to record level pool elevations. There was major flooding of hundreds of homes within numerous neighboring subdivisions along the San Jacinto River and the East Fork of the San Jacinto River. Lake Conroe's releases and backwater flow from Lake Houston also contributed to the widespread flooding across the northern and northeastern sectors of the county.",CSV
201708,27,1300,201708,28,315,119753,721089,TEXAS,48,2017,August,Flash Flood,C,71,CHAMBERS,HGX,27-Aug-17 13:00:00,CST-6,28-Aug-17 3:15:00,0,0,0,0,0.00K,0.00K,Department of Highways,,,Heavy Rain / Tropical System,,,,,,,,,2,SSW,MONT BELVIEU,2,ESE,MONT BELVIEU,29.8285,-94.8889,29.8371,-94.8477,"Harvey made landfall as a category 4 hurricane near Rockport, Texas during the evening of August 25th. The storm then weakened to a tropical storm and slowed,  looping back and tracking over SE Texas then back over the Gulf of Mexico making a second landfall along the Louisiana coast during the early morning hours of August 30th. Over that 5 day period over Southeast Texas TS Harvey produced catastrophic flooding with a large area of 30 to 60 inches of rain, 23 tornadoes, tropical storm force winds and a moderate storm surge near Matagorda Bay.  In some of the heavier bands rain fell at a rate of over 5 inches per hour. This copious record amount of rain over a  led to catastrophic flooding. Thousands of homes, businesses, and roads were flooded due to flash flooding and sheet flow from long duration intense rain. Main stem rivers and adjoining tributaries, creeks and bayous reached full capacity and came out of their banks and this also contributed to the massive flooding across southeastern Texas.",Sections of Highway 99 the Grand Parkway were inundated with flood waters.,CSV
201708,27,1345,201708,28,15,119753,721090,TEXAS,48,2017,August,Flash Flood,C,477,WASHINGTON,HGX,27-Aug-17 13:45:00,CST-6,28-Aug-17 0:15:00,0,0,0,0,0.00K,0.00K,Department of Highways,,,Heavy Rain / Tropical System,,,,,,,,,9,NW,BURTON,3,WNW,BURTON,30.2739,-96.7161,30.2034,-96.6495,"Harvey made landfall as a category 4 hurricane near Rockport, Texas during the evening of August 25th. The storm then weakened to a tropical storm and slowed,  looping back and tracking over SE Texas then back over the Gulf of Mexico making a second landfall along the Louisiana coast during the early morning hours of August 30th. Over that 5 day period over Southeast Texas TS Harvey produced catastrophic flooding with a large area of 30 to 60 inches of rain, 23 tornadoes, tropical storm force winds and a moderate storm surge near Matagorda Bay.  In some of the heavier bands rain fell at a rate of over 5 inches per hour. This copious record amount of rain over a  led to catastrophic flooding. Thousands of homes, businesses, and roads were flooded due to flash flooding and sheet flow from long duration intense rain. Main stem rivers and adjoining tributaries, creeks and bayous reached full capacity and came out of their banks and this also contributed to the massive flooding across southeastern Texas.",Sections of FM 2780 south of Lake Somerville and the town of Union Hill were closed due to flooding.,CSV
201708,27,2245,201708,28,615,119753,721091,TEXAS,48,2017,August,Flash Flood,C,201,HARRIS,HGX,27-Aug-17 22:45:00,CST-6,28-Aug-17 6:15:00,0,0,0,0,0.00K,0.00K,Local Official,,,Heavy Rain / Tropical System,,,,,,,,,2,NW,WESTFIELD,1,WSW,WESTFIELD,30.0375,-95.4187,30.0161,-95.4226,"Harvey made landfall as a category 4 hurricane near Rockport, Texas during the evening of August 25th. The storm then weakened to a tropical storm and slowed,  looping back and tracking over SE Texas then back over the Gulf of Mexico making a second landfall along the Louisiana coast during the early morning hours of August 30th. Over that 5 day period over Southeast Texas TS Harvey produced catastrophic flooding with a large area of 30 to 60 inches of rain, 23 tornadoes, tropical storm force winds and a moderate storm surge near Matagorda Bay.  In some of the heavier bands rain fell at a rate of over 5 inches per hour. This copious record amount of rain over a  led to catastrophic flooding. Thousands of homes, businesses, and roads were flooded due to flash flooding and sheet flow from long duration intense rain. Main stem rivers and adjoining tributaries, creeks and bayous reached full capacity and came out of their banks and this also contributed to the massive flooding across southeastern Texas.",Flooding was occurring at and around the FM 1960 and I-45 intersection as Cypress Creek topped banks.||Catastrophic flooding occurred on nearly every one of the 22 watersheds in Harris County. 10 out of the 19 bayous in the county reached record crests and flooding. There was widespread flooding along Buffalo Bayou and upstream and downstream of both Addicks and Barkers Reservoirs due to record level pool elevations. There was major flooding of hundreds of homes within numerous neighboring subdivisions along the San Jacinto River and the East Fork of the San Jacinto River. Lake Conroe's releases and backwater flow from Lake Houston also contributed to the widespread flooding across the northern and northeastern sectors of the county.,CSV
201708,27,10,201708,27,345,120216,720415,TEXAS,48,2017,August,Flash Flood,C,21,BASTROP,EWX,27-Aug-17 0:10:00,CST-6,27-Aug-17 3:45:00,0,0,0,0,0.00K,0.00K,Emergency Manager,,,Heavy Rain / Tropical System,,,,,,,,,1,E,SMITHVILLE,1,NNE,SMITHVILLE,30,-97.15,30.0085,-97.1676,"Hurricane Harvey moved onshore as a Category 4 hurricane over San Jose Island east of Rockport during the late evening of August 25th. Harvey moved inland entering southern DeWitt County during the morning of August 26th  as a Category 1 hurricane. It continued to weaken as it moved farther inland eventually reaching south central Gonzales County as a tropical storm during the late evening of August 26th. The center of the storm made a loop through Gonzales, Karnes, and DeWitt Counties before exiting our County Warning Area during the afternoon of August 27th moving into Victoria County. The maximum sustained winds were 46 mph recorded at Austin Bergstrom International Airport and at two private weather stations, one near Yorktown and the other near Smiley. The maximum recorded wind gusts were 58 mph at New Braunfels Airport, Randolph AFB, and at a private weather station near Smiley. The highest rainfall total was 29.19 inches outside of LaGrange in Fayette County. A number of places in Fayette, Lavaca, and Bastrop Counties received 20 or more inches of rain. Tropical storm force winds with estimated gusts up to 60 mph caused damage across the region. Trees and branches were knocked down by the winds. Some of these in turn knocked down power lines causing power outages in Bastrop, Comal, Hays, and Guadalupe Counties. At one point, 15,000 customers in Comal County were without power. There was also some minor structural damage in Caldwell, Comal, and Lavaca Counties. Maximum rainfall totals in these counties ranged from 4.67 inches in Bexar to 29.19 in Fayette. Flooding and flash flooding forced 608 people to be evacuated from their homes. Most of these, 400, were in Fayette County.",Heavy rain from Tropical Storm Harvey produced flash flooding leading to a swift water rescue in Smithville.,CSV
201708,27,303,201708,27,307,119753,720709,TEXAS,48,2017,August,Tornado,C,167,GALVESTON,HGX,27-Aug-17 3:03:00,CST-6,27-Aug-17 3:07:00,0,0,0,0,200.00K,0.00K,Emergency Manager,,,,,EF0,0.73,30,,,,,2,SSE,KEMAH,1,ESE,KEMAH,29.5106,-95.0057,29.52,-95,"Harvey made landfall as a category 4 hurricane near Rockport, Texas during the evening of August 25th. The storm then weakened to a tropical storm and slowed,  looping back and tracking over SE Texas then back over the Gulf of Mexico making a second landfall along the Louisiana coast during the early morning hours of August 30th. Over that 5 day period over Southeast Texas TS Harvey produced catastrophic flooding with a large area of 30 to 60 inches of rain, 23 tornadoes, tropical storm force winds and a moderate storm surge near Matagorda Bay.  In some of the heavier bands rain fell at a rate of over 5 inches per hour. This copious record amount of rain over a  led to catastrophic flooding. Thousands of homes, businesses, and roads were flooded due to flash flooding and sheet flow from long duration intense rain. Main stem rivers and adjoining tributaries, creeks and bayous reached full capacity and came out of their banks and this also contributed to the massive flooding across southeastern Texas.","Trees down, minor roof damage in Bacliff. Fences down.",CSV
201708,27,43,201708,27,47,119753,720707,TEXAS,48,2017,August,Tornado,C,481,WHARTON,HGX,27-Aug-17 0:43:00,CST-6,27-Aug-17 0:47:00,0,0,0,0,300.00K,0.00K,NWS Storm Survey,,,,,EF1,2.27,50,,,,,1,ESE,EAST BERNARD,1,NNW,EAST BERNARD,29.5246,-96.0669,29.548,-96.0934,"Harvey made landfall as a category 4 hurricane near Rockport, Texas during the evening of August 25th. The storm then weakened to a tropical storm and slowed,  looping back and tracking over SE Texas then back over the Gulf of Mexico making a second landfall along the Louisiana coast during the early morning hours of August 30th. Over that 5 day period over Southeast Texas TS Harvey produced catastrophic flooding with a large area of 30 to 60 inches of rain, 23 tornadoes, tropical storm force winds and a moderate storm surge near Matagorda Bay.  In some of the heavier bands rain fell at a rate of over 5 inches per hour. This copious record amount of rain over a  led to catastrophic flooding. Thousands of homes, businesses, and roads were flooded due to flash flooding and sheet flow from long duration intense rain. Main stem rivers and adjoining tributaries, creeks and bayous reached full capacity and came out of their banks and this also contributed to the massive flooding across southeastern Texas.",Tornado began as a weak EF0 in East Bernard then tracked NW across SH 90 where it strengthened to EF1 snapping the trunks of several large mature oak and pecan trees. A house suffered significant brick facade damage to one side of the home. Four apartments were damaged on college street.,CSV
201708,27,30,201708,27,300,119753,720876,TEXAS,48,2017,August,Flash Flood,C,185,GRIMES,HGX,27-Aug-17 0:30:00,CST-6,27-Aug-17 3:00:00,0,0,0,0,0.00K,0.00K,Department of Highways,,,Heavy Rain / Tropical System,,,,,,,,,1,WNW,NAVASOTA,2,NE,NAVASOTA,30.3855,-96.0897,30.3964,-96.0593,"Harvey made landfall as a category 4 hurricane near Rockport, Texas during the evening of August 25th. The storm then weakened to a tropical storm and slowed,  looping back and tracking over SE Texas then back over the Gulf of Mexico making a second landfall along the Louisiana coast during the early morning hours of August 30th. Over that 5 day period over Southeast Texas TS Harvey produced catastrophic flooding with a large area of 30 to 60 inches of rain, 23 tornadoes, tropical storm force winds and a moderate storm surge near Matagorda Bay.  In some of the heavier bands rain fell at a rate of over 5 inches per hour. This copious record amount of rain over a  led to catastrophic flooding. Thousands of homes, businesses, and roads were flooded due to flash flooding and sheet flow from long duration intense rain. Main stem rivers and adjoining tributaries, creeks and bayous reached full capacity and came out of their banks and this also contributed to the massive flooding across southeastern Texas.",Flooding inundated roadways in Navasota. Road 515 at Highway 105 was covered with flood waters and impassable.,CSV
201708,27,1513,201708,28,1500,119753,728933,TEXAS,48,2017,August,Flash Flood,C,339,MONTGOMERY,HGX,27-Aug-17 15:13:00,CST-6,28-Aug-17 15:00:00,0,0,0,0,0.00K,0.00K,Department of Highways,,,Heavy Rain / Tropical System,,,,,,,,,4,NNW,MONTGOMERY,4,N,MONTGOMERY,30.4357,-95.7023,30.4373,-95.6909,"Harvey made landfall as a category 4 hurricane near Rockport, Texas during the evening of August 25th. The storm then weakened to a tropical storm and slowed,  looping back and tracking over SE Texas then back over the Gulf of Mexico making a second landfall along the Louisiana coast during the early morning hours of August 30th. Over that 5 day period over Southeast Texas TS Harvey produced catastrophic flooding with a large area of 30 to 60 inches of rain, 23 tornadoes, tropical storm force winds and a moderate storm surge near Matagorda Bay.  In some of the heavier bands rain fell at a rate of over 5 inches per hour. This copious record amount of rain over a  led to catastrophic flooding. Thousands of homes, businesses, and roads were flooded due to flash flooding and sheet flow from long duration intense rain. Main stem rivers and adjoining tributaries, creeks and bayous reached full capacity and came out of their banks and this also contributed to the massive flooding across southeastern Texas.","Road closed due to flooding, FM 149 north of Montgomery.",CSV
201708,27,200,201708,27,515,119753,720882,TEXAS,48,2017,August,Flash Flood,C,321,MATAGORDA,HGX,27-Aug-17 2:00:00,CST-6,27-Aug-17 5:15:00,0,0,0,0,0.00K,0.00K,Department of Highways,,,Heavy Rain / Tropical System,,,,,,,,,2,SW,PLEDGER,2,SSW,PLEDGER,29.193,-95.9209,29.1976,-95.906,"Harvey made landfall as a category 4 hurricane near Rockport, Texas during the evening of August 25th. The storm then weakened to a tropical storm and slowed,  looping back and tracking over SE Texas then back over the Gulf of Mexico making a second landfall along the Louisiana coast during the early morning hours of August 30th. Over that 5 day period over Southeast Texas TS Harvey produced catastrophic flooding with a large area of 30 to 60 inches of rain, 23 tornadoes, tropical storm force winds and a moderate storm surge near Matagorda Bay.  In some of the heavier bands rain fell at a rate of over 5 inches per hour. This copious record amount of rain over a  led to catastrophic flooding. Thousands of homes, businesses, and roads were flooded due to flash flooding and sheet flow from long duration intense rain. Main stem rivers and adjoining tributaries, creeks and bayous reached full capacity and came out of their banks and this also contributed to the massive flooding across southeastern Texas.",High rainfall lead to the flash flooding and eventual closure of FM 1301 at FM 1728 in Pledger.,CSV
201708,27,639,201708,28,445,120216,720447,TEXAS,48,2017,August,Flash Flood,C,55,CALDWELL,EWX,27-Aug-17 6:39:00,CST-6,28-Aug-17 4:45:00,0,0,0,0,0.00K,0.00K,Emergency Manager,,,Heavy Rain / Tropical System,,,,,,,,,3,ENE,LULING,2,E,LULING,29.6896,-97.6015,29.6848,-97.6125,"Hurricane Harvey moved onshore as a Category 4 hurricane over San Jose Island east of Rockport during the late evening of August 25th. Harvey moved inland entering southern DeWitt County during the morning of August 26th  as a Category 1 hurricane. It continued to weaken as it moved farther inland eventually reaching south central Gonzales County as a tropical storm during the late evening of August 26th. The center of the storm made a loop through Gonzales, Karnes, and DeWitt Counties before exiting our County Warning Area during the afternoon of August 27th moving into Victoria County. The maximum sustained winds were 46 mph recorded at Austin Bergstrom International Airport and at two private weather stations, one near Yorktown and the other near Smiley. The maximum recorded wind gusts were 58 mph at New Braunfels Airport, Randolph AFB, and at a private weather station near Smiley. The highest rainfall total was 29.19 inches outside of LaGrange in Fayette County. A number of places in Fayette, Lavaca, and Bastrop Counties received 20 or more inches of rain. Tropical storm force winds with estimated gusts up to 60 mph caused damage across the region. Trees and branches were knocked down by the winds. Some of these in turn knocked down power lines causing power outages in Bastrop, Comal, Hays, and Guadalupe Counties. At one point, 15,000 customers in Comal County were without power. There was also some minor structural damage in Caldwell, Comal, and Lavaca Counties. Maximum rainfall totals in these counties ranged from 4.67 inches in Bexar to 29.19 in Fayette. Flooding and flash flooding forced 608 people to be evacuated from their homes. Most of these, 400, were in Fayette County.",Heavy rain from Tropical Storm Harvey produced flash flooding leading to a water rescue on FM 1322 outside of Luling.,CSV
201708,27,13,201708,27,345,120216,720416,TEXAS,48,2017,August,Flash Flood,C,21,BASTROP,EWX,27-Aug-17 0:13:00,CST-6,27-Aug-17 3:45:00,0,0,0,0,0.00K,0.00K,Emergency Manager,,,Heavy Rain / Tropical System,,,,,,,,,1,S,SMITHVILLE MUNI ARPT,2,SE,SMITHVILLE MUNI ARPT,30.02,-97.17,30.0162,-97.1494,"Hurricane Harvey moved onshore as a Category 4 hurricane over San Jose Island east of Rockport during the late evening of August 25th. Harvey moved inland entering southern DeWitt County during the morning of August 26th  as a Category 1 hurricane. It continued to weaken as it moved farther inland eventually reaching south central Gonzales County as a tropical storm during the late evening of August 26th. The center of the storm made a loop through Gonzales, Karnes, and DeWitt Counties before exiting our County Warning Area during the afternoon of August 27th moving into Victoria County. The maximum sustained winds were 46 mph recorded at Austin Bergstrom International Airport and at two private weather stations, one near Yorktown and the other near Smiley. The maximum recorded wind gusts were 58 mph at New Braunfels Airport, Randolph AFB, and at a private weather station near Smiley. The highest rainfall total was 29.19 inches outside of LaGrange in Fayette County. A number of places in Fayette, Lavaca, and Bastrop Counties received 20 or more inches of rain. Tropical storm force winds with estimated gusts up to 60 mph caused damage across the region. Trees and branches were knocked down by the winds. Some of these in turn knocked down power lines causing power outages in Bastrop, Comal, Hays, and Guadalupe Counties. At one point, 15,000 customers in Comal County were without power. There was also some minor structural damage in Caldwell, Comal, and Lavaca Counties. Maximum rainfall totals in these counties ranged from 4.67 inches in Bexar to 29.19 in Fayette. Flooding and flash flooding forced 608 people to be evacuated from their homes. Most of these, 400, were in Fayette County.",Heavy rain from Tropical Storm Harvey produced flash flooding leading to a swift water rescue and several residences being surrounded by flood water in Smithville.,CSV
201708,27,1400,201708,29,100,120216,798845,TEXAS,48,2017,August,Flood,C,21,BASTROP,EWX,27-Aug-17 14:00:00,CST-6,29-Aug-17 1:00:00,0,0,0,0,1.50M,0.00K,Emergency Manager,,,Heavy Rain / Tropical System,,,,,,,,,4,W,BASTROP,1,NE,PHELAN,30.1218,-97.3816,30.1829,-97.3162,"Hurricane Harvey moved onshore as a Category 4 hurricane over San Jose Island east of Rockport during the late evening of August 25th. Harvey moved inland entering southern DeWitt County during the morning of August 26th  as a Category 1 hurricane. It continued to weaken as it moved farther inland eventually reaching south central Gonzales County as a tropical storm during the late evening of August 26th. The center of the storm made a loop through Gonzales, Karnes, and DeWitt Counties before exiting our County Warning Area during the afternoon of August 27th moving into Victoria County. The maximum sustained winds were 46 mph recorded at Austin Bergstrom International Airport and at two private weather stations, one near Yorktown and the other near Smiley. The maximum recorded wind gusts were 58 mph at New Braunfels Airport, Randolph AFB, and at a private weather station near Smiley. The highest rainfall total was 29.19 inches outside of LaGrange in Fayette County. A number of places in Fayette, Lavaca, and Bastrop Counties received 20 or more inches of rain. Tropical storm force winds with estimated gusts up to 60 mph caused damage across the region. Trees and branches were knocked down by the winds. Some of these in turn knocked down power lines causing power outages in Bastrop, Comal, Hays, and Guadalupe Counties. At one point, 15,000 customers in Comal County were without power. There was also some minor structural damage in Caldwell, Comal, and Lavaca Counties. Maximum rainfall totals in these counties ranged from 4.67 inches in Bexar to 29.19 in Fayette. Flooding and flash flooding forced 608 people to be evacuated from their homes. Most of these, 400, were in Fayette County.","A number of places in Fayette, Lavaca, and Bastrop Counties received 20 or more inches of rain. Tropical storm force winds with estimated gusts up to 60 mph caused damage across the region. Trees and branches were knocked down by the winds. Some of these in turn knocked down power lines causing power outages. 100 People were evacuated in Bastrop County.  Rainfall over the far western side of Bastrop County was about 12 inches, while the Smithville area had a 7 day rain total of nearly 24 inches.  The Colorado River at Smithville crested near 32 feet on August 28, flooding about 60 homes in the Smithville area.  There were about 150 low water crossings underwater and many roads were damaged.  Overall estimates to damage in the county are about 1.5 million dollars, about a million of that coming from damage to roads and bridges.",CSV
201708,27,312,201708,27,445,120216,720420,TEXAS,48,2017,August,Flash Flood,C,149,FAYETTE,EWX,27-Aug-17 3:12:00,CST-6,27-Aug-17 4:45:00,0,0,0,0,0.00K,0.00K,Emergency Manager,,,Heavy Rain / Tropical System,,,,,,,,,3,SSW,NECHANITZ,2,SE,WINCHESTER,29.9872,-96.8349,30.0014,-96.9997,"Hurricane Harvey moved onshore as a Category 4 hurricane over San Jose Island east of Rockport during the late evening of August 25th. Harvey moved inland entering southern DeWitt County during the morning of August 26th  as a Category 1 hurricane. It continued to weaken as it moved farther inland eventually reaching south central Gonzales County as a tropical storm during the late evening of August 26th. The center of the storm made a loop through Gonzales, Karnes, and DeWitt Counties before exiting our County Warning Area during the afternoon of August 27th moving into Victoria County. The maximum sustained winds were 46 mph recorded at Austin Bergstrom International Airport and at two private weather stations, one near Yorktown and the other near Smiley. The maximum recorded wind gusts were 58 mph at New Braunfels Airport, Randolph AFB, and at a private weather station near Smiley. The highest rainfall total was 29.19 inches outside of LaGrange in Fayette County. A number of places in Fayette, Lavaca, and Bastrop Counties received 20 or more inches of rain. Tropical storm force winds with estimated gusts up to 60 mph caused damage across the region. Trees and branches were knocked down by the winds. Some of these in turn knocked down power lines causing power outages in Bastrop, Comal, Hays, and Guadalupe Counties. At one point, 15,000 customers in Comal County were without power. There was also some minor structural damage in Caldwell, Comal, and Lavaca Counties. Maximum rainfall totals in these counties ranged from 4.67 inches in Bexar to 29.19 in Fayette. Flooding and flash flooding forced 608 people to be evacuated from their homes. Most of these, 400, were in Fayette County.",Heavy rain from Tropical Storm Harvey produced flash flooding closing numerous roads around the county.,CSV
201708,27,2302,201708,28,445,120216,720450,TEXAS,48,2017,August,Flash Flood,C,177,GONZALES,EWX,27-Aug-17 23:02:00,CST-6,28-Aug-17 4:45:00,0,0,0,0,0.00K,0.00K,County Official,,,Heavy Rain / Tropical System,,,,,,,,,5,E,WAELDER,5,E,WAELDER,29.7054,-97.2245,29.6872,-97.2184,"Hurricane Harvey moved onshore as a Category 4 hurricane over San Jose Island east of Rockport during the late evening of August 25th. Harvey moved inland entering southern DeWitt County during the morning of August 26th  as a Category 1 hurricane. It continued to weaken as it moved farther inland eventually reaching south central Gonzales County as a tropical storm during the late evening of August 26th. The center of the storm made a loop through Gonzales, Karnes, and DeWitt Counties before exiting our County Warning Area during the afternoon of August 27th moving into Victoria County. The maximum sustained winds were 46 mph recorded at Austin Bergstrom International Airport and at two private weather stations, one near Yorktown and the other near Smiley. The maximum recorded wind gusts were 58 mph at New Braunfels Airport, Randolph AFB, and at a private weather station near Smiley. The highest rainfall total was 29.19 inches outside of LaGrange in Fayette County. A number of places in Fayette, Lavaca, and Bastrop Counties received 20 or more inches of rain. Tropical storm force winds with estimated gusts up to 60 mph caused damage across the region. Trees and branches were knocked down by the winds. Some of these in turn knocked down power lines causing power outages in Bastrop, Comal, Hays, and Guadalupe Counties. At one point, 15,000 customers in Comal County were without power. There was also some minor structural damage in Caldwell, Comal, and Lavaca Counties. Maximum rainfall totals in these counties ranged from 4.67 inches in Bexar to 29.19 in Fayette. Flooding and flash flooding forced 608 people to be evacuated from their homes. Most of these, 400, were in Fayette County.",Heavy rain from Tropical Storm Harvey produced flash flooding closing I-10 at mile marker 655.,CSV
201708,27,1114,201708,28,445,120216,720448,TEXAS,48,2017,August,Flash Flood,C,55,CALDWELL,EWX,27-Aug-17 11:14:00,CST-6,28-Aug-17 4:45:00,0,0,0,0,0.00K,0.00K,Emergency Manager,,,Heavy Rain / Tropical System,,,,,,,,,3,S,UHLAND,3,S,NIEDERWALD,29.93,-97.78,29.9312,-97.7553,"Hurricane Harvey moved onshore as a Category 4 hurricane over San Jose Island east of Rockport during the late evening of August 25th. Harvey moved inland entering southern DeWitt County during the morning of August 26th  as a Category 1 hurricane. It continued to weaken as it moved farther inland eventually reaching south central Gonzales County as a tropical storm during the late evening of August 26th. The center of the storm made a loop through Gonzales, Karnes, and DeWitt Counties before exiting our County Warning Area during the afternoon of August 27th moving into Victoria County. The maximum sustained winds were 46 mph recorded at Austin Bergstrom International Airport and at two private weather stations, one near Yorktown and the other near Smiley. The maximum recorded wind gusts were 58 mph at New Braunfels Airport, Randolph AFB, and at a private weather station near Smiley. The highest rainfall total was 29.19 inches outside of LaGrange in Fayette County. A number of places in Fayette, Lavaca, and Bastrop Counties received 20 or more inches of rain. Tropical storm force winds with estimated gusts up to 60 mph caused damage across the region. Trees and branches were knocked down by the winds. Some of these in turn knocked down power lines causing power outages in Bastrop, Comal, Hays, and Guadalupe Counties. At one point, 15,000 customers in Comal County were without power. There was also some minor structural damage in Caldwell, Comal, and Lavaca Counties. Maximum rainfall totals in these counties ranged from 4.67 inches in Bexar to 29.19 in Fayette. Flooding and flash flooding forced 608 people to be evacuated from their homes. Most of these, 400, were in Fayette County.",Heavy rain from Tropical Storm Harvey produced flash flooding leading to a swift water rescue near Misty Ln. at FM 2720 near Uhland.,CSV
201708,27,1300,201708,30,100,120216,798846,TEXAS,48,2017,August,Flood,C,149,FAYETTE,EWX,27-Aug-17 13:00:00,CST-6,30-Aug-17 1:00:00,0,0,0,0,50.00M,0.00K,Emergency Manager,,,Heavy Rain / Tropical System,,,,,,,,,1,SSW,RABBS PRAIRIE,4,NNE,WARRENTON,29.9599,-96.9075,30.0706,-96.7008,"Hurricane Harvey moved onshore as a Category 4 hurricane over San Jose Island east of Rockport during the late evening of August 25th. Harvey moved inland entering southern DeWitt County during the morning of August 26th  as a Category 1 hurricane. It continued to weaken as it moved farther inland eventually reaching south central Gonzales County as a tropical storm during the late evening of August 26th. The center of the storm made a loop through Gonzales, Karnes, and DeWitt Counties before exiting our County Warning Area during the afternoon of August 27th moving into Victoria County. The maximum sustained winds were 46 mph recorded at Austin Bergstrom International Airport and at two private weather stations, one near Yorktown and the other near Smiley. The maximum recorded wind gusts were 58 mph at New Braunfels Airport, Randolph AFB, and at a private weather station near Smiley. The highest rainfall total was 29.19 inches outside of LaGrange in Fayette County. A number of places in Fayette, Lavaca, and Bastrop Counties received 20 or more inches of rain. Tropical storm force winds with estimated gusts up to 60 mph caused damage across the region. Trees and branches were knocked down by the winds. Some of these in turn knocked down power lines causing power outages in Bastrop, Comal, Hays, and Guadalupe Counties. At one point, 15,000 customers in Comal County were without power. There was also some minor structural damage in Caldwell, Comal, and Lavaca Counties. Maximum rainfall totals in these counties ranged from 4.67 inches in Bexar to 29.19 in Fayette. Flooding and flash flooding forced 608 people to be evacuated from their homes. Most of these, 400, were in Fayette County.","Tropical Storm force winds and winds gusts caused minor tree damage.  A few trees were uprooted. The highest rainfall total was 29.19 inches outside of LaGrange in Fayette County. Most locations in Fayette County received 20 or more inches of rain.  Heavy rain and flooding caused the evacuation of about 400 residents as the Colorado River at LaGrange rose to 54.2 feet. This was the third highest crest ever. Much of the city below Waters Street was flooded. Schools in the Fayetteville Independent School District sustained $80,000 damage. There were roughly 400 impacted homes across the county, 200 had substantial flood damage, 150 moderate damage, and 50 minor damage.  About 2 dozen businesses in and near LaGrange sustained major flood damage.  Flooding was mainly along the Colorado River from Bastrop County all the way through Fayette County.  Additional flooding and homes flooded along Buckners Creek in LaGrange and Cummins Creek near Round Top area. 5 to 6 homes flooded near Fayetteville.  Infrastructure loss from roads and bridges across the county is about $500K.  Insured/uninsured losses is unknown but is likely in the tens of millions.",CSV
201708,27,1800,201708,31,2359,119859,721360,TEXAS,48,2017,August,Flood,C,469,VICTORIA,CRP,27-Aug-17 18:00:00,CST-6,31-Aug-17 23:59:00,0,0,0,0,20.00M,0.00K,Newspaper,,,Heavy Rain / Tropical System,,,,,,,,,3,N,MISSION VLY,3,N,MC FADDIN,28.9435,-97.1988,28.5968,-97.0093,"Major Hurricane Harvey impacted the Middle Texas coast on August 25th and 26th. Harvey was the first category 4 hurricane to strike Texas since Hurricane Carla in 1961. Harvey severely affected the cities of Rockport, Fulton, Port Aransas, Aransas Pass, Ingleside, Holiday Beach, and Refugio. Minor to moderate damage occurred in cities of Portland, Corpus Christi, Seadrift, Woodsboro, Port Lavaca, Goliad, and Victoria.||Harvey weakened to a tropical wave as the system moved across the Caribbean Sea and the Yucatan peninsula from August 18th until the 22nd. Harvey formed into a tropical depression over the southern Gulf of Mexico on the morning of August 23rd. Harvey rapidly intensified from a tropical depression to a major hurricane in 40 hours as it moved northwest toward the Texas coast. Harvey continued to intensify as it approached the Middle Texas coast on August 25th and made landfall as a Category 4 hurricane during the evening hours. Harvey was the first major hurricane to make landfall on the Middle Texas coast since Hurricane Celia in August of 1970. ||Hurricane Harvey slowed down after landfall and weakened into a tropical storm on the afternoon of the 26th. Tropical Storm Harvey became nearly stationary west of Cuero from the evening of the 26th through the morning of the 27th. Harvey drifted southeastward across the Victoria Crossroads on the afternoon of the 27th. Harvey then moved into Matagorda Bay during the morning hours of the 28th and back into northwest Gulf of Mexico later that afternoon. Tropical storm conditions persisted near the northern portion of the Middle Texas coast into the early morning hours of the 29th.||Hurricane Harvey moved inland in Aransas County on San Jose Island around 830 PM CDT August 25th. Harvey had a minimum central pressure of 938 millibars and produced a maximum storm surge of 12.5 feet. Maximum sustained winds were estimated at 130 mph (115 knots) with gusts to 160 mph (140 knots).  In South Texas, the maximum recorded rainfall from Hurricane Harvey was 17.08 inches 4 miles northwest of Victoria. Radar estimates were close to 20 inches over eastern portions of Refugio County. The height of the storm tide, referenced to mean higher high water, ranged from 3 to 5 feet on northern Padre Island and around Port O'Connor to a maximum of 12.5 feet in northeast Aransas County in the Aransas National Wildlife Refuge near San Antonio Bay. Storm tide levels in the interior bays were generally from 5 to 8 feet with higher amounts near 10 feet on the south end of Copano Bay, the north end of Aransas Bay, and the north end of Lavaca Bay. ||There were no direct fatalities from Hurricane Harvey on the Middle Texas Coast. There were 2 indirect fatalities in Rockport and 1 near Bloomington. All of the associated affects from Hurricane Harvey in South Texas from August 25th to August 27th resulted in 14 injuries, $4.5 billion in property damage, and around $65 million in crop damage. Specifically in South Texas, Harvey's inland flooding resulted in $5 million in property damage. One tornado near Seadrift resulted in $10 thousand in property damage. The powerful winds resulted in 14 injuries, $4 billion in property damage, and $65 million in crop damage. The storm tide resulted in $530 million in property damage and a number of drowned livestock. Damage estimates to public property and infrastructure was $130 million in South Texas.||Hurricane Harvey blew down or damaged around 550 power transmission structures. American Electric Power (AEP) repaired or replaced around 5000 distribution poles that were blown down or damaged by Harvey. Almost four million total feet of transmission and distribution conductor were replaced, approximately 712 miles. Power was restored to around 200,000 customers within 2 weeks.||In Aransas County, widespread major damage occurred across the county with a few areas having catastrophic damage. Catastrophic damage was located across Copano Village, Holiday Beach, and Lamar with many homes, some elevated, with second stories completely collapsed. Nearly every structure was greatly impacted. A couple of brick homes were destroyed near Copano Village. Catastrophic damage occurred to homes in the Copano Ridge area. Nearly all the trees in the Holiday Beach, Lamar, and Goose Island State Park area were without leaves with many trees snapped or uprooted. Most of Rockport and Fulton experienced widespread major structural damage. Several homes in the Key Allegro subdivision collapsed. Exterior walls collapsed on the high school gymnasium, on several churches, and on several new hotels. Upper floors of several apartment buildings were removed. Mobile homes and recreational vehicles were demolished. Billboard signs were blown down. Numerous power poles were blown down or snapped. Six hangars were demolished at the Aransas County Airport along with many airplanes. The county remained without power for 2 to 3 weeks. A mesonet wind sensor at Aransas County Airport recorded sustained winds around 110 mph with a peak gust to 150 mph. Nearly 1500 homes were destroyed, almost 3800 homes suffered major damage, and 5350 homes suffered minor damage. There were 175 businesses with major damage. Storm surge greatly impacted Holiday Beach and Copano Village. The surge punched holes through walls and garage doors on the lower portions of most homes. The surge floated vehicles, recreational vehicles, and boats well inland. The surge approached and flowed across Egery Island Road and Farm to Market 136 in several locations south of Bayside in extreme western Aransas County. Numerous cattle were killed north of Holiday Beach. A large portion of Rattlesnake Point Road was eroded and washed away heading out to Redfish Lodge on Copano Bay. The pier south of the lodge was completely washed away. Storm surge of 4 to 5 feet was common across the county. The maximum storm surge of 12.5 feet occurred in the Aransas National Wildlife Refuge. There were 356 homes that received major damage from storm surge and there were 1126 homes that received minor damage from storm surge. There were 1200 homes that were affected by storm surge. From NOAA photos, there were 14 cuts formed on the southern end of San Jose Island.||In Nueces County, the most significant damage was in Port Aransas where widespread major damage occurred. There were 4170 homes that received major damage and 1036 homes destroyed. Most homes suffered major roof damage while some homes lost roofs and walls collapsed. There were 457 businesses with major damage and slightly more than 1100 homes with minor damage. Mobile homes and recreational vehicles were demolished. Numerous power poles were blown down or snapped. The roofs were damaged at the elementary, middle, and high schools for Port Aransas leading to water damage in the interior. In Corpus Christi, widespread minor property damage was common due to lost shingles and fences down. Some residences and businesses experienced moderate damage mainly across the northern part of the city. Taller buildings downtown suffered more significant damage and lost signs. A few highway signs were blown down. Minor roof damage was common to residences and business in North Padre Island with some areas with moderate damage. Peak wind gusts measured were around 130 mph in Port Aransas. Storm tides were from 6 to 8 feet in Port Aransas as the storm surge entered from the west from Corpus Christi and Redfish Bays. Numerous boats were damaged or destroyed and pushed out of their moorings onto high ground. A large drill boat broke loose, destroyed a pier, and became grounded along the jetty. Two tugs broke loose near the Gulf Intracoastal Waterway with one becoming grounded and the other sinking. Two ferries were damaged when they were pinned against the loading dock. The storm surge inundated Highway 361 along a 10 miles stretch from near the Mustang Island State Park to Port Aransas with the water several feet deep. A few boats became moored near Packery Channel. The Arnold Palmer designed golf course at Palmilla Beach south of Port Aransas was inundated by storm surge with water covering most of the course. Storm tide of 4 to 6 feet impacted residences and businesses in Padre Island from the Laguna Madre. Storm surge caused major damage to 520 homes and minor damage to 1327 homes. Storm surge affected an additional 2200 homes. The Port of Corpus Christi was shutdown for a record 6 days. Port Aransas Independent School District lost 8 buses due to damage from salt water.||In Calhoun County, minor to moderate property damage was common across the city of Port Lavaca with large areas of siding removed from a few well constructed homes. The tops of grain bins in Port Lavaca were peeled off. Numerous trees were blown down in the community of Seadrift. Many homes experienced minor to moderate roof and property damage. Some poorly constructed homes experienced major roof damage. In Port O'Connor, numerous trees were blown down with three quarters of the community experiencing minor roof damage. A few power poles were blown down. Minor to moderate roof damage occurred at Magnolia Beach, Alamo Beach, and Indianola. Over 2100 homes and 72 businesses received major damage while 421 homes were destroyed. There were 1865 homes with minor damage and 1575 homes affected. There was significant damage to the cotton crop in the county. Hundreds of acres unharvested cotton were ruined in the fields. Harvested cotton in modules and bales were damaged by the wind or blown into water filled ditches. The highest wind speed measured was 82 mph with gusts to 110 mph northwest of Seadrift. Storm tides averaged from 6 to 8 feet across Calhoun County with maximum tide levels around 10 feet recorded on the north end of Lavaca Bay while lower tides from 3 to 5 feet occurred from Port O'Connor to southeast of Seadrift next to Espiritu Santo Bay. In Port Lavaca, water from Chocolate Bay inundated the public boat ramp near Buren Road. The lower half of Buren Road was inundated. The entire marina along Lavaca Bay was strongly impacted with 16 boats declared a total loss with many of them sinking in the marina. Several boats were grounded next to the marina. The Bayfront Peninsula Park was inundated. Areas east of Broadway street were inundated with water reaching across Highway 35 in the area near Lighthouse Beach. Piers at Lighthouse Beach Park and Bayfront Peninsula Park were destroyed. Nearly the entire marina in Seadrift was inundated from storm surge with several boats grounded on the marina parking lot. Most of the wooden docks at the marina and a few wooden piers were destroyed. The storm surge reached Bay Avenue almost reaching the beachfront pavilion. Storm surge entered homes near the Bay Avenue and Orange Street intersection. In Magnolia Beach and Indianola, storm surge flooded nearly all of Magnolia Public Beach and crossed North Ocean Drive in a few spots. A few areas of South Ocean Drive near Indianola were inundated. Several older wooden docks and piers were destroyed. In Port O'Connor, storm surge from Matagorda Bay reached half of the way up Kingfisher Beach toward Park Street. The storm surge caused major damage to 56 homes, minor damage to 322 homes, and affected 446 homes across the county. A thousand foot cut was made through Matagorda Island.||In San Patricio County, the worst damage was confined to the eastern half of the county. Almost 8700 homes were affected by the hurricane. There were 155 homes destroyed, 425 homes with major damage, and slightly more than 3300 homes with minor damage. There were 72 businesses with major damage. The hardest hit areas were Aransas Pass and Ingleside where major damage occurred. Widespread roof damage and tree damage occurred in this area. Numerous large power poles were blown down across the eastern half of the county. The water tower in Aransas Pass was destroyed. Roof damage led to extensive interior damage to the Care Regional Medical Center in Aransas Pass. Power outage was widespread with some areas without power for over a week. There was widespread minor roof damage and fences blown down in Portland along with a few trees blown down. Minor roof damage occurred in Taft and a car wash was destroyed. A couple of grain silos at the Midway Gin near Taft were toppled over. Crop damage to cotton stored in modules occurred in the eastern part of the county. The peak wind recorded was in Aransas Pass with sustained wind speed of 100 mph with gusts to 135 mph at Conn Brown Harbor. Survey from the United States Geologic Survey (USGS) indicated a storm tide of around 4 feet impacted the area from Ingleside On-the-Bay to Aransas Pass. Numerous wooden piers and docks were damaged or destroyed. A couple of boats were damaged in the Conn Brown Harbor in Aransas Pass. Major flooding was experienced in the low part of Aransas Pass adjacent to the levee. One home suffered major damage from storm surge while 40 homes had minor damage. Around 540 homes were affected by storm surge.||In Refugio County, widespread moderate structural damage with pockets of major structural damage occurred in Refugio. Most homes and businesses had roof damage, broken windows, and damaged garage doors. Two motels received significant damage to their roofs. Gas station canopies and many signs were destroyed. A few brick structures experienced moderate damage. Numerous trees and power poles were blown down. Roof damage occurred to several churches, every school building in the district except for the athletic facility. The school gymnasiums and auditorium lost portion of their roofs. Several trailer homes and storage buildings were destroyed. There was widespread tree damage with a few very large trees completely uprooted. Widespread moderate structural damage occurred in Bayside, Austwell, and Tivoli. Numerous trees and power poles were blown down including some high tension power poles. In Woodsboro, widespread minor to moderate damage occurred with a few poorly constructed homes with major damage. The elementary gymnasium and auditorium roofs were blown off. Numerous trees and a few power poles were blown down. The Bayside Richardson Coop Gin near Woodsboro sustained major damage and 30 thousand bales of cotton in storage modules were damaged. A sensor deployed by Texas Tech measured sustained winds of 106 mph with gusts to 125 mph just west of Mission Bay before the sensor was hit by debris. Another sensor showed wind speed of 102 mph with gusts to 129 mph north of the intersection of Highway 35 and Farm to Market Road 774 in eastern Refugio County. Around 440 homes were destroyed, around 1050 homes experienced major damage, and 66 businesses suffered major damage. Around 750 homes had minor damage with another 310 homes affected. Storm tide varied across the bay areas of the county. The higher storm tides affected the northeast part of the county as the storm surge pushed in from San Antonio Bay. Storm surge reached 10 feet east of Tivoli near the mouth of the Guadalupe River. Storm tides were lower on the west side of Copano Bay with storm surge only reaching 3 to 4 feet. Water covered Farm to Market Road 136 near the Copano Bay Bridge. Only 2 homes were affected by storm surge in the county.||In Goliad County, widespread minor roof damage occurred in the city of Goliad. Numerous trees and a few power poles were blown down across the county. The roof of the old high school gymnasium was peeled off. A hole was punched in the roof of the new wing of the school. Some class rooms along with the weight room and dressing room suffered water damage. Three families were displaced from homes when roofs and walls collapsed. There was some minor structural damage to some homes in Goliad. Several barns were blown down throughout the county. Some livestock were injured.||In Victoria County, Widespread minor to moderate roof damage occurred in the city of Bloomington. Several mobile homes were destroyed. All but three facilities within the Bloomington school district suffered wind and water damage. Widespread minor roof damage occurred in the city of Victoria. Several trees and a few power poles were blown down. Fences and street signs were blown down across the city. The maximum wind gust recorded in Victoria was 85 mph. Maximum wind gusts in the southern part of the county were around 110 mph. Twenty seven homes were destroyed. Around 75 percent of residential and commercial properties in the county were damaged.   Hundreds of acres of unharvested cotton were damaged in the field. Harvested cotton in modules and bales were damaged also. A few barns and storage buildings were blown down across the county.","Major flooding occurred along the Guadalupe River in the Victoria area due to heavy rainfall from Hurricane Harvey. At least 100 homes were flooded in Victoria in the Green's Addition area. Fox, Smith, Pozzi, Fordyce, Parsifal, Lower Mission Valley, and Old River Roads were inundated. Guadalupe River at Victoria crested at 31.25 feet at 12:30 AM CDT August 31st. The major flood wave continued into first few days of September.",CSV
201708,27,2000,201708,30,0,119753,728349,TEXAS,48,2017,August,Flash Flood,C,339,MONTGOMERY,HGX,27-Aug-17 20:00:00,CST-6,30-Aug-17 0:00:00,0,0,3,1,7.00B,10.00K,Emergency Manager,,,Heavy Rain / Tropical System,,,,,,,,,3,S,BOY,8,SSW,MOSTYN,30.0408,-95.2487,30.1168,-95.8557,"Harvey made landfall as a category 4 hurricane near Rockport, Texas during the evening of August 25th. The storm then weakened to a tropical storm and slowed,  looping back and tracking over SE Texas then back over the Gulf of Mexico making a second landfall along the Louisiana coast during the early morning hours of August 30th. Over that 5 day period over Southeast Texas TS Harvey produced catastrophic flooding with a large area of 30 to 60 inches of rain, 23 tornadoes, tropical storm force winds and a moderate storm surge near Matagorda Bay.  In some of the heavier bands rain fell at a rate of over 5 inches per hour. This copious record amount of rain over a  led to catastrophic flooding. Thousands of homes, businesses, and roads were flooded due to flash flooding and sheet flow from long duration intense rain. Main stem rivers and adjoining tributaries, creeks and bayous reached full capacity and came out of their banks and this also contributed to the massive flooding across southeastern Texas.","Tropical Storm Harvey brought heavy rains and catastrophic flooding to portions of Montgomery County. There were 5 storm related fatalities, 3 direct.  Major record flooding occurred along the San Jacinto River and tributaries. Water was reported over sections of I-45 northbound where TXDOT reported flooding at the FM 1097 intersection. Water was reported over sections of I-45 northbound where TXDOT reported flooding at the FM 1097 intersection. Record pool levels on Lake Conroe required downstream releases that flooded numerous downstream homes, businesses and vehicles. Major flooding occurred along the San Jacinto River and the east Fork of the San Jacinto and its tributaries inundated tens to hundreds of residential subdivisions. There were hundreds of flooded homes along Lake, Spring, Peach and Caney Creeks. There were impassable roads due to high water at Horseshoe Circle and Painted Blvd off the Grand Parkway, 19000 block of David Memorial from Sam's Club to Shenandoah Park, the 11000 block of River Oaks Drive, the 45 northbound lanes at Highway 242 and Hines Road in Willis. Flash flooding led to numerous road closures including FM149, FM1484, FM1485, FM1486, FM1774, FM2090 SH105 and others.",CSV
201708,27,457,201708,29,1600,119753,728921,TEXAS,48,2017,August,Flash Flood,C,15,AUSTIN,HGX,27-Aug-17 4:57:00,CST-6,29-Aug-17 16:00:00,0,0,0,0,100.00K,50.00K,Department of Highways,,,Heavy Rain / Tropical System,,,,,,,,,0,N,WALLIS,4,ENE,FRYDEK,29.62,-96.07,29.7705,-96.0439,"Harvey made landfall as a category 4 hurricane near Rockport, Texas during the evening of August 25th. The storm then weakened to a tropical storm and slowed,  looping back and tracking over SE Texas then back over the Gulf of Mexico making a second landfall along the Louisiana coast during the early morning hours of August 30th. Over that 5 day period over Southeast Texas TS Harvey produced catastrophic flooding with a large area of 30 to 60 inches of rain, 23 tornadoes, tropical storm force winds and a moderate storm surge near Matagorda Bay.  In some of the heavier bands rain fell at a rate of over 5 inches per hour. This copious record amount of rain over a  led to catastrophic flooding. Thousands of homes, businesses, and roads were flooded due to flash flooding and sheet flow from long duration intense rain. Main stem rivers and adjoining tributaries, creeks and bayous reached full capacity and came out of their banks and this also contributed to the massive flooding across southeastern Texas.","Numerous roads closed due to flooding including but not limited to FM109, FM 331, FM 2429, FM 1093 and SH 36. Moderate, yet record, flooding along the Brazos at San|Felipe caused several homes to flood along FM 1458. Inundation ranged from 4 to 7 feet of water. Minimal impacts were observed at Mill creek near Bellville. No impacts were observed from the minor flooding at the Brazos river near Hempstead.",CSV
201708,27,15,201708,27,345,120216,720418,TEXAS,48,2017,August,Flash Flood,C,21,BASTROP,EWX,27-Aug-17 0:15:00,CST-6,27-Aug-17 3:45:00,0,0,0,0,0.00K,0.00K,Emergency Manager,,,Heavy Rain / Tropical System,,,,,,,,,1,E,SMITHVILLE,0,ENE,SMITHVILLE,30,-97.15,30.0018,-97.1622,"Hurricane Harvey moved onshore as a Category 4 hurricane over San Jose Island east of Rockport during the late evening of August 25th. Harvey moved inland entering southern DeWitt County during the morning of August 26th  as a Category 1 hurricane. It continued to weaken as it moved farther inland eventually reaching south central Gonzales County as a tropical storm during the late evening of August 26th. The center of the storm made a loop through Gonzales, Karnes, and DeWitt Counties before exiting our County Warning Area during the afternoon of August 27th moving into Victoria County. The maximum sustained winds were 46 mph recorded at Austin Bergstrom International Airport and at two private weather stations, one near Yorktown and the other near Smiley. The maximum recorded wind gusts were 58 mph at New Braunfels Airport, Randolph AFB, and at a private weather station near Smiley. The highest rainfall total was 29.19 inches outside of LaGrange in Fayette County. A number of places in Fayette, Lavaca, and Bastrop Counties received 20 or more inches of rain. Tropical storm force winds with estimated gusts up to 60 mph caused damage across the region. Trees and branches were knocked down by the winds. Some of these in turn knocked down power lines causing power outages in Bastrop, Comal, Hays, and Guadalupe Counties. At one point, 15,000 customers in Comal County were without power. There was also some minor structural damage in Caldwell, Comal, and Lavaca Counties. Maximum rainfall totals in these counties ranged from 4.67 inches in Bexar to 29.19 in Fayette. Flooding and flash flooding forced 608 people to be evacuated from their homes. Most of these, 400, were in Fayette County.",Heavy rain from Tropical Storm Harvey produced flash flooding leading to a swift water rescue in Smithville.,CSV
201708,27,915,201708,27,916,119753,720710,TEXAS,48,2017,August,Tornado,C,201,HARRIS,HGX,27-Aug-17 9:15:00,CST-6,27-Aug-17 9:16:00,0,0,0,0,50.00K,0.00K,Broadcast Media,,,,,EF0,0.08,20,,,,,2,E,BELLAIRE JCT,2,E,BELLAIRE JCT,29.717,-95.4151,29.7174,-95.4164,"Harvey made landfall as a category 4 hurricane near Rockport, Texas during the evening of August 25th. The storm then weakened to a tropical storm and slowed,  looping back and tracking over SE Texas then back over the Gulf of Mexico making a second landfall along the Louisiana coast during the early morning hours of August 30th. Over that 5 day period over Southeast Texas TS Harvey produced catastrophic flooding with a large area of 30 to 60 inches of rain, 23 tornadoes, tropical storm force winds and a moderate storm surge near Matagorda Bay.  In some of the heavier bands rain fell at a rate of over 5 inches per hour. This copious record amount of rain over a  led to catastrophic flooding. Thousands of homes, businesses, and roads were flooded due to flash flooding and sheet flow from long duration intense rain. Main stem rivers and adjoining tributaries, creeks and bayous reached full capacity and came out of their banks and this also contributed to the massive flooding across southeastern Texas.",Windows blown out Torchy's Tacos.,CSV
201708,27,1118,201708,28,445,120216,720449,TEXAS,48,2017,August,Flash Flood,C,149,FAYETTE,EWX,27-Aug-17 11:18:00,CST-6,28-Aug-17 4:45:00,0,0,0,0,0.00K,0.00K,Department of Highways,,,Heavy Rain / Tropical System,,,,,,,,,2,NNE,WEST PT,2,NE,HALSTED,29.9812,-97.0093,29.9205,-96.7552,"Hurricane Harvey moved onshore as a Category 4 hurricane over San Jose Island east of Rockport during the late evening of August 25th. Harvey moved inland entering southern DeWitt County during the morning of August 26th  as a Category 1 hurricane. It continued to weaken as it moved farther inland eventually reaching south central Gonzales County as a tropical storm during the late evening of August 26th. The center of the storm made a loop through Gonzales, Karnes, and DeWitt Counties before exiting our County Warning Area during the afternoon of August 27th moving into Victoria County. The maximum sustained winds were 46 mph recorded at Austin Bergstrom International Airport and at two private weather stations, one near Yorktown and the other near Smiley. The maximum recorded wind gusts were 58 mph at New Braunfels Airport, Randolph AFB, and at a private weather station near Smiley. The highest rainfall total was 29.19 inches outside of LaGrange in Fayette County. A number of places in Fayette, Lavaca, and Bastrop Counties received 20 or more inches of rain. Tropical storm force winds with estimated gusts up to 60 mph caused damage across the region. Trees and branches were knocked down by the winds. Some of these in turn knocked down power lines causing power outages in Bastrop, Comal, Hays, and Guadalupe Counties. At one point, 15,000 customers in Comal County were without power. There was also some minor structural damage in Caldwell, Comal, and Lavaca Counties. Maximum rainfall totals in these counties ranged from 4.67 inches in Bexar to 29.19 in Fayette. Flooding and flash flooding forced 608 people to be evacuated from their homes. Most of these, 400, were in Fayette County.",Heavy rain from Tropical Storm Harvey produced flash flooding closing numerous roads in the county including sections of Hwy 71.,CSV
201708,27,0,201708,27,245,119753,720875,TEXAS,48,2017,August,Flash Flood,C,89,COLORADO,HGX,27-Aug-17 0:00:00,CST-6,27-Aug-17 2:45:00,0,0,0,0,0.00K,0.00K,Department of Highways,,,Heavy Rain / Tropical System,,,,,,,,,3,ENE,ALLEYTON,1,N,BERNARDO,29.7337,-96.4371,29.7808,-96.3807,"Harvey made landfall as a category 4 hurricane near Rockport, Texas during the evening of August 25th. The storm then weakened to a tropical storm and slowed,  looping back and tracking over SE Texas then back over the Gulf of Mexico making a second landfall along the Louisiana coast during the early morning hours of August 30th. Over that 5 day period over Southeast Texas TS Harvey produced catastrophic flooding with a large area of 30 to 60 inches of rain, 23 tornadoes, tropical storm force winds and a moderate storm surge near Matagorda Bay.  In some of the heavier bands rain fell at a rate of over 5 inches per hour. This copious record amount of rain over a  led to catastrophic flooding. Thousands of homes, businesses, and roads were flooded due to flash flooding and sheet flow from long duration intense rain. Main stem rivers and adjoining tributaries, creeks and bayous reached full capacity and came out of their banks and this also contributed to the massive flooding across southeastern Texas.",Flash flooding closed sections of FM 949 just off of Interstate 10.,CSV
201708,27,712,201708,30,1600,119746,719342,TEXAS,48,2017,August,Flash Flood,C,245,JEFFERSON,LCH,27-Aug-17 7:12:00,CST-6,30-Aug-17 16:00:00,1,0,5,0,3.00B,0.00K,Emergency Manager,,,Heavy Rain / Tropical System,,,,,,,,,2,NNE,GRIFFING,17,SSW,HAMSHIRE,29.7808,-93.9376,29.6118,-94.3602,"Harvey moved across the Gulf of Mexico into the central Texas Coast during the last week of August. After the initial landfall, the cyclone moved back into the gulf a couple days later and then made another landfall in Southwest Louisiana during the morning of the 30th. The first rains from the system moved across the region during the afternoon of the 25th and finally ended during the morning of September 1. One to 5 feet of rain fell across Southeast Texas during the week which in some cases was slightly more than a normal yearly rainfall total. Widespread flooding occurred and a new rainfall record was set regarding the total for a tropical cyclone in the United States.","Widespread and long duration rainfall produced a storm total rainfall over 40 inches across a large portion of the county. The highest rainfall totals in Jefferson County were 60.58 inches 1.5 mile southwest of Nederland and 60.54 inches 1.3 mile north of Groves. This resulted in over 64,000 homes being flooded. The hardest hit areas were Port Arthur, Groves, Bevil Oaks, Hamphire, Fannet, China, and northeast Beaumont.  Several refineries in the county also received floodwaters and were offline for an extended period. City and county infrastructure was also damaged with water pumps and treatment plants being inundated. Record crests were observed along Pine Island and the lower Neches. 5 deaths were reported by flooding.",CSV
201708,27,1240,201708,30,1600,119746,719493,TEXAS,48,2017,August,Flash Flood,C,199,HARDIN,LCH,27-Aug-17 12:40:00,CST-6,30-Aug-17 16:00:00,0,0,0,0,600.00M,0.00K,Emergency Manager,,,Heavy Rain / Tropical System,,,,,,,,,33,SSE,LOEB,35,S,GRAYBURG,29.7585,-93.9153,29.6142,-94.3451,"Harvey moved across the Gulf of Mexico into the central Texas Coast during the last week of August. After the initial landfall, the cyclone moved back into the gulf a couple days later and then made another landfall in Southwest Louisiana during the morning of the 30th. The first rains from the system moved across the region during the afternoon of the 25th and finally ended during the morning of September 1. One to 5 feet of rain fell across Southeast Texas during the week which in some cases was slightly more than a normal yearly rainfall total. Widespread flooding occurred and a new rainfall record was set regarding the total for a tropical cyclone in the United States.","Widespread 20 to 40 inches fell across the county which resulted in near 10,000 homes being flooded. Worst hit areas were around Lumberton, Silsbee, Sour Lake, and Kountze. Record flooding occurred on Pine Island Bayou and Village Creek. The second highest crest of the Neches occurred at Evadale. The US Highway 96 bridge near Silsbee collapsed due to the current.",CSV
201708,27,2030,201708,28,1700,119746,719334,TEXAS,48,2017,August,Storm Surge/Tide,Z,215,JEFFERSON,LCH,27-Aug-17 20:30:00,CST-6,28-Aug-17 17:00:00,0,0,0,0,0.00K,0.00K,C-MAN Station,,,,,,,,,,,,,,,,,,,,,,"Harvey moved across the Gulf of Mexico into the central Texas Coast during the last week of August. After the initial landfall, the cyclone moved back into the gulf a couple days later and then made another landfall in Southwest Louisiana during the morning of the 30th. The first rains from the system moved across the region during the afternoon of the 25th and finally ended during the morning of September 1. One to 5 feet of rain fell across Southeast Texas during the week which in some cases was slightly more than a normal yearly rainfall total. Widespread flooding occurred and a new rainfall record was set regarding the total for a tropical cyclone in the United States.",The storm surge from Harvey  went above 3 feet at Texas Point during the evening of the 27th and fell below 3 feet around mid day on the 28th. The tide peaked at 5.03 feet with a surge of 3.49 feet. Minor beach erosion was noted during the event.,CSV
201708,28,330,201708,28,615,119753,721098,TEXAS,48,2017,August,Flash Flood,C,15,AUSTIN,HGX,28-Aug-17 3:30:00,CST-6,28-Aug-17 6:15:00,0,0,0,0,0.00K,0.00K,Department of Highways,,,Heavy Rain / Tropical System,,,,,,,,,1,S,INDUSTRY,1,W,NEW ULM,29.9592,-96.5211,29.8981,-96.5036,"Harvey made landfall as a category 4 hurricane near Rockport, Texas during the evening of August 25th. The storm then weakened to a tropical storm and slowed,  looping back and tracking over SE Texas then back over the Gulf of Mexico making a second landfall along the Louisiana coast during the early morning hours of August 30th. Over that 5 day period over Southeast Texas TS Harvey produced catastrophic flooding with a large area of 30 to 60 inches of rain, 23 tornadoes, tropical storm force winds and a moderate storm surge near Matagorda Bay.  In some of the heavier bands rain fell at a rate of over 5 inches per hour. This copious record amount of rain over a  led to catastrophic flooding. Thousands of homes, businesses, and roads were flooded due to flash flooding and sheet flow from long duration intense rain. Main stem rivers and adjoining tributaries, creeks and bayous reached full capacity and came out of their banks and this also contributed to the massive flooding across southeastern Texas.",Portions of FM 109 between Industry and New Ulm was closed due to flooding.||Record level flooding along the Brazos River in San Felipe caused several homes to flood along FM 1458.,CSV
201708,28,850,201708,28,1045,119753,721099,TEXAS,48,2017,August,Flash Flood,C,167,GALVESTON,HGX,28-Aug-17 8:50:00,CST-6,28-Aug-17 10:45:00,0,0,0,0,0.00K,0.00K,Department of Highways,,,Heavy Rain / Tropical System,,,,,,,,,7,WNW,LEAGUE CITY S S ARPT,7,NNW,LEAGUE CITY S S ARPT,29.5314,-95.2295,29.5647,-95.1826,"Harvey made landfall as a category 4 hurricane near Rockport, Texas during the evening of August 25th. The storm then weakened to a tropical storm and slowed,  looping back and tracking over SE Texas then back over the Gulf of Mexico making a second landfall along the Louisiana coast during the early morning hours of August 30th. Over that 5 day period over Southeast Texas TS Harvey produced catastrophic flooding with a large area of 30 to 60 inches of rain, 23 tornadoes, tropical storm force winds and a moderate storm surge near Matagorda Bay.  In some of the heavier bands rain fell at a rate of over 5 inches per hour. This copious record amount of rain over a  led to catastrophic flooding. Thousands of homes, businesses, and roads were flooded due to flash flooding and sheet flow from long duration intense rain. Main stem rivers and adjoining tributaries, creeks and bayous reached full capacity and came out of their banks and this also contributed to the massive flooding across southeastern Texas.","Flooded roadways through Friendswood in and around the FM 2351 and FM 518 intersection.||Approximately 7,000 homes and 125 businesses were impacted by flood waters across the county. Clear Creek measured record levels that lead to the widespread flooding throughout Friendswood and League City. Major flooding occurred along the Dickinson Bayou; from Cemetery Road to east of Highway 3 along FM 517. Flood waters inundated sections of Interstate 45, Bay Area Boulevard, FM 528, FM 518 and numerous primary and secondary county roads.",CSV
201708,28,1830,201708,28,2115,119753,721115,TEXAS,48,2017,August,Flash Flood,C,167,GALVESTON,HGX,28-Aug-17 18:30:00,CST-6,28-Aug-17 21:15:00,0,0,0,0,0.00K,0.00K,Department of Highways,,,Heavy Rain / Tropical System,,,,,,,,,57,E,WALLIS,57,E,WALLIS,29.5111,-95.1303,29.4937,-95.1262,"Harvey made landfall as a category 4 hurricane near Rockport, Texas during the evening of August 25th. The storm then weakened to a tropical storm and slowed,  looping back and tracking over SE Texas then back over the Gulf of Mexico making a second landfall along the Louisiana coast during the early morning hours of August 30th. Over that 5 day period over Southeast Texas TS Harvey produced catastrophic flooding with a large area of 30 to 60 inches of rain, 23 tornadoes, tropical storm force winds and a moderate storm surge near Matagorda Bay.  In some of the heavier bands rain fell at a rate of over 5 inches per hour. This copious record amount of rain over a  led to catastrophic flooding. Thousands of homes, businesses, and roads were flooded due to flash flooding and sheet flow from long duration intense rain. Main stem rivers and adjoining tributaries, creeks and bayous reached full capacity and came out of their banks and this also contributed to the massive flooding across southeastern Texas.","Sections of FM 518 in League City as well as parts of I-45 near the FM 518 exit were closed due to run off and Clear Creek flooding.||Approximately 7,000 homes and 125 businesses were impacted by flood waters across the county. Clear Creek measured record levels that lead to the widespread flooding throughout Friendswood and League City. Major flooding occurred along the Dickinson Bayou; from Cemetery Road to east of Highway 3 along FM 517. Flood waters inundated sections of Interstate 45, Bay Area Boulevard, FM 528, FM 518 and numerous primary and secondary county roads.",CSV
201708,28,1215,201708,28,1500,119753,721108,TEXAS,48,2017,August,Flash Flood,C,71,CHAMBERS,HGX,28-Aug-17 12:15:00,CST-6,28-Aug-17 15:00:00,0,0,0,0,0.00K,0.00K,Department of Highways,,,Heavy Rain / Tropical System,,,,,,,,,0,N,ANAHUAC,3,NE,ANAHUAC ARPT,29.77,-94.68,29.7951,-94.6283,"Harvey made landfall as a category 4 hurricane near Rockport, Texas during the evening of August 25th. The storm then weakened to a tropical storm and slowed,  looping back and tracking over SE Texas then back over the Gulf of Mexico making a second landfall along the Louisiana coast during the early morning hours of August 30th. Over that 5 day period over Southeast Texas TS Harvey produced catastrophic flooding with a large area of 30 to 60 inches of rain, 23 tornadoes, tropical storm force winds and a moderate storm surge near Matagorda Bay.  In some of the heavier bands rain fell at a rate of over 5 inches per hour. This copious record amount of rain over a  led to catastrophic flooding. Thousands of homes, businesses, and roads were flooded due to flash flooding and sheet flow from long duration intense rain. Main stem rivers and adjoining tributaries, creeks and bayous reached full capacity and came out of their banks and this also contributed to the massive flooding across southeastern Texas.",Parts of FM 562 south of Anahuac were closed due to flooding.,CSV
201708,28,1515,201708,28,1800,119753,721112,TEXAS,48,2017,August,Flash Flood,C,157,FORT BEND,HGX,28-Aug-17 15:15:00,CST-6,28-Aug-17 18:00:00,0,0,0,0,0.00K,0.00K,Department of Highways,,,Heavy Rain / Tropical System,,,,,,,,,3,NE,FULSHEAR,2,ESE,FULSHEAR,29.7102,-95.8708,29.6744,-95.8715,"Harvey made landfall as a category 4 hurricane near Rockport, Texas during the evening of August 25th. The storm then weakened to a tropical storm and slowed,  looping back and tracking over SE Texas then back over the Gulf of Mexico making a second landfall along the Louisiana coast during the early morning hours of August 30th. Over that 5 day period over Southeast Texas TS Harvey produced catastrophic flooding with a large area of 30 to 60 inches of rain, 23 tornadoes, tropical storm force winds and a moderate storm surge near Matagorda Bay.  In some of the heavier bands rain fell at a rate of over 5 inches per hour. This copious record amount of rain over a  led to catastrophic flooding. Thousands of homes, businesses, and roads were flooded due to flash flooding and sheet flow from long duration intense rain. Main stem rivers and adjoining tributaries, creeks and bayous reached full capacity and came out of their banks and this also contributed to the massive flooding across southeastern Texas.","Sections of FM 1463 and FM 359 between Fulshear and the Grand Parkway were closed due to flooding.||Major record level flooding of both the Brazos and San Bernard Rivers caused significant home flooding from Richmond to Rosharon. Massive flooding occurred in Tierra Grande subdivision along the San Bernard River in southwestern Fort Bend County. Home flooding occurred at Valley Lodge in Simonton, along Edgewood and Baudet Roads in Richmond, along Bar, Barker, Cumings, Sixth Street, Avenue B and Rio Brazos Roads in Rosenberg. Sections of FM 2759 as well as the Grand River, Rivers Edge and Pecan Estates in Thompsons flooded. Many countywide roads became inundated in flood waters including, but not limited to, Highway 90A, Pitts Road, FM 1489, FM 723, FM 1093, FM 359, SH 6 feeder roads, Sienna Parkway, Carrol Road, McKeever Road, Knights Court, Miller Road, river Oaks Road, Thompsons Ferry Road, Strange Drive, Greenwood Drive, Second Street and low lying roads in Quail Valley in Missouri City.  Due to record pool levels in Barker Reservoir, homes in Cinco Ranch flooded. Big Creek flooding in Needville caused the flooding of homes on Ansel Road.",CSV
201708,28,30,201708,28,600,119753,721092,TEXAS,48,2017,August,Flash Flood,C,71,CHAMBERS,HGX,28-Aug-17 0:30:00,CST-6,28-Aug-17 6:00:00,0,0,0,0,0.00K,0.00K,Department of Highways,,,Heavy Rain / Tropical System,,,,,,,,,1,W,MONT BELVIEU,4,SW,MONT BELVIEU,29.8527,-94.9013,29.8074,-94.9136,"Harvey made landfall as a category 4 hurricane near Rockport, Texas during the evening of August 25th. The storm then weakened to a tropical storm and slowed,  looping back and tracking over SE Texas then back over the Gulf of Mexico making a second landfall along the Louisiana coast during the early morning hours of August 30th. Over that 5 day period over Southeast Texas TS Harvey produced catastrophic flooding with a large area of 30 to 60 inches of rain, 23 tornadoes, tropical storm force winds and a moderate storm surge near Matagorda Bay.  In some of the heavier bands rain fell at a rate of over 5 inches per hour. This copious record amount of rain over a  led to catastrophic flooding. Thousands of homes, businesses, and roads were flooded due to flash flooding and sheet flow from long duration intense rain. Main stem rivers and adjoining tributaries, creeks and bayous reached full capacity and came out of their banks and this also contributed to the massive flooding across southeastern Texas.",Sections of Interstate 10 across Chambers County were closed due to flood water inundation.,CSV
201708,28,30,201708,28,630,119753,721096,TEXAS,48,2017,August,Flash Flood,C,201,HARRIS,HGX,28-Aug-17 0:30:00,CST-6,28-Aug-17 6:30:00,0,0,0,0,0.00K,0.00K,Department of Highways,,,Heavy Rain / Tropical System,,,,,,,,,1,SSW,PASADENA,1,WSW,WEST PARK,29.6896,-95.2072,29.674,-95.5893,"Harvey made landfall as a category 4 hurricane near Rockport, Texas during the evening of August 25th. The storm then weakened to a tropical storm and slowed,  looping back and tracking over SE Texas then back over the Gulf of Mexico making a second landfall along the Louisiana coast during the early morning hours of August 30th. Over that 5 day period over Southeast Texas TS Harvey produced catastrophic flooding with a large area of 30 to 60 inches of rain, 23 tornadoes, tropical storm force winds and a moderate storm surge near Matagorda Bay.  In some of the heavier bands rain fell at a rate of over 5 inches per hour. This copious record amount of rain over a  led to catastrophic flooding. Thousands of homes, businesses, and roads were flooded due to flash flooding and sheet flow from long duration intense rain. Main stem rivers and adjoining tributaries, creeks and bayous reached full capacity and came out of their banks and this also contributed to the massive flooding across southeastern Texas.","Numerous roads and highways were still closed due to high flood waters including, but not limited to, the Loop 610 near Highway 225, SH 249 in northwestern Houston and FM 1960 near Highway 69.||Catastrophic flooding occurred on nearly every one of the 22 watersheds in Harris County. 10 out of the 19 bayous in the county reached record crests and flooding. There was widespread flooding along Buffalo Bayou and upstream and downstream of both Addicks and Barkers Reservoirs due to record level pool elevations. There was major flooding of hundreds of homes within numerous neighboring subdivisions along the San Jacinto River and the East Fork of the San Jacinto River. Lake Conroe's releases and backwater flow from Lake Houston also contributed to the widespread flooding across the northern and northeastern sectors of the county.",CSV
201708,28,30,201708,28,315,119753,721097,TEXAS,48,2017,August,Flash Flood,C,313,MADISON,HGX,28-Aug-17 0:30:00,CST-6,28-Aug-17 3:15:00,0,0,0,0,0.00K,0.00K,Department of Highways,,,Heavy Rain / Tropical System,,,,,,,,,2,W,MIDWAY,12,SSE,CONNOR,31.0306,-95.8042,30.8162,-95.6734,"Harvey made landfall as a category 4 hurricane near Rockport, Texas during the evening of August 25th. The storm then weakened to a tropical storm and slowed,  looping back and tracking over SE Texas then back over the Gulf of Mexico making a second landfall along the Louisiana coast during the early morning hours of August 30th. Over that 5 day period over Southeast Texas TS Harvey produced catastrophic flooding with a large area of 30 to 60 inches of rain, 23 tornadoes, tropical storm force winds and a moderate storm surge near Matagorda Bay.  In some of the heavier bands rain fell at a rate of over 5 inches per hour. This copious record amount of rain over a  led to catastrophic flooding. Thousands of homes, businesses, and roads were flooded due to flash flooding and sheet flow from long duration intense rain. Main stem rivers and adjoining tributaries, creeks and bayous reached full capacity and came out of their banks and this also contributed to the massive flooding across southeastern Texas.",Sections of FM 247 south of Midway between FM 1428 and FM 2989 were closed due to flooding.||There was major lowland flooding along Bedias Creek that caused some roads to become inaccessible.,CSV
201708,28,920,201708,29,115,119753,721101,TEXAS,48,2017,August,Flash Flood,C,201,HARRIS,HGX,28-Aug-17 9:20:00,CST-6,29-Aug-17 1:15:00,0,0,0,0,0.00K,0.00K,Local Official,,,Heavy Rain / Tropical System,,,,,,,,,2,NW,WESTFIELD,1,WSW,WESTFIELD,30.0367,-95.4209,30.0162,-95.4176,"Harvey made landfall as a category 4 hurricane near Rockport, Texas during the evening of August 25th. The storm then weakened to a tropical storm and slowed,  looping back and tracking over SE Texas then back over the Gulf of Mexico making a second landfall along the Louisiana coast during the early morning hours of August 30th. Over that 5 day period over Southeast Texas TS Harvey produced catastrophic flooding with a large area of 30 to 60 inches of rain, 23 tornadoes, tropical storm force winds and a moderate storm surge near Matagorda Bay.  In some of the heavier bands rain fell at a rate of over 5 inches per hour. This copious record amount of rain over a  led to catastrophic flooding. Thousands of homes, businesses, and roads were flooded due to flash flooding and sheet flow from long duration intense rain. Main stem rivers and adjoining tributaries, creeks and bayous reached full capacity and came out of their banks and this also contributed to the massive flooding across southeastern Texas.",There was flooding through the neighborhoods between I-45 and the Hardy Tollway along FM 1960.||Catastrophic flooding occurred on nearly every one of the 22 watersheds in Harris County. 10 out of the 19 bayous in the county reached record crests and flooding. There was widespread flooding along Buffalo Bayou and upstream and downstream of both Addicks and Barkers Reservoirs due to record level pool elevations. There was major flooding of hundreds of homes within numerous neighboring subdivisions along the San Jacinto River and the East Fork of the San Jacinto River. Lake Conroe's releases and backwater flow from Lake Houston also contributed to the widespread flooding across the northern and northeastern sectors of the county.,CSV
201708,28,1045,201708,28,1330,119753,721102,TEXAS,48,2017,August,Flash Flood,C,71,CHAMBERS,HGX,28-Aug-17 10:45:00,CST-6,28-Aug-17 13:30:00,0,0,0,0,0.00K,0.00K,Department of Highways,,,Heavy Rain / Tropical System,,,,,,,,,2,E,HANKAMER,0,N,MONROE CITY,29.8457,-94.5895,29.7835,-94.5799,"Harvey made landfall as a category 4 hurricane near Rockport, Texas during the evening of August 25th. The storm then weakened to a tropical storm and slowed,  looping back and tracking over SE Texas then back over the Gulf of Mexico making a second landfall along the Louisiana coast during the early morning hours of August 30th. Over that 5 day period over Southeast Texas TS Harvey produced catastrophic flooding with a large area of 30 to 60 inches of rain, 23 tornadoes, tropical storm force winds and a moderate storm surge near Matagorda Bay.  In some of the heavier bands rain fell at a rate of over 5 inches per hour. This copious record amount of rain over a  led to catastrophic flooding. Thousands of homes, businesses, and roads were flooded due to flash flooding and sheet flow from long duration intense rain. Main stem rivers and adjoining tributaries, creeks and bayous reached full capacity and came out of their banks and this also contributed to the massive flooding across southeastern Texas.",Sections of FM 1724 south of I-10 were closed due to flooding.,CSV
201708,28,1130,201708,28,1515,119753,721105,TEXAS,48,2017,August,Flash Flood,C,39,BRAZORIA,HGX,28-Aug-17 11:30:00,CST-6,28-Aug-17 15:15:00,0,0,0,0,0.00K,0.00K,Department of Highways,,,Heavy Rain / Tropical System,,,,,,,,,1,S,ANCHOR,1,W,ANGLETON CAMERON ARP,29.2103,-95.4787,29.1675,-95.4709,"Harvey made landfall as a category 4 hurricane near Rockport, Texas during the evening of August 25th. The storm then weakened to a tropical storm and slowed,  looping back and tracking over SE Texas then back over the Gulf of Mexico making a second landfall along the Louisiana coast during the early morning hours of August 30th. Over that 5 day period over Southeast Texas TS Harvey produced catastrophic flooding with a large area of 30 to 60 inches of rain, 23 tornadoes, tropical storm force winds and a moderate storm surge near Matagorda Bay.  In some of the heavier bands rain fell at a rate of over 5 inches per hour. This copious record amount of rain over a  led to catastrophic flooding. Thousands of homes, businesses, and roads were flooded due to flash flooding and sheet flow from long duration intense rain. Main stem rivers and adjoining tributaries, creeks and bayous reached full capacity and came out of their banks and this also contributed to the massive flooding across southeastern Texas.","Sections of FM 523 near Highway 288 north of Angleton was closed due to flooding.||Major record flooding of the Brazos, San Bernard and Oyster Creek caused the flooding of hundreds to thousands of vicinity homes, vehicles and businesses.  Numerous Roads and homes were inundated with flood waters on east side of Oyster Creek including the  Columbia Lakes, Mallard Lakes, Great Lakes, Riverside Estates and Bar X subdivisions as well as homes along CR 39. Other county roads that became impassable due to high flood waters include, but are not limited to, FM 1462, Highways 35 and 90, FM 950, CR 25, 380A, CR 42 and FM 521. The Phillips refinery outside of the town of Sweeny took on water from the west near Little Linville Bayou. Hanson Riverside County Park along the San Bernard River southwest of West Columbia was inundated and water over-topped the Phillips Terminal.",CSV
201708,28,1300,201708,28,1645,119753,721110,TEXAS,48,2017,August,Flash Flood,C,39,BRAZORIA,HGX,28-Aug-17 13:00:00,CST-6,28-Aug-17 16:45:00,0,0,0,0,0.00K,0.00K,Department of Highways,,,Heavy Rain / Tropical System,,,,,,,,,5,WSW,IOWA COLONY,2,WSW,IOWA COLONY,29.46,-95.4993,29.4647,-95.454,"Harvey made landfall as a category 4 hurricane near Rockport, Texas during the evening of August 25th. The storm then weakened to a tropical storm and slowed,  looping back and tracking over SE Texas then back over the Gulf of Mexico making a second landfall along the Louisiana coast during the early morning hours of August 30th. Over that 5 day period over Southeast Texas TS Harvey produced catastrophic flooding with a large area of 30 to 60 inches of rain, 23 tornadoes, tropical storm force winds and a moderate storm surge near Matagorda Bay.  In some of the heavier bands rain fell at a rate of over 5 inches per hour. This copious record amount of rain over a  led to catastrophic flooding. Thousands of homes, businesses, and roads were flooded due to flash flooding and sheet flow from long duration intense rain. Main stem rivers and adjoining tributaries, creeks and bayous reached full capacity and came out of their banks and this also contributed to the massive flooding across southeastern Texas.","Sections of FM 521 near FM 1462 in the Rosharon area were closed due to flooding.||Major record flooding of the Brazos, San Bernard and Oyster Creek caused the flooding of hundreds to thousands of vicinity homes, vehicles and businesses.  Numerous Roads and homes were inundated with flood waters on east side of Oyster Creek including the  Columbia Lakes, Mallard Lakes, Great Lakes, Riverside Estates and Bar X subdivisions as well as homes along CR 39. Other county roads that became impassable due to high flood waters include, but are not limited to, FM 1462, Highways 35 and 90, FM 950, CR 25, 380A, CR 42 and FM 521. The Phillips refinery outside of the town of Sweeny took on water from the west near Little Linville Bayou. Hanson Riverside County Park along the San Bernard River southwest of West Columbia was inundated and water over-topped the Phillips Terminal.",CSV
201708,28,2220,201708,29,300,119753,721129,TEXAS,48,2017,August,Flash Flood,C,291,LIBERTY,HGX,28-Aug-17 22:20:00,CST-6,29-Aug-17 3:00:00,0,0,0,0,0.00K,0.00K,Department of Highways,,,Heavy Rain / Tropical System,,,,,,,,,2,S,CLEVELAND MUNI ARPT,3,S,CLEVELAND MUNI ARPT,30.3163,-94.9957,30.3053,-94.9921,"Harvey made landfall as a category 4 hurricane near Rockport, Texas during the evening of August 25th. The storm then weakened to a tropical storm and slowed,  looping back and tracking over SE Texas then back over the Gulf of Mexico making a second landfall along the Louisiana coast during the early morning hours of August 30th. Over that 5 day period over Southeast Texas TS Harvey produced catastrophic flooding with a large area of 30 to 60 inches of rain, 23 tornadoes, tropical storm force winds and a moderate storm surge near Matagorda Bay.  In some of the heavier bands rain fell at a rate of over 5 inches per hour. This copious record amount of rain over a  led to catastrophic flooding. Thousands of homes, businesses, and roads were flooded due to flash flooding and sheet flow from long duration intense rain. Main stem rivers and adjoining tributaries, creeks and bayous reached full capacity and came out of their banks and this also contributed to the massive flooding across southeastern Texas.",Sections of FM 163 in Tarkington Prairie were inundated with flood waters.,CSV
201708,28,1700,201708,28,2245,119753,721113,TEXAS,48,2017,August,Flash Flood,C,39,BRAZORIA,HGX,28-Aug-17 17:00:00,CST-6,28-Aug-17 22:45:00,0,0,0,0,0.00K,0.00K,Department of Highways,,,Heavy Rain / Tropical System,,,,,,,,,1,NW,BRAZORIA,2,SSW,BRAZORIA,29.0661,-95.5958,29.0286,-95.5962,"Harvey made landfall as a category 4 hurricane near Rockport, Texas during the evening of August 25th. The storm then weakened to a tropical storm and slowed,  looping back and tracking over SE Texas then back over the Gulf of Mexico making a second landfall along the Louisiana coast during the early morning hours of August 30th. Over that 5 day period over Southeast Texas TS Harvey produced catastrophic flooding with a large area of 30 to 60 inches of rain, 23 tornadoes, tropical storm force winds and a moderate storm surge near Matagorda Bay.  In some of the heavier bands rain fell at a rate of over 5 inches per hour. This copious record amount of rain over a  led to catastrophic flooding. Thousands of homes, businesses, and roads were flooded due to flash flooding and sheet flow from long duration intense rain. Main stem rivers and adjoining tributaries, creeks and bayous reached full capacity and came out of their banks and this also contributed to the massive flooding across southeastern Texas.","Parts of SH 36 and FM 521 around the town of Brazoria were closed due to flooding.||Major record flooding of the Brazos, San Bernard and Oyster Creek caused the flooding of hundreds to thousands of vicinity homes, vehicles and businesses.  Numerous Roads and homes were inundated with flood waters on east side of Oyster Creek including the  Columbia Lakes, Mallard Lakes, Great Lakes, Riverside Estates and Bar X subdivisions as well as homes along CR 39. Other county roads that became impassable due to high flood waters include, but are not limited to, FM 1462, Highways 35 and 90, FM 950, CR 25, 380A, CR 42 and FM 521. The Phillips refinery outside of the town of Sweeny took on water from the west near Little Linville Bayou. Hanson Riverside County Park along the San Bernard River southwest of West Columbia was inundated and water over-topped the Phillips Terminal.",CSV
201708,28,1800,201708,31,200,120214,798842,TEXAS,48,2017,August,Flood,C,123,DE WITT,EWX,28-Aug-17 18:00:00,CST-6,31-Aug-17 2:00:00,0,0,0,0,3.00M,0.00K,NWS Storm Survey,,,Heavy Rain / Tropical System,,,,,,,,,2,SE,LINDENAU,2,NNW,CUERO,29.0967,-97.3492,29.122,-97.2928,"Hurricane Harvey moved onshore as a Category 4 hurricane over San Jose Island east of Rockport during the late evening of August 25th. Harvey moved inland entering southern DeWitt County during the morning of August 26th  as a Category 1 hurricane. It continued to weaken as it moved farther inland eventually reaching south central Gonzales County as a tropical storm during the late evening of August 26th. The center of the storm made a loop through Gonzales, Karnes, and DeWitt Counties before exiting our County Warning Area during the afternoon of August 27th moving into Victoria County. The maximum sustained winds were 46 mph recorded at Austin Bergstrom International Airport and two private weather stations, one near Yorktown and the other near Smiley. The maximum recorded wind gusts were 58 mph at New Braunfels Airport, Randolph AFB, and a private weather station near Smiley. The highest rainfall total was 29.19 inches outside of LaGrange in Fayette County. A number of places in Fayette, Lavaca, and Bastrop Counties received 20 or more inches of rain. In DeWitt County, estimated hurricane force winds knocked down large trees across the county and damaged some buildings and houses. The maximum rainfall recorded in DeWitt County was 22.99 inches near Yoakum with multiple reports of 10-15 inches. This caused widespread flash flooding as well as river flooding on the Guadalupe River. As many as 100 houses were affected by high water in and around Cuero. The Guadalupe River at Cuero crested at 44.36 feet, it's second highest crest on record.","The maximum rainfall recorded in DeWitt County was 22.99 inches near Yoakum with multiple reports of 10-15 inches. This caused widespread flash flooding as well as river flooding on the Guadalupe River. As many as 100 houses were affected by high water in and around Cuero. The Guadalupe River at Cuero crested at 44.36 feet, it's second highest crest on record.  Damages due to flooding and river flooding is estimated from Emergency Management to be near 3 million dollars.",CSV
201708,28,506,201708,29,300,119746,719341,TEXAS,48,2017,August,Tropical Storm,Z,215,JEFFERSON,LCH,28-Aug-17 5:06:00,CST-6,29-Aug-17 3:00:00,0,0,0,0,0.00K,0.00K,C-MAN Station,,,,,,,,,,,,,,,,,,,,,,"Harvey moved across the Gulf of Mexico into the central Texas Coast during the last week of August. After the initial landfall, the cyclone moved back into the gulf a couple days later and then made another landfall in Southwest Louisiana during the morning of the 30th. The first rains from the system moved across the region during the afternoon of the 25th and finally ended during the morning of September 1. One to 5 feet of rain fell across Southeast Texas during the week which in some cases was slightly more than a normal yearly rainfall total. Widespread flooding occurred and a new rainfall record was set regarding the total for a tropical cyclone in the United States.","Tropical storm conditions occurred for several hours along the coast of Jefferson County. At Texas Point where the highest winds were recorded peak wind gust of 52 knots occurred during the early morning of the 28th but the highest sustained wind of 42 knots was during the morning of the 29th. Lesser winds were recorded elsewhere, however wind gusts of 35 to 50 knots were common near the coast.",CSV
201708,28,1053,201708,30,1600,119746,719494,TEXAS,48,2017,August,Flash Flood,C,457,TYLER,LCH,28-Aug-17 10:53:00,CST-6,30-Aug-17 16:00:00,0,0,1,0,60.00M,0.00K,Emergency Manager,,,Heavy Rain / Tropical System,,,,,,,,,0,N,CHESTER,44,NE,DAM RES,30.92,-94.6,31.2036,-93.587,"Harvey moved across the Gulf of Mexico into the central Texas Coast during the last week of August. After the initial landfall, the cyclone moved back into the gulf a couple days later and then made another landfall in Southwest Louisiana during the morning of the 30th. The first rains from the system moved across the region during the afternoon of the 25th and finally ended during the morning of September 1. One to 5 feet of rain fell across Southeast Texas during the week which in some cases was slightly more than a normal yearly rainfall total. Widespread flooding occurred and a new rainfall record was set regarding the total for a tropical cyclone in the United States.","Harvey produced 20 to 30 inches of rain which flooded 1,730 homes. Major flooding occurred  in Warren, Fred, and along the Neches River where it had the 4th highest crest at Town Bluff. 1 death was a result of the flooding.",CSV
201708,29,1702,201708,29,2100,118330,711054,TEXAS,48,2017,August,Flash Flood,C,5,ANGELINA,SHV,29-Aug-17 17:02:00,CST-6,29-Aug-17 21:00:00,0,0,0,0,0.00K,0.00K,Department of Highways,,,Heavy Rain,,,,,,,,,2,S,BURKE,2,S,BURKE,31.2063,-94.7819,31.2063,-94.7808,"Tropical Storm Harvey emerged back over the Northwest Gulf of Mexico during the morning hours of August 28th, and intensified slightly as drifted northwest just off the Southeast Texas coast, eventually making a 3rd landfall near Cameron, Louisiana during the early morning hours of August 30th. The persistent outer bands of Tropical Storm Harvey began consistently affecting Angelina County, Texas during the afternoon and evening of August 27th, with persistent training resulting in flash flooding. Breaks in the heavy rain were observed through much of the 28th before affecting Angelina County again during the late afternoon/evening hours, which continued through the early morning hours on August 29th. After Harvey made landfall in far Southwest Louisiana during the early morning hours of August 30th, the more concentrated bands of heavy rain were concentrated on the northwest side of the center, which slowly drifted northeast into Central Louisiana during the afternoon and evening hours. Thus, more significant reports of flash flooding were received across Deep East Texas and Westcentral Louisiana, before drier air had begun to wrap around the center, thus reducing rainfall rates as the center moved into Northeast Louisiana during the early morning hours of August 31st. In addition to the widespread flooding, reports of downed trees and power lines were received over portions of Deep East Texas and Northcentral Louisiana, as some of the stronger squalls produced wind gusts to 35-40 mph with locally higher gusts atop already saturated grounds.||Here are some of the 4 day cumulative rainfall reports across Deep East Texas from Tropical Storm Harvey: In Angelina County, 2 ESE Zavalla 20.27 inches, 2 ENE Zavalla 17.32 inches, Huntington 13.94 inches, Lufkin Angelina Airport 12.11 inches, 1 SSE Lufkin 11.96 inches, 3 SW Lufkin 11.74 inches, 8 W Lufkin 10.17 inches, 5 WNW Lufkin 10.00 inches, 7 W Lufkin 9.60 inches, 2 WSW Hudson 9.09 inches. In Nacogdoches County, 4 NW Appleby 9.91 inches, Nacogdoches Arbor Oaks 8.35 inches, 10 NE Nacogdoches 6.38 inches. In Sabine County, Pineland 15.67 inches, Sabine South RAWS 14.36 inches, 4 SSE Hemphill 8.77 inches. In San Augustine County, 15 SE Broaddus 19.01 inches, Ayish Bayou 15.45 inches. In Shelby County, 4 SSW Huxley 13.24 inches, Center 0.6 NW 6.62 inches, Center 4.26 inches. In addition, the Neches River gauge near Rockland recorded 21.93 inches, with Sam Rayburn Dam recording 18.21 inches.",Ryan Chapel Creek Road near Highway 59 was covered in high water and closed.,CSV
201708,29,145,201708,29,1945,118330,711059,TEXAS,48,2017,August,Flash Flood,C,5,ANGELINA,SHV,29-Aug-17 1:45:00,CST-6,29-Aug-17 19:45:00,0,0,0,0,0.00K,0.00K,Law Enforcement,,,Heavy Rain,,,,,,,,,4,WNW,DOLAN,4,WNW,DOLAN,31.0925,-94.4929,31.0968,-94.4871,"Tropical Storm Harvey emerged back over the Northwest Gulf of Mexico during the morning hours of August 28th, and intensified slightly as drifted northwest just off the Southeast Texas coast, eventually making a 3rd landfall near Cameron, Louisiana during the early morning hours of August 30th. The persistent outer bands of Tropical Storm Harvey began consistently affecting Angelina County, Texas during the afternoon and evening of August 27th, with persistent training resulting in flash flooding. Breaks in the heavy rain were observed through much of the 28th before affecting Angelina County again during the late afternoon/evening hours, which continued through the early morning hours on August 29th. After Harvey made landfall in far Southwest Louisiana during the early morning hours of August 30th, the more concentrated bands of heavy rain were concentrated on the northwest side of the center, which slowly drifted northeast into Central Louisiana during the afternoon and evening hours. Thus, more significant reports of flash flooding were received across Deep East Texas and Westcentral Louisiana, before drier air had begun to wrap around the center, thus reducing rainfall rates as the center moved into Northeast Louisiana during the early morning hours of August 31st. In addition to the widespread flooding, reports of downed trees and power lines were received over portions of Deep East Texas and Northcentral Louisiana, as some of the stronger squalls produced wind gusts to 35-40 mph with locally higher gusts atop already saturated grounds.||Here are some of the 4 day cumulative rainfall reports across Deep East Texas from Tropical Storm Harvey: In Angelina County, 2 ESE Zavalla 20.27 inches, 2 ENE Zavalla 17.32 inches, Huntington 13.94 inches, Lufkin Angelina Airport 12.11 inches, 1 SSE Lufkin 11.96 inches, 3 SW Lufkin 11.74 inches, 8 W Lufkin 10.17 inches, 5 WNW Lufkin 10.00 inches, 7 W Lufkin 9.60 inches, 2 WSW Hudson 9.09 inches. In Nacogdoches County, 4 NW Appleby 9.91 inches, Nacogdoches Arbor Oaks 8.35 inches, 10 NE Nacogdoches 6.38 inches. In Sabine County, Pineland 15.67 inches, Sabine South RAWS 14.36 inches, 4 SSE Hemphill 8.77 inches. In San Augustine County, 15 SE Broaddus 19.01 inches, Ayish Bayou 15.45 inches. In Shelby County, 4 SSW Huxley 13.24 inches, Center 0.6 NW 6.62 inches, Center 4.26 inches. In addition, the Neches River gauge near Rockland recorded 21.93 inches, with Sam Rayburn Dam recording 18.21 inches.",Polly Branch Road was closed due to flooding.,CSV
201708,29,150,201708,29,1945,118330,711060,TEXAS,48,2017,August,Flash Flood,C,5,ANGELINA,SHV,29-Aug-17 1:50:00,CST-6,29-Aug-17 19:45:00,0,0,0,0,0.00K,0.00K,Law Enforcement,,,Heavy Rain,,,,,,,,,1,S,DOLAN,1,E,DOLAN,31.0663,-94.427,31.0775,-94.4081,"Tropical Storm Harvey emerged back over the Northwest Gulf of Mexico during the morning hours of August 28th, and intensified slightly as drifted northwest just off the Southeast Texas coast, eventually making a 3rd landfall near Cameron, Louisiana during the early morning hours of August 30th. The persistent outer bands of Tropical Storm Harvey began consistently affecting Angelina County, Texas during the afternoon and evening of August 27th, with persistent training resulting in flash flooding. Breaks in the heavy rain were observed through much of the 28th before affecting Angelina County again during the late afternoon/evening hours, which continued through the early morning hours on August 29th. After Harvey made landfall in far Southwest Louisiana during the early morning hours of August 30th, the more concentrated bands of heavy rain were concentrated on the northwest side of the center, which slowly drifted northeast into Central Louisiana during the afternoon and evening hours. Thus, more significant reports of flash flooding were received across Deep East Texas and Westcentral Louisiana, before drier air had begun to wrap around the center, thus reducing rainfall rates as the center moved into Northeast Louisiana during the early morning hours of August 31st. In addition to the widespread flooding, reports of downed trees and power lines were received over portions of Deep East Texas and Northcentral Louisiana, as some of the stronger squalls produced wind gusts to 35-40 mph with locally higher gusts atop already saturated grounds.||Here are some of the 4 day cumulative rainfall reports across Deep East Texas from Tropical Storm Harvey: In Angelina County, 2 ESE Zavalla 20.27 inches, 2 ENE Zavalla 17.32 inches, Huntington 13.94 inches, Lufkin Angelina Airport 12.11 inches, 1 SSE Lufkin 11.96 inches, 3 SW Lufkin 11.74 inches, 8 W Lufkin 10.17 inches, 5 WNW Lufkin 10.00 inches, 7 W Lufkin 9.60 inches, 2 WSW Hudson 9.09 inches. In Nacogdoches County, 4 NW Appleby 9.91 inches, Nacogdoches Arbor Oaks 8.35 inches, 10 NE Nacogdoches 6.38 inches. In Sabine County, Pineland 15.67 inches, Sabine South RAWS 14.36 inches, 4 SSE Hemphill 8.77 inches. In San Augustine County, 15 SE Broaddus 19.01 inches, Ayish Bayou 15.45 inches. In Shelby County, 4 SSW Huxley 13.24 inches, Center 0.6 NW 6.62 inches, Center 4.26 inches. In addition, the Neches River gauge near Rockland recorded 21.93 inches, with Sam Rayburn Dam recording 18.21 inches.",Old Johnson School Road was closed due to flooding.,CSV
201708,29,540,201708,29,1745,118330,711063,TEXAS,48,2017,August,Flash Flood,C,5,ANGELINA,SHV,29-Aug-17 5:40:00,CST-6,29-Aug-17 17:45:00,0,0,0,0,0.00K,0.00K,Law Enforcement,,,Heavy Rain,,,,,,,,,1,SSW,PEAVY,1,SSW,PEAVY,31.2635,-94.8304,31.269,-94.8242,"Tropical Storm Harvey emerged back over the Northwest Gulf of Mexico during the morning hours of August 28th, and intensified slightly as drifted northwest just off the Southeast Texas coast, eventually making a 3rd landfall near Cameron, Louisiana during the early morning hours of August 30th. The persistent outer bands of Tropical Storm Harvey began consistently affecting Angelina County, Texas during the afternoon and evening of August 27th, with persistent training resulting in flash flooding. Breaks in the heavy rain were observed through much of the 28th before affecting Angelina County again during the late afternoon/evening hours, which continued through the early morning hours on August 29th. After Harvey made landfall in far Southwest Louisiana during the early morning hours of August 30th, the more concentrated bands of heavy rain were concentrated on the northwest side of the center, which slowly drifted northeast into Central Louisiana during the afternoon and evening hours. Thus, more significant reports of flash flooding were received across Deep East Texas and Westcentral Louisiana, before drier air had begun to wrap around the center, thus reducing rainfall rates as the center moved into Northeast Louisiana during the early morning hours of August 31st. In addition to the widespread flooding, reports of downed trees and power lines were received over portions of Deep East Texas and Northcentral Louisiana, as some of the stronger squalls produced wind gusts to 35-40 mph with locally higher gusts atop already saturated grounds.||Here are some of the 4 day cumulative rainfall reports across Deep East Texas from Tropical Storm Harvey: In Angelina County, 2 ESE Zavalla 20.27 inches, 2 ENE Zavalla 17.32 inches, Huntington 13.94 inches, Lufkin Angelina Airport 12.11 inches, 1 SSE Lufkin 11.96 inches, 3 SW Lufkin 11.74 inches, 8 W Lufkin 10.17 inches, 5 WNW Lufkin 10.00 inches, 7 W Lufkin 9.60 inches, 2 WSW Hudson 9.09 inches. In Nacogdoches County, 4 NW Appleby 9.91 inches, Nacogdoches Arbor Oaks 8.35 inches, 10 NE Nacogdoches 6.38 inches. In Sabine County, Pineland 15.67 inches, Sabine South RAWS 14.36 inches, 4 SSE Hemphill 8.77 inches. In San Augustine County, 15 SE Broaddus 19.01 inches, Ayish Bayou 15.45 inches. In Shelby County, 4 SSW Huxley 13.24 inches, Center 0.6 NW 6.62 inches, Center 4.26 inches. In addition, the Neches River gauge near Rockland recorded 21.93 inches, with Sam Rayburn Dam recording 18.21 inches.",Farm to Market Road 2497 was closed due to flooding.,CSV
201708,29,700,201708,30,800,119753,721130,TEXAS,48,2017,August,Flash Flood,C,167,GALVESTON,HGX,29-Aug-17 7:00:00,CST-6,30-Aug-17 8:00:00,0,0,0,0,0.00K,0.00K,Department of Highways,,,Heavy Rain / Tropical System,,,,,,,,,2,SE,HIGH IS,2,SE,HIGH IS,29.5527,-94.3775,29.5541,-94.3799,"Harvey made landfall as a category 4 hurricane near Rockport, Texas during the evening of August 25th. The storm then weakened to a tropical storm and slowed,  looping back and tracking over SE Texas then back over the Gulf of Mexico making a second landfall along the Louisiana coast during the early morning hours of August 30th. Over that 5 day period over Southeast Texas TS Harvey produced catastrophic flooding with a large area of 30 to 60 inches of rain, 23 tornadoes, tropical storm force winds and a moderate storm surge near Matagorda Bay.  In some of the heavier bands rain fell at a rate of over 5 inches per hour. This copious record amount of rain over a  led to catastrophic flooding. Thousands of homes, businesses, and roads were flooded due to flash flooding and sheet flow from long duration intense rain. Main stem rivers and adjoining tributaries, creeks and bayous reached full capacity and came out of their banks and this also contributed to the massive flooding across southeastern Texas.","Heavy rainfall exacerbated the the flooding of low lying areas along Highway 87 at Highway 124 on the eastern side of Bolivar Peninsula.||Approximately 7,000 homes and 125 businesses were impacted by flood waters across the county. Clear Creek measured record levels that lead to the widespread flooding throughout Friendswood and League City. Major flooding occurred along the Dickinson Bayou; from Cemetery Road to east of Highway 3 along FM 517. Flood waters inundated sections of Interstate 45, Bay Area Boulevard, FM 528, FM 518 and numerous primary and secondary county roads.",CSV
201708,29,1039,201708,30,800,119753,721131,TEXAS,48,2017,August,Flash Flood,C,291,LIBERTY,HGX,29-Aug-17 10:39:00,CST-6,30-Aug-17 8:00:00,0,0,0,0,0.00K,0.00K,Department of Highways,,,Heavy Rain / Tropical System,,,,,,,,,1,S,LIBERTY,1,W,AMES,30.0513,-94.7959,30.0483,-94.7626,"Harvey made landfall as a category 4 hurricane near Rockport, Texas during the evening of August 25th. The storm then weakened to a tropical storm and slowed,  looping back and tracking over SE Texas then back over the Gulf of Mexico making a second landfall along the Louisiana coast during the early morning hours of August 30th. Over that 5 day period over Southeast Texas TS Harvey produced catastrophic flooding with a large area of 30 to 60 inches of rain, 23 tornadoes, tropical storm force winds and a moderate storm surge near Matagorda Bay.  In some of the heavier bands rain fell at a rate of over 5 inches per hour. This copious record amount of rain over a  led to catastrophic flooding. Thousands of homes, businesses, and roads were flooded due to flash flooding and sheet flow from long duration intense rain. Main stem rivers and adjoining tributaries, creeks and bayous reached full capacity and came out of their banks and this also contributed to the massive flooding across southeastern Texas.",Portions of FM 563 were covered with high water and had become impassable.,CSV
201708,29,1158,201708,30,1200,119753,721133,TEXAS,48,2017,August,Flash Flood,C,167,GALVESTON,HGX,29-Aug-17 11:58:00,CST-6,30-Aug-17 12:00:00,0,0,0,0,1.00K,0.00K,Department of Highways,,,Heavy Rain / Tropical System,,,,,,,,,3,ENE,GALVESTON,3,ENE,GALVESTON,29.3132,-94.7732,29.3146,-94.769,"Harvey made landfall as a category 4 hurricane near Rockport, Texas during the evening of August 25th. The storm then weakened to a tropical storm and slowed,  looping back and tracking over SE Texas then back over the Gulf of Mexico making a second landfall along the Louisiana coast during the early morning hours of August 30th. Over that 5 day period over Southeast Texas TS Harvey produced catastrophic flooding with a large area of 30 to 60 inches of rain, 23 tornadoes, tropical storm force winds and a moderate storm surge near Matagorda Bay.  In some of the heavier bands rain fell at a rate of over 5 inches per hour. This copious record amount of rain over a  led to catastrophic flooding. Thousands of homes, businesses, and roads were flooded due to flash flooding and sheet flow from long duration intense rain. Main stem rivers and adjoining tributaries, creeks and bayous reached full capacity and came out of their banks and this also contributed to the massive flooding across southeastern Texas.","Areas along Highway 87, or Ferry Drive south of Harborside Drive, were flooded and impassable.",CSV
201708,29,1714,201708,31,600,119753,721135,TEXAS,48,2017,August,Flash Flood,C,71,CHAMBERS,HGX,29-Aug-17 17:14:00,CST-6,31-Aug-17 6:00:00,0,0,0,0,0.00K,0.00K,Department of Highways,,,Heavy Rain / Tropical System,,,,,,,,,2,SSE,MONROE CITY,3,N,MONROE CITY,29.7551,-94.5676,29.824,-94.582,"Harvey made landfall as a category 4 hurricane near Rockport, Texas during the evening of August 25th. The storm then weakened to a tropical storm and slowed,  looping back and tracking over SE Texas then back over the Gulf of Mexico making a second landfall along the Louisiana coast during the early morning hours of August 30th. Over that 5 day period over Southeast Texas TS Harvey produced catastrophic flooding with a large area of 30 to 60 inches of rain, 23 tornadoes, tropical storm force winds and a moderate storm surge near Matagorda Bay.  In some of the heavier bands rain fell at a rate of over 5 inches per hour. This copious record amount of rain over a  led to catastrophic flooding. Thousands of homes, businesses, and roads were flooded due to flash flooding and sheet flow from long duration intense rain. Main stem rivers and adjoining tributaries, creeks and bayous reached full capacity and came out of their banks and this also contributed to the massive flooding across southeastern Texas.",Flooding occurred over Texas Roads 61 and 65 just east of Anahuac.,CSV
201708,29,1804,201708,31,600,119753,721136,TEXAS,48,2017,August,Flash Flood,C,201,HARRIS,HGX,29-Aug-17 18:04:00,CST-6,31-Aug-17 6:00:00,0,0,0,0,0.00K,0.00K,Department of Highways,,,Heavy Rain / Tropical System,,,,,,,,,2,WNW,WESTFIELD,2,W,WESTFIELD,30.0342,-95.4334,30.0174,-95.4331,"Harvey made landfall as a category 4 hurricane near Rockport, Texas during the evening of August 25th. The storm then weakened to a tropical storm and slowed,  looping back and tracking over SE Texas then back over the Gulf of Mexico making a second landfall along the Louisiana coast during the early morning hours of August 30th. Over that 5 day period over Southeast Texas TS Harvey produced catastrophic flooding with a large area of 30 to 60 inches of rain, 23 tornadoes, tropical storm force winds and a moderate storm surge near Matagorda Bay.  In some of the heavier bands rain fell at a rate of over 5 inches per hour. This copious record amount of rain over a  led to catastrophic flooding. Thousands of homes, businesses, and roads were flooded due to flash flooding and sheet flow from long duration intense rain. Main stem rivers and adjoining tributaries, creeks and bayous reached full capacity and came out of their banks and this also contributed to the massive flooding across southeastern Texas.",FM 1960 at Interstate 45 and surrounding roadways within local neighborhoods were inundated with flood waters and impassable.||Catastrophic flooding occurred on nearly every one of the 22 watersheds in Harris County. 10 out of the 19 bayous in the county reached record crests and flooding. There was widespread flooding along Buffalo Bayou and upstream and downstream of both Addicks and Barkers Reservoirs due to record level pool elevations. There was major flooding of hundreds of homes within numerous neighboring subdivisions along the San Jacinto River and the East Fork of the San Jacinto River. Lake Conroe's releases and backwater flow from Lake Houston also contributed to the widespread flooding across the northern and northeastern sectors of the county.,CSV
201708,29,1425,201708,31,1200,119753,721134,TEXAS,48,2017,August,Flash Flood,C,71,CHAMBERS,HGX,29-Aug-17 14:25:00,CST-6,31-Aug-17 12:00:00,0,0,0,0,0.00K,0.00K,Department of Highways,,,Heavy Rain / Tropical System,,,,,,,,,2,ENE,HANKAMER,4,NW,WINNIE,29.8598,-94.5992,29.8598,-94.4179,"Harvey made landfall as a category 4 hurricane near Rockport, Texas during the evening of August 25th. The storm then weakened to a tropical storm and slowed,  looping back and tracking over SE Texas then back over the Gulf of Mexico making a second landfall along the Louisiana coast during the early morning hours of August 30th. Over that 5 day period over Southeast Texas TS Harvey produced catastrophic flooding with a large area of 30 to 60 inches of rain, 23 tornadoes, tropical storm force winds and a moderate storm surge near Matagorda Bay.  In some of the heavier bands rain fell at a rate of over 5 inches per hour. This copious record amount of rain over a  led to catastrophic flooding. Thousands of homes, businesses, and roads were flooded due to flash flooding and sheet flow from long duration intense rain. Main stem rivers and adjoining tributaries, creeks and bayous reached full capacity and came out of their banks and this also contributed to the massive flooding across southeastern Texas.",Sections of Interstate 10 west of Winnie were inundated and closed due to high flood waters.,CSV
201708,29,2229,201708,30,1600,119746,719496,TEXAS,48,2017,August,Flash Flood,C,241,JASPER,LCH,29-Aug-17 22:29:00,CST-6,30-Aug-17 16:00:00,0,0,0,0,85.00M,0.00K,Emergency Manager,,,Heavy Rain / Tropical System,,,,,,,,,28,W,BEECH GROVE,19,ESE,GIST,30.9235,-94.5992,31.2083,-93.5815,"Harvey moved across the Gulf of Mexico into the central Texas Coast during the last week of August. After the initial landfall, the cyclone moved back into the gulf a couple days later and then made another landfall in Southwest Louisiana during the morning of the 30th. The first rains from the system moved across the region during the afternoon of the 25th and finally ended during the morning of September 1. One to 5 feet of rain fell across Southeast Texas during the week which in some cases was slightly more than a normal yearly rainfall total. Widespread flooding occurred and a new rainfall record was set regarding the total for a tropical cyclone in the United States.","Harvey produced 20 to 40 inches of rain across a large portion of Jasper County. This resulted in over 4,000 homes being flooded. Worst hit areas were Kirbyville, Buna, and Weiss Bluff. The Neches River had its second highest crest at Evadale.",CSV
201708,29,2229,201708,30,1600,119746,719497,TEXAS,48,2017,August,Flash Flood,C,351,NEWTON,LCH,29-Aug-17 22:29:00,CST-6,30-Aug-17 16:00:00,0,0,2,0,45.00M,0.00K,Emergency Manager,,,Heavy Rain / Tropical System,,,,,,,,,6,SE,BURKEVILLE,13,S,HARTBURG,30.9449,-93.5458,30.0598,-93.7189,"Harvey moved across the Gulf of Mexico into the central Texas Coast during the last week of August. After the initial landfall, the cyclone moved back into the gulf a couple days later and then made another landfall in Southwest Louisiana during the morning of the 30th. The first rains from the system moved across the region during the afternoon of the 25th and finally ended during the morning of September 1. One to 5 feet of rain fell across Southeast Texas during the week which in some cases was slightly more than a normal yearly rainfall total. Widespread flooding occurred and a new rainfall record was set regarding the total for a tropical cyclone in the United States.","Harvey produced 20 to 40 inches of rain across a large portion of the Newton County. This resulted in near 2,000 homes being flooded. Hardest hit areas were Trout Creek, Call, and along Big Cow Creek and the Sabine River. The Sabine River reached its 3rd, 4th, and 5th highest crests at Deweyville, Bon Weir, and Burkville respectively.",CSV
201708,30,1700,201708,30,1900,118330,711050,TEXAS,48,2017,August,Flash Flood,C,5,ANGELINA,SHV,30-Aug-17 17:00:00,CST-6,30-Aug-17 19:00:00,0,0,0,0,0.00K,0.00K,Law Enforcement,,,Heavy Rain,,,,,,,,,3,SW,ZAVALLA,3,SW,ZAVALLA,31.1188,-94.4607,31.1204,-94.457,"Tropical Storm Harvey emerged back over the Northwest Gulf of Mexico during the morning hours of August 28th, and intensified slightly as drifted northwest just off the Southeast Texas coast, eventually making a 3rd landfall near Cameron, Louisiana during the early morning hours of August 30th. The persistent outer bands of Tropical Storm Harvey began consistently affecting Angelina County, Texas during the afternoon and evening of August 27th, with persistent training resulting in flash flooding. Breaks in the heavy rain were observed through much of the 28th before affecting Angelina County again during the late afternoon/evening hours, which continued through the early morning hours on August 29th. After Harvey made landfall in far Southwest Louisiana during the early morning hours of August 30th, the more concentrated bands of heavy rain were concentrated on the northwest side of the center, which slowly drifted northeast into Central Louisiana during the afternoon and evening hours. Thus, more significant reports of flash flooding were received across Deep East Texas and Westcentral Louisiana, before drier air had begun to wrap around the center, thus reducing rainfall rates as the center moved into Northeast Louisiana during the early morning hours of August 31st. In addition to the widespread flooding, reports of downed trees and power lines were received over portions of Deep East Texas and Northcentral Louisiana, as some of the stronger squalls produced wind gusts to 35-40 mph with locally higher gusts atop already saturated grounds.||Here are some of the 4 day cumulative rainfall reports across Deep East Texas from Tropical Storm Harvey: In Angelina County, 2 ESE Zavalla 20.27 inches, 2 ENE Zavalla 17.32 inches, Huntington 13.94 inches, Lufkin Angelina Airport 12.11 inches, 1 SSE Lufkin 11.96 inches, 3 SW Lufkin 11.74 inches, 8 W Lufkin 10.17 inches, 5 WNW Lufkin 10.00 inches, 7 W Lufkin 9.60 inches, 2 WSW Hudson 9.09 inches. In Nacogdoches County, 4 NW Appleby 9.91 inches, Nacogdoches Arbor Oaks 8.35 inches, 10 NE Nacogdoches 6.38 inches. In Sabine County, Pineland 15.67 inches, Sabine South RAWS 14.36 inches, 4 SSE Hemphill 8.77 inches. In San Augustine County, 15 SE Broaddus 19.01 inches, Ayish Bayou 15.45 inches. In Shelby County, 4 SSW Huxley 13.24 inches, Center 0.6 NW 6.62 inches, Center 4.26 inches. In addition, the Neches River gauge near Rockland recorded 21.93 inches, with Sam Rayburn Dam recording 18.21 inches.",Farm to Market Road 1270 and Sandy Creek Road was closed due to high water.,CSV
201708,30,1205,201708,31,245,118330,711072,TEXAS,48,2017,August,Flash Flood,C,403,SABINE,SHV,30-Aug-17 12:05:00,CST-6,31-Aug-17 2:45:00,0,0,0,0,0.00K,0.00K,Law Enforcement,,,Heavy Rain,,,,,,,,,1,NNW,HEMPHILL,1,N,HEMPHILL,31.3501,-93.8588,31.3502,-93.8476,"Tropical Storm Harvey emerged back over the Northwest Gulf of Mexico during the morning hours of August 28th, and intensified slightly as drifted northwest just off the Southeast Texas coast, eventually making a 3rd landfall near Cameron, Louisiana during the early morning hours of August 30th. The persistent outer bands of Tropical Storm Harvey began consistently affecting Angelina County, Texas during the afternoon and evening of August 27th, with persistent training resulting in flash flooding. Breaks in the heavy rain were observed through much of the 28th before affecting Angelina County again during the late afternoon/evening hours, which continued through the early morning hours on August 29th. After Harvey made landfall in far Southwest Louisiana during the early morning hours of August 30th, the more concentrated bands of heavy rain were concentrated on the northwest side of the center, which slowly drifted northeast into Central Louisiana during the afternoon and evening hours. Thus, more significant reports of flash flooding were received across Deep East Texas and Westcentral Louisiana, before drier air had begun to wrap around the center, thus reducing rainfall rates as the center moved into Northeast Louisiana during the early morning hours of August 31st. In addition to the widespread flooding, reports of downed trees and power lines were received over portions of Deep East Texas and Northcentral Louisiana, as some of the stronger squalls produced wind gusts to 35-40 mph with locally higher gusts atop already saturated grounds.||Here are some of the 4 day cumulative rainfall reports across Deep East Texas from Tropical Storm Harvey: In Angelina County, 2 ESE Zavalla 20.27 inches, 2 ENE Zavalla 17.32 inches, Huntington 13.94 inches, Lufkin Angelina Airport 12.11 inches, 1 SSE Lufkin 11.96 inches, 3 SW Lufkin 11.74 inches, 8 W Lufkin 10.17 inches, 5 WNW Lufkin 10.00 inches, 7 W Lufkin 9.60 inches, 2 WSW Hudson 9.09 inches. In Nacogdoches County, 4 NW Appleby 9.91 inches, Nacogdoches Arbor Oaks 8.35 inches, 10 NE Nacogdoches 6.38 inches. In Sabine County, Pineland 15.67 inches, Sabine South RAWS 14.36 inches, 4 SSE Hemphill 8.77 inches. In San Augustine County, 15 SE Broaddus 19.01 inches, Ayish Bayou 15.45 inches. In Shelby County, 4 SSW Huxley 13.24 inches, Center 0.6 NW 6.62 inches, Center 4.26 inches. In addition, the Neches River gauge near Rockland recorded 21.93 inches, with Sam Rayburn Dam recording 18.21 inches.",Arnold and Barber Streets in Hemphill were closed due to high water.,CSV
201708,30,1212,201708,31,245,118330,711078,TEXAS,48,2017,August,Flash Flood,C,405,SAN AUGUSTINE,SHV,30-Aug-17 12:12:00,CST-6,31-Aug-17 2:45:00,0,0,0,0,0.00K,0.00K,Law Enforcement,,,Heavy Rain,,,,,,,,,10,SSE,CHINQUAPIN,10,SSE,CHINQUAPIN,31.2535,-94.0606,31.2533,-94.0548,"Tropical Storm Harvey emerged back over the Northwest Gulf of Mexico during the morning hours of August 28th, and intensified slightly as drifted northwest just off the Southeast Texas coast, eventually making a 3rd landfall near Cameron, Louisiana during the early morning hours of August 30th. The persistent outer bands of Tropical Storm Harvey began consistently affecting Angelina County, Texas during the afternoon and evening of August 27th, with persistent training resulting in flash flooding. Breaks in the heavy rain were observed through much of the 28th before affecting Angelina County again during the late afternoon/evening hours, which continued through the early morning hours on August 29th. After Harvey made landfall in far Southwest Louisiana during the early morning hours of August 30th, the more concentrated bands of heavy rain were concentrated on the northwest side of the center, which slowly drifted northeast into Central Louisiana during the afternoon and evening hours. Thus, more significant reports of flash flooding were received across Deep East Texas and Westcentral Louisiana, before drier air had begun to wrap around the center, thus reducing rainfall rates as the center moved into Northeast Louisiana during the early morning hours of August 31st. In addition to the widespread flooding, reports of downed trees and power lines were received over portions of Deep East Texas and Northcentral Louisiana, as some of the stronger squalls produced wind gusts to 35-40 mph with locally higher gusts atop already saturated grounds.||Here are some of the 4 day cumulative rainfall reports across Deep East Texas from Tropical Storm Harvey: In Angelina County, 2 ESE Zavalla 20.27 inches, 2 ENE Zavalla 17.32 inches, Huntington 13.94 inches, Lufkin Angelina Airport 12.11 inches, 1 SSE Lufkin 11.96 inches, 3 SW Lufkin 11.74 inches, 8 W Lufkin 10.17 inches, 5 WNW Lufkin 10.00 inches, 7 W Lufkin 9.60 inches, 2 WSW Hudson 9.09 inches. In Nacogdoches County, 4 NW Appleby 9.91 inches, Nacogdoches Arbor Oaks 8.35 inches, 10 NE Nacogdoches 6.38 inches. In Sabine County, Pineland 15.67 inches, Sabine South RAWS 14.36 inches, 4 SSE Hemphill 8.77 inches. In San Augustine County, 15 SE Broaddus 19.01 inches, Ayish Bayou 15.45 inches. In Shelby County, 4 SSW Huxley 13.24 inches, Center 0.6 NW 6.62 inches, Center 4.26 inches. In addition, the Neches River gauge near Rockland recorded 21.93 inches, with Sam Rayburn Dam recording 18.21 inches.","High water over Highway 83 on Huckleberry Creek, just east of FM 1751.",CSV
201708,30,1301,201708,31,245,118330,711079,TEXAS,48,2017,August,Flash Flood,C,403,SABINE,SHV,30-Aug-17 13:01:00,CST-6,31-Aug-17 2:45:00,0,0,0,0,0.00K,0.00K,Law Enforcement,,,Heavy Rain,,,,,,,,,2,SE,MILAM,2,ESE,MILAM,31.4088,-93.8332,31.4156,-93.8132,"Tropical Storm Harvey emerged back over the Northwest Gulf of Mexico during the morning hours of August 28th, and intensified slightly as drifted northwest just off the Southeast Texas coast, eventually making a 3rd landfall near Cameron, Louisiana during the early morning hours of August 30th. The persistent outer bands of Tropical Storm Harvey began consistently affecting Angelina County, Texas during the afternoon and evening of August 27th, with persistent training resulting in flash flooding. Breaks in the heavy rain were observed through much of the 28th before affecting Angelina County again during the late afternoon/evening hours, which continued through the early morning hours on August 29th. After Harvey made landfall in far Southwest Louisiana during the early morning hours of August 30th, the more concentrated bands of heavy rain were concentrated on the northwest side of the center, which slowly drifted northeast into Central Louisiana during the afternoon and evening hours. Thus, more significant reports of flash flooding were received across Deep East Texas and Westcentral Louisiana, before drier air had begun to wrap around the center, thus reducing rainfall rates as the center moved into Northeast Louisiana during the early morning hours of August 31st. In addition to the widespread flooding, reports of downed trees and power lines were received over portions of Deep East Texas and Northcentral Louisiana, as some of the stronger squalls produced wind gusts to 35-40 mph with locally higher gusts atop already saturated grounds.||Here are some of the 4 day cumulative rainfall reports across Deep East Texas from Tropical Storm Harvey: In Angelina County, 2 ESE Zavalla 20.27 inches, 2 ENE Zavalla 17.32 inches, Huntington 13.94 inches, Lufkin Angelina Airport 12.11 inches, 1 SSE Lufkin 11.96 inches, 3 SW Lufkin 11.74 inches, 8 W Lufkin 10.17 inches, 5 WNW Lufkin 10.00 inches, 7 W Lufkin 9.60 inches, 2 WSW Hudson 9.09 inches. In Nacogdoches County, 4 NW Appleby 9.91 inches, Nacogdoches Arbor Oaks 8.35 inches, 10 NE Nacogdoches 6.38 inches. In Sabine County, Pineland 15.67 inches, Sabine South RAWS 14.36 inches, 4 SSE Hemphill 8.77 inches. In San Augustine County, 15 SE Broaddus 19.01 inches, Ayish Bayou 15.45 inches. In Shelby County, 4 SSW Huxley 13.24 inches, Center 0.6 NW 6.62 inches, Center 4.26 inches. In addition, the Neches River gauge near Rockland recorded 21.93 inches, with Sam Rayburn Dam recording 18.21 inches.",Davidson Road was washed out and impassable.,CSV
201708,30,1409,201708,31,245,118330,711081,TEXAS,48,2017,August,Flash Flood,C,403,SABINE,SHV,30-Aug-17 14:09:00,CST-6,31-Aug-17 2:45:00,0,0,0,0,0.00K,0.00K,Broadcast Media,,,Heavy Rain,,,,,,,,,1,NE,PINELAND,3,ESE,PLAINVIEW,31.2582,-93.9705,31.3026,-93.9304,"Tropical Storm Harvey emerged back over the Northwest Gulf of Mexico during the morning hours of August 28th, and intensified slightly as drifted northwest just off the Southeast Texas coast, eventually making a 3rd landfall near Cameron, Louisiana during the early morning hours of August 30th. The persistent outer bands of Tropical Storm Harvey began consistently affecting Angelina County, Texas during the afternoon and evening of August 27th, with persistent training resulting in flash flooding. Breaks in the heavy rain were observed through much of the 28th before affecting Angelina County again during the late afternoon/evening hours, which continued through the early morning hours on August 29th. After Harvey made landfall in far Southwest Louisiana during the early morning hours of August 30th, the more concentrated bands of heavy rain were concentrated on the northwest side of the center, which slowly drifted northeast into Central Louisiana during the afternoon and evening hours. Thus, more significant reports of flash flooding were received across Deep East Texas and Westcentral Louisiana, before drier air had begun to wrap around the center, thus reducing rainfall rates as the center moved into Northeast Louisiana during the early morning hours of August 31st. In addition to the widespread flooding, reports of downed trees and power lines were received over portions of Deep East Texas and Northcentral Louisiana, as some of the stronger squalls produced wind gusts to 35-40 mph with locally higher gusts atop already saturated grounds.||Here are some of the 4 day cumulative rainfall reports across Deep East Texas from Tropical Storm Harvey: In Angelina County, 2 ESE Zavalla 20.27 inches, 2 ENE Zavalla 17.32 inches, Huntington 13.94 inches, Lufkin Angelina Airport 12.11 inches, 1 SSE Lufkin 11.96 inches, 3 SW Lufkin 11.74 inches, 8 W Lufkin 10.17 inches, 5 WNW Lufkin 10.00 inches, 7 W Lufkin 9.60 inches, 2 WSW Hudson 9.09 inches. In Nacogdoches County, 4 NW Appleby 9.91 inches, Nacogdoches Arbor Oaks 8.35 inches, 10 NE Nacogdoches 6.38 inches. In Sabine County, Pineland 15.67 inches, Sabine South RAWS 14.36 inches, 4 SSE Hemphill 8.77 inches. In San Augustine County, 15 SE Broaddus 19.01 inches, Ayish Bayou 15.45 inches. In Shelby County, 4 SSW Huxley 13.24 inches, Center 0.6 NW 6.62 inches, Center 4.26 inches. In addition, the Neches River gauge near Rockland recorded 21.93 inches, with Sam Rayburn Dam recording 18.21 inches.",Highway 83 between Hemphill and Pineland was closed due to flooding.,CSV
201708,30,1538,201708,30,1900,118330,711083,TEXAS,48,2017,August,Flash Flood,C,5,ANGELINA,SHV,30-Aug-17 15:38:00,CST-6,30-Aug-17 19:00:00,0,0,0,0,0.00K,0.00K,Law Enforcement,,,Heavy Rain,,,,,,,,,1,WNW,DUNAGAN STATION,1,WNW,DUNAGAN STATION,31.3536,-94.7998,31.3534,-94.7933,"Tropical Storm Harvey emerged back over the Northwest Gulf of Mexico during the morning hours of August 28th, and intensified slightly as drifted northwest just off the Southeast Texas coast, eventually making a 3rd landfall near Cameron, Louisiana during the early morning hours of August 30th. The persistent outer bands of Tropical Storm Harvey began consistently affecting Angelina County, Texas during the afternoon and evening of August 27th, with persistent training resulting in flash flooding. Breaks in the heavy rain were observed through much of the 28th before affecting Angelina County again during the late afternoon/evening hours, which continued through the early morning hours on August 29th. After Harvey made landfall in far Southwest Louisiana during the early morning hours of August 30th, the more concentrated bands of heavy rain were concentrated on the northwest side of the center, which slowly drifted northeast into Central Louisiana during the afternoon and evening hours. Thus, more significant reports of flash flooding were received across Deep East Texas and Westcentral Louisiana, before drier air had begun to wrap around the center, thus reducing rainfall rates as the center moved into Northeast Louisiana during the early morning hours of August 31st. In addition to the widespread flooding, reports of downed trees and power lines were received over portions of Deep East Texas and Northcentral Louisiana, as some of the stronger squalls produced wind gusts to 35-40 mph with locally higher gusts atop already saturated grounds.||Here are some of the 4 day cumulative rainfall reports across Deep East Texas from Tropical Storm Harvey: In Angelina County, 2 ESE Zavalla 20.27 inches, 2 ENE Zavalla 17.32 inches, Huntington 13.94 inches, Lufkin Angelina Airport 12.11 inches, 1 SSE Lufkin 11.96 inches, 3 SW Lufkin 11.74 inches, 8 W Lufkin 10.17 inches, 5 WNW Lufkin 10.00 inches, 7 W Lufkin 9.60 inches, 2 WSW Hudson 9.09 inches. In Nacogdoches County, 4 NW Appleby 9.91 inches, Nacogdoches Arbor Oaks 8.35 inches, 10 NE Nacogdoches 6.38 inches. In Sabine County, Pineland 15.67 inches, Sabine South RAWS 14.36 inches, 4 SSE Hemphill 8.77 inches. In San Augustine County, 15 SE Broaddus 19.01 inches, Ayish Bayou 15.45 inches. In Shelby County, 4 SSW Huxley 13.24 inches, Center 0.6 NW 6.62 inches, Center 4.26 inches. In addition, the Neches River gauge near Rockland recorded 21.93 inches, with Sam Rayburn Dam recording 18.21 inches.",FM 3150 at Jack Creek was washed out and closed.,CSV
201708,30,1842,201708,30,1900,118330,711089,TEXAS,48,2017,August,Flash Flood,C,5,ANGELINA,SHV,30-Aug-17 18:42:00,CST-6,30-Aug-17 19:00:00,0,0,0,0,0.00K,0.00K,Broadcast Media,,,Heavy Rain,,,,,,,,,1,S,ZAVALLA,1,SSE,ZAVALLA,31.1372,-94.4287,31.1372,-94.4259,"Tropical Storm Harvey emerged back over the Northwest Gulf of Mexico during the morning hours of August 28th, and intensified slightly as drifted northwest just off the Southeast Texas coast, eventually making a 3rd landfall near Cameron, Louisiana during the early morning hours of August 30th. The persistent outer bands of Tropical Storm Harvey began consistently affecting Angelina County, Texas during the afternoon and evening of August 27th, with persistent training resulting in flash flooding. Breaks in the heavy rain were observed through much of the 28th before affecting Angelina County again during the late afternoon/evening hours, which continued through the early morning hours on August 29th. After Harvey made landfall in far Southwest Louisiana during the early morning hours of August 30th, the more concentrated bands of heavy rain were concentrated on the northwest side of the center, which slowly drifted northeast into Central Louisiana during the afternoon and evening hours. Thus, more significant reports of flash flooding were received across Deep East Texas and Westcentral Louisiana, before drier air had begun to wrap around the center, thus reducing rainfall rates as the center moved into Northeast Louisiana during the early morning hours of August 31st. In addition to the widespread flooding, reports of downed trees and power lines were received over portions of Deep East Texas and Northcentral Louisiana, as some of the stronger squalls produced wind gusts to 35-40 mph with locally higher gusts atop already saturated grounds.||Here are some of the 4 day cumulative rainfall reports across Deep East Texas from Tropical Storm Harvey: In Angelina County, 2 ESE Zavalla 20.27 inches, 2 ENE Zavalla 17.32 inches, Huntington 13.94 inches, Lufkin Angelina Airport 12.11 inches, 1 SSE Lufkin 11.96 inches, 3 SW Lufkin 11.74 inches, 8 W Lufkin 10.17 inches, 5 WNW Lufkin 10.00 inches, 7 W Lufkin 9.60 inches, 2 WSW Hudson 9.09 inches. In Nacogdoches County, 4 NW Appleby 9.91 inches, Nacogdoches Arbor Oaks 8.35 inches, 10 NE Nacogdoches 6.38 inches. In Sabine County, Pineland 15.67 inches, Sabine South RAWS 14.36 inches, 4 SSE Hemphill 8.77 inches. In San Augustine County, 15 SE Broaddus 19.01 inches, Ayish Bayou 15.45 inches. In Shelby County, 4 SSW Huxley 13.24 inches, Center 0.6 NW 6.62 inches, Center 4.26 inches. In addition, the Neches River gauge near Rockland recorded 21.93 inches, with Sam Rayburn Dam recording 18.21 inches.",One lane of Highway 69 near Hubert Cryer Road south of Zavalla was flooded.,CSV
201708,30,1842,201708,30,1900,118330,711090,TEXAS,48,2017,August,Flash Flood,C,5,ANGELINA,SHV,30-Aug-17 18:42:00,CST-6,30-Aug-17 19:00:00,0,0,0,0,0.00K,0.00K,Broadcast Media,,,Heavy Rain,,,,,,,,,1,SW,PEAVY,1,SSW,PEAVY,31.2687,-94.8297,31.264,-94.8323,"Tropical Storm Harvey emerged back over the Northwest Gulf of Mexico during the morning hours of August 28th, and intensified slightly as drifted northwest just off the Southeast Texas coast, eventually making a 3rd landfall near Cameron, Louisiana during the early morning hours of August 30th. The persistent outer bands of Tropical Storm Harvey began consistently affecting Angelina County, Texas during the afternoon and evening of August 27th, with persistent training resulting in flash flooding. Breaks in the heavy rain were observed through much of the 28th before affecting Angelina County again during the late afternoon/evening hours, which continued through the early morning hours on August 29th. After Harvey made landfall in far Southwest Louisiana during the early morning hours of August 30th, the more concentrated bands of heavy rain were concentrated on the northwest side of the center, which slowly drifted northeast into Central Louisiana during the afternoon and evening hours. Thus, more significant reports of flash flooding were received across Deep East Texas and Westcentral Louisiana, before drier air had begun to wrap around the center, thus reducing rainfall rates as the center moved into Northeast Louisiana during the early morning hours of August 31st. In addition to the widespread flooding, reports of downed trees and power lines were received over portions of Deep East Texas and Northcentral Louisiana, as some of the stronger squalls produced wind gusts to 35-40 mph with locally higher gusts atop already saturated grounds.||Here are some of the 4 day cumulative rainfall reports across Deep East Texas from Tropical Storm Harvey: In Angelina County, 2 ESE Zavalla 20.27 inches, 2 ENE Zavalla 17.32 inches, Huntington 13.94 inches, Lufkin Angelina Airport 12.11 inches, 1 SSE Lufkin 11.96 inches, 3 SW Lufkin 11.74 inches, 8 W Lufkin 10.17 inches, 5 WNW Lufkin 10.00 inches, 7 W Lufkin 9.60 inches, 2 WSW Hudson 9.09 inches. In Nacogdoches County, 4 NW Appleby 9.91 inches, Nacogdoches Arbor Oaks 8.35 inches, 10 NE Nacogdoches 6.38 inches. In Sabine County, Pineland 15.67 inches, Sabine South RAWS 14.36 inches, 4 SSE Hemphill 8.77 inches. In San Augustine County, 15 SE Broaddus 19.01 inches, Ayish Bayou 15.45 inches. In Shelby County, 4 SSW Huxley 13.24 inches, Center 0.6 NW 6.62 inches, Center 4.26 inches. In addition, the Neches River gauge near Rockland recorded 21.93 inches, with Sam Rayburn Dam recording 18.21 inches.",Ryan's Chapel Road (FM 2497) was flooded and closed.,CSV
201708,30,1842,201708,31,245,118330,711092,TEXAS,48,2017,August,Flash Flood,C,403,SABINE,SHV,30-Aug-17 18:42:00,CST-6,31-Aug-17 2:45:00,0,0,0,0,0.00K,0.00K,Broadcast Media,,,Heavy Rain,,,,,,,,,1,NNW,GENEVA,1,N,GENEVA,31.4817,-93.9389,31.4829,-93.933,"Tropical Storm Harvey emerged back over the Northwest Gulf of Mexico during the morning hours of August 28th, and intensified slightly as drifted northwest just off the Southeast Texas coast, eventually making a 3rd landfall near Cameron, Louisiana during the early morning hours of August 30th. The persistent outer bands of Tropical Storm Harvey began consistently affecting Angelina County, Texas during the afternoon and evening of August 27th, with persistent training resulting in flash flooding. Breaks in the heavy rain were observed through much of the 28th before affecting Angelina County again during the late afternoon/evening hours, which continued through the early morning hours on August 29th. After Harvey made landfall in far Southwest Louisiana during the early morning hours of August 30th, the more concentrated bands of heavy rain were concentrated on the northwest side of the center, which slowly drifted northeast into Central Louisiana during the afternoon and evening hours. Thus, more significant reports of flash flooding were received across Deep East Texas and Westcentral Louisiana, before drier air had begun to wrap around the center, thus reducing rainfall rates as the center moved into Northeast Louisiana during the early morning hours of August 31st. In addition to the widespread flooding, reports of downed trees and power lines were received over portions of Deep East Texas and Northcentral Louisiana, as some of the stronger squalls produced wind gusts to 35-40 mph with locally higher gusts atop already saturated grounds.||Here are some of the 4 day cumulative rainfall reports across Deep East Texas from Tropical Storm Harvey: In Angelina County, 2 ESE Zavalla 20.27 inches, 2 ENE Zavalla 17.32 inches, Huntington 13.94 inches, Lufkin Angelina Airport 12.11 inches, 1 SSE Lufkin 11.96 inches, 3 SW Lufkin 11.74 inches, 8 W Lufkin 10.17 inches, 5 WNW Lufkin 10.00 inches, 7 W Lufkin 9.60 inches, 2 WSW Hudson 9.09 inches. In Nacogdoches County, 4 NW Appleby 9.91 inches, Nacogdoches Arbor Oaks 8.35 inches, 10 NE Nacogdoches 6.38 inches. In Sabine County, Pineland 15.67 inches, Sabine South RAWS 14.36 inches, 4 SSE Hemphill 8.77 inches. In San Augustine County, 15 SE Broaddus 19.01 inches, Ayish Bayou 15.45 inches. In Shelby County, 4 SSW Huxley 13.24 inches, Center 0.6 NW 6.62 inches, Center 4.26 inches. In addition, the Neches River gauge near Rockland recorded 21.93 inches, with Sam Rayburn Dam recording 18.21 inches.",Water was over Highway 21 at the Maddux Creek bridge near FM 330 and FM 3448.,CSV
201708,30,1842,201708,31,245,118330,711093,TEXAS,48,2017,August,Flash Flood,C,403,SABINE,SHV,30-Aug-17 18:42:00,CST-6,31-Aug-17 2:45:00,0,0,0,0,0.00K,0.00K,Broadcast Media,,,Heavy Rain,,,,,,,,,0,WNW,FAIRMOUNT,0,WNW,FAIRMOUNT,31.2018,-93.737,31.2026,-93.7364,"Tropical Storm Harvey emerged back over the Northwest Gulf of Mexico during the morning hours of August 28th, and intensified slightly as drifted northwest just off the Southeast Texas coast, eventually making a 3rd landfall near Cameron, Louisiana during the early morning hours of August 30th. The persistent outer bands of Tropical Storm Harvey began consistently affecting Angelina County, Texas during the afternoon and evening of August 27th, with persistent training resulting in flash flooding. Breaks in the heavy rain were observed through much of the 28th before affecting Angelina County again during the late afternoon/evening hours, which continued through the early morning hours on August 29th. After Harvey made landfall in far Southwest Louisiana during the early morning hours of August 30th, the more concentrated bands of heavy rain were concentrated on the northwest side of the center, which slowly drifted northeast into Central Louisiana during the afternoon and evening hours. Thus, more significant reports of flash flooding were received across Deep East Texas and Westcentral Louisiana, before drier air had begun to wrap around the center, thus reducing rainfall rates as the center moved into Northeast Louisiana during the early morning hours of August 31st. In addition to the widespread flooding, reports of downed trees and power lines were received over portions of Deep East Texas and Northcentral Louisiana, as some of the stronger squalls produced wind gusts to 35-40 mph with locally higher gusts atop already saturated grounds.||Here are some of the 4 day cumulative rainfall reports across Deep East Texas from Tropical Storm Harvey: In Angelina County, 2 ESE Zavalla 20.27 inches, 2 ENE Zavalla 17.32 inches, Huntington 13.94 inches, Lufkin Angelina Airport 12.11 inches, 1 SSE Lufkin 11.96 inches, 3 SW Lufkin 11.74 inches, 8 W Lufkin 10.17 inches, 5 WNW Lufkin 10.00 inches, 7 W Lufkin 9.60 inches, 2 WSW Hudson 9.09 inches. In Nacogdoches County, 4 NW Appleby 9.91 inches, Nacogdoches Arbor Oaks 8.35 inches, 10 NE Nacogdoches 6.38 inches. In Sabine County, Pineland 15.67 inches, Sabine South RAWS 14.36 inches, 4 SSE Hemphill 8.77 inches. In San Augustine County, 15 SE Broaddus 19.01 inches, Ayish Bayou 15.45 inches. In Shelby County, 4 SSW Huxley 13.24 inches, Center 0.6 NW 6.62 inches, Center 4.26 inches. In addition, the Neches River gauge near Rockland recorded 21.93 inches, with Sam Rayburn Dam recording 18.21 inches.",High water across Willow Oak Road near Toledo Bend Lake.,CSV
201708,30,1842,201708,31,245,118330,711405,TEXAS,48,2017,August,Flash Flood,C,403,SABINE,SHV,30-Aug-17 18:42:00,CST-6,31-Aug-17 2:45:00,0,0,0,0,0.00K,0.00K,Social Media,,,Heavy Rain,,,,,,,,,0,W,PINELAND,0,ENE,PINELAND,31.25,-93.9855,31.2515,-93.9741,"Tropical Storm Harvey emerged back over the Northwest Gulf of Mexico during the morning hours of August 28th, and intensified slightly as drifted northwest just off the Southeast Texas coast, eventually making a 3rd landfall near Cameron, Louisiana during the early morning hours of August 30th. The persistent outer bands of Tropical Storm Harvey began consistently affecting Angelina County, Texas during the afternoon and evening of August 27th, with persistent training resulting in flash flooding. Breaks in the heavy rain were observed through much of the 28th before affecting Angelina County again during the late afternoon/evening hours, which continued through the early morning hours on August 29th. After Harvey made landfall in far Southwest Louisiana during the early morning hours of August 30th, the more concentrated bands of heavy rain were concentrated on the northwest side of the center, which slowly drifted northeast into Central Louisiana during the afternoon and evening hours. Thus, more significant reports of flash flooding were received across Deep East Texas and Westcentral Louisiana, before drier air had begun to wrap around the center, thus reducing rainfall rates as the center moved into Northeast Louisiana during the early morning hours of August 31st. In addition to the widespread flooding, reports of downed trees and power lines were received over portions of Deep East Texas and Northcentral Louisiana, as some of the stronger squalls produced wind gusts to 35-40 mph with locally higher gusts atop already saturated grounds.||Here are some of the 4 day cumulative rainfall reports across Deep East Texas from Tropical Storm Harvey: In Angelina County, 2 ESE Zavalla 20.27 inches, 2 ENE Zavalla 17.32 inches, Huntington 13.94 inches, Lufkin Angelina Airport 12.11 inches, 1 SSE Lufkin 11.96 inches, 3 SW Lufkin 11.74 inches, 8 W Lufkin 10.17 inches, 5 WNW Lufkin 10.00 inches, 7 W Lufkin 9.60 inches, 2 WSW Hudson 9.09 inches. In Nacogdoches County, 4 NW Appleby 9.91 inches, Nacogdoches Arbor Oaks 8.35 inches, 10 NE Nacogdoches 6.38 inches. In Sabine County, Pineland 15.67 inches, Sabine South RAWS 14.36 inches, 4 SSE Hemphill 8.77 inches. In San Augustine County, 15 SE Broaddus 19.01 inches, Ayish Bayou 15.45 inches. In Shelby County, 4 SSW Huxley 13.24 inches, Center 0.6 NW 6.62 inches, Center 4.26 inches. In addition, the Neches River gauge near Rockland recorded 21.93 inches, with Sam Rayburn Dam recording 18.21 inches.",FM 83 in Pineland between FM 1 and Highway 96 was flooded and closed.,CSV
201708,30,1842,201708,31,245,118330,711407,TEXAS,48,2017,August,Flash Flood,C,403,SABINE,SHV,30-Aug-17 18:42:00,CST-6,31-Aug-17 2:45:00,0,0,0,0,0.00K,0.00K,Broadcast Media,,,Heavy Rain,,,,,,,,,3,WNW,MAGASCO,3,WNW,MAGASCO,31.2938,-94.0276,31.2928,-94.0271,"Tropical Storm Harvey emerged back over the Northwest Gulf of Mexico during the morning hours of August 28th, and intensified slightly as drifted northwest just off the Southeast Texas coast, eventually making a 3rd landfall near Cameron, Louisiana during the early morning hours of August 30th. The persistent outer bands of Tropical Storm Harvey began consistently affecting Angelina County, Texas during the afternoon and evening of August 27th, with persistent training resulting in flash flooding. Breaks in the heavy rain were observed through much of the 28th before affecting Angelina County again during the late afternoon/evening hours, which continued through the early morning hours on August 29th. After Harvey made landfall in far Southwest Louisiana during the early morning hours of August 30th, the more concentrated bands of heavy rain were concentrated on the northwest side of the center, which slowly drifted northeast into Central Louisiana during the afternoon and evening hours. Thus, more significant reports of flash flooding were received across Deep East Texas and Westcentral Louisiana, before drier air had begun to wrap around the center, thus reducing rainfall rates as the center moved into Northeast Louisiana during the early morning hours of August 31st. In addition to the widespread flooding, reports of downed trees and power lines were received over portions of Deep East Texas and Northcentral Louisiana, as some of the stronger squalls produced wind gusts to 35-40 mph with locally higher gusts atop already saturated grounds.||Here are some of the 4 day cumulative rainfall reports across Deep East Texas from Tropical Storm Harvey: In Angelina County, 2 ESE Zavalla 20.27 inches, 2 ENE Zavalla 17.32 inches, Huntington 13.94 inches, Lufkin Angelina Airport 12.11 inches, 1 SSE Lufkin 11.96 inches, 3 SW Lufkin 11.74 inches, 8 W Lufkin 10.17 inches, 5 WNW Lufkin 10.00 inches, 7 W Lufkin 9.60 inches, 2 WSW Hudson 9.09 inches. In Nacogdoches County, 4 NW Appleby 9.91 inches, Nacogdoches Arbor Oaks 8.35 inches, 10 NE Nacogdoches 6.38 inches. In Sabine County, Pineland 15.67 inches, Sabine South RAWS 14.36 inches, 4 SSE Hemphill 8.77 inches. In San Augustine County, 15 SE Broaddus 19.01 inches, Ayish Bayou 15.45 inches. In Shelby County, 4 SSW Huxley 13.24 inches, Center 0.6 NW 6.62 inches, Center 4.26 inches. In addition, the Neches River gauge near Rockland recorded 21.93 inches, with Sam Rayburn Dam recording 18.21 inches.",A section of FM 2866 was impassible due to flooding.,CSV
201708,30,1842,201708,31,245,118330,711408,TEXAS,48,2017,August,Flash Flood,C,403,SABINE,SHV,30-Aug-17 18:42:00,CST-6,31-Aug-17 2:45:00,0,0,0,0,0.00K,0.00K,Broadcast Media,,,Heavy Rain,,,,,,,,,0,W,FAIRMOUNT,0,WNW,FAIRMOUNT,31.1998,-93.7363,31.2007,-93.7339,"Tropical Storm Harvey emerged back over the Northwest Gulf of Mexico during the morning hours of August 28th, and intensified slightly as drifted northwest just off the Southeast Texas coast, eventually making a 3rd landfall near Cameron, Louisiana during the early morning hours of August 30th. The persistent outer bands of Tropical Storm Harvey began consistently affecting Angelina County, Texas during the afternoon and evening of August 27th, with persistent training resulting in flash flooding. Breaks in the heavy rain were observed through much of the 28th before affecting Angelina County again during the late afternoon/evening hours, which continued through the early morning hours on August 29th. After Harvey made landfall in far Southwest Louisiana during the early morning hours of August 30th, the more concentrated bands of heavy rain were concentrated on the northwest side of the center, which slowly drifted northeast into Central Louisiana during the afternoon and evening hours. Thus, more significant reports of flash flooding were received across Deep East Texas and Westcentral Louisiana, before drier air had begun to wrap around the center, thus reducing rainfall rates as the center moved into Northeast Louisiana during the early morning hours of August 31st. In addition to the widespread flooding, reports of downed trees and power lines were received over portions of Deep East Texas and Northcentral Louisiana, as some of the stronger squalls produced wind gusts to 35-40 mph with locally higher gusts atop already saturated grounds.||Here are some of the 4 day cumulative rainfall reports across Deep East Texas from Tropical Storm Harvey: In Angelina County, 2 ESE Zavalla 20.27 inches, 2 ENE Zavalla 17.32 inches, Huntington 13.94 inches, Lufkin Angelina Airport 12.11 inches, 1 SSE Lufkin 11.96 inches, 3 SW Lufkin 11.74 inches, 8 W Lufkin 10.17 inches, 5 WNW Lufkin 10.00 inches, 7 W Lufkin 9.60 inches, 2 WSW Hudson 9.09 inches. In Nacogdoches County, 4 NW Appleby 9.91 inches, Nacogdoches Arbor Oaks 8.35 inches, 10 NE Nacogdoches 6.38 inches. In Sabine County, Pineland 15.67 inches, Sabine South RAWS 14.36 inches, 4 SSE Hemphill 8.77 inches. In San Augustine County, 15 SE Broaddus 19.01 inches, Ayish Bayou 15.45 inches. In Shelby County, 4 SSW Huxley 13.24 inches, Center 0.6 NW 6.62 inches, Center 4.26 inches. In addition, the Neches River gauge near Rockland recorded 21.93 inches, with Sam Rayburn Dam recording 18.21 inches.",Highway 87 near FM 3315 in the Fairmount community was closed due to high water.,CSV
201708,30,1842,201708,31,245,118330,711409,TEXAS,48,2017,August,Flash Flood,C,403,SABINE,SHV,30-Aug-17 18:42:00,CST-6,31-Aug-17 2:45:00,0,0,0,0,0.00K,0.00K,Broadcast Media,,,Heavy Rain,,,,,,,,,2,ENE,PLAINVIEW,3,NE,PLAINVIEW,31.3292,-93.9402,31.3411,-93.9353,"Tropical Storm Harvey emerged back over the Northwest Gulf of Mexico during the morning hours of August 28th, and intensified slightly as drifted northwest just off the Southeast Texas coast, eventually making a 3rd landfall near Cameron, Louisiana during the early morning hours of August 30th. The persistent outer bands of Tropical Storm Harvey began consistently affecting Angelina County, Texas during the afternoon and evening of August 27th, with persistent training resulting in flash flooding. Breaks in the heavy rain were observed through much of the 28th before affecting Angelina County again during the late afternoon/evening hours, which continued through the early morning hours on August 29th. After Harvey made landfall in far Southwest Louisiana during the early morning hours of August 30th, the more concentrated bands of heavy rain were concentrated on the northwest side of the center, which slowly drifted northeast into Central Louisiana during the afternoon and evening hours. Thus, more significant reports of flash flooding were received across Deep East Texas and Westcentral Louisiana, before drier air had begun to wrap around the center, thus reducing rainfall rates as the center moved into Northeast Louisiana during the early morning hours of August 31st. In addition to the widespread flooding, reports of downed trees and power lines were received over portions of Deep East Texas and Northcentral Louisiana, as some of the stronger squalls produced wind gusts to 35-40 mph with locally higher gusts atop already saturated grounds.||Here are some of the 4 day cumulative rainfall reports across Deep East Texas from Tropical Storm Harvey: In Angelina County, 2 ESE Zavalla 20.27 inches, 2 ENE Zavalla 17.32 inches, Huntington 13.94 inches, Lufkin Angelina Airport 12.11 inches, 1 SSE Lufkin 11.96 inches, 3 SW Lufkin 11.74 inches, 8 W Lufkin 10.17 inches, 5 WNW Lufkin 10.00 inches, 7 W Lufkin 9.60 inches, 2 WSW Hudson 9.09 inches. In Nacogdoches County, 4 NW Appleby 9.91 inches, Nacogdoches Arbor Oaks 8.35 inches, 10 NE Nacogdoches 6.38 inches. In Sabine County, Pineland 15.67 inches, Sabine South RAWS 14.36 inches, 4 SSE Hemphill 8.77 inches. In San Augustine County, 15 SE Broaddus 19.01 inches, Ayish Bayou 15.45 inches. In Shelby County, 4 SSW Huxley 13.24 inches, Center 0.6 NW 6.62 inches, Center 4.26 inches. In addition, the Neches River gauge near Rockland recorded 21.93 inches, with Sam Rayburn Dam recording 18.21 inches.",FM 2024 was covered in high water in several locations.,CSV
201708,30,1700,201708,30,1900,118330,711412,TEXAS,48,2017,August,Flash Flood,C,5,ANGELINA,SHV,30-Aug-17 17:00:00,CST-6,30-Aug-17 19:00:00,0,0,0,0,0.00K,0.00K,Department of Highways,,,Heavy Rain,,,,,,,,,6,WSW,SHAWNEE,5,SW,SHAWNEE,31.1766,-94.6086,31.1787,-94.5894,"Tropical Storm Harvey emerged back over the Northwest Gulf of Mexico during the morning hours of August 28th, and intensified slightly as drifted northwest just off the Southeast Texas coast, eventually making a 3rd landfall near Cameron, Louisiana during the early morning hours of August 30th. The persistent outer bands of Tropical Storm Harvey began consistently affecting Angelina County, Texas during the afternoon and evening of August 27th, with persistent training resulting in flash flooding. Breaks in the heavy rain were observed through much of the 28th before affecting Angelina County again during the late afternoon/evening hours, which continued through the early morning hours on August 29th. After Harvey made landfall in far Southwest Louisiana during the early morning hours of August 30th, the more concentrated bands of heavy rain were concentrated on the northwest side of the center, which slowly drifted northeast into Central Louisiana during the afternoon and evening hours. Thus, more significant reports of flash flooding were received across Deep East Texas and Westcentral Louisiana, before drier air had begun to wrap around the center, thus reducing rainfall rates as the center moved into Northeast Louisiana during the early morning hours of August 31st. In addition to the widespread flooding, reports of downed trees and power lines were received over portions of Deep East Texas and Northcentral Louisiana, as some of the stronger squalls produced wind gusts to 35-40 mph with locally higher gusts atop already saturated grounds.||Here are some of the 4 day cumulative rainfall reports across Deep East Texas from Tropical Storm Harvey: In Angelina County, 2 ESE Zavalla 20.27 inches, 2 ENE Zavalla 17.32 inches, Huntington 13.94 inches, Lufkin Angelina Airport 12.11 inches, 1 SSE Lufkin 11.96 inches, 3 SW Lufkin 11.74 inches, 8 W Lufkin 10.17 inches, 5 WNW Lufkin 10.00 inches, 7 W Lufkin 9.60 inches, 2 WSW Hudson 9.09 inches. In Nacogdoches County, 4 NW Appleby 9.91 inches, Nacogdoches Arbor Oaks 8.35 inches, 10 NE Nacogdoches 6.38 inches. In Sabine County, Pineland 15.67 inches, Sabine South RAWS 14.36 inches, 4 SSE Hemphill 8.77 inches. In San Augustine County, 15 SE Broaddus 19.01 inches, Ayish Bayou 15.45 inches. In Shelby County, 4 SSW Huxley 13.24 inches, Center 0.6 NW 6.62 inches, Center 4.26 inches. In addition, the Neches River gauge near Rockland recorded 21.93 inches, with Sam Rayburn Dam recording 18.21 inches.","FM 1818 at Biloxi Creek, Bear Creek, and Little Buck Creek was flooded.",CSV
201708,30,2128,201708,31,245,118330,711413,TEXAS,48,2017,August,Flash Flood,C,419,SHELBY,SHV,30-Aug-17 21:28:00,CST-6,31-Aug-17 2:45:00,0,0,0,0,0.00K,0.00K,Department of Highways,,,Heavy Rain,,,,,,,,,4,W,CENTER,4,W,CENTER,31.7831,-94.2469,31.7825,-94.2457,"Tropical Storm Harvey emerged back over the Northwest Gulf of Mexico during the morning hours of August 28th, and intensified slightly as drifted northwest just off the Southeast Texas coast, eventually making a 3rd landfall near Cameron, Louisiana during the early morning hours of August 30th. The persistent outer bands of Tropical Storm Harvey began consistently affecting Angelina County, Texas during the afternoon and evening of August 27th, with persistent training resulting in flash flooding. Breaks in the heavy rain were observed through much of the 28th before affecting Angelina County again during the late afternoon/evening hours, which continued through the early morning hours on August 29th. After Harvey made landfall in far Southwest Louisiana during the early morning hours of August 30th, the more concentrated bands of heavy rain were concentrated on the northwest side of the center, which slowly drifted northeast into Central Louisiana during the afternoon and evening hours. Thus, more significant reports of flash flooding were received across Deep East Texas and Westcentral Louisiana, before drier air had begun to wrap around the center, thus reducing rainfall rates as the center moved into Northeast Louisiana during the early morning hours of August 31st. In addition to the widespread flooding, reports of downed trees and power lines were received over portions of Deep East Texas and Northcentral Louisiana, as some of the stronger squalls produced wind gusts to 35-40 mph with locally higher gusts atop already saturated grounds.||Here are some of the 4 day cumulative rainfall reports across Deep East Texas from Tropical Storm Harvey: In Angelina County, 2 ESE Zavalla 20.27 inches, 2 ENE Zavalla 17.32 inches, Huntington 13.94 inches, Lufkin Angelina Airport 12.11 inches, 1 SSE Lufkin 11.96 inches, 3 SW Lufkin 11.74 inches, 8 W Lufkin 10.17 inches, 5 WNW Lufkin 10.00 inches, 7 W Lufkin 9.60 inches, 2 WSW Hudson 9.09 inches. In Nacogdoches County, 4 NW Appleby 9.91 inches, Nacogdoches Arbor Oaks 8.35 inches, 10 NE Nacogdoches 6.38 inches. In Sabine County, Pineland 15.67 inches, Sabine South RAWS 14.36 inches, 4 SSE Hemphill 8.77 inches. In San Augustine County, 15 SE Broaddus 19.01 inches, Ayish Bayou 15.45 inches. In Shelby County, 4 SSW Huxley 13.24 inches, Center 0.6 NW 6.62 inches, Center 4.26 inches. In addition, the Neches River gauge near Rockland recorded 21.93 inches, with Sam Rayburn Dam recording 18.21 inches.",FM 138 over Bush Creek was covered in high water.,CSV
201708,30,2130,201708,31,245,118330,711414,TEXAS,48,2017,August,Flash Flood,C,419,SHELBY,SHV,30-Aug-17 21:30:00,CST-6,31-Aug-17 2:45:00,0,0,0,0,0.00K,0.00K,Department of Highways,,,Heavy Rain,,,,,,,,,2,S,RATROON,2,S,RATROON,31.5947,-93.9785,31.5928,-93.9747,"Tropical Storm Harvey emerged back over the Northwest Gulf of Mexico during the morning hours of August 28th, and intensified slightly as drifted northwest just off the Southeast Texas coast, eventually making a 3rd landfall near Cameron, Louisiana during the early morning hours of August 30th. The persistent outer bands of Tropical Storm Harvey began consistently affecting Angelina County, Texas during the afternoon and evening of August 27th, with persistent training resulting in flash flooding. Breaks in the heavy rain were observed through much of the 28th before affecting Angelina County again during the late afternoon/evening hours, which continued through the early morning hours on August 29th. After Harvey made landfall in far Southwest Louisiana during the early morning hours of August 30th, the more concentrated bands of heavy rain were concentrated on the northwest side of the center, which slowly drifted northeast into Central Louisiana during the afternoon and evening hours. Thus, more significant reports of flash flooding were received across Deep East Texas and Westcentral Louisiana, before drier air had begun to wrap around the center, thus reducing rainfall rates as the center moved into Northeast Louisiana during the early morning hours of August 31st. In addition to the widespread flooding, reports of downed trees and power lines were received over portions of Deep East Texas and Northcentral Louisiana, as some of the stronger squalls produced wind gusts to 35-40 mph with locally higher gusts atop already saturated grounds.||Here are some of the 4 day cumulative rainfall reports across Deep East Texas from Tropical Storm Harvey: In Angelina County, 2 ESE Zavalla 20.27 inches, 2 ENE Zavalla 17.32 inches, Huntington 13.94 inches, Lufkin Angelina Airport 12.11 inches, 1 SSE Lufkin 11.96 inches, 3 SW Lufkin 11.74 inches, 8 W Lufkin 10.17 inches, 5 WNW Lufkin 10.00 inches, 7 W Lufkin 9.60 inches, 2 WSW Hudson 9.09 inches. In Nacogdoches County, 4 NW Appleby 9.91 inches, Nacogdoches Arbor Oaks 8.35 inches, 10 NE Nacogdoches 6.38 inches. In Sabine County, Pineland 15.67 inches, Sabine South RAWS 14.36 inches, 4 SSE Hemphill 8.77 inches. In San Augustine County, 15 SE Broaddus 19.01 inches, Ayish Bayou 15.45 inches. In Shelby County, 4 SSW Huxley 13.24 inches, Center 0.6 NW 6.62 inches, Center 4.26 inches. In addition, the Neches River gauge near Rockland recorded 21.93 inches, with Sam Rayburn Dam recording 18.21 inches.",FM 353 at Highway 87 near the Patroon community was closed due to flooding.,CSV
201708,30,1211,201708,31,245,118330,711415,TEXAS,48,2017,August,Flash Flood,C,403,SABINE,SHV,30-Aug-17 12:11:00,CST-6,31-Aug-17 2:45:00,0,0,0,0,0.00K,0.00K,Law Enforcement,,,Heavy Rain,,,,,,,,,1,NNW,PINELAND,1,NNE,PINELAND,31.2585,-93.9857,31.257,-93.9771,"Tropical Storm Harvey emerged back over the Northwest Gulf of Mexico during the morning hours of August 28th, and intensified slightly as drifted northwest just off the Southeast Texas coast, eventually making a 3rd landfall near Cameron, Louisiana during the early morning hours of August 30th. The persistent outer bands of Tropical Storm Harvey began consistently affecting Angelina County, Texas during the afternoon and evening of August 27th, with persistent training resulting in flash flooding. Breaks in the heavy rain were observed through much of the 28th before affecting Angelina County again during the late afternoon/evening hours, which continued through the early morning hours on August 29th. After Harvey made landfall in far Southwest Louisiana during the early morning hours of August 30th, the more concentrated bands of heavy rain were concentrated on the northwest side of the center, which slowly drifted northeast into Central Louisiana during the afternoon and evening hours. Thus, more significant reports of flash flooding were received across Deep East Texas and Westcentral Louisiana, before drier air had begun to wrap around the center, thus reducing rainfall rates as the center moved into Northeast Louisiana during the early morning hours of August 31st. In addition to the widespread flooding, reports of downed trees and power lines were received over portions of Deep East Texas and Northcentral Louisiana, as some of the stronger squalls produced wind gusts to 35-40 mph with locally higher gusts atop already saturated grounds.||Here are some of the 4 day cumulative rainfall reports across Deep East Texas from Tropical Storm Harvey: In Angelina County, 2 ESE Zavalla 20.27 inches, 2 ENE Zavalla 17.32 inches, Huntington 13.94 inches, Lufkin Angelina Airport 12.11 inches, 1 SSE Lufkin 11.96 inches, 3 SW Lufkin 11.74 inches, 8 W Lufkin 10.17 inches, 5 WNW Lufkin 10.00 inches, 7 W Lufkin 9.60 inches, 2 WSW Hudson 9.09 inches. In Nacogdoches County, 4 NW Appleby 9.91 inches, Nacogdoches Arbor Oaks 8.35 inches, 10 NE Nacogdoches 6.38 inches. In Sabine County, Pineland 15.67 inches, Sabine South RAWS 14.36 inches, 4 SSE Hemphill 8.77 inches. In San Augustine County, 15 SE Broaddus 19.01 inches, Ayish Bayou 15.45 inches. In Shelby County, 4 SSW Huxley 13.24 inches, Center 0.6 NW 6.62 inches, Center 4.26 inches. In addition, the Neches River gauge near Rockland recorded 21.93 inches, with Sam Rayburn Dam recording 18.21 inches.","Timberland Drive, Maple Street, and Yaupon Street in Pineland were closed due to high water.",CSV
201708,30,250,201708,30,1845,118915,714371,TEXAS,48,2017,August,Tropical Storm,Z,165,ANGELINA,SHV,30-Aug-17 2:50:00,CST-6,30-Aug-17 18:45:00,0,0,0,0,0.00K,0.00K,Law Enforcement,,,,,,,,,,,,,,,,,,,,,,"Tropical Storm Harvey emerged back over the Northwest Gulf of Mexico during the morning hours of August 28th, and intensified slightly as drifted northwest just off the Southeast Texas coast, eventually making a 3rd landfall near Cameron, Louisiana during the early morning hours of August 30th. The persistent outer bands of Tropical Storm Harvey began consistently affecting Angelina, Nacogdoches, San Augustine, and Sabine Counties throughout the day on August 30th, resulting in reports of downed trees and power lines as some of the stronger squalls produced wind gusts to 35-40 mph with locally higher gusts atop already saturated grounds.  ||In Angelina County, trees were blown down on FM 1818 near Biloxi Creek about 5 miles east southeast of Diboll. In Nacogdoches County, power lines were blown down across FM 2259, 3 miles southeast of Highway 224 just southeast of Nacogdoches. A tree also fell across both lanes of FM 95 about 4 miles south of Martinsville. In San Augustine County, several trees and power lines were blown down in Broaddus. In Sabine County, a tree fell on FM 2024 just east of Bronson, causing a vehicle to crash. There were unknown injuries. In addition, trees were blown down across Highway 87 at Redhill Lake, Odis Lowe Road, and FM 1592 about 1 mile north of Highway 184 in Northern Sabine County.",,CSV
201708,30,250,201708,30,1845,118915,714372,TEXAS,48,2017,August,Tropical Storm,Z,152,NACOGDOCHES,SHV,30-Aug-17 2:50:00,CST-6,30-Aug-17 18:45:00,0,0,0,0,0.00K,0.00K,Law Enforcement,,,,,,,,,,,,,,,,,,,,,,"Tropical Storm Harvey emerged back over the Northwest Gulf of Mexico during the morning hours of August 28th, and intensified slightly as drifted northwest just off the Southeast Texas coast, eventually making a 3rd landfall near Cameron, Louisiana during the early morning hours of August 30th. The persistent outer bands of Tropical Storm Harvey began consistently affecting Angelina, Nacogdoches, San Augustine, and Sabine Counties throughout the day on August 30th, resulting in reports of downed trees and power lines as some of the stronger squalls produced wind gusts to 35-40 mph with locally higher gusts atop already saturated grounds.  ||In Angelina County, trees were blown down on FM 1818 near Biloxi Creek about 5 miles east southeast of Diboll. In Nacogdoches County, power lines were blown down across FM 2259, 3 miles southeast of Highway 224 just southeast of Nacogdoches. A tree also fell across both lanes of FM 95 about 4 miles south of Martinsville. In San Augustine County, several trees and power lines were blown down in Broaddus. In Sabine County, a tree fell on FM 2024 just east of Bronson, causing a vehicle to crash. There were unknown injuries. In addition, trees were blown down across Highway 87 at Redhill Lake, Odis Lowe Road, and FM 1592 about 1 mile north of Highway 184 in Northern Sabine County.",,CSV
201708,30,250,201708,30,1845,118915,714373,TEXAS,48,2017,August,Tropical Storm,Z,166,SAN AUGUSTINE,SHV,30-Aug-17 2:50:00,CST-6,30-Aug-17 18:45:00,0,0,0,0,0.00K,0.00K,Law Enforcement,,,,,,,,,,,,,,,,,,,,,,"Tropical Storm Harvey emerged back over the Northwest Gulf of Mexico during the morning hours of August 28th, and intensified slightly as drifted northwest just off the Southeast Texas coast, eventually making a 3rd landfall near Cameron, Louisiana during the early morning hours of August 30th. The persistent outer bands of Tropical Storm Harvey began consistently affecting Angelina, Nacogdoches, San Augustine, and Sabine Counties throughout the day on August 30th, resulting in reports of downed trees and power lines as some of the stronger squalls produced wind gusts to 35-40 mph with locally higher gusts atop already saturated grounds.  ||In Angelina County, trees were blown down on FM 1818 near Biloxi Creek about 5 miles east southeast of Diboll. In Nacogdoches County, power lines were blown down across FM 2259, 3 miles southeast of Highway 224 just southeast of Nacogdoches. A tree also fell across both lanes of FM 95 about 4 miles south of Martinsville. In San Augustine County, several trees and power lines were blown down in Broaddus. In Sabine County, a tree fell on FM 2024 just east of Bronson, causing a vehicle to crash. There were unknown injuries. In addition, trees were blown down across Highway 87 at Redhill Lake, Odis Lowe Road, and FM 1592 about 1 mile north of Highway 184 in Northern Sabine County.",,CSV
201708,30,250,201708,30,1845,118915,714374,TEXAS,48,2017,August,Tropical Storm,Z,167,SABINE,SHV,30-Aug-17 2:50:00,CST-6,30-Aug-17 18:45:00,0,0,0,0,0.00K,0.00K,Law Enforcement,,,,,,,,,,,,,,,,,,,,,,"Tropical Storm Harvey emerged back over the Northwest Gulf of Mexico during the morning hours of August 28th, and intensified slightly as drifted northwest just off the Southeast Texas coast, eventually making a 3rd landfall near Cameron, Louisiana during the early morning hours of August 30th. The persistent outer bands of Tropical Storm Harvey began consistently affecting Angelina, Nacogdoches, San Augustine, and Sabine Counties throughout the day on August 30th, resulting in reports of downed trees and power lines as some of the stronger squalls produced wind gusts to 35-40 mph with locally higher gusts atop already saturated grounds.  ||In Angelina County, trees were blown down on FM 1818 near Biloxi Creek about 5 miles east southeast of Diboll. In Nacogdoches County, power lines were blown down across FM 2259, 3 miles southeast of Highway 224 just southeast of Nacogdoches. A tree also fell across both lanes of FM 95 about 4 miles south of Martinsville. In San Augustine County, several trees and power lines were blown down in Broaddus. In Sabine County, a tree fell on FM 2024 just east of Bronson, causing a vehicle to crash. There were unknown injuries. In addition, trees were blown down across Highway 87 at Redhill Lake, Odis Lowe Road, and FM 1592 about 1 mile north of Highway 184 in Northern Sabine County.",,CSV
201708,30,0,201708,31,2359,119859,721361,TEXAS,48,2017,August,Flood,C,57,CALHOUN,CRP,30-Aug-17 0:00:00,CST-6,31-Aug-17 23:59:00,0,0,0,0,1.00M,0.00K,Newspaper,,,Heavy Rain / Tropical System,,,,,,,,,3,NNW,TIVOLI GULF CST ARPT,1,ENE,TIVOLI GULF CST ARPT,28.5048,-96.8874,28.4722,-96.8596,"Major Hurricane Harvey impacted the Middle Texas coast on August 25th and 26th. Harvey was the first category 4 hurricane to strike Texas since Hurricane Carla in 1961. Harvey severely affected the cities of Rockport, Fulton, Port Aransas, Aransas Pass, Ingleside, Holiday Beach, and Refugio. Minor to moderate damage occurred in cities of Portland, Corpus Christi, Seadrift, Woodsboro, Port Lavaca, Goliad, and Victoria.||Harvey weakened to a tropical wave as the system moved across the Caribbean Sea and the Yucatan peninsula from August 18th until the 22nd. Harvey formed into a tropical depression over the southern Gulf of Mexico on the morning of August 23rd. Harvey rapidly intensified from a tropical depression to a major hurricane in 40 hours as it moved northwest toward the Texas coast. Harvey continued to intensify as it approached the Middle Texas coast on August 25th and made landfall as a Category 4 hurricane during the evening hours. Harvey was the first major hurricane to make landfall on the Middle Texas coast since Hurricane Celia in August of 1970. ||Hurricane Harvey slowed down after landfall and weakened into a tropical storm on the afternoon of the 26th. Tropical Storm Harvey became nearly stationary west of Cuero from the evening of the 26th through the morning of the 27th. Harvey drifted southeastward across the Victoria Crossroads on the afternoon of the 27th. Harvey then moved into Matagorda Bay during the morning hours of the 28th and back into northwest Gulf of Mexico later that afternoon. Tropical storm conditions persisted near the northern portion of the Middle Texas coast into the early morning hours of the 29th.||Hurricane Harvey moved inland in Aransas County on San Jose Island around 830 PM CDT August 25th. Harvey had a minimum central pressure of 938 millibars and produced a maximum storm surge of 12.5 feet. Maximum sustained winds were estimated at 130 mph (115 knots) with gusts to 160 mph (140 knots).  In South Texas, the maximum recorded rainfall from Hurricane Harvey was 17.08 inches 4 miles northwest of Victoria. Radar estimates were close to 20 inches over eastern portions of Refugio County. The height of the storm tide, referenced to mean higher high water, ranged from 3 to 5 feet on northern Padre Island and around Port O'Connor to a maximum of 12.5 feet in northeast Aransas County in the Aransas National Wildlife Refuge near San Antonio Bay. Storm tide levels in the interior bays were generally from 5 to 8 feet with higher amounts near 10 feet on the south end of Copano Bay, the north end of Aransas Bay, and the north end of Lavaca Bay. ||There were no direct fatalities from Hurricane Harvey on the Middle Texas Coast. There were 2 indirect fatalities in Rockport and 1 near Bloomington. All of the associated affects from Hurricane Harvey in South Texas from August 25th to August 27th resulted in 14 injuries, $4.5 billion in property damage, and around $65 million in crop damage. Specifically in South Texas, Harvey's inland flooding resulted in $5 million in property damage. One tornado near Seadrift resulted in $10 thousand in property damage. The powerful winds resulted in 14 injuries, $4 billion in property damage, and $65 million in crop damage. The storm tide resulted in $530 million in property damage and a number of drowned livestock. Damage estimates to public property and infrastructure was $130 million in South Texas.||Hurricane Harvey blew down or damaged around 550 power transmission structures. American Electric Power (AEP) repaired or replaced around 5000 distribution poles that were blown down or damaged by Harvey. Almost four million total feet of transmission and distribution conductor were replaced, approximately 712 miles. Power was restored to around 200,000 customers within 2 weeks.||In Aransas County, widespread major damage occurred across the county with a few areas having catastrophic damage. Catastrophic damage was located across Copano Village, Holiday Beach, and Lamar with many homes, some elevated, with second stories completely collapsed. Nearly every structure was greatly impacted. A couple of brick homes were destroyed near Copano Village. Catastrophic damage occurred to homes in the Copano Ridge area. Nearly all the trees in the Holiday Beach, Lamar, and Goose Island State Park area were without leaves with many trees snapped or uprooted. Most of Rockport and Fulton experienced widespread major structural damage. Several homes in the Key Allegro subdivision collapsed. Exterior walls collapsed on the high school gymnasium, on several churches, and on several new hotels. Upper floors of several apartment buildings were removed. Mobile homes and recreational vehicles were demolished. Billboard signs were blown down. Numerous power poles were blown down or snapped. Six hangars were demolished at the Aransas County Airport along with many airplanes. The county remained without power for 2 to 3 weeks. A mesonet wind sensor at Aransas County Airport recorded sustained winds around 110 mph with a peak gust to 150 mph. Nearly 1500 homes were destroyed, almost 3800 homes suffered major damage, and 5350 homes suffered minor damage. There were 175 businesses with major damage. Storm surge greatly impacted Holiday Beach and Copano Village. The surge punched holes through walls and garage doors on the lower portions of most homes. The surge floated vehicles, recreational vehicles, and boats well inland. The surge approached and flowed across Egery Island Road and Farm to Market 136 in several locations south of Bayside in extreme western Aransas County. Numerous cattle were killed north of Holiday Beach. A large portion of Rattlesnake Point Road was eroded and washed away heading out to Redfish Lodge on Copano Bay. The pier south of the lodge was completely washed away. Storm surge of 4 to 5 feet was common across the county. The maximum storm surge of 12.5 feet occurred in the Aransas National Wildlife Refuge. There were 356 homes that received major damage from storm surge and there were 1126 homes that received minor damage from storm surge. There were 1200 homes that were affected by storm surge. From NOAA photos, there were 14 cuts formed on the southern end of San Jose Island.||In Nueces County, the most significant damage was in Port Aransas where widespread major damage occurred. There were 4170 homes that received major damage and 1036 homes destroyed. Most homes suffered major roof damage while some homes lost roofs and walls collapsed. There were 457 businesses with major damage and slightly more than 1100 homes with minor damage. Mobile homes and recreational vehicles were demolished. Numerous power poles were blown down or snapped. The roofs were damaged at the elementary, middle, and high schools for Port Aransas leading to water damage in the interior. In Corpus Christi, widespread minor property damage was common due to lost shingles and fences down. Some residences and businesses experienced moderate damage mainly across the northern part of the city. Taller buildings downtown suffered more significant damage and lost signs. A few highway signs were blown down. Minor roof damage was common to residences and business in North Padre Island with some areas with moderate damage. Peak wind gusts measured were around 130 mph in Port Aransas. Storm tides were from 6 to 8 feet in Port Aransas as the storm surge entered from the west from Corpus Christi and Redfish Bays. Numerous boats were damaged or destroyed and pushed out of their moorings onto high ground. A large drill boat broke loose, destroyed a pier, and became grounded along the jetty. Two tugs broke loose near the Gulf Intracoastal Waterway with one becoming grounded and the other sinking. Two ferries were damaged when they were pinned against the loading dock. The storm surge inundated Highway 361 along a 10 miles stretch from near the Mustang Island State Park to Port Aransas with the water several feet deep. A few boats became moored near Packery Channel. The Arnold Palmer designed golf course at Palmilla Beach south of Port Aransas was inundated by storm surge with water covering most of the course. Storm tide of 4 to 6 feet impacted residences and businesses in Padre Island from the Laguna Madre. Storm surge caused major damage to 520 homes and minor damage to 1327 homes. Storm surge affected an additional 2200 homes. The Port of Corpus Christi was shutdown for a record 6 days. Port Aransas Independent School District lost 8 buses due to damage from salt water.||In Calhoun County, minor to moderate property damage was common across the city of Port Lavaca with large areas of siding removed from a few well constructed homes. The tops of grain bins in Port Lavaca were peeled off. Numerous trees were blown down in the community of Seadrift. Many homes experienced minor to moderate roof and property damage. Some poorly constructed homes experienced major roof damage. In Port O'Connor, numerous trees were blown down with three quarters of the community experiencing minor roof damage. A few power poles were blown down. Minor to moderate roof damage occurred at Magnolia Beach, Alamo Beach, and Indianola. Over 2100 homes and 72 businesses received major damage while 421 homes were destroyed. There were 1865 homes with minor damage and 1575 homes affected. There was significant damage to the cotton crop in the county. Hundreds of acres unharvested cotton were ruined in the fields. Harvested cotton in modules and bales were damaged by the wind or blown into water filled ditches. The highest wind speed measured was 82 mph with gusts to 110 mph northwest of Seadrift. Storm tides averaged from 6 to 8 feet across Calhoun County with maximum tide levels around 10 feet recorded on the north end of Lavaca Bay while lower tides from 3 to 5 feet occurred from Port O'Connor to southeast of Seadrift next to Espiritu Santo Bay. In Port Lavaca, water from Chocolate Bay inundated the public boat ramp near Buren Road. The lower half of Buren Road was inundated. The entire marina along Lavaca Bay was strongly impacted with 16 boats declared a total loss with many of them sinking in the marina. Several boats were grounded next to the marina. The Bayfront Peninsula Park was inundated. Areas east of Broadway street were inundated with water reaching across Highway 35 in the area near Lighthouse Beach. Piers at Lighthouse Beach Park and Bayfront Peninsula Park were destroyed. Nearly the entire marina in Seadrift was inundated from storm surge with several boats grounded on the marina parking lot. Most of the wooden docks at the marina and a few wooden piers were destroyed. The storm surge reached Bay Avenue almost reaching the beachfront pavilion. Storm surge entered homes near the Bay Avenue and Orange Street intersection. In Magnolia Beach and Indianola, storm surge flooded nearly all of Magnolia Public Beach and crossed North Ocean Drive in a few spots. A few areas of South Ocean Drive near Indianola were inundated. Several older wooden docks and piers were destroyed. In Port O'Connor, storm surge from Matagorda Bay reached half of the way up Kingfisher Beach toward Park Street. The storm surge caused major damage to 56 homes, minor damage to 322 homes, and affected 446 homes across the county. A thousand foot cut was made through Matagorda Island.||In San Patricio County, the worst damage was confined to the eastern half of the county. Almost 8700 homes were affected by the hurricane. There were 155 homes destroyed, 425 homes with major damage, and slightly more than 3300 homes with minor damage. There were 72 businesses with major damage. The hardest hit areas were Aransas Pass and Ingleside where major damage occurred. Widespread roof damage and tree damage occurred in this area. Numerous large power poles were blown down across the eastern half of the county. The water tower in Aransas Pass was destroyed. Roof damage led to extensive interior damage to the Care Regional Medical Center in Aransas Pass. Power outage was widespread with some areas without power for over a week. There was widespread minor roof damage and fences blown down in Portland along with a few trees blown down. Minor roof damage occurred in Taft and a car wash was destroyed. A couple of grain silos at the Midway Gin near Taft were toppled over. Crop damage to cotton stored in modules occurred in the eastern part of the county. The peak wind recorded was in Aransas Pass with sustained wind speed of 100 mph with gusts to 135 mph at Conn Brown Harbor. Survey from the United States Geologic Survey (USGS) indicated a storm tide of around 4 feet impacted the area from Ingleside On-the-Bay to Aransas Pass. Numerous wooden piers and docks were damaged or destroyed. A couple of boats were damaged in the Conn Brown Harbor in Aransas Pass. Major flooding was experienced in the low part of Aransas Pass adjacent to the levee. One home suffered major damage from storm surge while 40 homes had minor damage. Around 540 homes were affected by storm surge.||In Refugio County, widespread moderate structural damage with pockets of major structural damage occurred in Refugio. Most homes and businesses had roof damage, broken windows, and damaged garage doors. Two motels received significant damage to their roofs. Gas station canopies and many signs were destroyed. A few brick structures experienced moderate damage. Numerous trees and power poles were blown down. Roof damage occurred to several churches, every school building in the district except for the athletic facility. The school gymnasiums and auditorium lost portion of their roofs. Several trailer homes and storage buildings were destroyed. There was widespread tree damage with a few very large trees completely uprooted. Widespread moderate structural damage occurred in Bayside, Austwell, and Tivoli. Numerous trees and power poles were blown down including some high tension power poles. In Woodsboro, widespread minor to moderate damage occurred with a few poorly constructed homes with major damage. The elementary gymnasium and auditorium roofs were blown off. Numerous trees and a few power poles were blown down. The Bayside Richardson Coop Gin near Woodsboro sustained major damage and 30 thousand bales of cotton in storage modules were damaged. A sensor deployed by Texas Tech measured sustained winds of 106 mph with gusts to 125 mph just west of Mission Bay before the sensor was hit by debris. Another sensor showed wind speed of 102 mph with gusts to 129 mph north of the intersection of Highway 35 and Farm to Market Road 774 in eastern Refugio County. Around 440 homes were destroyed, around 1050 homes experienced major damage, and 66 businesses suffered major damage. Around 750 homes had minor damage with another 310 homes affected. Storm tide varied across the bay areas of the county. The higher storm tides affected the northeast part of the county as the storm surge pushed in from San Antonio Bay. Storm surge reached 10 feet east of Tivoli near the mouth of the Guadalupe River. Storm tides were lower on the west side of Copano Bay with storm surge only reaching 3 to 4 feet. Water covered Farm to Market Road 136 near the Copano Bay Bridge. Only 2 homes were affected by storm surge in the county.||In Goliad County, widespread minor roof damage occurred in the city of Goliad. Numerous trees and a few power poles were blown down across the county. The roof of the old high school gymnasium was peeled off. A hole was punched in the roof of the new wing of the school. Some class rooms along with the weight room and dressing room suffered water damage. Three families were displaced from homes when roofs and walls collapsed. There was some minor structural damage to some homes in Goliad. Several barns were blown down throughout the county. Some livestock were injured.||In Victoria County, Widespread minor to moderate roof damage occurred in the city of Bloomington. Several mobile homes were destroyed. All but three facilities within the Bloomington school district suffered wind and water damage. Widespread minor roof damage occurred in the city of Victoria. Several trees and a few power poles were blown down. Fences and street signs were blown down across the city. The maximum wind gust recorded in Victoria was 85 mph. Maximum wind gusts in the southern part of the county were around 110 mph. Twenty seven homes were destroyed. Around 75 percent of residential and commercial properties in the county were damaged.   Hundreds of acres of unharvested cotton were damaged in the field. Harvested cotton in modules and bales were damaged also. A few barns and storage buildings were blown down across the county.",Major flooding occurred along the Guadalupe River from Hurricane Harvey. Several homes were flooded in Calhoun County along River Road east of Tivoli. State Highway 35 was closed near Tivoli. Major flooding continued into the first few days of September.,CSV
201708,30,1600,201708,31,2359,119746,720009,TEXAS,48,2017,August,Flood,C,245,JEFFERSON,LCH,30-Aug-17 16:00:00,CST-6,31-Aug-17 23:59:00,0,0,0,0,0.00K,0.00K,River/Stream Gage,,,Heavy Rain / Tropical System,,,,,,,,,1,SSW,VOTH,4,N,PINE CREST,30.1713,-94.1851,30.1731,-94.1123,"Harvey moved across the Gulf of Mexico into the central Texas Coast during the last week of August. After the initial landfall, the cyclone moved back into the gulf a couple days later and then made another landfall in Southwest Louisiana during the morning of the 30th. The first rains from the system moved across the region during the afternoon of the 25th and finally ended during the morning of September 1. One to 5 feet of rain fell across Southeast Texas during the week which in some cases was slightly more than a normal yearly rainfall total. Widespread flooding occurred and a new rainfall record was set regarding the total for a tropical cyclone in the United States.",Record river stages were observed along Pine Island Bayou and the lower Neches during Harvey. This kept lower sections of Jefferson County flooded into early September which included some river side refineries. The high stream flow in the Neches at Beaumont caused an under water natural gas pipeline to rupture. The river also caused a lot of erosion.,CSV
201708,30,1600,201708,31,2359,119746,720010,TEXAS,48,2017,August,Flood,C,361,ORANGE,LCH,30-Aug-17 16:00:00,CST-6,31-Aug-17 23:59:00,0,0,0,0,0.00K,0.00K,River/Stream Gage,,,Heavy Rain / Tropical System,,,,,,,,,6,S,ROSE CITY,5,SW,BRIDGE CITY,30.0181,-94.0457,29.9669,-93.8974,"Harvey moved across the Gulf of Mexico into the central Texas Coast during the last week of August. After the initial landfall, the cyclone moved back into the gulf a couple days later and then made another landfall in Southwest Louisiana during the morning of the 30th. The first rains from the system moved across the region during the afternoon of the 25th and finally ended during the morning of September 1. One to 5 feet of rain fell across Southeast Texas during the week which in some cases was slightly more than a normal yearly rainfall total. Widespread flooding occurred and a new rainfall record was set regarding the total for a tropical cyclone in the United States.",River levels hit record levels along the lower Neches and the Sabine hit the 2nd highest stage at Orange. This kept water in sections of Orange County into early September.,CSV
201708,30,2245,201708,30,2245,119746,719740,TEXAS,48,2017,August,Thunderstorm Wind,C,241,JASPER,LCH,30-Aug-17 22:45:00,CST-6,30-Aug-17 22:45:00,0,0,2,0,5.00K,0.00K,Broadcast Media,39,EG,,,,,,,,,,0,N,JASPER,0,N,JASPER,30.92,-94,30.92,-94,"Harvey moved across the Gulf of Mexico into the central Texas Coast during the last week of August. After the initial landfall, the cyclone moved back into the gulf a couple days later and then made another landfall in Southwest Louisiana during the morning of the 30th. The first rains from the system moved across the region during the afternoon of the 25th and finally ended during the morning of September 1. One to 5 feet of rain fell across Southeast Texas during the week which in some cases was slightly more than a normal yearly rainfall total. Widespread flooding occurred and a new rainfall record was set regarding the total for a tropical cyclone in the United States.","Tropical Storm Harvey moved into Cameron Parish with most sustained storm force winds confined to the coastal areas, however wind gusts of 35 to 45 mph were experienced well inland. These gusty winds combined with saturated soils produced conditions that allowed some trees to fall. One fell on a vehicle traveling along FM 777 near Jasper killing 2 occupants. The driver died instantly while the passenger a couple house later.",CSV