YEARMONTH,EPISODE_ID,EVENT_ID,LOCATION_INDEX,RANGE,AZIMUTH,LOCATION,LATITUDE,LONGITUDE,LAT2,LON2
201708,117226,705999,1,3.51,NE,LA GRANGE,38.44,-85.34,3826400,8520400
201708,117226,705999,2,4.19,NE,LA GRANGE,38.4463,-85.33,3826778,8519800
201708,117226,705999,3,4.17,NE,LA GRANGE,38.4493,-85.3355,3826958,8520130
201708,117226,705999,4,3.46,NNE,LA GRANGE,38.4438,-85.349,3826628,8520940
201708,117226,706000,1,1.48,SSE,PENDLETON,38.45,-85.29,3827000,8517400
201708,117225,704979,1,9.32,SSE,GILLETTE,44.16,-105.45,449600,10527000
201708,117192,704878,1,0.47,W,WINNETT,47,-108.36,4700,10821600
201708,117192,704879,1,0.47,E,WINNETT,47,-108.34,4700,10820400
201708,117222,704973,1,9.36,WNW,IDEAL,43.6,-100.06,4336000,1003600
201708,118067,709625,4,2.04,WSW,GLADSTONE,36.2858,-104.0021,3617148,104126
201708,118067,709626,1,7.04,E,MOSQUERO,35.7995,-103.8368,3547970,10350208
201708,118067,709626,2,8.91,E,MOSQUERO,35.8034,-103.8036,3548204,10348216
201708,118067,709626,3,9.34,E,MOSQUERO,35.7797,-103.7933,3546782,10347598
201708,118067,709626,4,7.34,E,MOSQUERO,35.7786,-103.829,3546716,10349740
201708,118067,709627,1,9.23,S,DAHLIA,34.989,-105.2384,3459340,10514304
201708,118067,709628,1,0.9,SE,LAKE ARTHUR,32.99,-104.36,3259400,10421600
201708,118067,709628,2,1.1,SSW,LAKE ARTHUR,32.9847,-104.3748,3259082,10422488
201708,118067,709628,4,1.83,S,LAKE ARTHUR,32.9736,-104.3715,3258416,10422290
201708,118067,709628,5,1.63,SE,LAKE ARTHUR,32.9819,-104.3519,3258914,10421114
201708,118083,709688,1,2.76,NNE,VICTORIA,44.885,-93.6226,4453100,9337356
201708,118161,710124,1,1.95,W,RED RIVER,36.7085,-105.4451,3642510,10526706
201708,118161,710124,2,1.91,W,RED RIVER,36.7073,-105.4443,3642438,10526658
201708,118161,710124,3,1.86,W,RED RIVER,36.7076,-105.4434,3642456,10526604
201708,118161,710124,4,1.89,W,RED RIVER,36.7093,-105.4441,3642558,10526646
201708,118210,710360,1,2.82,SSW,AMISTAD,35.88,-103.16,3552800,1039600
201708,118210,710361,1,3.84,SSW,AMISTAD,35.87,-103.18,3552200,10310800
201708,118211,710362,1,0,N,GASCON,35.89,-105.45,3553400,10527000
201708,118211,710363,1,1.38,N,POLVADERA,34.22,-106.92,3413200,10655200
201708,118212,710364,1,0,N,(ABQ)ALBUQUERQUE INTL AIRPORT,35.04,-106.62,352400,10637200
201708,119594,717508,1,5.33,ENE,GREEN ISLE,44.71,-93.92,4442600,9355200
201708,119594,717509,1,0.85,SE,HAMEL,45.04,-93.52,452400,9331200
201708,119594,717510,1,0.48,E,(AXN)CHNDLR FLD ALXN,45.87,-95.39,4552200,9523400
201708,117226,706000,2,2.19,SSE,PENDLETON,38.4406,-85.2848,3826436,8517088
201708,117226,706000,3,2.42,N,JERICHO,38.4348,-85.2846,3826088,8517076
201708,117735,707934,1,0.55,E,SENECA,36.63,-103.12,3637800,1037200
201708,117735,707936,1,2.15,NNW,FT SUMNER,34.5,-104.25,3430000,10415000
201708,117735,707938,1,0.57,W,FT SUMNER,34.47,-104.25,3428200,10415000
201708,117735,707943,1,7.47,NE,CLAPHAM,36.25,-103.28,3615000,10316800
201708,117735,707945,1,7.45,NNE,CLAPHAM,36.27,-103.32,3616200,10319200
201708,117735,707946,1,0,N,SEDAN,36.15,-103.13,369000,1037800
201708,117735,707948,1,0,N,SEDAN,36.15,-103.13,369000,1037800
201708,117739,707950,1,4.77,S,(LVS)LAS VEGAS AIRPORT,35.5915,-105.1296,3535490,1057776
201708,117739,707950,2,4.53,S,(LVS)LAS VEGAS AIRPORT,35.5951,-105.1286,3535706,1057716
201708,117739,707950,3,4.6,SSE,(LVS)LAS VEGAS AIRPORT,35.5952,-105.1213,3535712,1057278
201708,117739,707950,4,4.9,SSE,(LVS)LAS VEGAS AIRPORT,35.5913,-105.1185,3535478,1057110
201708,117765,708087,1,0,N,GRENVILLE,36.59,-103.61,3635400,10336600
201708,117765,708088,1,3.64,SSW,MESA,33.93,-104.69,3355800,10441400
201708,117765,708089,1,0,N,MT DORA,36.52,-103.49,3631200,10329400
201708,117765,708090,1,0,N,(CAO)CLAYTON ARPT,36.45,-103.15,3627000,1039000
201708,117765,708091,1,0.56,E,SOFIA,36.45,-103.81,3627000,10348600
201708,117765,708092,1,3.36,E,AMISTAD,35.92,-103.09,3555200,1035400
201708,117765,708093,1,1.32,WSW,LOGAN,35.36,-103.43,3521600,10325800
201708,117765,708094,1,26.95,S,ROSEBUD,35.45,-103.45,3527000,10327000
201708,117765,708095,1,26.95,S,ROSEBUD,35.45,-103.45,3527000,10327000
201708,117779,708102,1,2.57,WNW,GAYLORD,44.5654,-94.2676,4433924,9416056
201708,117779,708102,2,2.42,NNE,WINTHROP,44.5812,-94.3476,4434872,9420856
201708,117779,708104,1,2.51,W,PRIOR LAKE,44.7246,-93.4707,4443476,9328242
201708,117779,708104,2,3.4,WNW,PRIOR LAKE,44.7375,-93.4847,4444250,9329082
201708,117779,708105,1,0.17,E,LESTER PRAIRIE,44.8802,-94.0465,4452812,942790
201708,117779,708105,2,0.13,ENE,LESTER PRAIRIE,44.8804,-94.0475,4452824,942850
201708,117779,708106,1,3.79,SSE,NICOLLET,44.2279,-94.1762,4413674,9410572
201708,117779,708106,2,0.54,WSW,NICOLLET,44.2782,-94.2106,4416692,9412636
201708,117779,708109,1,2.88,SSE,NICOLLET,44.244,-94.1705,4414640,9410230
201708,117779,708109,2,1.14,ESE,NICOLLET,44.2711,-94.1806,4416266,9410836
201708,117779,708111,1,0.47,NNE,NEW SWEDEN,44.4065,-94.1975,4424390,9411850
201708,117779,708111,2,3.94,E,BERNADOTTE,44.4566,-94.2208,4427396,9413248
201708,119753,720858,4,5.67,SW,FRIENDSWOOD,29.4783,-95.4932,2928698,9529592
201708,119753,720469,1,2.9,NNE,LAKE CONROE DAM,30.3872,-95.5275,3023232,9531650
201708,119753,720469,2,2.61,WSW,THE WOODLANDS,30.131,-95.4877,307860,9529262
201708,119753,720469,3,2.28,NW,BOY,30.106,-95.2734,306360,9516404
201708,119753,720469,4,3.84,N,CONROE ARPT,30.405,-95.4108,3024300,9524648
201708,119655,717763,1,1.02,N,WINDSOR,41.5446,-80.9472,4132676,8056832
201708,119655,717764,1,0,N,TIFFIN,41.1,-83.17,416000,8310200
201708,119655,730576,1,0.64,W,NORTH BREWSTER,40.7209,-81.6123,4043254,8136738
201708,119656,717765,1,1,E,TIFFIN,41.1,-83.1508,416000,839048
201708,119656,717766,1,1,E,TIFFIN,41.1,-83.1508,416000,839048
201708,119753,720340,1,2.13,SSW,RICHMOND,29.5499,-95.7579,2932994,9545474
201708,119753,720340,2,1.82,SSE,RICHMOND,29.5559,-95.738,2933354,9544280
201708,119753,720340,3,0.3,N,CRABB,29.5343,-95.7198,2932058,9543188
201708,119753,720340,4,2.05,W,CRABB,29.5317,-95.7541,2931902,9545246
201708,119753,720344,1,2.59,NNW,LEAGUE CITY S S ARPT,29.5162,-95.1416,2930972,958496
201708,119753,720344,2,2.11,NE,LEAGUE CITY,29.5245,-95.0791,2931470,954746
201708,119753,720344,3,3.57,SE,DICKINSON,29.4354,-95.006,2926124,95360
201708,117191,704876,1,3.04,ESE,HEIDELBERG,44.49,-93.54,4429400,9332400
201708,117191,704877,1,0,N,OWATONNA,44.08,-93.22,444800,9313200
201708,117191,704877,2,1.09,SE,OWATONNA,44.0676,-93.2064,444056,9312384
201708,117523,713984,2,10.34,SSE,WAGON MOUND,35.857,-104.6557,3551420,10439342
201708,117523,726098,1,3.66,NW,CLAYTON,36.4893,-103.2241,3629358,10313446
201708,117730,707904,1,7.48,SW,WAGON MOUND,35.92,-104.8,3555200,10448000
201708,117731,707905,1,0.89,NW,SANTA ROSA MUNI ARPT,34.94,-104.64,3456400,10438400
201708,117731,707907,1,1.75,ESE,ALBUQUERQUE,35.1064,-106.6038,356384,10636228
201708,117735,707916,1,3.23,S,ARABELA,33.5333,-105.168,3331998,10510080
201708,117735,707916,2,3.35,S,ARABELA,33.5317,-105.1749,3331902,10510494
201708,119753,720859,1,7.82,NE,FRIENDSWOOD,29.598,-95.316,2935880,9518960
201708,117779,708112,1,6.45,S,GAYLORD,44.4566,-94.2208,4427396,9413248
201708,117779,708112,2,5.66,SSW,GAYLORD,44.4702,-94.2462,4428212,9414772
201708,117779,708114,1,1.23,SW,NEW PRAGUE,44.5359,-93.5852,4432154,9335112
201708,117779,708114,2,1.08,WSW,NEW PRAGUE,44.5436,-93.59,4432616,9335400
201708,117779,713275,1,1.08,WSW,NEW PRAGUE,44.5436,-93.59,4432616,9335400
201708,117779,713275,2,1.46,W,NEW PRAGUE,44.5523,-93.5994,4433138,9335964
201708,117779,713493,2,1.26,NE,NEW SWEDEN,44.412,-94.1809,4424720,9410854
201708,117779,713496,1,2.06,NW,BISCAY,44.8517,-94.309,4451102,9418540
201708,117779,713496,2,2.61,WNW,BISCAY,44.8508,-94.3246,4451048,9419476
201708,117779,713497,1,1.29,SW,GAYLORD,44.5377,-94.2398,4432262,9414388
201708,117779,713497,2,1.31,WNW,GAYLORD,44.5573,-94.2447,4433438,9414682
201708,117779,717671,1,0.36,E,SHAKOPEE,44.8009,-93.5128,4448054,9330768
201708,117779,717671,2,0.38,E,SHAKOPEE,44.7995,-93.5124,4447970,9330744
201708,117779,717671,3,0.64,E,SHAKOPEE,44.8001,-93.507,4448006,9330420
201708,117779,717671,4,0.61,ENE,SHAKOPEE,44.8018,-93.5078,4448108,9330468
201708,117779,717673,1,4.02,WNW,MORTON,44.58,-95.05,4434800,953000
201708,117779,717674,1,0.98,W,REDWOOD FALLS ARPT,44.55,-95.1,4433000,956000
201708,117779,717675,1,0.98,W,MORTON,44.55,-95,4433000,9500
201708,117779,717676,1,4.86,N,MINNESOTA FALLS,44.87,-95.48,4452200,9528800
201708,117779,717677,1,0.23,SSW,REDWOOD FALLS ARPT,44.5467,-95.081,4432802,954860
201708,117779,717678,1,4.4,SSE,BECHYN,44.59,-95.05,4435400,953000
201708,117779,717680,1,1.9,NW,REDWOOD FALLS,44.5507,-95.1253,4433042,957518
201708,117779,717680,2,4.64,N,BELVIEW,44.6668,-95.3194,4440008,9519164
201708,117779,717680,3,1.76,N,SEAFORTH,44.5054,-95.3284,4430324,9519704
201708,119753,720677,2,3.19,WSW,KATY,29.7803,-95.8482,2946818,9550892
201708,117328,705669,1,0,N,DULCE,36.93,-107,3655800,10700
201708,117328,705670,1,2.68,NW,ALBUQUERQUE,35.15,-106.66,359000,10639600
201708,117328,705671,1,12.74,SE,TOLAR,34.3,-103.8,3418000,10348000
201708,117328,705672,1,3.5,S,PORTALES,34.13,-103.32,347800,10319200
201708,117328,705673,1,0.57,E,DORA,33.93,-103.32,3355800,10319200
201708,117328,705674,1,5.46,N,ROGERS,34.0585,-103.2413,343510,10314478
201708,117328,705675,1,3.63,N,DORA,33.9822,-103.3223,3358932,10319338
201708,117328,706512,1,7.14,ESE,ELIDA,33.9195,-103.5379,3355170,10332274
201708,117328,706512,2,3.35,NW,CAUSEY,33.9162,-103.1589,3354972,1039534
201708,117328,706512,3,2.79,WNW,ARCH,34.1348,-103.1754,348088,10310524
201708,117328,706512,4,6.18,SSE,FLOYD,34.1392,-103.5338,348352,10332028
201708,118067,709623,2,7.82,SSW,YATES,36.028,-103.9609,361680,10357654
201708,118067,709623,3,7.43,S,YATES,36.0236,-103.9193,361416,10355158
201708,118067,709623,4,5.82,S,YATES,36.0458,-103.8977,362748,10353862
201708,118067,709623,5,5.13,SW,YATES,36.0713,-103.9564,364278,10357384
201708,118067,709624,1,0,N,CLOVIS,34.41,-103.2,3424600,10312000
201708,118067,709625,2,3.03,ENE,GLADSTONE,36.3132,-103.9181,3618792,10355086
201708,118067,709625,3,4.27,ESE,GLADSTONE,36.2872,-103.895,3617232,10353700
201708,117731,707906,1,2.15,NNE,EDGEWOOD,35.1,-106.19,356000,10611400
201708,117765,708096,1,6.74,W,NARA VISA,35.61,-103.22,3536600,10313200
201708,117779,713493,1,0.85,ESE,NEW SWEDEN,44.3939,-94.1851,4423634,9411106
201708,117779,717768,2,11.76,N,GIBBON,44.7002,-94.5186,4442012,9431116
201708,118067,709628,3,1.88,SSW,LAKE ARTHUR,32.9734,-104.3772,3258404,10422632
201708,119753,721098,2,2.56,E,INDUSTRY,29.966,-96.4775,2957960,9628650
201708,119753,720859,2,3.95,W,ALGOA,29.4068,-95.2652,2924408,9515912
201708,119753,720859,3,3.45,NNE,ALGOA,29.4477,-95.1831,2926862,9510986
201708,119753,720859,4,8.49,NW,LEAGUE CITY,29.5905,-95.1955,2935430,9511730
201708,119753,720860,1,2.93,SSE,HOCKLEY,29.9887,-95.8392,2959322,9550352
201708,119753,720860,2,3.1,SW,HOUSTON HULL ARPT,29.6026,-95.6909,2936156,9541454
201708,119753,720860,3,0.36,ESE,GARDEN VILLAS,29.6477,-95.3146,2938862,9518876
201708,119753,720860,4,0.58,N,SPRING,30.0883,-95.419,305298,9525140
201708,119753,720862,1,9,ENE,FRIENDSWOOD,29.5736,-95.2789,2934416,9516734
201708,119753,720862,2,1.67,SE,ARCADIA,29.3607,-95.1334,2921642,958004
201708,119753,720862,3,0.83,SW,NADEAU HGTS,29.3704,-94.9384,2922224,9456304
201708,119753,720862,4,4.39,WNW,CLEAR LAKE SHORES,29.5753,-95.097,2934518,955820
201708,119753,720878,1,1.72,NNW,LEAGUE CITY S S ARPT,29.5039,-95.1382,2930234,958292
201708,119753,720878,2,2.65,NNW,LEAGUE CTY SPCLND AR,29.5327,-95.0731,2931962,954386
201708,119753,720878,3,1.82,E,DICKINSON,29.4716,-95.0197,2928296,951182
201708,119753,720878,4,3.63,SSE,LEAGUE CITY S S ARPT,29.4347,-95.0995,2926082,955970
201708,119753,721081,1,9.3,NW,LEAGUE CITY S S ARPT,29.561,-95.2535,2933660,9515210
201708,119753,721081,2,8.06,NW,LEAGUE CITY,29.5842,-95.1928,2935052,9511568
201708,119753,721081,3,2.52,WNW,LEAGUE CITY,29.52,-95.1351,2931200,958106
201708,119753,721081,4,8.16,NW,ALGOA,29.4916,-95.2855,2929496,9517130
201708,119753,721087,1,3.04,S,SHEPHERD,30.4561,-95.018,3027366,951080
201708,119753,721087,2,3.79,SE,NAPIER,30.4633,-94.9526,3027798,9457156
201708,119753,721087,3,4.21,NE,LAKE LIVINGSTON DAM,30.6716,-94.9483,3040296,9456898
201708,119753,721087,4,2.28,WNW,CAMILLA,30.6144,-95.1045,3036864,956270
201708,119753,720344,4,3.45,NNW,ALTA LOMA,29.4157,-95.1032,2924942,956192
201708,119753,720464,1,1.82,WNW,WILLIS,30.4284,-95.509,3025704,9530540
201708,119753,720464,2,0.93,NNW,WILLIS,30.432,-95.4872,3025920,9529232
201708,119753,720464,3,0.55,SSW,WILLIS,30.4125,-95.4831,3024750,9528986
201708,119753,720464,4,1.42,WSW,WILLIS,30.4115,-95.5018,3024690,9530108
201708,119753,720465,1,2.9,N,LEAGUE CITY,29.542,-95.0988,2932520,955928
201708,119753,720465,2,0.28,NW,LEAGUE CTY SPCLND AR,29.503,-95.053,2930180,953180
201708,119753,720465,3,1.46,E,LEAGUE CITY,29.4967,-95.076,2929802,954560
201708,119753,720465,4,2.67,N,LEAGUE CITY,29.5382,-95.1059,2932292,956354
201708,117476,706510,1,0.89,NW,SANTA ROSA MUNI ARPT,34.94,-104.64,3456400,10438400
201708,117476,706511,1,0.74,NNW,ROMEROVILLE,35.5297,-105.2456,3531782,10514736
201708,117477,706520,1,3.47,NNE,WAGON MOUND,36.0491,-104.6967,362946,10441802
201708,117478,706524,1,2.07,S,LAS VEGAS,35.57,-105.22,3534200,10513200
201708,117478,706532,1,21.48,S,TECOLOTITO,34.9192,-105.1629,3455152,1059774
201708,117735,707916,3,3.75,S,ARABELA,33.5257,-105.1686,3331542,10510116
201708,117735,707916,4,3.5,S,ARABELA,33.53,-105.1602,3331800,1059612
201708,117735,707932,1,0.55,E,SENECA,36.63,-103.12,3637800,1037200
201708,117779,717680,4,2.89,WNW,GILFILLAN,44.481,-95.0565,4428860,953390
201708,117779,717680,5,5.36,NNE,MORGAN,44.4907,-94.8752,4429442,9452512
201708,117779,717681,1,0.75,ESE,MORTON,44.544,-94.9672,4432640,9458032
201708,117779,717681,2,5.84,S,FAIRFAX,44.4471,-94.6973,4426826,9441838
201708,117779,717681,3,3.72,SW,BUFFALO LAKE,44.6854,-94.6623,4441124,9439738
201708,117779,717681,4,3.42,NNE,MINNESOTA FALLS,44.8418,-95.4327,4450508,9525962
201708,117779,717681,5,3.37,SSE,MINNESOTA FALLS,44.7551,-95.443,4445306,9526580
201708,117779,717682,1,1.47,NNW,REDWOOD FALLS,44.55,-95.11,4433000,956600
201708,117779,717683,1,0.24,SSW,REDWOOD FALLS ARPT,44.5468,-95.0815,4432808,954890
201708,117779,717762,1,0.81,W,FRANKLIN,44.5302,-94.8965,4431812,9453790
201708,117779,717762,2,0.49,E,FRANKLIN,44.5296,-94.87,4431776,9452200
201708,117779,717768,1,11.34,N,GIBBON,44.694,-94.5097,4441640,9430582
201708,117779,717769,1,11.67,N,GIBBON,44.6983,-94.5015,4441898,9430090
201708,117779,717769,2,11.95,N,GIBBON,44.7028,-94.5086,4442168,9430516
201708,117779,720196,1,4.83,SSE,SEARLES,44.17,-94.38,4410200,9422800
201708,117780,708097,1,19.43,NE,DES MOINES,36.94,-103.56,3656400,10333600
201708,118067,709622,1,28.24,S,ROSEBUD,35.4366,-103.5317,3526196,10331902
201708,118067,709622,2,26.14,SSW,ROSEBUD,35.4692,-103.5424,3528152,10332544
201708,118067,709622,3,24.12,SSW,ROSEBUD,35.5113,-103.5946,3530678,10335676
201708,118067,709622,4,21.44,SSW,ROSEBUD,35.5451,-103.5686,3532706,10334116
201708,118067,709622,6,27.91,S,ROSEBUD,35.4387,-103.5067,3526322,10330402
201708,118067,709623,1,6.51,SW,YATES,36.0686,-103.9883,364116,10359298
201708,119753,720858,1,2.42,WNW,TOMBALL,30.1123,-95.658,306738,9539480
201708,119753,720858,2,10.32,N,HUFFMAN,30.1693,-95.0757,3010158,954542
201708,119753,720858,3,6.48,S,NASSAU BAY,29.4374,-95.0977,2926244,955862
201708,117523,707799,1,0,N,MELROSE,34.43,-103.63,3425800,10337800
201708,117523,707799,2,2.72,NE,(CVS)CANNON AFB,34.4115,-103.2914,3424690,10317484
201708,117523,707799,3,4.3,SSE,(CVS)CANNON AFB,34.3254,-103.2838,3419524,10317028
201708,117523,707799,4,6.13,S,MELROSE,34.3413,-103.6327,3420478,10337962
201708,117523,707807,1,15.32,ESE,(4CR)CORONA,34.17,-105.35,3410200,10521000
201708,117523,707812,1,4.45,ENE,ROMEROVILLE,35.55,-105.17,3533000,10510200
201708,117523,707815,1,0,N,LAS VEGAS,35.6,-105.22,3536000,10513200
201708,117523,707819,1,4.15,N,WAGON MOUND,36.06,-104.71,363600,10442600
201708,117523,707822,1,0,N,(LVS)LAS VEGAS AIRPORT,35.66,-105.14,3539600,1058400
201708,117523,707828,1,0,N,(LVS)LAS VEGAS AIRPORT,35.66,-105.14,3539600,1058400
201708,117523,707829,1,0.89,NW,BUEYEROS,35.99,-103.69,3559400,10341400
201708,117523,707833,1,0.56,W,SANCHEZ,35.63,-104.44,3537800,10426400
201708,117523,707835,1,0.56,W,SANCHEZ,35.63,-104.44,3537800,10426400
201708,117523,707909,1,3.2,ENE,MONTEZUMA,35.6752,-105.2322,3540512,10513932
201708,117523,713984,1,10.09,SSE,WAGON MOUND,35.8595,-104.6608,3551570,10439648
201708,117721,707865,1,0.5,W,PIEDMONT,44.23,-103.4,4413800,10324000
201708,117721,707866,1,0,N,BLACK HAWK,44.15,-103.31,449000,10318600
201708,117721,707868,1,2,N,JOHNSON SIDING,44.109,-103.43,446540,10325800
201708,117721,707869,1,1.02,N,HISEGA,44.0647,-103.4014,443882,10324084
201708,117721,707871,1,1.06,ESE,RAPID CITY,44.0728,-103.2111,444368,10312666
201708,117721,707872,1,1,N,HISEGA,44.0645,-103.4,443870,10324000
201708,117721,707873,1,4,N,RAPID CITY,44.1379,-103.23,448274,10313800
201708,117721,707875,1,1,N,RAPID CITY,44.0945,-103.23,445670,10313800
201708,117721,707876,1,1.74,SW,RAPID CITY,44.0626,-103.2553,443756,10315318
201708,117721,707877,1,3.33,SSW,RAPID CITY,44.0373,-103.2612,442238,10315672
201708,117721,707878,1,1.35,SW,RAPID CITY,44.0667,-103.2499,444002,10314994
201708,117721,707883,1,3.23,ESE,RAPID CITY,44.062,-103.17,443720,10310200
201708,117721,707885,1,2,SSE,RAPID CITY,44.0533,-103.2146,443198,10312876
201708,117721,707886,1,2.32,WSW,RAPID CITY,44.0639,-103.2709,443834,10316254
201708,117721,707886,2,2.7,SW,RAPID CITY,44.0498,-103.2645,442988,10315870
201708,117721,717058,1,3.87,N,JOHNSON SIDING,44.1361,-103.4304,448166,10325824
201708,117721,717452,1,3.28,ESE,RAPID CITY,44.06,-103.17,443600,10310200
201708,117721,717454,1,0,N,RAPID CITY,44.08,-103.23,444800,10313800
201708,117721,717457,1,2,NNE,RAPID CITY,44.1067,-103.2146,446402,10312876
201708,117721,718207,1,2,NNE,RAPID CITY,44.1067,-103.2146,446402,10312876
201708,117726,707890,1,1,N,ROCKYFORD,43.5145,-102.5,4330870,10230000
201708,117726,707892,1,0,N,SHARPS CORNER,43.38,-102.4,4322800,10224000
201708,117726,707894,1,2,NNW,PORCUPINE,43.2569,-102.3447,4315414,10220682
201708,117726,707895,1,5,NE,PORCUPINE,43.2812,-102.2597,4316872,10215582
201708,117726,707896,1,5.08,E,PORCUPINE,43.24,-102.23,4314400,10213800
201708,117726,707898,1,2,S,PORCUPINE,43.2011,-102.33,4312066,10219800
201708,117726,718182,1,0.5,W,ROCKYFORD,43.5,-102.51,4330000,10230600
201708,117726,718182,2,4.07,ENE,ROCKYFORD,43.53,-102.43,4331800,10225800
201708,117726,718182,3,3.1,ENE,PORCUPINE,43.24,-102.27,4314400,10216200
201708,117726,718182,4,2.89,NW,PORCUPINE,43.26,-102.37,4315600,10222200
201708,117726,718183,1,0.5,W,ROCKYFORD,43.5,-102.51,4330000,10230600
201708,117726,718183,2,4.07,ENE,ROCKYFORD,43.53,-102.43,4331800,10225800
201708,117726,718183,3,3.1,ENE,PORCUPINE,43.24,-102.27,4314400,10216200
201708,117726,718183,4,2.89,NW,PORCUPINE,43.26,-102.37,4315600,10222200
201708,117727,708392,1,15.1,NNW,BELLE FOURCHE AIRPORT,44.935,-103.967,4456100,10358020
201708,117727,708393,1,15.1,NNW,BELLE FOURCHE AIRPORT,44.935,-103.967,4456100,10358020
201708,117727,708394,1,4,S,NEWELL,44.6521,-103.42,4439126,10325200
201708,118769,713515,1,0.59,NE,SOUTH BREWSTER,41.7569,-70.0433,4145414,702598
201708,118769,713515,2,0.22,NNW,EAST BREWSTER,41.773,-70.0512,4146380,703072
201708,118769,713515,3,1.02,NW,WEST BREWSTER,41.7619,-70.1117,4145714,706702
201708,118769,713515,4,0.09,ESE,WEST BREWSTER,41.7493,-70.0986,4144958,705916
201708,118769,716826,1,0,N,DENNIS,41.73,-70.2,4143800,7012000
201708,118769,716826,2,1.14,SSW,WEST HARWICH,41.6543,-70.1271,4139258,707626
201708,118769,716826,3,0.77,N,WEST HARWICH,41.681,-70.1182,4140860,707092
201708,118769,716826,4,0.77,SE,EAST DENNIS,41.7215,-70.1604,4143290,709624
201708,118769,716832,1,0.49,SSW,CAHOON HOLLOW,41.9441,-69.9851,4156646,6959106
201708,118769,716832,2,0.7,E,WELLFLEET,41.9281,-70.0166,4155686,70996
201708,118769,716832,3,0.29,SW,SOUTH WELLFLEET,41.9166,-70.0032,4154996,70192
201708,118769,716832,4,0.06,S,LECOUNT HOLLOW,41.9192,-69.9798,4155152,6958788
201708,118769,716834,1,0.52,W,CHATHAM,41.68,-69.96,4140800,6957600
201708,118769,716834,2,0.47,WNW,CHATHAM,41.6814,-69.9589,4140884,6957534
201708,118769,716834,3,0.41,W,CHATHAM,41.6807,-69.9579,4140842,6957474
201708,118769,716834,4,0.45,W,CHATHAM,41.6801,-69.9587,4140806,6957522
201708,118769,716835,1,1.24,SSW,DENNIS,41.7131,-70.208,4142786,7012480
201708,118769,716835,2,1.35,S,DENNIS,41.7107,-70.2038,4142642,7012228
201708,118769,716835,3,0.56,ENE,YARMOUTH,41.7029,-70.22,4142174,7013200
201708,118769,716835,4,0.84,ENE,YARMOUTH PORT,41.7025,-70.254,4142150,7015240
201708,118769,716835,5,1.01,ENE,YARMOUTH PORT,41.7051,-70.2517,4142306,7015102
201708,118769,717014,1,0.86,SW,NORTH BRISTOL,41.66,-70.94,4139600,7056400
201708,118769,717014,2,0.42,S,ACUSHNET,41.6739,-70.9199,4140434,7055194
201708,118769,717014,3,2.05,ENE,SOUTH DARTMOUTH,41.6143,-70.9152,4136858,7054912
201708,118769,717014,4,1.75,NE,SOUTH DARTMOUTH,41.6144,-70.922,4136864,7055320
201708,118790,713598,1,2.57,E,CASA GRANDE ARPT,32.9442,-111.7262,3256652,11143572
201708,118790,713598,2,2.23,NE,CASA GRANDE,32.9033,-111.7234,3254198,11143404
201708,118790,713598,3,2.84,NW,CASA GRANDE,32.9041,-111.7897,3254246,11147382
201708,118790,713598,4,0.87,W,CASA GRANDE ARPT,32.9517,-111.7849,3257102,11147094
201708,118791,713600,1,4.15,SSW,PALM SPGS,33.3422,-111.5497,3320532,11132982
201708,118791,713600,2,5.44,SE,PALM SPGS,33.3524,-111.4549,3321144,11127294
201708,118791,713600,3,2.4,ENE,GOLDFIELD,33.4625,-111.4412,3327750,11126472
201708,118791,713600,4,3.22,N,APACHE JCT,33.4659,-111.5401,3327954,11132406
201708,118832,713863,1,1.38,N,PERKINS,45.99,-87.07,4559400,874200
201708,118832,713908,1,3.4,ESE,ONOLA,46.46,-86.93,4627600,8655800
201708,118834,713921,1,1.96,NE,MOTT ISLAND,48.12,-88.57,487200,8834200
201708,118834,713923,1,6.62,ESE,NADEAU,45.59,-87.42,4535400,8725200
201708,118834,713926,1,1.46,SSW,CEDAR RIVER,45.4,-87.38,4524000,8722800
201708,118872,714216,1,8.67,SW,AUGUSTINE POND ARPT,46.03,-68.72,461800,6843200
201708,118872,714217,1,8.67,SW,AUGUSTINE POND ARPT,46.03,-68.72,461800,6843200
201708,118873,714221,1,2.81,N,(MLT)MILLINOCKET ARP,45.69,-68.69,4541400,6841400
201708,118873,714221,2,3.92,W,GRINDSTONE,45.72,-68.66,4543200,6839600
201708,118873,714223,1,2,SW,GOLDEN RIDGE,45.91,-68.36,4554600,6821600
201708,118873,714223,2,1.68,SW,GOLDEN RIDGE,45.91,-68.35,4554600,6821000
201708,118875,714224,1,0,N,HOULTON,46.12,-67.83,467200,6749800
201708,118876,714225,1,1.2,NE,CHASE MILLS,44.76,-67.33,4445600,6719800
201708,118876,714227,1,1.69,SE,HALLS MILLS,44.75,-67.25,4445000,6715000
201708,118876,714228,1,2.55,ESE,HALLS MILLS,44.76,-67.22,4445600,6713200
201708,118876,714229,1,0,N,WHITING,44.78,-67.17,4446800,6710200
201708,118938,714521,1,1.18,SE,TRENARY,46.19,-86.95,4611400,8657000
201708,118938,714522,1,0.84,SW,TRENARY,46.19,-86.98,4611400,8658800
201708,118939,714530,1,3.5,S,SEELEY,32.75,-115.69,3245000,11541400
201708,118939,714531,1,2.15,SSW,SEELEY,32.77,-115.69,3246200,11541400
201708,118939,714532,1,15.26,NW,PICACHO,33.1884,-114.7907,3311304,11447442
201708,118939,714532,2,17.06,ENE,ACOLITA,33.232,-114.9307,3313920,11455842
201708,118939,714532,3,4.33,N,GLAMIS,33.0619,-115.0818,333714,1154908
201708,118939,714532,4,8.33,NNW,CACTUS,32.9859,-114.9197,3259154,11455182
201708,118945,714552,1,14.01,NNE,CACTUS CITY,33.875,-115.903,3352500,11554180
201708,118945,714552,2,8.34,W,KAISERS EAGLE MTN,33.8888,-115.6751,3353328,11540506
201708,118945,714552,3,4.97,NNE,CHIRIACO SUMMIT,33.7314,-115.6751,3343884,11540506
201708,118945,714552,4,3.07,NE,CACTUS CITY,33.7142,-115.936,3342852,11556160
201708,118962,714597,1,1.84,N,TAKOMA PARK,38.9962,-77.0062,3859772,77372
201708,118962,714597,2,1.92,N,TAKOMA PARK,38.9975,-77.0052,3859850,77312
201708,118962,714597,3,1.89,N,TAKOMA PARK,38.9971,-77.0044,3859826,77264
201708,118962,714597,4,1.77,N,TAKOMA PARK,38.9952,-77.0059,3859712,77354
201708,118963,714599,1,0.72,NE,TENLEYTOWN,38.9575,-77.0606,3857450,773636
201708,118963,714599,2,0.78,NE,TENLEYTOWN,38.9585,-77.0604,3857510,773624
201708,118963,714599,3,0.83,NE,TENLEYTOWN,38.957,-77.0575,3857420,773450
201708,118963,714599,4,0.74,NE,TENLEYTOWN,38.9562,-77.0589,3857372,773534
201708,118963,714600,1,0.72,NE,TENLEYTOWN,38.9564,-77.0594,3857384,773564
201708,118963,714600,2,0.83,NE,TENLEYTOWN,38.9571,-77.0575,3857426,773450
201708,118963,714600,3,0.83,ENE,TENLEYTOWN,38.9539,-77.0554,3857234,773324
201708,118963,714600,4,0.76,ENE,TENLEYTOWN,38.9532,-77.0565,3857192,773390
201708,118964,714603,1,0.72,SW,VAN BIBBER,39.4426,-76.3095,3926556,7618570
201708,118964,714603,2,0.61,SW,VAN BIBBER,39.4432,-76.3072,3926592,7618432
201708,118964,714603,3,0.67,SSW,VAN BIBBER,39.4418,-76.3068,3926508,7618408
201708,118964,714603,4,0.73,SW,VAN BIBBER,39.4417,-76.3085,3926502,7618510
201708,118965,714615,1,0.58,NW,OLD TAVERN,38.8353,-77.8084,3850118,7748504
201708,118965,714615,2,0.51,NW,OLD TAVERN,38.836,-77.8054,3850160,7748324
201708,118965,714615,3,0.44,NW,OLD TAVERN,38.8352,-77.8047,3850112,7748282
201708,118965,714615,4,0.48,NW,OLD TAVERN,38.8345,-77.8069,3850070,7748414
201708,118965,714630,1,0.63,NNW,FRONT ROYAL WARN ARP,38.9285,-78.2545,3855710,7815270
201708,118965,714630,2,0.59,NNW,FRONT ROYAL WARN ARP,38.9282,-78.2533,3855692,7815198
201708,118965,714630,3,0.49,NNW,FRONT ROYAL WARN ARP,38.9263,-78.2541,3855578,7815246
201708,118965,714630,4,0.54,NNW,FRONT ROYAL WARN ARP,38.9267,-78.2551,3855602,7815306
201708,118965,714631,1,2.88,NNE,WELLINGTON,38.8187,-77.5299,3849122,7731794
201708,118965,714631,2,3.02,NNE,WELLINGTON,38.8197,-77.5265,3849182,7731590
201708,118965,714631,3,3.06,NNE,WELLINGTON,38.8189,-77.5229,3849134,7731374
201708,118965,714631,4,2.79,NNE,WELLINGTON,38.817,-77.5292,3849020,7731752
201708,118965,714633,1,0.49,ENE,CANOVA,38.6835,-77.4221,3841010,7725326
201708,118965,714633,2,0.55,ENE,CANOVA,38.6834,-77.4208,3841004,7725248
201708,118965,714633,3,0.46,ENE,CANOVA,38.6815,-77.4217,3840890,7725302
201708,118965,714633,4,0.41,ENE,CANOVA,38.6821,-77.4229,3840926,7725374
201708,118965,714635,1,0.91,SSW,LIMSTRONG,38.7072,-77.474,3842432,7728440
201708,118965,714635,2,0.87,SSW,LIMSTRONG,38.7078,-77.474,3842468,7728440
201708,118965,714635,3,0.84,SSW,LIMSTRONG,38.7081,-77.4732,3842486,7728392
201708,118965,714635,4,0.87,S,LIMSTRONG,38.7077,-77.4731,3842462,7728386
201708,118965,714638,1,1.61,SSW,CATHARPIN,38.8277,-77.5788,3849662,7734728
201708,118965,714638,2,1.46,S,CATHARPIN,38.8288,-77.5694,3849728,7734164
201708,118965,714638,3,1.89,S,CATHARPIN,38.8227,-77.5722,3849362,7734332
201708,118965,714638,4,1.9,SSW,CATHARPIN,38.8234,-77.5786,3849404,7734716
201708,118965,714640,1,0.39,ENE,BEVERLY MILLS,38.8218,-77.6931,3849308,7741586
201708,118965,714640,2,0.42,ENE,BEVERLY MILLS,38.8227,-77.6929,3849362,7741574
201708,118965,714640,3,0.54,ENE,BEVERLY MILLS,38.8224,-77.6905,3849344,7741430
201708,118965,714640,4,0.51,ENE,BEVERLY MILLS,38.8219,-77.6909,3849314,7741454
201708,118965,714642,1,0.97,WNW,THE PLAINS,38.8535,-77.7875,3851210,7747250
201708,118965,714642,2,0.82,WNW,THE PLAINS,38.8563,-77.783,3851378,7746980
201708,118965,714642,3,0.69,WNW,THE PLAINS,38.8548,-77.7813,3851288,7746878
201708,118965,714642,4,0.83,W,THE PLAINS,38.8523,-77.7851,3851138,7747106
201708,118965,714645,1,1.03,N,BRISTOW,38.7347,-77.5327,3844082,7731962
201708,118965,714645,2,1.06,N,BRISTOW,38.7353,-77.532,3844118,7731920
201708,118965,714645,3,0.6,N,BRISTOW,38.7288,-77.5304,3843728,7731824
201708,118965,714645,4,0.41,N,BRISTOW,38.7259,-77.5299,3843554,7731794
201708,118965,714645,5,0.39,NNW,BRISTOW,38.7255,-77.5318,3843530,7731908
201708,118966,714647,1,0.69,S,FT WASHINGTON FOREST,38.71,-76.98,3842600,7658800
201708,119789,718316,4,3.86,SSW,CREIGHTON,42.4182,-97.9081,4225092,9754486
201708,119789,718318,1,5.53,N,NELIGH,42.21,-98.03,4212600,981800
201708,119789,718318,2,7.04,ENE,NELIGH,42.1719,-97.9047,4210314,9754282
201708,119789,718318,3,4.97,E,NELIGH,42.1409,-97.9341,428454,9756046
201708,119789,718318,4,3.2,NW,NELIGH,42.1623,-98.0748,429738,984488
201708,119789,718320,1,3.24,NNW,RICHLAND,41.4724,-97.2467,4128344,9714802
201708,119789,718320,2,2.32,NNW,SCHUYLER MUNI ARPT,41.4825,-97.031,4128950,971860
201708,119789,718320,3,1.76,S,SCHUYLER MUNI ARPT,41.4246,-97.0222,4125476,971332
201708,119789,718320,4,2.62,SW,RICHLAND,41.4086,-97.2618,4124516,9715708
201708,119789,718321,1,4.21,W,OCTAVIA,41.36,-97.13,4121600,977800
201708,119789,718321,2,1.84,S,EDHOLM,41.3734,-97.0186,4122404,971116
201708,119789,718321,3,2.34,SE,OCTAVIA,41.3267,-97.0174,4119602,971044
201708,119789,718321,4,4.15,WSW,OCTAVIA,41.3215,-97.1204,4119290,977224
201708,119789,718322,1,4.81,NNW,RICHLAND,41.4923,-97.2617,4129538,9715702
201708,119789,718322,2,2.45,NNW,ROGERS,41.501,-96.9532,4130060,9657192
201708,119789,718322,3,2.31,SW,ROGERS,41.446,-96.9609,4126760,9657654
201708,119789,718322,4,3.24,SSW,RICHLAND,41.3904,-97.2534,4123424,9715204
201708,119789,718325,1,1.24,ESE,MONROE,41.47,-97.6,4128200,9736000
201708,119789,718325,2,1.43,SSW,MONROE,41.4599,-97.6268,4127594,9737608
201708,119789,718325,3,0.48,WNW,MONROE,41.4826,-97.6286,4128956,9737716
201708,119789,718325,4,0.9,E,MONROE,41.4823,-97.6028,4128938,9736168
201708,119789,718326,1,4.18,ESE,MORSE BLUFF,41.4,-96.71,4124000,9642600
201708,119789,718326,2,2.48,ESE,CEDAR BLUFFS,41.3929,-96.5731,4123574,9634386
201708,119789,718326,3,2.86,ENE,COLON,41.3123,-96.5675,4118738,9634050
201708,119789,718326,4,2.24,NNE,MALMO,41.2973,-96.7066,4117838,9642396
201708,119789,718331,1,0.52,E,GARRISON,41.18,-97.16,4110800,979600
201708,119789,718331,2,2.35,E,BELLWOOD,41.3475,-97.2048,4120850,9712288
201708,119789,718331,3,2.23,SE,LINWOOD,41.3973,-96.9195,4123838,9655170
201708,119789,718331,4,6.05,E,BRAINARD,41.1909,-96.8846,4111454,9653076
201708,119805,718385,1,1.84,S,NEW AUGUSTA,39.8534,-86.232,3951204,8613920
201708,119805,718386,1,1.48,NNW,WILLIAMS CREEK,39.92,-86.16,3955200,869600
201708,119805,718387,1,1.5,W,COLLEGE MEADOWS,39.9269,-86.158,3955614,869480
201708,119805,718388,1,1.78,NNE,MILROY,39.5246,-85.4602,3931476,8527612
201708,119805,718391,1,0.53,W,COLLEGE MEADOWS,39.93,-86.14,3955800,868400
201708,119805,720918,1,0.39,NNE,MERIDIAN HILLS,39.8853,-86.1475,3953118,868850
201708,119806,718395,1,2.6,NE,KAPPA CORNER,40.56,-86.24,4033600,8614400
201708,119806,718396,1,2.71,WSW,CASSVILLE,40.56,-86.17,4033600,8610200
201708,119807,718397,1,0.69,N,GLENNS VLY,39.66,-86.2,3939600,8612000
201708,119808,718399,1,1.92,SW,CORTARO,32.3295,-111.1023,3219770,1116138
201708,119808,718399,2,1.14,SW,CORTARO,32.3384,-111.094,3220304,1115640
201708,119808,718399,3,1.37,S,TUSCON MARANA NW AIRPORT,32.4003,-111.2218,3224018,11113308
201708,119808,718399,4,3.17,SSW,TUSCON MARANA NW AIRPORT,32.376,-111.2352,3222560,11114112
201708,119808,718400,1,2.36,NNW,SAHUARITA,31.9801,-110.9693,3158806,11058158
201708,119808,718400,2,1.72,WNW,SAHUARITA,31.9632,-110.9748,3157792,11058488
201708,119808,719953,1,2.38,NNW,SAHUARITA,31.98,-110.97,3158800,11058200
201708,119809,718407,1,0.69,S,SEYMOUR,44.51,-88.33,4430600,8819800
201708,119809,718408,1,1.2,SE,GREEN BAY,44.51,-88,4430600,8800
201708,119809,718409,1,1.2,SE,GREEN BAY,44.51,-88,4430600,8800
201708,119809,718410,1,0,N,STANGELVILLE,44.4,-87.68,4424000,8740800
201708,119809,718412,1,3.72,ENE,FIVE CORNERS,44.44,-88.3,4426400,8818000
201708,119809,718413,1,0.69,N,KEWAUNEE,44.46,-87.5,4427600,8730000
201708,119809,718414,1,2.93,NNE,BELLEVUE,44.47,-87.9,4428200,8754000
201708,119809,718415,1,0.99,E,BUTTE DES MORTS,44.1,-88.63,446000,8837800
201708,119809,718418,1,2.43,WSW,GREEN BAY,44.5037,-88.0638,4430222,883828
201708,119809,718419,1,0,N,GREEN BAY,44.52,-88.02,4431200,881200
201708,119813,718417,1,0.69,S,KEWAUNEE STATION (KWNW3),44.46,-87.5,4427600,8730000
201708,119815,718421,1,1.47,NNW,SCHIOCTON,44.47,-88.58,4428200,8834800
201708,119815,718422,1,2.87,NW,APPLETON,44.3,-88.44,4418000,8826400
201708,119823,718432,1,3,E,IDAHOME,42.42,-113.3212,4225200,11319272
201708,119823,718433,1,18,WSW,ARBON,42.3503,-112.8959,4221018,11253754
201708,119824,718434,1,0,N,ASHTON,44.07,-111.45,444200,11127000
201708,119825,718435,1,0,N,CARLSBAD,32.42,-104.23,3225200,10413800
201708,119825,718435,2,0.94,N,CARLSBAD,32.4336,-104.2304,3226016,10413824
201708,119825,718435,3,1.3,NE,HAPPY VLY,32.4348,-104.2563,3226088,10415378
201708,119825,718435,4,0.82,E,HAPPY VLY,32.4209,-104.256,3225254,10415360
201708,119826,718436,1,0,N,(MAF) MIDLAND INTL,31.93,-102.2,3155800,10212000
201708,119828,718452,1,2.92,SSW,OLD TUSCON,32.1823,-111.1526,3210938,1119156
201708,119828,718452,2,1.56,NW,TUSCON RYAN FLD ARPT,32.1482,-111.1859,328892,11111154
201708,119828,718452,3,2.7,NW,TUSCON RYAN FLD ARPT,32.162,-111.1965,329720,11111790
201708,119828,718452,4,2.9,SSW,OLD TUSCON,32.183,-111.1534,3210980,1119204
201708,119828,718454,1,1.7,S,GREEN VLY,31.8758,-110.9647,3152548,11057882
201708,120192,720191,1,1.52,WSW,MULBERRY,36.2404,-81.1945,3614424,8111670
201708,120192,720192,1,0.95,S,WILKES CO ARPT,36.1365,-81.1769,368190,8110614
201708,120192,720193,1,1.31,SSE,WILKESBORO,36.1316,-81.1641,367896,819846
201708,120192,720194,1,0.78,NE,WILKESBORO,36.1582,-81.1604,369492,819624
201708,120193,720195,1,0,N,FOREST,37.37,-79.28,3722200,7916800
201708,120200,720207,1,2.12,NE,LOUISVILLE,39.27,-96.29,3916200,9617400
201708,120200,720208,1,0,N,(CNK)BLOSSER APT CON,39.55,-97.65,3933000,9739000
201708,120200,720209,1,0.69,S,LONE ELM,38.07,-95.25,384200,9515000
201708,120200,720210,1,2.76,N,COLONY,38.11,-95.37,386600,9522200
201708,120215,720267,1,0,N,MASSACK,39.92,-120.83,3955200,12049800
201708,120217,720294,1,0,N,YONKERS,40.93,-73.85,4055800,7351000
201708,120217,720295,1,0,N,THORNWOOD,41.12,-73.78,417200,7346800
201708,120217,720296,1,1.18,E,MONROE,41.3173,-74.1775,4119038,7410650
201708,120217,720298,1,0,N,GARDNERTOWN,41.53,-74.07,4131800,744200
201708,120217,720300,1,0.59,WNW,MONTGOMERY,41.5232,-74.2405,4131392,7414430
201708,120217,720300,2,0.63,NW,MONTGOMERY,41.5275,-74.237,4131650,7414220
201708,120218,720301,1,0.77,WNW,HARRINGTON PARK,40.984,-73.9838,4059040,7359028
201708,120219,720304,1,0.64,NW,MONTGOMERY,41.5277,-74.237,4131662,7414220
201708,120220,720307,1,1.75,ESE,GALENA CREEK,39.27,-119.82,3916200,11949200
201708,120221,720308,1,0.69,S,SUSANVILLE,40.41,-120.65,4024600,12039000
201708,120222,720309,1,2.13,W,GOWENSVILLE,35.114,-82.257,356840,8215420
201708,120222,720309,2,2.33,WSW,GOWENSVILLE,35.112,-82.26,356720,8215600
201708,120222,720309,3,2.31,SSW,GOWENSVILLE,35.09,-82.238,355400,8214280
201708,120222,720309,4,2.07,SSW,GOWENSVILLE,35.093,-82.236,355580,8214160
201708,120222,720310,1,2.09,NNE,CAMPOBELLO ARPT,35.106,-82.201,356360,8212060
201708,120222,720310,2,1.92,NNE,CAMPOBELLO ARPT,35.105,-82.205,356300,8212300
201708,119834,718465,1,3.05,N,GOODLAND ARPT,39.4137,-101.708,3924822,10142480
201708,119834,718466,1,0.26,S,GOODLAND ARPT,39.3663,-101.7007,3921978,10142042
201708,119834,718467,1,0.53,E,GOODLAND,39.35,-101.71,3921000,10142600
201708,119834,718468,1,8.64,SSW,STUDLEY,39.234,-100.2303,3914040,10013818
201708,119834,718469,1,0.71,NW,ST PETER,39.1884,-100.0879,3911304,1005274
201708,119834,718471,1,1.07,NE,HOXIE,39.3602,-100.4149,3921612,10024894
201708,119834,718472,1,0.85,ESE,REXFORD,39.4664,-100.7348,3927984,10044088
201708,119834,718472,2,0.85,ESE,REXFORD,39.4664,-100.7348,3927984,10044088
201708,119834,718472,3,0.85,ESE,REXFORD,39.4664,-100.7348,3927984,10044088
201708,119834,718472,4,0.85,ESE,REXFORD,39.4664,-100.7348,3927984,10044088
201708,119834,718473,1,8.8,SSE,ATWOOD,39.68,-100.9944,3940800,10059664
201708,119834,718475,1,4.11,SW,TASCO,39.3149,-100.3621,3918894,10021726
201708,119834,718476,1,1.48,ENE,HOXIE,39.3574,-100.4039,3921444,10024234
201708,119834,718477,1,1.89,W,TASCO,39.3526,-100.3352,3921156,10020112
201708,119834,718478,1,6.98,SSW,STUDLEY,39.2587,-100.2259,3915522,10013554
201708,119834,718479,1,0.35,NNE,HOXIE,39.3546,-100.4272,3921276,10025632
201708,119834,718479,2,5.8,SSE,TASCO,39.28,-100.24,3916800,10014400
201708,119834,718480,1,2.35,E,QUINTER,39.0735,-100.1864,394410,10011184
201708,119834,718481,1,6.61,NW,HOXIE,39.4232,-100.5097,3925392,10030582
201708,119834,718482,1,2.03,N,HOXIE,39.379,-100.4239,3922740,10025434
201708,119834,718483,1,1.4,WNW,HOXIE,39.3578,-100.4543,3921468,10027258
201708,119834,718484,1,8.12,SSE,ATWOOD,39.6888,-101.0002,3941328,10112
201708,119834,718484,2,8.71,SSE,ATWOOD,39.6799,-101.0003,3940794,10118
201708,119834,718485,1,1.89,W,TASCO,39.3526,-100.3353,3921156,10020118
201708,119892,718693,1,3.01,SSE,CALVERT,39.8124,-99.7214,3948744,9943284
201708,119894,718694,1,4.08,SW,PALISADE RICH ARPT,40.2608,-101.278,4015648,10116680
201708,119895,718695,1,0.74,ENE,BURLINGTON,39.3045,-102.2574,3918270,10215444
201708,119896,718696,1,1.28,WNW,SHARON SPGS,38.89,-101.75,3853400,10145000
201708,119943,718886,1,1.27,WNW,ALPINE,32.8381,-116.7696,3250286,11646176
201708,119943,718886,2,0.2,SSW,HARBISON CANYON,32.8173,-116.831,3249038,11649860
201708,119943,718887,1,2.14,SSE,TEMECULA,33.471,-117.1369,3328260,1178214
201708,119943,718887,2,4.05,NNE,RANCHO CALIFORNIA,33.577,-117.1335,3334620,1178010
201708,119943,718888,1,0.84,NE,PERRIS,33.7878,-117.2186,3347268,11713116
201708,119943,718888,2,2.85,NNW,QUAIL VLY,33.7392,-117.2653,3344352,11715918
201708,119943,718889,1,0.82,SSE,EL CERRITO,33.8192,-117.5139,3349152,11730834
201708,119943,719289,1,1.04,W,DURANT,33.671,-117.398,3340260,11723880
201708,119943,719289,2,1.03,WSW,DURANT,33.6648,-117.3968,3339888,11723808
201708,119943,719289,3,0.62,W,DURANT,33.6692,-117.3907,3340152,11723442
201708,119943,719290,1,0.74,SSE,AGUANGA,33.4405,-116.8642,3326430,11651852
201708,119943,719290,2,0.57,SE,AGUANGA,33.444,-116.8633,3326640,11651798
201708,119943,719290,3,1.17,ESE,AGUANGA,33.4414,-116.8525,3326484,11651150
201708,119943,719290,4,1.2,SE,AGUANGA,33.4387,-116.8541,3326322,11651246
201708,119943,719291,1,6.42,SW,DESERT LODGE,33.1459,-116.3971,338754,11623826
201708,119943,719291,2,7.93,SSW,DESERT LODGE,33.1198,-116.3967,337188,11623802
201708,119943,719291,3,4.82,SSW,BORREGO SPGS ARPT,33.1181,-116.3081,337086,11618486
201708,119943,719291,4,3.22,SW,BORREGO SPGS ARPT,33.1442,-116.3057,338652,11618342
201708,119943,719293,1,1.59,ESE,WRIGHTWOOD,34.3382,-117.6061,3420292,11736366
201708,119943,719293,2,2.24,ESE,WRIGHTWOOD,34.3341,-117.5958,3420046,11735748
201708,119943,719293,3,2.36,ESE,WRIGHTWOOD,34.3401,-117.5904,3420406,11735424
201708,119943,719293,4,1.74,ESE,WRIGHTWOOD,34.3434,-117.6005,3420604,11736030
201708,119943,719294,1,1.01,ESE,RIMROCK,34.1959,-116.533,3411754,11631980
201708,119943,719294,2,1.75,ESE,RIMROCK,34.1874,-116.5234,3411244,11631404
201708,119943,719294,3,3.24,N,PIONEERTOWN,34.1961,-116.4904,3411766,11629424
201708,119943,719294,4,3.24,E,RIMROCK,34.2063,-116.4939,3412378,11629634
201708,119943,719295,1,4.57,NNW,ALPINE,32.8868,-116.7902,3253208,11647412
201708,119943,719296,1,38.51,N,WARNER SPGS,33.8328,-116.5443,3349968,11632658
201708,119943,719297,1,1.01,SSW,DESERT HOT SPGS,33.9559,-116.5045,3357354,11630270
201708,119943,719299,1,0.4,S,PALM SPGS,33.8242,-116.5502,3349452,11633012
201708,119943,719299,2,0.23,NNW,THOUSAND PALMS,33.8231,-116.4015,3349386,11624090
201708,119943,719299,3,1.92,W,RANCHO MIRAGE,33.7341,-116.453,3344046,11627180
201708,119943,719299,4,5.33,SSW,PALM SPGS,33.7592,-116.5869,3345552,11635214
201708,119943,719301,1,2.39,W,ALBERHILL,33.7361,-117.4409,3344166,11726454
201708,119943,719301,2,2.65,WSW,ALBERHILL,33.7127,-117.4411,3342762,11726466
201708,119943,719301,4,0.87,NNW,ALBERHILL,33.7415,-117.4061,3344490,11724366
201708,119943,719306,1,1.57,S,SAN BERNARDINO,34.1073,-117.2976,346438,11717856
201708,119952,718917,1,4.26,W,ST JOHN,18.3321,-64.7949,1819926,6447694
201708,119952,718917,2,4.27,W,ST JOHN,18.3314,-64.795,1819884,6447700
201708,119952,718917,3,4.12,W,ST JOHN,18.3317,-64.7928,1819902,6447568
201708,119952,718917,4,4.14,W,ST JOHN,18.3326,-64.7931,1819956,6447586
201708,119952,718918,1,4.01,W,ST JOHN,18.3312,-64.7912,1819872,6447472
201708,119952,718918,2,3.98,W,ST JOHN,18.3299,-64.7907,1819794,6447442
201708,119952,718918,3,3.87,W,ST JOHN,18.3311,-64.7889,1819866,6447334
201708,119952,718918,4,3.93,W,ST JOHN,18.3316,-64.7899,1819896,6447394
201708,119954,718919,1,2.03,WNW,HORMIGUEROS,18.1443,-67.1469,188658,678814
201708,119954,718919,2,1.9,WNW,HORMIGUEROS,18.1413,-67.1464,188478,678784
201708,119954,718919,3,1.67,WNW,HORMIGUEROS,18.142,-67.1421,188520,678526
201708,119954,718919,4,1.91,NW,HORMIGUEROS,18.1456,-67.1441,188736,678646
201708,119954,718922,1,3.59,SSW,MAYAGUEZ,18.154,-67.1455,189240,678730
201708,119954,718922,2,3.97,SSW,MAYAGUEZ,18.1472,-67.1436,188832,678616
201708,119954,718922,3,3.82,SSW,MAYAGUEZ,18.1486,-67.1414,188916,678484
201708,119954,718922,4,3.52,SSW,MAYAGUEZ,18.1541,-67.1434,189246,678604
201708,119955,718924,1,8.92,NW,GUAYNABO,18.4103,-66.1365,1824618,668190
201708,119767,718267,1,0.58,SSW,BEACHWOOD,41.4718,-81.5028,4128308,8130168
201708,119767,718267,2,1.28,N,PEPPER PIKE,41.4884,-81.4731,4129304,8128386
201708,119767,718267,3,1.89,NNW,HUNTING VLY,41.4928,-81.4403,4129568,8126418
201708,119767,718267,4,1.13,WSW,HUNTING VLY,41.4664,-81.4413,4127984,8126478
201708,119767,718267,5,0.73,S,PEPPER PIKE,41.4595,-81.4708,4127570,8128248
201708,119863,718556,1,1.25,SSW,WINDFALL,41.1149,-81.8132,416894,8148792
201708,119863,718559,1,0,N,LUCAS,40.7,-82.42,4042000,8225200
201708,119863,718560,1,0,N,KENT,41.15,-81.35,419000,8121000
201708,119863,718561,1,1,NNE,OBERLIN,41.2934,-82.2126,4117604,8212756
201708,119863,718562,1,0,N,VERNON,41.38,-80.58,4122800,8034800
201708,119863,718562,2,0,N,ORANGEVILLE,41.33,-80.53,4119800,8031800
201708,119863,718564,1,0,N,WAYNESBURG,40.67,-81.25,4040200,8115000
201708,119863,718578,1,1.88,ENE,PARKMAN,41.3789,-81.0358,4122734,812148
201708,119863,718579,1,1.88,ENE,PARKMAN,41.3789,-81.0358,4122734,812148
201708,119863,718581,1,0,N,GIRARD,41.15,-80.7,419000,8042000
201708,119868,718566,1,0,N,SPRINGBORO,41.8,-80.37,4148000,8022200
201708,119868,718570,1,0.53,SE,MIDDLEBORO,41.9953,-80.1418,4159718,808508
201708,119868,718571,1,0,N,WATERFORD,41.95,-79.98,4157000,7958800
201708,119868,718572,1,0,N,COCHRANTON,41.52,-80.05,4131200,803000
201708,119868,718574,1,0,N,CONNEAUT LAKE,41.6,-80.3,4136000,8018000
201708,119868,718575,1,0,N,SAEGERTOWN,41.73,-80.15,4143800,809000
201708,119868,718576,1,0,N,TOWNVILLE,41.68,-79.88,4140800,7952800
201708,119957,718928,1,74.64,ENE,WILLOWICK,42.1736,-80.2538,4210416,8015228
201708,119981,719023,1,14.14,NNE,AVON POINT,41.6371,-81.9189,4138226,8155134
201708,119981,719024,1,7.65,N,AVON POINT,41.56,-82.0459,4133600,822754
201708,119982,719025,1,0,N,CONCORD,41.67,-81.22,4140200,8113200
201708,119982,719026,1,0,N,SHAKER HGTS,41.47,-81.57,4128200,8134200
201708,119983,719037,1,1.92,SSW,MEDINA,41.1042,-81.8839,416252,8153034
201708,119983,719038,1,0.63,SSW,FOWLER,41.3121,-80.6561,4118726,8039366
201708,119983,719038,2,0.46,W,NUTWOOD,41.3197,-80.6388,4119182,8038328
201708,119983,719039,1,0,N,(YNG)YOUNGSTOWN MUNI,41.27,-80.67,4116200,8040200
201708,119989,719040,1,2,S,ALLIANCE,40.8911,-81.1,4053466,816000
201708,119989,719041,1,0,N,WAYNESBURG,40.67,-81.25,4040200,8115000
201708,119989,719042,1,1.91,E,FREDERICKTOWN,40.4773,-82.5139,4028638,8230834
201708,119989,719043,1,2.45,SW,MONROE MILLS,40.3719,-82.3983,4022314,8223898
201708,119989,719044,1,1.17,SE,NEW BUFFALO,40.9674,-80.705,4058044,8042300
201708,119990,719045,1,0,N,HURON,41.38,-82.55,4122800,8233000
201708,119990,719046,1,0,N,CLYDE,41.32,-82.97,4119200,8258200
201708,119990,719047,1,0,N,GREEN SPGS,41.25,-83.05,4115000,833000
201708,119990,719048,1,0,N,NILES,41.18,-80.77,4110800,8046200
201708,119991,719049,1,84.87,ENE,WILLOWICK,42.2246,-80.0629,4213476,803774
201708,119992,719050,1,76.71,ENE,WILLOWICK,42.1436,-80.1851,428616,8011106
201708,120287,720756,1,0.5,W,PARMA CORNERS,43.22,-77.81,4313200,7748600
201708,120288,720758,1,0.85,NW,LOWVILLE,43.79,-75.49,4347400,7529400
201708,120289,720763,1,2.14,WSW,BUFFALO,42.91,-78.89,4254600,7853400
201708,120289,720764,1,3.49,S,BUFFALO,42.87,-78.86,4252200,7851600
201708,117786,708120,1,3.92,WSW,BLUE GRASS,46.52,-95.09,4631200,955400
201708,117786,708121,1,1.17,SE,PARK RAPIDS,46.91,-95.05,4654600,953000
201708,117806,708190,1,1.47,NNW,LUBECK,39.2507,-81.6359,3915042,8138154
201708,117807,708194,1,0.53,NNE,MACKSBURG,39.6375,-81.468,3938250,8128080
201708,117807,708195,1,0.87,SE,ELBA,39.59,-81.41,3935400,8124600
201708,117807,708196,1,0.69,N,MURPHY,39.43,-81.2,3925800,8112000
201708,117829,708270,1,0.87,SW,WOLCOTT,40.76,-87.04,4045600,872400
201708,117836,708282,1,3.02,NNE,GASOLINE,34.372,-100.9851,3422320,10059106
201708,117846,708306,1,1.83,SE,JACKSONVILLE,30.33,-81.65,3019800,8139000
201708,117846,708306,2,1.51,SSW,SIMPSON YARD,30.33,-81.74,3019800,8144400
201708,117846,708306,3,2.21,SSW,SIMPSON YARD,30.319,-81.739,3019140,8144340
201708,117846,708306,4,2.02,SW,LAKE FOREST,30.3258,-81.649,3019548,8138940
201708,117847,708307,1,1.5,SSW,CRAWLEY,31.36,-82.48,3121600,8228800
201708,117848,708308,1,3.66,W,SAUF1 CMAN,29.85,-81.3311,2951000,8119866
201708,117849,708309,1,0.91,NE,DUPONT CENTRE,29.76,-81.31,2945600,8118600
201708,117850,708310,1,1.82,SE,HILLIARD AIRPARK,30.66,-81.88,3039600,8152800
201708,117851,708311,1,0.69,N,OCALA,29.19,-82.13,2911400,827800
201708,117851,708312,1,0.6,E,BELLEVIEW,29.07,-82.04,294200,822400
201708,117852,708313,1,1.38,WSW,PONTE VEDRA BEACH,30.24,-81.39,3014400,8123400
201708,117852,708314,1,0.92,NE,BEVERLY BEACH,29.51,-81.14,2930600,818400
201708,117852,708315,1,0.92,SE,SILVER SPGS AIRPARK,29.21,-82.06,2912600,823600
201708,117852,708316,1,0.6,W,BRYCEVILLE,30.38,-81.94,3022800,8156400
201708,117852,708317,1,1.51,SSW,HAMMOCK,29.6,-81.21,2936000,8112600
201708,117853,708318,1,4.51,NNE,BRUNSWICK,31.24,-81.47,3114400,8128200
201708,117854,708319,1,1.39,WNW,GAINESVILLE NORTH,29.68,-82.34,2940800,8220400
201708,117854,708320,1,1.38,N,BROOKER,29.9,-82.33,2954000,8219800
201708,117854,708321,1,0.69,N,GAINESVILLE,29.66,-82.32,2939600,8219200
201708,117854,708323,1,2.49,ENE,DUKE,29.98,-82.36,2958800,8221600
201708,117854,708324,1,0.91,NE,(CRG)CRAIG FLD JACKS,30.34,-81.51,3020400,8130600
201708,117876,708395,1,6,NNE,ROSEBUD,43.3102,-100.8044,4318612,10048264
201708,117876,708400,1,7,SE,MISSION,43.2384,-100.5616,4314304,10033696
201708,117876,708401,1,7,SE,MISSION,43.2384,-100.5616,4314304,10033696
201708,117876,708402,1,5.54,S,MISSION,43.2305,-100.6452,4313830,10038712
201708,117882,708420,1,8,S,DUPREE,44.9342,-101.6,4456052,10136000
201708,117882,708428,1,8,S,DUPREE,44.9342,-101.6,4456052,10136000
201708,117893,708508,1,7,WNW,(LND)HUNT FLD LANDER,42.8588,-108.8577,4251528,10851462
201708,117894,708521,1,2.62,WSW,LAKE MILLS,43.07,-88.95,434200,8857000
201708,117894,708522,1,0.5,W,LAKE MILLS,43.08,-88.91,434800,8854600
201708,117894,708523,1,0.5,E,CEDAR GROVE,43.57,-87.82,4334200,8749200
201708,117894,708524,1,1.71,NE,MILWAUKEE COUNTY ZOO,43.05,-88.02,433000,881200
201708,117894,708525,1,1.22,NW,WAUWATOSA,43.06,-87.97,433600,8758200
201708,117894,708526,1,1.53,W,DOWNTOWN KENOSHA,42.58,-87.86,4234800,8751600
201708,117895,708527,1,27.2,SSE,RANGELY,39.75,-108.52,3945000,10831200
201708,117896,708528,1,0.5,E,JACKSON,43.32,-88.16,4319200,889600
201708,117896,708529,1,0.51,E,BELOIT,42.52,-89.02,4231200,891200
201708,117896,708530,1,1.47,SSE,FIVE CORNERS,43.3,-87.99,4318000,8759400
201708,117896,708532,1,0,N,THERESA,43.52,-88.45,4331200,8827000
201708,117896,708533,1,0,N,FOND DU LAC,43.78,-88.45,4346800,8827000
201708,117896,708535,1,4.41,NNW,FOX LAKE,43.63,-88.93,4337800,8855800
201708,117896,708536,1,0.5,W,HARTFORD,43.32,-88.39,4319200,8823400
201708,117896,708538,1,2.12,WSW,WAUPUN ARPT,43.61,-88.81,4336600,8848600
201708,117896,708539,1,0.5,W,WAUPUN,43.63,-88.74,4337800,8844400
201708,117896,708540,1,0,N,ARGYLE,42.7,-89.87,4242000,8952200
201708,117896,708541,1,0.5,E,PLYMOUTH,43.75,-87.97,4345000,8758200
201708,117899,708546,1,1.23,NNE,EDGERTON,42.846,-89.0592,4250760,893552
201708,117899,708547,1,0.92,ESE,ALBION,42.8733,-89.0543,4252398,893258
201708,117921,708659,1,1.18,W,CENTER PT,34.0282,-93.9506,341692,9357036
201708,117921,708659,2,1.25,WSW,CENTER PT,34.0244,-93.9508,341464,9357048
201708,117921,708659,3,0.83,WSW,CENTER PT,34.0254,-93.9434,341524,9356604
201708,117921,708659,4,0.8,W,CENTER PT,34.0285,-93.9439,341710,9356634
201708,117928,713624,1,0.95,E,WILCOX,41.5795,-78.6817,4134770,7840902
201708,117928,713627,1,0.49,WSW,VINTONDALE,40.4783,-78.9091,4028698,7854546
201708,117928,713628,1,0.67,NNW,JOHNSONBURG,41.4894,-78.6831,4129364,7840986
201708,117928,713629,1,0.48,SSE,BAKERSVILLE,40.0432,-79.2181,402592,7913086
201708,117928,713630,1,0.81,WNW,LIVERPOOL,40.5743,-76.9944,4034458,7659664
201708,117928,713632,1,0.89,NNE,LENKERVILLE,40.5424,-76.9651,4032544,7657906
201708,117928,713634,1,1.22,NNE,LENKERVILLE,40.5467,-76.9626,4032802,7657756
201708,117928,713635,1,0.16,ENE,STILLWATER,41.1512,-76.3675,419072,7622050
201708,117928,713637,1,1.12,W,HEGINS,40.6502,-76.5013,4039012,7630078
201708,117928,713638,1,0.78,NNW,PALMYRA,40.3097,-76.5877,4018582,7635262
201708,117928,713639,1,0.24,ESE,ANNVILLE,40.3282,-76.516,4019692,7630960
201708,117929,711537,1,2.03,NNW,HOERNERSTOWN,40.3087,-76.7376,4018522,7644256
201708,117930,712580,1,0.36,NE,BETHLEHEM,40.8741,-78.7258,4052446,7843548
201708,117930,712581,1,0.38,SSW,UTAHVILLE,40.7446,-78.4716,4044676,7828296
201708,117930,712582,1,0.26,NNW,ROBESON EXTENSION,40.4732,-78.1824,4028392,7810944
201708,117930,712583,1,1.75,SSW,GREENWOOD,40.5079,-78.3862,4030474,7823172
201708,117930,712584,1,0.94,E,SKELP,40.6195,-78.2621,4037170,7815726
201708,117930,712585,1,0.64,S,CHESTER HILL,40.8908,-78.2285,4053448,7813710
201708,117930,712586,1,1.14,NE,NEWBURG,40.5399,-78.4127,4032394,7824762
201708,117930,712587,1,0.64,SW,TYRONE,40.6726,-78.2375,4040356,7814250
201708,117930,712588,1,1.43,NNW,SCALP LEVEL,40.2686,-78.842,4016116,7850520
201708,117930,712589,1,0.13,NNW,ROARING SPG,40.3318,-78.4006,4019908,7824036
201708,117930,712590,1,1.12,N,SPROUL,40.2861,-78.4677,4017166,7828062
201708,117930,712591,1,1.3,SSE,GEESEYTOWN,40.4333,-78.3387,4025998,7820322
201708,117930,712592,1,0.68,S,SOMERSET,40.0103,-79.0819,40618,794914
201708,117930,712593,1,0.53,SW,DAVIDSVILLE,40.2254,-78.938,4013524,7856280
201708,117930,712594,1,2.18,ESE,MARENGO,40.7164,-77.9924,4042984,7759544
201708,117930,712595,1,0.39,SW,BEAVER VLY,40.7158,-78.535,4042948,7832100
201708,117930,712596,1,2.03,NNW,PINE GROVE MILLS,40.7582,-77.8812,4045492,7752872
201708,117930,712597,1,0.44,WSW,PINE GROVE MILLS,40.7287,-77.8782,4043722,7752692
201708,117930,712598,1,0.73,NNE,BURNHAM,40.6401,-77.5656,4038406,7733936
201708,117930,712920,1,1.98,NE,ARDENHEIM,40.4882,-77.9507,4029292,7757042
201708,117930,712921,1,0.21,NNW,LEWISTOWN,40.6029,-77.5713,4036174,7734278
201708,117930,712922,1,0.88,ESE,CLEARVILLE,39.9149,-78.3847,3954894,7823082
201708,117930,712923,1,0.88,W,MIFFLINTOWN,40.5686,-77.3968,4034116,7723808
201708,117930,712924,1,0.53,W,MC ALISTERVILLE,40.6314,-77.29,4037884,7717400
201708,117930,712925,1,2.34,NE,MC CLURE,40.7251,-77.2699,4043506,7716194
201708,117930,712926,1,2.57,NW,SHERMANS DALE,40.3488,-77.2008,4020928,7712048
201708,117930,712927,1,1.62,WSW,FREEBURG,40.76,-76.958,4045600,7657480
201708,117930,712928,1,0.3,SSE,SUNBURY,40.866,-76.7678,4051960,7646068
201708,117930,712929,1,2.08,S,MANDATA,40.6498,-76.8202,4038988,7649212
201708,117930,712930,1,1.14,SW,SUNBURY,40.8601,-76.7876,4051606,7647256
201708,117930,712931,1,1.95,NNE,NORTHUMBERLAND,40.9268,-76.7881,4055608,7647286
201708,117930,712932,1,0.54,W,SELINSGROVE,40.8,-76.8603,4048000,7651618
201708,117930,712935,1,0.65,SW,DILLSBURG,40.1137,-77.0392,406822,772352
201708,117930,712936,1,0.66,NNW,SHAMOKIN ARPT,40.8393,-76.5531,4050358,7633186
201708,117930,712937,1,2.77,S,POTTS GROVE,40.9405,-76.771,4056430,7646260
201708,117930,712939,1,0.99,WSW,GRANTVILLE,40.3772,-76.6485,4022632,7638910
201708,117930,713039,1,0.33,NW,DONALDSON,40.6332,-76.4248,4037992,7625488
201708,117930,713040,1,0.42,WSW,PINE GLEN,40.5488,-76.3879,4032928,7623274
201708,117930,713042,1,0.82,W,BELLAIRE,40.1812,-76.5855,4010872,7635130
201708,117930,713043,1,0.2,SSE,MAIZEVILLE,40.7972,-76.2289,4047832,7613734
201708,117930,713044,1,0.63,N,LEBANON,40.3391,-76.419,4020346,7625140
201708,117930,713045,1,1.56,SSE,DANVILLE,40.9495,-76.5877,4056970,7635262
201708,118966,714647,2,0.58,S,FT WASHINGTON FOREST,38.7116,-76.9811,3842696,7658866
201708,118966,714647,3,0.55,S,FT WASHINGTON FOREST,38.712,-76.9801,3842720,7658806
201708,118966,714647,4,0.65,S,FT WASHINGTON FOREST,38.7106,-76.9795,3842636,7658770
201708,118967,714650,1,0.81,SW,TENLEYTOWN,38.9433,-77.0823,3856598,774938
201708,118967,714650,2,0.82,SW,TENLEYTOWN,38.943,-77.0823,3856580,774938
201708,118967,714650,3,1.07,WSW,TENLEYTOWN,38.9432,-77.0878,3856592,775268
201708,118967,714650,4,1.04,WSW,TENLEYTOWN,38.9433,-77.0874,3856598,775244
201708,118967,714652,1,0.8,E,TENLEYTOWN,38.9522,-77.0554,3857132,773324
201708,118967,714652,2,0.87,ENE,TENLEYTOWN,38.9526,-77.0541,3857156,773246
201708,118967,714652,3,0.95,E,TENLEYTOWN,38.9516,-77.0525,3857096,773150
201708,118967,714652,4,1.01,E,TENLEYTOWN,38.9495,-77.0513,3856970,773078
201708,118967,714652,5,0.94,E,TENLEYTOWN,38.9494,-77.0526,3856964,773156
201708,118968,715684,1,1.75,NNE,UPPER XRDS,39.5718,-76.4632,3934308,7627792
201708,118968,715684,2,1.55,NE,UPPER XRDS,39.5675,-76.4618,3934050,7627708
201708,118968,715684,3,1.6,NE,UPPER XRDS,39.5677,-76.4606,3934062,7627636
201708,118968,715684,4,1.73,W,PLEASANTVILLE,39.5722,-76.4623,3934332,7627738
201708,118968,715686,1,0.8,E,GIBSON,39.5783,-76.3151,3934698,7618906
201708,118968,715686,2,0.93,ESE,GIBSON,39.5768,-76.3131,3934608,7618786
201708,118968,715686,3,1.1,E,GIBSON,39.5778,-76.3096,3934668,7618576
201708,118968,715686,4,1.02,E,GIBSON,39.5785,-76.311,3934710,7618660
201708,118968,715688,1,1.11,ESE,ADY,39.6251,-76.3101,3937506,7618606
201708,118968,715688,2,1.09,ESE,ADY,39.6268,-76.31,3937608,7618600
201708,118968,715688,3,1.14,ESE,ADY,39.6267,-76.309,3937602,7618540
201708,118968,715688,4,1.31,ESE,ADY,39.6229,-76.3073,3937374,7618438
201708,118968,715688,5,1.2,ESE,ADY,39.6233,-76.3091,3937398,7618546
201708,118968,715689,1,1.61,SE,BYNUM,39.5567,-76.3451,3933402,7620706
201708,118968,715689,2,1.6,SE,BYNUM,39.5564,-76.3457,3933384,7620742
201708,118968,715689,3,1.63,SE,BYNUM,39.556,-76.3453,3933360,7620718
201708,118968,715689,4,1.65,SE,BYNUM,39.5563,-76.3447,3933378,7620682
201708,118968,715691,1,1.65,ENE,DUNDALK,39.2815,-76.493,3916890,7629580
201708,118968,715691,2,1.67,ENE,DUNDALK,39.2817,-76.4927,3916902,7629562
201708,118968,715691,3,1.68,ENE,DUNDALK,39.2813,-76.4922,3916878,7629532
201708,118968,715691,4,1.65,ENE,DUNDALK,39.2812,-76.4927,3916872,7629562
201708,118968,715692,1,0.62,NE,OELLA,39.2771,-76.7731,3916626,7646386
201708,118968,715692,2,0.6,NE,OELLA,39.2768,-76.7731,3916608,7646386
201708,118968,715692,3,0.63,NE,OELLA,39.2769,-76.7724,3916614,7646344
201708,118968,715692,4,0.64,NE,OELLA,39.2771,-76.7724,3916626,7646344
201708,118968,715694,1,1.71,SSW,LUTZ HILL,39.2978,-76.5341,3917868,7632046
201708,118968,715694,2,1.58,SSW,LUTZ HILL,39.2991,-76.5322,3917946,7631932
201708,118968,715694,3,1.62,SSW,LUTZ HILL,39.2979,-76.5302,3917874,7631812
201708,118968,715694,4,1.69,SSW,LUTZ HILL,39.2972,-76.5315,3917832,7631890
201708,118968,715695,1,1.56,NNE,DUNDALK,39.2899,-76.5063,3917394,7630378
201708,118968,715695,2,1.66,NNE,DUNDALK,39.2912,-76.5053,3917472,7630318
201708,118968,715695,3,1.72,NNE,DUNDALK,39.291,-76.5028,3917460,7630168
201708,118968,715695,4,1.59,NE,DUNDALK,39.289,-76.5034,3917340,7630204
201708,118968,715696,1,0.51,ENE,VALE,39.5337,-76.3917,3932022,7623502
201708,118968,715696,2,0.55,ENE,VALE,39.534,-76.391,3932040,7623460
201708,118968,715696,3,0.56,ENE,VALE,39.5328,-76.3901,3931968,7623406
201708,118968,715696,4,0.62,ENE,VALE,39.5327,-76.3888,3931962,7623328
201708,118968,715696,5,0.65,ENE,VALE,39.5328,-76.3884,3931968,7623304
201708,118968,715696,6,0.64,ENE,VALE,39.5326,-76.3885,3931956,7623310
201708,118968,715696,7,0.56,ENE,VALE,39.5326,-76.3901,3931956,7623406
201708,118968,715700,1,0.35,N,VALE,39.5349,-76.4011,3932094,7624066
201708,118968,715700,2,0.44,N,VALE,39.5363,-76.3986,3932178,7623916
201708,118968,715700,3,0.53,NNE,VALE,39.5367,-76.3953,3932202,7623718
201708,118968,715700,4,0.49,NE,VALE,39.5358,-76.3949,3932148,7623694
201708,118968,715700,5,0.31,N,VALE,39.5345,-76.4005,3932070,7624030
201708,118969,715702,1,0.9,E,GIBSON,39.5775,-76.3134,3934650,7618804
201708,118969,715702,2,0.98,ESE,GIBSON,39.5768,-76.312,3934608,7618720
201708,118969,715702,3,1.11,E,GIBSON,39.5778,-76.3094,3934668,7618564
201708,118969,715702,4,1.03,E,GIBSON,39.5783,-76.3108,3934698,7618648
201708,118969,715703,1,0.57,E,BENSON,39.5011,-76.3694,3930066,7622164
201708,118969,715703,2,0.6,E,BENSON,39.5014,-76.3689,3930084,7622134
201708,118969,715703,3,0.66,E,BENSON,39.5015,-76.3678,3930090,7622068
201708,118969,715703,4,0.64,E,BENSON,39.501,-76.3681,3930060,7622086
201708,118969,715704,1,1.09,WNW,EMMORTON,39.5044,-76.3397,3930264,7620382
201708,118969,715704,2,1.07,WNW,EMMORTON,39.5049,-76.3391,3930294,7620346
201708,118969,715704,3,1.02,WNW,EMMORTON,39.5044,-76.3382,3930264,7620292
201708,118969,715704,4,1.03,WNW,EMMORTON,39.5041,-76.3385,3930246,7620310
201708,118969,715705,1,0.41,W,ELLICOTT CITY,39.2689,-76.8076,3916134,7648456
201708,118969,715705,2,0.41,W,ELLICOTT CITY,39.2692,-76.8076,3916152,7648456
201708,118969,715705,3,0.39,W,ELLICOTT CITY,39.2696,-76.8073,3916176,7648438
201708,118969,715705,4,0.39,W,ELLICOTT CITY,39.2692,-76.8072,3916152,7648432
201708,118969,715706,1,0.39,W,FULFORD,39.5492,-76.2872,3932952,7617232
201708,118969,715706,2,0.35,W,FULFORD,39.5492,-76.2865,3932952,7617190
201708,118969,715706,3,0.37,WSW,FULFORD,39.5485,-76.2866,3932910,7617196
201708,118969,715706,4,0.41,WSW,FULFORD,39.5487,-76.2875,3932922,7617250
201708,118969,715707,1,0.69,ENE,EMMORTON,39.5032,-76.3077,3930192,7618462
201708,118969,715707,2,0.74,ENE,EMMORTON,39.5035,-76.3069,3930210,7618414
201708,118969,715707,3,0.75,ENE,EMMORTON,39.5028,-76.3065,3930168,7618390
201708,118969,715707,4,0.71,ENE,EMMORTON,39.5024,-76.3071,3930144,7618426
201708,118969,715708,1,0.33,W,EMMORTON,39.5002,-76.3261,3930012,7619566
201708,118969,715708,2,0.3,W,EMMORTON,39.5003,-76.3257,3930018,7619542
201708,118969,715708,3,0.29,W,EMMORTON,39.5,-76.3254,3930000,7619524
201708,118969,715708,4,0.32,W,EMMORTON,39.4998,-76.3259,3929988,7619554
201708,118969,715709,1,1.48,SE,EMMORTON,39.4849,-76.3003,3929094,7618018
201708,118969,715709,2,1.49,SE,EMMORTON,39.4853,-76.2995,3929118,7617970
201708,118969,715709,3,1.57,SE,EMMORTON,39.4844,-76.2987,3929064,7617922
201708,118969,715709,4,1.54,SE,EMMORTON,39.4842,-76.2995,3929052,7617970
201708,118969,715710,1,1.23,ENE,CARSINS RUN,39.5391,-76.2002,3932346,7612012
201708,118969,715710,2,1.45,ENE,CARSINS RUN,39.5416,-76.1972,3932496,7611832
201708,118969,715710,3,1.48,ENE,CARSINS RUN,39.5413,-76.1965,3932478,7611790
201708,118969,715710,4,1.38,ENE,CARSINS RUN,39.5399,-76.1974,3932394,7611844
201708,118969,715710,5,1.28,ENE,CARSINS RUN,39.539,-76.199,3932340,7611940
201708,118969,715712,1,0.48,ESE,EDGEWOOD,39.4163,-76.2924,3924978,7617544
201708,118969,715712,2,0.49,ESE,EDGEWOOD,39.4165,-76.292,3924990,7617520
201708,118969,715712,3,0.51,ESE,EDGEWOOD,39.4161,-76.2919,3924966,7617514
201708,118969,715712,4,0.5,ESE,EDGEWOOD,39.416,-76.2923,3924960,7617538
201708,118969,715713,1,0.64,ESE,ABERDEEN,39.5153,-76.1597,3930918,769582
201708,118969,715713,2,0.7,ESE,ABERDEEN,39.5162,-76.1579,3930972,769474
201708,118969,715713,3,0.76,ESE,ABERDEEN,39.5151,-76.1573,3930906,769438
201708,118969,715713,4,0.72,ESE,ABERDEEN,39.5144,-76.1587,3930864,769522
201708,118969,715714,1,1.46,SE,CARSINS RUN,39.516,-76.1994,3930960,7611964
201708,118969,715714,2,1.44,SE,CARSINS RUN,39.5164,-76.1996,3930984,7611976
201708,118969,715714,3,1.47,SE,CARSINS RUN,39.5164,-76.1987,3930984,7611922
201708,118969,715714,4,1.49,NW,ABERDEEN ARPT,39.516,-76.1987,3930960,7611922
201708,118969,715715,1,1.06,NNE,ABERDEEN,39.5346,-76.164,3932076,769840
201708,118969,715715,2,1.01,NNE,ABERDEEN,39.5342,-76.1652,3932052,769912
201708,118969,715715,3,1.06,NNE,ABERDEEN,39.5348,-76.1653,3932088,769918
201708,118969,715715,4,1.15,NNE,ABERDEEN,39.5358,-76.1632,3932148,769792
201708,118969,715715,5,1.13,NNE,ABERDEEN,39.5353,-76.1623,3932118,769738
201708,118969,715719,1,0.2,NE,ABINGDON,39.4719,-76.2672,3928314,7616032
201708,118969,715719,2,0.25,NE,ABINGDON,39.4724,-76.2665,3928344,7615990
201708,118969,715719,3,0.25,ENE,ABINGDON,39.472,-76.266,3928320,7615960
201708,118969,715719,4,0.21,ENE,ABINGDON,39.4716,-76.2666,3928296,7615996
201708,118969,715720,1,0.89,N,MORGANZA,38.3929,-76.7,3823574,7642000
201708,118969,715720,2,1.09,N,MORGANZA,38.3957,-76.7024,3823742,7642144
201708,118969,715720,3,1.16,N,MORGANZA,38.3968,-76.6999,3823808,7641994
201708,119835,718488,1,11.05,S,WIGGINS PASS,26.12,-81.82,267200,8149200
201708,119836,718486,1,7.99,NNE,PORT EVERGLADES,26.21,-80.09,2612600,805400
201708,119836,718487,1,6.11,SW,KEY BISCAYNE,25.71,-80.21,2542600,8012600
201708,119837,718505,1,1.56,SW,MIAMI,25.7517,-80.2146,2545102,8012876
201708,119837,718505,2,1.62,N,MIAMI,25.7933,-80.2035,2547598,8012210
201708,119837,718505,3,1.46,SSW,LEMON CITY,25.8002,-80.1881,2548012,8011286
201708,119837,718505,4,0.33,NNE,NORTH BAY VLG,25.8542,-80.1474,2551252,808844
201708,119837,718505,5,1.74,ESE,INDIAN CREEK,25.8579,-80.1054,2551474,806324
201708,119837,718505,6,3.19,S,BISCAYNE PARK,25.7245,-80.1411,2543470,808466
201708,119838,718489,1,10.34,SE,PORT OF PALM BEACH,26.63,-79.97,2637800,7958200
201708,119839,718490,1,1.98,ENE,CARDWELL,26.78,-80.62,2646800,8037200
201708,119840,718491,1,0.69,N,HOMESTEAD GEN AVN AR,25.51,-80.55,2530600,8033000
201708,119841,718492,1,25.49,SSE,WIGGINS PASS,25.92,-81.73,2555200,8143800
201708,119841,718493,1,24.82,SSE,WIGGINS PASS,25.93,-81.73,2555800,8143800
201708,119843,718494,1,11.51,NNE,ELLIOT KEY,25.59,-80.1,2535400,806000
201708,119844,720238,1,2.24,N,BOCA RATON,26.3819,-80.0869,2622914,805214
201708,119844,720238,2,2.33,N,BOCA RATON,26.3837,-80.0781,2623022,804686
201708,119844,720238,3,3.56,N,BOCA RATON,26.4012,-80.0737,2624072,804422
201708,119844,720238,4,3.54,N,BOCA RATON,26.4012,-80.0813,2624072,804878
201708,119845,718496,1,3.67,NNE,TURKEY POINT,25.43,-80.3,2525800,8018000
201708,119847,718499,1,10.38,S,WIGGINS PASS,26.13,-81.81,267800,8148600
201708,119847,718500,1,25.49,SSE,WIGGINS PASS,25.92,-81.73,2555200,8143800
201708,119848,718502,1,11.51,NNE,ELLIOT KEY,25.59,-80.1,2535400,806000
201708,119849,718506,1,1.86,NW,(APF)NAPLES MUNI ARP,26.17,-81.8,2610200,8148000
201708,119849,718506,2,1.4,W,(APF)NAPLES MUNI ARP,26.1539,-81.8022,269234,8148132
201708,119849,718506,3,0.23,NNE,NAPLES,26.1333,-81.7992,267998,8147952
201708,119849,718506,4,0.64,ENE,NAPLES,26.1342,-81.7908,268052,8147448
201708,119849,718506,5,0.62,W,(APF)NAPLES MUNI ARP,26.15,-81.79,269000,8147400
201708,119849,718506,6,2.05,SSE,NORTH NAPLES,26.2025,-81.7876,2612150,8147256
201708,119849,718506,7,2.07,S,NORTH NAPLES,26.2,-81.8,2612000,8148000
201708,119849,718508,1,4.04,ENE,NORTH NAPLES,26.2414,-81.7361,2614484,8144166
201708,119849,718508,2,4.34,ENE,NORTH NAPLES,26.2482,-81.733,2614892,8143980
201708,119849,718508,3,5.63,ENE,NORTH NAPLES,26.2459,-81.7109,2614754,8142654
201708,119849,718508,4,5.29,E,NORTH NAPLES,26.2418,-81.7157,2614508,8142942
201708,119849,718508,5,4.05,NW,GOLDEN GATE,26.214,-81.7133,2612840,8142798
201708,119849,718508,6,4.39,NW,GOLDEN GATE,26.214,-81.721,2612840,8143260
201708,119849,718510,1,3.67,NNW,MARCO IS ARPT,26.05,-81.69,263000,8141400
201708,119849,718510,2,2.42,NNW,(APF)NAPLES MUNI ARP,26.18,-81.8,2610800,8148000
201708,119849,718510,3,1.24,E,NORTH NAPLES,26.23,-81.78,2613800,8146800
201708,119849,718510,4,8.09,E,GOLDEN GATE,26.18,-81.54,2610800,8132400
201708,119849,718510,5,2.58,ENE,MARCO IS ARPT,26.01,-81.63,26600,8137800
201708,119849,720240,1,2.17,N,HOLLYWOOD N PERRY AR,26.0313,-80.2329,261878,8013974
201708,119849,720240,2,1.88,NW,WEST HOLLYWOOD,26.0402,-80.2204,262412,8013224
201708,119849,720240,3,1.26,NW,WEST HOLLYWOOD,26.0323,-80.215,261938,8012900
201708,119849,720240,4,0.82,NE,HOLLYWOOD N PERRY AR,26.0082,-80.2204,26492,8013224
201708,119849,720240,5,0.7,NNW,HOLLYWOOD N PERRY AR,26.0094,-80.234,26564,8014040
201708,119853,718515,1,6,W,ODESSA,31.85,-102.4722,3151000,10228332
201708,119854,718514,1,1.23,NE,HAPPY VLY,32.432,-104.2544,3225920,10415264
201708,119854,718514,2,1.31,NE,HAPPY VLY,32.4332,-104.2537,3225992,10415222
201708,119854,718514,3,0.51,N,CARLSBAD,32.4274,-104.2299,3225644,10413794
201708,119854,718514,4,0.34,SW,CARLSBAD,32.4165,-104.234,3224990,10414040
201708,119856,718520,1,2.12,SW,KANSAS CITY,39.06,-94.6,393600,9436000
201708,119856,718520,2,2.62,SW,KANSAS CITY,39.0508,-94.6012,393048,9436072
201708,119856,718520,3,2.16,SSW,KANSAS CITY,39.0505,-94.5832,393030,9434992
201708,119856,718520,4,1.52,SSW,KANSAS CITY,39.0615,-94.5851,393690,9435106
201708,119856,718521,1,1.3,NW,NORTH KANSAS CITY,39.1643,-94.5958,399858,9435748
201708,119856,718521,2,1.14,WSW,OAKWOOD,39.1747,-94.6002,3910482,9436012
201708,119856,718521,3,0.62,SW,OAKWOOD,39.1745,-94.589,3910470,9435340
201708,119856,718521,4,1.13,SSW,OAKWOOD,39.1653,-94.5894,399918,9435364
201708,119856,718522,1,2.56,S,KANSAS CITY,39.0432,-94.5759,392592,9434554
201708,119856,718522,2,2.58,SSW,KANSAS CITY,39.0434,-94.5801,392604,9434806
201708,119856,718522,3,2.82,S,KANSAS CITY,39.04,-94.58,392400,9434800
201708,119856,718522,4,2.72,S,KANSAS CITY,39.0409,-94.5756,392454,9434536
201708,119856,718523,1,1.75,WSW,LEEDS,39.04,-94.53,392400,9431800
201708,119856,718523,2,1.81,WSW,LEEDS,39.0366,-94.529,392196,9431740
201708,119856,718523,3,2.03,WSW,LEEDS,39.0362,-94.5335,392172,9432010
201708,119856,718523,4,1.9,WSW,LEEDS,39.0405,-94.5332,392430,9431992
201708,119856,718524,1,0.71,WSW,GASHLAND,39.2246,-94.5913,3913476,9435478
201708,119856,718524,2,1.65,N,CLAYCOMO,39.2238,-94.5264,3913428,9431584
201708,119856,718524,3,0.73,SSE,CLAYCOMO,39.1903,-94.525,3911418,9431500
201708,119856,718524,4,1.1,WSW,LINDEN,39.1921,-94.5978,3911526,9435868
201708,119856,718526,1,0.83,E,RIVERSIDE,39.1694,-94.6045,3910164,9436270
201708,119856,718526,2,0.8,ESE,RIVERSIDE,39.1676,-94.6055,3910056,9436330
201708,119856,718526,3,0.55,E,RIVERSIDE,39.1691,-94.6099,3910146,9436594
201708,119856,718526,4,0.34,NE,RIVERSIDE,39.1737,-94.616,3910422,9436960
201708,119856,718526,5,0.51,ENE,RIVERSIDE,39.1741,-94.6119,3910446,9436714
201708,120222,720310,3,1.6,ENE,CAMPOBELLO ARPT,35.091,-82.195,355460,8211700
201708,120222,720310,4,1.79,ENE,CAMPOBELLO ARPT,35.092,-82.192,355520,8211520
201708,120223,720311,1,2.35,NE,PETERSBURG,35.843,-82.589,3550580,8235340
201708,120223,720311,2,1.9,ENE,SEXTON,35.806,-82.587,3548360,8235220
201708,120223,720311,3,0.78,WSW,BEECH GLEN,35.816,-82.533,3548960,8231980
201708,120223,720311,4,0.36,ENE,MARS HILL,35.832,-82.524,3549920,8231440
201708,120224,720312,1,26.84,SSW,LONG PINE,42.16,-99.86,429600,9951600
201708,120224,720313,1,30.29,SSW,LONG PINE,42.11,-99.87,426600,9952200
201708,120224,720314,1,6.93,N,BREWSTER,42.03,-99.86,421800,9951600
201708,120224,720315,1,0.69,N,BREWSTER,41.94,-99.87,4156400,9952200
201708,120224,720316,1,4.84,N,BREWSTER,42,-99.87,4200,9952200
201708,120224,720317,1,0.86,NW,MILBURN,41.73,-99.74,4143800,9944400
201708,120224,720318,1,0.69,N,ANSLEY,41.29,-99.38,4117400,9922800
201708,120224,720319,1,30.29,SSW,LONG PINE,42.11,-99.87,426600,9952200
201708,120225,720320,1,0.87,SE,PAXTON,41.12,-101.36,417200,10121600
201708,120226,720321,1,0.86,SW,MULLEN,42.04,-101.04,422400,1012400
201708,120227,720322,1,0.52,E,ARTHUR,41.57,-101.69,4134200,10141400
201708,120227,720323,1,5.69,W,ARTHUR,41.57,-101.81,4134200,10148600
201708,120240,720426,1,3.51,N,FORBING PARK,34.6208,-112.4801,3437248,11228806
201708,120240,720426,2,3.55,NE,ENTRO,34.6333,-112.3524,3437998,11221144
201708,120240,720426,3,1.17,E,GOODWIN,34.5179,-112.3496,3431074,11220976
201708,120240,720426,4,3.09,SW,MILLER VLY,34.5203,-112.5206,3431218,11231236
201708,120240,720428,1,4.3,NNE,HILLSIDE,34.48,-112.9,3428800,11254000
201708,120241,720434,1,0,N,MAYER,34.4,-112.23,3424000,11213800
201708,120241,720434,2,1.21,SSE,POLAND JCT,34.4344,-112.2604,3426064,11215624
201708,120241,720434,3,3.24,SW,POLAND JCT,34.4166,-112.3098,3424996,11218588
201708,120241,720434,4,2.73,SSW,MAYER,34.363,-112.247,3421780,11214820
201708,120241,720434,5,6.74,E,CORDES,34.2967,-112.052,3417802,1123120
201708,120241,720435,1,2.11,SW,OAK CREEK CANYON ARP,34.828,-111.8058,3449680,11148348
201708,120241,720435,2,4.87,S,OAK CREEK CANYON ARP,34.7803,-111.7679,3446818,11146074
201708,120241,720435,3,6.27,S,OAK CREEK CANYON ARP,34.7594,-111.7735,3445564,11146410
201708,120241,720435,4,4.29,SSW,OAK CREEK CANYON ARP,34.79,-111.7997,3447400,11147982
201708,120241,720454,1,0.98,ESE,RIMROCK ARPT,34.644,-111.7645,3438640,11145870
201708,120241,720454,2,1.06,E,RIMROCK ARPT,34.6528,-111.7616,3439168,11145696
201708,120241,720454,3,1.11,WNW,RIMROCK,34.6586,-111.7465,3439516,11144790
201708,120241,720454,4,1.66,NW,RIMROCK,34.6697,-111.7468,3440182,11144808
201708,120241,720454,5,0.84,NE,RIMROCK ARPT,34.6591,-111.7703,3439546,11146218
201708,120241,720454,6,0.63,SE,RIMROCK ARPT,34.6445,-111.7711,3438670,11146266
201708,120241,720455,1,4.41,ESE,BEAVER CREEK,34.655,-111.6245,3439300,11137470
201708,120241,720455,2,5.48,ENE,BEAVER CREEK,34.7016,-111.6115,3442096,11136690
201708,120241,720455,3,1.95,NNW,RIMROCK,34.6742,-111.7478,3440452,11144868
201708,120241,720455,4,0.99,N,MONTEZUMA CASTLE,34.6343,-111.8308,3438058,11149848
201708,120241,720455,5,1,W,CAMP VERDE,34.5702,-111.8676,3434212,11152056
201708,120241,720455,6,0.29,SE,CAMP VERDE,34.5675,-111.846,3434050,11150760
201708,120241,720456,1,5.15,W,OAK CREEK CANYON ARP,34.84,-111.87,3450400,11152200
201708,120241,720456,2,12.13,E,WEST SEDONA,34.8749,-111.5662,3452494,11133972
201708,120244,720636,1,15.42,S,PEAVINE,39.447,-120.0098,3926820,120588
201708,120244,720636,2,15.44,S,PEAVINE,39.4466,-120.0099,3926796,120594
201708,120244,720636,3,15.37,S,PEAVINE,39.4476,-120.0167,3926856,1201002
201708,120244,720636,4,15.26,S,PEAVINE,39.4491,-120.0203,3926946,1201218
201708,120244,720636,5,15.17,S,PEAVINE,39.4504,-120.0184,3927024,1201104
201708,120244,720636,6,15.23,S,PEAVINE,39.4497,-120.0144,3926982,120864
201708,120244,720636,7,15.3,S,PEAVINE,39.4487,-120.0113,3926922,120678
201708,120244,720649,1,3.69,SSE,MEEKS BAY,38.9783,-120.1028,3858698,1206168
201708,120245,720457,1,3,NE,(PRC)PRESCOTT ARPT,34.6807,-112.3827,3440842,11222962
201708,120245,720457,2,13,NE,(PRC)PRESCOTT ARPT,34.783,-112.2581,3446980,11215486
201708,120246,720458,1,4.1,NNE,MARBLE CANYON,36.87,-111.59,3652200,11135400
201708,120246,720458,2,2.9,NNE,MARBLE CANYON,36.8561,-111.6034,3651366,11136204
201708,120246,720458,3,20.55,NW,MARBLE CANYON,37.0059,-111.9205,37354,11155230
201708,120246,720458,4,12.6,W,PAGE WAHWEAP ARPT,37.0092,-111.7255,37552,11143530
201708,120248,720484,1,0.13,WSW,PAMPLICO,33.9993,-79.572,3359958,7934320
201708,120248,720484,2,0.13,SW,PAMPLICO,33.9987,-79.5717,3359922,7934302
201708,120249,720487,1,0.76,S,CARVERS BAY,33.609,-79.3297,3336540,7919782
201708,120249,720489,1,1.38,NNE,KLONDIKE,33.699,-79.1127,3341940,796762
201708,120249,720489,2,1.46,NNE,KLONDIKE,33.6998,-79.1108,3341988,796648
201708,120250,720500,1,1.51,NW,DILLON,34.4338,-79.3905,3426028,7923430
201708,120250,720504,1,0.64,ENE,POYNER,34.1343,-79.6601,348058,7939606
201708,120250,720506,1,6.34,NE,GALIVANTS FERRY,34.1087,-79.1649,346522,799894
201708,120250,720506,2,6.34,NE,GALIVANTS FERRY,34.1086,-79.1649,346516,799894
201708,119955,718924,2,7.61,NW,GUAYNABO,18.4135,-66.1056,1824810,666336
201708,119955,718925,1,3.34,NNW,SAN JUAN,18.4218,-66.0756,1825308,664536
201708,119955,718925,2,3.34,N,SAN JUAN,18.4276,-66.0591,1825656,663546
201708,119955,718930,1,2.69,NNE,SAN JUAN,18.4159,-66.0343,1824954,662058
201708,119955,718930,2,2.71,NNE,SAN JUAN,18.414,-66.0294,1824840,661764
201708,119955,718933,1,10.19,ENE,BAYAMON,18.4204,-66.0335,1825224,662010
201708,119955,718933,2,9.99,ENE,BAYAMON,18.42,-66.0367,1825200,662202
201708,119955,718934,1,1.78,NNW,BAYAMON,18.3748,-66.1774,1822488,6610644
201708,119958,718935,1,4.76,NNE,HATILLO,18.4821,-66.7685,1828926,6646110
201708,119958,718935,2,4.77,NNE,HATILLO,18.4813,-66.7665,1828878,6645990
201708,119958,718935,3,4.8,NNE,HATILLO,18.4817,-66.7664,1828902,6645984
201708,119958,718935,4,4.8,NNE,HATILLO,18.4826,-66.7683,1828956,6646098
201708,119959,718937,1,2.87,SSE,PATILLAS,17.98,-65.9886,1758800,6559316
201708,119959,718937,2,3.09,SSE,PATILLAS,17.9784,-65.9828,1758704,6558968
201708,119960,718939,1,4.38,WNW,CEIBA,18.2638,-65.6952,1815828,6541712
201708,119960,718939,2,4.5,WNW,CEIBA,18.2641,-65.6969,1815846,6541814
201708,119960,718939,3,4.46,WNW,CEIBA,18.2659,-65.6958,1815954,6541748
201708,119960,718939,4,4.28,WNW,CEIBA,18.265,-65.6933,1815900,6541598
201708,119960,718939,5,4.25,WNW,CEIBA,18.2635,-65.6932,1815810,6541592
201708,119960,718940,1,3.78,N,RIO GRANDE,18.4045,-65.8041,1824270,6548246
201708,119960,718940,2,3.38,N,RIO GRANDE,18.3987,-65.8053,1823922,6548318
201708,119960,718940,3,3.35,N,RIO GRANDE,18.3984,-65.8018,1823904,6548108
201708,119960,718940,4,3.73,N,RIO GRANDE,18.404,-65.8021,1824240,6548126
201708,119960,718941,1,2.06,ENE,RIO GRANDE,18.3609,-65.7709,1821654,6546254
201708,119960,718941,2,2.09,E,RIO GRANDE,18.3521,-65.7683,1821126,6546098
201708,119960,718941,3,2.34,E,RIO GRANDE,18.3479,-65.7644,1820874,6545864
201708,119960,718941,4,2.51,E,RIO GRANDE,18.3486,-65.7618,1820916,6545708
201708,119960,718941,5,2.33,E,RIO GRANDE,18.3545,-65.7648,1821270,6545888
201708,119960,718941,6,2.2,ENE,RIO GRANDE,18.3611,-65.7685,1821666,6546110
201708,119960,718943,1,1.35,ENE,LUQUILLO,18.3553,-65.7001,1821318,6542006
201708,119960,718943,2,1.45,E,LUQUILLO,18.3532,-65.6982,1821192,6541892
201708,119960,718943,3,1.48,E,LUQUILLO,18.3525,-65.6976,1821150,6541856
201708,119960,718943,4,1.44,E,LUQUILLO,18.3519,-65.6981,1821114,6541886
201708,119960,718943,5,1.35,E,LUQUILLO,18.3526,-65.6996,1821156,6541976
201708,119960,718944,1,3.22,WNW,LUQUILLO,18.3717,-65.7634,1822302,6545804
201708,119960,718944,2,3.21,WNW,LUQUILLO,18.3696,-65.7644,1822176,6545864
201708,119960,718944,3,2.97,WNW,LUQUILLO,18.3671,-65.7616,1822026,6545696
201708,119960,718944,4,2.97,WNW,LUQUILLO,18.3687,-65.7608,1822122,6545648
201708,119960,718944,5,3.08,WNW,LUQUILLO,18.3707,-65.7615,1822242,6545690
201708,119960,718944,6,3.17,WNW,LUQUILLO,18.3727,-65.762,1822362,6545720
201708,119960,718989,2,3.79,N,SAN JUAN,18.4347,-66.0551,1826082,663306
201708,119960,718989,3,3.85,N,SAN JUAN,18.4352,-66.0585,1826112,663510
201708,119960,718989,4,3.9,N,SAN JUAN,18.4361,-66.0573,1826166,663438
201708,119960,718989,5,3.71,N,SAN JUAN,18.4337,-66.047,1826022,662820
201708,119960,718991,1,1.48,SW,PATILLAS,18.0026,-66.0131,18156,66786
201708,119960,718991,2,1.5,SSW,PATILLAS,18.0019,-66.0125,18114,66750
201708,119960,718991,3,1.46,SSW,PATILLAS,18.0019,-66.0116,18114,66696
201708,119960,718991,4,1.43,SSW,PATILLAS,18.0028,-66.012,18168,66720
201708,119960,719001,1,1.76,SSE,PATILLAS,17.9968,-65.9891,1759808,6559346
201708,119960,719001,2,1.58,SSE,PATILLAS,17.9997,-65.989,1759982,6559340
201708,119960,719001,3,1.41,SSE,PATILLAS,18.0007,-65.9932,1842,6559592
201708,119960,719001,4,1.48,S,PATILLAS,17.9989,-65.996,1759934,6559760
201708,119960,719005,1,2.13,NNE,GUAYAMA,18.0073,-66.1148,18438,666888
201708,119960,719005,2,1.82,NE,GUAYAMA,18,-66.1119,1800,666714
201708,119960,719011,1,3.42,W,NAGUABO,18.2186,-65.7821,1813116,6546926
201708,119960,719011,2,3.61,W,NAGUABO,18.216,-65.7849,1812960,6547094
201708,119960,719011,3,3.75,W,NAGUABO,18.2182,-65.7871,1813092,6547226
201708,119960,719011,4,3.5,W,NAGUABO,18.2193,-65.7834,1813158,6547004
201708,120049,719389,1,5.43,NW,ALLENDORF,43.48,-95.69,4328800,9541400
201708,120049,719390,1,4.07,W,ALLENDORF,43.43,-95.7,4325800,9542000
201708,120049,719391,1,2.44,NE,SIBLEY,43.42,-95.73,4325200,9543800
201708,120049,719392,1,0.5,W,SUPERIOR,43.43,-94.99,4325800,9459400
201708,120049,719393,1,3.6,SSE,SUPERIOR,43.38,-94.96,4322800,9457600
201708,120050,719394,1,2.76,S,SIOUX FALLS,43.49,-96.73,4329400,9643800
201708,120050,719395,1,2.94,SSE,SIOUX FALLS,43.49,-96.71,4329400,9642600
201708,120050,719397,1,0,N,HARRISBURG,43.43,-96.7,4325800,9642000
201708,120050,719398,1,0,N,HARRISBURG,43.43,-96.7,4325800,9642000
201708,120050,719399,1,2.81,S,VALLEY SPGS,43.54,-96.46,4332400,9627600
201708,120050,719400,1,1,W,BIJOU HILLS,43.52,-99.17,4331200,9910200
201708,120050,719401,1,1.01,E,TRIPP,43.22,-97.95,4313200,9757000
201708,120052,719403,1,0,N,GARRETSON,43.72,-96.5,4343200,9630000
201708,120052,719405,1,0.85,SW,ARMOUR,43.31,-98.36,4318600,9821600
201708,120052,719406,1,4.26,WSW,DELMONT,43.25,-98.25,4315000,9815000
201708,120052,719408,1,3.6,NNE,DANTE,43.08,-98.18,434800,9810800
201708,120052,719409,1,2.58,WNW,TRENT,43.91,-96.7,4354600,9642000
201708,120052,719410,1,3.68,NW,RUNNING WATER,42.8,-98.04,4248000,982400
201708,120054,719413,1,1,E,ADRIAN,43.63,-95.93,4337800,9555800
201708,120054,719414,1,0,N,RUSHMORE,43.62,-95.8,4337200,9548000
201708,120055,719415,1,1.21,NE,LAKE BENTON,44.26,-96.28,4415600,9616800
201708,120055,719416,1,0.85,NW,LYND,44.39,-95.89,4423400,9553400
201708,120055,719417,1,7.97,NNE,JEFFERS,44.15,-95.12,449000,957200
201708,120055,719418,1,0.99,E,LAKE WILSON,44,-95.95,4400,9557000
201708,120055,719419,1,3.41,SW,WILMONT,43.73,-95.84,4343800,9550400
201708,120055,719420,1,1,W,ORG,43.58,-95.67,4334800,9540200
201708,120055,719422,1,0.85,NE,BIGELOW,43.51,-95.69,4330600,9541400
201708,120055,719423,1,2.88,NW,RUSHMORE,43.65,-95.84,4339000,9550400
201708,120055,719423,2,1.92,NW,RUSHMORE,43.6387,-95.8283,4338322,9549698
201708,120055,719427,1,1.22,NW,RUSHMORE,43.63,-95.82,4337800,9549200
201708,120055,719427,2,0.71,SW,RUSHMORE,43.6122,-95.8093,4336732,9548558
201708,120055,719430,1,2.01,W,BIGELOW,43.5014,-95.7401,4330084,9544406
201708,120055,719430,2,1.75,SW,BIGELOW,43.4812,-95.7234,4328872,9543404
201708,120055,720197,1,0.85,SW,MINNEOTA,44.56,-95.99,4433600,9559400
201708,120055,720198,1,0.85,SE,GARVIN,44.21,-95.76,4412600,9545600
201708,120055,720199,1,0.99,E,LAKE WILSON,44,-95.95,4400,9557000
201708,120056,719506,1,3.6,E,PRIMGHAR ARPT,43.09,-95.55,435400,9533000
201708,120056,719507,1,2.02,W,HARTLEY,43.18,-95.52,4310800,9531200
201708,120056,719508,1,3.6,E,PRIMGHAR ARPT,43.09,-95.55,435400,9533000
201708,120056,719509,1,3.11,ENE,PRIMGHAR ARPT,43.09,-95.56,435400,9533600
201708,120056,719511,1,4.18,N,SUTHERLAND,43.03,-95.49,431800,9529400
201708,120056,719513,1,4.61,E,LARRABEE,42.88,-95.44,4252800,9526400
201708,120056,719514,1,1.22,SE,CLOVERDALE,43.34,-95.68,4320400,9540800
201708,120056,719514,2,0.34,SW,MELVIN,43.2771,-95.6255,4316626,9537530
201708,120056,719515,1,2.45,SE,LARRABEE,42.85,-95.49,4251000,9529400
201708,120056,719515,2,3.2,SE,LARRABEE,42.8398,-95.4822,4250388,9528932
201708,120056,719524,1,4.47,NW,ALLENDORF,43.46,-95.69,4327600,9541400
201708,120056,722574,1,7.16,NNE,SIBLEY,43.5014,-95.7401,4330084,9544406
201708,120056,722574,2,6.08,NNE,SIBLEY,43.4812,-95.7234,4328872,9543404
201708,120083,719530,1,3.1,ENE,DICKENS,43.14,-94.97,438400,9458200
201708,120083,719531,1,0.5,E,ROCK RAPIDS,43.43,-96.17,4325800,9610200
201708,120083,719533,1,2.01,E,SIBLEY,43.4,-95.73,4324000,9543800
201708,120083,719534,1,0.69,N,LE MARS,42.79,-96.17,4247400,9610200
201708,119658,717770,1,1.61,NNE,FRUITLAND,38.3408,-75.6066,3820448,7536396
201708,119658,717770,2,1.02,SSE,SALISBURY,38.3575,-75.5899,3821450,7535394
201708,119658,717771,1,0,N,WEST OCEAN CITY,38.33,-75.1,3819800,756000
201708,119658,717771,2,0,N,OCEAN CITY ARPT,38.32,-75.12,3819200,757200
201708,119658,718764,1,3.04,ENE,BISHOPVILLE,38.45,-75.13,3827000,757800
201708,119658,718765,1,0,N,DELMAR,38.45,-75.57,3827000,7534200
201708,119658,718766,1,1.48,SSW,HEBRON,38.4,-75.69,3824000,7541400
201708,119658,718767,1,3,SW,MANOKIN,38.37,-75.66,3822200,7539600
201708,119658,718768,1,1.48,NNE,SALISBURY,38.39,-75.59,3823400,7535400
201708,119658,718769,1,0.69,N,CHESAPEAKE HGTS,38.39,-75.5,3823400,7530000
201708,119658,718773,1,2.14,SSW,OCEAN PINES,38.37,-75.13,3822200,757800
201708,119658,718774,1,3,SW,OCEAN PINES,38.37,-75.16,3822200,759600
201708,119658,718776,1,1.48,SSW,HEBRON,38.4,-75.69,3824000,7541400
201708,119660,717777,1,0.69,S,WEIRWOOD,37.44,-75.88,3726400,7552800
201708,119660,717781,1,0.55,E,NASSAWADOX,37.47,-75.86,3728200,7551600
201708,119660,718308,1,0.49,N,WEEMS,37.6571,-76.45,3739426,7627000
201708,119660,718308,2,1.29,NNE,IRVINGTON,37.6682,-76.4145,3740092,7624870
201708,119660,718791,1,1.29,ENE,GREENBACKVILLE,38.01,-75.4,38600,7524000
201708,119660,718792,1,0.69,N,OYSTER,37.29,-75.93,3717400,7555800
201708,119660,718796,1,0.88,NE,GARYSVILLE,37.26,-77.14,3715600,778400
201708,119660,718823,1,6.19,NW,HAMPTON,37.09,-76.42,375400,7625200
201708,119660,718824,1,1.3,WNW,FIVE FORKS,37.26,-76.79,3715600,7647400
201708,119660,718825,1,0.55,E,TASLEY,37.7,-75.71,3742000,7542600
201708,119660,718826,1,0.88,SW,SCOTLAND,37.17,-76.81,3710200,7648600
201708,119660,718827,1,2.82,SSE,POOLE SIDING,37.13,-77.69,377800,7741400
201708,119660,718829,1,1.49,NNE,CRADDOCKVILLE,37.6,-75.86,3736000,7551600
201708,119660,718830,1,2.29,ENE,PASTORIA,37.76,-75.59,3745600,7535400
201708,119660,718831,1,0.54,E,CHINCOTEAGUE,37.93,-75.37,3755800,7522200
201708,119660,718832,1,3.39,ENE,ROGERS CORNER,36.73,-78.36,3643800,7821600
201708,119660,718833,1,1.3,WNW,TABB,37.14,-76.45,378400,7627000
201708,119660,718834,1,0.69,S,SEAFORD,37.19,-76.43,3711400,7625800
201708,119660,718835,1,2.15,SSE,PURDY,36.79,-77.57,3647400,7734200
201708,119660,718836,1,2.31,WNW,MAGNET,36.99,-76.74,3659400,7644400
201708,119660,718838,1,1.3,ESE,DENBIGH,37.12,-76.53,377200,7631800
201708,119660,718839,1,0.69,S,HAYES,37.27,-76.5,3716200,7630000
201708,119660,718840,1,1.1,W,EASTVILLE,37.35,-75.99,3721000,7559400
201708,119660,718841,1,0.55,W,ONLEY ARPT,37.68,-75.71,3740800,7542600
201708,119660,718842,1,2.35,SSE,LAWRENCEVILLE ARPT,36.74,-77.78,3644400,7746800
201708,119660,718843,1,2.07,N,HILTON VLG,37.06,-76.47,373600,7628200
201708,119660,718844,1,1.38,S,WILLIAMSBURG,37.25,-76.72,3715000,7643200
201708,119660,718845,1,2.31,ENE,WILLIAMSBURG,37.28,-76.68,3716800,7640800
201708,119660,718846,1,0.69,N,VARINA GROVE,37.46,-77.35,3727600,7721000
201708,119660,718847,1,2.2,W,FIVE FORKS,37.25,-76.81,3715000,7648600
201708,119660,718848,1,1.49,NNW,GROVE,37.27,-76.68,3716200,7640800
201708,119660,718849,1,1.49,NNE,FIVE FORKS,37.27,-76.76,3716200,7645600
201708,119660,718850,1,1.38,S,LIGHT FOOT,37.31,-76.77,3718600,7646200
201708,119660,718852,1,1.1,W,CLAREMONT,37.23,-76.97,3713800,7658200
201708,119660,718853,1,1.79,WNW,MAGRUDER,37.33,-76.71,3719800,7642600
201708,119660,718854,1,0.69,N,NEWVILLE,37.19,-77.15,3711400,779000
201708,119660,718855,1,0.88,SW,CAMP PICKETT,37.04,-77.96,372400,7757600
201708,119660,718856,1,1.1,E,JAMESTOWN,37.2,-76.76,3712000,7645600
201708,119660,718857,1,0.54,W,ATLANTIC,37.93,-75.48,3755800,7528800
201708,119660,718858,1,0.55,E,PATRICK HENRY FLD,37.13,-76.49,377800,7629400
201708,120289,720765,1,2.05,NW,WEST SENECA,42.85,-78.8,4251000,7848000
201708,120289,720766,1,2.07,N,LACKAWANNA,42.85,-78.82,4251000,7849200
201708,120289,720767,1,2.76,N,LACKAWANNA,42.86,-78.82,4251600,7849200
201708,120289,720768,1,0.86,NW,HANOVER CENTER,42.53,-79.14,4231800,798400
201708,120289,720769,1,0.51,W,FOREST GLEN,42.72,-78.83,4243200,7849800
201708,120289,720771,1,0,N,CARLTON,43.33,-78.2,4319800,7812000
201708,120289,720773,1,1.47,SSW,KENDALL,43.31,-78.04,4318600,782400
201708,120289,720774,1,3.99,SSE,EAST BOYLESTON,43.63,-75.89,4337800,7553400
201708,120289,720775,1,0.86,SE,LYONS,43.06,-76.99,433600,7659400
201708,120289,720776,1,0,N,CARTHAGE,43.98,-75.6,4358800,7536000
201708,120289,720777,1,1.47,SSE,PHILADELPHIA,44.15,-75.71,449000,7542600
201708,120289,720778,1,0,N,REDWOOD,44.3,-75.8,4418000,7548000
201708,120289,720779,1,0.5,E,WEEDSPORT,43.05,-76.56,433000,7633600
201708,120289,720780,1,1.38,S,SLOAN,42.88,-78.78,4252800,7846800
201708,120289,720781,1,1.01,W,(BUF)GTR BUFFALO INT,42.93,-78.75,4255800,7845000
201708,120289,720782,1,0.86,SW,MERIDIAN,43.16,-76.56,439600,7633600
201708,120289,720783,1,0.69,N,CANEADEA,42.39,-78.15,4223400,789000
201708,120289,720784,1,3.6,NNE,ANGELICA,42.35,-78,4221000,7800
201708,120289,720785,1,0.85,SE,ADAMS,43.81,-76.02,4348600,761200
201708,120289,720786,1,0,N,ADAMS,43.82,-76.03,4349200,761800
201708,120289,720787,1,0.69,N,ELLISBURG,43.74,-76.13,4344400,767800
201708,120289,720788,1,1.66,WSW,SOUTHWEST OSWEGO,43.41,-76.61,4324600,7636600
201708,120289,720789,1,1.01,E,WOLCOTT,43.22,-76.81,4313200,7648600
201708,120291,720790,1,0,N,IRONDEQUOIT BAY,43.28,-77.53,4316800,7731800
201708,120291,720791,1,0,N,OSWEGO,43.47,-76.51,4328200,7630600
201708,120292,720792,1,0,N,DUNKIRK,42.49,-79.34,4229400,7920400
201708,120292,720793,1,0,N,BUFFALO HARBOR,42.88,-78.89,4252800,7853400
201708,120293,720795,1,0,N,HANNIBAL,43.32,-76.58,4319200,7634800
201708,120293,720796,1,0.69,N,GRANBY CENTER,43.33,-76.47,4319800,7628200
201708,120293,720797,1,0.69,S,HASTINGS,43.37,-76.15,4322200,769000
201708,120293,720799,1,1.51,E,CONSTANTIA SHRWD ARP,43.32,-75.99,4319200,7559400
201708,120293,720800,1,0.85,SE,WEST AMBOY,43.37,-75.97,4322200,7558200
201708,120293,720801,1,2.81,N,CARTERVILLE,43.37,-75.89,4322200,7553400
201708,120294,720802,1,0.51,E,PRE EMPTION,42.88,-76.99,4252800,7659400
201708,120295,720803,1,0.51,W,CASSADAGA,42.33,-79.33,4219800,7919800
201708,120295,720804,1,0.69,N,LANGFORD,42.59,-78.83,4235400,7849800
201708,120296,720806,1,0.69,S,PLEASANTVILLE,42.24,-79.42,4214400,7925200
201708,120296,720808,1,0,N,ELLERY CENTER,42.18,-79.35,4210800,7921000
201708,120296,720809,1,1.38,N,CHERRY CREEK,42.3,-79.1,4218000,796000
201708,120296,720811,1,1.53,W,COLLINS CENTER,42.48,-78.86,4228800,7851600
201708,120296,720812,1,0.69,N,LEON,42.29,-79.02,4217400,791200
201708,120296,720813,1,0.69,S,CATTARAUGUS,42.32,-78.87,4219200,7852200
201708,120296,720814,1,2.05,SW,PT PLEASANT,43.21,-77.58,4312600,7734800
201708,120296,720816,1,1.22,SE,NORTHEAST HENRIETTA,43.09,-77.61,435400,7736600
201708,120296,720817,1,1.02,W,MACHIAS,42.42,-78.5,4225200,7830000
201708,120296,720818,1,1.22,SE,WEST WALWORTH,43.14,-77.33,438400,7719800
201708,120296,720819,1,0.69,S,WILLIAMSON,43.22,-77.18,4313200,7710800
201708,120296,720821,1,0.69,S,PALMYRA,43.06,-77.23,433600,7713800
201708,120296,720822,1,0.86,SE,HOUGHTON,42.41,-78.16,4224600,789600
201708,120296,720823,1,0.85,SE,WATERTOWN,43.97,-75.91,4358200,7554600
201708,120296,720824,1,0.69,S,MEXICO,43.46,-76.23,4327600,7613800
201708,120296,720825,1,1.38,S,PARISH,43.4,-76.13,4324000,767800
201708,120296,720826,1,0,N,REDFIELD,43.53,-75.83,4331800,7549800
201708,120296,720827,1,0.69,N,ALTMAR,43.51,-76,4330600,7600
201708,120296,720830,1,0.69,S,RANDOLPH,42.16,-78.98,429600,7858800
201708,120296,720831,1,1.02,W,LITTLE VLY,42.25,-78.8,4215000,7848000
201708,120296,720832,1,2.43,NE,OSCEOLA,43.52,-75.69,4331200,7541400
201708,120296,720833,1,2.6,ENE,OSCEOLA,43.51,-75.68,4330600,7540800
201708,120296,720834,1,0.86,NW,DELEVAN,42.49,-78.48,4229400,7828800
201708,120296,720835,1,3.07,E,ELLICOTTVILLE,42.27,-78.61,4216200,7836600
201708,120296,720836,1,2.43,NW,CONSTABLEVILLE,43.59,-75.47,4335400,7528200
201708,120296,720837,1,1,W,BEACHES BRIDGE,43.78,-75.44,4346800,7526400
201708,120296,720838,1,1.38,N,TALLCOTTVILLE,43.55,-75.37,4333000,7522200
201708,120296,720840,1,0.69,S,PIKE,42.54,-78.15,4232400,789000
201708,120296,720841,1,0.5,W,LYONSDALE,43.62,-75.31,4337200,7518600
201708,120296,720842,1,0,N,CANEADEA,42.38,-78.15,4222800,789000
201708,120296,720843,1,0.86,NE,BELFAST,42.34,-78.11,4220400,786600
201708,120296,720844,1,0.51,E,NUNDA,42.58,-77.94,4234800,7756400
201708,120296,720845,1,0.51,E,FARMINGTON,42.98,-77.32,4258800,7719200
201708,120296,720846,1,0.69,S,CATO,43.16,-76.58,439600,7634800
201708,120296,720847,1,0.85,SE,IRA,43.22,-76.56,4313200,7633600
201708,120296,720848,1,0.85,SE,WATERTOWN,43.97,-75.91,4358200,7554600
201708,120296,720849,1,0,N,CARTHAGE,43.98,-75.6,4358800,7536000
201708,120297,720851,1,0,N,IRONDEQUOIT BAY,43.28,-77.53,4316800,7731800
201708,120298,720853,1,4.22,WSW,STURGEON POINT,42.6741,-79.1053,4240446,796318
201708,120298,720854,1,2,NW,BARCELONA,42.3605,-79.6277,4221630,7937662
201708,117930,713046,1,10.04,ENE,RIDGEVILLE,41.0421,-76.3828,412526,7622968
201708,117930,713048,1,0.25,NW,ASHLAND,40.7722,-76.3337,4046332,7620022
201708,117930,713049,1,1.48,SSW,LANCASTER,40.0491,-76.3058,402946,7618348
201708,117930,713051,1,2.91,SSE,FRIEDENSBURG,40.5644,-76.2005,4033864,7612030
201708,117930,713055,1,0.77,SSW,MAHANOY CITY,40.8096,-76.1552,4048576,769312
201708,117930,713056,1,0.59,W,HOMETOWN,40.8217,-75.9811,4049302,7558866
201708,117930,713058,1,0.69,SSE,EAST MAHANOY JCT,40.8108,-76.0246,4048648,761476
201708,117930,713061,1,0.97,SE,DREHERSVILLE,40.6418,-76.0151,4038508,76906
201708,117944,708949,1,1.57,N,MT STERLING,38.0726,-83.9478,384356,8356868
201708,117944,708950,1,1.05,SSW,PITTS,37.707,-83.89,3742420,8353400
201708,117944,708951,1,0.31,NNW,LYTTEN,38.1044,-83.2212,386264,8313272
201708,117954,709066,1,1.35,NE,EVE,37.8638,-94.5825,3751828,9434950
201708,117954,709066,2,1.32,NE,EVE,37.8644,-94.5841,3751864,9435046
201708,117954,709066,3,1.49,NE,EVE,37.8667,-94.5828,3752002,9434968
201708,117954,709066,4,1.57,NE,EVE,37.8641,-94.5773,3751846,9434638
201708,117954,709341,1,0.88,NE,BONA,37.56,-93.67,3733600,9340200
201708,117954,709341,2,0.99,NE,BONA,37.5618,-93.6697,3733708,9340182
201708,117954,709341,3,0.83,NNE,BONA,37.5615,-93.6753,3733690,9340518
201708,117954,709341,4,0.7,NNE,BONA,37.5596,-93.6758,3733576,9340548
201708,117954,709344,1,1.73,W,BONA,37.5465,-93.7114,3732790,9342684
201708,117954,709344,2,2,WSW,BONA,37.5428,-93.7153,3732568,9342918
201708,117954,709344,3,2.09,WSW,BONA,37.5431,-93.7172,3732586,9343032
201708,117954,709344,4,2,W,BONA,37.5471,-93.7163,3732826,9342978
201708,117954,709346,1,0.4,WSW,EUDORA,37.4775,-93.5565,3728650,9333390
201708,117954,709346,2,0.78,SW,EUDORA,37.4712,-93.5588,3728272,9333528
201708,117954,709346,3,0.76,SSW,EUDORA,37.4705,-93.5571,3728230,9333426
201708,117954,709346,4,0.29,WSW,EUDORA,37.4782,-93.5547,3728692,9333282
201708,117954,709349,1,3.11,ESE,GRAYDON SPGS,37.4395,-93.4649,3726370,9327894
201708,117954,709349,2,3.05,ESE,GRAYDON SPGS,37.4381,-93.4665,3726286,9327990
201708,117954,709349,3,3.13,ESE,GRAYDON SPGS,37.4319,-93.4678,3725914,9328068
201708,117954,709349,4,3.21,ESE,GRAYDON SPGS,37.4324,-93.4658,3725944,9327948
201708,117954,709350,1,3.72,NW,BAGNELL,38.2632,-92.654,3815792,9239240
201708,117954,709350,2,3.75,NW,BAGNELL,38.2644,-92.6535,3815864,9239210
201708,117954,709350,3,3.52,NW,BAGNELL,38.2616,-92.651,3815696,9239060
201708,117954,709350,4,3.45,NW,BAGNELL,38.2596,-92.6514,3815576,9239084
201708,117954,709351,1,4.42,SW,WEST AURORA,38.2753,-92.6583,3816518,9239498
201708,117954,709351,2,4.36,SW,WEST AURORA,38.2753,-92.6567,3816518,9239402
201708,117954,709351,3,4.18,NW,BAGNELL,38.2704,-92.6572,3816224,9239432
201708,117954,709351,4,4.26,NW,BAGNELL,38.271,-92.6587,3816260,9239522
201708,117954,709352,1,3.58,S,MT PLEASANT,38.3185,-92.5125,3819110,9230750
201708,117954,709352,2,3.64,S,MT PLEASANT,38.3179,-92.5103,3819074,9230618
201708,117954,709352,3,3.74,S,MT PLEASANT,38.3166,-92.5086,3818996,9230516
201708,117954,709352,4,3.63,S,MT PLEASANT,38.3177,-92.5131,3819062,9230786
201708,117954,709353,1,3,NW,WEST AURORA,38.3467,-92.6436,3820802,9238616
201708,117954,709353,2,2.97,NW,WEST AURORA,38.3496,-92.6397,3820976,9238382
201708,117954,709353,3,2.88,NW,WEST AURORA,38.3491,-92.638,3820946,9238280
201708,117954,709353,4,2.94,WNW,WEST AURORA,38.3432,-92.6455,3820592,9238730
201708,117954,709354,1,1.08,E,FLORENCE,38.58,-92.96,3834800,9257600
201708,117954,709354,2,1.31,E,FLORENCE,38.5808,-92.9558,3834848,9257348
201708,117954,709354,3,1.24,ESE,FLORENCE,38.5749,-92.958,3834494,9257480
201708,117954,709354,4,1.14,ESE,FLORENCE,38.5729,-92.961,3834374,9257660
201708,117954,709355,1,1.52,ESE,OSCEOLA MUNI ARPT,38.0104,-93.6749,38624,9340494
201708,117954,709355,2,2.05,NNE,VISTA,38.0075,-93.6656,38450,9339936
201708,117954,709355,3,1.99,ESE,OSCEOLA MUNI ARPT,38.0101,-93.6657,38606,9339942
201708,117954,709355,4,1.5,ESE,OSCEOLA MUNI ARPT,38.0122,-93.6743,38732,9340458
201708,117954,709356,1,0.69,S,JORDAN,38.02,-93.15,381200,939000
201708,117954,709356,2,0.48,SE,JORDAN,38.0243,-93.1449,381458,938694
201708,117954,709356,3,0.55,SE,JORDAN,38.0239,-93.1436,381434,938616
201708,117954,709356,4,0.75,S,JORDAN,38.0192,-93.1492,381152,938952
201708,117954,709357,1,0.81,NE,PRESTON,37.937,-93.2181,3756220,9313086
201708,117954,709357,2,0.84,ENE,PRESTON,37.9355,-93.2162,3756130,9312972
201708,117954,709357,3,0.78,ENE,PRESTON,37.935,-93.2171,3756100,9313026
201708,117954,709357,4,0.75,NE,PRESTON,37.9367,-93.2191,3756202,9313146
201708,117954,709358,1,3.97,ESE,RICHARDS,37.8975,-94.503,3753850,9430180
201708,117954,709358,2,4.02,ESE,RICHARDS,37.8972,-94.5021,3753832,9430126
201708,117954,709358,3,4.12,ESE,RICHARDS,37.9,-94.4987,3754000,9429922
201708,117954,709358,4,3.92,ESE,RICHARDS,37.9003,-94.5026,3754018,9430156
201708,117954,709359,1,2.73,ESE,RICHARDS,37.8997,-94.5271,3753982,9431626
201708,117954,709359,2,2.94,ESE,RICHARDS,37.8975,-94.5242,3753850,9431452
201708,117954,709359,3,3.03,ESE,RICHARDS,37.8975,-94.5222,3753850,9431332
201708,117954,709359,4,2.77,ESE,RICHARDS,37.9002,-94.5259,3754012,9431554
201708,117954,709360,1,2.14,SW,RICHARDS,37.9,-94.6,3754000,9436000
201708,117954,709360,2,2.03,SW,RICHARDS,37.9019,-94.5993,3754114,9435958
201708,117954,709360,3,1.95,SW,RICHARDS,37.9017,-94.5972,3754102,9435832
201708,117954,709360,4,2.08,SW,RICHARDS,37.8997,-94.5981,3753982,9435886
201708,117954,709361,1,0.88,NE,CAMDENTON,38.01,-92.74,38600,9244400
201708,117954,709362,1,0.88,NE,CAMDENTON,38.01,-92.74,38600,9244400
201708,117954,709363,1,1.29,ENE,LINN CREEK,38.04,-92.7,382400,9242000
201708,117954,709364,1,1.1,E,HARTSHORN,37.27,-91.66,3716200,9139600
201708,117954,709366,1,0.89,NW,SELIGMAN,36.53,-93.94,3631800,9356400
201708,117954,709367,1,2.14,SW,DEVILS ELBOW,37.83,-92.1,3749800,926000
201708,117954,709368,1,0.69,S,BRANSON,36.64,-93.22,3638400,9313200
201708,117954,709369,1,1.29,WSW,LOWRY CITY,38.14,-93.75,388400,9345000
201708,117968,719207,1,6.97,N,BENA,47.4506,-94.2105,4727036,9412630
201708,117968,719207,2,6.93,N,BENA,47.4502,-94.2112,4727012,9412672
201708,117968,719208,1,6.01,NNW,BENA,47.4341,-94.2526,4726046,9415156
201708,117968,719208,2,5.97,NNW,BENA,47.4334,-94.2534,4726004,9415204
201708,117968,719211,1,3.63,NE,SCHLEY,47.3999,-94.2862,4723994,9417172
201708,117968,719211,2,3.69,ENE,SCHLEY,47.3994,-94.2842,4723964,9417052
201708,117971,709166,1,1.38,S,MONTELLO,40.3,-76.03,4018000,761800
201708,117971,709166,2,0.36,NNW,PENNSIDE,40.3346,-75.8833,4020076,7552998
201708,117971,709166,3,1.21,ESE,BERNHARTS,40.3717,-75.8997,4022302,7553982
201708,117971,709166,4,1.56,NNW,SPRINGMONT,40.3513,-76.0096,4021078,76576
201708,117971,709168,1,1.98,SSW,BUSTLETON,40.0521,-75.0385,403126,752310
201708,117971,709168,2,1.9,NNW,TACONY,40.0463,-75.0406,402778,752436
201708,117971,709168,3,0.94,W,TORRESDALE,40.0492,-75.0177,402952,751062
201708,117971,709168,4,1.11,W,TORRESDALE,40.0526,-75.0207,403156,751242
201708,117971,709169,1,0.53,E,MONTELLO,40.32,-76.02,4019200,761200
201708,117971,709171,1,0,N,LENHARTSVILLE,40.57,-75.88,4034200,7552800
201708,117971,709172,1,0.69,N,SINKING SPG,40.34,-76.08,4020400,764800
201708,117971,709173,1,0.69,S,MAXATAWNY,40.54,-75.68,4032400,7540800
201708,117971,709174,1,0.53,E,CHESTER SPGS,40.1,-75.61,406000,7536600
201708,117971,709176,1,0.69,S,NEW GARDEN,39.81,-75.75,3948600,7545000
201708,117971,709177,1,0.69,S,JAMISON,40.24,-75.08,4014400,754800
201708,117971,709178,1,1.26,ESE,FALLSINGTON,40.17,-74.8,4010200,7448000
201708,117971,709179,1,0.69,S,YARDLEY,40.24,-74.85,4014400,7451000
201708,117971,709443,1,0.87,SE,STONY RUN,40.61,-75.81,4036600,7548600
201708,117971,709443,2,0.52,NNE,KRUMSVILLE,40.5871,-75.7967,4035226,7547802
201708,117971,709443,3,1.17,WNW,KRUMSVILLE,40.5861,-75.8208,4035166,7549248
201708,117971,709443,4,0.61,S,STONY RUN,40.6114,-75.818,4036684,7549080
201708,117971,709444,1,0.69,S,YARDLEY,40.24,-74.85,4014400,7451000
201708,117972,709180,1,1.05,W,PLEASANT RUN,40.57,-74.8,4034200,7448000
201708,117972,709181,1,0.53,W,FIELDSBORO,40.13,-74.71,407800,7442600
201708,117972,709182,1,0.87,NW,SOUTH AMBOY JCT,40.49,-74.29,4029400,7417400
201708,117972,709183,1,0.53,E,MT LAUREL,39.93,-74.89,3955800,7453400
201708,117972,709185,1,0.53,W,WYCKOFF MILLS,40.2,-74.26,4012000,7415600
201708,117972,709439,1,1.48,ENE,TOMS RIVER,39.957,-74.1737,3957420,7410422
201708,117972,709439,2,0.66,NW,SOUTH TOMS RIVER,39.9557,-74.23,3957342,7413800
201708,117972,709439,3,0.65,SSW,PINE LAKE PARK,39.9711,-74.2242,3958266,7413452
201708,118969,715720,4,0.93,N,MORGANZA,38.3934,-76.6983,3823604,7641898
201708,118969,715721,1,1.01,SSW,OAKVILLE,38.3671,-76.6587,3822026,7639522
201708,118969,715721,2,0.97,SSW,OAKVILLE,38.3682,-76.6596,3822092,7639576
201708,118969,715721,3,0.92,SSW,OAKVILLE,38.3687,-76.6589,3822122,7639534
201708,118969,715721,4,0.93,SSW,OAKVILLE,38.3682,-76.6581,3822092,7639486
201708,118969,715722,1,1.79,SE,LOVEVILLE,38.3526,-76.6554,3821156,7639324
201708,118969,715722,2,1.71,SE,LOVEVILLE,38.3538,-76.6562,3821228,7639372
201708,118969,715722,3,1.71,SE,LOVEVILLE,38.355,-76.655,3821300,7639300
201708,118969,715722,4,1.78,S,OAKVILLE,38.3544,-76.6532,3821264,7639192
201708,118969,715723,1,0.97,SSW,OAKVILLE,38.3683,-76.6597,3822098,7639582
201708,118969,715723,2,0.92,SSW,OAKVILLE,38.3687,-76.659,3822122,7639540
201708,118969,715723,3,0.94,SSW,OAKVILLE,38.3681,-76.6582,3822086,7639492
201708,118969,715723,4,0.99,SSW,OAKVILLE,38.3675,-76.6588,3822050,7639528
201708,118969,715902,1,1.3,NE,BEL AIR,39.5421,-76.3312,3932526,7619872
201708,118969,715902,2,1.4,NE,BEL AIR,39.5426,-76.3295,3932556,7619770
201708,118969,715902,3,1.36,NE,BEL AIR,39.5414,-76.3292,3932484,7619752
201708,118969,715902,4,1.3,NE,BEL AIR,39.5412,-76.3304,3932472,7619824
201708,118969,715903,1,0.58,SW,SINGER,39.4739,-76.3374,3928434,7620244
201708,118969,715903,2,0.52,SW,SINGER,39.4737,-76.3355,3928422,7620130
201708,118969,715903,3,0.94,S,SINGER,39.4665,-76.3324,3927990,7619944
201708,118969,715903,4,1,SSW,SINGER,39.4662,-76.3352,3927972,7620112
201708,118969,715903,5,0.87,SSW,SINGER,39.4694,-76.3387,3928164,7620322
201708,118970,715716,1,0.63,NNE,TENLEYTOWN,38.9579,-77.0641,3857474,773846
201708,118970,715716,2,0.68,NNE,TENLEYTOWN,38.9586,-77.0638,3857516,773828
201708,118970,715716,3,0.8,NE,TENLEYTOWN,38.9581,-77.0594,3857486,773564
201708,118970,715716,4,0.82,NE,TENLEYTOWN,38.957,-77.0576,3857420,773456
201708,118970,715716,5,0.76,NE,TENLEYTOWN,38.9567,-77.0588,3857402,773528
201708,118970,715717,1,0.7,N,MOUNT PLEASANT,38.9401,-77.0517,3856406,773102
201708,118970,715717,2,0.69,N,MOUNT PLEASANT,38.94,-77.0509,3856400,773054
201708,118970,715717,3,0.64,N,MOUNT PLEASANT,38.9393,-77.0512,3856358,773072
201708,118970,715717,4,0.66,N,MOUNT PLEASANT,38.9395,-77.0519,3856370,773114
201708,118970,715718,1,0.08,W,GEORGETOWN,38.9201,-77.0516,3855206,773096
201708,118970,715718,2,0.12,WNW,GEORGETOWN,38.9204,-77.0521,3855224,773126
201708,118970,715718,3,0.25,W,GEORGETOWN,38.9196,-77.0546,3855176,773276
201708,118970,715718,4,0.21,W,GEORGETOWN,38.9194,-77.0539,3855164,773234
201708,118971,715724,1,1.33,NW,DENTSVILLE,38.4958,-76.914,3829748,7654840
201708,118971,715724,2,1.37,NW,DENTSVILLE,38.4958,-76.9152,3829748,7654912
201708,118971,715724,3,1.15,NW,DENTSVILLE,38.4911,-76.9157,3829466,7654942
201708,118971,715724,4,1.07,NW,DENTSVILLE,38.4909,-76.9139,3829454,7654834
201708,118971,715724,5,1.2,NW,DENTSVILLE,38.494,-76.9132,3829640,7654792
201708,118971,715727,1,1.34,NE,CHAPTICO,38.3825,-76.7612,3822950,7645672
201708,118971,715727,2,1.37,NE,CHAPTICO,38.3836,-76.7615,3823016,7645690
201708,118971,715727,3,1.69,NE,CHAPTICO,38.3865,-76.7571,3823190,7645426
201708,118971,715727,4,1.73,NE,CHAPTICO,38.3858,-76.7554,3823148,7645324
201708,118983,714682,1,0.51,W,OLIN,42,-91.14,4200,918400
201708,118983,714683,1,3.46,NW,HASKINS,41.37,-91.59,4122200,9135400
201708,118983,714684,1,0,N,DEWITT,41.82,-90.55,4149200,9033000
201708,118983,714685,1,2.59,SW,CLINTON MUNI ARPT,41.8,-90.36,4148000,9021600
201708,118983,714686,1,1.55,E,FOLLETTS,41.75,-90.35,4145000,9021000
201708,118983,714687,1,2.07,S,LOW MOOR,41.79,-90.28,4147400,9016800
201708,118983,714707,1,1.69,WNW,CLINTON,41.84,-90.23,4150400,9013800
201708,118983,714708,1,1.72,ESE,KEOSAUQUA,40.72,-91.92,4043200,9155200
201708,118983,714710,1,0.86,NE,MONTICELLO,42.24,-91.19,4214400,9111400
201708,118983,714725,1,3.46,NW,HASKINS,41.37,-91.59,4122200,9135400
201708,118983,714732,1,0.87,NW,MEDIAPOLIS,41.01,-91.16,41600,919600
201708,118983,714733,1,5.08,NNW,HASKINS,41.4,-91.58,4124000,9134800
201708,118983,714735,1,1.73,SW,GLADWIN,41.35,-91.47,4121000,9128200
201708,118983,718962,1,5.08,NNW,HASKINS,41.4,-91.58,4124000,9134800
201708,118993,714746,1,1.69,WSW,NEWTON CORNERS,41.72,-90.15,4143200,909000
201708,118993,714747,1,0.69,N,ERIE,41.66,-90.08,4139600,904800
201708,118993,714748,1,0,N,NAUVOO,40.55,-91.38,4033000,9122800
201708,118993,714749,1,1.7,ESE,ANNAWAN,41.39,-89.89,4123400,8953400
201708,118993,714753,1,0.69,S,GRANVILLE,41.26,-89.23,4115600,8913800
201708,118999,715932,1,2,W,INA,38.15,-88.9368,389000,8856208
201708,118999,715932,2,1.5,W,INA,38.15,-88.9276,389000,8855656
201708,118999,715935,1,0,N,CARBONDALE,37.72,-89.22,3743200,8913200
201708,119015,714842,1,6,NE,(LHU)LAKE HAVASU CIT,34.5049,-114.2884,3430294,11417304
201708,119015,714842,2,6.11,E,(LHU)LAKE HAVASU CIT,34.4435,-114.2631,3426610,11415786
201708,119015,714844,1,5.7,ESE,RIVIERA,35.0598,-114.5119,353588,11430714
201708,119015,714844,2,3.2,S,RIVIERA,35.0537,-114.6011,353222,11436066
201708,119015,714847,1,2.51,NNE,WALAPAI,35.3809,-113.8565,3522854,11351390
201708,119015,714848,1,5.62,NW,HACKBERRY,35.4188,-113.8099,3525128,11348594
201708,119015,714848,2,5.51,NW,HACKBERRY,35.4189,-113.8074,3525134,11348444
201708,119015,714848,3,5.48,NW,HACKBERRY,35.4183,-113.8072,3525098,11348432
201708,119015,714848,4,5.57,NW,HACKBERRY,35.4181,-113.8093,3525086,11348558
201708,119015,714850,1,1,NE,MOHAVE VALLEY,34.9402,-114.5775,3456412,11434650
201708,119015,714851,1,0,N,OATMAN,35.03,-114.38,351800,11422800
201708,119015,714851,2,0.86,WNW,OATMAN,35.0351,-114.3939,352106,11423634
201708,119015,714851,3,0.79,SW,OATMAN,35.0226,-114.3906,351356,11423436
201708,119015,714851,4,0.6,SSE,OATMAN,35.0216,-114.3773,351296,11422638
201708,119015,714852,1,3,SSE,YUCCA,34.8299,-114.1298,3449794,1147788
201708,119015,714852,2,2.91,SSE,YUCCA,34.8288,-114.1397,3449728,1148382
201708,119015,714852,3,2.67,ENE,HAVILAND,34.8135,-114.1359,3448810,1148154
201708,119015,714852,4,3.6,ENE,HAVILAND,34.8175,-114.1202,3449050,1147212
201708,119015,714854,1,2.68,NNE,MOHAVE VALLEY,34.9629,-114.5651,3457774,11433906
201708,119015,714854,2,4.83,NE,MOHAVE VALLEY,34.9738,-114.5235,3458428,11431410
201708,119015,714854,3,5.1,NE,MOHAVE VALLEY,34.9815,-114.5256,3458890,11431536
201708,119015,714854,4,3.18,NNE,MOHAVE VALLEY,34.9718,-114.5663,3458308,11433978
201708,119015,714857,1,2.9,NE,(LHU)LAKE HAVASU CIT,34.4766,-114.3306,3428596,11419836
201708,119015,714858,1,0.07,WNW,TOPOCK,34.7205,-114.4811,3443230,11428866
201708,119015,714858,2,1.55,NNW,TOPOCK,34.7418,-114.4863,3444508,11429178
201708,119015,714858,3,1.49,N,TOPOCK,34.7416,-114.4806,3444496,11428836
201708,119015,714858,4,0.45,E,TOPOCK,34.7208,-114.4721,3443248,11428326
201708,119015,714861,1,2.05,ENE,(LHU)LAKE HAVASU CIT,34.4587,-114.3355,3427522,11420130
201708,119016,714863,1,14,W,PANAMINT SPG,36.33,-117.7215,3619800,11743290
201708,119016,714863,2,6.86,NW,DARWIN ARPT,36.3263,-117.7014,3619578,11742084
201708,119016,714863,3,6.86,NW,DARWIN ARPT,36.3303,-117.698,3619818,11741880
201708,119016,714863,4,7.99,WNW,DARWIN ARPT,36.3331,-117.7201,3619986,11743206
201708,119016,714864,1,9.24,WNW,HARRISBURG,36.4021,-117.2812,3624126,11716872
201708,119016,714864,2,9.06,WNW,HARRISBURG,36.4022,-117.2779,3624132,11716674
201708,119016,714864,3,9,W,HARRISBURG,36.3818,-117.2811,3622908,11716866
201708,119016,714864,4,9.25,W,HARRISBURG,36.383,-117.2854,3622980,11717124
201708,119016,714865,1,1.49,WNW,KLINEFELTER,34.9076,-114.7745,3454456,11446470
201708,119016,714865,2,1,NW,KLINEFELTER,34.9091,-114.7639,3454546,11445834
201708,119016,714865,3,1.13,S,KLINEFELTER,34.8837,-114.7519,3453022,11445114
201708,119016,714865,4,1.33,SW,KLINEFELTER,34.8851,-114.7649,3453106,11445894
201708,119016,714867,1,4.05,WNW,RICE,34.1036,-114.9148,346216,11454888
201708,119016,714867,2,4.93,WNW,RICE,34.1075,-114.9296,346450,11455776
201708,119016,714867,3,4.94,WNW,RICE,34.1051,-114.9308,346306,11455848
201708,119016,714867,4,4.07,WNW,RICE,34.1015,-114.9163,346090,11454978
201708,119016,714868,1,5.54,NW,VIDAL JCT ARPT,34.2249,-114.6502,3413494,11439012
201708,119856,718527,1,1.75,SE,KANSAS CITY,39.06,-94.55,393600,9433000
201708,119856,718527,2,2.41,SSE,KANSAS CITY,39.05,-94.547,393000,9432820
201708,119856,718527,3,1.96,SSE,KANSAS CITY,39.0523,-94.562,393138,9433720
201708,119856,718527,4,1.43,SSE,KANSAS CITY,39.0607,-94.5607,393642,9433642
201708,119856,718528,1,1.41,ESE,HOLDEN,38.7132,-93.9753,3842792,9358518
201708,119856,718528,2,1.63,SE,HOLDEN,38.7064,-93.9754,3842384,9358524
201708,119856,718528,3,3.7,N,MAGNOLIA,38.7029,-93.9304,3842174,9355824
201708,119856,718528,4,3.84,E,HOLDEN,38.7123,-93.9295,3842738,9355770
201708,119856,718529,1,2.18,W,SUGAR CREEK,39.1217,-94.5106,397302,9430636
201708,119856,718529,2,2.63,E,KANSAS CITY DOWNTOWN,39.1216,-94.5509,397296,9433054
201708,119856,718529,3,2.98,ENE,KANSAS CITY DOWNTOWN,39.1305,-94.5461,397830,9432766
201708,119856,718529,4,1.89,WNW,SUGAR CREEK,39.1282,-94.5037,397692,9430222
201708,119856,718530,1,1.29,ENE,ELM,38.8546,-94.0267,3851276,941602
201708,119856,718530,2,1.78,ENE,ELM,38.8552,-94.0176,3851312,941056
201708,119856,718530,3,3.2,NE,ELM,38.888,-94.0159,3853280,94954
201708,119856,718530,4,2.83,NNE,ELM,38.8865,-94.0262,3853190,941572
201708,119856,718531,1,1.18,E,HOLDEN,38.7177,-93.9783,3843062,9358698
201708,119856,718531,2,0.48,ESE,HOLDEN,38.7185,-93.9914,3843110,9359484
201708,119856,718531,3,1.07,SSE,HOLDEN,38.7055,-93.9932,3842330,9359592
201708,119856,718531,4,1.68,SE,HOLDEN,38.7035,-93.9772,3842210,9358632
201708,119856,718532,1,1.28,S,KNOB NOSTER,38.7516,-93.5694,3845096,9334164
201708,119856,718532,2,1.51,SE,KNOB NOSTER,38.7529,-93.5525,3845174,9333150
201708,119856,718532,3,1.61,ENE,KNOB NOSTER,38.7748,-93.5407,3846488,9332442
201708,119856,718532,4,0.39,NNE,KNOB NOSTER,38.7754,-93.5676,3846524,9334056
201708,119856,718533,1,0.78,NW,WALDRON,39.2389,-94.8091,3914334,9448546
201708,119856,718533,2,2.12,NNW,WALDRON,39.2589,-94.8133,3915534,9448798
201708,119856,718533,3,2.14,NNW,WALDRON,39.26,-94.81,3915600,9448600
201708,119856,718533,4,1.2,NNE,WALDRON,39.2446,-94.788,3914676,9447280
201708,119856,718534,1,1.27,ENE,PLATTE WOODS,39.2355,-94.6474,3914130,9438844
201708,119856,718534,2,1.08,SSW,BARRY,39.2358,-94.6284,3914148,9437704
201708,119856,718534,3,0.32,N,MILTON,39.2246,-94.6297,3913476,9437782
201708,119856,718534,4,1.01,WNW,MILTON,39.2266,-94.6469,3913596,9438814
201708,119856,718535,1,3.2,SSW,KANSAS CITY,39.04,-94.6,392400,9436000
201708,119856,718535,2,3.61,SSW,KANSAS CITY,39.0353,-94.6046,392118,9436276
201708,119856,718535,3,3.61,SSW,KANSAS CITY,39.0343,-94.6026,392058,9436156
201708,119856,718535,4,3.21,SSW,KANSAS CITY,39.0388,-94.5976,392328,9435856
201708,119856,718536,1,0.46,NNW,VLY CITY,38.8761,-93.6337,3852566,9338022
201708,119856,718536,2,0.69,ENE,VLY CITY,38.8733,-93.6179,3852398,9337074
201708,119856,718536,3,0.61,ESE,VLY CITY,38.8654,-93.6203,3851924,9337218
201708,119856,718536,4,0.3,WSW,VLY CITY,38.8679,-93.6348,3852074,9338088
201708,119856,718537,1,0.28,ESE,CORNELIA,38.6485,-93.7451,3838910,9344706
201708,119856,718537,2,1.02,ESE,CORNELIA,38.6451,-93.7323,3838706,9343938
201708,119856,718537,3,1.59,SSE,CORNELIA,38.6306,-93.7342,3837836,9344052
201708,119856,718537,4,1.44,S,CORNELIA,38.6295,-93.7451,3837770,9344706
201708,119856,718538,1,3.45,S,KANSAS CITY,39.03,-94.57,391800,9434200
201708,119856,718538,2,3.79,NW,DODSON,39.0241,-94.572,391446,9434320
201708,119856,718538,3,3.81,S,KANSAS CITY,39.0251,-94.5762,391506,9434572
201708,119856,718538,4,3.42,S,KANSAS CITY,39.0307,-94.5756,391842,9434536
201708,119856,718539,1,0,N,KNOBTOWN,38.97,-94.43,3858200,9425800
201708,119856,718539,2,0.64,SW,KNOBTOWN,38.9629,-94.4375,3857774,9426250
201708,119856,718539,3,1.07,SSE,KNOBTOWN,38.9549,-94.4251,3857294,9425506
201708,119856,718539,4,0.88,SE,KNOBTOWN,38.9624,-94.4169,3857744,9425014
201708,119856,718540,1,1,NNE,FAYETTEVILLE,38.8921,-93.7597,3853526,9345582
201708,119856,718540,2,3.02,E,FAYETTEVILLE,38.8865,-93.7144,3853190,9342864
201708,119856,718540,3,4.19,NNE,WARRENSBURG,38.8272,-93.724,3849632,9343440
201708,119856,718540,4,3.23,SSE,FAYETTEVILLE,38.8349,-93.7539,3850094,9345234
201708,119856,718541,1,2.15,SW,KANSAS CITY,39.056,-94.5956,393360,9435736
201708,119856,718541,2,1.82,SSW,KANSAS CITY,39.0561,-94.5844,393366,9435064
201708,119856,718541,3,2.68,SSW,KANSAS CITY,39.0435,-94.5868,392610,9435208
201708,119856,718541,4,2.67,SW,KANSAS CITY,39.048,-94.598,392880,9435880
201708,119856,718542,1,2.36,SSW,KANSAS CITY,39.0509,-94.5931,393054,9435586
201708,119856,718542,2,2.21,SSW,KANSAS CITY,39.0505,-94.586,393030,9435160
201708,119856,718542,3,2.44,SSW,KANSAS CITY,39.0473,-94.5869,392838,9435214
201708,119856,718542,4,2.62,SSW,KANSAS CITY,39.0469,-94.594,392814,9435640
201708,119856,718543,1,1.59,NW,CLINTON,38.3971,-93.7896,3823826,9347376
201708,119856,718543,2,2.97,SW,CLINTON,38.3457,-93.803,3820742,9348180
201708,119856,718543,3,2.13,WSW,CLINTON MEM ARPT,38.3406,-93.7175,3820436,9343050
201708,119856,718543,4,2.46,ENE,CLINTON,38.3955,-93.7292,3823730,9343752
201708,119856,718544,1,1.2,ESE,WINDSOR,38.5243,-93.5091,3831458,9330546
201708,119856,718544,2,0.86,SSW,WINDSOR,38.5184,-93.5358,3831104,9332148
201708,119856,718544,3,1.56,NNW,WINDSOR,38.549,-93.5455,3832940,9332730
201708,119856,718544,4,0.35,S,WINDSOR MUNI ARPT,38.545,-93.5009,3832700,9330054
201708,119856,718545,1,0.69,N,LEETON,38.59,-93.7,3835400,9342000
201708,119856,718545,2,0.9,NNW,LEETON,38.592,-93.7066,3835520,9342396
201708,119856,718545,3,0.67,NNW,LEETON,38.5882,-93.7067,3835292,9342402
201708,119856,718545,4,0.55,N,LEETON,38.588,-93.6995,3835280,9341970
201708,119856,718546,1,1.05,NE,DODSON,38.9887,-94.514,3859322,9430840
201708,119856,718546,2,0.81,ENE,DODSON,38.9855,-94.5167,3859130,9431002
201708,119856,718546,3,0.69,NNE,DODSON,38.9888,-94.524,3859328,9431440
201708,119856,718546,4,0.99,NE,DODSON,38.9916,-94.5191,3859496,9431146
201708,119856,718547,1,0.58,SW,GRAIN VLY,39.0143,-94.2078,39858,9412468
201708,119856,718547,2,1.27,SSW,GRAIN VLY,39.0023,-94.2062,39138,9412372
201708,119856,718547,3,1.34,SSE,GRAIN VLY,39.0027,-94.1887,39162,9411322
201708,119856,718547,4,0.68,ESE,GRAIN VLY,39.0152,-94.1889,39912,9411334
201708,119856,718548,1,1.08,SE,BLAIRSTOWN,38.5591,-93.9558,3833546,9357348
201708,119856,718548,2,1.48,SSE,BLAIRSTOWN,38.55,-93.96,3833000,9357600
201708,119856,718548,3,1.51,SSW,BLAIRSTOWN,38.5498,-93.9808,3832988,9358848
201708,119856,718548,4,0.95,SW,BLAIRSTOWN,38.5586,-93.9799,3833516,9358794
201708,119856,718549,1,0.25,N,VLY CITY,38.8735,-93.6296,3852410,9337776
201708,119856,718549,2,0.21,SE,VLY CITY,38.8677,-93.6275,3852062,9337650
201708,119856,718549,3,1.01,ESE,VLY CITY,38.8663,-93.6118,3851978,9336708
201708,119856,718549,4,1.05,E,VLY CITY,38.8724,-93.6106,3852344,9336636
201708,119857,718609,1,1.41,SSW,SHAWNEE,39.0004,-94.7269,3924,9443614
201708,119857,718609,2,1.07,W,ROELAND PARK,39,-94.72,3900,9443200
201708,119857,718609,3,1.25,WSW,ROELAND PARK,38.993,-94.7215,3859580,9443290
201708,119857,718609,4,1.51,WSW,ROELAND PARK,38.9926,-94.7265,3859556,9443590
201708,119857,718610,1,2.24,SW,DE SOTO,38.9616,-95.0043,3857696,95258
201708,119857,718610,2,1.48,SSE,DE SOTO,38.96,-94.96,3857600,9457600
201708,119857,718610,3,0.81,W,CEDAR,38.9818,-94.9449,3858908,9456694
201708,119857,718610,4,1.71,W,DE SOTO,38.982,-95.0017,3858920,95102
201708,119857,718611,1,0.71,ENE,WESTWOOD,39.0345,-94.608,392070,9436480
201708,119857,718611,2,0.76,ESE,WESTWOOD,39.0241,-94.6082,391446,9436492
201708,119857,718611,3,0.4,S,WESTWOOD,39.0243,-94.6187,391458,9437122
201708,119857,718611,4,0.42,NNE,WESTWOOD,39.0357,-94.6173,392142,9437038
201708,119857,718612,1,3.52,SE,TURNER,39.0377,-94.6634,392262,9439804
201708,119857,718612,2,3.79,SE,TURNER,39.0378,-94.6548,392268,9439288
201708,119857,718612,3,3.42,SE,TURNER,39.0485,-94.651,392910,9439060
201708,119857,718612,4,3.02,SE,TURNER,39.0466,-94.6636,392796,9439816
201708,119857,718613,1,1.63,SW,TONGANOXIE,39.1054,-95.104,396324,956240
201708,119857,718613,2,1.65,SE,TONGANOXIE,39.1061,-95.0551,396366,953306
201708,119857,718613,3,1.54,E,TONGANOXIE,39.1196,-95.0513,397176,953078
201708,119857,718613,4,1.23,W,TONGANOXIE,39.1209,-95.103,397254,956180
201708,119857,718614,1,1.33,NE,FAIRWAY,39.0456,-94.6355,392736,9438130
201708,119857,718614,2,1.66,NNE,FAIRWAY,39.0529,-94.6407,393174,9438442
201708,119857,718614,3,1.2,NNW,FAIRWAY,39.0465,-94.657,392790,9439420
201708,119857,718614,4,0.89,N,FAIRWAY,39.0427,-94.6525,392562,9439150
201708,119857,718615,1,3.74,ESE,MORRIS,39.0265,-94.6872,391590,9441232
201708,120253,720513,1,0.03,S,FAIRMONT,34.4996,-79.1201,3429976,797206
201708,120253,720513,2,0.12,S,FAIRMONT,34.4982,-79.12,3429892,797200
201708,120253,720517,1,6.18,NNE,CHADBOURN,34.4062,-78.7907,3424372,7847442
201708,120253,720517,2,6.17,NNE,CHADBOURN,34.4057,-78.7897,3424342,7847382
201708,120255,720518,1,0.62,NNW,PEE DEE XRDS,33.8387,-79.2228,3350322,7913368
201708,120255,720520,1,2.58,S,BRITTON NECK,33.8628,-79.3268,3351768,7919608
201708,120255,720524,1,3.31,SW,NORTH LEES XRDS,34.3308,-80.0333,3419848,801998
201708,120255,720525,1,1.32,NNE,DARLINGTON BRNHMS AR,34.2986,-79.9247,3417916,7955482
201708,120255,720529,1,0.43,SE,HARTSVILLE,34.3653,-80.0651,3421918,803906
201708,120255,720529,2,0.51,SE,HARTSVILLE,34.3642,-80.0644,3421852,803864
201708,120255,720532,1,1.65,NNE,DARLINGTON BRNHMS AR,34.3024,-79.9199,3418144,7955194
201708,120255,720538,1,2.19,WNW,DARLINGTON,34.3124,-79.9053,3418744,7954318
201708,120257,720575,1,0,N,LOUISBURG,36.1,-78.3,366000,7818000
201708,120257,720575,2,0.51,E,LOUISBURG,36.1007,-78.2909,366042,7817454
201708,120259,720612,1,7.61,WNW,VAITOGI,-14.3413,-170.7962,-1420478,17047772
201708,120259,720612,2,78.78,E,PAGO PAGO,-14.2323,-169.4257,-1413938,16925542
201708,120263,720623,1,6.32,E,CORDES,34.31,-112.06,3418600,1123600
201708,120263,720623,2,0.96,NW,POLAND JCT,34.458,-112.2838,3427480,11217028
201708,120263,720623,3,1.44,SSW,VENEZIA,34.3803,-112.4286,3422818,11225716
201708,120263,720623,4,4.57,N,CROWN KING,34.2653,-112.3434,3415918,11220604
201708,120265,720641,1,2.09,WNW,WASHINGTON PARK,34.4335,-111.3028,3426010,11118168
201708,120265,720641,2,3.41,NNW,(0E4)PAYSON ARPT,34.2954,-111.3736,3417724,11122416
201708,120265,720641,3,15.72,E,WHISPERING PINES,34.347,-111.0059,3420820,111354
201708,120265,720641,4,8.71,E,WASHINGTON PARK,34.4036,-111.1185,3424216,1117110
201708,120265,720651,1,4.58,NNE,KAYENTA,36.7854,-110.2045,3647124,11012270
201708,120265,720651,2,3.92,ENE,KAYENTA,36.756,-110.187,3645360,11011220
201708,120265,720651,3,1.37,NNE,KAYENTA,36.7491,-110.243,3644946,11014580
201708,120265,720651,4,4.51,N,KAYENTA,36.795,-110.2423,3647700,11014538
201708,120265,720658,1,0.69,S,CORNVILLE,34.71,-111.92,3442600,11155200
201708,120265,720658,2,5.12,S,SMELTER CITY,34.6559,-111.9988,3439354,11159928
201708,120265,720659,1,0.89,SW,MONTEZUMA CASTLE,34.61,-111.84,3436600,11150400
201708,120265,720659,2,1.91,NNE,BEAVER CREEK,34.6971,-111.6929,3441826,11141574
201708,120265,720659,3,8.36,ENE,BEAVER CREEK,34.7089,-111.5607,3442534,11133642
201708,120265,720659,4,8.61,SE,BEAVER CREEK,34.5926,-111.5813,3435556,11134878
201708,120265,720661,1,11.46,E,BEAVER CREEK,34.6469,-111.5002,3438814,11130012
201708,120265,720661,2,1.61,W,CORNVILLE,34.7158,-111.9479,3442948,11156874
201708,120265,720663,1,1.14,W,FORBING PARK,34.57,-112.5,3434200,11230000
201708,120265,720663,2,3.39,E,GOODWIN,34.5226,-112.3105,3431356,11218630
201708,120267,720630,1,3.47,SW,OLD STATION,40.64,-121.47,4038400,12128200
201708,120270,720653,1,6.49,S,INCLINE VLG,39.1376,-119.9276,398256,11955656
201708,120270,720653,2,6.5,S,INCLINE VLG,39.1375,-119.9282,398250,11955692
201708,120270,720653,3,6.53,S,INCLINE VLG,39.137,-119.9278,398220,11955668
201708,120270,720653,4,6.5,S,INCLINE VLG,39.1376,-119.9271,398256,11955626
201708,120270,720662,1,2.63,ESE,HUFFAKERS HILLS,39.421,-119.7521,3925260,11945126
201708,120270,720662,2,2.53,ESE,HUFFAKERS HILLS,39.4226,-119.7536,3925356,11945216
201708,120270,720662,3,2.67,E,HUFFAKERS HILLS,39.4242,-119.7505,3925452,11945030
201708,120270,720662,4,2.78,E,HUFFAKERS HILLS,39.4225,-119.7488,3925350,11944928
201708,120272,720664,1,7.79,ESE,HAVASUPAI,36.1756,-112.5776,3610536,11234656
201708,120272,720664,2,7.65,SSE,HAVASUPAI,36.1241,-112.66,367446,11239600
201708,120272,720664,3,6.43,NW,HAVASUPAI,36.3019,-112.7733,3618114,11246398
201708,120272,720664,4,3.74,N,HAVASUPAI,36.2839,-112.6936,3617034,11241616
201708,120274,720665,1,2.29,E,INDIAN PINE,34.08,-109.89,344800,10953400
201708,120274,720665,2,5.15,ENE,INDIAN PINE,34.1176,-109.8523,347056,10951138
201708,120275,720666,1,2.1,ENE,COTTONWOOD,34.7598,-111.985,3445588,11159100
201708,120275,720666,2,0.97,NNW,CORNVILLE,34.7321,-111.9287,3443926,11155722
201708,120275,720666,3,5.16,WNW,AULTMAN,34.657,-111.9788,3439420,11158728
201708,120275,720666,4,0.88,SW,CLEMENCEAU,34.7203,-112.04,3443218,1122400
201708,120276,720667,1,1.84,ESE,SMELTER CITY,34.72,-111.97,3443200,11158200
201708,120276,720668,1,0.57,E,TUZIGOOT,34.77,-112.04,3446200,1122400
201708,120277,720671,1,10.47,SSE,LEBANON,44.94,-99.67,4456400,9940200
201708,120099,719808,1,4.17,E,HALE BONNY DAM ARPT,39.6315,-102.1018,3937890,1026108
201708,120099,719827,1,4.6,NNE,BURLINGTON ARPT,39.3843,-102.2577,3923058,10215462
201708,120099,719833,1,0.41,ENE,VONA,39.3032,-102.7435,3918192,10244610
201708,120099,722101,1,1.19,E,VONA,39.3003,-102.7278,3918018,10243668
201708,120099,722101,2,1.19,E,VONA,39.3004,-102.7278,3918024,10243668
201708,120099,722101,3,1.11,E,VONA,39.3004,-102.7292,3918024,10243752
201708,120099,722101,4,1.11,E,VONA,39.3004,-102.7293,3918024,10243758
201708,120100,719579,1,12.7,N,BIRD CITY,39.9328,-101.5046,3955968,10130276
201708,120100,719580,1,0.33,N,MC DONALD,39.7846,-101.3712,3947076,10122272
201708,120100,719581,1,0,N,BIRD CITY,39.75,-101.53,3945000,10131800
201708,120100,719582,1,1.7,WSW,BIRD CITY,39.7428,-101.5605,3944568,10133630
201708,120100,719583,1,0.57,SSW,BIRD CITY,39.7421,-101.5332,3944526,10131992
201708,120100,719584,1,1.16,SW,BIRD CITY ARPT,39.7166,-101.5433,3942996,10132598
201708,120100,719587,1,12.34,NNE,GOODLAND ARPT,39.5187,-101.572,3931122,10134320
201708,120100,719588,1,11.89,NE,GOODLAND ARPT,39.5114,-101.5732,3930684,10134392
201708,120146,719852,1,0.53,E,BENKELMAN JONES ARPT,40.05,-101.54,403000,10132400
201708,120148,719855,1,7.03,S,SHARON SPGS ARPT,38.7485,-101.7415,3844910,10144490
201708,120148,719857,1,5.09,NNE,TRIBUNE,38.5387,-101.7159,3832322,10142954
201708,120148,719863,1,5.82,WSW,LEOTI ARPT,38.4036,-101.4398,3824216,10126388
201708,120148,719864,1,3.95,NNE,HORACE,38.5329,-101.7522,3831974,10145132
201708,120148,719865,1,0.47,WSW,LEOTI,38.4774,-101.3581,3828644,10121486
201708,120148,719867,1,3.95,NNE,HORACE,38.5329,-101.7522,3831974,10145132
201708,120150,719868,1,0.69,N,MONROE,43.49,-97.22,4329400,9713200
201708,120150,719869,1,2.86,WSW,AURORA CENTER,43.5,-98.63,4330000,9837800
201708,120150,719870,1,5.55,N,NEW HOLLAND,43.5,-98.63,4330000,9837800
201708,120150,719871,1,0.85,NW,CORSICA,43.43,-98.41,4325800,9824600
201708,120150,719872,1,0.5,W,PARKER,43.4,-97.14,4324000,978400
201708,120150,719873,1,0.85,NE,OLIVET,43.24,-97.67,4314400,9740200
201708,120150,719874,1,3.66,SE,MENNO,43.2,-97.52,4312000,9731200
201708,120150,719875,1,1.71,NW,YANKTON,42.89,-97.4,4253400,9724000
201708,120150,719876,1,2.12,WNW,EAST SIOUX FALLS,43.53,-96.66,4331800,9639600
201708,120150,719877,1,2.6,WSW,EAST SIOUX FALLS,43.51,-96.67,4330600,9640200
201708,120150,719878,1,2.12,ESE,SIOUX FALLS,43.52,-96.69,4331200,9641400
201708,120150,719879,1,2.94,SSE,ELLIS,43.53,-96.81,4331800,9648600
201708,120150,719880,1,0.69,N,CORSICA,43.43,-98.4,4325800,9824000
201708,120150,719881,1,4,S,SIOUX FALLS,43.4721,-96.73,4328326,9643800
201708,120150,719882,1,4,S,SIOUX FALLS,43.4721,-96.73,4328326,9643800
201708,120150,719883,1,4,SSW,SIOUX FALLS,43.4765,-96.7605,4328590,9645630
201708,120151,719884,1,6.17,SW,NEWCASTLE,42.59,-96.96,4235400,9657600
201708,120152,719887,1,5.55,S,(9V9)CHAMBERLAIN ARP,43.69,-99.31,4341400,9918600
201708,120152,719888,1,9.32,SSE,(9V9)CHAMBERLAIN ARP,43.64,-99.27,4338400,9916200
201708,120152,719889,1,0.85,SE,HOWARD,44.01,-97.52,44600,9731200
201708,120152,719890,1,2.58,WNW,MADISON,44.01,-97.17,44600,9710200
201708,120152,719891,1,8.16,NW,BIJOU HILLS,43.6,-99.27,4336000,9916200
201708,120152,719892,1,0,N,WINFRED,44,-97.37,4400,9722200
201708,120152,719893,1,2.58,WNW,MADISON,44.01,-97.17,44600,9710200
201708,120195,720200,1,3.12,WSW,RICHLAND,42.76,-96.69,4245600,9641400
201708,120196,720201,1,0,N,(FSD)JOE FOSS FLD SI,43.58,-96.73,4334800,9643800
201708,120196,720201,2,1.29,SSE,NORTON ACRES,43.562,-96.7127,4333720,9642762
201708,120196,720201,3,1.13,SE,WEST SIOUX FALLS,43.5595,-96.7327,4333570,9643962
201708,120196,720201,4,0.56,NNE,WEST SIOUX FALLS,43.5779,-96.7473,4334674,9644838
201708,120196,720202,3,2.39,NW,HARRISBURG,43.4537,-96.7346,4327222,9644076
201708,120196,720202,4,3.63,NW,HARRISBURG,43.4695,-96.7477,4328170,9644862
201708,120196,720203,1,4,S,SIOUX FALLS,43.4721,-96.73,4328326,9643800
201708,120196,720203,2,2.67,NNW,HARRISBURG,43.4639,-96.7257,4327834,9643542
201708,120196,720203,3,2.81,NW,HARRISBURG,43.4621,-96.7345,4327726,9644070
201708,120196,720203,4,3.42,NW,HARRISBURG,43.4711,-96.7381,4328266,9644286
201708,120197,720205,2,2.74,ENE,ALLEN,42.4296,-96.7779,4225776,9646674
201708,120197,720205,3,1.05,ENE,ALLEN,42.423,-96.8098,4225380,9648588
201708,119686,717959,1,1.28,ESE,SORRENTO,38.7712,-102.8991,3846272,10253946
201708,120052,719407,1,5.45,SSW,ROCKPORT,43.51,-97.85,4330600,9751000
201708,120056,719510,1,2.94,NNW,SUTHERLAND,43.01,-95.52,43600,9531200
201708,119834,718470,1,5.04,SSE,RUSSELL SPGS,38.8541,-101.1301,3851246,1017806
201708,119834,718474,1,0.53,E,REXFORD,39.47,-100.74,3928200,10044400
201708,120150,719866,1,8.29,S,(9V9)CHAMBERLAIN ARP,43.65,-99.32,4339000,9919200
201708,120196,720202,2,2.22,NNW,HARRISBURG,43.4609,-96.712,4327654,9642720
201708,119943,719289,4,0.81,WNW,DURANT,33.6736,-117.3934,3340416,11723604
201708,119943,719301,3,1.42,SSW,ALBERHILL,33.7107,-117.4081,3342642,11724486
201708,120238,720401,1,1.66,W,MAYAGUEZ,18.2029,-67.145,1812174,678700
201708,120238,720433,4,0.77,NNW,ARROYO,17.9904,-66.0543,1759424,663258
201708,120238,720480,2,1.4,W,MAYAGUEZ,18.2017,-67.1413,1812102,678478
201708,120238,720495,4,1.23,WNW,MAYAGUEZ,18.2067,-67.1374,1812402,678244
201708,119955,718934,2,2.02,N,BAYAMON,18.3792,-66.1719,1822752,6610314
201708,119960,718943,6,1.27,ENE,LUQUILLO,18.3551,-65.7014,1821306,6542084
201708,120278,720679,2,11.37,E,AGUA CALIENTE SPGS,32.978,-116.1068,3258680,1166408
201708,120278,720679,3,7.4,E,AGUA CALIENTE SPGS,32.955,-116.1724,3257300,11610344
201708,120278,720679,4,7.33,E,AGUA CALIENTE SPGS,32.932,-116.1755,3255920,11610530
201708,117972,709439,4,1.63,NE,TOMS RIVER,39.9683,-74.1806,3958098,7410836
201708,117972,709440,1,0.59,ENE,BURLINGTON,40.0747,-74.8607,404482,7451642
201708,117972,709440,2,0.53,E,BURLINGTON,40.07,-74.86,404200,7451600
201708,117972,709440,3,0.91,WNW,SPRINGSIDE,40.0728,-74.8469,404368,7450814
201708,117972,709440,4,1.09,ENE,BURLINGTON,40.0755,-74.8507,404530,7451042
201708,117973,709186,1,12.18,NW,NIANTIC,40.4956,-75.7549,4029736,7545294
201708,117973,709186,2,14.57,WNW,NIANTIC,40.493,-75.8139,4029580,7548834
201708,117973,709186,3,15.39,WNW,PALM,40.5515,-75.7755,4033090,7546530
201708,117973,709186,4,13.87,WNW,PALM,40.5384,-75.7521,4032304,7545126
201708,117973,709187,1,3.45,S,PHILADELPHIA,39.9,-75.17,3954000,7510200
201708,117973,709187,2,3.61,S,PHILADELPHIA,39.8978,-75.1712,3953868,7510272
201708,117973,709187,3,3.58,S,PHILADELPHIA,39.8982,-75.1684,3953892,7510104
201708,117973,709187,4,3.48,S,PHILADELPHIA,39.8997,-75.1689,3953982,7510134
201708,117973,709188,1,0,N,WEST PHILADELPHIA,39.95,-75.18,3957000,7510800
201708,117973,709188,2,0.45,WNW,WEST PHILADELPHIA,39.9517,-75.1882,3957102,7511292
201708,117973,709188,3,0.56,WSW,WEST PHILADELPHIA,39.9481,-75.1903,3956886,7511418
201708,117973,709188,4,0.3,SW,WEST PHILADELPHIA,39.9472,-75.1843,3956832,7511058
201708,117973,709189,1,1.48,SSE,CHADDS FORD,39.85,-75.56,3951000,7533600
201708,117973,709189,2,2.15,SSW,CHADDS FORD,39.8402,-75.5815,3950412,7534890
201708,117973,709189,3,1.98,WSW,ELAM,39.8415,-75.5657,3950490,7533942
201708,117973,709189,4,1.4,W,ELAM,39.8484,-75.5563,3950904,7533378
201708,117973,709190,1,0,N,KUTZTOWN,40.52,-75.78,4031200,7546800
201708,117973,709191,1,0,N,CEDARVILLE,40.23,-75.67,4013800,7540200
201708,117973,709192,1,0.52,E,EMERALD,40.75,-75.62,4045000,7537200
201708,117973,709193,1,1.48,SSE,JACKSONWALD,40.31,-75.84,4018600,7550400
201708,117973,709194,1,1.74,NW,(RDG)SPAATZ FLD READ,40.4,-75.99,4024000,7559400
201708,117973,709195,1,0.87,SE,LAURELDALE,40.39,-75.91,4023400,7554600
201708,117973,709196,1,1.73,WSW,AMITYVILLE,40.29,-75.76,4017400,7545600
201708,117973,709197,1,1.38,N,HARRITY,40.85,-75.67,4051000,7540200
201708,117973,709198,1,2.81,N,HARRITY,40.87,-75.66,4052200,7539600
201708,117973,709199,1,1.72,WNW,BETHEL,40.48,-76.33,4028800,7619800
201708,117973,709200,1,0.52,W,GILBERT,40.92,-75.44,4055200,7526400
201708,117973,709201,1,1.48,SSW,WINDSOR CASTLE,40.51,-75.94,4030600,7556400
201708,117973,709202,1,0.69,N,BARTONSVILLE,41.01,-75.28,41600,7516800
201708,117973,709203,1,0,N,GERMANS,40.77,-75.75,4046200,7545000
201708,117973,709204,1,1.38,S,MOLLTOWN,40.46,-75.88,4027600,7552800
201708,117973,709205,1,1.05,W,WESTGATE HILLS,40.67,-75.4,4040200,7524000
201708,117973,709206,1,0.52,W,CHERRYVILLE,40.75,-75.54,4045000,7532400
201708,117973,709207,1,0.69,S,SHOENERSVILLE,40.66,-75.47,4039600,7528200
201708,117973,709208,1,1.48,NNE,EAST BANGOR,40.9,-75.17,4054000,7510200
201708,117973,709209,1,0.52,E,BANGOR,40.87,-75.21,4052200,7512600
201708,117973,709210,1,0.69,S,WEST READING,40.32,-75.93,4019200,7555800
201708,117973,709212,1,1.73,ENE,ALLEGHENYVILLE,40.24,-75.95,4014400,7557000
201708,117973,709215,1,2.1,SE,ANGELICA,40.25,-75.92,4015000,7555200
201708,117973,709216,1,0.87,NE,POTTSTOWN MUNI ARPT,40.28,-75.66,4016800,7539600
201708,117973,709217,1,0.53,E,MEDIA,39.92,-75.39,3955200,7523400
201708,117973,709218,1,0.87,SE,KENNETT SQUARE,39.84,-75.71,3950400,7542600
201708,117973,709220,1,0,N,OAKMONT,39.98,-75.32,3958800,7519200
201708,117973,709221,1,0.53,E,PHILADELPHIA,39.95,-75.16,3957000,759600
201708,117973,709222,1,1.26,WSW,OVERBROOK,39.97,-75.27,3958200,7516200
201708,117973,709223,1,0,N,PHILADELPHIA,39.95,-75.17,3957000,7510200
201708,117973,709224,1,1.74,SE,MANAYUNK,40,-75.21,4000,7512600
201708,117973,709226,1,1.74,NE,GERMANTOWN,40.05,-75.15,403000,759000
201708,117973,709230,1,2.1,NE,GERMANTOWN,40.05,-75.14,403000,758400
201708,117973,709231,1,2.33,SSW,CRESCENTVILLE,40,-75.12,4000,757200
201708,117973,709232,1,0.87,NE,OVERBROOK,39.99,-75.24,3959400,7514400
201708,117973,709233,1,1.48,SSE,JACKSONWALD,40.31,-75.84,4018600,7550400
201708,117973,709244,1,0,N,SHOEMAKERSVILLE,40.5,-75.97,4030000,7558200
201708,117973,709246,1,0.87,NW,LENHARTSVILLE,40.58,-75.89,4034800,7553400
201708,117974,709247,1,1.06,S,REAVILLE,40.4647,-74.82,4027882,7449200
201708,117974,709247,2,1.12,SSW,REAVILLE,40.4656,-74.8298,4027936,7449788
201708,117974,709247,3,0.76,SW,REAVILLE,40.4731,-74.8311,4028386,7449866
201708,117974,709247,4,0.52,SSW,REAVILLE,40.4729,-74.8229,4028374,7449374
201708,117974,709248,1,0.69,N,SOUTH AMBOY JCT,40.49,-74.28,4029400,7416800
201708,117974,709248,2,0.09,ESE,SOUTH AMBOY JCT,40.4795,-74.2784,4028770,7416704
201708,117974,709248,3,1.1,ENE,SAYREVILLE JCT,40.4777,-74.3017,4028662,7418102
201708,117974,709248,4,1.03,NW,SOUTH AMBOY JCT,40.4891,-74.2956,4029346,7417736
201708,117974,709249,1,1.26,ENE,AVENEL,40.56,-74.25,4033600,7415000
201708,117974,709250,1,1.06,W,THOROFARE,39.83,-75.2,3949800,7512000
201708,117974,709251,1,1.26,ENE,BELLE MEAD,40.48,-74.63,4028800,7437800
201708,117974,709252,1,0.87,NW,PITTSTOWN ARPT,40.59,-75.03,4035400,751800
201708,117974,709253,1,0.52,E,GLEN GARDNER,40.7,-74.94,4042000,7456400
201708,117974,709254,1,1.48,SSW,RIEGEL RIDGE,40.6,-75.13,4036000,757800
201708,117974,709255,1,0.69,N,LONG VLY,40.79,-74.77,4047400,7446200
201708,117974,709256,1,0.87,NW,FLEMINGTON,40.51,-74.86,4030600,7451600
201708,117974,709257,1,0.52,W,CONVENT STATION,40.78,-74.48,4046800,7428800
201708,117974,709258,1,1.48,SSE,LINVALE,40.38,-74.82,4022800,7449200
201708,117974,709433,1,1.26,ENE,BELLE MEAD,40.48,-74.63,4028800,7437800
201708,117974,709433,2,1.32,NW,BELLE MEAD,40.4812,-74.6703,4028872,7440218
201708,117974,709433,3,0.9,NW,WOODS TAVERN,40.5097,-74.6614,4030582,7439684
201708,117974,709433,4,0.86,S,ROYCE,40.5076,-74.6298,4030456,7437788
201708,117974,709434,1,1.57,E,GREEN BROOK,40.62,-74.44,4037200,7426400
201708,117974,709434,2,1.42,ESE,GREEN BROOK,40.611,-74.4457,4036660,7426742
201708,117974,709434,3,2.04,ESE,GREEN BROOK,40.6094,-74.4337,4036564,7426022
201708,117974,709434,4,1.96,E,GREEN BROOK,40.6182,-74.4326,4037092,7425956
201708,117974,709435,1,1.4,NNW,GRENLOCH,39.7998,-75.0353,3947988,752118
201708,117974,709435,2,0.69,N,GRENLOCH,39.79,-75.03,3947400,751800
201708,117974,709435,3,1.08,WSW,CLEMENTON,39.7925,-75.0177,3947550,751062
201708,117974,709435,4,1.29,W,CLEMENTON,39.8007,-75.0244,3948042,751464
201708,117974,709436,1,0,N,WESTMONT,39.92,-75.03,3955200,751800
201708,117974,709436,2,0.43,WNW,WESTMONT,39.9219,-75.0377,3955314,752262
201708,117974,709436,3,0.45,WSW,WESTMONT,39.9182,-75.0381,3955092,752286
201708,117974,709436,4,0.14,SSW,WESTMONT,39.9181,-75.0312,3955086,751872
201708,117974,709437,1,0.9,E,VERGA,39.8724,-75.1334,3952344,758004
201708,117974,709437,2,1.06,E,VERGA,39.87,-75.13,3952200,757800
201708,117974,709437,3,1.3,WNW,WESTVILLE,39.8743,-75.1238,3952458,757428
201708,117974,709437,4,1.37,ENE,VERGA,39.8755,-75.1253,3952530,757518
201708,117975,709235,1,0.69,N,DUNLEITH,39.73,-75.53,3943800,7531800
201708,117983,709211,1,1.89,WSW,ROCKLEDGE,28.3162,-80.7468,2818972,8044808
201708,117983,709211,2,1.55,SW,ROCKLEDGE,28.3172,-80.741,2819032,8044460
201708,117983,709228,1,4.07,ESE,BLUE CYPRESS LAKE,27.715,-80.6857,2742900,8041142
201708,117983,709228,2,4.22,ESE,BLUE CYPRESS LAKE,27.7158,-80.6829,2742948,8040974
201708,117985,709241,1,9.8,WNW,NORTH CAPE MAY,39.0215,-75.1245,391290,757470
201708,117985,709243,1,11.6,NE,BOWERS BEACH DE,39.1731,-75.2728,3910386,7516368
201708,117986,709278,1,1.07,E,MIDDLETOWN,39.45,-75.71,3927000,7542600
201708,117986,709278,2,1.32,SE,MIDDLETOWN,39.4367,-75.7123,3926202,7542738
201708,117986,709278,3,0.77,SW,MIDDLETOWN,39.4419,-75.7399,3926514,7544394
201708,117986,709278,4,0.28,NNW,MIDDLETOWN,39.4536,-75.7325,3927216,7543950
201708,117987,709291,1,1.48,SSW,STEVENSVILLE BAY ARP,38.96,-76.34,3857600,7620400
201708,117987,709291,2,0.51,ENE,NORMANS IS,38.933,-76.3413,3855980,7620478
201708,117987,709291,3,0.53,NW,NORMANS IS,38.9357,-76.3567,3856142,7621402
201708,117987,709291,4,1.44,N,NORMANS IS,38.9506,-76.3543,3857036,7621258
201708,117987,709292,1,3.83,E,CARMICHAEL,38.94,-76.06,3856400,763600
201708,117987,709292,2,3.11,E,CARMICHAEL,38.9298,-76.0721,3855788,764326
201708,117987,709292,3,3.06,ENE,CARMICHAEL,38.9407,-76.0748,3856442,764488
201708,117987,709292,4,3.82,ENE,CARMICHAEL,38.9473,-76.0625,3856838,763750
201708,117987,709293,1,0.44,N,WOODLAND,38.8363,-76.029,3850178,761740
201708,117987,709293,2,0.69,N,WOODLAND,38.84,-76.03,3850400,761800
201708,119016,714868,2,4.6,NW,VIDAL JCT ARPT,34.2297,-114.6235,3413782,11437410
201708,119016,714868,3,13.2,WSW,HAVASU LAKE,34.44,-114.64,3426400,11438400
201708,119016,714868,4,14.96,WSW,HAVASU LAKE,34.4404,-114.6726,3426424,11440356
201708,119016,714870,1,2.62,NE,RYAN,36.3481,-116.6384,3620886,11638304
201708,119016,714870,2,6.12,E,RYAN,36.3194,-116.5601,3619164,11633606
201708,119016,714870,3,6.01,E,RYAN,36.3306,-116.5629,3619836,11633774
201708,119016,714870,4,3.21,NE,RYAN,36.3561,-116.6336,3621366,11638016
201708,119016,714871,1,1.04,NNW,SHOSHONE,35.9943,-116.2757,3559658,11616542
201708,119016,714871,2,6.21,WSW,SHOSHONE ARPT,35.9497,-116.3782,3556982,11622692
201708,119016,714871,3,6.55,W,SHOSHONE ARPT,35.9725,-116.3871,3558350,11623226
201708,119016,714871,4,2.36,NNW,SHOSHONE,36.0086,-116.293,36516,11617580
201708,119017,714873,1,0.3,ESE,UTE,36.568,-114.6751,3634080,11440506
201708,119017,714874,1,2.5,ESE,EAST LAS VEGAS,36.1031,-115.0305,366186,1151830
201708,119017,714875,1,1.35,NE,MESQUITE,36.8115,-114.0601,3648690,1143606
201708,119017,714875,2,1.4,NE,MESQUITE,36.8113,-114.059,3648678,1143540
201708,119017,714875,3,1.41,NE,MESQUITE,36.8115,-114.059,3648690,1143540
201708,119017,714875,4,1.36,NE,MESQUITE,36.8116,-114.0601,3648696,1143606
201708,119017,714877,1,1.73,E,BRACKEN,36.1187,-115.1691,367122,11510146
201708,119017,714877,2,1.77,E,BRACKEN,36.1151,-115.1688,366906,11510128
201708,119017,714877,3,0.82,ESE,EAST LAS VEGAS,36.1146,-115.057,366876,1153420
201708,119017,714877,4,0.79,ESE,EAST LAS VEGAS,36.1154,-115.057,366924,1153420
201708,119017,714878,1,15.15,SW,CHARLESTON PARK,36.0938,-115.8117,365628,11548702
201708,119017,714878,2,13.55,WNW,MOUNTAIN SPGS,36.0602,-115.7575,363612,11545450
201708,119017,714878,3,2.63,SSE,CHARLESTON PARK,36.2371,-115.6263,3614226,11537578
201708,119017,714878,4,4.24,ESE,MOUNT CHARLESTON,36.251,-115.5528,3615060,11533168
201708,119017,714878,5,4.66,E,MOUNT CHARLESTON,36.2786,-115.5364,3616716,11532184
201708,119017,714878,6,2.04,NW,CHARLESTON PARK,36.293,-115.673,3617580,11540380
201708,119029,714879,1,11.04,SW,ELGIN,37.2501,-114.7067,3715006,11442402
201708,119030,715651,1,8.85,SSE,HAVILAND,34.69,-114.1,3441400,1146000
201708,119030,715651,2,9.02,SSE,HAVILAND,34.6901,-114.0942,3441406,1145652
201708,119030,715651,3,8.69,SE,HAVILAND,34.6959,-114.0941,3441754,1145646
201708,119030,715651,4,8.49,SSE,HAVILAND,34.6963,-114.0997,3441778,1145982
201708,119030,715652,1,11.11,ESE,WILLOW BEACH,35.7811,-114.5047,3546866,11430282
201708,119030,715652,2,15.97,WNW,DOLAN SPGS,35.6923,-114.4702,3541538,11428212
201708,119030,715652,3,11.97,W,DOLAN SPGS,35.5976,-114.4113,3535856,11424678
201708,119030,715652,4,11.02,W,DOLAN SPGS,35.6015,-114.3948,3536090,11423688
201708,119030,715652,5,11.85,ESE,WILLOW BEACH,35.7853,-114.4861,3547118,11429166
201708,119031,715656,1,8.29,S,SALTMARSH STATION,34.1,-115.05,346000,1153000
201708,119031,715656,2,9.06,S,SALTMARSH STATION,34.0889,-115.0479,345334,1152874
201708,119031,715656,3,8.97,S,SALTMARSH STATION,34.0905,-115.0381,345430,1152286
201708,119031,715656,4,8.26,S,SALTMARSH STATION,34.1006,-115.0417,346036,1152502
201708,119031,715657,1,2.22,W,TWENTY NINE PALMS,34.1303,-116.0888,347818,1165328
201708,119031,715659,1,1.29,WNW,TWENTY NINE PALMS,34.1379,-116.0705,348274,1164230
201708,119031,715659,2,1.23,WNW,TWENTY NINE PALMS,34.1345,-116.0708,348070,1164248
201708,119031,715659,3,1.38,WNW,TWENTY NINE PALMS,34.1345,-116.0736,348070,1164416
201708,119031,715659,4,1.37,WNW,TWENTY NINE PALMS,34.137,-116.0725,348220,1164350
201708,119032,715661,1,0.51,SSW,LAS VEGAS HNDRSN SKY,35.9736,-115.1344,3558416,1158064
201708,119038,714927,1,0.59,E,BROXTON,31.63,-82.89,3137800,8253400
201708,119038,714928,1,0,N,BROXTON,31.63,-82.9,3137800,8254000
201708,119039,714930,1,2.38,NNW,UPTON,31.55,-82.92,3133000,8255200
201708,119039,714931,1,2.24,NW,MORA,31.44,-83,3126400,8300
201708,119039,714932,1,0.59,W,OBERRY,31.38,-82.99,3122800,8259400
201708,119039,714933,1,0.91,SW,WEST GREEN,31.61,-82.74,3136600,8244400
201708,119039,714934,1,4.31,SSE,DOUGLAS MUNI ARPT,31.42,-82.83,3125200,8249800
201708,119039,714935,1,0.91,SW,DEENWOOD,31.21,-82.39,3112600,8223400
201708,119040,714936,1,1.38,N,DURBIN,30.1,-81.45,306000,8127000
201708,119040,714937,1,0.6,E,FRUIT COVE,30.1,-81.62,306000,8137200
201708,119044,714944,1,7.38,NE,ROZET,44.363,-105.106,4421780,1056360
201708,119078,715149,1,2.82,WSW,WICHITA,37.69,-97.38,3741400,9722800
201708,119078,719385,1,6.16,NW,EL DORADO RES,37.94,-96.89,3756400,9653400
201708,119101,715311,1,2.46,SSE,MARCEL,35.1896,-118.4972,3511376,11829832
201708,119101,715311,2,3.62,SW,CABLE,35.1099,-118.5411,356594,11832466
201708,119101,715311,3,1.85,ESE,TEHACHAPI MTN VLY AP,35.0908,-118.3894,355448,11823364
201708,119101,715311,4,1.12,ENE,SUMMIT SWITCH,35.1548,-118.401,359288,11824060
201708,119101,715316,1,2.08,SSW,MONOLITH,35.0913,-118.3811,355478,11822866
201708,119101,715316,2,0.99,ESE,TEHACHAPI MTN VLY AP,35.0952,-118.4034,355712,11824204
201708,119101,715316,3,2.6,SSE,TEHACHAPI MTN VLY AP,35.0652,-118.4028,353912,11824168
201708,119101,715316,4,4.11,SE,TEHACHAPI MTN VLY AP,35.0514,-118.378,353084,11822680
201708,119101,715316,5,3.92,SE,TEHACHAPI MTN VLY AP,35.0624,-118.3681,353744,11822086
201708,119101,715322,1,3.37,SSE,ERIC,35.0846,-118.2781,355076,11816686
201708,119101,715322,2,1.72,SE,ERIC,35.1132,-118.2774,356792,11816644
201708,119101,715322,3,0.85,E,MONOLITH,35.1183,-118.355,357098,11821300
201708,119101,715322,4,1.79,SSE,MONOLITH,35.0963,-118.3571,355778,11821426
201708,119101,715328,1,5.81,NNW,YOSEMITE LODGE,37.8497,-119.6043,3750982,11936258
201708,119101,715332,1,5.94,NNW,YOSEMITE LODGE,37.85,-119.61,3751000,11936600
201708,119164,715650,1,1.14,WNW,WAKEFIELD,46.4772,-89.9415,4628632,8956490
201708,119164,715650,2,1.11,WNW,WAKEFIELD,46.4764,-89.9415,4628584,8956490
201708,119164,715650,3,1.08,WNW,WAKEFIELD,46.4764,-89.9408,4628584,8956448
201708,119164,715650,4,1.11,WNW,WAKEFIELD,46.4771,-89.9408,4628626,8956448
201708,119171,715676,1,5.55,NNE,DOLAN SPGS,35.6974,-114.174,3541844,11410440
201708,119171,715676,2,5.73,NNE,DOLAN SPGS,35.6995,-114.1709,3541970,11410254
201708,119171,715676,3,5.8,NNE,DOLAN SPGS,35.7006,-114.1711,3542036,11410266
201708,119171,715676,4,5.63,NNE,DOLAN SPGS,35.6987,-114.1742,3541922,11410452
201708,119171,715680,1,7.14,SE,DOLAN SPGS,35.5589,-114.0975,3533534,1145850
201708,119171,715680,2,7.17,SE,DOLAN SPGS,35.5614,-114.0947,3533684,1145682
201708,119171,715680,3,6.48,ESE,DOLAN SPGS,35.5812,-114.095,3534872,1145700
201708,119171,715680,4,5.02,E,DOLAN SPGS,35.6128,-114.111,3536768,1146660
201708,119171,715680,5,8.88,NNE,DOLAN SPGS,35.7309,-114.12,3543854,1147200
201708,119171,715680,6,8.84,NNE,DOLAN SPGS,35.734,-114.1286,3544040,1147716
201708,119171,715680,7,5.18,ENE,DOLAN SPGS,35.6534,-114.1174,3539204,1147044
201708,119171,715680,8,4.44,E,DOLAN SPGS,35.613,-114.1215,3536780,1147290
201708,119171,715681,1,2.28,W,TEMPLE BAR MARINA,36.0265,-114.3206,361590,11419236
201708,119171,715681,2,6.13,SW,TEMPLE BAR MARINA,35.9797,-114.3704,3558782,11422224
201708,119171,715681,3,10.23,W,TEMPLE BAR MARINA,36.0047,-114.4604,36282,11427624
201708,119171,715681,4,8.26,ESE,WILLOW BEACH,35.8195,-114.5363,3549170,11432178
201708,119171,715681,5,6.51,ESE,WILLOW BEACH,35.8423,-114.5589,3550538,11433534
201708,119171,715681,6,13.6,NE,WILLOW BEACH,36.0275,-114.5242,361650,11431452
201708,119175,715683,1,3.92,NW,LINNIE,35.8711,-117.9183,3552266,11755098
201708,119176,715690,1,1.02,SE,CHARLESTON PARK,36.2585,-115.6384,3615510,11538304
201708,119176,715690,2,1.11,S,MOUNT CHARLESTON,36.2642,-115.6163,3615852,11536978
201708,119176,715690,3,1.29,SSE,MOUNT CHARLESTON,36.2618,-115.6151,3615708,11536906
201708,119176,715690,4,1.33,SSE,CHARLESTON PARK,36.2535,-115.6376,3615210,11538256
201708,119176,715697,1,2.23,N,AMARGOSA VALLEY,36.6721,-116.4043,3640326,11624258
201708,119176,715698,1,15.12,NNW,AMARGOSA VALLEY,36.8523,-116.4664,3651138,11627984
201708,119176,715701,1,3.3,W,(UCC)YUCCA FLATS,37.0036,-116.0597,37216,1163582
201708,119231,715991,1,0.69,N,HARLEM,33.43,-82.32,3325800,8219200
201708,119231,715992,1,2.76,N,BERZELIA,33.44,-82.25,3326400,8215000
201708,119232,715994,1,0.58,E,NEW ELLENTON,33.42,-81.69,3325200,8141400
201708,119232,715996,1,1.8,NW,NEW ELLENTON,33.44,-81.72,3326400,8143200
201708,119232,715999,1,0.9,NW,NEW ELLENTON,33.43,-81.71,3325800,8142600
201708,119232,716000,1,0.58,E,NEW ELLENTON,33.42,-81.69,3325200,8141400
201708,119232,716001,1,2.69,NE,KIRKLAND,34.33,-80.59,3419800,8035400
201708,119857,718615,2,3.4,ESE,MORRIS,39.0263,-94.6944,391578,9441664
201708,119857,718615,3,2.92,SSE,TURNER,39.0395,-94.6845,392370,9441070
201708,119857,718615,4,3.21,SSE,TURNER,39.0361,-94.6802,392166,9440812
201708,119865,718563,1,2,N,FAIRVIEW,42.049,-111.87,422940,11152200
201708,119865,718563,2,2,E,FAIRVIEW,42.02,-111.831,421200,11149860
201708,119865,718563,3,2,S,FAIRVIEW,41.9911,-111.87,4159466,11152200
201708,119865,718563,4,2,W,FAIRVIEW,42.02,-111.909,421200,11154540
201708,119869,718567,1,0.57,SSE,WHITE OAK,35.5427,-93.8653,3532562,9351918
201708,119869,718567,2,0.73,NNE,WHITE OAK,35.5601,-93.8662,3533606,9351972
201708,119869,718567,3,1.2,NE,WHITE OAK,35.5622,-93.8547,3533732,9351282
201708,119869,718567,4,0.94,ESE,WHITE OAK,35.546,-93.8541,3532760,9351246
201708,119869,718568,1,0,N,BRANCH,35.3,-93.95,3518000,9357000
201708,119869,718568,2,1.29,NNE,BRANCH,35.318,-93.9438,3519080,9356628
201708,119869,718568,3,1.4,NE,BRANCH,35.3168,-93.9361,3519008,9356166
201708,119869,718568,4,0.64,E,BRANCH,35.3007,-93.9387,3518042,9356322
201708,119869,718569,1,0,N,CEDARVILLE,35.57,-94.37,3534200,9422200
201708,119869,718569,2,0.68,N,DORA,35.6398,-94.3986,3538388,9423916
201708,119869,718569,3,1.46,ESE,NATURAL DAM,35.642,-94.3759,3538520,9422554
201708,119869,718569,4,0.3,E,CEDARVILLE,35.5707,-94.3647,3534242,9421882
201708,119870,718573,1,0.76,N,LAKE STATION,36.131,-96.0801,367860,964806
201708,119870,718573,2,0.81,SE,WEST TULSA,36.1419,-96.0095,368514,96570
201708,119870,718573,3,0.51,E,GARDEN CITY,36.13,-96.0109,367800,96654
201708,119870,718573,4,0.21,NE,LAKE STATION,36.1222,-96.0775,367332,964650
201708,119871,718577,1,1.69,S,OOLOGAH,36.4256,-95.7011,3625536,9542066
201708,119871,721038,1,0,N,OWASSO,36.27,-95.85,3616200,9551000
201708,119872,718580,1,1,S,MC ALESTER,34.9155,-95.77,3454930,9546200
201708,119874,718582,1,0.27,WSW,GENTRY,36.2681,-94.4841,3616086,9429046
201708,119874,718584,1,2.16,E,WHEELER,36.1168,-94.2116,367008,9412696
201708,119874,718585,1,3,WNW,FAYETTEVILLE,36.0866,-94.2196,365196,9413176
201708,119874,718586,1,0.79,NNW,FAYETTEVILLE,36.0804,-94.176,364824,9410560
201708,119874,718587,1,0.63,NNW,FAYETTEVILLE,36.0786,-94.1739,364716,9410434
201708,119874,718588,1,1.9,SE,FAYETTEVILLE,36.0481,-94.1494,362886,948964
201708,119874,718589,1,6,SE,FAYETTEVILLE,36.0086,-94.0941,36516,945646
201708,119874,718590,1,5,SE,FAYETTEVILLE,36.0188,-94.1067,361128,946402
201708,119874,718591,1,2.17,WNW,FAYETTEVILLE,36.0861,-94.2033,365166,9412198
201708,119874,718592,1,2,WNW,FAYETTEVILLE,36.0811,-94.2031,364866,9412186
201708,119874,718593,1,0.48,WNW,ELKINS,36.0018,-94.0084,36108,94504
201708,119874,718594,1,1,SSE,FAYETTEVILLE,36.0566,-94.1632,363396,949792
201708,119874,718595,1,1.69,SSW,SUTHERLAND XRDS,35.5074,-93.7813,3530444,9346878
201708,119875,718596,1,3,N,COUNCIL HILL,35.5934,-95.65,3535604,9539000
201708,119876,718598,1,0.58,E,WEINERT,33.32,-99.67,3319200,9940200
201708,119876,718600,1,1.5,NNW,SHERWOOD,31.3,-100.81,3118000,10048600
201708,119877,718601,1,0.58,W,SWEETWATER,32.47,-100.41,3228200,10024600
201708,119878,718602,1,3.28,NNE,SILVER VLY,32.01,-99.52,32600,9931200
201708,119878,718603,1,1.77,E,WALL,31.37,-100.29,3122200,10017400
201708,119878,718604,1,29.25,W,OZONA,30.66,-101.69,3039600,10141400
201708,119883,718619,1,0.88,SE,GARDEN CITY,38.56,-94.19,3833600,9411400
201708,119883,718620,1,0,N,LEETON,38.58,-93.7,3834800,9342000
201708,119886,718622,1,2.14,SSE,SMITHVILLE,39.37,-94.57,3922200,9434200
201708,119886,718623,1,1.07,E,RIPLEY,39.13,-94.3,397800,9418000
201708,119886,718624,1,0,N,LATHROP,39.55,-94.33,3933000,9419800
201708,119886,718625,1,2.25,WNW,MORTON,39.33,-93.91,3919800,9354600
201708,119886,718626,1,0.87,SE,DOVER,39.19,-93.69,3911400,9341400
201708,119886,718627,1,0.87,SE,HIGGINSVILLE,39.07,-93.72,394200,9343200
201708,119886,718628,1,1.07,E,MAYVIEW,39.05,-93.83,393000,9349800
201708,119886,718629,1,2.12,SE,FAYETTEVILLE,38.86,-93.74,3851600,9344400
201708,119886,718630,1,2.38,ESE,VLY CITY,38.8575,-93.5888,3851450,9335328
201708,119886,718631,1,0.54,E,KNOB NOSTER,38.77,-93.56,3846200,9333600
201708,119887,718632,1,0.53,E,WATSON,40.48,-95.62,4028800,9537200
201708,119888,718670,1,0.66,WNW,CUMMINGS,39.4739,-95.2614,3928434,9515684
201708,119888,718670,2,1.31,E,CUMMINGS,39.4713,-95.2255,3928278,9513530
201708,119888,718670,3,1.57,SE,CUMMINGS,39.4532,-95.2304,3927192,9513824
201708,119888,718670,4,1.26,SW,CUMMINGS,39.4552,-95.2638,3927312,9515828
201708,119888,718671,1,5.96,WSW,CUMMINGS,39.4231,-95.3437,3925386,9520622
201708,119888,718671,2,4.36,SW,CUMMINGS,39.4232,-95.3049,3925392,9518294
201708,119888,718671,3,5.57,SSW,CUMMINGS,39.4016,-95.3054,3924096,9518324
201708,119888,718671,4,6.64,SW,CUMMINGS,39.4078,-95.3449,3924468,9520694
201708,119888,718672,1,1.38,NE,LANSING,39.2634,-94.8808,3915804,9452848
201708,119888,718672,2,1.27,ENE,LANSING,39.26,-94.88,3915600,9452800
201708,119888,718672,3,1.11,NE,LANSING,39.2594,-94.8831,3915564,9452986
201708,119888,718672,4,1.26,NE,LANSING,39.2629,-94.8833,3915774,9452998
201708,119888,718673,1,2.26,ESE,OLATHE,38.87,-94.78,3852200,9446800
201708,119888,718673,2,2.34,ESE,OLATHE,38.8673,-94.7797,3852038,9446782
201708,119888,718673,3,2.55,WNW,(OJC)JOHNSON CO EXEC,38.8674,-94.7718,3852044,9446308
201708,119888,718673,4,2.61,ESE,OLATHE,38.8708,-94.773,3852248,9446380
201708,119888,718674,1,4.73,SW,ANTIOCH,38.67,-94.99,3840200,9459400
201708,119888,718674,2,5.46,SW,O BRIEN,38.458,-95.0826,3827480,954956
201708,119888,718674,3,4.11,ENE,NEW LANCASTER,38.4818,-94.6555,3828908,9439330
201708,119888,718674,4,4.43,E,BUCYRUS,38.7093,-94.639,3842558,9438340
201708,119888,718675,1,2.27,ENE,NEW LANCASTER,38.48,-94.69,3828800,9441400
201708,119888,718675,2,1.87,E,NEW LANCASTER,38.472,-94.6955,3828320,9441730
201708,119888,718675,3,3.1,E,NEW LANCASTER,38.4713,-94.6727,3828278,9440362
201708,119888,718675,4,2.98,ENE,NEW LANCASTER,38.4797,-94.6764,3828782,9440584
201708,119888,718676,1,4.09,N,HILLSDALE,38.7289,-94.8433,3843734,9450598
201708,120306,720904,1,1.7,W,JUDSON,34.831,-82.45,3449860,8227000
201708,120306,720904,2,0.83,S,EAST GANTT,34.788,-82.379,3447280,8222740
201708,120307,720906,1,3.74,SE,WHITEHOUSE,35.485,-82.063,3529100,823780
201708,120307,720906,2,4.48,SSE,WHITEHOUSE,35.474,-82.06,3528440,823600
201708,120307,720906,3,4.54,SSE,WHITEHOUSE,35.475,-82.056,3528500,823360
201708,120307,720906,4,3.87,SE,WHITEHOUSE,35.485,-82.059,3529100,823540
201708,120309,720908,1,1.8,ESE,BEDFORD CITY,37.3234,-79.4983,3719404,7929898
201708,120309,720908,2,1.92,ESE,BEDFORD CITY,37.3227,-79.4962,3719362,7929772
201708,120309,720908,3,1.91,ESE,BEDFORD CITY,37.3237,-79.4961,3719422,7929766
201708,120309,720908,4,1.82,ESE,BEDFORD CITY,37.3241,-79.4978,3719446,7929868
201708,120309,720909,1,0.19,SE,BEDFORD CITY,37.3278,-79.528,3719668,7931680
201708,120309,720909,2,0.22,ESE,BEDFORD CITY,37.3285,-79.5264,3719710,7931584
201708,120309,720909,3,0.15,ENE,BEDFORD CITY,37.3308,-79.5275,3719848,7931650
201708,120309,720909,4,0.35,N,BEDFORD CITY,37.3351,-79.53,3720106,7931800
201708,120309,720909,5,0.34,NNW,BEDFORD CITY,37.3348,-79.5312,3720088,7931872
201708,120316,720928,1,45.14,ESE,S BAFFIN BAY,26.968,-96.694,2658080,9641640
201708,120323,720949,1,2.83,WSW,MEDICINE LODGE,37.27,-98.63,3716200,9837800
201708,120323,720950,1,3.03,NE,KIOWA ARPT,37.05,-98.46,373000,9827600
201708,120324,720952,1,2.98,SW,VODA,39.02,-100.06,391200,1003600
201708,120324,720953,1,2.33,SSE,VODA,39.02,-100,391200,10000
201708,120324,720954,1,0,N,WAKEENEY,39.02,-99.88,391200,9952800
201708,120324,720955,1,0,N,WAKEENEY,39.02,-99.88,391200,9952800
201708,120324,720956,1,1.75,SE,WAKEENEY,39,-99.86,3900,9951600
201708,120278,720679,5,6.39,ESE,AGUA CALIENTE SPGS,32.9296,-116.1926,3255776,11611556
201708,120278,720679,6,5.13,NE,AGUA CALIENTE SPGS,32.9962,-116.2308,3259772,11613848
201708,120279,720681,1,4.86,N,SWANSON LAKE,40.25,-101.0913,4015000,1015478
201708,120279,720682,1,1.18,NW,TRENTON ARPT,40.1916,-101.0464,4011496,1012784
201708,120279,720683,1,5.42,S,TRENTON ARPT,40.1016,-101.0317,406096,1011902
201708,120279,720684,1,15.12,N,MAX,40.3385,-101.4177,4020310,10125062
201708,120279,720685,1,4.14,NE,BENKELMAN,40.0883,-101.4697,405298,10128182
201708,120279,720687,1,0.53,E,BENKELMAN JONES ARPT,40.05,-101.54,403000,10132400
201708,120279,720693,1,0.24,NE,BENKELMAN,40.0525,-101.5267,403150,10131602
201708,120279,720693,2,1.47,NE,BENKELMAN,40.0658,-101.5113,403948,10130678
201708,120279,720694,1,1.84,N,BENKELMAN JONES ARPT,40.0767,-101.55,404602,10133000
201708,120280,720689,1,7.46,N,LUDELL,39.9573,-100.9544,3957438,10057264
201708,120280,720690,1,2.89,NNW,ATWOOD MUNI ARPT,39.8698,-101.0467,3952188,1012802
201708,120282,720695,1,0.92,ENE,WILDOMAR,33.6047,-117.2651,3336282,11715906
201708,120282,720695,2,1.49,E,LAKELAND VLG,33.6282,-117.3242,3337692,11719452
201708,120282,720696,1,0.64,NW,ARCILLA,33.7858,-117.4588,3347148,11727528
201708,120282,720696,2,1.44,SSW,EL CERRITO,33.8116,-117.5316,3348696,11731896
201708,120282,720697,1,0.67,ENE,WEISEL,33.8241,-117.4594,3349446,11727564
201708,120282,720697,2,2.26,NW,PORPHYRY,33.9065,-117.4929,3354390,11729574
201708,120282,720727,1,1.81,NNE,COLTON,34.0728,-117.3143,344368,11718858
201708,120282,720733,1,2.45,N,RIVERSIDE JCT,34.0051,-117.3734,34306,11722404
201708,120282,720733,2,0.76,ENE,RIVERSIDE JCT,33.9734,-117.3674,3358404,11722044
201708,120282,720733,3,1.53,S,HIGH GROVE,33.9982,-117.3346,3359892,11720076
201708,120282,720733,4,1.67,WSW,HIGH GROVE,34.0083,-117.3555,34498,11721330
201708,120282,720734,1,1.62,N,BLY,34.0233,-117.5162,341398,11730972
201708,120282,720734,2,0.62,W,ORMAND,34.0201,-117.4409,341206,11726454
201708,120282,720734,3,0.9,WNW,ENNIS,34.0068,-117.4434,34408,11726604
201708,120282,720734,4,1.03,NNE,BLY,34.0127,-117.5107,34762,11730642
201708,120282,720736,1,1.58,SSW,WEISEL,33.8001,-117.4835,3348006,11729010
201708,120282,720736,2,2.16,NW,ALBERHILL,33.7504,-117.4285,3345024,11725710
201708,120282,720736,3,2.99,SSW,ARCILLA,33.7384,-117.4643,3344304,11727858
201708,120282,720736,4,3.34,S,EL CERRITO,33.7824,-117.5103,3346944,11730618
201708,120652,722741,1,0.69,N,STRONACH,44.23,-86.27,4413800,8616200
201708,120652,722742,1,6.3,S,LOXLEY,44.18,-84.8,4410800,8448000
201708,120652,722743,1,0.68,NNE,MANISTEE,44.2596,-86.3166,4415576,8618996
201708,120652,722745,1,0.54,W,KEWADIN,44.9285,-85.3808,4455710,8522848
201708,120652,722745,2,0.58,WSW,KEWADIN,44.9272,-85.3811,4455632,8522866
201708,120653,722744,1,0.75,N,SAULT STE MARIE,46.5008,-84.3721,4630048,8422326
201708,120654,722746,1,1.63,WSW,GEELS,44.41,-84.5,4424600,8430000
201708,120655,722747,1,2.99,SE,LUPTON,44.4016,-83.9742,4424096,8358452
201708,120655,722747,2,2.93,SE,LUPTON,44.405,-83.972,4424300,8358320
201708,120656,722748,1,0.92,NE,MANISTEE,44.2602,-86.3381,4415612,8620286
201708,117987,709293,3,0.88,NNE,CHAPEL,38.842,-76.0148,3850520,76888
201708,117987,709293,4,0.62,NNE,CHAPEL,38.8386,-76.0166,3850316,76996
201708,117994,716373,1,0.69,S,GLASGOW INTL AIRPORT (KGGW),48.21,-106.62,4812600,10637200
201708,117994,716385,1,0.66,SSE,SAINT MARIE,48.4108,-106.516,4824648,10630960
201708,117997,709331,1,1.77,WNW,JONESTOWN,37.99,-84.53,3759400,8431800
201708,117997,709332,1,1.49,NNW,JONESTOWN,38,-84.51,3800,8430600
201708,117997,709333,1,2.14,SW,LEXINGTON,38.03,-84.53,381800,8431800
201708,118001,709389,1,0.69,N,HARDING,38.01,-94.82,38600,9449200
201708,118001,709389,2,0.51,NNE,HARDING,38.0067,-94.816,38402,9448960
201708,118001,709389,3,0.65,NW,HARDING,38.0053,-94.8299,38318,9449794
201708,118001,709389,4,0.78,NW,HARDING,38.0066,-94.8315,38396,9449890
201708,118001,709393,1,3.34,WSW,DEVON,37.91,-94.88,3754600,9452800
201708,118001,709393,2,2.69,WSW,DEVON,37.9059,-94.8661,3754354,9451966
201708,118001,709393,3,2.78,WSW,DEVON,37.9038,-94.8666,3754228,9451996
201708,118001,709393,4,3.69,WSW,DEVON,37.9083,-94.886,3754498,9453160
201708,118001,709395,1,0.7,E,CORNELL,37.4695,-94.6173,3728170,9437038
201708,118001,709395,2,0.76,ESE,CORNELL,37.4658,-94.6173,3727948,9437038
201708,118001,709395,3,0.67,ESE,CORNELL,37.4657,-94.6191,3727942,9437146
201708,118001,709395,4,0.62,E,CORNELL,37.4689,-94.6187,3728134,9437122
201708,118003,709397,1,0.55,W,GIRARD,37.5,-94.86,3730000,9451600
201708,118003,709397,2,0.6,W,GIRARD,37.4992,-94.8609,3729952,9451654
201708,118003,709397,3,0.82,W,GIRARD,37.4992,-94.8649,3729952,9451894
201708,118003,709397,4,0.85,W,GIRARD,37.4999,-94.8655,3729994,9451930
201708,118006,709408,1,0.99,ESE,WACO,37.2467,-94.5825,3714802,9434950
201708,118006,709408,2,1.02,ESE,WACO,37.2461,-94.5821,3714766,9434926
201708,118006,709408,3,1.1,ESE,WACO,37.2456,-94.5808,3714736,9434848
201708,118006,709408,4,1.02,E,WACO,37.2474,-94.5818,3714844,9434908
201708,118006,709409,1,0.89,ENE,JASPER,37.3335,-94.3044,3720010,9418264
201708,118006,709409,2,1.07,ENE,JASPER,37.3335,-94.301,3720010,9418060
201708,118006,709409,3,1.15,ENE,JASPER,37.3336,-94.2996,3720016,9417976
201708,118006,709409,4,0.92,ENE,JASPER,37.334,-94.304,3720040,9418240
201708,118006,709410,1,2.66,NE,ALBA,37.2525,-94.3908,3715150,9423448
201708,118006,709410,2,3.06,ENE,ALBA,37.2522,-94.3819,3715132,9422914
201708,118006,709410,3,3.15,ENE,ALBA,37.2542,-94.3815,3715252,9422890
201708,118006,709410,4,2.36,NE,ALBA,37.2571,-94.4038,3715426,9424228
201708,118006,709410,5,1.88,NNE,ALBA,37.253,-94.4118,3715180,9424708
201708,118006,709413,1,1.35,E,JOPLIN,37.0771,-94.4958,374626,9429748
201708,118006,709413,2,1.17,WSW,DUQUESNE,37.0744,-94.4901,374464,9429406
201708,118006,709413,3,1.16,WSW,DUQUESNE,37.0755,-94.4902,374530,9429412
201708,118006,709413,4,1.31,E,JOPLIN,37.0788,-94.4964,374728,9429784
201708,118018,709455,1,2.52,WNW,FALLSBURG,40.22,-82.27,4013200,8216200
201708,118018,709456,1,1.48,NNW,SUNBURY,40.25,-82.86,4015000,8251600
201708,118018,709457,1,2.07,S,CONDIT,40.22,-82.78,4013200,8246800
201708,118018,709458,1,0.87,SE,APPLETON,40.19,-82.61,4011400,8236600
201708,118018,709459,1,0.53,W,JOHNSTOWN,40.15,-82.69,409000,8241400
201708,118018,709460,1,0,N,ST LOUISVILLE,40.17,-82.42,4010200,8225200
201708,118018,709461,1,1.58,E,FREDONIA,40.15,-82.49,409000,8229400
201708,118018,709462,1,0,N,ST LOUISVILLE,40.17,-82.42,4010200,8225200
201708,118018,709463,1,0.87,SE,APPLETON,40.19,-82.61,4011400,8236600
201708,118018,709773,1,0.88,NW,SARDINIA,39.01,-83.81,39600,8348600
201708,118018,709774,1,0.54,W,RUSSELLVILLE,38.87,-83.79,3852200,8347400
201708,118031,709516,1,0,N,(LBB)LUBBOCK INTL AR,33.67,-101.82,3340200,10149200
201708,118031,709517,1,8.84,SE,SETH WARD,34.13,-101.57,347800,10134200
201708,118031,709518,1,0.69,S,NORTHFIELD,34.27,-100.6,3416200,10036000
201708,118032,709519,1,1.84,ENE,TULIA,34.54,-101.74,3432400,10144400
201708,118032,709520,1,7.76,WSW,TULIA ARPT,34.5157,-101.9099,3430942,10154594
201708,118032,709520,2,3.02,ESE,TULIA,34.5171,-101.7193,3431026,10143158
201708,118032,709520,3,3.82,ENE,TULIA,34.5558,-101.7107,3433348,10142642
201708,118032,709520,4,7,W,TULIA ARPT,34.5479,-101.903,3432874,10154180
201708,118032,709521,1,1.73,W,LUBBOCK,33.58,-101.88,3334800,10152800
201708,118032,709522,1,4.67,W,LOCKETTVILLE,33.39,-102.4,3323400,10224000
201708,118032,709522,2,2.21,NW,LEVELLAND,33.6,-102.4,3336000,10224000
201708,118032,709522,3,5.36,ENE,SMYER,33.6,-102.08,3336000,1024800
201708,118032,709522,4,0.9,SW,ROPESVILLE MCNABB AR,33.39,-102.08,3323400,1024800
201708,118032,709523,1,2.07,N,TAHOKA,33.21,-101.78,3312600,10146800
201708,118032,709525,1,1.21,SSW,LEVELLAND MUNI ARPT,33.5331,-102.3752,3331986,10222512
201708,118032,709525,2,4,S,LEVELLAND MUNI ARPT,33.4921,-102.37,3329526,10222200
201708,118032,711899,1,4,S,LEVELLAND,33.5221,-102.37,3331326,10222200
201708,118032,713492,1,2,ENE,TULIA,34.5411,-101.7375,3432466,10144250
201708,118098,709776,1,0.87,SE,GAHANNA,40.01,-82.86,40600,8251600
201708,118098,709777,1,0.69,S,GAHANNA,40.01,-82.87,40600,8252200
201708,118098,709778,1,1.48,NNW,CLARKSVILLE,39.42,-83.99,3925200,8359400
201708,118098,709779,1,0.87,NE,ALEXANDRIA,40.09,-82.61,405400,8236600
201708,118098,709780,1,0.69,S,NEWARK,40.06,-82.4,403600,8224000
201708,118098,709781,1,0.97,WNW,FRIENDSHIP,38.7052,-83.1168,3842312,837008
201708,118098,709782,1,1.28,WNW,PORTSMOUTH,38.74,-83,3844400,8300
201708,118099,709783,1,0.88,SW,DE MOSSVILLE,38.79,-84.43,3847400,8425800
201708,118127,709901,1,10.01,NNW,CHERRY CREEK,44.73,-101.59,4443800,10135400
201708,118127,718149,1,6.69,SSE,RED SCAFFOLD,44.68,-101.78,4440800,10146800
201708,118127,718149,2,11.47,E,RED SCAFFOLD,44.8,-101.6,4448000,10136000
201708,118127,718149,3,3.39,NE,CHERRY CREEK,44.64,-101.46,4438400,10127600
201708,118127,718149,4,1.2,SW,CHERRY CREEK,44.59,-101.52,4435400,10131200
201708,118128,709903,1,0.5,E,SHERIDAN LAKE,43.98,-103.47,4358800,10328200
201708,118128,712449,1,0.88,SSW,SHERIDAN LAKE,43.9678,-103.4849,4358068,10329094
201708,118130,709905,1,16.36,SSE,MISSION,43.09,-100.54,435400,10032400
201708,118131,709906,1,2,SW,KEYAPAHA,43.0795,-100.158,434770,1009480
201708,118132,709907,1,5,S,HAMILL,43.5276,-99.68,4331656,9940800
201708,118134,709915,1,4,NE,ROCKERVILLE,44.0009,-103.3031,4454,10318186
201708,118134,709916,1,5.65,WNW,HERMOSA,43.86,-103.3,4351600,10318000
201708,118134,709921,1,6.98,W,HERMOSA,43.84,-103.33,4350400,10319800
201708,118134,709922,1,4.41,NNW,FAIRBURN,43.75,-103.24,4345000,10314400
201708,118134,709924,1,3.99,NNW,FAIRBURN,43.74,-103.25,4344400,10315000
201708,118134,709925,1,5.06,SSE,RAPID CITY,44.01,-103.2,44600,10312000
201708,119232,716002,1,2.69,SE,DEKALB,34.35,-80.57,3421000,8034200
201708,119232,716004,1,3.99,E,CLYBURN,34.42,-80.53,3425200,8031800
201708,119232,716005,1,3.64,NNE,SHEPARD,34.37,-80.51,3422200,8030600
201708,119232,716007,1,0.57,W,BETHUNE,34.42,-80.36,3425200,8021600
201708,119237,716025,1,1.17,NE,BEACH,46.93,-103.98,4655800,10358800
201708,119237,716026,1,0.84,SE,LA MOURE,46.34,-98.29,4620400,9817400
201708,119249,716041,1,0,N,MEDORA,46.92,-103.53,4655200,10331800
201708,119249,716042,1,0.84,NE,MEDORA,46.93,-103.52,4655800,10331200
201708,119251,716051,1,7.32,NE,ASHLEY,46.11,-99.27,466600,9916200
201708,119251,716052,1,13.15,SSW,SOUTH HEART,46.69,-103.09,4641400,1035400
201708,119251,716053,1,5.71,SSW,RALEIGH,46.29,-101.33,4617400,10119800
201708,119251,716054,1,0.69,N,ZAP,47.29,-101.92,4717400,10155200
201708,119251,716055,1,15.2,NNE,BUCYRUS,46.26,-102.62,4615600,10237200
201708,119251,716056,1,17.67,NE,BUCYRUS,46.27,-102.55,4616200,10233000
201708,119251,716065,1,7.89,NE,HAYNES,46.04,-102.34,462400,10220400
201708,119258,716070,1,19.12,SSW,NOONAN,48.63,-103.18,4837800,10310800
201708,119260,716071,1,8.77,NNE,BUCYRUS,46.19,-102.72,4611400,10243200
201708,119266,716106,1,0,N,NEW LEIPZIG,46.37,-101.95,4622200,10157000
201708,119266,716108,1,1.38,N,NEW LEIPZIG,46.39,-101.95,4623400,10157000
201708,119266,716109,1,13.81,NNE,BURT,46.56,-102.06,4633600,1023600
201708,119285,717476,1,2.15,SSW,TYBEE ISLAND,31.98,-80.85,3158800,8051000
201708,119285,717477,1,2.15,SSW,TYBEE ISLAND,31.98,-80.85,3158800,8051000
201708,119286,717561,1,6.93,N,TYBEE ISLAND,32.11,-80.83,326600,8049800
201708,119286,717562,1,6.93,N,TYBEE ISLAND,32.11,-80.83,326600,8049800
201708,119287,717563,1,0.09,NNW,FORT SUMTER,32.7512,-79.8707,3245072,7952242
201708,119288,717564,1,1.5,SSW,TILLMAN,32.45,-81.11,3227000,816600
201708,119293,716335,1,0.56,E,SKELLYTOWN,35.57,-101.17,3534200,10110200
201708,119293,716336,1,0.69,S,PAMPA LEFORS ARPT,35.61,-101,3536600,10100
201708,119293,716337,1,2.65,ESE,CLAUDE,35.1,-101.33,356000,10119800
201708,119293,716340,1,1.49,NNE,PAMPA,35.55,-100.96,3533000,10057600
201708,119294,716338,1,0,N,WIBAUX,46.98,-104.18,4658800,10410800
201708,119295,716339,1,19.88,NE,BLOOMFIELD,47.61,-104.61,4736600,10436600
201708,119296,716341,1,4.91,S,WASHBURN,35.11,-101.5953,356600,10135718
201708,119296,716341,2,5.74,SSW,WASHBURN,35.0992,-101.6038,355952,10136228
201708,119296,716341,3,5.64,S,WASHBURN,35.0989,-101.5917,355934,10135502
201708,119296,716341,4,5.14,S,WASHBURN,35.106,-101.5901,356360,10135406
201708,119296,716345,1,5.25,SW,AMARILLO,35.15,-101.89,359000,10153400
201708,119296,716345,2,5.53,SW,AMARILLO,35.1466,-101.8928,358796,10153568
201708,119296,716345,3,5.09,SW,AMARILLO,35.1467,-101.8822,358802,10152932
201708,119296,716345,4,4.88,SW,AMARILLO,35.1509,-101.8822,359054,10152932
201708,119296,716346,1,6.24,S,BOYS RANCH,35.44,-102.26,3526400,10215600
201708,119296,716347,1,3.84,SSE,CHANNING,35.63,-102.3,3537800,10218000
201708,119298,716362,1,10.62,NE,EVA,36.92,-101.78,3655200,10146800
201708,119298,716363,1,0.89,NW,(GUY)GUYMON MUNI ARP,36.69,-101.51,3641400,10130600
201708,119298,716364,1,3.04,NW,LOGAN,36.6,-100.26,3636000,10015600
201708,119298,716366,1,0,N,SLAPOUT,36.62,-100.12,3637200,1007200
201708,119345,716477,1,6,N,LINCOLN,47.0368,-112.67,472208,11240200
201708,119346,716709,1,5,N,HIGHWOOD,47.6524,-110.8,4739144,11048000
201708,119346,716712,1,0,N,BIG SANDY,48.18,-110.12,4810800,1107200
201708,119346,716714,1,4,W,(HVR)HAVRE CITY-CO A,48.53,-109.8574,4831800,10951444
201708,119354,716487,1,5.19,WNW,AU TRAIN,46.4588,-86.9307,4627528,8655842
201708,119361,716536,1,1.96,WNW,FREDERICK JCT,39.3909,-77.4338,3923454,7726028
201708,119361,716537,1,1.82,N,TAKOMA PARK,38.9959,-77.0059,3859754,77354
201708,119362,716538,1,0.8,WSW,CHASE,39.3443,-76.3931,3920658,7623586
201708,119362,716540,1,1.14,WNW,FOUNTAIN GREEN,39.5551,-76.3203,3933306,7619218
201708,119362,716541,1,1.19,W,LAUREL BROOK,39.5205,-76.4523,3931230,7627138
201708,119362,716543,1,0.66,NE,BYNUM,39.5756,-76.3599,3934536,7621594
201708,119362,716544,1,3.58,E,NORRISVILLE,39.6981,-76.4627,3941886,7627762
201708,119362,716546,1,3.32,NE,MADONNA,39.6581,-76.482,3939486,7628920
201708,119362,716548,1,2.9,E,NORRISVILLE,39.6934,-76.4762,3941604,7628572
201708,119362,716549,1,0.73,WSW,PERRY HALL,39.415,-76.482,3924900,7628920
201708,119362,716554,1,0.98,SE,FORK,39.4586,-76.4391,3927516,7626346
201708,119362,716555,1,0.86,NNE,WHITE MARSH,39.3921,-76.4259,3923526,7625554
201708,119362,716556,1,1.72,NNE,BALTIMORE MARTIN ST,39.3543,-76.4129,3921258,7624774
201708,119363,716571,1,0.96,SE,PIKESVILLE,39.3615,-76.7058,3921690,7642348
201708,119363,716572,1,0.44,E,MTCHVLL FREEWAY ARPT,38.9307,-76.7618,3855842,7645708
201708,119363,716573,1,0.96,N,HALETHORPE,39.2639,-76.7017,3915834,7642102
201708,119363,716574,1,1.28,ENE,OELLA,39.2738,-76.7566,3916428,7645396
201708,119363,716575,1,0.96,ENE,WOODLAWN,39.3249,-76.7131,3919494,7642786
201708,119363,716576,1,1.36,SW,BROOKLANDVILLE,39.4044,-76.6854,3924264,7641124
201708,119363,716577,1,0.91,WNW,ROGERS FORGE,39.4037,-76.6163,3924222,7636978
201708,119363,716578,1,1.02,ENE,ROGERS FORGE,39.4049,-76.582,3924294,7634920
201708,119363,716579,1,1.44,ENE,TIMONIUM,39.4383,-76.6053,3926298,7636318
201708,119363,716580,1,2.11,NW,OAKLEIGH,39.4243,-76.574,3925458,7634440
201708,119363,716581,1,2.5,S,SUNNYBROOK,39.4642,-76.5769,3927852,7634614
201708,119363,716836,1,2.04,E,PADONIA,39.4549,-76.5923,3927294,7635538
201708,119363,716837,1,0.76,NE,WATERSVILLE,39.3783,-77.0908,3922698,775448
201708,119363,716838,1,0.33,SSE,SWEET AIR,39.5159,-76.5267,3930954,7631602
201708,119363,716839,1,1.44,WSW,UPPER XRDS,39.5388,-76.5027,3932328,7630162
201708,119363,716841,1,1.73,SW,RUTLEDGE,39.5546,-76.5256,3933276,7631536
201708,119363,716842,1,1.3,WSW,UPPER XRDS,39.5459,-76.5039,3932754,7630234
201708,119363,716843,1,0.46,SSW,BARRETT,39.3939,-77.0235,3923634,771410
201708,119363,716844,1,0.82,SW,WHITEFORD,39.6902,-76.3586,3941412,7621516
201708,119363,716845,1,0.53,ENE,CONTEE,39.0821,-76.8604,394926,7651624
201708,119363,716846,1,0.7,SSE,UPPER XRDS,39.5404,-76.4756,3932424,7628536
201708,119364,716850,1,0.62,ESE,BELVEDERE,38.8473,-77.1691,3850838,7710146
201708,119364,716851,1,0.23,S,CHANTILLY,38.8967,-77.4295,3853802,7725770
201708,119364,716852,1,0.83,W,HAMILTON,39.1305,-77.6655,397830,7739930
201708,119364,716854,1,0.47,NNW,BURNING KNOLLS,39.1763,-78.1335,3910578,788010
201708,119365,716848,1,0.24,SSE,MOLER XRDS,39.3971,-77.7675,3923826,7746050
201708,119366,716884,1,0.05,E,FROSTBURG,39.65,-78.929,3939000,7855740
201708,119366,716887,1,0.34,ENE,CUMBERLAND,39.6511,-78.7638,3939066,7845828
201708,119366,716888,1,0.24,ESE,CUMBERLAND,39.6482,-78.7662,3938892,7845972
201708,119366,716889,1,1.76,SW,GRIMES,39.5102,-77.7909,3930612,7747454
201708,119366,716892,1,0.38,NW,LANTZ,39.6741,-77.4548,3940446,7727288
201708,119366,716893,1,0.16,SSW,BARK HILL,39.5777,-77.1506,3934662,779036
201708,119367,716895,1,0.64,NW,CLAYTONVILLE,39.0875,-78.027,395250,781620
201708,119368,716869,1,1.43,NNW,KEYSER,39.4487,-78.9913,3926922,7859478
201708,119368,716870,1,0.62,NNW,FT ASHBY,39.5086,-78.773,3930516,7846380
201708,119368,716872,1,0.24,WSW,FT ASHBY,39.4992,-78.7743,3929952,7846458
201708,119368,716873,1,0.95,SSW,PATTERSON CREEK,39.5576,-78.7376,3933456,7844256
201708,119368,716874,1,0.29,SW,PATTERSON CREEK,39.5667,-78.7333,3934002,7843998
201708,119368,716876,1,1.76,N,UPPER TRACK,38.8053,-79.2769,3848318,7916614
201708,119368,716878,1,1.05,SSE,THREE CHURCHES,39.3867,-78.6405,3923202,7838430
201708,119368,716880,1,2.22,S,WOODMONT,39.5981,-78.3152,3935886,7818912
201708,119368,716881,1,0.8,W,HAINESVILLE,39.5302,-77.935,3931812,7756100
201708,119369,716904,1,4.02,WNW,PYLESVILLE,39.7196,-76.4413,3943176,7626478
201708,119371,717596,1,0.71,SSE,READUS,38.84,-78.597,3850400,7835820
201708,119371,717597,1,0.88,NE,LIMETON,38.86,-78.27,3851600,7816200
201708,119371,717598,1,1.03,N,BROWNTOWN,38.8147,-78.2333,3848882,7813998
201708,119371,717599,1,1.62,NNW,ADA,38.8499,-77.9359,3850994,7756154
201708,119371,717600,1,1.59,N,BETHEL,38.793,-77.8202,3847580,7749212
201708,119371,717601,1,2.29,S,MARSHALL,38.837,-77.8529,3850220,7751174
201708,119371,717602,1,1.39,SW,MARSHALL,38.8561,-77.8686,3851366,7752116
201708,119371,717603,1,1.09,SSE,MARSHALL,38.8561,-77.8404,3851366,7750424
201708,119371,717604,1,0.67,SE,BROAD RUN,38.8237,-77.7106,3849422,7742636
201708,119371,717605,1,0.33,NW,BEVERLY MILLS,38.8234,-77.7042,3849404,7742252
201708,119371,717606,1,0.34,WSW,MANASSAS,38.7474,-77.4854,3844844,7729124
201708,119888,718676,2,0.98,N,HILLSDALE,38.6839,-94.8467,3841034,9450802
201708,119888,718676,3,1.83,WNW,WAGSTAFF,38.677,-94.8127,3840620,9448762
201708,119888,718676,4,5.21,NNW,WAGSTAFF,38.7408,-94.8134,3844448,9448804
201708,119888,718677,1,1.92,ENE,NEW LANCASTER,38.4798,-94.6968,3828788,9441808
201708,119888,718677,2,2.35,SE,NEW LANCASTER,38.448,-94.697,3826880,9441820
201708,119888,718677,3,3.48,ESE,NEW LANCASTER,38.449,-94.6716,3826940,9440296
201708,119888,718677,4,3.24,ENE,NEW LANCASTER,38.4845,-94.673,3829070,9440380
201708,119888,718678,1,1.83,N,EASTON,39.3763,-95.1245,3922578,957470
201708,119888,718678,2,1.64,WSW,LOWEMONT,39.3744,-95.0999,3922464,955994
201708,119888,718678,3,1.91,WNW,LOWEMONT,39.3936,-95.1011,3923616,956066
201708,119888,718678,4,2.89,N,EASTON,39.3918,-95.1226,3923508,957356
201708,119888,718679,1,0,N,DE SOTO,38.98,-94.97,3858800,9458200
201708,119888,718680,1,0.54,W,KENNETH,38.85,-94.61,3851000,9436600
201708,119888,718680,2,0.75,NW,KENNETH,38.8584,-94.609,3851504,9436540
201708,119888,718680,3,1.1,WNW,KENNETH,38.8588,-94.6171,3851528,9437026
201708,119888,718680,4,0.92,W,KENNETH,38.8503,-94.6172,3851018,9437032
201708,119889,718637,1,1.61,W,BARRY,39.25,-94.65,3915000,9439000
201708,119889,718637,2,0.17,WSW,BARRY,39.2488,-94.6227,3914928,9437362
201708,119889,718637,3,0.52,N,BARRY,39.2574,-94.6217,3915444,9437302
201708,119889,718637,4,1.61,WNW,BARRY,39.2574,-94.6486,3915444,9438916
201708,119889,718638,1,1.24,W,PARKVILLE,39.1974,-94.7228,3911844,9443368
201708,119889,718638,2,0.33,SW,PARKVILLE,39.1966,-94.7043,3911796,9442258
201708,119889,718638,3,0.77,NNW,PARKVILLE,39.2108,-94.7036,3912648,9442216
201708,119889,718638,4,1.1,S,LAKE WAUKOMIS,39.2141,-94.7203,3912846,9443218
201708,119889,718639,1,0.09,E,RIVERSIDE,39.1701,-94.6183,3910206,9437098
201708,119889,718639,2,1.03,ENE,NORTHMOOR,39.1848,-94.6119,3911088,9436714
201708,119889,718639,3,1.56,NE,RIVERSIDE,39.1871,-94.601,3911226,9436060
201708,119889,718639,4,1.01,ESE,RIVERSIDE,39.1669,-94.6016,3910014,9436096
201708,119889,718640,1,0.66,S,MOSBY,39.3104,-94.2994,3918624,9417964
201708,119889,718640,2,0.87,SE,MOSBY,39.31,-94.29,3918600,9417400
201708,119889,718640,3,0.41,NNW,PRATHERSVILLE,39.3253,-94.2834,3919518,9417004
201708,119889,718640,4,0.39,NNW,MOSBY,39.3248,-94.3039,3919488,9418234
201708,119889,718641,1,2.25,ESE,LIBERTY,39.24,-94.39,3914400,9423400
201708,119889,718641,2,2.06,E,LIBERTY,39.2477,-94.3916,3914862,9423496
201708,119889,718641,3,2.67,E,LIBERTY,39.2484,-94.3801,3914904,9422806
201708,119889,718641,4,2.86,ESE,LIBERTY,39.2402,-94.3781,3914412,9422686
201708,119889,718642,1,1.56,SSW,SMITHVILLE,39.3784,-94.5883,3922704,9435298
201708,119889,718642,2,1.71,SE,SMITHVILLE,39.38,-94.5612,3922800,9433672
201708,119889,718642,3,0.86,ESE,SMITHVILLE,39.3951,-94.5652,3923706,9433912
201708,119889,718642,4,0.55,W,SMITHVILLE,39.3991,-94.5902,3923946,9435412
201708,119889,718643,1,2.05,WSW,KANSAS CITY,39.073,-94.6072,394380,9436432
201708,119889,718643,2,2.09,WSW,KANSAS CITY,39.0708,-94.6072,394248,9436432
201708,119889,718643,3,2.06,WSW,KANSAS CITY,39.0708,-94.6065,394248,9436390
201708,119889,718643,4,2.01,WSW,KANSAS CITY,39.0732,-94.6064,394392,9436384
201708,119889,718644,1,2.16,SSW,KANSAS CITY,39.0528,-94.5899,393168,9435394
201708,119889,718644,2,2.3,SSW,KANSAS CITY,39.0514,-94.592,393084,9435520
201708,119889,718644,3,2.28,SSW,KANSAS CITY,39.0526,-94.5935,393156,9435610
201708,119889,718644,4,2.12,SSW,KANSAS CITY,39.054,-94.5911,393240,9435466
201708,119889,718645,1,1.07,E,RIVERSIDE,39.17,-94.6,3910200,9436000
201708,119889,718645,2,0.15,ENE,RIVERSIDE,39.1709,-94.6174,3910254,9437044
201708,119889,718645,3,0.66,NE,NORTHMOOR,39.1865,-94.621,3911190,9437260
201708,119889,718645,4,1.91,NE,RIVERSIDE,39.1868,-94.5918,3911208,9435508
201708,119889,718646,1,2.03,WSW,KANSAS CITY,39.0705,-94.6059,394230,9436354
201708,119889,718646,2,1.07,SW,KANSAS CITY,39.0688,-94.5837,394128,9435022
201708,119889,718646,3,1.3,SE,KANSAS CITY DOWNTOWN,39.1045,-94.5863,396270,9435178
201708,119889,718646,4,1.02,SSW,KANSAS CITY DOWNTOWN,39.1056,-94.6043,396336,9436258
201708,119889,718647,1,1.38,N,KANSAS CITY,39.1,-94.57,396000,9434200
201708,119889,718647,2,0.81,N,KANSAS CITY,39.0915,-94.5679,395490,9434074
201708,119889,718647,3,0.91,NNW,KANSAS CITY,39.0916,-94.5781,395496,9434686
201708,119889,718647,4,1.48,NNW,KANSAS CITY,39.1008,-94.5764,396048,9434584
201708,119889,718648,1,2.55,ENE,KANSAS CITY,39.1,-94.53,396000,9431800
201708,119889,718648,2,2.28,NE,KANSAS CITY,39.1019,-94.5383,396114,9432298
201708,119889,718648,3,2.06,NE,KANSAS CITY,39.0972,-94.5386,395832,9432316
201708,119889,718648,4,2.43,NW,KANSAS CITY HEART AR,39.0967,-94.5295,395802,9431770
201708,119889,718649,1,2.02,NW,HARRISONVILLE,38.6697,-94.3777,3840182,9422662
201708,119889,718649,2,1.18,ESE,HUBER,38.6715,-94.3111,3840290,9418666
201708,119889,718649,3,1.48,W,DAUGHERTY,38.6038,-94.307,3836228,9418420
201708,119889,718649,4,1.97,WNW,HARRISONVILLE ARPT,38.6083,-94.3849,3836498,9423094
201708,119889,718650,1,0.31,NNW,(GVW)RICHARDS-GEBAUR,38.8539,-94.5528,3851234,9433168
201708,119889,718650,2,2.88,SE,GRANDVIEW,38.852,-94.4903,3851120,9429418
201708,119889,718650,3,5.11,SE,(GVW)RICHARDS-GEBAUR,38.7929,-94.4896,3847574,9429376
201708,119889,718650,4,3.39,S,(GVW)RICHARDS-GEBAUR,38.8012,-94.5435,3848072,9432610
201708,119889,718651,1,2.44,N,DODSON,39.0149,-94.537,39894,9432220
201708,119889,718651,2,0.48,S,RAYTOWN,39.0131,-94.4797,39786,9428782
201708,119889,718651,3,2.02,E,DODSON,38.9805,-94.4924,3858830,9429544
201708,119889,718651,4,0.96,NNW,DODSON,38.9928,-94.537,3859568,9432220
201708,119889,718652,1,1.67,SW,NORTHMOOR,39.1623,-94.6513,399738,9439078
201708,119889,718652,2,1.08,WSW,RIVERSIDE,39.1627,-94.6379,399762,9438274
201708,119889,718652,3,0.35,SSW,NORTHMOOR,39.1757,-94.6336,3910542,9438016
201708,119889,718652,4,1.18,W,NORTHMOOR,39.1801,-94.652,3910806,9439120
201708,119889,718653,1,3.02,NW,STRASBURG,38.7972,-94.2139,3847832,9412834
201708,119889,718653,2,1.33,ENE,DAUGHERTY,38.6095,-94.2586,3836570,9415516
201708,119889,718653,3,1.06,SSW,WEST LINE,38.6149,-94.5841,3836894,9435046
201708,119889,718653,4,1.97,N,BELTON VILLNAVE ARPT,38.7986,-94.5806,3847916,9434836
201708,119889,718655,1,2.24,NW,RED BRIDGE,38.9444,-94.6076,3856664,9436456
201708,119889,718655,2,1.9,NW,RED BRIDGE,38.9374,-94.6073,3856244,9436438
201708,119889,718655,3,1.55,NNW,RED BRIDGE,38.9395,-94.5941,3856370,9435646
201708,119889,718655,4,1.9,NNW,RED BRIDGE,38.9459,-94.5919,3856754,9435514
201708,119889,718656,1,0.18,SE,LEEDS,39.0483,-94.4974,392898,9429844
201708,119889,718656,2,0.87,NE,RAYTOWN,39.03,-94.47,391800,9428200
201708,119889,718656,3,0.92,WNW,CEMENT CITY,39.0341,-94.4664,392046,9427984
201708,119889,718656,4,0.37,E,LEEDS,39.0491,-94.4932,392946,9429592
201708,119889,718657,1,0.54,E,MARTIN CITY,38.88,-94.59,3852800,9435400
201708,119889,718657,2,1.1,E,MARTIN CITY,38.8783,-94.5796,3852698,9434776
201708,119889,718657,3,1.44,S,RED BRIDGE,38.8992,-94.581,3853952,9434860
201708,119889,718657,4,1.46,NNE,MARTIN CITY,38.8992,-94.5885,3853952,9435310
201708,119889,718658,1,2.13,ESE,BELTON VILLNAVE ARPT,38.7577,-94.5437,3845462,9432622
201708,119889,718658,2,2.54,SE,BELTON VILLNAVE ARPT,38.7463,-94.544,3844778,9432640
201708,119889,718658,3,2.76,SSW,HARRELSON,38.745,-94.5247,3844700,9431482
201708,119889,718658,4,2.07,SW,HARRELSON,38.758,-94.526,3845480,9431560
201708,119889,718659,1,0.72,N,RED BRIDGE,38.9304,-94.5788,3855824,9434728
201708,119889,718659,2,0.14,NNW,RED BRIDGE,38.9219,-94.581,3855314,9434860
201708,119889,718659,3,0.85,E,RED BRIDGE,38.9201,-94.5642,3855206,9433852
201708,119889,718659,4,1.13,ENE,RED BRIDGE,38.9274,-94.5613,3855644,9433678
201708,119889,718660,1,2.37,NE,KINGSVILLE,38.775,-94.0498,3846500,942988
201708,119889,718660,2,3,SSW,KINGSVILLE,38.7075,-94.0917,3842450,945502
201708,119889,718660,3,2.11,NNW,MAGNOLIA,38.6759,-93.9407,3840554,9356442
201708,119889,718660,4,4.84,SE,PITTSVILLE,38.7885,-93.9276,3847310,9355656
201708,119889,718661,1,0.5,S,NASHUA,39.2928,-94.5805,3917568,9434830
201708,119889,718661,2,0.86,S,NASHUA,39.2876,-94.5804,3917256,9434824
201708,119889,718661,3,0.97,SSE,NASHUA,39.2878,-94.5712,3917268,9434272
201708,119889,718661,4,0.75,SE,NASHUA,39.2912,-94.5716,3917472,9434296
201708,119889,718662,1,1.91,SW,KEARNEY,39.3479,-94.3914,3920874,9423484
201708,119889,718662,2,2.47,SE,KEARNEY,39.3452,-94.3367,3920712,9420202
201708,119889,718662,3,2.38,ENE,KEARNEY,39.3821,-94.3283,3922926,9419698
201708,120324,720957,1,3.25,W,TIMKEN,38.47,-99.24,3828200,9914400
201708,120324,720958,1,2.28,WNW,SEWARD,38.18,-98.84,3810800,9850400
201708,120324,720959,1,1.38,N,ST JOHN,38.04,-98.75,382400,9845000
201708,120324,720960,1,4.28,NW,BELLEFONT,37.91,-99.71,3754600,9942600
201708,120324,720961,1,6.17,NNW,JOY,37.68,-99.45,3740800,9927000
201708,120324,720962,1,0.55,W,JOY,37.6,-99.41,3736000,9924600
201708,120324,720963,1,4.84,S,GREENSBURG,37.53,-99.3,3731800,9918000
201708,120324,720964,1,11.69,NW,MANTER,37.66,-102,3739600,10200
201708,120324,720965,1,0.55,W,MANTER,37.52,-101.89,3731200,10153400
201708,120324,720966,1,0.55,W,ROLLA,37.12,-101.64,377200,10138400
201708,120324,720967,1,0,N,ROLLA,37.12,-101.63,377200,10137800
201708,120324,720968,1,3.83,WNW,OGALLAH,39.01,-99.79,39600,9947400
201708,120324,720969,1,0.88,NW,LIBERAL,37.04,-100.94,372400,10056400
201708,120324,720970,1,8.17,SE,MANTER,37.45,-101.76,3727000,10145600
201708,120324,720971,1,1.38,S,JOHNSON,37.55,-101.75,3733000,10145000
201708,120324,720972,1,3.76,W,WAKEENEY,39.02,-99.95,391200,9957000
201708,120324,720973,1,0,N,WAKEENEY,39.02,-99.88,391200,9952800
201708,120324,720974,1,0.87,NE,WAKEENEY,39.03,-99.87,391800,9952200
201708,120324,720975,1,1.75,SE,WAKEENEY,39,-99.86,3900,9951600
201708,120324,720976,1,9.54,SSW,HOG BACK,38.79,-99.56,3847400,9933600
201708,120324,720977,1,2.28,WSW,SEWARD,38.16,-98.84,389600,9850400
201708,120324,720978,1,4.1,SSW,WOODS,37.12,-101.14,377200,1018400
201708,120324,720979,1,8.28,WNW,WILBURTON,37.14,-101.9,378400,10154000
201708,120324,720980,1,5.52,W,ELKHART,37,-102,3700,10200
201708,120324,720981,1,4.86,ENE,RICHFIELD,37.3,-101.7,3718000,10142000
201708,120324,720982,1,0,N,ROLLA,37.12,-101.63,377200,10137800
201708,120324,720984,1,0.88,NW,(1K5)ELKHART,37.01,-101.89,37600,10153400
201708,120324,720985,1,8.83,SE,MEADE,37.18,-100.23,3710800,10013800
201708,120324,720986,1,1.28,WSW,SCOTT CITY,38.47,-100.92,3828200,10055200
201708,120324,720987,1,7.68,S,ASHLAND KRIER ARPT,37.06,-99.75,373600,9945000
201708,120324,720988,1,1.77,SW,HAYNE,37.08,-100.82,374800,10049200
201708,120324,720989,1,0.88,SE,(LBL)LIBERAL ARPT,37.04,-100.96,372400,10057600
201708,120324,720990,1,4.87,S,RICHFIELD,37.2,-101.77,3712000,10146200
201708,120324,720991,1,7.03,SSW,KENDALL,37.84,-101.61,3750400,10136600
201708,120324,720992,1,2.07,S,MEADE STATE PARK,37.14,-100.42,378400,10025200
201708,120324,720993,1,0.69,N,JOHNSON,37.58,-101.75,3734800,10145000
201708,120324,720994,1,6.8,SSW,PROTECTION,37.11,-99.53,376600,9931800
201708,120324,720995,1,3.83,NNE,STANO STATION,37.62,-101.47,3737200,10128200
201708,120324,720996,1,0.88,SW,GRIGSTON,38.47,-100.73,3828200,10043800
201708,120325,720997,1,0.88,SW,HAZELTON,37.09,-98.41,375400,9824600
201708,120325,720998,1,0.69,S,HAZELTON,37.09,-98.4,375400,9824000
201708,120325,720999,1,0.69,S,HAZELTON,37.09,-98.4,375400,9824000
201708,120325,721000,1,9.48,SE,DEERHEAD,37.15,-98.78,379000,9846800
201708,120326,721001,1,0,N,HUGOTON,37.18,-101.35,3710800,10121000
201708,120326,721003,1,2.82,NNW,ELKHART,37.04,-101.91,372400,10154600
201708,120327,721004,1,4.18,N,GRAY,38.23,-99.64,3813800,9938400
201708,120327,721005,1,4.68,NNW,GRAY,38.23,-99.69,3813800,9941400
201708,120328,721007,1,4.36,W,CHARLESTON,37.87,-100.65,3752200,10039000
201708,120328,721008,1,1.78,ENE,TICE,37.53,-100.69,3731800,10041400
201708,120328,721009,1,5.19,ESE,SUBLETTE ARPT,37.44,-100.75,3726400,10045000
201708,120328,721010,1,11.86,S,STANTON CO ARPT,37.41,-101.67,3724600,10140200
201708,120328,721011,1,3.58,ENE,RICHFIELD,37.29,-101.72,3717400,10143200
201708,120328,721012,1,13.81,WSW,RICHFIELD,37.19,-102.01,3711400,102600
201708,120328,721013,1,0,N,ROLLA,37.12,-101.63,377200,10137800
201708,120328,721014,1,0,N,ROLLA,37.12,-101.63,377200,10137800
201708,120329,721021,1,1,NE,OTISCO,38.5402,-85.6569,3832412,8539414
201708,120329,721022,1,1,E,SCOTTSBURG,38.68,-85.7515,3840800,8545090
201708,120329,721023,1,2,SE,UNDERWOOD,38.5795,-85.7538,3834770,8545228
201708,120330,721035,1,5.21,WSW,DRY TORTUGAS LIGHT,24.61,-83,2436600,8300
201708,120330,721036,1,10.21,ENE,DRY TORTUGAS LIGHT,24.693,-82.773,2441580,8246380
201708,120331,721037,1,8.22,NNE,KEY LARGO,25.2,-80.39,2512000,8023400
201708,120332,721039,1,2.61,ENE,(EYW)KEY WEST INL AR,24.5688,-81.7339,2434128,8144034
201708,120332,721039,2,2.39,ENE,(EYW)KEY WEST INL AR,24.5677,-81.7373,2434062,8144238
201708,120333,721040,1,4.61,ESE,SNIPE POINT,24.68,-81.61,2440800,8136600
201708,120334,721041,1,0,N,SMITH SHOAL LIGHT,24.72,-81.92,2443200,8155200
201708,120335,721042,1,5.69,W,SOMBRERO KEY LIGHT,24.64,-81.2,2438400,8112000
201708,120336,721043,1,1.56,E,KEY WEST,24.5571,-81.7554,2433426,8145324
201708,120336,721044,1,0.72,SW,KEY WEST,24.5532,-81.7886,2433192,8147316
201708,120336,721045,1,1.23,WNW,KEY WEST,24.5671,-81.7979,2434026,8147874
201708,120336,721046,1,0,N,ALLIGATOR REEF LIGHT,24.85,-80.62,2451000,8037200
201708,120338,721047,1,0.72,SW,KEY WEST,24.5532,-81.7886,2433192,8147316
201708,120338,721048,1,1.56,E,KEY WEST,24.5571,-81.7554,2433426,8145324
201708,120338,721049,1,1.74,SE,BIG COPPITT KEY,24.5801,-81.6829,2434806,8140974
201708,120338,721050,1,0,N,CARYSFORT REEF LIGHT,25.22,-80.21,2513200,8012600
201708,120339,721051,1,0,N,SMITH SHOAL LIGHT,24.72,-81.92,2443200,8155200
201708,120339,721052,1,10.21,ENE,DRY TORTUGAS LIGHT,24.693,-82.773,2441580,8246380
201708,120340,721053,1,9.86,SE,SOMBRERO KEY LIGHT,24.55,-80.98,2433000,8058800
201708,120353,721074,1,5.33,N,WAYNE,42.3071,-97.021,4218426,971260
201708,120353,721074,2,2.9,ENE,CARROLL,42.301,-97.1308,4218060,977848
201708,120353,721074,3,3.12,N,CARROLL,42.325,-97.1847,4219500,9711082
201708,120353,721074,4,4.89,ENE,SHOLES,42.3506,-97.1883,4221036,9711298
201708,120353,721074,5,9.48,N,WAYNE,42.3671,-97.0237,4222026,971422
201708,120361,721086,1,3,S,LELAND,41.5766,-88.8,4134596,8848000
201708,120361,721088,1,0,N,SERENA,41.48,-88.73,4128800,8843800
201708,120361,721100,1,5,E,BERWYN,41.85,-87.6529,4151000,8739174
201708,120363,721103,1,0,N,LINDENHURST,42.42,-88.05,4225200,883000
201708,120363,721104,1,0,N,ROUND LAKE PARK,42.37,-88.07,4222200,884200
201708,120363,721106,1,0,N,LISLE,41.8,-88.08,4148000,884800
201708,120363,721107,1,0.29,W,BRADLEY,41.1308,-87.8755,417848,8752530
201708,120363,721107,2,1.38,ENE,KANKAKEE,41.1308,-87.8278,417848,8749668
201708,120363,721107,3,1.46,N,HOSPITAL,41.1011,-87.8278,416066,8749668
201708,120363,721107,4,1.83,SE,WEST KANKAKEE,41.1011,-87.8755,416066,8752530
201708,120364,721109,1,0,N,VALPARAISO,41.47,-87.05,4128200,873000
201708,120365,721111,1,9.49,ESE,HARRISON-DEVER CRIB,41.89,-87.39,4153400,8723400
201708,120366,721114,1,5,S,PERU,41.2576,-89.13,4115456,897800
201708,120367,721116,1,1,S,REMINGTON,40.7555,-87.15,4045330,879000
201708,120368,721117,1,0.32,SSE,BURNS HARBOR,41.646,-87.147,4138760,878820
201708,120368,721118,1,3.45,WNW,MICHIGAN CITY,41.755,-86.968,4145300,8658080
201708,120368,721119,1,0,SW,MICHIGAN CITY,41.73,-86.91,4143800,8654600
201708,120369,721121,1,31.54,ENE,WILMETTE HARBOR,42.26,-87.12,4215600,877200
201708,120369,721122,1,3.77,NE,HARRISON-DEVER CRIB,41.96,-87.52,4157600,8731200
201708,120371,721123,1,0,N,MOKENA,41.53,-87.88,4131800,8752800
201708,120371,721124,1,0,N,LISLE,41.8,-88.08,4148000,884800
201708,120278,720675,2,4.45,ESE,AGUA CALIENTE SPGS,32.9193,-116.2325,3255158,11613950
201708,119960,718989,1,3.65,N,SAN JUAN,18.4325,-66.0438,1825950,662628
201708,120196,720202,1,4,S,SIOUX FALLS,43.4721,-96.73,4328326,9643800
201708,120197,720205,1,3,NE,ALLEN,42.4507,-96.7884,4227042,9647304
201708,118134,709926,1,4,NE,ROCKERVILLE,44.0009,-103.3031,4454,10318186
201708,118134,709987,1,4.41,NNW,FAIRBURN,43.75,-103.24,4345000,10314400
201708,118134,709990,1,7.67,E,SMITHWICK,43.32,-103.07,4319200,1034200
201708,118134,712429,1,11.46,NW,SLIM BUTTE,43.19,-103,4311400,10300
201708,118134,712466,1,4.72,NE,ROCKERVILLE,44.0135,-103.3008,44810,10318048
201708,118136,709949,1,0,N,(BOI)GOWEN FLD BOISE,43.57,-116.22,4334200,11613200
201708,118136,709949,2,1.74,SE,BARBER,43.5496,-116.0994,4332976,1165964
201708,118141,709967,1,2.16,NNE,BELL,29.78,-82.86,2946800,8251600
201708,118142,709974,1,0.21,S,FLAGLER BEACH,29.4769,-81.13,2928614,817800
201708,118142,709974,2,0.43,NNW,FLAGLER BEACH,29.4854,-81.1335,2929124,818010
201708,118142,709974,3,0.43,N,FLAGLER BEACH,29.4862,-81.1296,2929172,817776
201708,118142,709974,4,0.28,ESE,FLAGLER BEACH,29.4784,-81.1258,2928704,817548
201708,118142,709975,1,0.69,S,FLAGLER BEACH,29.47,-81.13,2928200,817800
201708,118143,709976,1,3.64,W,MAYPORT NAS,30.39,-81.48,3023400,8128800
201708,118144,709978,1,4.08,NW,FLAGLER BEACH,29.54,-81.05,2932400,813000
201708,118145,709983,1,0.91,NW,JACKSONVILLE BEACH,30.29,-81.39,3017400,8123400
201708,118146,709991,1,2.74,SE,KNABB,30.24,-82.15,3014400,829000
201708,118146,709991,2,2.39,SSE,KNABB,30.24,-82.16,3014400,829600
201708,118146,709991,3,2.07,SE,KNABB,30.2457,-82.1598,3014742,829588
201708,118146,709991,4,2.57,SE,KNABB,30.2451,-82.1481,3014706,828886
201708,118146,709993,1,2.26,SW,KNABB,30.25,-82.21,3015000,8212600
201708,118146,709994,1,2.26,SW,KNABB,30.25,-82.21,3015000,8212600
201708,118146,709995,1,0,N,MACCLENNY,30.28,-82.12,3016800,827200
201708,118146,709997,1,4.31,SSE,SANDERSON,30.19,-82.25,3011400,8215000
201708,118147,710001,1,1.47,SSW,ST ONGE,44.53,-103.73,4431800,10343800
201708,118148,710000,1,0.69,S,BELLEVIEW,29.06,-82.05,293600,823000
201708,118148,710003,1,2.42,E,DANKS CORNER,29.02,-82.08,291200,824800
201708,118148,710006,1,3.01,SSW,CENTER PARK,30.24,-81.52,3014400,8131200
201708,118148,710007,1,2.49,ENE,SUNBEAM,30.21,-81.54,3012600,8132400
201708,118151,710037,1,16.31,WNW,MILESVILLE,44.51,-101.99,4430600,10159400
201708,118151,710044,1,19.21,NNE,CREIGHTON,44.5,-102.04,4430000,1022400
201708,118151,710046,1,3,NE,PHILIP,44.0707,-101.6273,444242,10137638
201708,118151,710052,1,9.73,NNW,KADOKA,43.9758,-101.5617,4358548,10133702
201708,118151,712395,1,1.61,NE,KADOKA,43.8531,-101.4831,4351186,10128986
201708,118151,712396,1,6,N,NORRIS,43.5568,-101.2,4333408,10112000
201708,118151,712397,1,6,N,NORRIS,43.5568,-101.2,4333408,10112000
201708,118163,710135,1,0.9,SE,GERMANN,33.27,-111.66,3316200,11139600
201708,118163,710376,1,0.9,SW,TONOPAH,33.49,-112.94,3329400,11256400
201708,118163,710377,1,1.8,SE,PHOENIX TURF ARPT,33.61,-112.06,3336600,1123600
201708,118163,710378,1,2.87,E,PHOENIX DEER VLY ARP,33.68,-112.03,3340800,1121800
201708,118163,710380,1,2.7,NW,PHOENIX DEER VLY ARP,33.71,-112.11,3342600,1126600
201708,118163,710381,1,8.37,S,NEW RIVER,33.8,-112.11,3348000,1126600
201708,118163,710793,1,1.34,ENE,CLEARWATER HILLS,33.58,-112,3334800,11200
201708,118163,710796,1,6.9,W,PHOENIX DEER VLY ARP,33.68,-112.2,3340800,11212000
201708,118163,710797,1,1.73,E,KENDALL,33.45,-111.95,3327000,11157000
201708,118163,710803,1,0,N,BOYS RANCH,33.25,-111.62,3315000,11137200
201708,118163,710804,1,1.8,NE,CLEARWATER HILLS,33.59,-112,3335400,11200
201708,118163,710806,1,1.73,W,PAPAGO AAF ARPT,33.48,-111.98,3328800,11158800
201708,118163,711962,1,2.97,WNW,TREMAINE,33.38,-111.88,3322800,11152800
201708,118163,711986,1,1.35,ESE,BOYS RANCH,33.24,-111.6,3314400,11136000
201708,118163,711989,1,3.2,WSW,(PHX)SKY HARBOR ARPT,33.41,-112.07,3324600,1124200
201708,118163,711989,2,3.08,WSW,(PHX)SKY HARBOR ARPT,33.411,-112.0682,3324660,1124092
201708,118164,710136,1,17.36,S,GLADDEN,33.6525,-113.3514,3339150,11321084
201708,118164,710136,2,9.91,S,GLADDEN,33.7592,-113.3329,3345552,11319974
201708,118164,710136,3,12.04,SSE,GLADDEN,33.7416,-113.2127,3344496,11312762
201708,118164,710136,4,18.33,S,GLADDEN,33.6365,-113.2636,3338190,11315816
201708,118167,710137,1,0.69,S,EL PUEBLECITO,32.69,-114.63,3241400,11437800
201708,118168,710375,1,13.16,WNW,STANFIELD,32.9259,-112.1869,3255554,11211214
201708,118168,710375,2,6.47,NW,STANFIELD,32.9293,-112.0564,3255758,1123384
201708,118168,710375,3,4.94,WNW,LIRIM,33.0468,-112.0592,332808,1123552
201708,118168,710375,4,12.49,WNW,LIRIM,33.0571,-112.191,333426,11211460
201708,118182,710203,1,3.02,SW,LOWER TAMPA BAY,27.5847,-82.6792,2735082,8240752
201708,118182,710203,2,2.63,SSW,LOWER TAMPA BAY,27.5862,-82.6696,2735172,8240176
201708,118183,710214,1,3.96,WNW,LEHIGH ACRES,26.62,-81.69,2637200,8141400
201708,118214,710384,1,1.95,W,CLEARWATER EXEC ARPT,27.971,-82.782,2758260,8246920
201708,118214,710426,1,0,N,WAUCHULA,27.55,-81.81,2733000,8148600
201708,118215,711998,1,0.99,ESE,GUADALUPE,33.3633,-111.9548,3321798,11157288
201708,118215,711998,2,2.15,SE,KENDALL,33.4252,-111.9576,3325512,11157456
201708,118215,711998,3,3.09,ENE,TEMPE,33.4241,-111.8848,3325446,11153088
201708,118215,711998,4,2.87,ESE,HELENA,33.3593,-111.882,3321558,11152920
201708,118215,712220,1,1.03,WSW,(PHX)SKY HARBOR ARPT,33.4258,-112.0372,3325548,1122232
201708,118215,712220,2,3.11,NE,PHOENIX,33.5117,-112.0317,3330702,1121902
201708,118215,712220,3,2.27,NNW,SCOTTSDALE,33.5077,-111.9212,3330462,11155272
201708,118215,712220,4,2.04,SE,KENDALL,33.4263,-111.9589,3325578,11157534
201708,118215,712227,1,4.62,NW,PHOENIX DEER VLY ARP,33.7341,-112.1272,3344046,1127632
201708,118215,712227,2,8.37,S,NEW RIVER,33.7992,-112.1416,3347952,1128496
201708,118215,712227,3,8.04,N,PHOENIX DEER VLY ARP,33.7946,-112.1045,3347676,1126270
201708,118215,712227,4,4.37,NNW,PHOENIX DEER VLY ARP,33.7415,-112.0976,3344490,1125856
201708,118215,712259,1,1.38,ESE,CHANDLER HGTS,33.212,-111.6582,3312720,11139492
201708,118215,712259,2,2.4,E,CHANDLER HGTS,33.214,-111.6391,3312840,11138346
201708,118215,712259,3,1.6,SW,QUEEN CREEK,33.2315,-111.6467,3313890,11138802
201708,118215,712259,4,1.03,NE,CHANDLER HGTS,33.2284,-111.6652,3313704,11139912
201708,118215,712264,1,2.35,E,ARIZOLA,32.8491,-111.6795,3250946,11140770
201708,118215,712264,2,3.41,SW,ELEVEN MILE CORNER,32.852,-111.6184,3251120,11137104
201708,118215,712264,3,2.86,WNW,ELEVEN MILE CORNER,32.8906,-111.6177,3253436,11137062
201708,118215,712264,4,3.56,NE,ARIZOLA,32.8897,-111.6808,3253382,11140848
201708,118215,712281,1,1.43,SW,MOBILE,33.0369,-112.2892,332214,11217352
201708,118215,712281,2,2.95,E,MOBILE,33.0525,-112.2192,333150,11213152
201708,118215,712281,3,3.27,NE,MOBILE,33.0824,-112.2288,334944,11213728
201708,118215,712281,4,2.06,WNW,MOBILE,33.0642,-112.3012,333852,11218072
201708,118215,712286,1,1.72,W,WINTERSBURG,33.4224,-112.8996,3325344,11253976
201708,118215,712286,2,2.34,ESE,TONOPAH,33.4813,-112.8962,3328878,11253772
201708,118215,712286,3,2.25,WSW,TONOPAH,33.4911,-112.9676,3329466,11258056
201708,118215,712286,4,5.66,SW,TONOPAH,33.4424,-112.9999,3326544,11259994
201708,118216,710385,1,2.38,SSW,TACNA,32.67,-113.97,3240200,11358200
201708,118216,710749,1,1.35,WNW,TACNA,32.71,-113.97,3242600,11358200
201708,118216,710751,1,0.69,N,TACNA,32.71,-113.95,3242600,11357000
201708,118216,710753,1,4.7,W,WELLTON,32.66,-114.21,3239600,11412600
201708,118216,710755,1,5.56,S,QUARTZSITE,33.57,-114.23,3334200,11413800
201708,118217,710386,1,0.55,E,ERIE,37.57,-95.24,3734200,9514400
201708,118217,710387,1,0.55,E,ERIE,37.57,-95.24,3734200,9514400
201708,118217,710388,1,0.88,NE,DEARING,37.06,-95.71,373600,9542600
201708,118217,710389,1,1.06,SSE,DEARING,37.0366,-95.7105,372196,9542630
201708,118218,710391,1,3.58,NNE,CLEARWATER BEACH,28.028,-82.808,281680,8248480
201708,118218,710391,2,3.33,NE,CLEARWATER BEACH,28.017,-82.795,281020,8247700
201708,118219,710392,1,2.82,N,DOUGLASS,37.56,-97.01,3733600,97600
201708,118219,710393,1,1.64,E,DOUGLASS,37.52,-96.99,3731200,9659400
201708,119371,717607,1,0.59,NW,HAYMARKET,38.8261,-77.6377,3849566,7738262
201708,119371,717608,1,1.22,NW,BRISTOW,38.7326,-77.5459,3843956,7732754
201708,119371,717609,1,1.3,SSW,BUCKHALL,38.7132,-77.4407,3842792,7726442
201708,119371,717610,1,1.42,SE,LIMSTRONG,38.7051,-77.4519,3842306,7727114
201708,119371,717612,1,0.88,SW,BROAD RUN,38.8222,-77.733,3849332,7743980
201708,119371,717612,2,1.04,SE,BROAD RUN,38.8183,-77.7079,3849098,7742474
201708,119372,717615,1,1.03,NNW,FREDERICK,39.4344,-77.425,3926064,7725500
201708,119372,717617,1,1.95,ENE,KEMPTOWN,39.3424,-77.1972,3920544,7711832
201708,119372,717618,1,1.2,SSE,PINEY GROVE,39.6834,-78.3731,3941004,7822386
201708,119372,717620,1,0.51,W,LITTLE ORLEANS,39.6291,-78.3895,3937746,7823370
201708,119372,717621,1,1.11,NNE,BRADDOCK HGTS,39.4457,-77.4959,3926742,7729754
201708,119372,717622,1,0.6,NW,FREDERICK,39.4255,-77.4286,3925530,7725716
201708,119372,717623,1,1.55,S,FREDERICK,39.3976,-77.4221,3923856,7725326
201708,119372,717624,1,2.16,ENE,KEMPTOWN,39.3447,-77.1944,3920682,7711664
201708,119372,717626,1,0.67,SSW,LONG CORNER,39.3219,-77.1569,3919314,779414
201708,119372,717628,1,0.82,W,MULLINIX,39.3,-77.1653,3918000,779918
201708,119372,717630,1,0.55,SW,HOWARDVILLE,39.3753,-76.7383,3922518,7644298
201708,119372,717632,1,0.51,WNW,CABIN JOHN,38.973,-77.1786,3858380,7710716
201708,119372,717634,1,0.75,NE,RELAY,39.2388,-76.6919,3914328,7641514
201708,119372,717636,1,0.5,ENE,SEVERNA PARK,39.0722,-76.5412,394332,7632472
201708,119372,717637,1,0.33,N,NAYLOR,38.7247,-76.751,3843482,7645060
201708,119372,717639,1,1.51,E,REVELL,39.072,-76.502,394320,7630120
201708,119373,717659,1,1.35,SW,BROOKLAND,38.9159,-77.0173,3854954,771038
201708,119373,717660,1,1.41,NNW,ANACOSTIA,38.8876,-76.9831,3853256,7658986
201708,119374,717654,1,2.66,E,ROUND HILL,39.1335,-77.7705,398010,7746230
201708,119374,717655,1,1.61,W,LINCOLN,39.1179,-77.71,397074,7742600
201708,119374,717656,1,1.04,E,CHANTILLY,38.8999,-77.4107,3853994,7724642
201708,119374,717657,1,0.34,ESE,BELVEDERE,38.8473,-77.1747,3850838,7710482
201708,119374,717658,1,1.74,SW,ROSSLYN,38.8595,-77.0987,3851570,775922
201708,119375,717644,1,1.33,SSE,BERKELEY SPGS,39.6116,-78.2224,3936696,7813344
201708,119375,717645,1,1.35,SSW,JOHNSTOWN,39.561,-78.0356,3933660,782136
201708,119375,717646,1,1.04,WNW,BERKELEY SPGS,39.635,-78.2485,3938100,7814910
201708,119375,717647,1,1.14,E,GREAT CACAPON,39.6227,-78.2589,3937362,7815534
201708,119375,717648,1,1.66,WSW,RIDERSVILLE,39.6111,-78.209,3936666,7812540
201708,119375,717649,1,0.99,WSW,BERKELEY SPGS,39.6246,-78.2472,3937476,7814832
201708,119375,717650,1,1.33,SSE,BERKELEY SPGS,39.6116,-78.2224,3936696,7813344
201708,119375,717651,1,0.56,N,NEW HOPE,39.608,-78.168,3936480,7810080
201708,119375,717652,1,2.35,NNW,HOLTON,39.6291,-78.0929,3937746,785574
201708,119375,717653,1,2.07,SW,MANNINGS,39.2078,-77.806,3912468,7748360
201708,119377,718038,1,0.36,NNE,BEL AIR,39.5346,-76.3469,3932076,7620814
201708,119377,718039,1,2.58,E,CATONSVILLE MANOR,39.2928,-76.6726,3917568,7640356
201708,119377,718040,1,2.08,E,OELLA,39.2645,-76.7417,3915870,7644502
201708,119377,718041,1,0.35,SE,HALETHORPE,39.2459,-76.6962,3914754,7641772
201708,119377,718042,1,0.47,E,HALETHORPE,39.2494,-76.6913,3914964,7641478
201708,119377,718043,1,1.53,N,LAUREL GROVE,38.4421,-76.6806,3826526,7640836
201708,119377,718044,1,0.33,ESE,BROOMES IS,38.4181,-76.5444,3825086,7632664
201708,119377,718045,1,0.25,SW,CHAPTICO,38.3675,-76.7833,3822050,7646998
201708,119379,718046,1,3.54,NE,BEU VENUE,38.7572,-78.0348,3845432,782088
201708,119379,718047,1,1.31,N,BEU VENUE,38.7389,-78.0788,3844334,784728
201708,119379,718048,1,1.03,SSE,DUDIE,38.7172,-77.8701,3843032,7752206
201708,119379,718049,1,0.49,WNW,ALWINGTON,38.7036,-77.7878,3842216,7747268
201708,119379,718050,1,1.02,NNW,AMISSVILLE,38.6828,-78.0096,3840968,78576
201708,119380,718051,1,0.73,ESE,ELLERTON,39.5262,-77.5373,3931572,7732238
201708,119380,718052,1,1.24,SSE,YELLOW SPGS,39.4627,-77.4635,3927762,7727810
201708,119380,718053,1,0.38,W,WALKERSVILLE,39.4807,-77.3571,3928842,7721426
201708,119380,718054,1,0.75,SW,WALKERSVILLE,39.4725,-77.3601,3928350,7721606
201708,119380,718055,1,1.83,SE,GALLANT GREEN,38.5819,-76.7553,3834914,7645318
201708,119382,718056,1,0.49,ESE,JONES CORNERS,38.9465,-77.212,3856790,7712720
201708,119382,718057,1,2.82,NW,MORRISVILLE,38.5227,-77.7234,3831362,7743404
201708,119382,718058,1,1.53,WNW,MORRISVILLE,38.5068,-77.707,3830408,7742420
201708,119382,718059,1,0.53,SE,LIGNUM,38.4147,-77.8229,3824882,7749374
201708,119382,718060,1,4.22,W,BURR HILL,38.3601,-77.9468,3821606,7756808
201708,119383,718061,1,1.88,SSE,ESSEX,39.2962,-76.4629,3917772,7627774
201708,119383,718062,1,2.71,NNW,EDGEMERE,39.2662,-76.4694,3915972,7628164
201708,119383,718063,1,2.96,ENE,PISGAH,38.5447,-77.0786,3832682,774716
201708,119383,718064,1,1.27,NW,DENTSVILLE,38.4949,-76.9138,3829694,7654828
201708,119383,718065,1,2.16,NNE,WICOMICO,38.4491,-76.8652,3826946,7651912
201708,119383,718066,1,1.45,SW,BUDDS CREEK,38.3843,-76.8479,3823058,7650874
201708,119383,718067,1,0.96,NW,EDGEMONT,39.6895,-77.5632,3941370,7733792
201708,119383,718068,1,0.96,NW,EDGEMONT,39.6895,-77.5632,3941370,7733792
201708,119383,718069,1,0.78,WNW,LEWISTOWN,39.5358,-77.4325,3932148,7725950
201708,119383,718070,1,1.29,ENE,FOREST HILL,39.5872,-76.3576,3935232,7621456
201708,119383,718071,1,1.01,NNE,BEL AIR,39.543,-76.3415,3932580,7620490
201708,119383,718072,1,1.51,W,DUBLIN,39.6475,-76.2982,3938850,7617892
201708,119383,718073,1,0.76,SSW,GLENVILLE,39.5892,-76.2228,3935352,7613368
201708,119383,718074,1,0.53,ENE,BEL AIR,39.534,-76.3415,3932040,7620490
201708,119383,718075,1,0.29,ENE,GIBSON MANOR,39.6018,-76.325,3936108,7619500
201708,119407,716636,1,6.08,SE,TEXLINE,36.32,-102.94,3619200,10256400
201708,119407,716637,1,0,N,TEXLINE,36.38,-103.02,3622800,1031200
201708,119407,716638,1,5.25,ESE,WARE,36.14,-102.62,368400,10237200
201708,119407,716639,1,7.85,W,DALHART,36.06,-102.66,363600,10239600
201708,119407,716640,1,0.69,S,DALHART,36.06,-102.52,363600,10231200
201708,119407,716641,1,0.69,N,(DHT)DALHART MUNI AR,36.03,-102.55,361800,10233000
201708,119407,716642,1,0.69,N,(DHT)DALHART MUNI AR,36.03,-102.55,361800,10233000
201708,119407,716643,1,0.69,N,HARTLEY,35.89,-102.4,3553400,10224000
201708,119407,716645,1,1.12,W,BOYS RANCH,35.53,-102.27,3531800,10216200
201708,119407,716646,1,0.69,N,DUMAS,35.86,-101.97,3551600,10158200
201708,119407,716647,1,4.84,N,DUMAS,35.92,-101.97,3555200,10158200
201708,119407,716650,1,6.93,N,(AMA)AMARILLO INTL A,35.32,-101.71,3519200,10142600
201708,119407,716650,2,6.87,N,(AMA)AMARILLO INTL A,35.319,-101.709,3519140,10142540
201708,119407,716651,1,3.97,ENE,(AMA)AMARILLO INTL A,35.25,-101.66,3515000,10139600
201708,119407,716652,1,0,N,(AMA)AMARILLO INTL A,35.22,-101.72,3513200,10143200
201708,119407,716653,1,1.84,WNW,HEREFORD,34.83,-102.43,3449800,10225800
201708,119407,716667,1,2.63,WSW,DALHART,36.05,-102.56,363000,10233600
201708,119407,716667,2,3.23,SSW,DALHART,36.03,-102.55,361800,10233000
201708,119410,716668,1,0.69,N,(DHT)DALHART MUNI AR,36.03,-102.55,361800,10233000
201708,119410,716669,1,0.89,SE,VEGA,35.24,-102.42,3514400,10225200
201708,119427,716719,1,12,NE,BOZEMAN,45.8028,-110.854,4548168,11051240
201708,119428,716736,1,3,S,HELENA,46.5366,-112.03,4632196,1121800
201708,119434,716792,1,1.65,WNW,ELLISON,41.0401,-85.2786,412406,8516716
201708,119434,716792,2,1.25,WSW,MAPLES,40.9946,-84.993,4059676,8459580
201708,119434,716792,3,1.58,SE,CUBA,41.1644,-84.9078,419864,8454468
201708,119434,716792,4,0.68,ENE,HUNTERTOWN,41.2335,-85.1578,4114010,859468
201708,119434,716794,1,2.95,SSW,LAUD,41.01,-85.47,41600,8528200
201708,119434,717081,1,0,N,FT WAYNE,41.07,-85.13,414200,857800
201708,119451,716857,1,0.26,ENE,MOUNT PLEASANT,38.9311,-77.0454,3855866,772724
201708,119451,716859,1,1.72,S,WALTER REED,38.9552,-77.0268,3857312,771608
201708,119451,716861,1,0.96,NNE,BROOKLAND,38.9418,-76.9905,3856508,7659430
201708,119476,717020,1,0.33,ENE,BAY STATE,42.3323,-72.6644,4219938,7239864
201708,119476,717023,1,0.51,W,BAY STATE,42.33,-72.68,4219800,7240800
201708,119476,717024,1,1.3,NW,LEVERETT,42.464,-72.517,4227840,7231020
201708,119476,717025,1,0.55,NW,NORTH AGAWAM,42.1064,-72.6365,426384,7238190
201708,119479,717029,1,3.5,S,CRAFTON,33.3,-97.89,3318000,9753400
201708,119479,717031,1,2.07,N,ALEDO,32.73,-97.6,3243800,9736000
201708,119479,717033,1,1.35,WSW,BENNETT,32.71,-98.07,3242600,984200
201708,119479,717034,1,1.74,E,WEATHERFORD ARPT,32.75,-97.65,3245000,9739000
201708,119889,718662,4,1.71,WNW,KEARNEY,39.3826,-94.3976,3922956,9423856
201708,119889,718663,1,1.54,N,NASHUA,39.3221,-94.5837,3919326,9435022
201708,119889,718663,2,1.01,SSW,NASHUA,39.286,-94.5851,3917160,9435106
201708,119889,718663,3,2.97,WNW,LIBERTY MITCHELL ARP,39.2897,-94.5041,3917382,9430246
201708,119889,718663,4,4.22,NW,LIBERTY MITCHELL ARP,39.3226,-94.5065,3919356,9430390
201708,119889,718664,1,0.87,NE,RIVERSIDE,39.18,-94.61,3910800,9436600
201708,119889,718665,1,1.65,W,SOUTH LEE,38.8995,-94.4007,3853970,9424042
201708,119889,718666,1,1.61,W,POSTAL,38.9,-93.13,3854000,937800
201708,119889,718667,1,2.76,N,BELLAIR,38.87,-92.85,3852200,9251000
201708,119889,718669,1,4.24,NW,DODSON,39.02,-94.59,391200,9435400
201708,119898,718697,1,0,NW,HOOPESTON,40.47,-87.67,4028200,8740200
201708,119898,718698,1,2.07,W,DE WITT,40.1846,-88.8188,4011076,8849128
201708,119898,718699,1,0,N,MINIER,40.43,-89.32,4025800,8919200
201708,119899,718700,1,0,N,VERMONT,40.3,-90.43,4018000,9025800
201708,119900,718701,1,2.88,SSW,CHARLESTON,39.4439,-88.2072,3926634,8812432
201708,119903,718708,1,0.69,N,STRINGTOWN,41.04,-122.7,412400,12242000
201708,119903,718709,1,0,N,RUTH,40.28,-123.4,4016800,12324000
201708,119903,718710,1,2.2,WSW,BURNT RANCH,40.81,-123.51,4048600,12330600
201708,119951,718913,1,1.01,SE,COTTAGE HILL,30.6381,-88.1401,3038286,888406
201708,119951,718913,2,0.94,S,COTTAGE HILL,30.6365,-88.15,3038190,889000
201708,119951,718913,3,1.23,S,COTTAGE HILL,30.6325,-88.147,3037950,888820
201708,119951,718913,4,1.17,SSE,COTTAGE HILL,30.6359,-88.1392,3038154,888352
201708,119951,718914,1,2.82,S,(MOB)MOBILE BATES FL,30.6396,-88.2233,3038376,8813398
201708,119951,718914,2,2.81,S,(MOB)MOBILE BATES FL,30.6394,-88.226,3038364,8813560
201708,119951,718914,3,2.86,S,(MOB)MOBILE BATES FL,30.6388,-88.2254,3038328,8813524
201708,119951,718914,4,2.87,S,(MOB)MOBILE BATES FL,30.6388,-88.224,3038328,8813440
201708,119951,718915,1,2.82,ENE,DAWES,30.6157,-88.2062,3036942,8812372
201708,119951,718915,2,2.73,ENE,DAWES,30.6156,-88.2078,3036936,8812468
201708,119951,718915,3,2.71,ENE,DAWES,30.615,-88.208,3036900,8812480
201708,119951,718915,4,2.77,ENE,DAWES,30.6151,-88.2068,3036906,8812408
201708,119951,719439,1,6,S,LUVERNE,31.6332,-86.27,3137992,8616200
201708,119951,719439,2,3.24,NNW,BRANTLEY MUNI ARPT,31.64,-86.2588,3138400,8615528
201708,119951,719439,3,2.64,NW,BRANTLEY MUNI ARPT,31.6306,-86.2569,3137836,8615414
201708,119951,719439,4,3.02,NW,BRANTLEY MUNI ARPT,31.6298,-86.2677,3137788,8616062
201708,119956,718938,1,3.05,N,BOLTON,42.2741,-89.7316,4216446,8943896
201708,119956,718938,2,3.14,ESE,ELEROY,42.3122,-89.7134,4218732,8942804
201708,119956,718942,1,0.79,N,RODDEN,42.3414,-90.3187,4220484,9019122
201708,119956,718942,2,1.27,NNE,RODDEN,42.3474,-90.3118,4220844,9018708
201708,119956,718945,1,2.88,SW,SCIOTA MILLS,42.3222,-89.7119,4219332,8942714
201708,119956,718945,2,0.51,ESE,DAMASCUS,42.3666,-89.6911,4221996,8941466
201708,119962,718947,1,1.48,SSE,MEDIA,40.76,-90.82,4045600,9049200
201708,119962,718948,1,0,N,CAMERON,40.88,-90.52,4052800,9031200
201708,119962,718949,1,2.64,W,SUTTER,40.28,-91.38,4016800,9122800
201708,119963,719461,1,4.41,W,SUTCLIFFE,39.9462,-119.6832,3956772,11940992
201708,119963,719461,2,4.53,W,SUTCLIFFE,39.9373,-119.6839,3956238,11941034
201708,119963,719461,3,3.86,WSW,SUTCLIFFE,39.9325,-119.6693,3955950,11940158
201708,119963,719461,4,2.92,WSW,SUTCLIFFE,39.9333,-119.6506,3955998,11939036
201708,119963,719461,5,0.66,SSW,SUTCLIFFE,39.9408,-119.6037,3956448,11936222
201708,119963,719461,6,0.62,SE,SUTCLIFFE,39.9435,-119.592,3956610,11935520
201708,119963,719461,7,0.39,NNE,SUTCLIFFE,39.9556,-119.5984,3957336,11935904
201708,119963,719464,1,0.87,SE,GERLACH,40.64,-119.34,4038400,11920400
201708,119963,719464,2,0.8,SSE,GERLACH,40.64,-119.3423,4038400,11920538
201708,119963,719464,3,0.98,SSE,GERLACH,40.6374,-119.3415,4038244,11920490
201708,119963,719464,4,1.02,SE,GERLACH,40.6378,-119.339,4038268,11920340
201708,119963,720440,1,3.5,S,PARRAN,39.75,-118.78,3945000,11846800
201708,119964,718953,1,2.07,S,MACOMB,40.44,-90.67,4026400,9040200
201708,119965,718954,1,0,N,BUSHNELL,40.55,-90.5,4033000,9030000
201708,119965,718955,1,1.73,SW,ALEXIS,41.05,-90.57,413000,9034200
201708,119966,718956,1,0,N,WEVER,40.72,-91.23,4043200,9113800
201708,119966,718957,1,1.38,N,SPRING GROVE,40.75,-91.15,4045000,919000
201708,119968,718960,1,2.07,NW,MARION ARPT,42.05,-91.56,423000,9133600
201708,119971,718998,1,0,N,BULLFROG,37.5,-110.72,3730000,11043200
201708,119971,719014,1,1.29,SE,NOTOM,38.2177,-111.102,3813062,1116120
201708,119971,719014,2,5.21,WSW,NOTOM,38.1899,-111.2012,3811394,11112072
201708,119971,719014,3,2.86,SE,FRUITA,38.2458,-111.2201,3814748,11113206
201708,119971,719014,4,2.27,NNW,NOTOM,38.2587,-111.1404,3815522,1118424
201708,119971,719017,1,2.3,SSE,ZION LODGE,37.2194,-112.9333,3713164,11255998
201708,119971,719017,2,4.15,NNW,GRAFTON,37.2265,-113.1053,3713590,1136318
201708,119931,718762,1,0,N,YORK RIVER EAST REAR RANGE LIGHT WLON (YKRV2),37.25,-76.33,3715000,7619800
201708,120094,719570,1,0.54,E,SALISBURY,38.37,-75.59,3822200,7535400
201708,120094,719570,2,0.45,NNW,FRUITLAND,38.3261,-75.623,3819566,7537380
201708,120094,719570,3,5.73,SE,WILLARDS,38.3256,-75.2701,3819536,7516206
201708,120094,719570,4,5.69,ENE,WILLARDS,38.4214,-75.2591,3825284,7515546
201708,120094,719573,1,1.29,WSW,FRUITLAND,38.31,-75.64,3818600,7538400
201708,120094,719575,1,0,N,SALISBURY,38.37,-75.6,3822200,7536000
201708,120094,719575,2,0.17,NNE,FRUITLAND,38.3221,-75.6186,3819326,7537116
201708,120094,719575,3,0.78,ESE,POWELLVILLE,38.3269,-75.3662,3819614,7521972
201708,120094,719575,4,1.16,N,WILLARDS,38.3966,-75.3532,3823796,7521192
201708,120094,719590,1,0.29,SSE,WHALEYSVILLE,38.3961,-75.2982,3823766,7517892
201708,120094,719590,2,1.18,WSW,OCEAN PINES,38.3966,-75.1413,3823796,758478
201708,120094,719590,3,2.09,NW,(W30)OCEAN CITY MUNI,38.3439,-75.1437,3820634,758622
201708,120094,719590,4,2.21,N,LIBERTYTOWN,38.3519,-75.301,3821114,7518060
201708,120094,719593,1,2,SSW,PITTSVILLE,38.3733,-75.4341,3822398,7526046
201708,120094,719594,1,0,N,(SBY)WICOMICO CO ARP,38.33,-75.52,3819800,7531200
201708,120094,719595,1,1,SSW,HEBRON,38.4066,-75.6871,3824396,7541226
201708,120094,719603,1,0,N,OCEAN PINES,38.4,-75.12,3824000,757200
201708,120094,719604,1,4,SE,IRONSHIRE,38.2391,-75.1779,3814346,7510674
201708,120094,719605,1,0,N,OCEAN CITY ARPT,38.32,-75.12,3819200,757200
201708,120094,719606,1,3,E,BISHOPVILLE,38.43,-75.1246,3825800,757476
201708,120094,719607,1,3,WSW,BUCKTOWN,38.4534,-76.0812,3827204,764872
201708,120094,719608,1,3,E,CAMBRIDGE,38.57,-76.0245,3834200,761470
201708,120094,719609,1,2,SE,LINKWOOD,38.5095,-75.9238,3830570,7555428
201708,120105,719968,1,3,ENE,WINDSOR,36.0166,-76.9004,36996,7654024
201708,120105,719969,1,0,N,WINDSOR,36,-76.95,3600,7657000
201708,120105,719970,1,3.34,W,MEEGE XRDS,36.2232,-76.7094,3613392,7642564
201708,120105,719971,1,0,N,AHOSKIE,36.28,-76.98,3616800,7658800
201708,120105,719972,1,0,N,ELIZABETH CITY,36.3,-76.23,3618000,7613800
201708,120105,719973,1,1,SW,BURGESS,36.1198,-76.4127,367188,7624762
201708,120164,719974,1,3,E,GREAT BRIDGE,36.72,-76.1758,3643200,7610548
201708,120164,719975,1,1,NNW,SIGMA,36.7434,-75.9869,3644604,7559214
201708,120164,719976,1,0,N,LYNNHAVEN,36.83,-76.07,3649800,764200
201708,120164,719977,1,1,NNE,PRINCESS ANNE,36.7634,-76.0431,3645804,762586
201708,120179,720121,1,0,N,RAPPAHANNOCK LIGHT STATION (RPLV2),37.54,-76.02,3732400,761200
201708,120179,720122,1,0,N,SILVER BEACH,37.49,-75.98,3729400,7558800
201708,120184,720137,1,0.88,SE,WARSAW,37.96,-76.76,3757600,7645600
201708,120184,720138,1,1.76,SW,PAGE,38.05,-77.44,383000,7726400
201708,120184,720139,1,0.88,NW,ANTIOCH FORK,38.03,-77.34,381800,7720400
201708,120184,720140,1,0.69,S,SPARTA,37.99,-77.23,3759400,7713800
201708,120184,720142,1,1.63,W,HAYNESVILLE,37.95,-76.7,3757000,7642000
201708,120184,720143,1,2.82,N,SWEET HALL,37.61,-76.91,3736600,7654600
201708,120184,720144,1,0,N,NEW KENT,37.52,-76.98,3731200,7658800
201708,120184,720145,1,0.88,SE,LEWISTOWN,37.71,-77.44,3742600,7726400
201708,120229,720327,1,0,N,CHESAPEAKE BAY BRIDGE TUNNEL STATION (CBBV2),36.97,-76.11,3658200,766600
201708,120229,720328,1,0,N,CHESAPEAKE BAY BRIDGE TUNNEL 3RD ISLAND,37.04,-76.08,372400,764800
201708,120229,720329,1,2.15,SSW,CAPE HENRY STATION (CHYV2),36.91,-76.08,3654600,764800
201708,120229,720330,1,0,N,TANGIER,37.82,-75.98,3749200,7558800
201708,120229,720331,1,0,N,RAPPAHANNOCK LIGHT STATION (RPLV2),37.54,-76.02,3732400,761200
201708,120229,720333,1,0,N,CAPE HENRY,36.92,-76,3655200,7600
201708,120230,720334,1,0,N,OCEAN CITY INLET STATION (OCIM2),38.33,-75.03,3819800,751800
201708,120231,720335,1,1.77,NW,BUTTERWORTH,37.07,-77.64,374200,7738400
201708,120231,720337,1,2.65,SE,BALTIMORE CORNER,37.07,-77.7,374200,7742000
201708,120231,720338,1,1.3,ESE,DINWIDDIE,37.07,-77.58,374200,7734800
201708,120231,720339,1,2.32,WSW,WHITLEYS XRDS,36.86,-76.81,3651600,7648600
201708,120232,720526,1,0,N,TASLEY,37.7,-75.72,3742000,7543200
201708,118219,710395,1,2.3,ENE,ROCK,37.46,-96.96,3727600,9657600
201708,118219,710397,1,5.53,E,ROCK,37.44,-96.9,3726400,9654000
201708,118219,710398,1,2.74,E,DOUGLASS,37.52,-96.97,3731200,9658200
201708,118219,710401,1,0.63,ESE,(HUT)HUTCHINSON MUNI,38.067,-97.859,384020,9751540
201708,118219,710403,1,0.55,E,KINGMAN,37.65,-98.11,3739000,986600
201708,118219,710404,1,0.55,E,KINGMAN,37.65,-98.11,3739000,986600
201708,118219,710406,1,1.78,WSW,KINGMAN MUNI ARPT,37.66,-98.15,3739600,989000
201708,118219,710409,1,0.55,E,KINGMAN,37.65,-98.11,3739000,986600
201708,118219,710419,1,0.46,SE,KINGMAN,37.6461,-98.1132,3738766,986792
201708,118219,710419,2,0.45,ESE,KINGMAN,37.6464,-98.1132,3738784,986792
201708,118219,710420,1,6.38,WSW,ATLANTA,37.4,-96.88,3724000,9652800
201708,118219,710422,1,0.55,E,MT HOPE,37.87,-97.66,3752200,9739600
201708,118219,710424,1,0,N,ROSE HILL,37.57,-97.13,3734200,977800
201708,118219,710431,1,5.87,WSW,ATLANTA,37.4,-96.87,3724000,9652200
201708,118219,710434,1,3.54,NW,ARKANSAS CITY,37.11,-97.09,376600,975400
201708,118219,710437,1,0.55,E,ARKANSAS CITY,37.07,-97.04,374200,972400
201708,118219,710443,1,2.31,WNW,SILVERDALE,37.04,-96.94,372400,9656400
201708,118219,710448,1,1.69,WSW,ARKANSAS CITY,37.0566,-97.0757,373396,974542
201708,118221,710402,1,26.52,WSW,SARASOTA BEACH,27.173,-82.924,2710380,8255440
201708,118224,710466,1,3.04,ESE,EADS,38.46,-102.73,3827600,10243800
201708,118225,710467,1,2.58,WNW,LA JUNTA,38,-103.58,3800,10334800
201708,118226,710469,1,4.74,SE,PENROSE,38.37,-104.96,3822200,10457600
201708,118226,710471,1,3.03,WNW,FT CARSON,38.75,-104.83,3845000,10449800
201708,118227,710472,1,2.16,W,FT CARSON,38.73,-104.82,3843800,10449200
201708,118227,710473,1,2.34,SSW,COLORADO SPGS,38.8,-104.84,3848000,10450400
201708,118227,710480,1,0,N,WILEY,38.15,-102.72,389000,10243200
201708,118232,710499,1,10.42,W,LONGBOAT KEY,27.448,-82.737,2726880,8244220
201708,118232,710499,2,12.45,W,LONGBOAT KEY,27.438,-82.772,2726280,8246320
201708,118234,710511,1,3.97,WSW,CEDAR KEY,29.103,-83.088,296180,835280
201708,118234,710511,2,5.58,WSW,CEDAR KEY,29.088,-83.109,295280,836540
201708,118235,710520,1,0.51,E,ALTAMONT,42.2,-121.72,4212000,12143200
201708,118235,710524,1,2.07,NW,RUCH,42.25,-123.06,4215000,1233600
201708,118236,710616,1,3.57,SE,LONGBEACH,27.3889,-82.6447,2723334,8238682
201708,118236,710616,2,1.16,ENE,VERNA,27.3877,-82.2533,2723262,8215198
201708,118236,710616,3,4.44,SE,MYAKKA RIVER STATE PARK,27.1948,-82.2588,2711688,8215528
201708,118236,710616,4,1.4,WNW,EDGEVILLE,27.3268,-82.1214,2719608,827284
201708,118236,710616,5,0.38,ESE,MYAKKA HEAD,27.467,-82.0747,2728020,824482
201708,118236,710616,6,0.73,NE,PORT MANATEE PORTS SITE,27.6473,-82.5513,2738838,8233078
201708,118236,710616,7,0.5,WSW,ANNA MARIA COMPS SITE,27.5376,-82.7477,2732256,8244862
201708,118236,710655,1,2.44,NW,LONGBOAT KEY,27.3889,-82.6429,2723334,8238574
201708,118236,710655,2,5.48,NNE,HIDDEN RIVER,27.3873,-82.2505,2723238,8215030
201708,118236,710655,3,4.59,ESE,MANASOTA,26.9454,-82.2564,2656724,8215384
201708,118236,710655,4,1.55,NW,MANASOTA KEY,26.9466,-82.3769,2656796,8222614
201708,118236,715327,1,1.51,SSE,FT BOCA GRANDE,26.7,-82.26,2642000,8215600
201708,118236,715327,2,7.84,NNW,CAPE CORAL,26.75,-82.03,2645000,821800
201708,118236,715327,3,3.92,NNE,BAYSHORE,26.77,-81.79,2646200,8147400
201708,118236,715327,4,4.64,SE,SANIBEL,26.39,-82.06,2623400,823600
201708,118236,715327,5,2.78,SW,CAPTIVA,26.5,-82.22,2630000,8213200
201708,118236,715336,1,1.8,W,FT MYERS BEACH,26.4536,-81.9789,2627216,8158734
201708,118236,715336,2,6.94,SE,LEHIGH ACRES,26.5186,-81.5643,2631116,8133858
201708,118236,715336,3,12.95,SSE,LEHIGH ACRES,26.4221,-81.5643,2625326,8133858
201708,118236,715336,4,9.19,NE,BONITA SPGS,26.419,-81.6597,2625140,8139582
201708,118236,715336,5,6.97,E,BONITA SPGS,26.3177,-81.6582,2619062,8139492
201708,118236,715336,6,1.42,S,BONITA BEACH,26.3298,-81.8458,2619788,8150748
201708,118236,717103,1,0.32,SW,SAMOSET,27.4769,-82.554,2728614,8233240
201708,118236,717103,2,0.37,S,SAMOSET,27.4747,-82.5494,2728482,8232964
201708,118236,717104,1,4.09,ESE,SUNSHINE SKYWAY PORTS SITE,27.6458,-82.5551,2738748,8233306
201708,118236,717104,2,2.01,WNW,EAST TAMPA,27.8853,-82.4079,2753118,8224474
201708,118236,717104,3,1.62,SE,EDISON,27.8506,-82.0552,2751036,823312
201708,118236,717104,4,6.9,ESE,FORT LONESOME,27.6466,-82.0548,2738796,823288
201708,118236,717105,1,0.62,NNE,BRADENTON,27.4981,-82.5756,2729886,8234536
201708,118236,717105,2,0.69,NE,BRADENTON,27.4979,-82.5732,2729874,8234392
201708,118240,710569,1,0.54,W,HOISINGTON,38.52,-98.78,3831200,9846800
201708,118240,710570,1,0.54,W,HOISINGTON,38.52,-98.78,3831200,9846800
201708,118240,710573,1,0.54,E,HOISINGTON,38.52,-98.76,3831200,9845600
201708,118240,710574,1,0.54,E,ALBERT,38.45,-99.01,3827000,99600
201708,118240,710575,1,4.15,N,ANTHONY,37.21,-98.03,3712600,981800
201708,118311,710947,1,2.07,S,BRODHEAD,41.92,-74.27,4155200,7416200
201708,118311,710950,1,1.72,SE,ST REMY,41.86,-74,4151600,7400
201708,118311,710958,1,2.48,SE,ST REMY,41.86,-73.98,4151600,7358800
201708,118311,710959,1,2.08,SE,PLATTEKILL,41.6,-74.05,4136000,743000
201708,118314,710957,1,0,N,(BOI)GOWEN FLD BOISE,43.57,-116.22,4334200,11613200
201708,118314,710957,2,3.35,SSE,BARBER,43.5267,-116.0898,4331602,1165388
201708,118314,710961,1,0,N,NEW PLYMOUTH,43.97,-116.82,4358200,11649200
201708,118314,710961,2,1.57,NE,NEW PLYMOUTH,43.985,-116.7963,4359100,11647778
201708,118315,710970,1,1.38,N,CORNWALL,41.85,-73.33,4151000,7319800
201708,118315,710970,2,1.3,N,CORNWALL,41.8488,-73.3304,4150928,7319824
201708,118315,710970,3,1.3,N,CORNWALL,41.8487,-73.3274,4150922,7319644
201708,118315,710970,4,1.39,N,CORNWALL,41.85,-73.3275,4151000,7319650
201708,118315,710971,1,0.52,E,KENT,41.72,-73.47,4143200,7328200
201708,118315,710971,2,0.8,SSE,KENT,41.71,-73.4723,4142600,7328338
201708,118315,710971,3,0.61,SSE,KENT,41.7116,-73.4764,4142696,7328584
201708,118315,710971,4,0.41,SE,KENT,41.7164,-73.4738,4142984,7328428
201708,118315,710971,5,0.29,ENE,KENT,41.7209,-73.4745,4143254,7328470
201708,118315,710971,6,0.31,NE,KENT,41.7236,-73.4763,4143416,7328578
201708,118315,710971,7,0.44,NE,KENT,41.7241,-73.4735,4143446,7328410
201708,118315,710972,1,1.24,NE,MERWINVILLE,41.66,-73.46,4139600,7327600
201708,118315,710973,1,0,N,GOSHEN,41.83,-73.23,4149800,7313800
201708,118315,710974,1,0,N,BRIDGE WATER,41.53,-73.37,4131800,7322200
201708,118315,710976,1,0.86,NW,WINSTED,41.93,-73.08,4155800,734800
201708,118315,710977,1,0.51,E,WINSTED,41.92,-73.06,4155200,733600
201708,118315,710979,1,0.86,NW,SOUTH KENT,41.69,-73.48,4141400,7328800
201708,118315,710980,1,0.52,E,KENT,41.72,-73.47,4143200,7328200
201708,118315,710981,1,0.86,SE,WEST TORRINGTON,41.81,-73.14,4148600,738400
201708,118324,711018,1,0.52,W,BUCKTAIL,41.57,-101.44,4134200,10126400
201708,118324,711019,1,18.69,WSW,TRYON,41.44,-101.3,4126400,10118000
201708,118324,711020,1,52.72,S,IRWIN,42.13,-101.76,427800,10145600
201708,118324,711021,1,3.79,NW,SARBEN,41.21,-101.37,4112600,10122200
201708,118324,711022,1,1.25,ESE,SARBEN,41.16,-101.3,419600,10118000
201708,118324,711023,1,1.25,ESE,SARBEN,41.16,-101.3,419600,10118000
201708,118324,711024,1,1.25,ESE,SARBEN,41.16,-101.3,419600,10118000
201708,118324,711025,1,1.25,ESE,SARBEN,41.16,-101.3,419600,10118000
201708,118324,711026,1,0.86,NW,LENA,41.71,-101.51,4142600,10130600
201708,118324,711027,1,5.55,N,WALLACE,40.91,-101.16,4054600,1019600
201708,118324,711028,1,6.24,N,WALLACE,40.92,-101.16,4055200,1019600
201708,118324,711029,1,3.31,SW,LENA,41.67,-101.55,4140200,10133000
201708,118324,711030,1,4.65,W,BUCKTAIL,41.57,-101.52,4134200,10131200
201708,118324,711031,1,0.87,NE,WALLACE,40.84,-101.16,4050400,1019600
201708,118324,711032,1,4.86,S,WALLACE,40.76,-101.16,4045600,1019600
201708,118324,711034,1,0.53,W,IMPERIAL,40.52,-101.64,4031200,10138400
201708,118324,711035,1,2.14,NNW,IMPERIAL,40.55,-101.64,4033000,10138400
201708,118324,711036,1,0.53,W,IMPERIAL,40.52,-101.64,4031200,10138400
201708,118325,711038,1,4.19,SSE,KURTH LAKE,31.3992,-94.6413,3123952,9438478
201708,118330,711050,1,2.82,SW,ZAVALLA,31.1188,-94.4607,317128,9427642
201708,118330,711050,2,2.55,NNW,DOLAN,31.114,-94.4468,316840,9426808
201708,118330,711050,3,2.45,SSW,ZAVALLA,31.1169,-94.4448,317014,9426688
201708,118330,711050,4,2.59,SW,ZAVALLA,31.1204,-94.457,317224,9427420
201708,118330,711054,1,1.64,S,BURKE,31.2063,-94.7819,3112378,9446914
201708,118330,711054,2,1.84,S,BURKE,31.2035,-94.7809,3112210,9446854
201708,118330,711054,3,1.8,S,BURKE,31.204,-94.7791,3112240,9446746
201708,118330,711054,4,1.64,S,BURKE,31.2063,-94.7808,3112378,9446848
201708,119479,717035,1,2.15,SSE,WEATHERFORD,32.74,-97.79,3244400,9747400
201708,119479,717038,1,0.9,SW,CLEBURNE,32.34,-97.41,3220400,9724600
201708,119479,717230,1,0,N,GODLEY,32.45,-97.53,3227000,9731800
201708,119479,717231,1,0,N,AZLE,32.9,-97.53,3254000,9731800
201708,119479,717234,1,0,N,ALEDO,32.7,-97.6,3242000,9736000
201708,119479,719344,1,2.42,SSE,ALLEN,33.0676,-96.664,334056,9639840
201708,119505,717157,1,4.98,ESE,LA SAL JCT,38.2905,-109.2963,3817430,10917778
201708,119505,717157,2,5.89,ESE,LA SAL JCT,38.2885,-109.2792,3817310,10916752
201708,119505,717157,3,5.96,ESE,LA SAL JCT,38.2859,-109.279,3817154,10916740
201708,119505,717157,4,5.01,ESE,LA SAL JCT,38.2894,-109.2962,3817364,10917772
201708,119527,717281,1,1.51,SSW,CASTALIA,36.0598,-78.0804,363588,784824
201708,119527,717282,1,1.49,SSW,LASSITER,35.9,-78.44,3554000,7826400
201708,119527,717282,2,0.18,W,ZEBULON ARPT,35.8703,-78.3531,3552218,7821186
201708,119527,717284,1,0.69,S,SMITHFIELD,35.49,-78.35,3529400,7821000
201708,119527,717285,1,0.48,E,SMITHFIELD,35.5007,-78.3415,3530042,7820490
201708,119527,717286,1,0,N,SMITHFIELD,35.5,-78.35,3530000,7821000
201708,119527,717286,2,0.09,NE,SMITHFIELD,35.5009,-78.3488,3530054,7820928
201708,119527,717287,1,0.89,NE,SMITHFIELD,35.51,-78.34,3530600,7820400
201708,119527,717288,1,2.99,N,INGOLD,34.8631,-78.3463,3451786,7820778
201708,119555,717397,1,10.62,NE,EVA,36.92,-101.78,3655200,10146800
201708,119555,717398,1,1.49,NNE,GUYMON,36.7,-101.47,3642000,10128200
201708,119555,717399,1,1.38,N,GUYMON,36.7,-101.48,3642000,10128800
201708,119555,717400,1,1.38,N,GUYMON,36.7,-101.48,3642000,10128800
201708,119555,717401,1,2.98,SSE,BOISE CITY,36.69,-102.5,3641400,10230000
201708,119556,717411,1,20.92,E,LAUTZ,36.17,-101.66,3610200,10139600
201708,119556,717412,1,6.59,NW,PRINGLE,36.02,-101.53,361200,10131800
201708,119556,717413,1,0.89,NW,LAKE TANGLEWOOD,35.07,-101.79,354200,10147400
201708,119556,717414,1,13.06,SE,FARNSWORTH,36.15,-100.8,369000,10048000
201708,119556,717415,1,13.06,SE,FARNSWORTH,36.15,-100.8,369000,10048000
201708,119556,717416,1,5.76,ENE,CANADIAN,35.92,-100.28,3555200,10016800
201708,119564,717434,1,10.62,NE,EVA,36.92,-101.78,3655200,10146800
201708,119564,717440,1,0.89,NW,TEXHOMA,36.51,-101.79,3630600,10147400
201708,119565,717435,1,4.52,E,DALHART,36.06,-102.44,363600,10226400
201708,119565,717436,1,0.69,N,(DHT)DALHART MUNI AR,36.03,-102.55,361800,10233000
201708,119565,717438,1,9.64,SW,DUMAS MUNI ARPT,35.75,-102.14,3545000,1028400
201708,119565,717439,1,1.12,W,BOYS RANCH,35.53,-102.27,3531800,10216200
201708,119566,717437,1,3.73,NE,CALEDONIA,43.67,-91.45,4340200,9127000
201708,119575,718923,1,2.34,W,DAISY,32.15,-81.87,329000,8152200
201708,119576,718926,1,0.9,SE,ISLE OF PALMS,32.78,-79.78,3246800,7946800
201708,119577,718927,1,2.15,SSE,PHILIP,32.85,-79.79,3251000,7947400
201708,119578,718929,1,9,SSW,FRIPP ISLAND,32.2,-80.54,3212000,8032400
201708,119578,718931,1,5.53,S,HILTON HEAD SOUND,32.11,-80.74,326600,8044400
201708,119581,717480,1,0,N,NAYLOR,30.9,-83.07,3054000,834200
201708,119581,717481,1,0,N,(VAD)MOODY AFB,30.97,-83.18,3058200,8310800
201708,119581,717482,1,0.91,NW,TWIN LAKES,30.7,-83.21,3042000,8312600
201708,119581,717483,1,2.73,SE,LAKE PARK,30.65,-83.15,3039000,839000
201708,119582,717492,1,0,N,MONTICELLO,30.54,-83.87,3032400,8352200
201708,119582,717492,2,0,N,WACISSA,30.35,-83.99,3021000,8359400
201708,119582,717493,1,0.31,ENE,MONTICELLO,30.5414,-83.8651,3032484,8351906
201708,119583,717484,1,0,N,BAINBRIDGE,30.9,-84.57,3054000,8434200
201708,119583,717484,2,3.18,ENE,CLIMAX,30.8798,-84.3776,3052788,8422656
201708,119583,717485,1,1.64,W,BOYDVILLE,30.8798,-84.3776,3052788,8422656
201708,119583,717485,2,0,N,PINE PARK,30.85,-84.1,3051000,846000
201708,119583,717486,1,0,N,SASSER,31.71,-84.34,3142600,8420400
201708,119583,717487,1,0,N,PHILEMA,31.75,-84.01,3145000,84600
201708,119583,717488,1,1.88,NNE,WESTWOOD,31.7559,-83.2803,3145354,8316818
201708,119583,717489,1,0,N,THOMASVILLE,30.83,-83.98,3049800,8358800
201708,119583,717490,1,0,N,EASON,30.81,-83.84,3048600,8350400
201708,119583,717491,1,0.73,NE,QUITMAN,30.7861,-83.5499,3047166,8332994
201708,119584,717494,1,0,N,MOUNT PLEASANT,30.65,-84.69,3039000,8441400
201708,119584,717496,1,0.69,N,ARGYLE,30.72,-86.04,3043200,862400
201708,119584,717497,1,0,N,ALFORD,30.69,-85.39,3041400,8523400
201708,119584,717498,1,1.12,NNW,FALLSCHASE,30.4652,-84.2063,3027912,8412378
201708,119584,717499,1,0,N,MONTICELLO,30.54,-83.87,3032400,8352200
201708,119585,717478,1,9.1,SE,PANAMA CITY BEACH,30.1341,-85.7154,308046,8542924
201708,119585,717479,1,2.82,SSW,EASTPOINT,29.7134,-84.8909,2942804,8453454
201708,119598,717513,1,4.05,SW,LAKE CITY,44.41,-92.33,4424600,9219800
201708,119600,717520,1,0.69,N,DORCHESTER,45.01,-90.33,45600,9019800
201708,119602,717523,1,0,N,FENNIMORE,42.98,-90.65,4258800,9039000
201708,119605,717531,1,0.33,SSE,KAMIAH,46.2255,-116.0276,4613530,1161656
201708,119605,720130,1,13.34,S,WANA,46.03,-116.9,461800,11654000
201708,119605,720134,1,3.19,ENE,NEZPERCE,46.2518,-116.1712,4615108,11610272
201708,119605,720136,1,0.33,SSE,KAMIAH,46.2255,-116.0276,4613530,1161656
201708,119609,717537,1,0.9,SE,TENNESSEE,33.62,-91.86,3337200,9151600
201708,119609,717538,1,0,N,COLLINS,33.53,-91.57,3331800,9134200
201708,119609,717538,2,0.36,NNE,COLLINS,33.5345,-91.5668,3332070,9134008
201708,119609,717538,3,0.48,E,COLLINS,33.5303,-91.5617,3331818,9133702
201708,119609,717538,4,0.19,ESE,COLLINS,33.529,-91.567,3331740,9134020
201708,119611,717541,1,1.32,ENE,DAMASCUS,35.39,-92.4,3523400,9224000
201708,119611,717545,1,1.49,SSE,SKUNK HOLLOW,35.03,-92.37,351800,9222200
201708,119611,717545,2,0.41,ESE,SKUNK HOLLOW,35.0486,-92.3731,352916,9222386
201708,119611,717545,3,0.93,SW,SKUNK HOLLOW,35.0421,-92.3933,352526,9223598
201708,119611,717545,4,1.75,S,SKUNK HOLLOW,35.0248,-92.3828,351488,9222968
201708,119611,717547,1,0,N,ENOLA,35.2,-92.2,3512000,9212000
201708,119611,717547,2,0.68,E,ENOLA,35.2002,-92.188,3512012,9211280
201708,119611,717547,3,0.81,SSE,ENOLA,35.1895,-92.1935,3511370,9211610
201708,119611,717547,4,0.81,SW,ENOLA,35.1926,-92.2112,3511556,9212672
201708,119611,717565,1,0.69,S,CLARKSVILLE,35.46,-93.47,3527600,9328200
201708,119971,719017,3,1.91,SE,GRAFTON,37.15,-113.0562,379000,1133372
201708,119971,719017,4,1.26,SSE,SPRINGDALE,37.1648,-112.9875,379888,11259250
201708,119971,719018,1,1.87,NNE,GLEN CANYON,37.1053,-111.6582,376318,11139492
201708,119971,719018,2,1.39,NW,GLEN CANYON,37.096,-111.6853,375760,11141118
201708,119971,719018,3,5.88,ENE,ADAIRVILLE,37.1418,-111.8168,378508,11149008
201708,119971,719018,4,8.17,NW,GLEN CANYON,37.1637,-111.7749,379822,11146494
201708,119971,719019,1,9.42,SE,ADAIRVILLE,37.0071,-111.8243,37426,11149458
201708,119971,719019,2,7.8,S,ADAIRVILLE,37.0082,-111.9013,37492,11154078
201708,119971,719019,3,4.01,NNW,PARIA,37.3069,-111.9644,3718414,11157864
201708,119971,719019,4,6.89,NE,PARIA,37.3091,-111.8491,3718546,11150946
201708,119971,720698,1,2.02,ENE,PAROWAN ARPT,37.8822,-112.7863,3752932,11247178
201708,119971,720698,2,7.27,E,PAROWAN ARPT,37.8543,-112.6881,3751258,11241286
201708,119971,720698,3,10.92,SE,SUMMIT,37.7,-112.84,3742000,11250400
201708,119971,720698,4,6.5,SE,SUMMIT,37.7474,-112.8941,3744844,11253646
201708,119971,720698,5,0.42,SE,PAROWAN ARPT,37.8657,-112.8145,3751942,11248870
201708,119971,720705,1,11.64,WNW,NATCH,37.7278,-112.6188,3743668,11237128
201708,119971,720705,2,10.06,WSW,PANGUITCH,37.7489,-112.5908,3744934,11235448
201708,119971,720705,3,9.74,WSW,PANGUITCH,37.7444,-112.5805,3744664,11234830
201708,119971,720705,4,10.94,WNW,NATCH,37.7251,-112.6061,3743506,11236366
201708,119971,720708,1,5.31,SSE,PAROWAN ARPT,37.8,-112.78,3748000,11246800
201708,119971,720708,2,8.92,S,PAROWAN ARPT,37.7415,-112.8049,3744490,11248294
201708,119971,720708,3,1.96,ESE,SUMMIT,37.8071,-112.9381,3748426,11256286
201708,119971,720708,4,3.74,E,SUMMIT,37.8269,-112.902,3749614,11254120
201708,119971,720708,5,1.87,SSW,PAROWAN,37.8434,-112.8567,3750604,11251402
201708,119972,718994,1,12.19,SSW,NEWHOUSE,38.31,-113.39,3818600,11323400
201708,119972,718995,1,16.68,SSE,GOLD HILL,39.95,-113.7,3957000,11342000
201708,119972,718997,1,20.18,SE,GOLD HILL,39.98,-113.54,3958800,11332400
201708,119973,718999,1,0.69,N,MIDVALE,40.61,-111.9,4036600,11154000
201708,119973,719000,1,1.06,E,PRICE,39.6,-110.8,3936000,11048000
201708,119973,720462,1,0.51,ESE,MIDDLETON,37.1168,-113.5417,377008,11332502
201708,119974,719003,1,0,N,HERRIMAN,40.52,-112.03,4031200,1121800
201708,119974,719020,1,3.62,SSW,PAROWAN,37.82,-112.87,3749200,11252200
201708,119974,719020,2,2.84,SE,SUMMIT,37.7892,-112.9357,3747352,11256142
201708,119974,719020,3,1.77,SE,SUMMIT,37.8027,-112.946,3748162,11256760
201708,119974,719020,4,3.14,E,SUMMIT,37.8223,-112.9125,3749338,11254750
201708,119974,719020,5,2.76,SSW,PAROWAN,37.8364,-112.8773,3750184,11252638
201708,119975,718992,1,0.69,N,MURDO MUNI ARPT,43.86,-100.72,4351600,10043200
201708,119975,718993,1,2.11,ESE,MURDO MUNI ARPT,43.84,-100.68,4350400,10040800
201708,119979,719012,1,3.68,W,HILLSDALE,41.61,-90.24,4136600,9014400
201708,119985,719028,1,0.69,N,CANTERBURY,43.34,-71.57,4320400,7134200
201708,119985,719029,1,0.85,NE,EFFINGHAM FALLS,43.81,-71.04,4348600,712400
201708,119985,719030,1,0.5,W,EAST MADISON,43.87,-71.09,4352200,715400
201708,119985,719031,1,0.69,N,EATON CENTER,43.91,-71.08,4354600,714800
201708,119985,719032,1,0.69,N,CANTERBURY,43.34,-71.57,4320400,7134200
201708,119985,719033,1,0.69,S,EFFINGHAM,43.76,-71,4345600,7100
201708,119986,719034,1,0.85,SE,TAMWORTH,43.86,-71.26,4351600,7115600
201708,119987,719036,1,0,N,MARLOW,43.12,-72.2,437200,7212000
201708,120002,719104,1,0.35,WSW,PRATTVILLE JCT,32.4677,-86.3554,3228062,8621324
201708,120002,719104,2,1.56,WSW,COBBS FORD,32.5218,-86.345,3231308,8620700
201708,120002,719104,3,2.17,WSW,ROBINSON SPGS,32.5045,-86.4124,3230270,8624744
201708,120002,719104,4,3.09,SW,MILLBROOK,32.4532,-86.4124,3227192,8624744
201708,120002,719105,1,1.75,NNE,FAYS,32.5045,-86.4124,3230270,8624744
201708,120002,719105,2,1.39,W,PRATTVILLE,32.4692,-86.5039,3228152,8630234
201708,120002,719105,3,1.65,SSW,PRATTMONT,32.4479,-86.4605,3226874,8627630
201708,120002,719105,4,1.9,SSE,FAYS,32.4532,-86.4124,3227192,8624744
201708,120002,719107,1,0,N,TROY MUNI ARPT,31.87,-86.02,3152200,861200
201708,120002,719107,2,2.3,WSW,SPRING HILL,31.6699,-85.9872,3140194,8559232
201708,120002,719107,3,2.09,W,BRUNDIDGE,31.7167,-85.8554,3143002,8551324
201708,120002,719107,4,1.06,SSW,NEEDMORE,31.8871,-85.9598,3153226,8557588
201708,120002,719108,1,0,N,(MGM)MONTGOMERY ARPT,32.3,-86.4,3218000,8624000
201708,120002,719108,2,1.63,W,(MXF)MAXWELL AFB MNT,32.3768,-86.3776,3222608,8622656
201708,120002,719108,3,1.29,WSW,MONTGOMERY,32.3742,-86.321,3222452,8619260
201708,120002,719108,4,1.7,SSE,MONTGOMERY,32.3568,-86.2901,3221408,8617406
201708,120002,719108,5,1.34,SSW,HOPE HULL,32.2512,-86.3553,3215072,8621318
201708,120002,719343,1,3.35,WNW,SPRINGVILLE,33.7878,-86.5242,3347268,8631452
201708,120002,719343,2,1.69,S,SPRINGVILLE,33.7455,-86.47,3344730,8628200
201708,120002,719343,3,0.24,SSE,ST CLAIR SPGS,33.7666,-86.3989,3345996,8623934
201708,120002,719343,4,3.16,NW,ST CLAIR,33.8174,-86.4617,3349044,8627702
201708,120002,719346,1,1.63,NNW,CARR MILL,33.2228,-85.957,3313368,8557420
201708,120002,719346,2,1.03,ENE,MOTLEY,33.1272,-85.6544,337632,8539264
201708,120002,719346,3,4.03,E,BARFIELD,33.3398,-85.6513,3320388,8539078
201708,120002,719346,4,0.85,SE,CLAIRMONT SPGS,33.3422,-85.9186,3320532,8555116
201708,120002,719349,1,3.15,W,ALMOND,33.1272,-85.6544,337632,8539264
201708,120002,719349,2,0.84,SE,LIME,33.1423,-85.2388,338538,8514328
201708,120002,719349,3,2.1,SE,WEHADKEE,33.2055,-85.2484,3312330,8514904
201708,120002,719349,4,3.04,WNW,DINGLER,33.3398,-85.6513,3320388,8539078
201708,120002,719362,1,2.73,SW,WARRIOR,33.7969,-86.8586,3347814,8651516
201708,120002,719362,2,0.91,ENE,THERMAL,33.8037,-86.7848,3348222,8647088
201708,120002,719362,3,2.14,WNW,COUNTY LINE,33.8411,-86.7848,3350466,8647088
201708,120002,719362,4,3.93,WNW,WARRIOR,33.8442,-86.8819,3350652,8652914
201708,120004,719109,1,0.73,SSE,JACKSON SUMMIT,43.1206,-74.2736,437236,7416416
201708,120004,719109,2,0.71,SSE,JACKSON SUMMIT,43.1208,-74.2739,437248,7416434
201708,120004,719109,3,0.8,S,JACKSON SUMMIT,43.1185,-74.2779,437110,7416674
201708,120004,719109,4,0.81,S,JACKSON SUMMIT,43.1184,-74.2775,437104,7416650
201708,120004,719110,1,2.05,SE,CRANBERRY CREEK,43.15,-74.19,439000,7411400
201708,120004,719111,1,1.22,SE,CORK,43.04,-74.45,432400,7427000
201708,120004,719112,1,1.47,NNE,FAYVILLE,43.17,-74.11,4310200,746600
201708,120004,719112,2,1.55,NNE,FAYVILLE,43.171,-74.109,4310260,746540
201708,120004,719113,1,1.22,NE,EPHRATAH,43.01,-74.53,43600,7431800
201708,120004,719114,1,0,N,GLOVERSVILLE,43.05,-74.35,433000,7421000
201708,120004,719115,1,0.86,SW,LAKE KATRINE,41.96,-73.99,4157600,7359400
201708,120004,719116,1,1.01,E,NORTHVILLE,43.23,-74.16,4313800,749600
201708,120004,719117,1,2.02,W,BURRELL CORNERS,43.13,-74.89,437800,7453400
201708,120004,719118,1,1.01,E,SALISBURY,43.13,-74.81,437800,7448600
201708,120004,719119,1,2.02,W,BURRELL CORNERS,43.13,-74.89,437800,7453400
201708,120004,719120,1,4.53,ENE,SALISBURY CENTER,43.18,-74.72,4310800,7443200
201708,120004,719121,1,1.71,NW,HARTMAN,43.29,-73.79,4317400,7347400
201708,120004,719122,1,2.13,NNE,HARTMAN,43.3,-73.76,4318000,7345600
201708,120232,720527,1,0,N,(WAL)WALLOPS IS,37.85,-75.48,3751000,7528800
201708,120232,720528,1,0,N,NEW CHURCH,37.97,-75.53,3758200,7531800
201708,120232,720530,1,3,ENE,ACCOMAC,37.7366,-75.6293,3744196,7537758
201708,120232,720534,1,1,NNW,BOWERS HILL,36.7934,-76.4069,3647604,7624414
201708,120232,720536,1,1,SSE,DEEP CREEK,36.7166,-76.3431,3642996,7620586
201708,120232,720541,1,6,E,CHESTER,37.35,-77.3408,3721000,7720448
201708,120232,720549,1,0,N,HAMPTON,37.02,-76.35,371200,7621000
201708,120232,720550,1,0,N,HOPEWELL,37.3,-77.3,3718000,7718000
201708,120232,720555,1,6,NW,WINDSOR,36.8614,-76.8067,3651684,7648402
201708,120232,720565,1,2,SSE,GROVE,37.2233,-76.6561,3713398,7639366
201708,120232,720570,1,2,S,NORTH,37.4211,-76.43,3725266,7625800
201708,120232,720726,1,1,SSE,HEALYS,37.5566,-76.513,3733396,7630780
201708,120232,720728,1,0,N,(PHF)NEWPORT NEWS,36.98,-76.42,3658800,7625200
201708,120232,720729,1,0,N,DENBIGH,37.13,-76.55,377800,7633000
201708,120232,720730,1,0,N,NORFOLK,36.87,-76.27,3652200,7616200
201708,120232,720731,1,0,N,NORFOLK,36.87,-76.27,3652200,7616200
201708,120232,720732,1,1,W,CHERITON,37.28,-75.9982,3716800,7559892
201708,120232,720735,1,0,N,OYSTER,37.28,-75.93,3716800,7555800
201708,120232,720737,1,2,WNW,PORTSMOUTH,36.8311,-76.3634,3649866,7621804
201708,120232,720738,1,0,N,CRADOCK,36.78,-76.33,3646800,7619800
201708,120232,720739,1,2,WNW,TEMPLETON,37.0811,-77.3635,374866,7721810
201708,120232,720740,1,1,ENE,GARYSVILLE,37.2555,-77.1332,3715330,777992
201708,120232,720741,1,1,ESE,DISPUTANTA,37.1245,-77.2132,377470,7712792
201708,120232,720744,1,2,ESE,HOBSON,36.8889,-76.4866,3653334,7629196
201708,120232,720746,1,1,WSW,SCOTLAND,37.1745,-76.8168,3710470,7649008
201708,120232,720748,1,0,N,WAKEFIELD ARPT,36.98,-77,3658800,7700
201708,120232,720750,1,0,N,LYNNHAVEN,36.83,-76.07,3649800,764200
201708,120232,720754,1,1,NNE,PRINCESS ANNE,36.7634,-76.0431,3645804,762586
201708,120232,720810,1,1,E,PRINCESS ANNE,36.75,-76.0319,3645000,761914
201708,120232,720820,1,0,N,SEAFORD,37.2,-76.43,3712000,7625800
201708,120233,720839,1,7,SE,SNOW HILL,38.1084,-75.3089,386504,7518534
201708,120233,720850,1,0,N,OCEAN CITY ARPT,38.32,-75.12,3819200,757200
201708,119753,721098,1,0.75,S,INDUSTRY,29.9592,-96.5211,2957552,9631266
201708,119753,721098,3,0.39,SE,NEW ULM,29.8954,-96.4763,2953724,9628578
201708,119753,721098,4,1.42,W,NEW ULM,29.8981,-96.5036,2953886,9630216
201708,119753,721099,1,6.96,WNW,LEAGUE CITY S S ARPT,29.5314,-95.2295,2931884,9513770
201708,119753,721099,2,5.9,WNW,LEAGUE CITY S S ARPT,29.513,-95.2206,2930780,9513236
201708,119753,721099,3,5.56,NW,LEAGUE CITY,29.5578,-95.1643,2933468,959858
201708,119753,721099,4,6.65,NNW,LEAGUE CITY S S ARPT,29.5647,-95.1826,2933882,9510956
201708,119753,721115,1,56.97,E,WALLIS,29.5111,-95.1303,2930666,957818
201708,119753,721115,2,59.98,E,WALLIS,29.529,-95.0774,2931740,954644
201708,119753,721115,3,60.14,E,WALLIS,29.5085,-95.0776,2930510,954656
201708,119753,721115,4,57.39,E,WALLIS,29.4937,-95.1262,2929622,957572
201708,119753,721130,1,1.8,SE,HIGH IS,29.5527,-94.3775,2933162,9422650
201708,119753,721130,2,2.02,SSW,HIGH IS,29.5414,-94.4066,2932484,9424396
201708,119753,721130,3,1.77,SSW,HIGH IS,29.5452,-94.4078,2932712,9424468
201708,119753,721130,4,1.63,SE,HIGH IS,29.5541,-94.3799,2933246,9422794
201708,119657,717767,1,18.15,N,VERMILION,41.68,-82.4,4140800,8224000
201708,120293,720798,1,1.38,N,CENTRAL SQUARE,43.3,-76.15,4318000,769000
201708,120296,720807,1,1.38,S,VICTORIA,42.15,-79.43,429000,7925800
201708,118330,711059,1,3.82,WNW,DOLAN,31.0925,-94.4929,315550,9429574
201708,118330,711059,2,3.63,W,DOLAN,31.0805,-94.4914,314830,9429484
201708,118330,711059,3,3.12,W,DOLAN,31.0838,-94.4826,315028,9428956
201708,118330,711059,4,3.58,WNW,DOLAN,31.0968,-94.4871,315808,9429226
201708,118330,711060,1,0.97,S,DOLAN,31.0663,-94.427,313978,9425620
201708,118330,711060,2,1.27,SSE,DOLAN,31.0628,-94.4225,313768,9425350
201708,118330,711060,3,2,ESE,DOLAN,31.0671,-94.3999,314026,9423994
201708,118330,711060,4,1.68,E,DOLAN,31.0774,-94.4017,314644,9424102
201708,118330,711060,5,1.31,E,DOLAN,31.0775,-94.4081,314650,9424486
201708,118330,711063,1,1.3,SSW,PEAVY,31.2635,-94.8304,3115810,9449824
201708,118330,711063,2,1.42,NW,BURKE,31.2429,-94.7986,3114574,9447916
201708,118330,711063,3,1.53,NNW,BURKE,31.2491,-94.7933,3114946,9447598
201708,118330,711063,4,0.8,SSW,PEAVY,31.269,-94.8242,3116140,9449452
201708,118330,711072,1,1.48,NNW,HEMPHILL,31.3501,-93.8588,3121006,9351528
201708,118330,711072,2,1,NNE,EAST MAYFIELD,31.3422,-93.861,3120532,9351660
201708,118330,711072,3,0.92,N,HEMPHILL,31.3432,-93.8518,3120592,9351108
201708,118330,711072,4,1.4,N,HEMPHILL,31.3502,-93.8476,3121012,9350856
201708,118330,711078,1,10.39,SSE,CHINQUAPIN,31.2535,-94.0606,3115210,943636
201708,118330,711078,2,10.49,SSE,CHINQUAPIN,31.2519,-94.0607,3115114,943642
201708,118330,711078,3,10.61,SSE,CHINQUAPIN,31.2515,-94.0543,3115090,943258
201708,118330,711078,4,10.48,SSE,CHINQUAPIN,31.2533,-94.0548,3115198,943288
201708,118330,711079,1,1.77,SE,MILAM,31.4088,-93.8332,3124528,9349992
201708,118330,711079,2,2,SSE,MILAM,31.4059,-93.8311,3124354,9349866
201708,118330,711079,3,2.56,ESE,MILAM,31.4126,-93.8117,3124756,9348702
201708,118330,711079,4,2.39,ESE,MILAM,31.4156,-93.8132,3124936,9348792
201708,118330,711081,1,0.8,NE,PINELAND,31.2582,-93.9705,3115492,9358230
201708,118330,711081,2,0.69,E,PINELAND,31.2516,-93.9685,3115096,9358110
201708,118330,711081,3,0.93,S,HEMPHILL,31.3167,-93.8528,3119002,9351168
201708,118330,711081,4,0.78,NNW,EAST MAYFIELD,31.3403,-93.8754,3120418,9352524
201708,118330,711081,5,2.63,ESE,PLAINVIEW,31.3026,-93.9304,3118156,9355824
201708,118330,711083,1,1.2,WNW,DUNAGAN STATION,31.3536,-94.7998,3121216,9447988
201708,118330,711083,2,1.2,W,DUNAGAN STATION,31.3519,-94.8003,3121114,9448018
201708,118330,711083,3,0.8,W,DUNAGAN STATION,31.3518,-94.7935,3121108,9447610
201708,118330,711083,4,0.82,WNW,DUNAGAN STATION,31.3534,-94.7933,3121204,9447598
201708,118330,711089,1,0.89,S,ZAVALLA,31.1372,-94.4287,318232,9425722
201708,118330,711089,2,1.33,S,ZAVALLA,31.1307,-94.4301,317842,9425806
201708,118330,711089,3,1.35,S,ZAVALLA,31.1307,-94.427,317842,9425620
201708,118330,711089,4,0.91,SSE,ZAVALLA,31.1372,-94.4259,318232,9425554
201708,118330,711090,1,0.97,SW,PEAVY,31.2687,-94.8297,3116122,9449782
201708,118330,711090,2,1.52,NNW,BURKE,31.2484,-94.7942,3114904,9447652
201708,118330,711090,3,1.54,NW,BURKE,31.2435,-94.8009,3114610,9448054
201708,118330,711090,4,1.32,SSW,PEAVY,31.264,-94.8323,3115840,9449938
201708,118330,711092,1,0.96,NNW,GENEVA,31.4817,-93.9389,3128902,9356334
201708,118330,711092,2,0.85,NW,GENEVA,31.48,-93.9384,3128800,9356304
201708,118330,711092,3,0.84,N,GENEVA,31.4819,-93.9325,3128914,9355950
201708,118330,711092,4,0.91,N,GENEVA,31.4829,-93.933,3128974,9355980
201708,118330,711093,1,0.43,WNW,FAIRMOUNT,31.2018,-93.737,3112108,9344220
201708,118330,711093,2,0.33,WNW,FAIRMOUNT,31.2011,-93.7355,3112066,9344130
201708,118330,711093,3,0.36,WNW,FAIRMOUNT,31.2025,-93.7354,3112150,9344124
201708,118330,711093,4,0.42,WNW,FAIRMOUNT,31.2026,-93.7364,3112156,9344184
201708,118330,711405,1,0.32,W,PINELAND,31.25,-93.9855,3115000,9359130
201708,118330,711405,2,0.33,WSW,PINELAND,31.2476,-93.9849,3114856,9359094
201708,118330,711405,3,0.32,E,PINELAND,31.2499,-93.9745,3114994,9358470
201708,118330,711405,4,0.36,ENE,PINELAND,31.2515,-93.9741,3115090,9358446
201708,118330,711407,1,2.97,WNW,MAGASCO,31.2938,-94.0276,3117628,941656
201708,118330,711407,2,2.96,WNW,MAGASCO,31.2963,-94.0264,3117778,941584
201708,118330,711407,3,2.81,WNW,MAGASCO,31.2958,-94.0238,3117748,941428
201708,118330,711407,4,2.92,WNW,MAGASCO,31.2928,-94.0271,3117568,941626
201708,118330,711408,1,0.37,W,FAIRMOUNT,31.1998,-93.7363,3111988,9344178
201708,118330,711408,2,0.38,SW,FAIRMOUNT,31.1964,-93.7348,3111784,9344088
201708,118330,711408,3,0.2,SW,FAIRMOUNT,31.1981,-93.7324,3111886,9343944
201708,118330,711408,4,0.23,WNW,FAIRMOUNT,31.2007,-93.7339,3112042,9344034
201708,118330,711409,1,1.87,ENE,PLAINVIEW,31.3292,-93.9402,3119752,9356412
201708,118330,711409,2,2.2,ENE,PLAINVIEW,31.3293,-93.9343,3119758,9356058
201708,118330,711409,3,2.77,ENE,PLAINVIEW,31.3393,-93.9288,3120358,9355728
201708,118330,711409,4,2.51,NE,PLAINVIEW,31.3411,-93.9353,3120466,9356118
201708,118330,711412,1,6.03,WSW,SHAWNEE,31.1766,-94.6086,3110596,9436516
201708,118330,711412,2,6.24,WSW,SHAWNEE,31.1699,-94.6079,3110194,9436474
201708,118330,711412,3,5.14,SW,SHAWNEE,31.175,-94.5892,3110500,9435352
201708,118330,711412,4,4.99,SW,SHAWNEE,31.1787,-94.5894,3110722,9435364
201708,118330,711413,1,3.94,W,CENTER,31.7831,-94.2469,3146986,9414814
201708,118330,711413,2,3.86,W,CENTER,31.7854,-94.2454,3147124,9414724
201708,118330,711413,3,3.76,W,CENTER,31.7848,-94.2438,3147088,9414628
201708,118330,711413,4,3.86,W,CENTER,31.7825,-94.2457,3146950,9414742
201708,118330,711414,1,1.75,S,RATROON,31.5947,-93.9785,3135682,9358710
201708,118330,711414,2,1.33,SSE,RATROON,31.603,-93.9696,3136180,9358176
201708,118330,711414,3,1.61,SSE,RATROON,31.6001,-93.9659,3136006,9357954
201708,118330,711414,4,1.9,S,RATROON,31.5928,-93.9747,3135568,9358482
201708,118330,711415,1,0.68,NNW,PINELAND,31.2585,-93.9857,3115510,9359142
201708,118330,711415,2,0.47,SSW,PINELAND,31.2444,-93.9844,3114664,9359064
201708,118330,711415,3,0.31,S,PINELAND,31.2457,-93.9791,3114742,9358746
201708,118330,711415,4,0.51,NNE,PINELAND,31.257,-93.9771,3115420,9358626
201708,118340,711094,1,2.01,W,KAHUKU,21.6856,-157.9807,2141136,15758842
201708,118340,711094,2,0.92,E,MAKAKILO CITY,21.3496,-158.0857,2120976,1585142
201708,118341,711095,1,0.62,E,PEPEEKEO,19.8292,-155.1105,1949752,1556630
201708,118341,711095,2,3.24,ESE,HOLUALOA,19.5965,-155.907,1935790,15554420
201708,118341,711096,1,0.94,SE,KALIHIWAI,22.21,-159.41,2212600,15924600
201708,118341,711097,1,0.68,S,PRINCEVILLE,22.2102,-159.4803,2212612,15928818
201708,118341,711097,2,0.81,S,PRINCEVILLE,22.2083,-159.4805,2212498,15928830
201708,118341,711097,3,0.76,SSE,PRINCEVILLE,22.2093,-159.4774,2212558,15928644
201708,118341,711097,4,0.63,S,PRINCEVILLE,22.2111,-159.4781,2212666,15928686
201708,118341,711098,1,0.7,S,PUNALUU,21.5899,-157.901,2135394,15754060
201708,118341,711098,2,1.79,NW,NANAKULI,21.3956,-158.1523,2123736,1589138
201708,118341,711100,1,6.48,SE,VOLCANO,19.3536,-155.1599,1921216,1559594
201708,118341,711100,2,3.5,SSE,WAIKOLOA BEACH RESORT,19.8729,-155.8603,1952374,15551618
201708,118341,711102,1,0.91,NNW,MALA,20.9128,-156.6829,2054768,15640974
201708,118341,711102,2,2.14,NNE,KEOKEA,20.746,-156.3519,2044760,15621114
201708,118341,713516,1,1.3,WSW,WAILUA HOMESTEADS,22.0633,-159.399,223798,15923940
201708,118341,713516,2,1.31,WSW,WAILUA HOMESTEADS,22.0621,-159.3986,223726,15923916
201708,118341,713516,3,1.08,WSW,WAILUA HOMESTEADS,22.0649,-159.396,223894,15923760
201708,118341,713516,4,1.16,WSW,WAILUA HOMESTEADS,22.0655,-159.3975,223930,15923850
201708,118342,711104,1,1.42,W,WAIMANALO,21.3536,-157.7417,2121216,15744502
201708,118342,711104,2,1.5,NNE,MAKAHA VALLEY,21.5005,-158.1921,2130030,15811526
201708,118345,711117,1,1.47,SSE,HEUVELTON,44.6,-75.41,4436000,7524600
201708,118345,711118,1,0.98,W,CONSTABLE,44.93,-74.3,4455800,7418000
201708,118345,711119,1,2.81,S,FULLEVILLE IRONWORKS,44.23,-75.32,4413800,7519200
201708,118345,711120,1,1.48,W,FLOODWOOD,44.33,-74.43,4419800,7425800
201708,118345,711121,1,0.5,W,CROWN PT,43.95,-73.43,4357000,7325800
201708,118346,711122,1,2.42,NW,NEW HAVEN JCT,44.14,-73.22,448400,7313200
201708,118346,711123,1,0,N,BAKERSFIELD,44.78,-72.8,4446800,7248000
201708,118346,711124,1,0.85,SE,VERGENNES,44.16,-73.24,449600,7314400
201708,118346,711125,1,0,N,MONKTON RIDGE,44.25,-73.12,4415000,737200
201708,118346,711126,1,0.69,N,ST JOHNSBURY,44.43,-72.02,4425800,721200
201708,118346,711127,1,0.5,E,CAVENDISH,43.38,-72.61,4322800,7236600
201708,118348,711129,1,2.13,SSW,PERU,43.2,-72.91,4312000,7254600
201708,118348,711130,1,2.13,SSW,PERU,43.2,-72.91,4312000,7254600
201708,118349,711131,1,1.47,NNW,GRAVESVILLE,43.27,-75.13,4316200,757800
201708,118349,711132,1,2.56,NW,GRAVESVILLE,43.28,-75.15,4316800,759000
201708,119611,717565,2,0.81,ENE,CLARKSVILLE,35.4765,-93.458,3528590,9327480
201708,119611,717565,3,0.61,WNW,CLARKSVILLE MUNI ARP,35.4736,-93.4399,3528416,9326394
201708,119611,717565,4,1.06,WSW,CLARKSVILLE MUNI ARP,35.4619,-93.4461,3527714,9326766
201708,119611,717567,1,0.56,E,OAKLAND HGTS,35.27,-93.14,3516200,938400
201708,119611,717567,2,1.41,E,ODITA,35.302,-93.1452,3518120,938712
201708,119611,717567,3,1.41,SSE,TARAL,35.3011,-93.1205,3518066,937230
201708,119611,717567,4,0.8,SE,RUSSELLVILLE,35.272,-93.1198,3516320,937188
201708,119611,717570,1,0.69,S,SOUTHSIDE,35.41,-92.4,3524600,9224000
201708,119611,717570,2,2.01,NNW,GRAVESVILLE,35.4059,-92.3662,3524354,9221972
201708,119611,717570,3,2.32,SE,DAMASCUS,35.3602,-92.3866,3521612,9223196
201708,119611,717570,4,1.96,SSW,DAMASCUS,35.3544,-92.4348,3521264,9226088
201708,119611,717572,1,1.49,SSW,HILL TOP,36.13,-93.23,367800,9313800
201708,119611,717573,1,1.38,N,COMPTON,36.1,-93.3,366000,9318000
201708,119611,717574,1,0.89,NW,WILKINS,35.34,-93.63,3520400,9337800
201708,119611,717576,1,1.32,ESE,WILKINS,35.32,-93.6,3519200,9336000
201708,119611,717577,1,0.69,N,MIDWAY,35.29,-93.53,3517400,9331800
201708,119611,717578,1,0.69,S,MARVINVILLE,35.11,-93.53,356600,9331800
201708,119611,717579,1,1.78,NW,RODNEY,36.27,-92.19,3616200,9211400
201708,119611,717581,1,0.89,NE,SHERWOOD,34.83,-92.21,3449800,9212600
201708,119611,717581,2,1.95,NE,SHERWOOD,34.8394,-92.1951,3450364,9211706
201708,119611,717581,3,1.51,NNW,VALENTINE,34.8384,-92.1843,3450304,9211058
201708,119611,717581,4,1.24,WNW,VALENTINE,34.8288,-92.1889,3449728,9211334
201708,119613,717569,1,0.7,NW,ODESSA,31.8566,-102.379,3151396,10222740
201708,119613,717569,2,1.9,ENE,ODESSA,31.8643,-102.3423,3151858,10220538
201708,119613,717569,3,2.87,SE,ODESSA ECTOR CO ARPT,31.8881,-102.3486,3153286,10220916
201708,119613,717569,4,1.02,NE,GREENFIELD ACRES,31.8787,-102.3861,3152722,10223166
201708,119613,717575,1,1.71,ENE,GREENFIELD ACRES,31.8753,-102.3715,3152518,10222290
201708,119613,717575,2,1.78,ENE,GREENFIELD ACRES,31.8759,-102.3705,3152554,10222230
201708,119613,717575,3,1.76,ENE,GREENFIELD ACRES,31.8769,-102.3711,3152614,10222266
201708,119613,717575,4,1.7,ENE,GREENFIELD ACRES,31.8765,-102.372,3152590,10222320
201708,119615,717583,1,3,NW,WINK,31.7807,-103.1861,3146842,10311166
201708,119615,717584,1,0,N,WINK,31.75,-103.15,3145000,1039000
201708,119622,717669,1,1.53,W,LEE,42.45,-86.11,4227000,866600
201708,119622,717670,1,1.67,ESE,HUDSONVILLE,42.86,-85.85,4251600,8551000
201708,119629,717713,1,0.4,NE,MONUMENT,32.624,-103.265,3237440,10315900
201708,119633,717717,1,1.46,SSE,BRAINERD,46.35,-94.19,4621000,9411400
201708,119633,717718,1,2.12,SSE,POLO,47.39,-92.26,4723400,9215600
201708,119634,717719,1,0,N,COLORADO CITY,32.4,-100.85,3224000,10051000
201708,119634,717720,1,8,SE,ALPINE,30.2881,-103.5752,3017286,10334512
201708,119634,717724,1,8,SE,ALPINE,30.2881,-103.5752,3017286,10334512
201708,119643,717740,1,2.66,NW,SPAVINAW,36.41,-95.08,3624600,954800
201708,119643,720943,1,1.1,E,BARTLESVILLE,36.75,-95.9801,3645000,9558806
201708,119645,717742,1,0.71,WSW,BURBANK,36.6951,-96.7313,3641706,9643878
201708,119645,717743,1,2.15,SSW,CARTER NINE,36.72,-96.66,3643200,9639600
201708,119645,717744,1,3.5,S,TULSA,36.1,-95.96,366000,9557600
201708,119645,717745,1,1.93,SSW,ALSUMA,36.0754,-95.8865,364524,9553190
201708,119645,717746,1,3.01,WSW,ALSUMA,36.0899,-95.9224,365394,9555344
201708,119645,717747,1,2.38,W,ALSUMA,36.1003,-95.9127,366018,9554762
201708,119645,717748,1,2.51,S,TULSA YOUNG ARPT,36.0943,-95.8116,365658,9548696
201708,119645,718090,1,2.32,S,TULSA YOUNG ARPT,36.097,-95.8124,365820,9548744
201708,119645,718092,1,5.15,NE,ONETA,36.0754,-95.6584,364524,9539504
201708,119645,718093,1,4.32,S,INOLA,36.0875,-95.4994,365250,9529964
201708,119645,718095,1,4.27,SSW,INOLA,36.0896,-95.5161,365376,9530966
201708,119645,718097,1,3,N,BROKEN ARROW,36.0934,-95.78,365604,9546800
201708,119645,718098,1,4.43,SE,CHELSEA,36.48,-95.37,3628800,9522200
201708,119645,718099,1,2,N,BROKEN ARROW,36.079,-95.78,364740,9546800
201708,119645,718100,1,0.83,ESE,OKMULGEE,35.6265,-95.9558,3537590,9557348
201708,119645,718101,1,0.72,N,BEGGS,35.7404,-96.069,3544424,964140
201708,119645,718101,2,0.72,N,BEGGS,35.7404,-96.0706,3544424,964236
201708,119645,718101,3,0.77,N,BEGGS,35.7412,-96.0703,3544472,964218
201708,119645,718101,4,0.76,N,BEGGS,35.7409,-96.0691,3544454,964146
201708,119645,721015,1,2.88,SSE,TULSA,36.1097,-95.9367,366582,9556202
201708,119645,721015,2,2.72,S,TULSA YOUNG ARPT,36.0907,-95.8167,365442,9549002
201708,119645,721016,1,2.35,SW,BROKEN ARROW COTTON,36.0919,-95.7936,365514,9547616
201708,119645,721016,2,2.53,NNE,BROKEN ARROW,36.0835,-95.7617,365010,9545702
201708,119645,721017,1,2.53,NNE,BROKEN ARROW,36.0835,-95.7617,365010,9545702
201708,119645,721017,2,2.77,NE,BROKEN ARROW,36.0786,-95.7452,364716,9544712
201708,119645,721018,1,0.65,SE,OOLOGAH,36.4443,-95.6908,3626658,9541448
201708,119645,721018,2,1.79,SSW,TALALA,36.5075,-95.6958,3630450,9541748
201708,119645,721019,1,3.57,ESE,BUSHYHEAD,36.4496,-95.4409,3626976,9526454
201708,119645,721019,2,3.73,ESE,BUSHYHEAD,36.4548,-95.4356,3627288,9526136
201708,119645,721020,1,5.27,S,CHELSEA,36.4548,-95.4356,3627288,9526136
201708,119645,721020,2,4.84,S,CHELSEA,36.4607,-95.4333,3627642,9525998
201708,119648,717750,1,3.33,W,ESPUELA,32.9203,-104.4374,3255218,10426244
201708,119648,717751,1,6,N,AVALON,32.5868,-104.22,3235208,10413200
201708,119659,717786,1,0.69,N,MC CRORY,35.26,-91.2,3515600,9112000
201708,119659,717786,2,1.21,NE,MC CRORY,35.2646,-91.1881,3515876,9111286
201708,119659,717786,3,0.81,E,MC CRORY,35.2477,-91.1858,3514862,9111148
201708,119659,717786,4,0.78,W,MC CRORY,35.2497,-91.2138,3514982,9112828
201708,119659,717789,1,1.33,WNW,DES ARC,34.98,-91.52,3458800,9131200
201708,119659,717789,2,1.1,NE,FOUR MILE CORNER,34.9822,-91.5374,3458932,9132244
201708,119659,717789,3,0.68,E,FOUR MILE CORNER,34.9683,-91.5383,3458098,9132298
201708,119659,717789,4,0.97,W,DES ARC,34.9693,-91.5171,3458158,9131026
201708,119659,717791,1,0.69,N,MC CRORY,35.26,-91.2,3515600,9112000
201708,119659,717791,2,1.29,NE,MC CRORY,35.2653,-91.1867,3515918,9111202
201708,119659,717791,3,1.12,E,MC CRORY,35.2498,-91.1801,3514988,9110806
201708,119659,717791,4,0.51,WSW,MC CRORY,35.2472,-91.2083,3514832,9112498
201708,119659,717794,1,2.37,WNW,FOUR MILE CORNER,34.98,-91.59,3458800,9135400
201708,119659,717794,2,2.17,WNW,FOUR MILE CORNER,34.9794,-91.5865,3458764,9135190
201708,119659,717794,3,2.19,WNW,FOUR MILE CORNER,34.9784,-91.5873,3458704,9135238
201708,119659,717794,4,2.34,WNW,FOUR MILE CORNER,34.9786,-91.59,3458716,9135400
201708,119659,717795,1,0,N,BEEDEVILLE,35.43,-91.12,3525800,917200
201708,119659,717795,2,1.09,ENE,BEEDEVILLE,35.4358,-91.1021,3526148,916126
201708,119659,717795,3,1.37,ESE,BEEDEVILLE,35.4204,-91.0986,3525224,915916
201708,119659,717795,4,0.71,S,BEEDEVILLE,35.4197,-91.1204,3525182,917224
201708,119659,717796,1,0,N,MC CRORY,35.25,-91.2,3515000,9112000
201708,119659,717796,2,0.69,NE,MC CRORY,35.2559,-91.1902,3515354,9111412
201708,119659,717796,3,0.69,ESE,MC CRORY,35.2474,-91.1882,3514844,9111292
201708,119659,717796,4,0.23,S,MC CRORY,35.2468,-91.1996,3514808,9111976
201708,120004,719123,1,2.13,WNW,GLENS FALLS,43.33,-73.69,4319800,7341400
201708,120004,719124,1,2.56,NW,WEST GLEN FALLS,43.33,-73.7,4319800,7342000
201708,120004,719125,1,1.66,WNW,WEST GLEN FALLS,43.31,-73.7,4318600,7342000
201708,120004,719126,1,2.13,WNW,GLENS FALLS,43.33,-73.69,4319800,7341400
201708,120004,719127,1,1.66,WNW,WEST GLEN FALLS,43.31,-73.7,4318600,7342000
201708,120004,719128,1,0.5,E,GLENS FALLS,43.32,-73.64,4319200,7338400
201708,120004,719129,1,1.71,SE,FRENCH MTN,43.35,-73.7,4321000,7342000
201708,120004,719130,1,0.85,NW,DEERLAND,43.94,-74.46,4356400,7427600
201708,120004,719131,1,2.05,NW,GLENS FALLS,43.34,-73.68,4320400,7340800
201708,120004,719132,1,0.51,E,NORTH WINFIELD,42.93,-75.17,4255800,7510200
201708,120004,719133,1,0.51,E,MOHAWK,43.02,-74.99,431200,7459400
201708,120004,719134,1,5.75,NE,RAQUETTE LAKE,43.88,-74.55,4352800,7433000
201708,120004,719135,1,0.86,NE,MOHAWK,43.03,-74.99,431800,7459400
201708,120004,719136,1,2.13,ENE,OHIO,43.33,-74.94,4319800,7456400
201708,120004,719137,1,0.5,E,GLENS FALLS,43.32,-73.64,4319200,7338400
201708,120005,719152,1,1.47,NNE,BALLSTON SPA,43.02,-73.86,431200,7351600
201708,120005,719153,1,1.02,W,RICHMONDVILLE,42.63,-74.59,4237800,7435400
201708,120005,719154,1,0,N,VOORHEESVILLE,42.65,-73.93,4239000,7355800
201708,120005,719155,1,0,N,VOORHEESVILLE,42.65,-73.93,4239000,7355800
201708,120005,719156,1,0.69,N,EAST GREENBUSH,42.59,-73.7,4235400,7342000
201708,120005,719157,1,2.46,SW,RICHMONDVILLE,42.61,-74.61,4236600,7436600
201708,120005,719158,1,0,N,RICHMONDVILLE,42.63,-74.57,4237800,7434200
201708,120005,719159,1,0.69,N,RICHMONDVILLE,42.64,-74.57,4238400,7434200
201708,120005,719160,1,0.86,SE,SLOANSVILLE,42.74,-74.32,4244400,7419200
201708,120005,719161,1,2.02,W,MALTA RIDGE,43.02,-73.84,431200,7350400
201708,120005,719162,1,1.22,NW,MALTA RIDGE,43.03,-73.82,431800,7349200
201708,120005,719163,1,0.51,E,RICHMONDVILLE,42.63,-74.56,4237800,7433600
201708,120005,719164,1,0.51,E,RICHMONDVILLE,42.63,-74.56,4237800,7433600
201708,120005,719165,1,0.51,W,DELMAR,42.62,-73.83,4237200,7349800
201708,120005,719166,1,0.86,NE,SAND LAKE,42.64,-73.54,4238400,7332400
201708,120006,719150,1,0.4,SW,PITTSFIELD,42.4452,-73.2546,4226712,7315276
201708,120006,719150,2,0.4,SW,PITTSFIELD,42.4453,-73.2546,4226718,7315276
201708,120006,719150,3,0.37,SSW,PITTSFIELD,42.4451,-73.2528,4226706,7315168
201708,120006,719150,4,0.37,SSW,PITTSFIELD,42.445,-73.2529,4226700,7315174
201708,120006,719151,1,1.53,W,PITTSFIELD,42.45,-73.28,4227000,7316800
201708,120007,719138,1,15.88,SW,HOT WELLS,30.8616,-105.2339,3051696,10514034
201708,120007,719138,2,15.04,WSW,HOT WELLS,30.8825,-105.2336,3052950,10514016
201708,120007,719138,3,14.65,SW,HOT WELLS,30.8601,-105.2058,3051606,10512348
201708,120007,719138,4,15.99,SW,HOT WELLS,30.8463,-105.2217,3050778,10513302
201708,120008,719139,1,0.81,WSW,MONDEL,32.2458,-108.913,3214748,10854780
201708,120008,719140,1,4.72,NNW,ANIMAS,32.0132,-108.8306,32792,10849836
201708,120009,719141,1,1.74,E,DONA ANA,32.3806,-106.8002,3222836,10648012
201708,120009,719142,1,1.43,N,(LRU)LAS CRUCES ARPT,32.3407,-106.7706,3220442,10646236
201708,120009,719143,1,1.41,NE,DONA ANA,32.3928,-106.8111,3223568,10648666
201708,120009,719144,1,2.14,SSE,HILL,32.3997,-106.8626,3223982,10651756
201708,120009,719144,2,3.33,NNE,DONA ANA,32.4212,-106.8002,3225272,10648012
201708,120009,719144,3,3.5,E,DONA ANA,32.3756,-106.7703,3222536,10646218
201708,120009,719144,4,2.05,S,DONA ANA,32.3504,-106.8276,3221024,10649656
201708,120010,719145,1,1.92,NE,CLINT,31.6002,-106.2076,3136012,10612456
201708,120010,719145,2,0.69,WSW,SAN ELIZARIO,31.5768,-106.2811,3134608,10616866
201708,120010,719145,3,4.52,NW,SOCORRO,31.7,-106.3496,3142000,10620976
201708,120010,719145,4,4.21,NNW,SOCORRO,31.7084,-106.3202,3142504,10619212
201708,120011,719146,1,1.08,ENE,FABENS ARPT,31.5285,-106.1346,3131710,1068076
201708,120011,719146,2,5.68,ENE,FABENS ARPT,31.5646,-106.0689,3133876,1064134
201708,120011,719146,3,5.98,ENE,FABENS ARPT,31.5508,-106.0552,3133048,1063312
201708,120011,719146,4,1.91,E,FABENS ARPT,31.5183,-106.1176,3131098,1067056
201708,120012,719147,1,1.17,ESE,SMELTERTOWN,31.7715,-106.5028,3146290,10630168
201708,120012,719148,1,0.27,N,SMELTERTOWN,31.7839,-106.5205,3147034,10631230
201708,120012,719148,2,1.04,ENE,SMELTERTOWN,31.7884,-106.5052,3147304,10630312
201708,120012,719148,3,2.22,SE,SMELTERTOWN,31.7613,-106.4894,3145678,10629364
201708,120012,719148,4,2,SE,SMELTERTOWN,31.7573,-106.4989,3145438,10629934
201708,120013,719169,1,0.21,WSW,PITTSFIELD,42.449,-73.2538,4226940,7315228
201708,120013,719169,2,0.2,WSW,PITTSFIELD,42.449,-73.2537,4226940,7315222
201708,120013,719169,3,0.18,W,PITTSFIELD,42.4498,-73.2535,4226988,7315210
201708,120013,719169,4,0.18,W,PITTSFIELD,42.4498,-73.2536,4226988,7315216
201708,120013,719170,1,0.51,W,COLTSVILLE,42.4694,-73.2099,4228164,7312594
201708,120013,719170,2,0.51,W,COLTSVILLE,42.4692,-73.21,4228152,7312600
201708,120013,719170,3,0.54,W,COLTSVILLE,42.4695,-73.2106,4228170,7312636
201708,120013,719170,4,0.54,W,COLTSVILLE,42.4696,-73.2105,4228176,7312630
201708,120013,719171,1,0.32,ENE,PITTSFIELD,42.451,-73.2439,4227060,7314634
201708,120013,719171,2,0.32,ENE,PITTSFIELD,42.4511,-73.2439,4227066,7314634
201708,120013,719171,3,0.33,ENE,PITTSFIELD,42.451,-73.2436,4227060,7314616
201708,120013,719171,4,0.36,ENE,PITTSFIELD,42.4512,-73.2432,4227072,7314592
201708,120013,719171,5,0.36,ENE,PITTSFIELD,42.4511,-73.2431,4227066,7314586
201708,120013,719171,6,0.34,ENE,PITTSFIELD,42.451,-73.2434,4227060,7314604
201708,120013,719171,7,0.33,ENE,PITTSFIELD,42.451,-73.2437,4227060,7314622
201708,120013,719172,1,1.02,W,EAST OTIS,42.17,-73.05,4210200,733000
201708,120013,719173,1,1.02,W,FARNAMS,42.53,-73.2,4231800,7312000
201708,120013,719174,1,1.53,E,RICHMOND FURNACE,42.37,-73.35,4222200,7321000
201708,120014,719178,1,1.67,ESE,COLUMBIA CENTER,42.92,-75,4255200,7500
201708,120014,719179,1,1.47,NNW,STARKVILLE,42.94,-74.78,4256400,7446800
201708,120014,719180,1,0.85,SE,OLD FORGE,43.71,-74.97,4342600,7458200
201708,120014,719181,1,0,N,INDIAN LAKE,43.78,-74.27,4346800,7416200
201708,120014,719182,1,1.66,WNW,BURRELL CORNERS,43.14,-74.88,438400,7452800
201708,120014,719183,1,1.22,SW,BRANT LAKE,43.67,-73.77,4340200,7346200
201708,120014,719184,1,1.21,NW,STARBUCKVILLE,43.69,-73.82,4341400,7349200
201708,120014,719185,1,2.5,E,RIPARIUS,43.67,-73.87,4340200,7352200
201708,120014,719186,1,2.43,NE,BRANT LAKE,43.7,-73.71,4342000,7342600
201708,120014,719188,1,2.61,WSW,LOTVILLE,43.11,-74.77,436600,7446200
201708,120014,719189,1,1.01,W,CHRISTMANS CORNERS,42.97,-74.59,4258200,7435400
201708,120014,719190,1,0.62,SSW,BULL HILL,43.2625,-74.9269,4315750,7455614
201708,120014,719191,1,0.86,SE,LITTLE FALLS,43.04,-74.86,432400,7451600
201708,120014,719192,1,0.5,E,LITTLE FALLS,43.05,-74.86,433000,7451600
201708,120014,719193,1,0.51,E,DORLOO,42.72,-74.61,4243200,7436600
201708,120014,719194,1,0.27,E,CARLISLE,42.7501,-74.4446,4245006,7426676
201708,120014,719195,1,0.86,NE,ESPERANCE,42.76,-74.26,4245600,7415600
201708,120014,719196,1,0.85,NE,ARGYLE,43.24,-73.49,4314400,7329400
201708,120014,719197,1,1.01,W,USHERS,42.9,-73.79,4254000,7347400
201708,120014,719198,1,0,N,SCOTIA,42.83,-73.97,4249800,7358200
201708,120014,719199,1,1.01,E,SCOTIA,42.83,-73.95,4249800,7357000
201708,120014,719200,1,0.81,NNE,SCHENECTADY,42.8098,-73.9113,4248588,7354678
201708,120014,719206,1,2.87,SSW,WATERFORD,42.7825,-73.6947,4246950,7341682
201708,120014,719209,1,1.04,E,JONESVILLE,42.9006,-73.7996,4254036,7347976
201708,120014,719210,1,2.87,NW,STILLWATER,42.9568,-73.6934,4257408,7341604
201708,120014,719212,1,1.72,SE,TIVOLI,42.05,-73.9,423000,7354000
201708,120014,719213,1,0.69,N,CLERMONT,42.09,-73.83,425400,7349800
201708,120014,719214,1,1.47,NNW,BLUE STORES,42.14,-73.83,428400,7349800
201708,120014,719215,1,0.86,NE,TAGHKANIC,42.14,-73.67,428400,7340200
201708,120014,719216,1,0.69,S,GRANVILLE,43.41,-73.27,4324600,7316200
201708,120015,720212,1,1.38,S,HOYT,39.23,-95.7,3913800,9542000
201708,120015,720214,1,2.12,SE,ROCK CREEK,39.23,-95.5,3913800,9530000
201708,120015,720215,1,1.27,WNW,OZAWKIE,39.23,-95.47,3913800,9528200
201708,120015,720216,1,0.65,WNW,NORTONVILLE,39.4222,-95.3418,3925332,9520508
201708,120015,720216,2,2.77,E,NORTONVILLE,39.4269,-95.2789,3925614,9516734
201708,120015,720216,3,2.76,ESE,NORTONVILLE,39.4028,-95.2834,3924168,9517004
201708,120015,720216,4,1.51,SSW,NORTONVILLE,39.4017,-95.3455,3924102,9520730
201708,120015,720217,1,0.54,E,EMPORIA,38.4,-96.17,3824000,9610200
201708,120015,720218,1,0,N,EMPORIA,38.4,-96.18,3824000,9610800
201708,119660,718851,1,0.88,SE,PORT HAYWOOD,37.37,-76.31,3722200,7618600
201708,120232,720752,1,2,W,KEMPSVILLE,36.83,-76.1362,3649800,768172
201708,119658,718770,1,0.54,W,BERLIN,38.32,-75.23,3819200,7513800
201708,119660,718837,1,6.19,NW,HAMPTON,37.09,-76.42,375400,7625200
201708,119660,718860,1,1.38,S,JACK,37.18,-77.5,3710800,7730000
201708,120094,719592,1,1,W,PARSONBURG,38.38,-75.4885,3822800,7529310
201708,120184,720141,1,0.88,SE,CHAMPLAIN,38.01,-76.99,38600,7659400
201708,120232,720561,1,1,WNW,LIGHT FOOT,37.3355,-76.7868,3720130,7647208
201708,121047,724656,1,0.62,SSE,ELSTON,38.6123,-92.3241,3836738,9219446
201708,121047,724657,1,0.89,ESE,COLUMBIA,38.9441,-92.3153,3856646,9218918
201708,121047,724658,1,0,N,HOLTS SUMMIT,38.65,-92.12,3839000,927200
201708,121047,724658,2,0.88,WSW,FULTON,38.8455,-91.9453,3850730,9156718
201708,118067,709622,5,24.13,S,ROSEBUD,35.494,-103.508,3529640,10330480
201708,118067,709625,1,2.17,WNW,GLADSTONE,36.3129,-104.0055,3618774,104330
201708,119753,720677,1,3.14,WSW,KATY,29.7756,-95.8442,2946536,9550652
201708,119863,718558,1,0,N,RAVENNA,41.17,-81.23,4110200,8113800
201708,119983,719035,1,1.38,S,LAFAYETTE,41.08,-81.95,414800,8157000
201708,120289,720772,1,0,N,ELMA,42.85,-78.63,4251000,7837800
201708,120292,720794,1,0,N,BUFFALO HARBOR,42.88,-78.89,4252800,7853400
201708,120296,720828,1,0.69,S,ORWELL,43.57,-76,4334200,7600
201708,120298,720855,1,4.57,WSW,VAN BUREN POINT,42.4245,-79.4957,4225470,7929742
201708,118349,711133,1,3.6,NNW,GRAVESVILLE,43.3,-75.14,4318000,758400
201708,118349,711134,1,1.38,S,RUSSIA,43.25,-75.08,4315000,754800
201708,118349,711135,1,0.85,SW,RUSSIA,43.26,-75.09,4315600,755400
201708,118349,711136,1,1.66,WNW,RUSSIA,43.28,-75.11,4316800,756600
201708,118383,711399,1,9.81,WSW,LOLO,46.7342,-114.3162,4644052,11418972
201708,118386,711416,1,1.22,N,MANY,31.5876,-93.4786,3135256,9328716
201708,118386,711416,2,4.32,WNW,FT JESSUP,31.6423,-93.4686,3138538,9328116
201708,118386,711416,3,3.28,WNW,FT JESSUP,31.644,-93.4482,3138640,9326892
201708,118386,711416,4,1.69,NNE,MANY,31.5911,-93.4655,3135466,9327930
201708,118386,711417,1,3.49,SSE,MT CARMEL,31.4212,-93.3651,3125272,9321906
201708,118386,711417,2,3.56,SSE,MT CARMEL,31.4205,-93.3632,3125230,9321792
201708,118386,711417,3,3.37,SSE,MT CARMEL,31.4244,-93.3599,3125464,9321594
201708,118386,711417,4,3.23,SSE,MT CARMEL,31.4256,-93.3627,3125536,9321762
201708,118386,711418,1,0.78,SW,FLORIEN,31.4432,-93.4804,3126592,9328824
201708,118386,711418,2,0.89,SW,FLORIEN,31.4398,-93.4793,3126388,9328758
201708,118386,711418,3,0.53,S,FLORIEN,31.4425,-93.4715,3126550,9328290
201708,118386,711418,4,0.38,SSW,FLORIEN,31.4449,-93.4722,3126694,9328332
201708,118386,711419,1,2.91,S,MARTIN,32.038,-93.2216,322280,9313296
201708,118386,711419,2,3,S,MARTIN,32.0366,-93.2197,322196,9313182
201708,118386,711419,3,2.74,S,MARTIN,32.0403,-93.2183,322418,9313098
201708,118386,711419,4,2.68,S,MARTIN,32.0413,-93.2204,322478,9313224
201708,118386,711420,1,0.65,NW,MANY HART ARPT,31.5576,-93.4864,3133456,9329184
201708,118386,711420,2,0.53,SSW,MANY,31.563,-93.4837,3133780,9329022
201708,118386,711420,3,0.64,S,MANY,31.5608,-93.4794,3133648,9328764
201708,118386,711420,4,0.54,NNW,MANY HART ARPT,31.5571,-93.4838,3133426,9329028
201708,118386,711421,1,2.93,SE,COUSHATTA ARPT,31.9469,-93.2689,3156814,9316134
201708,118386,711421,2,3.21,SE,COUSHATTA ARPT,31.9423,-93.2679,3156538,9316074
201708,118386,711421,3,3.34,SE,COUSHATTA ARPT,31.9425,-93.2641,3156550,9315846
201708,118386,711421,4,3.11,SE,COUSHATTA ARPT,31.9466,-93.2644,3156796,9315864
201708,118386,711422,1,1.08,ENE,FISHER,31.5036,-93.4522,3130216,9327132
201708,118386,711422,2,1.05,E,FISHER,31.5001,-93.4521,3130006,9327126
201708,118386,711422,3,2.95,NW,MT CARMEL,31.4982,-93.4176,3129892,9325056
201708,118386,711422,4,2.96,E,FISHER,31.5033,-93.4199,3130198,9325194
201708,118386,711423,1,2.05,WNW,NATCHITOCHES,31.7812,-93.1124,3146872,936744
201708,118386,711423,2,1.27,SW,NATCHITOCHES MUNI,31.718,-93.1163,3143080,936978
201708,118386,711423,3,2.76,ESE,NATCHITOCHES MUNI,31.7212,-93.0542,3143272,933252
201708,118386,711423,4,1.39,ENE,NATCHITOCHES,31.7767,-93.0576,3146602,933456
201708,118386,711424,1,2.89,WNW,NATCHITOCHES,31.787,-93.1249,3147220,937494
201708,118386,711424,2,2.72,WNW,NATCHITOCHES,31.7799,-93.1248,3146794,937488
201708,118386,711424,3,2.5,WNW,NATCHITOCHES,31.7796,-93.1211,3146776,937266
201708,118386,711424,4,2.68,WNW,NATCHITOCHES,31.7854,-93.1219,3147124,937314
201708,118386,711425,1,3.54,WNW,MANY,31.5949,-93.5325,3135694,9331950
201708,118386,711425,2,4.69,SSE,LORING,31.5402,-93.5822,3132412,9334932
201708,118386,711425,3,4.04,NE,NEGREET,31.5171,-93.5393,3131026,9332358
201708,118386,711425,4,0.77,SW,MANY,31.5616,-93.4885,3133696,9329310
201708,118386,711425,5,0.91,N,MANY,31.583,-93.4823,3134980,9328938
201708,118386,711426,1,2.29,NNE,MANY,31.5981,-93.4594,3135886,9327564
201708,118386,711426,2,2,NE,MANY,31.5896,-93.4549,3135376,9327294
201708,118386,711426,3,2.24,NE,MANY,31.5917,-93.4517,3135502,9327102
201708,118386,711426,4,2.37,NE,MANY,31.5975,-93.456,3135850,9327360
201708,118386,711427,1,2.07,WNW,KING HILL,31.8952,-93.3604,3153712,9321624
201708,118386,711427,2,0.25,NW,MARTHAVILLE,31.7329,-93.4027,3143974,9324162
201708,118386,711427,3,1.43,WNW,BELLWOOD,31.5365,-93.2231,3132190,9313386
201708,118386,711427,4,0.13,W,CYPRESS,31.5997,-93.0322,3135982,931932
201708,118386,711427,5,1.76,S,CRESTON,31.9448,-93.054,3156688,933240
201708,118386,711428,1,0.6,N,ALLEN,31.8386,-93.281,3150316,9316860
201708,118386,711428,2,1,NW,ALLEN,31.8389,-93.2936,3150334,9317616
201708,118386,711428,3,1.64,N,ROBELINE,31.7037,-93.3017,3142222,9318102
201708,118386,711428,4,2.62,W,HAGEWOOD,31.7165,-93.2643,3142990,9315858
201708,118386,711429,1,0.48,WNW,CONVERSE,31.7831,-93.7073,3146986,9342438
201708,118386,711429,2,0.41,WNW,CONVERSE,31.783,-93.7059,3146980,9342354
201708,118386,711429,3,0.42,NW,CONVERSE,31.7835,-93.7059,3147010,9342354
201708,118386,711429,4,0.49,WNW,CONVERSE,31.7836,-93.7071,3147016,9342426
201708,118386,711430,1,3.5,WNW,HAGEWOOD,31.7409,-93.2743,3144454,9316458
201708,118386,711430,2,3.12,WNW,HAGEWOOD,31.7407,-93.2672,3144442,9316032
201708,118386,711430,3,3.13,NW,HAGEWOOD,31.7483,-93.2616,3144898,9315696
201708,118386,711430,4,3.72,NW,HAGEWOOD,31.7519,-93.2711,3145114,9316266
201708,118386,711431,1,2.87,SW,BLACK LAKE,31.9427,-93.1369,3156562,938214
201708,118386,711431,2,2.49,NNW,CAMPTI,31.9328,-93.1375,3155968,938250
201708,118386,711431,3,2.4,NNW,CAMPTI,31.9331,-93.1324,3155986,937944
201708,118386,711431,4,2.72,SW,BLACK LAKE,31.9424,-93.133,3156544,937980
201708,118386,711538,1,3.11,S,SOUTH MANSFIELD,31.975,-93.7296,3158500,9343776
201708,118386,711538,2,3.11,S,SOUTH MANSFIELD,31.9751,-93.7283,3158506,9343698
201708,118386,711538,3,3.12,N,TRENTON,31.9747,-93.7283,3158482,9343698
201708,118386,711538,4,3.13,S,SOUTH MANSFIELD,31.9747,-93.7296,3158482,9343776
201708,118386,711539,1,1.9,SSW,PLEASANT HILL,31.7932,-93.5275,3147592,9331650
201708,118386,711539,2,1.88,SSE,PLEASANT HILL,31.7936,-93.5125,3147616,9330750
201708,118386,711539,3,1.3,SSE,PLEASANT HILL,31.8032,-93.5101,3148192,9330606
201708,118386,711539,4,1.26,SSW,PLEASANT HILL,31.8031,-93.5282,3148186,9331692
201708,118386,711541,1,3.55,SSE,UNION SPGS,31.7797,-93.7875,3146782,9347250
201708,118386,711541,2,1.94,NE,MITCHELL,31.7983,-93.6049,3147898,9336294
201708,118386,711541,3,2.8,E,MT CARMEL,31.4639,-93.333,3127834,9319980
201708,118386,711541,4,4.12,SSE,TORO,31.2282,-93.5156,3113692,9330936
201708,118386,711541,5,4.52,S,ZWOLLE AMMONS ARPT,31.4651,-93.69,3127906,9341400
201708,118386,711542,1,0.82,NNE,MANY,31.5815,-93.4765,3134890,9328590
201708,118386,711542,2,1,NE,MANY,31.5819,-93.4705,3134914,9328230
201708,118386,711542,3,2.37,NNE,MANY,31.603,-93.4689,3136180,9328134
201708,118386,711542,4,2.3,N,MANY,31.603,-93.4746,3136180,9328476
201708,118386,711543,1,0.8,SW,FLORIEN,31.4429,-93.4808,3126574,9328848
201708,118386,711543,2,0.89,SW,FLORIEN,31.4399,-93.4793,3126394,9328758
201708,118386,711543,3,0.53,S,FLORIEN,31.4423,-93.4709,3126538,9328254
201708,118386,711543,4,0.36,SSW,FLORIEN,31.445,-93.4716,3126700,9328296
201708,118386,711544,1,1.72,NNE,BELMONT,31.7438,-93.5118,3144628,9330708
201708,118386,711544,2,1.65,NNE,BELMONT,31.7428,-93.5117,3144568,9330702
201708,118386,711544,3,1.7,NNE,BELMONT,31.7429,-93.5095,3144574,9330570
201708,118386,711544,4,1.76,NNE,BELMONT,31.7439,-93.5096,3144634,9330576
201708,118386,711546,1,1.98,NNW,CRESTON,31.9943,-93.0679,3159658,934074
201708,118386,711546,2,1.08,NW,CRESTON,31.981,-93.0631,3158860,933786
201708,118386,711546,3,1.02,NNW,CRESTON,31.9842,-93.0545,3159052,933270
201708,118386,711546,4,1.77,NNW,CRESTON,31.9943,-93.0595,3159658,933570
201708,118386,711547,1,3.3,SW,ASHLAND,32.1118,-93.1339,326708,938034
201708,118386,711547,2,2.7,SSW,ASHLAND,32.1173,-93.1254,327038,937524
201708,118386,711547,3,2.77,SSW,ASHLAND,32.1145,-93.1221,326870,937326
201708,118386,711547,4,3.42,SW,ASHLAND,32.109,-93.1327,326540,937962
201708,118386,711548,1,0.83,ESE,CALVIN,31.9673,-92.7662,3158038,9245972
201708,118386,711548,2,1.01,SE,CALVIN,31.9604,-92.767,3157624,9246020
201708,118386,711548,3,1.99,W,WINNFIELD JOYCE ARPT,31.9452,-92.6834,3156712,9241004
201708,118386,711548,4,2.12,WNW,WINNFIELD JOYCE ARPT,31.9609,-92.6838,3157654,9241028
201708,118386,711549,1,0.7,SSW,RAMBIN,31.9402,-93.4529,3156412,9327174
201708,118386,711549,2,0.86,S,RAMBIN,31.9376,-93.4515,3156256,9327090
201708,118386,711549,3,0.8,S,RAMBIN,31.9385,-93.4479,3156310,9326874
201708,118386,711549,4,0.6,S,RAMBIN,31.9413,-93.4499,3156478,9326994
201708,118386,711550,1,2.02,W,SKIDDER,32.101,-93.1045,326060,936270
201708,118386,711550,2,2.17,W,SKIDDER,32.0941,-93.1065,325646,936390
201708,118386,711550,3,1.88,WSW,SKIDDER,32.0929,-93.1011,325574,936066
201708,118386,711550,4,1.68,W,SKIDDER,32.1002,-93.0988,326012,935928
201708,118386,711551,1,5.23,S,LIBERTY,32.0045,-93.2066,32270,9312396
201708,119659,717797,1,0.42,ESE,DES ARC,34.9681,-91.4929,3458086,9129574
201708,119659,717797,2,0.57,E,DES ARC,34.9688,-91.4901,3458128,9129406
201708,119659,717797,3,0.54,ESE,DES ARC,34.9668,-91.4914,3458008,9129484
201708,119659,717797,4,0.35,ESE,DES ARC,34.9674,-91.4947,3458044,9129682
201708,119659,717798,1,0.57,W,DUMAS,33.88,-91.49,3352800,9129400
201708,119659,717798,2,0.91,N,DUMAS,33.8931,-91.482,3353586,9128920
201708,119659,717798,3,0.82,ESE,DUMAS,33.8757,-91.4667,3352542,9128002
201708,119659,717798,4,0.85,SW,DUMAS,33.8726,-91.4919,3352356,9129514
201708,119660,717779,1,1.78,ENE,NASSAWADOX,37.48,-75.84,3728800,7550400
201708,119660,717782,1,3.62,SSW,QUINBY,37.5,-75.77,3730000,7546200
201708,119663,717799,1,0,N,BLUE RIDGE,33.3,-96.4,3318000,9624000
201708,119663,717800,1,3.27,SSE,TUNDRA,32.43,-95.85,3225800,9551000
201708,119663,717801,1,2.07,N,SADLER,33.71,-96.85,3342600,9651000
201708,119663,717876,1,0,N,POTTSBORO,33.75,-96.67,3345000,9640200
201708,119663,717876,2,3.03,S,(F39)SHERMAN-DENISON,33.6764,-96.6646,3340584,9639876
201708,119663,717876,3,3.23,SSW,PERRIN AFB,33.6747,-96.714,3340482,9642840
201708,119663,717876,4,1.89,NW,POTTSBORO,33.7672,-96.6955,3346032,9641730
201708,119663,717877,1,1.63,NNW,SHERMAN MUNI ARPT,33.6515,-96.5918,3339090,9635508
201708,119663,717877,2,1.86,S,SHERMAN MUNI ARPT,33.6032,-96.5836,3336192,9635016
201708,119663,717877,3,1.8,NNW,HILTON,33.5949,-96.6388,3335694,9638328
201708,119663,717877,4,3.17,WNW,SHERMAN MUNI ARPT,33.6452,-96.632,3338712,9637920
201708,119663,717879,1,2.21,W,SHERMAN MUNI ARPT,33.6338,-96.6181,3338028,9637086
201708,119663,717879,2,1.99,W,SHERMAN MUNI ARPT,33.6329,-96.6144,3337974,9636864
201708,119663,717879,3,1.96,W,SHERMAN MUNI ARPT,33.6282,-96.6139,3337692,9636834
201708,119663,717879,4,2.13,W,SHERMAN MUNI ARPT,33.628,-96.617,3337680,9637020
201708,119663,717883,1,0.72,N,SULPHUR BLUFF,33.3403,-95.3984,3320418,9523904
201708,119663,717883,2,3.16,ENE,SULPHUR BLUFF,33.3432,-95.3476,3320592,9520856
201708,119663,717883,3,3.57,ESE,SULPHUR BLUFF,33.3189,-95.3395,3319134,9520370
201708,119663,717883,4,0.49,SE,SULPHUR BLUFF,33.3251,-95.3939,3319506,9523634
201708,119663,717884,1,3.28,SW,RANDOLPH,33.443,-96.2856,3326580,9617136
201708,119663,717884,2,0.48,SSW,FRANK,33.4435,-96.2231,3326610,9613386
201708,119663,717884,3,2.13,NE,LEONARD,33.4014,-96.2234,3324084,9613404
201708,119663,717884,4,1.93,NNW,LEONARD,33.4037,-96.2677,3324222,9616062
201708,119663,717885,1,3.1,SE,LADONIA,33.39,-95.93,3323400,9555800
201708,119663,717885,2,4.27,ESE,LADONIA,33.3936,-95.9031,3323616,9554186
201708,119663,717885,3,4.69,SE,LADONIA,33.3775,-95.9067,3322650,9554402
201708,119663,717885,4,3.63,SE,LADONIA,33.3787,-95.9311,3322722,9555866
201708,119663,717886,1,1.87,WSW,COMMERCE MUNI ARPT,33.29,-95.93,3317400,9555800
201708,119663,717886,2,1.69,NNW,COMMERCE,33.274,-95.9058,3316440,9554348
201708,119663,717886,3,1.57,NW,COMMERCE,33.2631,-95.9222,3315786,9555332
201708,119663,717886,4,2.59,SSE,FAIRLIE,33.2869,-95.9488,3317214,9556928
201708,119663,717887,1,2.96,ENE,BONHAM,33.59,-96.13,3335400,967800
201708,119663,717887,2,1.86,NW,DODD CITY,33.5907,-96.1009,3335442,966054
201708,119663,717887,3,1.18,W,DODD CITY,33.5692,-96.1005,3334152,966030
201708,119663,717887,4,2.68,ESE,BONHAM,33.5707,-96.1348,3334242,968088
201708,119663,717888,1,1.57,S,COMMERCE MUNI ARPT,33.2772,-95.8997,3316632,9553982
201708,119663,717888,2,1.62,SSE,COMMERCE MUNI ARPT,33.2774,-95.8924,3316644,9553544
201708,119663,717888,3,1.63,NNE,COMMERCE,33.273,-95.8934,3316380,9553604
201708,119663,717888,4,1.52,N,COMMERCE,33.272,-95.8984,3316320,9553904
201708,119663,717889,1,1.21,N,CELESTE,33.2975,-96.1996,3317850,9611976
201708,119663,717889,2,1.25,NNE,CELESTE,33.2957,-96.1891,3317742,9611346
201708,119663,717889,3,0.75,NE,CELESTE,33.2878,-96.1909,3317268,9611454
201708,119663,717889,4,0.64,N,CELESTE,33.2892,-96.199,3317352,9611940
201708,119663,717961,1,1.87,S,NEEDMORE,33.303,-95.8283,3318180,9549698
201708,119663,717961,2,2.45,SE,NEEDMORE,33.3027,-95.8028,3318162,9548168
201708,119663,717961,3,0.92,ESE,HORTON,33.2661,-95.8047,3315966,9548282
201708,120015,720219,1,1.77,WNW,EMPORIA,38.41,-96.21,3824600,9612600
201708,120015,720220,1,4,WSW,LAKE VIEW,39,-95.35,3900,9521000
201708,120015,720221,1,1.61,W,LAWRENCE,38.97,-95.26,3858200,9515600
201708,120015,720222,1,0,N,LE ROY,38.08,-95.63,384800,9537800
201708,120015,720223,1,1.17,NW,WELLSVILLE,38.7318,-95.0956,3843908,955736
201708,120015,720223,2,1.02,NE,WELLSVILLE,38.7305,-95.0668,3843830,954008
201708,120015,720223,3,1.52,SSE,WELLSVILLE,38.7008,-95.0664,3842048,953984
201708,120015,720223,4,1.36,SSW,WELLSVILLE,38.7036,-95.094,3842216,955640
201708,120015,720224,1,5.04,ESE,BALDWIN,38.75,-95.09,3845000,955400
201708,120015,720224,2,4.38,ESE,BALDWIN,38.745,-95.1052,3844700,956312
201708,120015,720224,3,4.99,ESE,BALDWIN,38.7366,-95.0979,3844196,955874
201708,120015,720224,4,5.42,ESE,BALDWIN,38.7415,-95.0863,3844490,955178
201708,120015,720225,1,3.96,ESE,VINLAND,38.8162,-95.0987,3848972,955922
201708,120015,720225,2,4.74,E,VINLAND,38.8186,-95.0832,3849116,954992
201708,120015,720225,3,4.83,ESE,VINLAND,38.808,-95.0848,3848480,955088
201708,120015,720225,4,4.2,ESE,VINLAND,38.8084,-95.097,3848504,955820
201708,120015,720226,1,1.75,WSW,MC LOUTH ARPT,39.17,-95.25,3910200,9515000
201708,120015,720226,2,1.45,WNW,MC LOUTH ARPT,39.1887,-95.2446,3911322,9514676
201708,120015,720226,3,2.76,W,MC LOUTH ARPT,39.1877,-95.2705,3911262,9516230
201708,120015,720226,4,2.79,WSW,MC LOUTH ARPT,39.1697,-95.2704,3910182,9516224
201708,120015,720227,1,1.77,ENE,SILVER LAKE,39.1094,-95.8392,396564,9550352
201708,120015,720227,2,1.69,WNW,KIRO,39.1101,-95.8288,396606,9549728
201708,120015,720227,3,1.67,WSW,KIRO,39.0922,-95.8295,395532,9549770
201708,120015,720227,4,1.69,ESE,SILVER LAKE,39.0917,-95.8404,395502,9550424
201708,120015,720228,1,2.99,NW,NORWOOD,38.71,-95.27,3842600,9516200
201708,120015,720228,2,4.46,NNW,NORWOOD,38.7364,-95.27,3844184,9516200
201708,120015,720228,3,3.75,N,LE LOUP,38.7533,-95.1371,3845198,958226
201708,120015,720228,4,1.22,NNE,LE LOUP,38.7161,-95.1409,3842966,958454
201708,120015,720229,1,2.13,NW,WORDEN,38.8,-95.36,3848000,9521600
201708,120015,720229,2,2.16,WNW,LONE STAR,38.8799,-95.3881,3852794,9523286
201708,120015,720229,3,3.93,NNE,VINLAND,38.8815,-95.1389,3852890,958334
201708,120015,720229,4,2.7,SE,VINLAND,38.8002,-95.1375,3848012,958250
201708,120015,720231,1,2.12,SE,MC LOUTH ARPT,39.16,-95.19,399600,9511400
201708,120015,720231,2,0.91,SE,MC LOUTH ARPT,39.1712,-95.2074,3910272,9512444
201708,120015,720231,3,1.14,S,MC LOUTH ARPT,39.1635,-95.2195,399810,9513170
201708,120015,720231,4,2.32,SE,MC LOUTH ARPT,39.1524,-95.1953,399144,9511718
201708,120015,720232,1,0.88,SE,NORWOOD,38.67,-95.22,3840200,9513200
201708,120015,720232,2,0.58,S,NORWOOD,38.6716,-95.2305,3840296,9513830
201708,120015,720232,3,1.35,S,NORWOOD,38.6609,-95.2252,3839654,9513512
201708,120015,720232,4,1.34,SE,NORWOOD,38.6642,-95.2154,3839852,9512924
201708,120015,720235,1,0.16,S,TOPEKA,39.0478,-95.6797,392868,9540782
201708,120015,720235,2,0.18,WSW,TOPEKA,39.0491,-95.6831,392946,9540986
201708,120015,720235,3,0.31,SW,TOPEKA,39.0466,-95.6839,392796,9541034
201708,120015,720235,4,0.27,S,TOPEKA,39.0461,-95.6807,392766,9540842
201708,120016,719175,1,1.23,SE,PAPER MILL VLG,42.91,-73.21,4254600,7312600
201708,120016,719176,1,0.51,E,BENNINGTON,42.88,-73.19,4252800,7311400
201708,120016,719177,1,0.5,W,JAMAICA,43.1,-72.79,436000,7247400
201708,120017,719201,1,0.48,E,ROSLYN,45.5,-97.49,4530000,9729400
201708,120017,719202,1,6.34,E,GRENVILLE,45.46,-97.27,4527600,9716200
201708,120017,719203,1,3.69,WNW,RAUVILLE,45,-97.15,4500,979000
201708,120017,719205,1,1.38,N,WAVERLY,45.02,-96.97,451200,9658200
201708,120019,719217,1,6.82,E,TRAIL CITY,45.46,-100.59,4527600,10035400
201708,120019,719217,2,7.13,E,TRAIL CITY,45.4623,-100.5833,4527738,10034998
201708,120019,719217,3,7.19,E,TRAIL CITY,45.4586,-100.5826,4527516,10034956
201708,120019,719217,4,6.88,E,TRAIL CITY,45.458,-100.5892,4527480,10035352
201708,120019,719218,1,2.87,NW,LYMAN,43.91,-99.77,4354600,9946200
201708,120019,719219,1,2.87,NW,LYMAN,43.91,-99.77,4354600,9946200
201708,120019,719220,1,2,W,RELIANCE,43.88,-99.6402,4352800,9938412
201708,120019,719220,2,4.02,NW,OACOMA,43.847,-99.4476,4350820,9926856
201708,120019,719221,1,4.74,SW,MAPLE LEAF,45.88,-100.98,4552800,10058800
201708,120019,719222,1,0.85,NE,RIDGEVIEW JEWETT ARP,45.09,-100.79,455400,10047400
201708,120020,719223,1,0,N,GUNPOWDER (GUN),39.36,-76.37,3921600,7622200
201708,120020,719665,1,0,N,TOLCHESTER MD (TCBM2),39.32,-76.25,3919200,7615000
201708,120022,719224,1,6.82,NW,CRISFIELD (CGLS KW06),38.0591,-75.9595,383546,7557570
201708,120022,719983,1,0,N,PATAPSCO BUOY (44043),39.15,-76.39,399000,7623400
201708,120023,719225,1,0,N,BLACKWALNUT HARBOR (BWH),38.68,-76.33,3840800,7619800
201708,120023,719984,1,0,N,CUCKOLD CREEK (CCK),38.31,-76.93,3818600,7655800
201708,120023,719985,1,0,N,CRISFIELD CG (CRS),37.97,-75.88,3758200,7552800
201708,120024,719226,1,0,N,LAKELAND ES AND MS (BLTLK),39.25,-76.65,3915000,7639000
201708,120024,719227,1,0,N,(DCA)REAGAN NATIONAL AIRPORT,38.86,-77.03,3851600,771800
201708,120024,719228,1,1.53,E,BABAR POINT (BAB),38.3089,-77.0019,3818534,77114
201708,120024,719229,1,0,N,PATAPSCO BUOY (44043),39.15,-76.39,399000,7623400
201708,120024,719230,1,2.76,NNW,SANDY POINT (SPT),39.0481,-76.4152,392886,7624912
201708,120024,719231,1,0,N,GOOSES REEF BUOY (44062),38.56,-76.41,3833600,7624600
201708,120024,719232,1,0,N,MONROE CREEK (MON),38.23,-76.95,3813800,7657000
201708,120024,719233,1,0,N,COBB POINT (COB),38.24,-76.83,3814400,7649800
201708,120025,719234,1,0,N,GROVE POINT (GVP),39.4,-76.04,3924000,762400
201708,120025,719235,1,0,N,NORTH BAY NORTH EAST MD (NRTBY),39.5,-75.99,3930000,7559400
201708,120025,719236,1,0,N,QUANTICO (KNYG),38.51,-77.3,3830600,7718000
201708,120025,719237,1,3.29,ESE,LEESYLVANIA STATE PARK (LSLVN),38.644,-77.199,3838640,7711940
201708,120025,719238,1,0,N,ORIOLE PARK AT CAMDEN YARDS (BLTPC),39.28,-76.62,3916800,7637200
201708,120025,719239,1,0,N,MARYLAND SCIENCE CENTER (BLMRE),39.28,-76.61,3916800,7636600
201708,120025,719240,1,0,N,BALTIMORE KEY BRIDGE (FSKM2),39.22,-76.53,3913200,7631800
201708,120025,719241,1,0,N,HART MILLER ISLAND (HRT),39.25,-76.37,3915000,7622200
201708,120025,719242,1,0,N,TOLCHESTER MD (TCBM2),39.32,-76.25,3919200,7615000
201708,120025,719243,1,0,N,POTOMAC LIGHT 33 (LT3),38.34,-76.99,3820400,7659400
201708,120025,719244,1,0,N,CUCKOLD CREEK (CCK),38.31,-76.93,3818600,7655800
201708,120025,719245,1,0,N,GREENBERRY POINT (GBY),38.97,-76.46,3858200,7627600
201708,120025,719246,1,0.28,S,ANNAPOLIS (KNAK),38.976,-76.481,3858560,7628860
201708,120025,719247,1,0,N,KENT ISLAND (KNT),38.92,-76.36,3855200,7621600
201708,120025,719248,1,0,N,TOLLY POINT (TOL),38.94,-76.44,3856400,7626400
201708,120025,719249,1,0,N,THOMAS POINT (TPLM2),38.9,-76.44,3854000,7626400
201708,120025,719250,1,0,N,PATAPSCO BUOY (44043),39.15,-76.39,399000,7623400
201708,120025,719251,1,0,N,GOOSES REEF BUOY (44062),38.56,-76.41,3833600,7624600
201708,120025,719252,1,2.65,S,MID BAY BUOY,38.432,-76.387,3825920,7623220
201708,120025,719253,1,10.18,WSW,MID BAY BUOY,38.4164,-76.5551,3824984,7633306
201708,120025,719254,1,0,N,CUCKOLD CREEK (CCK),38.31,-76.93,3818600,7655800
201708,120025,719255,1,0,N,POTOMAC LIGHT 33 (LT3),38.34,-76.99,3820400,7659400
201708,120025,719256,1,1.53,E,BABAR POINT (BAB),38.3089,-77.0019,3818534,77114
201708,120025,719257,1,0,N,BABAR POINT (BAB),38.31,-77.03,3818600,771800
201708,120025,719258,1,0,N,COBB POINT (COB),38.24,-76.83,3814400,7649800
201708,120025,719259,1,0,N,PINEY POINT (PPTM2),38.13,-76.53,387800,7631800
201708,120025,719260,1,0,N,LEWISETTA (LWS),38,-76.47,3800,7628200
201708,120025,719261,1,0,N,LEWISETTA MD (LWTV2),38,-76.47,3800,7628200
201708,120025,719262,1,15.92,WNW,SMITH ISLAND (SIS),38.041,-76.322,382460,7619320
201708,120025,719263,1,0,N,PATUXENT RIVER ASOS (KNAK),38.29,-76.41,3817400,7624600
201708,120025,719264,1,2.65,S,MID BAY BUOY,38.432,-76.387,3825920,7623220
201708,120025,719265,1,0,N,LOWER HOOPERS ISLAND (HPR),38.26,-76.18,3815600,7610800
201708,120025,719266,1,0,N,BISHOPS HEAD (BISM2),38.22,-76.04,3813200,762400
201708,120025,719267,1,0,N,GOOSES REEF BUOY (44062),38.56,-76.41,3833600,7624600
201708,120025,719268,1,0,N,RACCOON POINT (RAC),38.14,-75.79,388400,7547400
201708,120025,719269,1,0,N,CRISFIELD CG (CRS),37.97,-75.88,3758200,7552800
201708,120025,719270,1,0,N,POTOMAC POINT LOOKOUT BUOY (44042),38.03,-76.34,381800,7620400
201708,118386,711551,2,2.47,E,COUSHATTA ARPT,31.9802,-93.2578,3158812,9315468
201708,118386,711551,3,5.98,E,COUSHATTA ARPT,31.9641,-93.1998,3157846,9311988
201708,118386,711551,4,5.42,S,LIBERTY,32.002,-93.1902,32120,9311412
201708,118386,711553,1,2.4,SSW,TANNEHILL,31.9702,-92.6912,3158212,9241472
201708,118386,711553,2,2.64,SSW,TANNEHILL,31.9667,-92.6922,3158002,9241532
201708,118386,711553,3,2.39,WNW,WINNFIELD JOYCE ARPT,31.9659,-92.6863,3157954,9241178
201708,118386,711553,4,2.32,SSW,TANNEHILL,31.9689,-92.6851,3158134,9241106
201708,118386,711554,1,0.88,W,CALVIN,31.9691,-92.795,3158146,9247700
201708,118386,711554,2,1.98,WNW,WINNFIELD JOYCE ARPT,31.9621,-92.6807,3157726,9240842
201708,118386,711554,3,1.77,WSW,WINNFIELD JOYCE ARPT,31.9437,-92.6793,3156622,9240758
201708,118386,711554,4,1.36,SSW,CALVIN,31.9528,-92.7912,3157168,9247472
201708,118386,711555,1,2.53,W,MILL,32.1236,-92.893,327416,9253580
201708,118386,711555,2,2.48,WSW,MILL,32.1121,-92.8913,326726,9253478
201708,118386,711555,3,0.42,SE,MILL,32.1159,-92.8447,326954,9250682
201708,118386,711555,4,0.49,NNE,MILL,32.1261,-92.8458,327566,9250748
201708,118386,711556,1,1.38,NE,CALVIN,31.9864,-92.7665,3159184,9245990
201708,118386,711556,2,1.79,WNW,WINNFIELD JOYCE ARPT,31.9583,-92.679,3157498,9240740
201708,118386,711556,3,1.8,S,TANNEHILL,31.9743,-92.6652,3158458,9239912
201708,118386,711556,4,2.86,NNE,CALVIN,32.009,-92.7638,32540,9245828
201708,118386,711557,1,1.01,ENE,LIBERTY,32.0837,-93.1834,325022,9311004
201708,118386,711557,2,1.44,NE,LIBERTY,32.0923,-93.18,325538,9310800
201708,118386,711557,3,1.78,ENE,LIBERTY,32.0917,-93.173,325502,9310380
201708,118386,711557,4,1.34,E,LIBERTY,32.0837,-93.1775,325022,9310650
201708,118386,711558,1,0.43,ENE,HALFWAY,32.1217,-93.3629,327302,9321774
201708,118386,711558,2,1.73,NE,HALFWAY,32.1387,-93.3505,328322,9321030
201708,118386,711558,3,2.2,ENE,HALFWAY,32.1319,-93.335,327914,9320100
201708,118386,711558,4,0.9,ESE,HALFWAY,32.1171,-93.355,327026,9321300
201708,118386,711559,1,1,SE,CAMPTI,31.8882,-93.1102,3153292,936612
201708,118386,711559,2,1.52,SE,CAMPTI,31.8822,-93.1048,3152932,936288
201708,118386,711559,3,1.51,SE,CAMPTI,31.8843,-93.102,3153058,936120
201708,118386,711559,4,1.06,SE,CAMPTI,31.889,-93.1075,3153340,936450
201708,118386,711560,1,2.02,N,CRESTON,31.9989,-93.0448,3159934,932688
201708,118386,711560,2,2.04,WSW,OSHKOSH,32.0232,-93.0339,321392,932034
201708,118386,711560,3,1.37,WSW,OSHKOSH,32.0195,-93.0199,321170,931194
201708,118386,711560,4,2.09,NNE,CRESTON,31.9976,-93.0357,3159856,932142
201708,118386,711561,1,2.11,SSW,CRICHTON,32.1007,-93.4401,326042,9326406
201708,118386,711561,2,0.41,NW,LAKE END,31.9248,-93.3241,3155488,9319446
201708,118386,711561,3,5.14,ESE,LAKE END,31.9004,-93.2355,3154024,9314130
201708,118386,711561,4,2.05,E,LIBERTY,32.085,-93.1654,325100,939924
201708,118386,711561,5,3.59,SE,WOMACK,32.1385,-93.1929,328310,9311574
201708,118386,711562,1,0.51,SSE,HAGEWOOD,31.7128,-93.2179,3142768,9313074
201708,118386,711562,2,1.26,S,HAGEWOOD,31.7017,-93.2202,3142102,9313212
201708,118386,711562,3,1.28,SSE,HAGEWOOD,31.7023,-93.2132,3142138,9312792
201708,118386,711562,4,0.71,SE,HAGEWOOD,31.7122,-93.2121,3142732,9312726
201708,118386,711563,1,4.24,N,MARTHAVILLE,31.7913,-93.3965,3147478,9323790
201708,118386,711563,2,0.72,NNE,MARTHAVILLE,31.74,-93.3963,3144400,9323778
201708,118386,711563,3,1.09,ENE,MARTHAVILLE,31.7383,-93.3841,3144298,9323046
201708,118386,711563,4,4.07,NNE,MARTHAVILLE,31.7854,-93.3766,3147124,9322596
201708,118386,711564,1,0.57,NNE,CRESTON,31.9781,-93.0479,3158686,932874
201708,118386,711564,2,0.61,ESE,GOLDONNA,32.0161,-92.9107,32966,9254642
201708,118386,711564,3,1.46,SE,GOLDONNA,32.0037,-92.9042,32222,9254252
201708,118386,711564,4,3.37,E,CRESTON,31.9627,-92.9931,3157762,9259586
201708,118386,711564,5,1.19,ESE,CRESTON,31.9627,-93.0315,3157762,931890
201708,118386,711565,1,0.82,WSW,CAMPTI,31.8975,-93.1337,3153850,938022
201708,118386,711565,2,0.43,SSW,CAMPTI,31.8947,-93.1238,3153682,937428
201708,118386,711565,3,0.73,SSW,CAMPTI,31.8904,-93.1251,3153424,937506
201708,118386,711565,4,0.87,WSW,CAMPTI,31.8954,-93.1338,3153724,938028
201708,118386,711566,1,5.16,SW,ASHLAND,32.0955,-93.1602,325730,939612
201708,118386,711566,2,1.31,SW,ASHLAND,32.1364,-93.1157,328184,936942
201708,118386,711566,3,0.86,S,ASHLAND,32.1376,-93.1009,328256,936054
201708,118386,711566,4,1.97,S,ASHLAND,32.1216,-93.1016,327296,936096
201708,118386,711566,5,5.11,W,SKIDDER,32.0902,-93.1565,325412,939390
201708,118386,711567,1,0.37,S,FLORA,31.6147,-93.1006,3136882,936036
201708,118386,711567,2,3.21,N,FLORA,31.6661,-93.1071,3139966,936426
201708,118386,711567,3,2.44,N,FLORA,31.655,-93.0947,3139300,935682
201708,118386,711567,4,0.57,SSE,FLORA,31.6129,-93.0952,3136774,935712
201708,118386,711569,1,0.85,S,MONTROSE,31.5679,-92.9976,3134074,9259856
201708,118386,711569,2,1.46,SW,MONTROSE,31.5658,-93.0183,3133948,931098
201708,118386,711569,3,2.57,WNW,DERRY,31.5382,-93.0125,3132292,93750
201708,118386,711569,4,1.93,WNW,DERRY,31.5449,-92.9977,3132694,9259862
201708,118386,711570,1,0.2,SE,MONTROSE,31.5778,-92.9977,3134668,9259862
201708,118386,711570,2,0.28,SE,MELROSE,31.5971,-92.9766,3135826,9258596
201708,118386,711570,3,0.75,SE,MELROSE,31.5917,-92.9718,3135502,9258308
201708,118386,711570,4,0.63,SE,MONTROSE,31.5729,-92.9934,3134374,9259604
201708,118386,714252,1,0.12,NNE,WOMACK,32.1817,-93.2292,3210902,9313752
201708,118386,714252,2,0.07,NE,WOMACK,32.1808,-93.2291,3210848,9313746
201708,118386,714252,3,0.11,ENE,WOMACK,32.1808,-93.2284,3210848,9313704
201708,118386,714252,4,0.15,NE,WOMACK,32.1816,-93.2284,3210896,9313704
201708,118386,714253,1,2.25,NE,SPRINGVILLE,32.047,-93.3085,322820,9318510
201708,118386,714253,2,2.65,NE,SPRINGVILLE,32.0501,-93.3019,323006,9318114
201708,118386,714253,3,2.65,NE,SPRINGVILLE,32.0482,-93.2993,322892,9317958
201708,118386,714253,4,2.21,NE,SPRINGVILLE,32.0451,-93.3066,322706,9318396
201708,118391,711453,1,2.12,SW,RAVEN ROCK,39.41,-81.18,3924600,8110800
201708,118392,711457,1,0.54,W,LECTA,38.67,-82.38,3840200,8222800
201708,118392,711458,1,2.7,W,MERCERVILLE,38.67,-82.32,3840200,8219200
201708,118392,711459,1,2.04,NNW,CROWN CITY,38.6271,-82.2952,3837626,8217712
201708,118394,711461,1,3.4,SW,SILOAM,38.64,-82.08,3838400,824800
201708,118394,711464,1,2.56,ESE,FIVEMILE,38.73,-82.04,3843800,822400
201708,118407,711585,1,2.56,ESE,MELROSE,29.667,-82.03,2940020,821800
201708,118407,711585,2,2.5,ESE,MELROSE,29.67,-82.03,2940200,821800
201708,118407,711585,3,2.26,ESE,MELROSE,29.6679,-82.0351,2940074,822106
201708,118407,711585,4,2.35,ESE,MELROSE,29.6669,-82.0339,2940014,822034
201708,118407,711586,1,1.92,ESE,EAST MANDARIN,30.14,-81.6,308400,8136000
201708,118408,711589,1,0.59,E,BOYS ESTATE,31.33,-81.47,3119800,8128200
201708,118409,711599,1,2.16,NNW,BOWDEN,30.3,-81.63,3018000,8137800
201708,118409,711600,1,3.29,SSE,CALLAHAN,30.53,-81.79,3031800,8147400
201708,118409,711601,1,1.38,ESE,CRAWFORD,30.49,-81.85,3029400,8151000
201708,118409,711606,1,1.83,NE,TULANE,30.37,-81.93,3022200,8155800
201708,118409,711607,1,2.16,NNW,JACKSONVILLE,30.38,-81.68,3022800,8140800
201708,118409,711608,1,0.91,NW,BRYCEVILLE,30.39,-81.94,3023400,8156400
201708,118425,711662,1,2.76,S,CHAMPION,40.43,-101.75,4025800,10145000
201708,118426,711663,1,7.94,SE,MOOREFIELD,40.61,-100.21,4036600,10012600
201708,118426,711664,1,0.69,S,EUSTIS,40.66,-100.03,4039600,1001800
201708,118428,714480,1,0,N,SUMNER,40.95,-99.52,4057000,9931200
201708,118428,714481,1,0,N,GOTHENBURG,40.93,-100.15,4055800,1009000
201708,118428,714485,1,0,N,COZAD,40.87,-99.97,4052200,9958200
201708,118428,714487,1,5,WSW,JOHNSON RES,40.6723,-99.9382,4040338,9956292
201708,118428,714488,1,14.75,S,ELWOOD,40.39,-99.9,4023400,9954000
201708,118428,714489,1,2,NNE,CAMBRIDGE,40.3067,-100.1555,4018402,1009330
201708,118428,714490,1,2,W,ARAPAHOE,40.3,-99.938,4018000,9956280
201708,118428,714492,1,2,NNE,CAMBRIDGE,40.3067,-100.1555,4018402,1009330
201708,118428,714493,1,2,E,HOLBROOK,40.3,-99.9821,4018000,9958926
201708,118428,714495,1,0,N,WILSONVILLE,40.12,-100.12,407200,1007200
201708,118428,714496,1,0,N,WILLOW IS,40.88,-100.07,4052800,1004200
201708,118429,719451,1,7.48,NW,LOUP CITY,41.35,-99.09,4121000,995400
201708,118429,719451,2,3.46,NW,SHERMAN RES,41.36,-98.94,4121600,9856400
201708,118429,719451,3,3.76,E,SHERMAN RES,41.3305,-98.8289,4119830,9849734
201708,118429,719451,4,0.86,SE,LOUP CITY,41.27,-98.97,4116200,9858200
201708,118429,719451,5,2.14,NNE,LITCHFIELD,41.2,-99.14,4112000,998400
201708,118429,719452,1,3.7,E,SHERMAN RES,41.33,-98.83,4119800,9849800
201708,119663,717961,4,0.83,WSW,HORTON,33.2651,-95.8331,3315906,9549986
201708,119663,717968,1,0.46,N,YOWELL,33.3567,-95.8489,3321402,9550934
201708,119663,717968,2,1.66,N,KLONDIKE,33.3541,-95.7709,3321246,9546254
201708,119663,717968,3,0.31,NNW,KLONDIKE,33.334,-95.7723,3320040,9546338
201708,119663,717968,4,1.07,S,YOWELL,33.3346,-95.8519,3320076,9551114
201708,119663,717971,1,1.02,SSW,RATTAN,33.4071,-95.7888,3324426,9547328
201708,119663,717971,2,0.98,SSE,RATTAN,33.408,-95.7711,3324480,9546266
201708,119663,717971,3,2.67,NE,GOUGH,33.3788,-95.769,3322728,9546140
201708,119663,717971,4,2.38,NNE,GOUGH,33.3805,-95.7809,3322830,9546854
201708,119663,717974,1,0.52,NNW,RIDGEWAY,33.1863,-95.7748,3311178,9546488
201708,119663,717974,2,0.96,E,RIDGEWAY,33.1813,-95.7534,3310878,9545204
201708,119663,717974,3,1.05,SE,RIDGEWAY,33.1687,-95.7579,3310122,9545474
201708,119663,717974,4,0.8,SW,RIDGEWAY,33.1708,-95.7785,3310248,9546710
201708,119663,717976,1,0.54,S,TEDRAG,33.1622,-95.6798,339732,9540788
201708,119663,717976,2,0.68,SSE,TEDRAG,33.1605,-95.6769,339630,9540614
201708,119663,717976,3,0.82,S,TEDRAG,33.1583,-95.6781,339498,9540686
201708,119663,717976,4,0.69,S,TEDRAG,33.16,-95.68,339600,9540800
201708,119663,717978,1,0.58,W,MAHONEY,33.2,-95.51,3312000,9530600
201708,119663,717978,2,0.63,ENE,MAHONEY,33.2019,-95.4894,3312114,9529364
201708,119663,717978,3,1.35,NW,WHITE OAK,33.1828,-95.4877,3310968,9529262
201708,119663,717978,4,1.17,S,MAHONEY,33.1831,-95.4992,3310986,9529952
201708,119663,717979,1,2.32,SSW,NORTH SHIRLEY,33.2391,-95.5458,3314346,9532748
201708,119663,717979,2,2.21,SSW,NORTH SHIRLEY,33.2388,-95.5379,3314328,9532274
201708,119663,717979,3,2.56,S,NORTH SHIRLEY,33.2336,-95.5383,3314016,9532298
201708,119663,717979,4,2.74,SSW,NORTH SHIRLEY,33.2337,-95.5494,3314022,9532964
201708,119663,717980,1,2.86,SSW,HARLOW,33.0449,-96.1462,332694,968772
201708,119663,717980,2,2.77,SSW,HARLOW,33.0445,-96.1421,332670,968526
201708,119663,717980,3,2.99,SSW,HARLOW,33.0411,-96.1426,332466,968556
201708,119663,717980,4,3.07,SSW,HARLOW,33.0411,-96.1456,332466,968736
201708,119663,717981,1,0.59,N,PENIEL,33.1785,-96.1299,3310710,967794
201708,119663,717981,2,0.26,E,PENIEL,33.17,-96.1255,3310200,967530
201708,119663,717981,3,0.09,SW,PENIEL,33.1691,-96.1311,3310146,967866
201708,119663,717981,4,0.73,NNW,PENIEL,33.1797,-96.1351,3310782,968106
201708,119663,718225,1,5.7,ESE,BAILEY,33.3849,-96.0874,3323094,965244
201708,119663,718225,2,5.78,ESE,BAILEY,33.3841,-96.0862,3323046,965172
201708,119663,718225,3,5.78,SE,BAILEY,33.383,-96.0871,3322980,965226
201708,119663,718225,4,5.67,SE,BAILEY,33.3844,-96.0883,3323064,965298
201708,119663,718226,1,0.98,NNE,LEONARD,33.3918,-96.2407,3323508,9614442
201708,119663,718226,2,1.04,NE,LEONARD,33.3894,-96.2359,3323364,9614154
201708,119663,718226,3,0.81,ENE,LEONARD,33.3849,-96.2373,3323094,9614238
201708,119663,718226,4,0.65,ENE,LEONARD,33.3845,-96.2402,3323070,9614412
201708,119663,718227,1,1.58,WSW,BAILEY,33.4189,-96.194,3325134,9611640
201708,119663,718227,2,1.19,SW,BAILEY,33.4178,-96.1846,3325068,9611076
201708,119663,718227,3,1.8,SW,BAILEY,33.41,-96.19,3324600,9611400
201708,119663,718227,4,1.88,SW,BAILEY,33.4133,-96.1957,3324798,9611742
201708,119664,717802,1,5.76,NE,YOSEMITE LODGE,37.817,-119.4828,3749020,11928968
201708,119664,717802,2,5.89,ENE,YOSEMITE LODGE,37.816,-119.4792,3748960,11928752
201708,119664,717802,3,6.49,NE,YOSEMITE LODGE,37.8236,-119.4724,3749416,11928344
201708,119664,717802,4,6.41,NE,YOSEMITE LODGE,37.8256,-119.4759,3749536,11928554
201708,119673,717831,1,1,SW,MOUNTAIN VIEW,40.9102,-74.264,4054612,7415840
201708,119673,717831,2,0.87,SW,MOUNTAIN VIEW,40.911,-74.2617,4054660,7415702
201708,119673,717831,3,0.84,WSW,MOUNTAIN VIEW,40.9153,-74.2648,4054918,7415888
201708,119673,717831,4,0.93,WSW,MOUNTAIN VIEW,40.9153,-74.2666,4054918,7415996
201708,119673,717832,1,0.69,S,SINGAC,40.89,-74.2496,4053400,7414976
201708,119673,717832,2,0.76,S,SINGAC,40.8891,-74.2489,4053346,7414934
201708,119673,717832,3,0.7,S,SINGAC,40.89,-74.2479,4053400,7414874
201708,119673,717832,4,0.65,S,SINGAC,40.8906,-74.2486,4053436,7414916
201708,119673,717834,1,0.43,SSW,SOUTH PATERSON,40.8945,-74.1738,4053670,7410428
201708,119673,717834,2,0.45,SW,SOUTH PATERSON,40.8947,-74.1751,4053682,7410506
201708,119673,717834,3,0.38,SW,SOUTH PATERSON,40.8954,-74.1741,4053724,7410446
201708,119673,717834,4,0.38,SSW,SOUTH PATERSON,40.895,-74.1733,4053700,7410398
201708,119673,717836,1,0.76,S,SINGAC,40.889,-74.251,4053340,7415060
201708,119673,717836,2,0.79,S,SINGAC,40.8886,-74.2507,4053316,7415042
201708,119673,717836,3,0.82,S,SINGAC,40.8882,-74.2516,4053292,7415096
201708,119673,717836,4,0.79,S,SINGAC,40.8887,-74.2518,4053322,7415108
201708,119673,717838,1,0.8,ENE,MOUNTAIN VIEW,40.9226,-74.2351,4055356,7414106
201708,119673,717838,2,0.76,ENE,MOUNTAIN VIEW,40.9231,-74.236,4055386,7414160
201708,119673,717838,3,0.82,ENE,MOUNTAIN VIEW,40.924,-74.2352,4055440,7414112
201708,119673,717838,4,0.85,ENE,MOUNTAIN VIEW,40.9234,-74.2344,4055404,7414064
201708,119679,717841,1,0.8,NNW,WALDEN,41.5602,-74.1874,4133612,7411244
201708,119679,717841,2,0.86,NNW,WALDEN,41.561,-74.1875,4133660,7411250
201708,119679,717841,3,0.81,NNW,WALDEN,41.5614,-74.1834,4133684,7411004
201708,119679,717841,4,0.54,SW,EAST WALDEN,41.564,-74.1767,4133840,7410602
201708,119679,717841,5,0.61,SW,EAST WALDEN,41.5629,-74.1769,4133774,7410614
201708,119679,717841,6,0.76,NNW,WALDEN,41.5607,-74.1834,4133642,7411004
201708,119679,717842,1,0.6,ESE,WILLIAMS BRIDGE,40.8757,-73.87,4052542,7352200
201708,119679,717842,2,0.62,ESE,WILLIAMS BRIDGE,40.875,-73.8701,4052500,7352206
201708,119679,717842,3,0.6,SE,WILLIAMS BRIDGE,40.8751,-73.8706,4052506,7352236
201708,119679,717842,4,0.58,ESE,WILLIAMS BRIDGE,40.8757,-73.8706,4052542,7352236
201708,119682,717856,1,0.37,NNE,RICHMOND HILL,40.7044,-73.8162,4042264,7348972
201708,119682,717856,2,0.59,N,RICHMOND HILL,40.7085,-73.8188,4042510,7349128
201708,119682,717856,3,0.56,N,RICHMOND HILL,40.7081,-73.8203,4042486,7349218
201708,119682,717856,4,0.32,NNE,RICHMOND HILL,40.7043,-73.818,4042258,7349080
201708,119683,717858,1,0.8,W,YOSEMITE VLG,37.749,-119.5946,3744940,11935676
201708,119683,717859,1,1.84,WSW,YOSEMITE VLG,37.7409,-119.6116,3744454,11936696
201708,119683,717859,2,1.62,W,CAMP CURRY,37.7282,-119.5996,3743692,11935976
201708,119683,717859,3,0.82,SSW,YOSEMITE NATL PARK,37.7392,-119.5563,3744352,11933378
201708,119683,717859,4,0.31,NW,YOSEMITE VLG,37.753,-119.5843,3745180,11935058
201708,119684,717857,1,0.55,NW,THORNWOOD,41.1256,-73.7874,417536,7347244
201708,119684,717857,2,0.5,NW,THORNWOOD,41.1243,-73.7877,417458,7347262
201708,119684,717857,3,0.3,NW,THORNWOOD,41.123,-73.7841,417380,7347046
201708,119684,717857,4,0.3,NNW,THORNWOOD,41.1237,-73.7829,417422,7346974
201708,119684,717857,5,0.42,NW,THORNWOOD,41.125,-73.7847,417500,7347082
201708,119685,717860,1,1.45,NE,CLIFTON,40.8851,-74.1309,4053106,747854
201708,119685,717860,2,1.53,NE,CLIFTON,40.8871,-74.1314,4053226,747884
201708,119685,717860,3,0.75,N,CLIFTON,40.8808,-74.1517,4052848,749102
201708,119685,717860,4,0.59,N,CLIFTON,40.8786,-74.1502,4052716,749012
201708,120026,719271,1,0,N,ORIOLE PARK AT CAMDEN YARDS (BLTPC),39.28,-76.62,3916800,7637200
201708,120026,719272,1,0,N,BALTIMORE KEY BRIDGE (FSKM2),39.22,-76.53,3913200,7631800
201708,120026,719273,1,0,N,PATAPSCO BUOY (44043),39.15,-76.39,399000,7623400
201708,120026,719274,1,0,N,TOLCHESTER MD (TCBM2),39.32,-76.25,3919200,7615000
201708,120026,719275,1,0,N,GOOSES REEF BUOY (44062),38.56,-76.41,3833600,7624600
201708,120027,719276,1,0,N,SUSQUEHANNA RIVER BUOY (44057),39.54,-76.07,3932400,764200
201708,120027,719278,1,0,N,HART MILLER ISLAND (HRT),39.25,-76.37,3915000,7622200
201708,120027,719279,1,0,N,PATAPSCO BUOY (44043),39.15,-76.39,399000,7623400
201708,120027,719280,1,0,N,POTOMAC POINT LOOKOUT BUOY (44042),38.03,-76.34,381800,7620400
201708,120027,719281,1,0,N,POTOMAC LIGHT 33 (LT3),38.34,-76.99,3820400,7659400
201708,120027,719282,1,0,N,BABAR POINT (BAB),38.31,-77.03,3818600,771800
201708,120027,719283,1,1.53,E,BABAR POINT (BAB),38.3089,-77.0019,3818534,77114
201708,120027,719285,1,0,N,MONROE CREEK (MON),38.23,-76.95,3813800,7657000
201708,120027,719286,1,0,N,CUCKOLD CREEK (CCK),38.31,-76.93,3818600,7655800
201708,120027,719287,1,0,N,COBB POINT (COB),38.24,-76.83,3814400,7649800
201708,120028,719277,1,5.32,ENE,(PRC)PRESCOTT ARPT,34.69,-112.34,3441400,11220400
201708,120028,719277,2,2.11,SW,MILLER VLY,34.5259,-112.5028,3431554,11230168
201708,120028,719284,1,5.85,ENE,(PRC)PRESCOTT ARPT,34.67,-112.32,3440200,11219200
201708,120028,719284,2,6.54,ENE,CHINO VLY,34.7563,-112.3393,3445378,11220358
201708,120028,719284,3,5.69,SW,CHINO VLY,34.6779,-112.5275,3440674,11231650
201708,120028,719284,4,3.03,NW,FORBING PARK,34.5983,-112.5206,3435898,11231236
201708,120028,719288,1,1.68,WSW,DESERT VIEW,34.1909,-112.7973,3411454,11247838
201708,120028,719288,2,1.3,ENE,STANTON,34.179,-112.7101,3410740,11242606
201708,120028,719288,3,9.68,WSW,CONSTELLATION,34.0123,-112.7342,34738,11244052
201708,120028,719288,4,8.96,S,CONGRESS,34.0203,-112.8268,341218,11249608
201708,120029,719298,1,2.24,NNE,DAVISTOWN,35.599,-82.152,3535940,829120
201708,120029,719298,2,3.07,S,GLENWOOD,35.576,-81.988,3534560,8159280
201708,120029,719300,1,0.7,NE,VALE,35.536,-81.39,3532160,8123400
201708,120029,719300,2,1.41,NW,LINCOLNTON,35.485,-81.287,3529100,8117220
201708,120033,719331,1,1.39,SSW,JORDON,35.011,-82.258,35660,8215480
201708,120033,719331,2,2.43,ESE,HIGHLAND,35.062,-82.283,353720,8216980
201708,120034,719332,1,1.88,SSW,RENFREW,34.955,-82.463,3457300,8227780
201708,120034,719332,2,1.11,N,MONTAGUE,34.936,-82.431,3456160,8225860
201708,120035,719333,1,1.22,SW,CHARLOTTE,35.219,-80.867,3513140,8052020
201708,120035,719333,2,2.74,ENE,GRIFFITH,35.18,-80.833,3510800,8049980
201708,120043,719348,1,12.47,SE,(PGA)PAGE ARPT,36.794,-111.3018,3647640,11118108
201708,120043,719348,2,11.71,SSE,PAGE,36.7566,-111.4137,3645396,11124822
201708,120043,719348,3,1.01,NE,(PGA)PAGE ARPT,36.9384,-111.435,3656304,11126100
201708,120043,719348,4,1.79,ENE,(PGA)PAGE ARPT,36.9426,-111.4216,3656556,11125296
201708,120045,719350,1,2.98,NNW,GEUDA SPGS,37.16,-97.17,379600,9710200
201708,120045,719351,1,2.34,NNW,HILLTOP,38.08,-96.07,384800,964200
201708,120046,719352,1,2.14,SSW,BELLAIRE,37.74,-97.28,3744400,9716800
201708,120046,719353,1,0.55,W,TOWANDA,37.8,-97.01,3748000,97600
201708,120046,719354,1,0,N,TOWANDA,37.8,-97,3748000,9700
201708,120046,719355,1,2.82,S,MADISON,38.09,-96.14,385400,968400
201708,120046,719356,1,1.1,W,ANTHONY,37.15,-98.05,379000,983000
201708,120046,719357,1,0.55,E,ARGONIA,37.27,-97.76,3716200,9745600
201708,120046,719358,1,0.88,NE,MILAN,37.26,-97.67,3715600,9740200
201708,120046,719359,1,0,N,WELLINGTON,37.27,-97.4,3716200,9724000
201708,120046,719360,1,1.1,W,NEW ALBANY,37.57,-95.95,3734200,9557000
201708,120046,719363,1,0.55,E,EL DORADO,37.82,-96.86,3749200,9651600
201708,120046,719364,1,0.55,E,ERIE,37.57,-95.24,3734200,9514400
201708,120046,719365,1,2.14,SSW,ANDOVER,37.69,-97.14,3741400,978400
201708,120046,719367,1,0.55,E,EUREKA,37.82,-96.29,3749200,9617400
201708,120046,719369,1,0.87,SSW,EUREKA ARPT,37.838,-96.3046,3750280,9618276
201708,120046,719369,2,2.1,E,EUREKA,37.8142,-96.2622,3748852,9615732
201708,120046,719370,1,0.88,SW,YATES CENTER,37.87,-95.74,3752200,9544400
201708,120046,719371,1,0.88,SW,HUMBOLDT,37.81,-95.44,3748600,9526400
201708,120046,719372,1,0,N,LA HARPE,37.92,-95.3,3755200,9518000
201708,120046,719373,1,0.69,N,RUSSELL,38.89,-98.85,3853400,9851000
201708,120046,719374,1,0.69,N,RUSSELL,38.89,-98.85,3853400,9851000
201708,120046,719375,1,3.06,ENE,REECE,37.82,-96.4,3749200,9624000
201708,120046,719376,1,4.29,SE,EL DORADO,37.78,-96.81,3746800,9648600
201708,120046,719377,1,0.88,SW,YATES CENTER,37.87,-95.74,3752200,9544400
201708,120046,719378,1,0.55,E,ARGONIA,37.27,-97.76,3716200,9745600
201708,120047,719366,1,0,N,MONONA,43.05,-91.4,433000,9124000
201708,120048,719379,1,2.3,WSW,FREDONIA,37.5219,-95.8607,3731314,9551642
201708,120048,719379,2,0.93,WSW,FREDONIA,37.5245,-95.8355,3731470,9550130
201708,120048,719379,3,2.37,SSW,FREDONIA,37.4984,-95.837,3729904,9550220
201708,120048,719379,4,3.32,SW,FREDONIA,37.5006,-95.8679,3730036,9552074
201708,120048,719380,1,0.54,E,HAMILTON,37.98,-96.16,3758800,969600
201708,120048,719381,1,0.54,E,HAMILTON,37.98,-96.16,3758800,969600
201708,120048,719382,1,2.34,SSE,HAYSVILLE,37.54,-97.35,3732400,9721000
201708,120048,719383,1,0.55,E,DERBY,37.55,-97.26,3733000,9715600
201708,120048,719384,1,3.02,NW,PECK,37.51,-97.41,3730600,9724600
201708,120051,719412,1,0.83,W,REFORM,33.3793,-88.0344,3322758,882064
201708,120051,719412,2,3.45,NNE,PALMETTO,33.525,-87.9542,3331500,8757252
201708,120051,719421,1,4.08,SSE,KENNEDY,33.525,-87.9542,3331500,8757252
201708,120051,719421,2,3.27,SE,KENNEDY,33.5419,-87.9462,3332514,8756772
201708,120051,719987,1,7.53,S,BELK,33.5419,-87.9462,3332514,8756772
201708,120051,719987,2,4.14,WSW,HUBERTVILLE,33.7901,-87.8125,3347406,8748750
201708,120051,719988,1,1.46,NW,PONDVILLE,32.9173,-87.3345,3255038,8720070
201708,120051,719988,2,2.1,WSW,EOLINE,32.9907,-87.2645,3259442,8715870
201708,120051,719995,1,1.51,NNE,RIVER BEND,33.1008,-87.1718,336048,8710308
201708,120051,719995,2,1.28,SW,LUCILLE,33.1068,-87.1654,336408,879924
201708,120051,719996,1,1.32,ESE,GILES,33.196,-87.1277,3311760,877662
201708,120051,719996,2,1.43,SSE,BLOCTON JCT,33.1997,-87.1251,3311982,877506
201708,117226,706000,4,2.28,NNW,JERICHO,38.4317,-85.2917,3825902,8517502
201708,117226,706000,5,1.37,S,PENDLETON,38.4505,-85.2955,3827030,8517730
201708,117226,721025,1,2,NNE,GOSHEN,38.4267,-85.5559,3825602,8533354
201708,117226,721026,1,0,N,SKYLIGHT,38.43,-85.53,3825800,8531800
201708,117226,721027,1,3.21,SSW,MILLER,38.28,-84.1,3816800,846000
201708,117226,721029,1,7,W,LEXINGTON,38.05,-84.6287,383000,8437722
201708,117226,721029,2,0,N,(LEX)BLU GRS FLD LEX,38.03,-84.6,381800,8436000
201708,117226,721031,1,2,SSE,EDMONTON,36.9533,-85.5861,3657198,8535166
201708,117230,705019,1,0.37,S,OWINGSVILLE,38.1448,-83.7692,388688,8346152
201708,117230,705019,2,0.79,SSE,OWINGSVILLE,38.1403,-83.7623,388418,8345738
201708,117230,705020,1,0,N,SALYERSVILLE,37.75,-83.07,3745000,834200
201708,117231,705021,1,0.54,WNW,NEW ALBANY,40.0834,-82.8091,405004,8248546
201708,117231,705021,2,0.5,WNW,NEW ALBANY,40.0835,-82.8084,405010,8248504
201708,117231,705021,3,0.46,WNW,NEW ALBANY,40.0815,-82.8085,404890,8248510
201708,117231,705021,4,0.5,WNW,NEW ALBANY,40.0819,-82.8091,404914,8248546
201708,117232,714319,1,0.69,S,NORTH FLORENCE,34.82,-87.68,3449200,8740800
201708,117232,714320,1,0.69,S,NORTH FLORENCE,34.82,-87.68,3449200,8740800
201708,117232,714321,1,0.89,SW,MARS HILL,34.84,-87.66,3450400,8739600
201708,117232,714322,1,0.69,S,PETERSVILLE,34.84,-87.68,3450400,8740800
201708,117248,705206,1,0.87,SW,HAGLEY,39.76,-75.59,3945600,7535400
201708,117248,705207,1,0.88,NE,GEORGETOWN ARPT,38.69,-75.36,3841400,7521600
201708,117248,705208,1,2.14,NNE,SEAFORD,38.66,-75.56,3839600,7533600
201708,117248,705209,1,1.07,W,CHESNUT GROVE,39.17,-75.6,3910200,7536000
201708,117248,705210,1,0.88,NW,GEORGETOWN,38.69,-75.39,3841400,7523400
201708,117248,706586,1,0.85,SE,LANCASTER VLG,39.7406,-75.5698,3944436,7534188
201708,117248,706586,2,0.5,S,LANCASTER VLG,39.7427,-75.5802,3944562,7534812
201708,117248,706586,3,0.27,SE,LANCASTER VLG,39.7478,-75.5759,3944868,7534554
201708,117248,706586,4,0.53,ESE,LANCASTER VLG,39.7462,-75.5713,3944772,7534278
201708,117249,705211,1,0.88,NE,QUEENSTOWN,38.99,-76.16,3859400,769600
201708,117250,705212,1,1.05,W,GREENSAND,40.5,-74.39,4030000,7423400
201708,117250,705212,2,0.93,W,GREENSAND,40.4978,-74.3875,4029868,7423250
201708,117250,705212,3,1.18,WSW,GREENSAND,40.4966,-74.392,4029796,7423520
201708,117250,705212,4,1.22,W,GREENSAND,40.4995,-74.3932,4029970,7423592
201708,117250,705214,1,1.38,N,WILLINGBORO,40.05,-74.8796,403000,7452776
201708,117250,705214,2,1.4,N,WILLINGBORO,40.0503,-74.8804,403018,7452824
201708,117250,705214,3,1.42,SSW,BURLINGTON,40.0507,-74.8788,403042,7452728
201708,117250,705214,4,1.4,N,WILLINGBORO,40.0502,-74.8789,403012,7452734
201708,117250,705215,1,0.28,SSW,BURLINGTON,40.0663,-74.872,403978,7452320
201708,117250,705215,2,0.42,SSW,BURLINGTON,40.0646,-74.8738,403876,7452428
201708,117250,705215,3,0.51,SSE,BURLINGTON,40.063,-74.8671,403780,7452026
201708,117250,705215,4,0.36,SSE,BURLINGTON,40.0656,-74.8662,403936,7451972
201708,117250,705216,1,0.87,NW,AVENEL,40.56,-74.28,4033600,7416800
201708,117250,705216,2,0.74,S,WOODBRIDGE,40.5594,-74.3023,4033564,7418138
201708,117250,705216,3,0.3,SSW,WOODBRIDGE,40.566,-74.302,4033960,7418120
201708,117250,705216,4,0.78,ESE,WOODBRIDGE,40.5667,-74.2859,4034002,7417154
201708,117250,705217,1,0.46,S,PHILLIPSBURG,40.6935,-75.1783,4041610,7510698
201708,117250,705217,2,0.64,SE,PHILLIPSBURG,40.6948,-75.1698,4041688,7510188
201708,117250,705217,3,0.3,ENE,PHILLIPSBURG,40.701,-75.1744,4042060,7510464
201708,117250,705217,4,0.11,WSW,PHILLIPSBURG,40.6994,-75.182,4041964,7510920
201708,117250,705222,1,1.12,NW,RAMBLEWOOD,39.9618,-74.9444,3957708,7456664
201708,117250,705222,2,0.9,NE,FELLOWSHIP,39.9595,-74.9583,3957570,7457498
201708,117250,705222,3,1.1,E,MOORESTOWN,39.9688,-74.9594,3958128,7457564
201708,117250,705222,4,1.64,NW,RAMBLEWOOD,39.9691,-74.9484,3958146,7456904
201708,117250,705223,1,0.78,NW,FLANDERS,40.8585,-74.6899,4051510,7441394
201708,117250,705223,2,1.26,SSW,BUDD LAKE,40.8623,-74.7359,4051738,7444154
201708,117250,705223,3,0.36,WSW,BUDD LAKE,40.8776,-74.736,4052656,7444160
201708,117250,705223,4,0.62,ESE,BUDD LAKE,40.8772,-74.7187,4052632,7443122
201708,117250,705223,5,0.46,WSW,PORT MORRIS,40.8768,-74.6876,4052608,7441256
201708,117250,705224,1,1.03,S,EDISON,40.5052,-74.3977,4030312,7423862
201708,117250,705224,2,1.05,WNW,GREENSAND,40.5048,-74.3891,4030288,7423346
201708,117250,705224,3,1.03,SE,EDISON,40.5085,-74.3875,4030510,7423250
201708,117250,705224,4,0.81,SSE,EDISON,40.5093,-74.3937,4030558,7423622
201708,117250,705225,1,0.85,SSE,ROEBLING,40.1097,-74.7712,406582,7446272
201708,117250,705225,2,0.56,ENE,ROEBLING,40.1233,-74.7702,407398,7446212
201708,117250,705225,3,0.71,E,HEDDING,40.1195,-74.7366,407170,7444196
201708,117250,705225,4,0.71,SSE,HEDDING,40.1101,-74.7463,406606,7444778
201708,117250,705226,1,1.65,WNW,COLUMBUS,40.0882,-74.7494,405292,7444964
201708,117250,705226,2,2.09,ENE,STEVENS,40.086,-74.7812,405160,7446872
201708,117250,705226,3,1.86,NNW,JACKSONVILLE,40.0753,-74.7821,404518,7446926
201708,117250,705226,4,1.61,W,COLUMBUS,40.0791,-74.7505,404746,7445030
201708,117250,705227,1,0.53,E,FLORENCE,40.12,-74.81,407200,7448600
201708,117250,705227,2,1.09,SSE,FLORENCE,40.1049,-74.8143,406294,7448858
201708,117250,705227,3,1.43,SSE,ROEBLING,40.1007,-74.7706,406042,7446236
201708,117250,705227,4,0.42,ESE,ROEBLING,40.1172,-74.773,407032,7446380
201708,117250,705228,1,0.83,NW,STEVENS,40.0897,-74.8293,405382,7449758
201708,117250,705228,2,0.49,NW,STEVENS,40.0848,-74.8269,405088,7449614
201708,117250,705228,3,0.55,NNE,STEVENS,40.0878,-74.8178,405268,7449068
201708,117250,705228,4,0.81,N,STEVENS,40.0918,-74.8204,405508,7449224
201708,117250,705229,1,0.14,SSE,BURLINGTON,40.0682,-74.8687,404092,7452122
201708,117250,705229,2,0.23,E,BURLINGTON,40.0701,-74.8657,404206,7451942
201708,117250,705229,3,0.08,WSW,BURLINGTON,40.0694,-74.8712,404164,7452272
201708,117250,705229,4,0.1,S,BURLINGTON,40.0685,-74.8703,404110,7452218
201708,117250,705230,1,0.69,N,MT TABOR,40.89,-74.48,4053400,7428800
201708,117250,705232,1,0.53,W,BORDENTOWN,40.15,-74.71,409000,7442600
201708,117250,705233,1,0.87,NE,RIVERTON,40.01,-75.01,40600,75600
201708,117250,705234,1,1.06,W,VAN HISEVILLE,40.12,-74.35,407200,7421000
201708,117250,705235,1,1.06,E,FLORENCE,40.12,-74.8,407200,7448000
201708,117250,705236,1,1.48,SSE,ROEBLING,40.1,-74.77,406000,7446200
201708,117250,705237,1,0.53,E,SPRINGSIDE,40.07,-74.82,404200,7449200
201708,117250,705238,1,1.26,ENE,WILLINGBORO,40.04,-74.86,402400,7451600
201708,117250,705239,1,0,N,STEVENS,40.08,-74.82,404800,7449200
201708,117250,705240,1,0.53,E,BURLINGTON,40.07,-74.86,404200,7451600
201708,117250,705241,1,0.53,E,SPRINGSIDE,40.07,-74.82,404200,7449200
201708,117250,705242,1,1.48,SSE,ROEBLING,40.1,-74.77,406000,7446200
201708,117250,705243,1,0.53,E,STEVENS,40.08,-74.81,404800,7448600
201708,117250,705244,1,0.53,E,MT LAUREL,39.93,-74.89,3955800,7453400
201708,117250,705245,1,1.48,NNW,MARLTON,39.9,-74.93,3954000,7455800
201708,117250,705246,1,0,N,HIGHLAND PARK,40.5,-74.43,4030000,7425800
201708,117250,705248,1,0,N,HAINESBURG,40.95,-75.07,4057000,754200
201708,117250,705251,1,0,N,PERTH AMBOY,40.52,-74.27,4031200,7416200
201708,117250,705253,1,1.06,W,VAN HISEVILLE,40.12,-74.35,407200,7421000
201708,117250,705254,1,0.87,SE,MT ROYAL,39.81,-75.21,3948600,7512600
201708,117250,705255,1,1.74,ENE,SOUTH VINELAND,39.46,-75,3927600,7500
201708,117250,705258,1,0.53,E,FLORENCE,40.12,-74.81,407200,7448600
201708,117250,705259,1,1.26,WNW,SPRINGSIDE,40.08,-74.85,404800,7451000
201708,117250,705448,1,0,N,MARLTON,39.88,-74.92,3952800,7455200
201708,117250,705450,1,1.12,WSW,HIGHLAND PARK,40.4919,-74.4485,4029514,7426910
201708,117250,705450,2,0.3,S,HIGHLAND PARK,40.4957,-74.4293,4029742,7425758
201708,117250,705450,3,0.65,NW,HIGHLAND PARK,40.5073,-74.4377,4030438,7426262
201708,117250,705450,4,0.92,W,HIGHLAND PARK,40.5009,-74.4475,4030054,7426850
201708,117250,705451,1,1.12,WSW,HIGHLAND PARK,40.4919,-74.4485,4029514,7426910
201708,117250,705451,2,0.3,S,HIGHLAND PARK,40.4957,-74.4293,4029742,7425758
201708,117250,705451,3,0.65,NW,HIGHLAND PARK,40.5073,-74.4377,4030438,7426262
201708,117250,705451,4,0.92,W,HIGHLAND PARK,40.5009,-74.4475,4030054,7426850
201708,117250,705452,1,0,N,FREDON,41.03,-74.82,411800,7449200
201708,117250,706585,1,0.87,NNW,PALMYRA,40.0123,-75.0037,40738,75222
201708,117250,706585,2,0,N,PALMYRA,40,-75,4000,7500
201708,117250,706585,3,1.34,W,RIVERTON,40.0028,-75.045,40168,752700
201708,117250,706585,4,0.79,N,RIVERTON,40.0113,-75.0225,40678,751350
201708,118429,719452,2,0.86,SE,LOUP CITY,41.27,-98.97,4116200,9858200
201708,118429,719452,3,2.14,NNE,LITCHFIELD,41.2,-99.14,4112000,998400
201708,118429,719452,4,0.52,W,HAZARD,41.1,-99.09,416000,995400
201708,118429,719452,5,4.57,NE,ROCKVILLE,41.16,-98.78,419600,9846800
201708,118429,719452,6,3.46,NE,ASHTON,41.29,-98.78,4117400,9846800
201708,118429,719453,1,6.55,SSW,BELGRADE,41.39,-98.11,4123400,986600
201708,118429,719453,2,4.86,N,FULLERTON,41.44,-97.97,4126400,9758200
201708,118429,719453,3,3.27,NW,GENOA,41.4804,-97.7785,4128824,9746710
201708,118429,719453,4,8.46,ESE,FULLERTON,41.3365,-97.8232,4120190,9749392
201708,118429,719453,5,6.33,SW,FULLERTON,41.3004,-98.0593,4118024,983558
201708,118429,719454,1,6.37,ESE,KRONBORG,40.96,-97.86,4057600,9751600
201708,118429,719454,2,3.47,SE,HAMPTON,40.83,-97.86,4049800,9751600
201708,118429,719454,3,7.55,SW,GILTNER,40.7129,-98.2638,4042774,9815828
201708,118429,719454,4,2.25,S,PHILLIPS,40.8677,-98.226,4052062,9813560
201708,118429,719454,5,2.31,S,MARQUETTE,40.9666,-98.0001,4057996,9806
201708,118429,719455,1,9.07,N,SWEDEHOME,41.3,-97.656,4118000,9739360
201708,118429,719455,2,9.72,NNW,OSCEOLA,41.316,-97.598,4118960,9735880
201708,118429,719455,3,13.59,NNE,SHELBY,41.392,-97.373,4123520,9722380
201708,118429,719455,4,5.88,SSE,SHELBY,41.127,-97.372,417620,9722320
201708,118429,719455,5,3.14,SSW,SWEDEHOME,41.126,-97.695,417560,9741700
201708,118429,719978,1,2.14,NNE,ARCADIA,41.46,-99.12,4127600,997200
201708,118429,719979,1,5,NNE,LITCHFIELD,41.2369,-99.1132,4114214,996792
201708,118429,719981,1,0,N,FULLERTON,41.37,-97.98,4122200,9758800
201708,118429,719981,2,2,S,FULLERTON,41.3411,-97.98,4120466,9758800
201708,118429,719982,1,7.2,SSW,BELGRADE,41.39,-98.14,4123400,988400
201708,118429,720150,1,7.08,S,LOUP CITY,41.1776,-98.9772,4110656,9858632
201708,118429,720153,1,3.12,E,ST PAUL,41.22,-98.41,4113200,9824600
201708,118429,720154,1,2.14,NNE,PALMER,41.25,-98.24,4115000,9814400
201708,118429,720155,1,2.07,N,PALMER,41.25,-98.25,4115000,9815000
201708,118429,720156,1,5.62,SE,LOUP CITY,41.2126,-98.9195,4112756,9855170
201708,118429,720158,1,0,N,CAMBRIDGE,40.28,-100.17,4016800,10010200
201708,118429,720553,1,2,NE,CENTRAL CITY,41.1405,-97.9728,418430,9758368
201708,118429,720554,1,4,S,SHELBY,41.1421,-97.43,418526,9725800
201708,118429,720557,1,8.47,WNW,ELYRIA,41.73,-99.17,4143800,9910200
201708,118429,720558,1,0,N,AURORA,40.87,-98,4052200,9800
201708,118429,720559,1,4,N,HASTINGS,40.6379,-98.38,4038274,9822800
201708,118429,720563,1,7.59,NNE,(HSI)HASTINGS ARPT,40.7,-98.37,4042000,9822200
201708,118429,720564,1,3,SE,RAVENNA,40.9993,-98.8893,4059958,9853358
201708,118429,720566,1,2,W,DONIPHAN,40.77,-98.4082,4046200,9824492
201708,118429,720567,1,4,ENE,DONIPHAN,40.7922,-98.2994,4047532,9817964
201708,118429,720568,1,4,E,ALDA,40.87,-98.3934,4052200,9823604
201708,118429,720571,1,1,NNE,GRAND IS,40.9334,-98.3427,4056004,9820562
201708,118429,720572,1,1,NW,GILTNER,40.7902,-98.1635,4047412,989810
201708,118429,720573,1,3,ESE,HAMPTON,40.8534,-97.847,4051204,9750820
201708,118429,720574,1,0,N,MURPHY,40.88,-98.12,4052800,987200
201708,118429,720576,1,1,ENE,HAMPTON,40.8755,-97.8823,4052530,9752938
201708,118429,720577,1,4,S,MARQUETTE,40.9421,-98,4056526,9800
201708,118429,720579,1,1,SE,MARQUETTE,40.9898,-97.9864,4059388,9759184
201708,118429,720581,1,4.17,SE,HORDVILLE,41.04,-97.84,412400,9750400
201708,118429,720583,1,3,W,ELBA,41.28,-98.6378,4116800,9838268
201708,118429,720584,1,1,NNE,CENTRAL CITY,41.1334,-97.9927,418004,9759562
201708,118429,720585,1,2,N,PALMER,41.249,-98.25,4114940,9815000
201708,118429,720587,1,3,SSW,GENOA,41.4099,-97.7522,4124594,9745132
201708,118429,720588,1,3,WSW,GENOA,41.4334,-97.7835,4126004,9747010
201708,118429,720589,1,8,WNW,GENOA,41.4943,-97.8728,4129658,9752368
201708,118429,720591,1,5,ESE,STROMSBURG,41.0923,-97.5113,415538,9730678
201708,118429,720592,1,1,E,STROMSBURG,41.12,-97.5808,417200,9734848
201708,118429,720593,1,0,N,OSCEOLA,41.18,-97.55,4110800,9733000
201708,118429,720594,1,7,W,OSCEOLA,41.18,-97.6846,4110800,9741076
201708,118429,720595,1,4,WNW,OSCEOLA,41.2022,-97.6211,4112132,9737266
201708,118429,720596,1,3,NE,SHELBY,41.2307,-97.3892,4113842,9723352
201708,118429,720597,1,4,NW,SHELBY,41.2409,-97.4844,4114454,9729064
201708,118429,720598,1,13,N,SHELBY,41.3882,-97.43,4123292,9725800
201708,118429,720600,1,4,N,LITCHFIELD,41.2279,-99.15,4113674,999000
201708,118429,720602,1,2,W,LOUP CITY,41.28,-99.0185,4116800,991110
201708,118429,720603,1,2,W,ARCADIA,41.43,-99.1686,4125800,9910116
201708,118429,720604,1,6,W,ELYRIA,41.68,-99.1363,4140800,998178
201708,118429,720605,1,3,WNW,ELYRIA,41.6966,-99.0737,4141796,994422
201708,118429,720606,1,4,NW,BRADSHAW,40.9209,-97.7842,4055254,9747052
201708,118429,720607,1,4,W,BENEDICT,41,-97.6967,4100,9741802
201708,118429,720608,1,3,W,GRESHAM,41.03,-97.4576,411800,9727456
201708,118429,720609,1,5,WNW,GRESHAM,41.0577,-97.4887,413462,9729322
201708,118429,720610,1,5,N,AURORA,40.9424,-98,4056544,9800
201708,118429,720611,1,2,NE,HORDVILLE,41.1005,-97.8728,416030,9752368
201708,118429,720613,1,0,N,SHELBY,41.2,-97.43,4112000,9725800
201708,118429,720614,1,3,S,GRAND IS,40.8766,-98.35,4052596,9821000
201708,118430,720251,1,0,N,PHILLIPSBURG ARPT,39.73,-99.32,3943800,9919200
201708,118430,720252,1,0,N,PHILLIPSBURG ARPT,39.73,-99.32,3943800,9919200
201708,118430,720253,1,6,E,PHILLIPSBURG,39.75,-99.2071,3945000,9912426
201708,118430,720263,1,2.14,NNE,CORA,39.91,-98.66,3954600,9839600
201708,118431,714439,1,2,NNE,CAMBRIDGE,40.3067,-100.1555,4018402,1009330
201708,118431,714440,1,0,N,ARAPAHOE,40.3,-99.9,4018000,9954000
201708,118432,714453,1,0,N,KEARNEY,40.7,-99.08,4042000,994800
201708,118432,714454,1,1,ENE,KEARNEY,40.7055,-99.0624,4042330,993744
201708,118432,714454,2,2,ENE,KEARNEY,40.7111,-99.0447,4042666,992682
201708,118432,714455,1,2,NNE,KEARNEY,40.7267,-99.0654,4043602,993924
201708,118432,721180,1,0,N,OSCEOLA,41.18,-97.55,4110800,9733000
201708,118433,714463,1,0,N,BOELUS,41.08,-98.72,414800,9843200
201708,118433,714463,2,3,ESE,DANNEBROG,41.1034,-98.4968,416204,9829808
201708,118433,714466,1,0,N,LOUP CITY,41.28,-98.98,4116800,9858800
201708,118433,714467,1,1,N,NELSON,40.2145,-98.07,4012870,984200
201708,118433,714468,1,1.29,WSW,KEARNEY,40.6945,-99.1035,4041670,996210
201708,118433,714474,1,0,N,CAIRO,41,-98.6,4100,9836000
201708,118433,714474,2,0,N,GRAND IS,40.92,-98.35,4055200,9821000
201708,118433,714478,1,0,N,PLEASANTON,40.97,-99.08,4058200,994800
201708,118433,714478,2,0,N,RAVENNA,41.03,-98.93,411800,9855800
201708,118434,711667,1,3.72,NE,HALSEY,41.93,-100.27,4155800,10016200
201708,118434,711669,1,6.7,SW,DUNNING,41.75,-100.21,4145000,10012600
201708,118434,711670,1,7.02,SE,DUNNING,41.76,-100.01,4145600,100600
201708,118434,711671,1,2.08,SE,ANSELMO,41.6,-99.84,4136000,9950400
201708,118434,711672,1,4.13,ENE,BROWNLEE,42.31,-100.55,4218600,10033000
201708,118434,711674,1,25,S,JOHNSTOWN,42.21,-100.02,4212600,1001200
201708,118434,718001,1,0.22,NE,BROKEN BOW,41.4024,-99.6472,4124144,9938832
201708,118434,718001,2,0.95,E,BROKEN BOW,41.4026,-99.6319,4124156,9937914
201708,118434,718001,3,0.91,ENE,BROKEN BOW,41.4057,-99.6342,4124342,9938052
201708,118434,718001,4,0.46,NNE,BROKEN BOW,41.4062,-99.6466,4124372,9938796
201708,118434,718002,1,0.86,NE,BROKEN BOW,41.41,-99.64,4124600,9938400
201708,118434,718003,1,0.86,NE,BROKEN BOW,41.41,-99.64,4124600,9938400
201708,118434,718004,1,32.19,S,AINSWORTH,42.09,-99.95,425400,9957000
201708,118434,718005,1,0.86,NE,BROKEN BOW,41.41,-99.64,4124600,9938400
201708,118434,718006,1,6.38,SW,MASON CITY,41.16,-99.38,419600,9922800
201708,118434,718007,1,4.42,SSE,NORTH PLATTE,41.0904,-100.7492,415424,10044952
201708,118434,718007,2,4.35,SW,(LBF)BIRD FLD NORTH,41.0907,-100.7453,415442,10044718
201708,118434,718007,3,4.4,SW,(LBF)BIRD FLD NORTH,41.0894,-100.7453,415364,10044718
201708,118434,718007,4,4.47,SSE,NORTH PLATTE,41.0896,-100.7492,415376,10044952
201708,118434,718008,1,0.52,E,ANSELMO,41.62,-99.86,4137200,9951600
201708,118434,718008,2,0.05,NE,ANSELMO,41.6205,-99.8694,4137230,9952164
201708,118434,718008,3,0.36,S,ANSELMO,41.6149,-99.8691,4136894,9952146
201708,118434,718008,4,0.6,ESE,ANSELMO,41.6153,-99.8601,4136918,9951606
201708,118443,711729,1,0.86,SE,CLARKS GREEN,41.49,-75.71,4129400,7542600
201708,118444,711730,1,0,N,VESTAL,42.08,-76.05,424800,763000
201708,118444,711731,1,0,N,AUBURN,42.93,-76.57,4255800,7634200
201708,118444,711732,1,1.38,N,BAINBRIDGE,42.3,-75.48,4218000,7528800
201708,119698,717924,1,3.37,ENE,STUART,27.22,-80.2,2713200,8012000
201708,119699,717925,1,1.96,SE,BASINGER,27.3574,-81.0107,2721444,81642
201708,119700,717926,1,3.37,ENE,STUART,27.22,-80.2,2713200,8012000
201708,119701,717927,1,2.55,WNW,HILOLO,27.46,-80.81,2727600,8048600
201708,119702,717928,1,4.99,NNW,MERRITT ISLAND,28.42,-80.74,2825200,8044400
201708,119702,717929,1,6.97,NW,CAPE CANAVERAL,28.46,-80.67,2827600,8040200
201708,119704,717930,1,3.74,E,STUART,27.191,-80.19,2711460,8011400
201708,119705,717933,1,1.51,SSE,PLAYALINDA BEACH,28.53,-80.77,2831800,8046200
201708,119705,717935,1,7.86,ENE,PLAYALINDA BEACH,28.61,-80.67,2836600,8040200
201708,119705,717937,1,11.2,N,CAPE CANAVERAL,28.54,-80.57,2832400,8034200
201708,119705,717939,1,14,NNE,PLAYALINDA BEACH,28.74,-80.7,2844400,8042000
201708,119705,717940,1,4.15,N,SATELLITE BEACH,28.23,-80.598,2813800,8035880
201708,119705,717942,1,27.86,ENE,CAPE CANAVERAL,28.52,-80.17,2831200,8010200
201708,119706,717934,1,6.33,N,RIFLE,39.6207,-107.7633,3937242,10745798
201708,119706,717934,2,6.22,N,RIFLE,39.6192,-107.764,3937152,10745840
201708,119706,717934,3,6.23,N,RIFLE,39.6194,-107.7646,3937164,10745876
201708,119706,717934,4,6.32,N,RIFLE,39.6207,-107.7641,3937242,10745846
201708,119706,717936,1,0.87,NE,RIO BLANCO,39.73,-107.96,3943800,10757600
201708,119706,717936,2,1.11,NNE,RIO BLANCO,39.7349,-107.962,3944094,10757720
201708,119706,717936,3,0.87,NNE,RIO BLANCO,39.7322,-107.966,3943932,10757960
201708,119706,717936,4,0.78,NNE,RIO BLANCO,39.7299,-107.963,3943794,10757780
201708,119706,717938,1,6.99,NNW,RIFLE,39.62,-107.84,3937200,10750400
201708,119706,717938,2,7.34,NNW,RIFLE,39.627,-107.8361,3937620,10750166
201708,119706,717941,1,6.76,ESE,WHITEWATER,38.931,-108.321,3855860,10819260
201708,119706,717941,2,6.64,ESE,WHITEWATER,38.9332,-108.322,3855992,10819320
201708,119706,717941,3,6.76,ESE,WHITEWATER,38.934,-108.319,3856040,10819140
201708,119706,717941,4,6.82,ESE,WHITEWATER,38.9343,-108.3175,3856058,10819050
201708,119706,717941,5,6.94,ESE,WHITEWATER,38.9318,-108.3166,3855908,10818996
201708,119721,717988,1,13,NE,SNYDER,32.853,-100.7418,3251180,10044508
201708,119721,717989,1,13,NE,SNYDER,32.853,-100.7418,3251180,10044508
201708,119721,717990,1,1,SSE,LOMAX,32.1066,-101.6235,326396,10137410
201708,119721,717992,1,2.13,SW,BADEN,32.0602,-101.948,323612,10156880
201708,119721,717994,1,27,S,FLOWER GROVE,32.1092,-101.88,326552,10152800
201708,119728,718009,1,11.96,W,ANSELMO,41.6,-100.1,4136000,1006000
201708,119728,718010,1,2.08,SE,ANSELMO,41.6,-99.84,4136000,9950400
201708,119728,718011,1,1.73,NW,ANSELMO,41.64,-99.89,4138400,9953400
201708,119728,718012,1,0.86,NW,ANSELMO,41.63,-99.88,4137800,9952800
201708,119728,718013,1,0.32,ENE,MERNA,41.4811,-99.7639,4128866,9945834
201708,119728,718013,2,0.61,E,MERNA,41.4812,-99.7584,4128872,9945504
201708,119728,718013,3,0.6,ENE,MERNA,41.4832,-99.7592,4128992,9945552
201708,119728,718013,4,0.33,NE,MERNA,41.4831,-99.7652,4128986,9945912
201708,119728,718014,1,2.08,SE,ANSELMO,41.6,-99.84,4136000,9950400
201708,119728,718015,1,1.48,NNE,MERNA,41.5,-99.76,4130000,9945600
201708,119728,718016,1,0.52,E,MERNA,41.48,-99.76,4128800,9945600
201708,119728,718017,1,0.52,E,MERNA,41.48,-99.76,4128800,9945600
201708,119728,718018,1,0.86,NE,BROKEN BOW,41.41,-99.64,4124600,9938400
201708,119728,718018,2,0.77,NNE,BROKEN BOW,41.4103,-99.6445,4124618,9938670
201708,119728,718018,3,0.58,NNE,BROKEN BOW,41.4074,-99.6447,4124444,9938682
201708,119728,718018,4,0.75,NE,BROKEN BOW,41.4076,-99.6396,4124456,9938376
201708,119728,718019,1,0.86,NE,BROKEN BOW,41.41,-99.64,4124600,9938400
201708,119728,718020,1,2.59,W,MERNA,41.48,-99.82,4128800,9949200
201708,119728,718021,1,9.56,SW,BERWYN,41.26,-99.64,4115600,9938400
201708,119728,718023,1,6.89,ESE,CALLAWAY,41.28,-99.8,4116800,9948000
201708,119728,718024,1,6.1,SSW,LOGAN,41.42,-100.35,4125200,10021000
201708,119728,718025,1,1.56,E,OCONTO,41.15,-99.75,419000,9945000
201708,119728,718026,1,1.25,ESE,OCONTO,41.14,-99.76,418400,9945600
201708,119728,718027,1,4.17,SE,OCONTO,41.11,-99.72,416600,9943200
201708,119728,718028,1,1.72,WNW,EUSTIS,40.68,-100.06,4040800,1003600
201708,119728,718029,1,0.69,S,EUSTIS,40.66,-100.03,4039600,1001800
201708,119728,718030,1,0.69,S,EUSTIS,40.66,-100.03,4039600,1001800
201708,119728,718031,1,9.56,SW,BERWYN,41.26,-99.64,4115600,9938400
201708,119735,718103,1,1.84,W,HUGO,34.0221,-95.552,341326,9533120
201708,119735,718103,2,1.16,ENE,HUGO NASH ARPT,34.0246,-95.4804,341476,9528824
201708,119735,718103,3,3.16,SSE,HUGO NASH ARPT,33.9809,-95.4714,3358854,9528284
201708,119735,718103,4,0.1,WNW,GOODLAND,33.9806,-95.5517,3358836,9533102
201708,119736,718104,1,1,SSE,COPAN,36.8866,-95.9231,3653196,9555386
201708,119736,718105,1,2.55,ENE,COPAN,36.9099,-95.8855,3654594,9553130
201708,119736,718106,1,2,E,COPAN,36.9,-95.8938,3654000,9553628
201708,119736,718107,1,2.55,ENE,COPAN,36.9099,-95.8855,3654594,9553130
201708,119736,718108,1,1.03,SE,COPAN,36.8876,-95.9195,3653256,9555170
201708,119736,718109,1,2.01,WNW,DEWEY WAYSIDE ARPT,36.8586,-95.9348,3651516,9556088
201708,119736,718110,1,0.39,SW,DEWEY,36.7959,-95.9349,3647754,9556094
201708,119736,718111,1,3.87,E,COPAN,36.9,-95.86,3654000,9551600
201708,119736,718112,1,0.83,E,COPAN,36.9021,-95.9153,3654126,9554918
201708,119736,718113,1,1.19,ENE,DEWEY WAYSIDE ARPT,36.8586,-95.8814,3651516,9552884
201708,119736,718114,1,5,W,NOWATA,36.7,-95.7203,3642000,9543218
201708,119736,718115,1,0.4,WSW,WATOVA,36.6177,-95.6566,3637062,9539396
201708,119736,718116,1,5.66,SSE,DEWEY,36.728,-95.8814,3643680,9552884
201708,119736,718117,1,2,E,FOYIL,36.43,-95.484,3625800,9529040
201708,119736,718118,1,5.38,WNW,PRYOR,36.34,-95.403,3620400,9524180
201708,119736,721034,1,0.68,ENE,GARNETT,36.1741,-95.8189,3610446,9549134
201708,119738,718120,1,2.37,NNW,ACTON,34.5,-118.2204,3430000,11813224
201708,119738,718120,2,2.13,NNW,ACTON,34.4957,-118.2208,3429742,11813248
201708,119738,718120,3,1.99,NNW,ACTON,34.4947,-118.2179,3429682,11813074
201708,119738,718120,4,2.25,NNW,ACTON,34.4996,-118.2167,3429976,11813002
201708,119738,718131,1,0.84,NNW,ACTON,34.4803,-118.2077,3428818,11812462
201708,119738,718131,2,0.33,NNW,ACTON,34.4746,-118.2017,3428476,11812102
201708,119739,718121,1,0,N,GANS,35.4,-94.7,3524000,9442000
201708,119739,718121,2,1.63,S,GANS,35.3764,-94.6996,3522584,9441976
201708,119739,718121,3,2.34,SE,GANS,35.3772,-94.6694,3522632,9440164
201708,119739,718121,4,1.34,E,GANS,35.3985,-94.6762,3523910,9440572
201708,119739,718122,1,6,E,SALLISAW,35.47,-94.6934,3528200,9441604
201708,119739,718122,2,0.93,W,MAPLE,35.4712,-94.6364,3528272,9438184
201708,119739,718122,3,1.36,SW,MAPLE,35.4564,-94.6375,3527384,9438250
201708,119739,718122,4,1.87,N,HANSON,35.4566,-94.694,3527396,9441640
201708,119741,718123,1,1,NE,KREBS,34.9302,-95.7075,3455812,9542450
201708,119741,718123,2,0.44,SE,KREBS,34.9147,-95.7156,3454882,9542936
201708,119741,718123,3,0.09,WSW,KREBS,34.9197,-95.7216,3455182,9543296
201708,119741,718123,4,0.99,NNE,KREBS,34.933,-95.7126,3455980,9542756
201708,120059,719443,1,2.81,S,FT MORGAN,40.21,-103.79,4012600,10347400
201708,120059,719443,2,4.7,WNW,SNYDER,40.35,-103.66,4021000,10339600
201708,120059,719443,3,1.58,E,BRUSH MUNI ARPT,40.27,-103.55,4016200,10333000
201708,120059,719443,4,4.28,NNW,GARY,40.14,-103.6,408400,10336000
201708,120060,719440,1,1.95,WSW,PERDIDO PASS,30.2585,-87.5899,3015510,8735394
201708,120061,719441,1,4,NE,NEW AUGUSTA,31.2409,-88.9821,3114454,8858926
201708,120061,719441,2,3.18,WSW,HINTONVILLE,31.2549,-88.9809,3115294,8858854
201708,120061,719441,3,2.56,WSW,HINTONVILLE,31.2529,-88.9685,3115174,8858110
201708,120061,719441,4,3.08,SW,HINTONVILLE,31.2434,-88.9718,3114604,8858308
201708,120063,719444,1,0,N,HAROLD,30.67,-86.87,3040200,8652200
201708,120064,719445,1,0,N,GULF SHRS,30.28,-87.68,3016800,8740800
201708,120065,719446,1,2.63,N,ST ELMO ARPT,30.538,-88.2822,3032280,8816932
201708,120065,719446,2,2.57,NNW,ST ELMO ARPT,30.5363,-88.2899,3032178,8817394
201708,120065,719446,3,2.23,N,ST ELMO ARPT,30.5318,-88.2858,3031908,8817148
201708,120065,719446,4,2.29,N,ST ELMO ARPT,30.5331,-88.2779,3031986,8816674
201708,120065,719447,1,1.36,NNW,(MOB)MOBILE BATES FL,30.6983,-88.2384,3041898,8814304
201708,120065,719447,2,1.44,NNW,(MOB)MOBILE BATES FL,30.6992,-88.2394,3041952,8814364
201708,120065,719447,3,1.38,NNW,(MOB)MOBILE BATES FL,30.6989,-88.2376,3041934,8814256
201708,120065,719447,4,1.34,NNW,(MOB)MOBILE BATES FL,30.6983,-88.2375,3041898,8814250
201708,120070,719458,1,7.95,S,PERDIDO PASS,30.1551,-87.5665,309306,8733990
201708,120070,719597,1,45.88,NW,OKALOOSA DEEP WATER REEF,30.3422,-87.1559,3020532,879354
201708,120071,719459,1,0,N,PENSACOLA,30.42,-87.22,3025200,8713200
201708,120071,719459,2,0.88,NNW,BROWNSVILLE,30.4422,-87.274,3026532,8716440
201708,120071,719459,3,0.79,NNE,WEST PENSACOLA,30.4099,-87.2735,3024594,8716410
201708,120071,719459,4,0.65,SW,PENSACOLA,30.4126,-87.2266,3024756,8713596
201708,120071,719460,1,0,N,MILTON,30.63,-87.03,3037800,871800
201708,120071,719460,2,1.73,WNW,MILTON,30.6356,-87.0584,3038136,873504
201708,120071,719460,3,1.64,W,MILTON,30.627,-87.0574,3037620,873444
201708,120071,719460,4,0.19,SSW,MILTON,30.6274,-87.0308,3037644,871848
201708,120072,719462,1,4.79,W,SEVEN HILLS,30.6384,-88.3795,3038304,8822770
201708,120072,719462,2,0,N,MOBILE BATES FLD,30.68,-88.23,3040800,8813800
201708,120072,719462,3,1.18,ESE,COTTAGE HILL,30.6451,-88.131,3038706,887860
201708,120072,719462,4,1.34,ESE,THEODORE,30.5435,-88.1488,3032610,888928
201708,120072,719462,5,3.26,NNW,GRAND BAY,30.5139,-88.3699,3030834,8822194
201708,120072,719463,1,0,N,ORANGE BEACH,30.28,-87.57,3016800,8734200
201708,120072,719463,2,0.64,SSW,OAK,30.3114,-87.7039,3018684,8742234
201708,120072,719463,3,3.68,WSW,GULF SHRS,30.2579,-87.7361,3015474,8744166
201708,120072,719463,4,1.63,NE,ROMAR BEACH,30.2662,-87.6002,3015972,8736012
201708,120072,719596,1,2.76,S,MAGNOLIA SPGS,30.3605,-87.7869,3021630,8747214
201708,120072,719596,2,2.13,SE,FOLEY,30.3944,-87.6599,3023664,8739594
201708,120072,719596,3,1.52,SW,LILLIAN,30.3842,-87.4677,3023052,8728062
201708,120072,719596,4,1.1,W,GULF SHRS,30.2817,-87.6984,3016902,8741904
201708,120072,719600,1,0,N,HIGHLAND HOME,31.95,-86.32,3157000,8619200
201708,120075,719476,1,2.05,W,WYANDOTTE,42.2,-83.21,4212000,8312600
201708,120075,719477,1,3.44,SE,FOREST LAWN,42.34,-82.99,4220400,8259400
201708,120075,719478,1,0.86,NE,TRENTON,42.14,-83.19,428400,8311400
201708,120075,719479,1,2.07,NE,WILLOW,42.14,-83.35,428400,8321000
201708,120075,719480,1,1.22,NW,KEEWAHDIN,43.04,-82.45,432400,8227000
201708,120076,719481,1,2.57,NW,FORT GRATIOT WLON STATION (FTGM4),43.04,-82.45,432400,8227000
201708,120077,719482,1,0.69,S,METROPOLITAN BEACH,42.57,-82.8,4234200,8248000
201708,120077,719483,1,1.38,S,GROSSE POINTE,42.36,-82.91,4221600,8254600
201708,120077,719484,1,4.82,SW,GROSSE POINTE,42.3373,-82.9845,4220238,8259070
201708,120078,719485,1,2.62,ENE,KERR HILL,42.91,-83.33,4254600,8319800
201708,120078,719486,1,1.02,E,GUTHRIE,42.3,-84.05,4218000,843000
201708,120078,719487,1,0.69,N,WALLED LAKE,42.54,-83.48,4232400,8328800
201708,120078,719488,1,0,N,MIDLAND,43.62,-84.23,4337200,8413800
201708,120081,719503,1,1.95,E,TWIN BROOKS,45.2,-96.76,4512000,9645600
201708,120081,719503,2,1.98,E,TWIN BROOKS,45.1972,-96.7596,4511832,9645576
201708,120081,719503,3,1.8,E,TWIN BROOKS,45.1972,-96.7632,4511832,9645792
201708,120081,719503,4,1.8,E,TWIN BROOKS,45.2003,-96.763,4512018,9645780
201708,120081,719504,1,1.47,NNE,HAYTI,44.67,-97.19,4440200,9711400
201708,120081,719505,1,0.49,W,NAPLES,44.77,-97.51,4446200,9730600
201708,120082,719516,1,0.5,E,WOODSVILLE,44.15,-72.04,449000,722400
201708,120082,719517,1,0,N,BATH,44.17,-71.97,4410200,7158200
201708,120082,719518,1,0.99,W,DALTON,44.42,-71.7,4425200,7142000
201708,120082,719519,1,0.69,N,LANCASTER,44.49,-71.57,4429400,7134200
201708,120082,719520,1,2.41,SE,LITTLETON,44.3,-71.73,4418000,7143800
201708,120082,719521,1,0.85,NW,WHITEFIELD,44.38,-71.61,4422800,7136600
201708,120082,719522,1,0.69,N,LANCASTER,44.49,-71.57,4429400,7134200
201708,120082,719523,1,0.85,NE,FRANCONIA,44.24,-71.74,4414400,7144400
201708,120082,719525,1,0,N,CLAREMONT,43.38,-72.35,4322800,7221000
201708,120082,719526,1,0.86,SE,WESTMORELAND,42.96,-72.44,4257600,7226400
201708,120082,719527,1,1.71,NW,KEENE,42.95,-72.3,4257000,7218000
201708,120082,719528,1,0.5,E,GILSUM,43.05,-72.26,433000,7215600
201708,120082,719529,1,0.5,E,WILMOT,43.45,-71.91,4327000,7154600
201708,120082,719532,1,0.85,SW,NEW LONDON,43.41,-71.99,4324600,7159400
201708,120082,719535,1,0.69,N,NELSON,42.99,-72.13,4259400,727800
201708,120082,719536,1,0.5,W,GILFORD,43.55,-71.41,4333000,7124600
201708,120082,719537,1,1.21,NE,WHITEFACE,43.88,-71.38,4352800,7122800
201708,120082,719538,1,0.5,E,MILL VLG,43.08,-72.11,434800,726600
201708,120082,719539,1,0,N,HANCOCK,42.97,-71.98,4258200,7158800
201708,120082,719540,1,0.86,NW,FRANCESTOWN,42.99,-71.81,4259400,7148600
201708,120082,719541,1,0,N,BENNINGTON,43,-71.93,4300,7155800
201708,120084,719544,1,0.7,SW,KENSINGTON,40.7925,-73.7389,4047550,7344334
201708,120084,719544,2,0.69,SW,KENSINGTON,40.7928,-73.7391,4047568,7344346
201708,120084,719544,3,0.71,SW,KENSINGTON,40.7926,-73.7395,4047556,7344370
201708,120084,719544,4,0.72,SW,KENSINGTON,40.7924,-73.7393,4047544,7344358
201708,120084,719545,1,0.15,NE,HALESITE,40.8817,-73.4183,4052902,7325098
201708,120084,719545,2,0.67,ENE,HALESITE,40.8821,-73.4075,4052926,7324450
201708,120084,719545,3,0.82,SW,HUNTINGTON BAY,40.891,-73.4103,4053460,7324618
201708,120084,719545,4,0.71,NNE,HALESITE,40.8899,-73.4161,4053394,7324966
201708,120084,719545,5,0.35,N,HALESITE,40.885,-73.4192,4053100,7325152
201708,120084,719546,1,0.07,W,WEST HILLS,40.8201,-73.4214,4049206,7325284
201708,120084,719546,2,0.09,WNW,WEST HILLS,40.8204,-73.4216,4049224,7325296
201708,120084,719546,3,0.08,WNW,WEST HILLS,40.8205,-73.4213,4049230,7325278
201708,120084,719546,4,0.06,WNW,WEST HILLS,40.8202,-73.4211,4049212,7325266
201708,120084,719547,1,0.54,W,FARMINGDALE,40.7312,-73.4601,4043872,7327606
201708,120084,719547,2,0.33,WNW,FARMINGDALE,40.7319,-73.4557,4043914,7327342
201708,117250,706587,1,2.06,NNW,CEDAR KNOLLS,40.8477,-74.4647,4050862,7427882
201708,117250,706587,2,1.7,NNE,MORRIS PLAINS,40.8435,-74.4703,4050610,7428218
201708,117250,706587,3,1.28,NNW,CEDAR KNOLLS,40.8372,-74.4588,4050232,7427528
201708,117250,706587,4,1.76,NNW,CEDAR KNOLLS,40.8445,-74.4589,4050670,7427534
201708,117251,705266,1,0.5,SSW,MANAYUNK,40.0129,-75.2323,40774,7513938
201708,117251,705266,2,1.83,ENE,OVERBROOK,39.9906,-75.2182,3959436,7513092
201708,117251,705266,3,0.65,S,WAYNE JCT,40.0106,-75.1695,40636,7510170
201708,117251,705266,4,1.36,WNW,WAYNE JCT,40.024,-75.1952,401440,7511712
201708,117251,705267,1,3.37,S,PHILADELPHIA,39.9012,-75.1721,3954072,7510326
201708,117251,705267,2,3.97,ENE,(PHL)PHILADELPHIA IN,39.8917,-75.1767,3953502,7510602
201708,117251,705267,3,3.96,S,PHILADELPHIA,39.8937,-75.1561,3953622,759366
201708,117251,705267,4,3.59,SSE,PHILADELPHIA,39.9009,-75.1476,3954054,758856
201708,117251,705268,1,2.99,S,PHILADELPHIA,39.9075,-75.159,3954450,759540
201708,117251,705268,2,3.31,SSE,PHILADELPHIA,39.9067,-75.1434,3954402,758604
201708,117251,705268,3,2.31,SE,PHILADELPHIA,39.9231,-75.1441,3955386,758646
201708,117251,705268,4,2.21,SSE,PHILADELPHIA,39.9205,-75.1539,3955230,759234
201708,117251,705269,1,0.69,N,SOUTH EASTON,40.69,-75.22,4041400,7513200
201708,117251,705269,2,0.48,W,ODENWELDER,40.6804,-75.2392,4040824,7514352
201708,117251,705269,3,0.55,SE,SOUTH EASTON,40.6734,-75.2141,4040404,7512846
201708,117251,705269,4,1.07,ENE,SOUTH EASTON,40.6881,-75.2026,4041286,7512156
201708,117251,705270,1,1.16,ESE,WEST BRISTOL,40.0955,-74.8588,405730,7451528
201708,117251,705270,2,0.53,W,BRISTOL ARPT,40.13,-74.86,407800,7451600
201708,117251,705270,3,0.8,SSE,FALLSINGTON,40.1695,-74.8135,4010170,7448810
201708,117251,705270,4,0.85,NE,EDGELY,40.1301,-74.821,407806,7449260
201708,117251,705271,1,0.31,SSW,MERTZTOWN,40.5157,-75.6719,4030942,7540314
201708,117251,705271,2,0.7,ESE,MERTZTOWN,40.517,-75.6572,4031020,7539432
201708,117251,705271,3,1.04,SSE,MERTZTOWN,40.5075,-75.6591,4030450,7539546
201708,117251,705271,4,0.79,S,MERTZTOWN,40.5088,-75.6676,4030528,7540056
201708,117251,705272,1,0.53,E,ROCKLEDGE,40.08,-75.09,404800,755400
201708,117251,705273,1,1.38,S,ABRAMS,40.1,-75.38,406000,7522800
201708,117251,705274,1,0.87,NW,CHESTERBROOK,40.08,-75.46,404800,7527600
201708,117251,705275,1,0.52,W,KLECKNERSVILLE,40.78,-75.43,4046800,7525800
201708,117251,705276,1,0.69,N,BLACK CREEK JCT,40.94,-75.82,4056400,7549200
201708,117251,705277,1,0.69,N,BLACK CREEK JCT,40.94,-75.82,4056400,7549200
201708,117251,705278,1,0.86,NW,MT POCONO ARPT,41.14,-75.38,418400,7522800
201708,117251,705279,1,1.26,ENE,EDGELY,40.13,-74.81,407800,7448600
201708,117251,705280,1,1.26,ENE,EDGELY,40.13,-74.81,407800,7448600
201708,117251,705281,1,0,N,FLOURTOWN,40.12,-75.22,407200,7513200
201708,117251,705282,1,1.38,S,ABRAMS,40.1,-75.38,406000,7522800
201708,117251,705283,1,1.05,E,WIND GAP,40.85,-75.28,4051000,7516800
201708,117251,705284,1,0,N,BEDMINSTER,40.43,-75.18,4025800,7510800
201708,117251,705285,1,0.53,E,APPLEBACHSVILLE,40.48,-75.26,4028800,7515600
201708,117251,705287,1,0.87,SW,PLEASANT VLY,40.51,-75.31,4030600,7518600
201708,117251,705288,1,0.69,S,TULLYTOWN,40.14,-74.82,408400,7449200
201708,117251,705439,1,1.74,NE,SINKING SPG,40.35,-76.06,4021000,763600
201708,117251,705447,1,0,N,NAZARETH,40.75,-75.32,4045000,7519200
201708,117251,706582,1,0.93,SE,PENCOYD STATION,40.0108,-75.2071,40648,7512426
201708,117251,706582,2,1.07,SSE,PENCOYD STATION,40.0049,-75.216,40294,7512960
201708,117251,706582,3,2.02,SSE,PENCOYD STATION,39.9916,-75.211,3959496,7512660
201708,117251,706582,4,2.17,SSE,PENCOYD STATION,39.9937,-75.1976,3959622,7511856
201708,117251,706582,5,1.65,SE,PENCOYD STATION,40.0061,-75.1947,40366,7511682
201708,117251,709445,1,1.38,N,KEMPTON,40.65,-75.85,4039000,7551000
201708,117252,709236,1,17.68,N,BOWERS BEACH DE,39.3048,-75.3882,3918288,7523292
201708,117252,709238,1,15.01,NNE,BOWERS BEACH DE,39.2559,-75.3305,3915354,7519830
201708,117252,709239,1,0,N,TUCKERTON,39.6,-74.33,3936000,7419800
201708,117252,709259,1,41.89,NW,BIVALVE NJ,39.7105,-75.509,3942630,7530540
201708,117252,709260,1,12.32,NNE,BOWERS BEACH DE,39.2071,-75.3113,3912426,7518678
201708,117257,705249,1,0,N,INDIAN VLG,41.72,-86.22,4143200,8613200
201708,117257,705250,1,1.38,S,HOAGLAND,40.93,-85,4055800,8500
201708,117257,705252,1,1.48,NNW,MONUMENT CITY,40.8,-85.61,4048000,8536600
201708,117257,719149,1,2.49,WNW,BRUCE LAKE,41.0843,-86.424,415058,8625440
201708,117274,705366,1,4.81,NNE,HUDSON,28.4331,-82.6667,2825986,8240002
201708,117274,705555,1,12.1,N,CLEARWATER BEACH,28.1533,-82.8012,289198,8248072
201708,117274,705556,1,1.75,ENE,OLD TAMPA BAY,27.8578,-82.5527,2751468,8233162
201708,117274,705557,1,6.77,W,LOWER TAMPA BAY,27.61,-82.76,2736600,8245600
201708,117274,705558,1,1.38,S,LOWER TAMPA BAY,27.6,-82.65,2736000,8239000
201708,117281,705453,1,0.69,S,RENO,39.37,-81.4,3922200,8124000
201708,117282,705454,1,0.69,S,SHINNSTON,39.39,-80.3,3923400,8018000
201708,117283,705455,1,0.88,NW,PALERMO,38.18,-82.06,3810800,823600
201708,117295,705509,1,1.11,ENE,NEEDMORE,39.8548,-78.15,3951288,789000
201708,117295,705509,2,1.21,NNW,GEM,39.8652,-78.1313,3951912,787878
201708,117296,706144,1,1.23,W,DUNDORE,40.7293,-76.8934,4043758,7653604
201708,117296,709466,1,1.13,E,MIDDLESEX,40.2329,-77.1089,4013974,776534
201708,117296,709467,1,0.73,NNW,CEDAR CLIFF MANOR,40.2398,-76.9352,4014388,7656112
201708,117296,709468,1,0.7,WNW,YOUNGSVILLE,41.854,-79.3426,4151240,7920556
201708,117296,709469,1,0.92,WNW,PENNSDALE,41.2533,-76.8171,4115198,7649026
201708,117296,709470,1,0.49,SSW,DUBOISTOWN,41.2138,-77.0346,4112828,772076
201708,117296,709471,1,0.33,WNW,SHENANDOAH,40.8213,-76.2061,4049278,7612366
201708,117296,709472,1,1.49,NE,MILDRED,41.4923,-76.3565,4129538,7621390
201708,117296,709473,1,2.13,W,CANAN,40.4688,-78.4705,4028128,7828230
201708,117296,709474,1,2.07,NW,MC ALEVYS FORT,40.6507,-77.8486,4039042,7750916
201708,117296,709475,1,1.17,NW,OGLETOWN,40.2105,-78.7174,4012630,7843044
201708,117296,709476,1,0.62,W,BELLWOOD,40.6006,-78.3418,4036036,7820508
201708,117296,709477,1,1.19,NW,TYRONE,40.6942,-78.243,4041652,7814580
201708,117296,709478,1,1.44,W,ANDOVER,39.9531,-78.1269,3957186,787614
201708,117296,709479,1,0.07,E,CRYSTAL SPG,39.9499,-78.2287,3956994,7813722
201708,117296,710698,1,1.74,N,RICHMOND FURNACE,39.9952,-77.9005,3959712,7754030
201708,117296,710699,1,0.79,NNE,MC CONNELLSBURG,39.941,-77.9963,3956460,7759778
201708,117296,710700,1,1.16,SW,UPPER STRASBURG,40.0574,-77.7145,403444,7742870
201708,117296,710701,1,1.18,E,WELLSBORO ARPT,41.7323,-77.3773,4143938,7722638
201708,117296,710702,1,2.1,E,ASAPH,41.7704,-77.3793,4146224,7722758
201708,117296,710703,1,2.84,NE,WHITNEYVILLE,41.8025,-77.1862,4148150,7711172
201708,117296,710704,1,0.43,ENE,DUNNSTOWN,41.152,-77.4222,419120,7725332
201708,117296,710705,1,0.34,N,LARRYVILLE,41.2349,-77.2204,4114094,7713224
201708,117296,710706,1,0.65,NW,BLAIN,40.3363,-77.5092,4020178,7730552
201708,117296,710707,1,1.77,WNW,ESHEOL,40.4825,-77.3094,4028950,7718564
201708,117296,710708,1,1.85,SW,NEWPORT,40.448,-77.1502,4026880,779012
201708,117296,710709,1,0.3,NNW,CEDAR CLIFF MANOR,40.2339,-76.9325,4014034,7655950
201708,117296,710710,1,0.42,WNW,DANVILLE,40.9728,-76.607,4058368,7636420
201708,117296,710711,1,0.23,SSE,ESPY,41.0172,-76.4177,411032,7625062
201708,117296,710712,1,1.29,NE,ASPERS,39.9935,-77.2632,3959610,7715792
201708,117296,710713,1,2.69,WNW,YORK SPGS,40.0161,-77.1463,40966,778778
201708,117296,710714,1,1.91,NNW,YORK SPGS,40.0232,-77.1197,401392,777182
201708,117296,710715,1,1.21,NE,ROXBURY,40.1341,-77.6365,408046,7738190
201708,117296,710716,1,1.24,W,LOGANVILLE,39.847,-76.7231,3950820,7643386
201708,117296,710717,1,1.11,ESE,RED LION,39.8913,-76.6024,3953478,7636144
201708,117296,710718,1,0.85,NNW,HOLLINGER,40.0118,-76.3043,40708,7618258
201708,117296,710719,1,1.73,N,HAHNSTOWN,40.1947,-76.1255,4011682,767530
201708,117296,713988,1,1.2,N,PLAINFIELD,40.2172,-77.2772,4013032,7716632
201708,117296,713988,2,0.78,NW,NEWVILLE,40.1881,-77.4104,4011286,7724624
201708,117296,713988,3,2.59,NNW,HOCKERSVILLE,40.1517,-77.3561,409102,7721366
201708,117296,713988,4,0.23,SSE,CARLISLE ARPT,40.1768,-77.1687,4010608,7710122
201708,117296,713988,5,0.97,WNW,GETTYSBURG JCT,40.2251,-77.1872,4013506,7711232
201708,117299,709162,1,2.29,WSW,MT PLEASANT MILLS,40.7081,-77.0609,4042486,773654
201708,117299,709163,1,1.28,SE,MT PLEASANT MILLS,40.7092,-77.0001,4042552,7706
201708,118444,711733,1,1.47,SSW,BINGHAMTON,42.1,-75.91,426000,7554600
201708,118444,711734,1,1.47,SSW,BINGHAMTON,42.1,-75.91,426000,7554600
201708,118444,711735,1,0,N,SMITHVILLE FLATS,42.4,-75.8,4224000,7548000
201708,118444,711736,1,0.69,N,OXFORD,42.44,-75.6,4226400,7536000
201708,118444,711737,1,0,N,SHERBURNE,42.68,-75.5,4240800,7530000
201708,118444,711738,1,0,N,TROUPSBURG,42.05,-77.55,423000,7733000
201708,118444,711739,1,0.69,N,BATH,42.34,-77.32,4220400,7719200
201708,118444,711740,1,0,N,WOODHULL,42.08,-77.42,424800,7725200
201708,118444,711741,1,0.69,N,BATH,42.34,-77.32,4220400,7719200
201708,118444,711742,1,0.86,SE,PAINTED POST,42.16,-77.09,429600,775400
201708,118444,711743,1,1.23,SW,SENECA FALLS,42.91,-76.8,4254600,7648000
201708,118444,711744,1,2.05,NW,SENNETT,43.02,-76.56,431200,7633600
201708,118444,711745,1,2.91,SE,WEST NEWARK,42.22,-76.19,4213200,7611400
201708,118445,711746,1,0.69,S,NORTH TOWANDA,41.77,-76.45,4146200,7627000
201708,118445,711747,1,0.52,W,BURLINGTON,41.78,-76.61,4146800,7636600
201708,118445,711748,1,0,N,WILMOT,41.6,-76.32,4136000,7619200
201708,118445,711749,1,0.86,SE,SOUTH WAVERLY,41.99,-76.52,4159400,7631200
201708,118445,711750,1,0.52,W,ALBA,41.7,-76.83,4142000,7649800
201708,118449,711793,1,1.47,SSE,HOLLY POND,34.1522,-86.6058,349132,8636348
201708,118449,711793,2,0.97,WNW,JEPPA,34.3042,-86.5662,3418252,8633972
201708,118449,711794,1,3.94,WSW,ARAB,34.3042,-86.5662,3418252,8633972
201708,118449,711794,2,1.79,SSE,RUTH,34.3456,-86.5597,3420736,8633582
201708,118482,711920,1,7.98,W,ELBA,39.91,-103.33,3954600,10319800
201708,118482,711921,1,0.87,SW,POWELL,40.76,-103.01,4045600,103600
201708,118482,711922,1,1.26,ENE,FT MORGAN,40.26,-103.78,4015600,10346800
201708,118483,711924,1,2.25,ENE,CASTLE ROCK,39.38,-104.83,3922800,10449800
201708,118484,711926,1,4.97,ESE,ELBA,39.9,-103.09,3954000,1035400
201708,118485,711929,1,3.49,WNW,SHAFFERS XRDS,39.47,-105.39,3928200,10523400
201708,118486,711931,1,4.34,SE,HOLYOKE ARPT,40.53,-102.22,4031800,10213200
201708,118486,711933,1,7.18,ESE,HOLYOKE ARPT,40.53,-102.15,4031800,1029000
201708,118502,712004,1,0,N,CARMI,38.08,-88.17,384800,8810200
201708,118502,712004,2,1,N,CARMI,38.0945,-88.17,385670,8810200
201708,118502,712005,1,0,W,ORCHARDVILLE,38.5,-88.65,3830000,8839000
201708,118502,712006,1,0,W,WAYNE CITY,38.35,-88.58,3821000,8834800
201708,118502,712008,1,1,S,CARMI,38.0655,-88.17,383930,8810200
201708,118506,712011,1,0,N,SLAUGHTERS,37.48,-87.5,3728800,8730000
201708,118529,712109,1,0,N,GILBERT,47.5,-92.48,4730000,9228800
201708,118529,712110,1,0.93,E,VIRGINIA,47.52,-92.51,4731200,9230600
201708,118530,712111,1,0,N,MINONG,46.1,-91.82,466000,9149200
201708,118530,712112,1,0.48,W,MINONG,46.1,-91.83,466000,9149800
201708,118530,712113,1,0.96,E,MINONG SUTHERLAND AR,46.1,-91.88,466000,9152800
201708,118547,712193,1,0,N,CINCINNATUS,42.53,-75.88,4231800,7552800
201708,118547,712194,1,0,N,PETERBORO,42.97,-75.67,4258200,7540200
201708,118547,712195,1,0.51,W,STOCKBRIDGE,42.98,-75.59,4258800,7535400
201708,118547,712196,1,1.47,SSW,WESTDALE,43.36,-75.84,4321600,7550400
201708,118547,712197,1,0.51,W,COOPERSTOWN,42.7,-74.93,4242000,7455800
201708,118547,712198,1,0,N,MC DONOUGH,42.5,-75.77,4230000,7546200
201708,118547,712199,1,0,N,NORWICH,42.53,-75.52,4231800,7531200
201708,118547,712200,1,0,N,MORRIS,42.55,-75.25,4233000,7515000
201708,118547,712201,1,0.51,E,LAURENS,42.53,-75.09,4231800,755400
201708,118547,712202,1,1.23,NW,MILFORD,42.59,-74.95,4235400,7457000
201708,118547,712203,1,0,N,WORCESTER,42.58,-74.75,4234800,7445000
201708,118547,712204,1,0,N,WORCESTER,42.58,-74.75,4234800,7445000
201708,118547,712205,1,0,N,EAST WORCESTER,42.62,-74.67,4237200,7440200
201708,118548,712206,1,0.69,S,NORTH TOWANDA,41.77,-76.45,4146200,7627000
201708,118551,713052,1,2.43,SW,CHARLEMONT,42.6042,-72.9125,4236252,7254750
201708,118551,713054,1,0.02,NNW,FARM HILL,42.4802,-71.1001,4228812,716006
201708,118551,713057,1,0,N,MILFORD,42.15,-71.52,429000,7131200
201708,118551,713060,1,0,N,MILLVILLE,42.03,-71.58,421800,7134800
201708,118551,713203,1,0.62,SSW,HADLEY,42.3418,-72.585,4220508,7235100
201708,118551,713210,1,1.05,ESE,NORTH BELLINGHAM,42.1168,-71.4299,427008,7125794
201708,118551,713212,1,0.52,SSE,EAST BOSTON,42.3633,-71.0252,4221798,711512
201708,118551,713214,1,1.42,NE,ACTON,42.4959,-71.4523,4229754,7127138
201708,118551,713217,1,2.07,ESE,BOLTON,42.4185,-71.5625,4225110,7133750
201708,118551,713218,1,0.46,SW,MAYNARD,42.4247,-71.4555,4225482,7127330
201708,118551,713221,1,1.32,S,MINUTE MAN ARPT,42.451,-71.5185,4227060,7131110
201708,118551,713224,1,0.61,NNE,MINUTE MAN ARPT,42.4776,-71.5139,4228656,7130834
201708,118551,713232,1,0.25,NNW,SOUTHWICK,42.0533,-72.7718,423198,7246308
201708,118551,713234,1,0.8,NE,NORTH AGAWAM,42.1083,-72.619,426498,7237140
201708,118551,713235,1,0.78,ENE,SPINDLEVILLE,42.125,-71.5164,427500,7130984
201708,118551,713236,1,0.86,WSW,PETERSHAM,42.4769,-72.1963,4228614,7211778
201708,118551,713237,1,0.81,ENE,MENDON,42.1057,-71.5361,426342,7132166
201708,118551,713247,1,1.45,ENE,DORCHESTER CENTER,42.2857,-71.0427,4217142,712562
201708,118551,713247,2,0.86,S,SOUTH BOSTON,42.3178,-71.0473,4219068,712838
201708,118551,713247,3,0.68,SSW,BOSTON,42.3104,-71.0726,4218624,714356
201708,118551,713247,4,0.66,N,DORCHESTER CENTER,42.2894,-71.0718,4217364,714308
201708,118551,713254,1,0.57,N,DORCHESTER,42.2883,-71.0802,4217298,714812
201708,118551,713254,2,0.59,N,DORCHESTER,42.2884,-71.0781,4217304,714686
201708,118551,713254,3,0.55,N,DORCHESTER,42.2878,-71.0783,4217268,714698
201708,118551,713254,4,0.55,N,DORCHESTER,42.2879,-71.0804,4217274,714824
201708,119751,718158,1,2.76,N,JEFF,34.86,-86.72,3451600,8643200
201708,119751,718158,2,2.44,ESE,HARVEST EPPS ARPT,34.8616,-86.7281,3451696,8643686
201708,119751,718158,3,2.47,N,JEFF,34.8556,-86.7246,3451336,8643476
201708,119751,718158,4,2.58,N,JEFF,34.8572,-86.717,3451432,8643020
201708,119751,718160,1,1.49,SSW,MADISON XRDS,34.88,-86.73,3452800,8643800
201708,119751,718160,2,1.04,SSW,MADISON XRDS,34.8875,-86.7302,3453250,8643812
201708,119751,718160,3,1.06,SSE,TONEY,34.8851,-86.7453,3453106,8644718
201708,119751,718160,4,1.46,S,TONEY,34.8793,-86.745,3452758,8644700
201708,119751,718163,1,1.79,SW,HAZEL GREEN ARPT,34.9,-86.67,3454000,8640200
201708,119751,718163,2,0.85,SSW,MADISON XRDS,34.8882,-86.724,3453292,8643440
201708,119751,718163,3,0.51,WNW,MADISON XRDS,34.9026,-86.7285,3454156,8643710
201708,119751,718163,4,1.53,WSW,HAZEL GREEN ARPT,34.9082,-86.6729,3454492,8640374
201708,119751,718164,1,2.15,NNE,MT LEVENTOV,34.9,-86.61,3454000,8636600
201708,119751,718164,2,2.32,NW,STEGERS STORE,34.9004,-86.6024,3454024,8636144
201708,119751,718164,3,2.13,SW,HAZEL GREEN,34.9059,-86.6035,3454354,8636210
201708,119751,718164,4,2.32,SW,HAZEL GREEN,34.9071,-86.6099,3454426,8636594
201708,119751,718165,1,1.79,NW,STEGERS STORE,34.9,-86.59,3454000,8635400
201708,119751,718165,2,1.44,NNW,STEGERS STORE,34.9002,-86.576,3454012,8634560
201708,119751,718165,3,1.65,S,HAZEL GREEN,34.9062,-86.5766,3454372,8634596
201708,119751,718165,4,1.92,SSW,HAZEL GREEN,34.9041,-86.5925,3454246,8635550
201708,119751,718180,1,0.89,NW,MADISON XRDS,34.91,-86.73,3454600,8643800
201708,119751,718180,2,0.49,WNW,MADISON XRDS,34.9016,-86.7285,3454096,8643710
201708,119751,718180,3,0.85,E,TONEY,34.9016,-86.7352,3454096,8644112
201708,119751,718180,4,1.07,ESE,DAN,34.9115,-86.7341,3454690,8644046
201708,119751,718181,1,0.69,N,GLADSTONE,34.89,-86.65,3453400,8639000
201708,119751,718181,2,1.38,NNW,MT LEVENTOV,34.8892,-86.627,3453352,8637620
201708,119751,718181,3,1.85,SE,HAZEL GREEN ARPT,34.9003,-86.6279,3454018,8637674
201708,119751,718181,4,1.32,S,HAZEL GREEN ARPT,34.9009,-86.6493,3454054,8638958
201708,119751,718185,1,2.07,S,SULPHUR SPGS,34.89,-86.52,3453400,8631200
201708,119751,718185,2,2.06,S,SULPHUR SPGS,34.8905,-86.5152,3453430,8630912
201708,119751,718185,3,2.32,S,SULPHUR SPGS,34.8865,-86.5163,3453190,8630978
201708,119751,718185,4,2.38,S,SULPHUR SPGS,34.8856,-86.5207,3453136,8631242
201708,119751,718303,1,0,N,HAZEL GREEN,34.93,-86.58,3455800,8634800
201708,119751,718303,2,1.26,E,HAZEL GREEN,34.9293,-86.5579,3455758,8633474
201708,119751,718303,3,1.68,NE,HAZEL GREEN,34.9445,-86.5561,3456670,8633366
201708,119751,718303,4,1.25,N,HAZEL GREEN,34.948,-86.5788,3456880,8634728
201708,119751,718305,1,1.38,N,HADEN,34.7,-86.52,3442000,8631200
201708,119751,718305,2,1.31,SW,DUG HILL,34.7058,-86.5154,3442348,8630924
201708,119751,718305,3,1.34,SSW,DUG HILL,34.7026,-86.5105,3442156,8630630
201708,119751,718305,4,1.2,N,HADEN,34.6972,-86.5171,3441832,8631026
201708,119751,718306,1,1.49,NNW,RYLAND,34.79,-86.49,3447400,8629400
201708,119751,718306,2,1.6,NNW,RYLAND,34.7902,-86.4938,3447412,8629628
201708,119751,718306,3,1.36,NW,RYLAND,34.7861,-86.4936,3447166,8629616
201708,119751,718306,4,1.26,NNW,RYLAND,34.7861,-86.4904,3447166,8629424
201708,119751,718307,1,1.49,SSW,DUG HILL,34.7,-86.51,3442000,8630600
201708,119751,718307,2,1.46,NNE,HADEN,34.698,-86.5064,3441880,8630384
201708,119751,718307,3,1.35,NNE,HADEN,34.697,-86.5082,3441820,8630492
201708,119751,718307,4,1.41,NNE,HADEN,34.6991,-86.5112,3441946,8630672
201708,119751,718309,1,0.31,W,HUNTSVILLE MILLS ARP,34.7505,-86.5554,3445030,8633324
201708,119751,718309,2,0.36,WSW,HUNTSVILLE MILLS ARP,34.7476,-86.5556,3444856,8633336
201708,119751,718309,3,0.28,SW,HUNTSVILLE MILLS ARP,34.7476,-86.5541,3444856,8633246
201708,119751,718309,4,0.24,W,HUNTSVILLE MILLS ARP,34.7504,-86.5541,3445024,8633246
201708,119751,718310,1,0.68,W,HUNTSVILLE MILLS ARP,34.7498,-86.5619,3444988,8633714
201708,119751,718310,2,0.69,W,HUNTSVILLE MILLS ARP,34.7487,-86.562,3444922,8633720
201708,119751,718310,3,0.62,W,HUNTSVILLE MILLS ARP,34.7486,-86.5609,3444916,8633654
201708,119751,718310,4,0.62,W,HUNTSVILLE MILLS ARP,34.75,-86.5609,3445000,8633654
201708,119751,718311,1,1.09,WNW,HUNTSVILLE MILLS ARP,34.7578,-86.5667,3445468,8634002
201708,119751,718311,2,1.07,WNW,HUNTSVILLE MILLS ARP,34.7569,-86.5668,3445414,8634008
201708,119751,718311,3,1.32,WNW,HUNTSVILLE MILLS ARP,34.757,-86.5717,3445420,8634302
201708,119751,718311,4,1.45,WNW,HUNTSVILLE MILLS ARP,34.7599,-86.5726,3445594,8634356
201708,119751,718312,1,0,N,HUNTSVILLE MILLS ARP,34.75,-86.55,3445000,8633000
201708,119751,718312,2,0.15,SSE,HUNTSVILLE MILLS ARP,34.7479,-86.5492,3444874,8632952
201708,119751,718312,3,0.26,WSW,HUNTSVILLE MILLS ARP,34.7483,-86.5541,3444898,8633246
201708,119751,718312,4,0.23,W,HUNTSVILLE MILLS ARP,34.7502,-86.5541,3445012,8633246
201708,119751,718313,1,0.89,SW,HUNTSVILLE,34.72,-86.63,3443200,8637800
201708,119751,718313,2,0.62,SW,HUNTSVILLE,34.724,-86.628,3443440,8637680
201708,119751,718313,3,0.99,WSW,HUNTSVILLE,34.7239,-86.6357,3443434,8638142
201708,119751,718313,4,1.28,SW,HUNTSVILLE,34.719,-86.6382,3443140,8638292
201708,119751,718314,1,0.89,SW,OAKWOOD COLLEGE,34.74,-86.64,3444400,8638400
201708,119751,718314,2,0.75,NNW,HUNTSVILLE,34.7402,-86.6243,3444412,8637458
201708,119751,718314,3,0.28,NW,HUNTSVILLE,34.7325,-86.6239,3443950,8637434
201708,119751,718314,4,1.2,W,HUNTSVILLE,34.7329,-86.6408,3443974,8638448
201708,119751,718389,1,0,N,HUNTSVILLE MILLS ARP,34.75,-86.55,3445000,8633000
201708,119751,718389,2,0.06,E,HUNTSVILLE MILLS ARP,34.7501,-86.549,3445006,8632940
201708,120084,719547,3,0.29,W,FARMINGDALE,40.7303,-73.4556,4043818,7327336
201708,120084,719547,4,0.51,W,FARMINGDALE,40.7286,-73.4597,4043716,7327582
201708,120084,719551,1,1.16,NNW,NORTHPORT,40.9142,-73.3419,4054852,7320514
201708,120084,719551,2,1.2,NNW,NORTHPORT,40.9148,-73.3419,4054888,7320514
201708,120084,719551,3,1.1,NNW,NORTHPORT,40.9147,-73.3379,4054882,7320274
201708,120084,719551,4,1,NNW,NORTHPORT,40.9137,-73.3361,4054822,7320166
201708,120084,719551,5,0.98,N,NORTHPORT,40.9141,-73.3329,4054846,7319974
201708,120084,719551,6,0.93,N,NORTHPORT,40.9134,-73.3326,4054804,7319956
201708,120084,719551,7,0.94,NNW,NORTHPORT,40.913,-73.3354,4054780,7320124
201708,120084,719552,1,0.74,SW,WADING RIVER,40.9433,-72.8411,4056598,7250466
201708,120084,719552,2,0.8,SW,WADING RIVER,40.9432,-72.8425,4056592,7250550
201708,120084,719552,3,0.76,WSW,WADING RIVER,40.9445,-72.8426,4056670,7250556
201708,120084,719552,4,0.71,WSW,WADING RIVER,40.9446,-72.8415,4056676,7250490
201708,120084,719553,1,0.61,NNE,LAUREL,40.9783,-72.5459,4058698,7232754
201708,120084,719553,2,0.63,NNE,LAUREL,40.9784,-72.5453,4058704,7232718
201708,120084,719553,3,0.57,E,LAUREL,40.9712,-72.5393,4058272,7232358
201708,120084,719553,4,0.54,E,LAUREL,40.9708,-72.5398,4058248,7232388
201708,120085,719542,1,0.85,NW,LOVELL,44.13,-70.89,447800,7053400
201708,120085,719543,1,0,N,PORTER,43.8,-70.93,4348000,7055800
201708,120086,719548,1,0.85,NW,WILTON,44.59,-70.23,4435400,7013800
201708,120086,719549,1,0.49,W,DIXFIELD,44.53,-70.46,4431800,7027600
201708,120086,719550,1,0.69,N,ALFRED,43.48,-70.72,4328800,7043200
201708,120089,720944,1,3.45,N,SUN CITY,37.43,-98.92,3725800,9855200
201708,120089,720945,1,1.1,E,KIOWA ARPT,37.02,-98.48,371200,9828800
201708,120089,720946,1,1.1,E,KIOWA ARPT,37.02,-98.48,371200,9828800
201708,120089,720947,1,3.38,ESE,KIOWA ARPT,37.01,-98.44,37600,9826400
201708,120089,720948,1,5.87,WSW,UPPDEGRAFF,37.3,-98.7,3718000,9842000
201708,120093,719564,1,2.21,NW,SHEEPSHEAD ROCK,33.96,-77.94,3357600,7756400
201708,120093,719565,1,2.15,NNE,MASONBORO SEA NAVIGATIONAL BUOY,34.21,-77.8,3412600,7748000
201708,120095,719568,1,0.9,NW,MYRTLE GROVE,34.14,-77.89,348400,7753400
201708,120095,719568,2,0.59,NNW,MYRTLE GROVE,34.1382,-77.8831,348292,7752986
201708,120095,719568,3,0.41,NW,MYRTLE GROVE,34.1342,-77.8851,348052,7753106
201708,120095,719568,4,0.87,NW,MYRTLE GROVE,34.1378,-77.8921,348268,7753526
201708,120095,719569,1,0.69,S,LELAND,34.24,-78.05,3414400,783000
201708,120095,719569,2,1.03,E,LELAND,34.2486,-78.032,3414916,781920
201708,120095,719569,3,1.29,ESE,LELAND,34.2424,-78.0294,3414544,781764
201708,120095,719569,4,0.62,NNE,ELIAH,34.2375,-78.0441,3414250,782646
201708,120095,719571,1,0.51,NE,CAROLINA BEACH,34.0352,-77.8936,342112,7753616
201708,120095,719571,2,0.63,NE,CAROLINA BEACH,34.0375,-77.8937,342250,7753622
201708,120095,719571,3,0.69,NE,CAROLINA BEACH,34.037,-77.8913,342220,7753478
201708,120095,719571,4,0.58,NE,CAROLINA BEACH,34.0352,-77.892,342112,7753520
201708,120103,719601,1,8.35,WNW,PENSACOLA BEACH,30.3548,-87.2771,3021288,8716626
201708,120103,719610,1,4.75,NE,WEST SANTA ROSA SOUND,30.4025,-87.0375,3024150,872250
201708,120103,719611,1,4,W,DESTIN,30.39,-86.5671,3023400,8634026
201708,120103,719612,1,3.78,ENE,ORANGE BEACH,30.3083,-87.5102,3018498,8730612
201708,120104,719602,1,2,N,PACE,30.629,-87.15,3037740,879000
201708,120107,719669,1,2.26,NW,CARROLLTON,40.5951,-81.1077,4035706,816462
201708,120108,719670,1,0.69,N,HENLEIN,41.41,-80.38,4124600,8022800
201708,120109,719671,1,2.1,NE,YORKTOWN,40.47,-81.49,4028200,8129400
201708,120109,719672,1,1.74,NE,YORKTOWN,40.47,-81.5,4028200,8130000
201708,120109,719673,1,0.87,SE,NEW PHILADELPHIA,40.49,-81.44,4029400,8126400
201708,120109,719674,1,1.26,WSW,MALVERN,40.67,-81.2,4040200,8112000
201708,120109,719675,1,1.26,WSW,CADIZ,40.26,-81.02,4015600,811200
201708,120109,719676,1,1.73,WSW,EAST CADIZ,40.29,-80.98,4017400,8058800
201708,120111,719684,1,0,N,SANDUSKY,43.42,-82.83,4325200,8249800
201708,120111,719685,1,0.51,W,WATERFORD,42.7,-83.41,4242000,8324600
201708,120111,719686,1,1.47,SSE,ANDERSONVILLE,42.71,-83.47,4242600,8328200
201708,120111,719687,1,0.51,E,(PTK)PONTIAC ARPT,42.67,-83.41,4240200,8324600
201708,120111,719688,1,1.23,SW,CHESTERFIELD,42.66,-82.85,4239600,8251000
201708,120111,719689,1,2.06,SE,(MTC)MT CLEMENS/SELF,42.58,-82.8,4234800,8248000
201708,120111,719690,1,3.76,SW,ALGONAC ARPT,42.56,-82.63,4233600,8237800
201708,120111,719695,1,1,SSE,WYANDOTTE,42.1866,-83.1625,4211196,839750
201708,120114,719691,1,8.76,E,METROPOLITAN BEACH,42.56,-82.63,4233600,8237800
201708,120114,719692,1,1,SSE,WYANDOTTE,42.1866,-83.1625,4211196,839750
201708,120114,719693,1,6.08,NNW,METROPOLITAN BEACH,42.66,-82.85,4239600,8251000
201708,120114,719694,1,1,SSE,WYANDOTTE,42.1866,-83.1625,4211196,839750
201708,120114,720213,1,0,N,METROPOLITAN BEACH,42.58,-82.8,4234800,8248000
201708,120115,719696,1,0.87,SE,INDUSTRY,40.64,-80.41,4038400,8024600
201708,120115,719697,1,0.69,S,ARNOLA,40.57,-79.75,4034200,7945000
201708,120115,719698,1,0.52,W,FAIRVIEW,40.68,-80.48,4040800,8028800
201708,120115,719699,1,0.87,NW,MIDLAND,40.64,-80.46,4038400,8027600
201708,120115,719705,1,0.87,SE,INDUSTRY,40.64,-80.41,4038400,8024600
201708,120115,719706,1,2.81,N,EUCLID,41.04,-79.91,412400,7954600
201708,120115,719707,1,1.25,WSW,BOYDSTOWN,40.92,-79.85,4055200,7951000
201708,120115,719708,1,1.26,WSW,WEST ALIQUIPPA,40.62,-80.25,4037200,8015000
201708,120115,719709,1,0.69,N,SARVER,40.74,-79.73,4044400,7943800
201708,120115,719710,1,0.53,E,BURGETTSTOWN,40.38,-80.39,4022800,8023400
201708,120115,719712,1,1.26,WSW,SHEARERSBURG,40.61,-79.67,4036600,7940200
201708,120115,719713,1,1.89,ENE,BRAEBURN,40.6297,-79.6864,4037782,7941184
201708,120115,719714,1,0.69,S,ARNOLA,40.57,-79.75,4034200,7945000
201708,119859,721358,1,3.22,E,SEADRIFT,28.4239,-96.6671,2825434,9640026
201708,119859,721358,2,3.07,E,SEADRIFT,28.4229,-96.6696,2825374,9640176
201708,119859,721359,1,8.64,WSW,AUSTWELL,28.3238,-96.9969,2819428,9659814
201708,119859,721359,2,3.23,SW,AUSTWELL,28.342,-96.9008,2820520,9654048
201708,119859,721359,3,2.61,SE,AUSTWELL,28.3553,-96.8376,2821318,9650256
201708,119859,721359,4,4.36,WNW,TIVOLI,28.4838,-96.9605,2829028,9657630
201708,119859,721359,5,4.92,E,VIDAURI,28.4302,-97.0491,2825812,972946
201708,119859,721360,1,3.01,N,MISSION VLY,28.9435,-97.1988,2856610,9711928
201708,119859,721360,2,3.38,N,NURSERY,28.9686,-97.0944,2858116,975664
201708,119859,721360,3,2.57,NW,VICTORIA,28.8262,-97.0101,2849572,97606
201708,119859,721360,5,3.28,N,MC FADDIN,28.5968,-97.0093,2835808,97558
201708,119859,721361,1,2.62,NNW,TIVOLI GULF CST ARPT,28.5048,-96.8874,2830288,9653244
201708,119859,721361,2,1.31,SW,GREEN LAKE,28.5161,-96.8647,2830966,9651882
201708,119859,721361,3,3.2,ESE,TIVOLI GULF CST ARPT,28.4521,-96.8215,2827126,9649290
201708,119859,721361,4,2.96,SE,TIVOLI GULF CST ARPT,28.4446,-96.8308,2826676,9649848
201708,119859,721361,5,0.65,ENE,TIVOLI GULF CST ARPT,28.4722,-96.8596,2828332,9651576
201708,117299,709164,1,0.53,W,NEW SALEM,39.9,-76.79,3954000,7647400
201708,117299,709165,1,1.81,SSW,SKYLINE VIEW,40.3245,-76.7278,4019470,7643668
201708,117299,709167,1,0.15,SE,SYLVAN DELL,41.2286,-76.9677,4113716,7658062
201708,117312,705562,1,3.18,E,LEALMAN,27.8278,-82.6387,2749668,8238322
201708,117312,705566,1,0.68,W,BEE RIDGE,27.2804,-82.4811,2716824,8228866
201708,117332,705679,1,6,WNW,BUFFALO,44.3832,-106.8122,4422992,10648732
201708,117335,705680,1,1.38,S,LOWER TAMPA BAY,27.6,-82.65,2736000,8239000
201708,117335,705681,1,6.77,W,LOWER TAMPA BAY,27.61,-82.76,2736600,8245600
201708,117335,705682,1,2.45,W,MIDDLE TAMPA BAY,27.77,-82.57,2746200,8234200
201708,117335,705683,1,5.85,W,MIDDLE TAMPA BAY,27.7685,-82.6257,2746110,8237542
201708,117336,705684,1,5.85,W,MIDDLE TAMPA BAY,27.7685,-82.6257,2746110,8237542
201708,117336,705685,1,3.03,ESE,OLD TAMPA BAY,27.8407,-82.5315,2750442,8231890
201708,117336,705686,1,2.45,W,MIDDLE TAMPA BAY,27.77,-82.57,2746200,8234200
201708,117336,705687,1,5.64,NNE,HILLSBOROUGH BAY,27.9288,-82.4257,2755728,8225542
201708,117343,705688,1,15.94,N,PLAYALINDA BEACH,28.78,-80.8,2846800,8048000
201708,117343,705689,1,15.94,N,PLAYALINDA BEACH,28.78,-80.8,2846800,8048000
201708,117344,705690,1,3.67,NE,MAYTOWN,28.86,-80.91,2851600,8054600
201708,117354,705737,1,1.51,SSE,PLAYALINDA BEACH,28.53,-80.77,2831800,8046200
201708,117354,705740,1,3.34,WNW,CAPE CANAVERAL,28.4,-80.65,2824000,8039000
201708,117354,705743,1,15.94,N,PLAYALINDA BEACH,28.78,-80.8,2846800,8048000
201708,117354,705745,1,11.2,N,CAPE CANAVERAL,28.54,-80.57,2832400,8034200
201708,117355,705748,1,3.66,E,CYPRESS LAKE,28.1,-81.27,286000,8116200
201708,117356,705750,1,0.86,S,CAPE CANAVERAL,28.3676,-80.6015,2822056,8036090
201708,117357,705751,1,3.34,WNW,CAPE CANAVERAL,28.4,-80.65,2824000,8039000
201708,117357,705752,1,4.81,NNW,MERRITT ISLAND,28.41,-80.76,2824600,8045600
201708,117357,705753,1,15.94,N,PLAYALINDA BEACH,28.78,-80.8,2846800,8048000
201708,117357,705754,1,6.48,NNE,PLAYALINDA BEACH,28.64,-80.75,2838400,8045000
201708,117357,705755,1,3.34,WNW,CAPE CANAVERAL,28.4,-80.65,2824000,8039000
201708,117361,705760,1,0,N,LAKE PLACID,44.28,-73.98,4416800,7358800
201708,117361,705762,1,0,N,POTSDAM,44.67,-74.98,4440200,7458800
201708,117361,705764,1,0.69,S,HANNAWA FALLS,44.61,-74.97,4436600,7458200
201708,117361,705765,1,0.98,W,BURKE,44.9,-74.17,4454000,7410200
201708,117361,705767,1,1.47,SSE,NORTH HAMMOND,44.46,-75.71,4427600,7542600
201708,117361,705768,1,2.02,SW,BRIER HILL,44.51,-75.7,4430600,7542000
201708,117361,705769,1,0.69,N,MORRISTOWN,44.59,-75.65,4435400,7539000
201708,117361,705770,1,0.69,N,MORRISTOWN,44.59,-75.65,4435400,7539000
201708,117361,705771,1,2.13,SSW,UPPER JAY,44.3,-73.79,4418000,7347400
201708,117361,705772,1,0.85,NE,AUSABLE FORKS,44.44,-73.67,4426400,7340200
201708,117361,705773,1,1.47,SSW,MORLEY,44.65,-75.19,4439000,7511400
201708,117361,705775,1,2.86,SE,BLOOMINGDALE,44.39,-74.06,4423400,743600
201708,117361,705776,1,0.49,W,NORFOLK,44.8,-74.99,4448000,7459400
201708,117361,705777,1,0,N,CANTON,44.6,-75.17,4436000,7510200
201708,117363,705780,1,2.02,SW,CHURUBUSCO,44.93,-73.95,4455800,7357000
201708,117363,705781,1,2.93,NNW,MOOERS,44.99,-73.59,4459400,7335400
201708,117371,705842,1,14.52,S,WHITEFACE,33.39,-102.61,3323400,10236600
201708,117372,705844,1,0.69,N,(REE)REESE AFB LUBBO,33.61,-102.05,3336600,1023000
201708,117372,705844,2,4.06,S,WOLFFORTH,33.4413,-102.0177,3326478,1021062
201708,117372,705849,1,5.74,SSW,WOLFFORTH,33.4207,-102.0498,3325242,1022988
201708,117385,705896,1,1.58,W,HYDE,40.13,-102.86,407800,10251600
201708,117385,705897,1,4.86,S,FLEMING,40.61,-102.84,4036600,10250400
201708,117385,705898,1,1.38,S,OTIS,40.13,-102.95,407800,10257000
201708,117385,705899,1,7.62,S,FLEMING,40.57,-102.82,4034200,10249200
201708,117385,705900,1,9.69,S,FLEMING,40.54,-102.84,4032400,10250400
201708,117385,705901,1,10.07,E,ELBA,39.92,-102.99,3955200,10259400
201708,117385,705902,1,0.53,W,OTIS,40.15,-102.96,409000,10257600
201708,117385,705903,1,1.72,ESE,DAILEY,40.64,-102.69,4038400,10241400
201708,117385,705904,1,5.94,NE,ARICKAREE,39.74,-102.99,3944400,10259400
201708,117385,705905,1,7.31,NW,COPE,39.75,-102.94,3945000,10256400
201708,117394,705998,1,4.4,ESE,MT ZION,36.65,-85.98,3639000,8558800
201708,117394,721032,1,1.6,NNW,ALBANY,36.7016,-85.1403,3642096,858418
201708,117394,721032,2,1.52,NNW,ALBANY,36.7011,-85.1379,3642066,858274
201708,117394,721032,3,1.5,NNW,ALBANY,36.7006,-85.1383,3642036,858298
201708,117394,721032,4,1.57,NNW,ALBANY,36.7011,-85.1406,3642066,858436
201708,117394,721033,1,1.21,SW,HICKORY FLAT,36.7064,-86.4637,3642384,8627822
201708,117394,721033,2,1.68,WSW,HICKORY FLAT,36.7066,-86.4754,3642396,8628524
201708,117394,721033,3,1.77,WSW,HICKORY FLAT,36.71,-86.4795,3642600,8628770
201708,117394,721033,4,0.97,SW,HICKORY FLAT,36.709,-86.461,3642540,8627660
201708,117407,706072,1,2.13,NNW,HARDIN,45.76,-107.61,4545600,10736600
201708,117407,706079,1,2.13,NNW,HARDIN,45.76,-107.61,4545600,10736600
201708,117407,706082,1,5.82,W,BILLINGS LOGAN ARPT,45.79,-108.65,4547400,10839000
201708,117407,706083,1,1.46,NNW,LOCKWOOD,45.8,-108.44,4548000,10826400
201708,117407,706084,1,5.14,SE,MELSTONE,46.55,-107.8,4633000,10748000
201708,117407,706085,1,1.19,SW,ROBERTS,45.36,-109.19,4521600,10911400
201708,117407,706086,1,2.93,SSE,EPSIE,45.44,-105.63,4526400,10537800
201708,117417,706118,1,6.7,NNW,SILT,39.631,-107.7391,3937860,10744346
201708,117417,706118,2,6.55,NW,SILT,39.6285,-107.7391,3937710,10744346
201708,117417,706118,3,6.47,NW,SILT,39.626,-107.7409,3937560,10744454
201708,117417,706118,4,6.63,NW,SILT,39.6289,-107.7407,3937734,10744442
201708,117417,706118,5,6.76,NW,SILT,39.6308,-107.7416,3937848,10744496
201708,117424,706135,1,4.38,NNE,ECKELSON,46.99,-98.3,4659400,9818000
201708,117424,706136,1,7.6,N,ORISKA,47.04,-97.85,472400,9751000
201708,117424,706137,1,1.68,SW,ALICE,46.75,-97.57,4645000,9734200
201708,117424,706138,1,0.69,S,LEONARD,46.64,-97.25,4638400,9715000
201708,117424,706139,1,3.52,NE,KATHRYN,46.76,-97.71,4645600,9742600
201708,117425,706140,1,1.38,N,DILWORTH,46.9,-96.7,4654000,9642000
201708,117431,706196,1,2.16,W,FT CARSON,38.73,-104.82,3843800,10449200
201708,117431,706197,1,2.21,WSW,DRAKES,40.54,-105.12,4032400,1057200
201708,117431,706198,1,3.47,SW,DRAKES,40.51,-105.12,4030600,1057200
201708,117431,706199,1,2.6,SW,DRAKES,40.52,-105.11,4031200,1056600
201708,117431,706200,1,0,N,DRAKES,40.55,-105.08,4033000,1054800
201708,117431,706201,1,0.52,W,DRAKES,40.55,-105.09,4033000,1055400
201708,117431,706202,1,4.66,NNW,(LIC)LIMON ARPT,39.34,-103.69,3920400,10341400
201708,117431,706203,1,5.51,SSE,GARDEN CITY,40.26,-104.6,4015600,10436000
201708,117431,706204,1,0.69,N,KEENESBURG,40.11,-104.52,406600,10431200
201708,117431,706205,1,7.23,SW,PUNKIN CENTER,38.84,-103.81,3850400,10348600
201708,117431,706322,1,6.22,S,PUNKIN CENTER,38.81,-103.7,3848600,10342000
201708,117431,706324,1,0,N,ROGGEN,40.17,-104.37,4010200,10422200
201708,117431,708322,1,1.48,SSW,LAPORTE,40.6,-105.14,4036000,1058400
201708,117431,708325,1,4.17,NE,KEENESBURG,40.1338,-104.4546,408028,10427276
201708,117431,719438,1,2.07,S,LUCERNE,40.45,-104.68,4027000,10440800
201708,117433,706211,1,16,SE,PORT WASHINGTON,43.2163,-87.645,4312978,8738700
201708,117433,706211,2,19,SE,PORT WASHINGTON,43.1856,-87.6029,4311136,8736174
201708,117436,706238,1,1.4,E,SHEBOYGAN,43.75,-87.692,4345000,8741520
201708,117445,714425,1,5,WNW,ELYRIA,41.7077,-99.1095,4142462,996570
201708,118551,713260,1,1.71,W,STOW,42.4275,-71.5334,4225650,7132004
201708,118551,713260,2,2.11,WNW,STOW,42.436,-71.5406,4226160,7132436
201708,118551,713260,3,0.86,NW,STOW,42.4395,-71.5108,4226370,7130648
201708,118551,713260,4,0.57,NW,LOWER VLG,42.4354,-71.4886,4226124,7129316
201708,118551,713263,1,0.79,S,BLACK ROCK,42.2387,-70.8316,4214322,7049896
201708,118551,713263,2,0.57,WSW,COHASSET,42.2257,-70.8096,4213542,7048576
201708,118551,713263,3,0.35,WSW,COHASSET,42.2289,-70.8067,4213734,7048402
201708,118551,713263,4,0.68,SSE,BLACK ROCK,42.2405,-70.8266,4214430,7049596
201708,118551,713265,1,1.4,ENE,WEST QUINCY,42.2376,-71.0047,4214256,71282
201708,118551,713265,2,1.36,ENE,WEST QUINCY,42.2368,-71.0051,4214208,71306
201708,118551,713265,3,1.38,ENE,WEST QUINCY,42.2364,-71.0044,4214184,71264
201708,118551,713265,4,1.42,ENE,WEST QUINCY,42.2372,-71.0039,4214232,71234
201708,118551,713268,1,0.38,WSW,BRAINTREE,42.2185,-71.0271,4213110,711626
201708,118551,713268,2,0.43,SSW,BRAINTREE,42.2143,-71.0234,4212858,711404
201708,118551,713268,3,0.33,S,BRAINTREE,42.2153,-71.0211,4212918,711266
201708,118551,713268,4,0.27,WSW,BRAINTREE,42.2186,-71.025,4213116,711500
201708,118551,713271,1,0.38,SW,WEST MEDWAY,42.1456,-71.4345,428736,7126070
201708,118551,713271,2,0.52,S,WEST MEDWAY,42.1425,-71.429,428550,7125740
201708,118551,713271,3,1.83,NNE,MEDWAY,42.1559,-71.3921,429354,7123526
201708,118551,713271,4,1.89,ENE,WEST MEDWAY,42.1573,-71.3945,429438,7123670
201708,118551,713273,1,0.68,SSW,NEEDHAM HGTS,42.2907,-71.2346,4217442,7114076
201708,118551,713273,2,0.58,SSW,NEEDHAM HGTS,42.2923,-71.2347,4217538,7114082
201708,118551,713273,3,0.61,SSW,NEEDHAM HGTS,42.2922,-71.2356,4217532,7114136
201708,118551,713273,4,0.7,SSW,NEEDHAM HGTS,42.2908,-71.2355,4217448,7114130
201708,118551,713274,1,1,NNE,DORCHESTER CENTER,42.2923,-71.0596,4217538,713576
201708,118551,713274,2,0.48,SW,GROVE HALL,42.2947,-71.0861,4217682,715166
201708,118551,713274,3,0.49,W,DORCHESTER,42.2804,-71.0896,4216824,715376
201708,118551,713274,4,0.2,S,DORCHESTER CENTER,42.2771,-71.0704,4216626,714224
201708,118551,713274,5,1.11,E,DORCHESTER CENTER,42.2819,-71.0484,4216914,712904
201708,118551,713278,1,0.9,SSE,EAST BOSTON,42.3573,-71.0262,4221438,711572
201708,118551,713278,2,1.26,S,EAST BOSTON,42.3518,-71.0308,4221108,711848
201708,118551,713278,3,1.37,S,EAST BOSTON,42.3501,-71.0297,4221006,711782
201708,118551,713278,4,0.92,SSE,EAST BOSTON,42.3572,-71.0252,4221432,711512
201708,118551,713279,1,0.92,N,CHESTNUT HILL,42.3331,-71.1733,4219986,7110398
201708,118551,713279,2,0.45,WNW,NEWTON CENTER,42.3313,-71.2087,4219878,7112522
201708,118551,713279,3,0.42,W,NEWTON CENTER,42.3291,-71.2081,4219746,7112486
201708,118551,713279,4,0.78,N,CHESTNUT HILL,42.3312,-71.1729,4219872,7110374
201708,118551,717026,1,1.27,S,CHESTER,42.2617,-72.9777,4215702,7258662
201708,118551,717026,2,0.96,S,CHESTER,42.2662,-72.9811,4215972,7258866
201708,118551,717026,3,0.75,S,CHESTER,42.2693,-72.9774,4216158,7258644
201708,118551,717026,4,0.81,SSE,CHESTER,42.27,-72.9715,4216200,7258290
201708,118551,720670,1,1.64,N,FITCHBURG,42.6038,-71.7993,4236228,7147958
201708,118551,720670,2,2.19,N,FITCHBURG,42.6115,-71.8049,4236690,7148294
201708,118551,720670,3,3.08,N,FITCHBURG,42.6246,-71.802,4237476,7148120
201708,118551,720670,4,3.88,N,FITCHBURG,42.6361,-71.7954,4238166,7147724
201708,118551,720670,5,3.27,N,FITCHBURG,42.627,-71.7936,4237620,7147616
201708,118552,712212,1,1.86,W,COVENTRY,41.7844,-72.3357,4147064,7220142
201708,118552,712213,1,0,N,MANCHESTER,41.78,-72.52,4146800,7231200
201708,118552,712214,1,1.72,SW,ADDISON,41.7,-72.6,4142000,7236000
201708,118552,713041,1,0.59,S,MANCHESTER,41.7715,-72.519,4146290,7231140
201708,118552,713041,2,0.67,SSE,MANCHESTER,41.7719,-72.513,4146314,7230780
201708,118552,713041,3,0.49,SE,MANCHESTER,41.7746,-72.5139,4146476,7230834
201708,118552,713041,4,0.4,S,MANCHESTER,41.7742,-72.5196,4146452,7231176
201708,118553,713050,1,0.42,SSE,SLATERSVILLE,41.9948,-71.5756,4159688,7134536
201708,118554,712215,1,16.16,NE,DALTON,41.55,-102.72,4133000,10243200
201708,118554,712216,1,39.85,ESE,HARRISBURG,41.42,-102.99,4125200,10259400
201708,118555,712217,1,0,N,BURNS,41.19,-104.36,4111400,10421600
201708,118555,712218,1,10.11,SSE,MERS HILL,41.75,-104.53,4145000,10431800
201708,118556,712219,1,12,SE,LUSK,42.6372,-104.2829,4238232,10416974
201708,118557,712226,1,6,W,HEMINGFORD,42.32,-103.1875,4219200,10311250
201708,118557,712248,1,10,SW,HEMINGFORD,42.2177,-103.2083,4213062,10312498
201708,118557,712250,1,10,NW,ALLIANCE,42.2023,-103.008,4212138,103480
201708,118557,712253,1,5,S,ALLIANCE,42.0276,-102.87,421656,10252200
201708,118557,712257,1,4.18,N,BONNER,42,-103.01,4200,103600
201708,118557,712258,1,3,S,BUSHNELL,41.1866,-103.89,4111196,10353400
201708,118557,712260,1,10,N,BRIDGEPORT,41.8147,-103.1,4148882,1036000
201708,118557,712261,1,12,NE,BRIDGEPORT,41.7928,-102.9354,4147568,10256124
201708,118559,712221,1,0.69,N,STRINGTOWN,41.04,-122.7,412400,12242000
201708,118561,712265,1,4.17,ESE,TRAMWAY,46.2375,-116.0264,4614250,1161584
201708,118562,712262,1,10,NE,LANCE CREEK,43.1323,-104.4999,437938,10429994
201708,118562,712263,1,6,E,REDBIRD,43.24,-104.1708,4314400,10410248
201708,118563,712267,1,1,E,CHEYENNE,41.14,-104.8008,418400,10448048
201708,118563,712269,1,21.21,WNW,REDBIRD,43.4,-104.65,4324000,10439000
201708,118565,712280,1,0,N,LODGEPOLE,41.15,-102.64,419000,10238400
201708,118566,712283,1,4,N,CHADRON,42.8879,-103,4253274,10300
201708,118566,712284,1,3,N,CHADRON,42.8734,-103,4252404,10300
201708,118566,712285,1,3,SW,CHADRON,42.7993,-103.0419,4247958,1032514
201708,118566,712287,1,12,S,CHADRON,42.6563,-103,4239378,10300
201708,118566,712288,1,1.72,NE,DUNLAP,42.49,-102.9,4229400,10254000
201708,118566,712290,1,8,NE,HEMINGFORD,42.4019,-102.9592,4224114,10257552
201708,118566,712291,1,6,NE,ALLIANCE,42.1614,-102.7872,429684,10247232
201708,118567,712292,1,6.92,NW,QUARTZITE,33.7439,-114.3114,3344634,11418684
201708,118567,712292,2,3.95,W,QUARTZITE,33.6605,-114.2976,3339630,11417856
201708,118567,712292,3,3.93,ENE,QUARTZSITE ARPT,33.6827,-114.1534,3340962,1149204
201708,118567,712292,4,7.28,NNE,QUARTZSITE ARPT,33.7592,-114.1528,3345552,1149168
201708,118570,712295,1,0.86,NE,HERRICK CENTER,41.74,-75.49,4144400,7529400
201708,118571,712296,1,1.24,NE,TROY,41.79,-76.78,4147400,7646800
201708,118571,712297,1,0.86,SE,GIBSON,41.79,-75.64,4147400,7538400
201708,118572,712298,1,0.51,W,WEST CANDOR,42.22,-76.43,4213200,7625800
201708,118573,712299,1,1.48,NNW,NAY AUG,41.42,-75.61,4125200,7536600
201708,118573,712300,1,0,N,NEWTOWN,41.23,-75.9,4113800,7554000
201708,118574,712301,1,0,N,VERONA,43.13,-75.58,437800,7534800
201708,118574,712302,1,0,N,JACKSONVILLE,43.22,-76.43,4313200,7625800
201708,118574,712303,1,0.69,S,LYNCOURT,43.09,-76.17,435400,7610200
201708,118574,712304,1,1.71,NE,NORTH SYRACUSE,43.15,-76.1,439000,766000
201708,118574,712305,1,1.22,NW,NORTH SYRACUSE,43.14,-76.14,438400,768400
201708,118574,712306,1,0.5,W,NORTH SYRACUSE,43.13,-76.13,437800,767800
201708,118574,712307,1,0,N,SEMPRONIUS,42.73,-76.32,4243800,7619200
201708,118574,712308,1,0.86,NW,CLAY,43.19,-76.19,4311400,7611400
201708,118574,712309,1,1.01,E,SOUTH BAY,43.2,-76.05,4312000,763000
201708,118574,712310,1,0.5,W,FAWN RIDGE,43.15,-76.34,439000,7620400
201708,118574,712311,1,1.67,ENE,LONG BRIDGE,42.99,-76.4,4259400,7624000
201708,118574,712314,1,0.86,NW,MC KINNEYS PT,42.49,-76.49,4229400,7629400
201708,118574,712315,1,2.06,NE,GROTTO,42.59,-76.37,4235400,7622200
201708,118574,712316,1,2.76,S,MIDDLEPORT,42.74,-75.55,4244400,7533000
201708,118574,712317,1,0.51,W,CORTLAND,42.6,-76.18,4236000,7610800
201708,118574,720915,1,2.57,NNW,GEORGETOWN,42.8041,-75.7403,4248246,7544418
201708,118574,720915,2,2.57,NNW,GEORGETOWN,42.8049,-75.7376,4248294,7544256
201708,118574,720917,1,3.17,W,NORTH BROOKFIELD,42.8571,-75.4318,4251426,7525908
201708,118574,720917,2,2.86,WNW,NORTH BROOKFIELD,42.8605,-75.4246,4251630,7525476
201708,118591,712446,1,3.98,NNW,TILFORD,44.35,-103.46,4421000,10327600
201708,118591,718166,1,3.49,S,FT MEADE,44.36,-103.46,4421600,10327600
201708,118592,712447,1,0.45,N,WHITEWOOD,44.4664,-103.6385,4427984,10338310
201708,118593,712448,1,7.25,NE,STONEVILLE,44.8,-102.54,4448000,10232400
201708,118593,712451,1,10,SE,OPAL,44.81,-102.32,4448600,10219200
201708,118593,718179,1,7.42,S,OPAL,44.7929,-102.4914,4447574,10229484
201708,118597,714938,1,8.96,SSW,OELRICHS,43.0595,-103.2956,433570,10317736
201708,118597,714938,2,9.06,SSW,OELRICHS,43.055,-103.2841,433300,10317046
201708,119751,718389,3,0.13,SSE,HUNTSVILLE MILLS ARP,34.7483,-86.5489,3444898,8632934
201708,119751,718389,4,0.11,S,HUNTSVILLE MILLS ARP,34.7484,-86.5501,3444904,8633006
201708,119751,718390,1,0.57,W,HUNTSVILLE MILLS ARP,34.75,-86.56,3445000,8633600
201708,119751,718390,2,0.64,W,HUNTSVILLE MILLS ARP,34.7501,-86.5613,3445006,8633678
201708,119751,718390,3,0.65,W,HUNTSVILLE MILLS ARP,34.7487,-86.5613,3444922,8633678
201708,119751,718390,4,0.57,W,HUNTSVILLE MILLS ARP,34.7487,-86.56,3444922,8633600
201708,119751,718392,1,1.49,SSW,HUNTSVILLE MILLS ARP,34.73,-86.56,3443800,8633600
201708,119751,718392,2,1.69,SSW,HUNTSVILLE MILLS ARP,34.7265,-86.5585,3443590,8633510
201708,119751,718392,3,1.75,SSW,HUNTSVILLE MILLS ARP,34.7266,-86.5619,3443596,8633714
201708,119751,718392,4,1.51,SSW,HUNTSVILLE MILLS ARP,34.7304,-86.5616,3443824,8633696
201708,119751,718393,1,1.71,W,CAVE SPG,34.6,-86.45,3436000,8627000
201708,119751,718393,2,1.54,W,CAVE SPG,34.5963,-86.4467,3435778,8626802
201708,119751,718393,3,1.39,NE,OWENS XRDS,34.5955,-86.4545,3435730,8627270
201708,119751,718393,4,1.59,NNE,OWENS XRDS,34.5999,-86.456,3435994,8627360
201708,119751,718394,1,1.33,ESE,HARVEST EPPS ARPT,34.86,-86.75,3451600,8645000
201708,119751,718394,2,1.54,ESE,HARVEST EPPS ARPT,34.8614,-86.745,3451684,8644700
201708,119751,718394,3,1.36,E,HARVEST,34.8525,-86.7462,3451150,8644772
201708,119751,718394,4,1.02,ENE,HARVEST,34.8549,-86.7529,3451294,8645174
201708,119751,718401,1,0,N,MOORES MILL,34.85,-86.52,3451000,8631200
201708,119751,718401,2,0.35,S,MOORES MILL,34.845,-86.5198,3450700,8631188
201708,119751,718401,3,0.41,SE,MOORES MILL,34.8456,-86.5152,3450736,8630912
201708,119751,718401,4,0.3,E,MOORES MILL,34.8502,-86.5146,3451012,8630876
201708,119751,718402,1,1.13,E,SULPHUR SPGS,34.92,-86.5,3455200,8630000
201708,119751,718402,2,0.64,E,SULPHUR SPGS,34.9208,-86.5087,3455248,8630522
201708,119751,718402,3,0.66,ESE,SULPHUR SPGS,34.9153,-86.51,3454918,8630600
201708,119751,718402,4,1.26,ESE,SULPHUR SPGS,34.9161,-86.4982,3454966,8629892
201708,119751,718403,1,1.7,W,FLETCHER CHAPEL,34.73,-86.7,3443800,8642000
201708,119751,718403,2,1.86,WSW,FLETCHER CHAPEL,34.7217,-86.7011,3443302,8642066
201708,119751,718403,3,1.39,WSW,FLETCHER CHAPEL,34.7221,-86.6925,3443326,8641550
201708,119751,718403,4,1.35,W,FLETCHER CHAPEL,34.731,-86.6938,3443860,8641628
201708,119751,718405,1,0.69,N,BUGGE CHAPEL,34.56,-86.45,3433600,8627000
201708,119751,718406,1,0.57,E,CAVE SPG,34.6,-86.41,3436000,8624600
201708,120115,719716,1,0.69,N,OPTION,40.44,-79.98,4026400,7958800
201708,120115,719718,1,2.09,NE,COVODE,40.9,-78.99,4054000,7859400
201708,120115,719719,1,0.53,E,BISHOP,40.32,-80.19,4019200,8011400
201708,120115,719721,1,1.74,SE,NOWRYTOWN,40.51,-79.4,4030600,7924000
201708,120115,719722,1,0.87,SW,CLYMER,40.66,-79.03,4039600,791800
201708,120115,719724,1,2.7,ENE,JOHNSONBURG,40.89,-78.82,4053400,7849200
201708,120115,719725,1,0.87,SW,PLEASANT VLY,40.37,-79.68,4022200,7940800
201708,120115,719727,1,1.48,SSW,STRONGSTOWN,40.53,-78.93,4031800,7855800
201708,120115,719728,1,0.53,E,NORTH BELLE VERNON,40.15,-79.82,409000,7949200
201708,120116,719733,1,0.69,S,SHELOCTA,40.66,-79.3,4039600,7918000
201708,120119,719741,1,0.77,WSW,RIVERSIDE,35.2744,-91.2417,3516464,9114502
201708,120119,719741,2,0.43,SSW,RIVERSIDE,35.2741,-91.2324,3516446,9113944
201708,120119,719741,3,0.99,NNW,PATTERSON,35.2636,-91.2351,3515816,9114106
201708,120119,719741,4,0.98,NNE,CAVELL,35.2631,-91.2432,3515786,9114592
201708,120121,719756,1,2.93,WNW,WOODWARD,36.4492,-99.4371,3626952,9926226
201708,120121,719757,1,0,N,(GAG)GAGE AIRPORT,36.3,-99.78,3618000,9946800
201708,120121,719759,1,3.45,N,BURLINGTON,36.95,-98.42,3657000,9825200
201708,120121,719760,1,9.74,S,TANGIER,36.28,-99.55,3616800,9933000
201708,120121,719761,1,6.22,N,BURLINGTON,36.99,-98.42,3659400,9825200
201708,120121,719762,1,1.31,ENE,(PNC)PONCA CITY ARPT,36.74,-97.08,3644400,974800
201708,120122,719764,1,1.01,SE,FREDERICK,34.3802,-99.0069,3422812,99414
201708,120122,719764,2,0.72,SW,FREDERICK,34.3821,-99.0282,3422926,991692
201708,120122,719764,3,0.75,NW,FREDERICK,34.399,-99.0275,3423940,991650
201708,120122,719764,4,1.2,NE,FREDERICK,34.4,-99.0028,3424000,99168
201708,120122,719765,1,2.82,NNE,LONE GROVE,34.22,-97.25,3413200,9715000
201708,120122,719766,1,3.66,SSW,ARMSTRONG,34.0025,-96.3683,34150,9622098
201708,120122,719766,2,4.18,NNE,DURANT EAKER ARPT,33.9852,-96.3703,3359112,9622218
201708,120122,719766,3,3.9,N,DURANT EAKER ARPT,33.9864,-96.3975,3359184,9623850
201708,120122,719766,4,4.31,SW,ARMSTRONG,34.008,-96.3958,34480,9623748
201708,120122,719767,1,2.67,W,LAWTON,34.605,-98.4365,3436300,9826190
201708,120122,719767,2,1.34,NNE,LAWTON,34.6273,-98.3795,3437638,9822770
201708,120122,719767,3,2.25,SE,LAWTON,34.5855,-98.364,3435130,9821840
201708,120122,719767,4,2.78,SSW,LAWTON,34.5708,-98.4008,3434248,9824048
201708,120123,719769,1,3.58,W,ENID,36.4054,-97.944,3624324,9756640
201708,120123,719770,1,0.56,W,ENID,36.4,-97.89,3624000,9753400
201708,120124,719771,1,3.05,SE,CHICKASHA ARPT,35.0447,-97.9377,352682,9756262
201708,120124,719771,2,2.99,SE,CHICKASHA ARPT,35.0459,-97.9375,352754,9756250
201708,120124,719771,3,3.04,SE,CHICKASHA ARPT,35.046,-97.9359,352760,9756154
201708,120124,719771,4,3.13,SE,CHICKASHA ARPT,35.0447,-97.9354,352682,9756124
201708,120125,719772,1,1.7,W,FLETCHER,34.82,-98.27,3449200,9816200
201708,120125,719774,1,0.69,N,LOYAL,35.98,-98.12,3558800,987200
201708,120125,719775,1,0,N,OKARCHE,35.73,-97.98,3543800,9758800
201708,120125,719776,1,4.5,W,EL RENO,35.53,-98.04,3531800,982400
201708,120125,719777,1,4.12,SSE,CALUMET,35.55,-98.08,3533000,984800
201708,120125,719778,1,3.94,SW,EL RENO,35.49,-98.01,3529400,98600
201708,120126,719798,1,5.82,ENE,ELDORADO,34.51,-99.56,3430600,9933600
201708,120126,719799,1,5.82,ENE,ELDORADO,34.51,-99.56,3430600,9933600
201708,120127,719800,1,1.78,SE,STILLWATER,36.1,-97.04,366000,972400
201708,120127,719802,1,2.18,SW,FOREST PARK,35.49,-97.48,3529400,9728800
201708,120127,719802,2,1.94,WSW,FOREST PARK,35.4966,-97.4803,3529796,9728818
201708,120127,719802,3,1.5,SW,FOREST PARK,35.496,-97.4705,3529760,9728230
201708,120127,719802,4,1.83,SW,FOREST PARK,35.4905,-97.4718,3529430,9728308
201708,120128,719803,1,0,N,FAIRVIEW,36.27,-98.48,3616200,9828800
201708,120128,719804,1,3.92,NW,ISABELLA,36.28,-98.39,3616800,9823400
201708,120128,719805,1,0.69,N,BLACKWELL TONKAWA MUNI ARPT,36.75,-97.35,3645000,9721000
201708,120128,719806,1,0.69,S,(END)VANCE AFB ENID,36.33,-97.92,3619800,9755200
201708,120128,719807,1,3.83,SSE,BLACKWELL,36.75,-97.25,3645000,9715000
201708,120128,719809,1,1.49,NNW,(WDG) WOODRING ARPT,36.4,-97.8,3624000,9748000
201708,120128,719810,1,3.5,N,SUMNER,36.37,-97.13,3622200,977800
201708,120128,719811,1,0.69,S,LOYAL,35.96,-98.12,3557600,987200
201708,120128,719812,1,1.12,W,KINGFISHER,35.86,-97.95,3551600,9757000
201708,120128,719813,1,5.93,ENE,BILLINGS,36.56,-97.34,3633600,9720400
201708,120128,719815,1,4.43,WNW,TRYON,35.9,-97.03,3554000,971800
201708,120128,719816,1,0,N,PERKINS,35.98,-97.03,3558800,971800
201708,120128,719817,1,0,N,PERKINS,35.98,-97.03,3558800,971800
201708,120128,719818,1,1.84,WSW,LAWTON,34.6,-98.42,3436000,9825200
201708,120128,719819,1,2.38,ESE,LAWTON,34.6,-98.35,3436000,9821000
201708,120128,719820,1,2.86,W,GRANDFIELD,34.23,-98.74,3413800,9844400
201708,120129,719821,1,3.45,S,QUANAH,34.25,-99.74,3415000,9944400
201708,120129,719822,1,4.87,SE,QUANAH,34.25,-99.68,3415000,9940800
201708,120130,719743,1,0.72,WSW,RIVERSIDE,35.2774,-91.2423,3516644,9114538
201708,120130,719743,2,0.29,SW,RIVERSIDE,35.2768,-91.2334,3516608,9114004
201708,120130,719743,3,0.68,NNW,PATTERSON,35.2585,-91.236,3515510,9114160
201708,120130,719743,4,0.79,NNE,CAVELL,35.2609,-91.2461,3515654,9114766
201708,120132,719823,1,2.37,SSE,JOY,33.55,-98.2,3333000,9812000
201708,120133,719824,1,0.69,S,(CSM)CLINTON SHERMAN AIRPORT,35.33,-99.2,3519800,9912000
201708,120133,719825,1,0.69,N,SHAWNEE,35.34,-96.92,3520400,9655200
201708,120133,719826,1,0,N,SHAWNEE,35.33,-96.92,3519800,9655200
201708,120133,719828,1,3.63,NNW,SHAWNEE,35.38,-96.94,3522800,9656400
201708,120133,719829,1,2.54,SSE,OKLAHOMA CITY,35.439,-97.4859,3526340,9729154
201708,120133,719830,1,3.94,NW,EDMOND,35.69,-97.53,3541400,9731800
201708,120133,719831,1,0,N,SEMINOLE,35.23,-96.68,3513800,9640800
201708,120133,719832,1,2.98,NNE,THE VILLAGE,35.61,-97.53,3536600,9731800
201708,120133,719835,1,1.17,NW,THE VILLAGE,35.5801,-97.5667,3534806,9734002
201708,119686,717861,1,13.31,N,SEIBERT,39.491,-102.8473,3929460,10250838
201708,119686,717862,1,13.96,N,SEIBERT,39.502,-102.8744,3930120,10252464
201708,119686,717863,1,0.53,E,SEIBERT,39.3,-102.87,3918000,10252200
201708,119686,717864,1,8.19,N,WILD HORSE,38.9383,-103.0094,3856298,103564
201708,119686,717865,1,0.52,NW,WILD HORSE,38.8259,-103.0059,3849554,103354
201708,119686,717866,1,5.8,N,WILD HORSE,38.9026,-103.0194,3854156,1031164
201708,119686,717867,1,8.19,N,WILD HORSE,38.9382,-103.0094,3856292,103564
201708,119686,717878,1,0.32,E,WILD HORSE,38.8208,-102.9942,3849248,10259652
201708,119686,717878,2,0.67,ENE,WILD HORSE,38.8223,-102.9878,3849338,10259268
201708,119686,717878,3,2.14,ESE,WILD HORSE,38.8047,-102.9655,3848282,10257930
201708,119686,717878,4,0.83,E,SORRENTO,38.782,-102.9048,3846920,10254288
201708,119686,717878,5,0.82,E,SORRENTO,38.7809,-102.9049,3846854,10254294
201708,119686,717878,6,0.84,NW,SORRENTO,38.7881,-102.9316,3847286,10255896
201708,119686,717878,7,1.98,ESE,WILD HORSE,38.8044,-102.9692,3848264,10258152
201708,119686,717959,2,1.29,ESE,SORRENTO,38.7709,-102.8991,3846254,10253946
201708,119686,717959,3,1.32,ESE,SORRENTO,38.7709,-102.8984,3846254,10253904
201708,119686,717959,4,1.31,ESE,SORRENTO,38.7712,-102.8984,3846272,10253904
201708,119688,717880,1,0,N,BEARDSLEY,39.82,-101.23,3949200,10113800
201708,119689,717881,1,0.52,SE,TRENTON,40.175,-101.0127,4010500,101762
201708,119689,717882,1,2.73,ESE,TRENTON,40.1718,-100.9693,4010308,10058158
201708,117445,714425,2,1,WNW,ELYRIA,41.6855,-99.0379,4141130,992274
201708,117445,714427,1,6,N,LEXINGTON,40.8668,-99.73,4052008,9943800
201708,117445,714428,1,5,S,CAIRO,40.9276,-98.6,4055656,9836000
201708,117445,714428,2,4,N,WOOD RIVER,40.8779,-98.6,4052674,9836000
201708,117445,714430,1,0,N,KENESAW,40.63,-98.65,4037800,9839000
201708,117445,714431,1,1,W,KENESAW,40.63,-98.6691,4037800,9840146
201708,117445,714433,1,1,NNE,PAULINE,40.4334,-98.3427,4026004,9820562
201708,117445,714434,1,5,S,CAIRO,40.9276,-98.6,4055656,9836000
201708,117445,714435,1,6,N,LEXINGTON,40.8668,-99.73,4052008,9943800
201708,117446,714436,1,2.99,W,GRAND IS,40.9168,-98.4071,4055008,9824426
201708,117446,714437,1,2,NW,GRAND IS,40.9405,-98.3771,4056430,9822626
201708,117447,714438,1,1,WNW,HOLBROOK,40.3055,-100.0375,4018330,1002250
201708,117448,711527,1,1.76,E,ICKESBURG,40.4451,-77.3171,4026706,7719026
201708,117448,711528,1,0.71,NW,NEW BLOOMFIELD,40.4283,-77.1881,4025698,7711286
201708,117456,706402,1,3.51,S,LOWER TAMPA BAY,27.57,-82.66,2734200,8239600
201708,117456,706402,2,4.19,S,LOWER TAMPA BAY,27.56,-82.64,2733600,8238400
201708,117472,711529,1,0.79,E,MILROY,40.7199,-77.5649,4043194,7733894
201708,117472,711530,1,0.87,N,YEAGERTOWN,40.6426,-77.5792,4038556,7734752
201708,117472,711531,1,2.13,NE,MIFFLINTOWN,40.5939,-77.3543,4035634,7721258
201708,117472,711532,1,0.95,NE,MC ALISTERVILLE,40.6388,-77.2661,4038328,7715966
201708,117472,711534,1,0.86,WSW,THOMPSONTOWN,40.5662,-77.2455,4033972,7714730
201708,117472,711535,1,0.91,WNW,LIVERPOOL,40.5756,-76.9958,4034536,7659748
201708,117472,711536,1,0.54,N,LEBANON,40.3378,-76.4187,4020268,7625122
201708,117486,709261,1,0.54,E,DOVER,39.17,-75.52,3910200,7531200
201708,117486,709261,2,0.64,ESE,DOVER,39.1652,-75.5197,399912,7531182
201708,117486,709261,3,0.9,E,DOVER,39.1678,-75.5134,3910068,7530804
201708,117486,709261,4,0.75,E,DOVER,39.1704,-75.516,3910224,7530960
201708,117486,709262,1,0.87,SE,DOVER,39.16,-75.52,399600,7531200
201708,117486,709262,2,0.99,W,OAK GROVE,39.1514,-75.5184,399084,7531104
201708,117486,709262,3,1.27,S,DOVER,39.1517,-75.5322,399102,7531932
201708,117486,709262,4,0.72,S,DOVER,39.1597,-75.5314,399582,7531884
201708,117486,709263,1,0.69,S,FENWICK IS,38.46,-75.05,3827600,753000
201708,117486,709263,2,1.24,S,FENWICK IS,38.452,-75.0497,3827120,752982
201708,117486,709263,3,1.29,SSW,FENWICK IS,38.4519,-75.056,3827114,753360
201708,117486,709263,4,0.86,SSW,FENWICK IS,38.4578,-75.0537,3827468,753222
201708,117486,709264,1,0.73,N,CHESNUT GROVE,39.1805,-75.5787,3910830,7534722
201708,117486,709264,2,1.33,N,CHESNUT GROVE,39.1889,-75.5842,3911334,7535052
201708,117486,709264,3,1.38,W,DUPONT MANOR,39.1969,-75.5554,3911814,7533324
201708,117486,709264,4,1.52,NE,CHESNUT GROVE,39.1877,-75.5631,3911262,7533786
201708,117486,709265,1,0.77,SSE,DOVER ARPT,39.2105,-75.5925,3912630,7535550
201708,117486,709265,2,0.97,E,CHESWOLD,39.2212,-75.5619,3913272,7533714
201708,117486,709265,3,0.52,N,DOVER ARPT,39.2275,-75.5986,3913650,7535916
201708,117486,709265,4,0.15,S,DOVER ARPT,39.2179,-75.5997,3913074,7535982
201708,117486,709266,1,1.47,NW,CLAYTON,39.2974,-75.6459,3917844,7538754
201708,117486,709266,2,1.56,N,CLAYTON,39.3026,-75.6323,3918156,7537938
201708,117486,709266,3,0.65,NNE,CLAYTON,39.2889,-75.6261,3917334,7537566
201708,117486,709266,4,0.3,W,CLAYTON,39.2793,-75.6356,3916758,7538136
201708,117486,709267,1,0.69,N,LEIPSIC,39.24,-75.52,3914400,7531200
201708,117486,709267,2,0.34,NNE,LEIPSIC,39.2348,-75.5185,3914088,7531110
201708,117486,709267,3,0.77,NE,LEIPSIC,39.2366,-75.5085,3914196,7530510
201708,117486,709267,4,0.96,NNE,LEIPSIC,39.2421,-75.5113,3914526,7530678
201708,117486,709268,1,1.02,NW,BROOKDALE HGTS,39.0885,-75.4956,395310,7529736
201708,117486,709268,2,0.55,ENE,BROOKDALE HGTS,39.0827,-75.4702,394962,7528212
201708,117486,709268,3,1.41,NNE,BROOKDALE HGTS,39.099,-75.4704,395940,7528224
201708,117486,709268,4,1.11,NNW,BROOKDALE HGTS,39.0955,-75.4853,395730,7529118
201708,117486,709269,1,1.06,WNW,COWGILL,39.203,-75.4994,3912180,7529964
201708,117486,709269,2,0.76,E,COWGILL,39.2006,-75.4658,3912036,7527948
201708,117486,709269,3,0.83,ENE,LITTLE CREEK,39.1727,-75.4349,3910362,7526094
201708,117486,709269,4,0.53,WSW,LITTLE CREEK,39.1684,-75.4596,3910104,7527576
201708,117486,709270,1,0.65,NE,BETHANY BEACH,38.5359,-75.0607,3832154,753642
201708,117486,709270,2,0.96,ENE,BETHANY BEACH,38.537,-75.0546,3832220,753276
201708,117486,709270,3,0.95,NE,BETHANY BEACH,38.5401,-75.0579,3832406,753474
201708,117486,709270,4,0.93,NE,BETHANY BEACH,38.5389,-75.057,3832334,753420
201708,117486,709270,5,0.74,NE,BETHANY BEACH,38.5383,-75.0615,3832298,753690
201708,117486,709271,1,0,N,BLACKISTON,39.27,-75.7,3916200,7542000
201708,117486,709272,1,1.38,S,BIG OAK CORNER,39.25,-75.6,3915000,7536000
201708,117486,709273,1,1.07,W,CHESNUT GROVE,39.17,-75.6,3910200,7536000
201708,117486,709274,1,0,N,BLACKISTON,39.27,-75.7,3916200,7542000
201708,117486,709275,1,0.88,SW,DELMAR STATE LINE AR,38.46,-75.58,3827600,7534800
201708,117486,709276,1,0.54,E,RODNEY VLG,39.13,-75.51,397800,7530600
201708,117486,709277,1,0.88,NE,SELBYVILLE,38.46,-75.22,3827600,7513200
201708,117489,709279,1,0.88,NE,GRASONVILLE,38.96,-76.21,3857600,7612600
201708,117489,709279,2,0.99,ESE,GRASONVILLE,38.9434,-76.2038,3856604,7612228
201708,117489,709279,3,0.26,SW,GRASONVILLE,38.9478,-76.2238,3856868,7613428
201708,117489,709279,4,0.71,N,GRASONVILLE,38.9601,-76.2177,3857606,7613062
201708,117489,709280,1,0.69,N,CHURCH HILL,39.14,-75.98,398400,7558800
201708,117489,709281,1,1.75,WSW,BRYANTOWN,38.92,-76.2,3855200,7612000
201708,117489,709282,1,1.38,N,BRYANTOWN,38.95,-76.17,3857000,7610200
201708,117489,709283,1,1.38,N,BRYANTOWN,38.95,-76.17,3857000,7610200
201708,117489,709284,1,3.62,SSW,BRYANTOWN,38.88,-76.19,3852800,7611400
201708,117489,709285,1,1.28,WNW,CENTREVILLE,39.06,-76.09,393600,765400
201708,117489,709286,1,2.12,NE,ROMANCOKE,38.9,-76.3,3854000,7618000
201708,117489,709287,1,1.75,SE,BOZMAN,38.75,-76.25,3845000,7615000
201708,117489,709288,1,0.88,NE,CLAIBORNE,38.84,-76.27,3850400,7616200
201708,117489,709289,1,1.38,N,BRYANTOWN,38.95,-76.17,3857000,7610200
201708,117489,709290,1,0.54,E,STEVENSVILLE,38.98,-76.31,3858800,7618600
201708,117490,709300,1,1.23,NW,MILLVILLE,39.4121,-75.0469,3924726,752814
201708,117490,709300,2,1.27,WSW,MILLVILLE,39.39,-75.05,3923400,753000
201708,117490,709300,3,1.15,SE,MILLVILLE,39.3901,-75.0126,3923406,75756
201708,117490,709300,4,1.15,NNE,MILLVILLE,39.415,-75.0205,3924900,751230
201708,117490,709301,1,0.49,NE,LANDISVILLE,39.5256,-74.9444,3931536,7456664
201708,117490,709301,2,0.87,NW,BUENA,39.53,-74.94,3931800,7456400
201708,117490,709301,3,0.35,ENE,BUENA,39.5226,-74.9244,3931356,7455464
201708,117490,709301,4,0.22,W,BUENA,39.5205,-74.9341,3931230,7456046
201708,117490,709302,1,0.87,NW,BUENA,39.53,-74.94,3931800,7456400
201708,117490,709302,2,0.75,N,LANDISVILLE,39.5309,-74.9515,3931854,7457090
201708,117490,709302,3,1.13,N,LANDISVILLE,39.5363,-74.9503,3932178,7457018
201708,117490,709302,4,1.18,NNE,LANDISVILLE,39.5361,-74.9426,3932166,7456556
201708,117490,709303,1,0.73,SE,WEST WILDWOOD,38.9938,-74.819,3859628,7449140
201708,117490,709303,2,0.69,N,WILDWOOD,38.99,-74.82,3859400,7449200
201708,117490,709303,3,0.7,SW,NORTH WILDWOOD,38.993,-74.8094,3859580,7448564
201708,117490,709303,4,0.79,WSW,NORTH WILDWOOD,38.9951,-74.8134,3859706,7448804
201708,117490,709304,1,0,N,OCEAN CITY MUNI ARPT,39.27,-74.6,3916200,7436000
201708,117490,709304,2,1.07,SSW,OCEAN CITY MUNI ARPT,39.2567,-74.6103,3915402,7436618
201708,117490,709304,3,1.17,SSW,OCEAN CITY MUNI ARPT,39.2537,-74.6063,3915222,7436378
201708,117490,709304,4,0.44,SE,OCEAN CITY MUNI ARPT,39.2652,-74.5946,3915912,7435676
201708,117490,709305,1,0,N,NEWPORT,39.3,-75.18,3918000,7510800
201708,117490,709306,1,2.76,WSW,BRIDGETON CALZI ARPT,39.39,-75.28,3923400,7516800
201708,117490,709307,1,0,N,NEWPORT,39.3,-75.18,3918000,7510800
201708,117490,709308,1,0.69,N,FORTESCUE,39.24,-75.17,3914400,7510200
201708,117490,709309,1,1.38,S,MILLVILLE,39.38,-75.03,3922800,751800
201708,117490,709310,1,2.76,WSW,BRIDGETON CALZI ARPT,39.39,-75.28,3923400,7516800
201708,118624,712599,1,7,SW,RAWLINS,41.7184,-107.336,4143104,10720160
201708,118624,712601,1,0,N,HILLSDALE,41.21,-104.48,4112600,10428800
201708,118625,712600,1,0.74,NNE,RIVERVIEW,41.0098,-78.4441,41588,7826646
201708,118626,712616,1,8.65,SSE,HARRISBURG,41.44,-103.66,4126400,10339600
201708,118626,712617,1,8.65,SSE,HARRISBURG,41.44,-103.66,4126400,10339600
201708,118626,712618,1,7,SE,HARRISBURG,41.4784,-103.6443,4128704,10338658
201708,118626,712619,1,5,SE,HARRISBURG,41.4988,-103.6717,4129928,10340302
201708,118626,712620,1,5,NW,HARRISBURG,41.6012,-103.8084,4136072,10348504
201708,118626,712642,1,7,N,DIX,41.3313,-103.49,4119878,10329400
201708,118626,712644,1,7.62,N,POTTER,41.33,-103.31,4119800,10318600
201708,118626,712644,2,9.69,NNW,BROWNSON,41.32,-103.18,4119200,10310800
201708,118626,712645,1,10,NE,POTTER,41.3223,-103.1838,4119338,10311028
201708,118626,712647,1,10,E,GURLEY,41.32,-102.7773,4119200,10246638
201708,118626,712649,1,10,E,GURLEY,41.32,-102.7773,4119200,10246638
201708,118665,712901,1,7.69,E,MANHATTAN,38.52,-116.98,3831200,11658800
201708,118665,712901,2,6.11,E,MANHATTAN,38.489,-117.008,3829340,117480
201708,118665,712901,3,3.11,ENE,MANHATTAN,38.5191,-117.068,3831146,1174080
201708,118665,712901,4,5.52,ENE,MANHATTAN,38.5427,-117.0337,3832562,1172022
201708,118665,712903,1,6.34,S,TONOPAH,38.0591,-117.2459,383546,11714754
201708,118665,712903,2,6.63,SSE,TONOPAH,38.0564,-117.203,383384,11712180
201708,118665,712903,3,3.87,SSE,TONOPAH,38.1007,-117.1961,386042,11711766
201708,118665,712903,4,4.62,SSW,TONOPAH,38.0894,-117.2659,385364,11715954
201708,118666,712905,1,22.11,S,EUREKA,39.18,-115.95,3910800,11557000
201708,118666,712905,2,22.05,S,EUREKA,39.1809,-115.9548,3910854,11557288
201708,118666,712905,3,22.21,S,EUREKA,39.1786,-115.9552,3910716,11557312
201708,118666,712905,4,22.23,S,EUREKA,39.1782,-115.9503,3910692,11557018
201708,118666,712906,1,1.75,NW,EUREKA,39.52,-115.97,3931200,11558200
201708,118666,712906,2,1.57,NNW,EUREKA,39.522,-115.9575,3931320,11557450
201708,118666,712906,3,1.23,NNW,EUREKA,39.5172,-115.9555,3931032,11557330
201708,118666,712906,4,1.5,NW,EUREKA,39.515,-115.9705,3930900,11558230
201708,118667,712907,1,35.81,N,AUSTIN ARPT,39.98,-117.32,3958800,11719200
201708,118667,712909,1,8.36,N,RYNDON,41.07,-115.58,414200,11534800
201708,118675,712933,1,0.69,N,WEST PT,33.61,-88.65,3336600,8839000
201708,118675,712949,1,1.15,E,TOMNOLEN,33.48,-89.35,3328800,8921000
201708,118675,712949,2,2.22,SE,TOMNOLEN,33.4579,-89.3422,3327474,8920532
201708,118675,712949,3,3.18,ESE,TOMNOLEN,33.4701,-89.3161,3328206,8918966
201708,118675,712949,4,1.57,S,GRADY,33.4975,-89.334,3329850,8920040
201708,118675,712950,1,2.74,NNE,FORRESTON,33.3568,-88.3023,3321408,8818138
201708,118675,712950,2,2.55,NNE,FORRESTON,33.3559,-88.3097,3321354,8818582
201708,118675,712950,3,2.25,NNE,FORRESTON,33.3493,-88.303,3320958,8818180
201708,118675,712950,4,2.42,NNE,FORRESTON,33.3514,-88.3013,3321084,8818078
201708,118675,712951,1,0.63,NE,MERIDIAN,32.3768,-88.7129,3222608,8842774
201708,118675,712951,2,0.99,SSW,MERIDIAN,32.3568,-88.7264,3221408,8843584
201708,118675,712951,3,1.32,WSW,BONITA,32.3659,-88.6921,3221954,8841526
201708,118675,712951,4,0.32,NNW,BONITA,32.3739,-88.6731,3222434,8840386
201708,118675,712951,5,1.23,NNW,BONITA,32.3871,-88.676,3223226,8840560
201708,118675,712951,6,1.82,NE,MERIDIAN,32.387,-88.6961,3223220,8841766
201708,118675,712952,1,1.15,NE,HOLLANDALE,33.1807,-90.8549,3310842,9051294
201708,118675,712952,2,1.17,W,HOLLANDALE MUNI ARPT,33.181,-90.8502,3310860,9051012
201708,118675,712952,3,1.2,W,HOLLANDALE MUNI ARPT,33.1824,-90.8505,3310944,9051030
201708,118675,712952,4,1.23,NE,HOLLANDALE,33.1825,-90.8549,3310950,9051294
201708,118675,713090,1,0.35,SSE,COLLEGE,33.4958,-88.4168,3329748,8825008
201708,118675,713090,2,0.42,SSE,COLLEGE,33.4947,-88.4165,3329682,8824990
201708,118675,713090,3,0.37,SSE,COLLEGE,33.4947,-88.4187,3329682,8825122
201708,118675,713090,4,0.37,S,COLLEGE,33.4947,-88.4201,3329682,8825206
201708,118675,713090,5,0.3,S,COLLEGE,33.4957,-88.4203,3329742,8825218
201708,118675,713091,1,1.63,ESE,PATRICK,33.4687,-88.7552,3328122,8845312
201708,118675,713091,2,1.65,ESE,PATRICK,33.4677,-88.7554,3328062,8845324
201708,118675,713091,3,2.01,ESE,PATRICK,33.467,-88.7488,3328020,8844928
201708,118675,713091,4,2.07,ESE,PATRICK,33.4679,-88.7472,3328074,8844832
201708,118675,713104,1,3.74,WSW,GRACE,32.98,-91.01,3258800,91600
201708,118675,713104,2,3.78,E,VALEWOOD,33.0051,-91.065,33306,913900
201708,118675,713104,3,3.36,ESE,VALEWOOD,32.9831,-91.0756,3258986,914536
201708,118675,713104,4,4.3,NNE,MAYERSVILLE,32.9574,-91.0416,3257444,912496
201708,118675,713107,1,1.81,SW,PETAL,31.3286,-89.2876,3119716,8917256
201708,118675,713107,2,1.76,SW,PETAL,31.329,-89.287,3119740,8917220
201708,118675,713107,3,1.75,SW,PETAL,31.3296,-89.2876,3119776,8917256
201708,118675,713107,4,1.78,SW,PETAL,31.3293,-89.2881,3119758,8917286
201708,118675,713108,1,3.15,WSW,ENTERPRISE,32.1652,-88.8709,329912,8852254
201708,118675,713109,1,0.77,SSE,WEST JACKSON,32.3092,-90.1972,3218552,9011832
201708,118675,713109,2,0.79,SSE,WEST JACKSON,32.3091,-90.1957,3218546,9011742
201708,118675,713109,3,0.86,SSE,WEST JACKSON,32.3082,-90.1957,3218492,9011742
201708,118675,713109,4,2.17,S,WEST JACKSON,32.2891,-90.193,3217346,9011580
201708,118675,713109,5,1.56,SW,WEST JACKSON,32.3016,-90.2154,3218096,9012924
201708,118675,713109,6,1.04,WSW,WEST JACKSON,32.3118,-90.2149,3218708,9012894
201708,118675,713111,1,1.5,SSE,WHITES,32.06,-90.19,323600,9011400
201708,118675,713111,2,1.83,SSE,WHITES,32.0573,-90.1839,323438,9011034
201708,118675,713111,3,2.21,SSE,WHITES,32.0523,-90.1812,323138,9010872
201708,118675,713111,4,2,S,WHITES,32.0512,-90.2029,323072,9012174
201708,118675,713111,5,1.69,S,WHITES,32.056,-90.2055,323360,9012330
201708,118675,713112,1,1.19,SE,LAKELAND,32.209,-90.1543,3212540,909258
201708,118675,713112,2,1.66,SE,LAKELAND,32.2042,-90.1487,3212252,908922
201708,118675,713112,3,1.72,SE,LAKELAND,32.2059,-90.1457,3212354,908742
201708,118675,713112,4,1.47,ESE,LAKELAND,32.2106,-90.1475,3212636,908850
201708,118675,713113,1,1.88,ENE,JACKSON,32.34,-90.14,3220400,908400
201708,118675,713113,2,1.4,ENE,JACKSON,32.3355,-90.1469,3220130,908814
201708,118675,713113,3,2.22,NNE,JACKSON,32.3572,-90.1497,3221432,908982
201708,118675,713113,4,2.88,S,TOUGALOO,32.3587,-90.1241,3221522,907446
201708,118675,713114,1,0.91,NW,HATTIESBURG,31.33,-89.33,3119800,8919800
201708,118675,713114,2,0.78,NNW,HATTIESBURG,31.3299,-89.3263,3119794,8919578
201708,118675,713114,3,0.97,NNW,HATTIESBURG,31.333,-89.3263,3119980,8919578
201708,118675,713114,4,1.06,NW,HATTIESBURG,31.3326,-89.3302,3119956,8919812
201708,118675,713126,1,0.57,NW,HATTIESBURG,31.3247,-89.328,3119482,8919680
201708,118675,713126,2,0.56,SW,GLENDALE,31.3654,-89.3077,3121924,8918462
201708,118675,713126,3,1,WNW,PETAL,31.3557,-89.2856,3121342,8917136
201708,118675,713126,4,0.76,NW,DIXIE PINE,31.3082,-89.2886,3118492,8917316
201708,118675,713126,5,0.44,SSW,HATTIESBURG,31.3138,-89.3216,3118828,8919296
201708,118675,713127,1,0.28,SE,PETAL,31.347,-89.2668,3120820,8916008
201708,118675,713127,2,0.2,SE,PETAL,31.3484,-89.2672,3120904,8916032
201708,118675,713127,3,0.42,ESE,PETAL,31.3483,-89.2632,3120898,8915792
201708,118675,713127,4,0.44,ESE,PETAL,31.3473,-89.2632,3120838,8915792
201708,118675,713132,1,0.84,N,WALTERS,31.6422,-89.1809,3138532,8910854
201708,118675,713135,1,1.38,N,EASTABUCHIE,31.45,-89.28,3127000,8916800
201708,118675,713135,2,1.86,N,EASTABUCHIE,31.4569,-89.2785,3127414,8916710
201708,118675,713135,3,1.93,NNW,EASTABUCHIE,31.457,-89.2881,3127420,8917286
201708,118675,713135,4,1.39,NNW,EASTABUCHIE,31.4486,-89.2891,3126916,8917346
201708,118675,713138,1,0.75,NNE,ELLISVILLE,31.6098,-89.1944,3136588,8911664
201708,118675,713138,2,0.45,NNE,ELLISVILLE,31.606,-89.197,3136360,8911820
201708,118675,713138,3,0.75,NNW,ELLISVILLE,31.6101,-89.2047,3136606,8912282
201708,118675,713138,4,0.91,NNW,ELLISVILLE,31.6124,-89.2052,3136744,8912312
201708,118675,713139,1,1.76,E,LAUREL,31.7,-89.1,3142000,896000
201708,118675,713139,2,1.51,ESE,LAUREL,31.6951,-89.105,3141706,896300
201708,118675,713139,3,2.21,E,LAUREL,31.6971,-89.0925,3141826,895550
201708,118675,713139,4,2.05,E,LAUREL,31.7014,-89.0951,3142084,895706
201708,118675,713281,1,0.56,SSW,DIXIE PINE,31.2927,-89.2841,3117562,8917046
201708,118675,713281,2,0.63,SSW,DIXIE PINE,31.2914,-89.2837,3117484,8917022
201708,118675,713281,3,0.57,S,DIXIE PINE,31.2918,-89.2803,3117508,8916818
201708,118675,713281,4,0.5,S,DIXIE PINE,31.2927,-89.2804,3117562,8916824
201708,120133,719837,1,1.75,N,OKLAHOMA CITY,35.4953,-97.5096,3529718,9730576
201708,120133,719837,2,1.44,N,OKLAHOMA CITY,35.4908,-97.5083,3529448,9730498
201708,120133,719837,3,1.34,NNW,OKLAHOMA CITY,35.4888,-97.5162,3529328,9730972
201708,120133,719837,4,1.8,NNW,OKLAHOMA CITY,35.4955,-97.5167,3529730,9731002
201708,120133,719838,1,2.85,NNW,OKLAHOMA CITY,35.5089,-97.5268,3530534,9731608
201708,120133,719838,2,2.67,NNW,OKLAHOMA CITY,35.5062,-97.5267,3530372,9731602
201708,120133,719838,3,2.64,NNW,OKLAHOMA CITY,35.5067,-97.5228,3530402,9731368
201708,120133,719838,4,2.77,NNW,OKLAHOMA CITY,35.5087,-97.5228,3530522,9731368
201708,120133,719839,1,1.1,NNW,FOREST PARK,35.5253,-97.4556,3531518,9727336
201708,120133,719839,2,0.58,NNW,FOREST PARK,35.5181,-97.4525,3531086,9727150
201708,120133,719839,3,0.85,NW,FOREST PARK,35.5184,-97.4609,3531104,9727654
201708,120133,719839,4,1.39,NW,FOREST PARK,35.526,-97.465,3531560,9727900
201708,120133,719840,1,0.64,SSE,NORMAN,35.211,-97.4375,3512660,9726250
201708,120133,719840,2,0.62,SSE,NORMAN,35.2117,-97.4361,3512702,9726166
201708,120133,719840,3,0.68,SSE,NORMAN,35.2109,-97.4354,3512654,9726124
201708,120133,719840,4,0.71,SSE,NORMAN,35.2101,-97.4368,3512606,9726208
201708,120133,719841,1,0.89,NE,NORMAN,35.23,-97.43,3513800,9725800
201708,120133,719841,2,1.31,NE,NORMAN,35.2354,-97.4266,3514124,9725596
201708,120133,719841,3,1.57,NE,NORMAN,35.2352,-97.4194,3514112,9725164
201708,120133,719841,4,1.3,NE,NORMAN,35.2307,-97.4211,3513842,9725266
201708,120134,719842,1,1.44,WSW,GRANITE,34.9558,-99.4048,3457348,9924288
201708,120134,719842,2,1.41,W,GRANITE,34.9623,-99.4048,3457738,9924288
201708,120134,719842,3,0.93,W,GRANITE,34.9622,-99.3961,3457732,9923766
201708,120134,719842,4,1.02,WSW,GRANITE,34.9567,-99.3975,3457402,9923850
201708,120134,719843,1,2.82,NNW,OKLAHOMA CITY,35.51,-97.52,3530600,9731200
201708,120134,719843,2,2.85,N,OKLAHOMA CITY,35.5113,-97.5107,3530678,9730642
201708,120134,719843,3,2.47,N,OKLAHOMA CITY,35.5057,-97.5116,3530342,9730696
201708,120134,719843,4,2.48,N,OKLAHOMA CITY,35.5053,-97.5176,3530318,9731056
201708,120134,719844,1,0.91,N,VALLEY BROOK,35.4132,-97.4789,3524792,9728734
201708,120134,719844,2,1.66,W,DEL CITY,35.4529,-97.4693,3527174,9728158
201708,120134,719844,3,0.6,SW,MIDWEST CITY,35.4534,-97.3969,3527204,9723814
201708,120134,719844,4,0.96,WNW,(TIK)TINKER AFB,35.4159,-97.4055,3524954,9724330
201708,120134,719845,1,1.83,WNW,(TIK)TINKER AFB,35.42,-97.42,3525200,9725200
201708,120134,719845,2,2.2,WNW,(TIK)TINKER AFB,35.4165,-97.4283,3524990,9725698
201708,120134,719845,3,1.98,SSE,DEL CITY,35.423,-97.4285,3525380,9725710
201708,120134,719845,4,2.03,WNW,(TIK)TINKER AFB,35.4243,-97.4216,3525458,9725296
201708,120134,719846,1,2.25,W,OKLAHOMA CITY,35.47,-97.55,3528200,9733000
201708,120134,719846,2,1.99,W,OKLAHOMA CITY,35.471,-97.5454,3528260,9732724
201708,120134,719846,3,2.08,W,OKLAHOMA CITY,35.4758,-97.5463,3528548,9732778
201708,120134,719846,4,2.29,W,OKLAHOMA CITY,35.4755,-97.5502,3528530,9733012
201708,120134,719847,1,2.74,S,NICHOLS HILLS,35.5106,-97.5354,3530636,9732124
201708,120134,719847,2,2.75,NNW,OKLAHOMA CITY,35.5044,-97.5348,3530264,9732088
201708,120134,719847,3,2.56,NNW,OKLAHOMA CITY,35.5047,-97.5261,3530282,9731566
201708,120134,719847,4,2.87,SSE,NICHOLS HILLS,35.51,-97.5265,3530600,9731590
201708,120134,719848,1,3.51,N,(PWA)WILEY POST APT,35.5803,-97.6412,3534818,9738472
201708,120134,719848,2,3.87,NNE,(PWA)WILEY POST APT,35.5799,-97.6188,3534794,9737128
201708,120134,719848,3,2.83,NE,(PWA)WILEY POST APT,35.563,-97.6201,3533780,9737206
201708,120134,719848,4,2.34,NNE,(PWA)WILEY POST APT,35.5633,-97.6419,3533798,9738514
201708,120140,719768,1,6.22,N,GORDON,42.89,-102.2,4253400,10212000
201708,120141,719773,1,20.45,NNE,BURWELL,42.07,-99.05,424200,993000
201708,120141,719779,1,2.95,WSW,NORTH PLATTE,41.13,-100.83,417800,10049800
201708,120141,719780,1,2.08,SW,NORTH PLATTE,41.13,-100.81,417800,10048600
201708,120141,719781,1,7.82,SW,SWAN LAKE,42.1,-99.14,426000,998400
201708,120141,719782,1,4.15,N,SWAN LAKE,42.23,-99.02,4213800,991200
201708,120141,719784,1,0.52,E,ANSELMO,41.62,-99.86,4137200,9951600
201708,120141,719784,2,0.31,E,ANSELMO,41.6195,-99.8641,4137170,9951846
201708,120141,719784,3,0.27,ESE,ANSELMO,41.6186,-99.8651,4137116,9951906
201708,120141,719784,4,0.52,ESE,ANSELMO,41.6183,-99.8602,4137098,9951612
201708,120141,719785,1,1.38,N,GATES,41.65,-99.63,4139000,9937800
201708,120141,719786,1,2.95,WSW,NORTH PLATTE,41.13,-100.83,417800,10049800
201708,120141,719789,1,4.22,SE,ANSELMO,41.5782,-99.8105,4134692,9948630
201708,120141,719789,2,3.97,SSE,ANSELMO,41.5718,-99.828,4134308,9949680
201708,120141,719789,3,3.27,SE,ANSELMO,41.5818,-99.8328,4134908,9949968
201708,120141,719789,4,3.54,SE,ANSELMO,41.5857,-99.8189,4135142,9949134
201708,120141,719790,1,0.69,N,SARGENT,41.64,-99.37,4138400,9922200
201708,120141,719790,2,0.9,N,SARGENT,41.643,-99.37,4138580,9922200
201708,120141,719790,3,0.96,NNW,SARGENT,41.6436,-99.3745,4138616,9922470
201708,120141,719790,4,0.87,NNW,SARGENT,41.6409,-99.3784,4138454,9922704
201708,120141,720021,1,2.08,SE,ANSELMO,41.6,-99.84,4136000,9950400
201708,120141,720021,2,2.87,ESE,ANSELMO,41.5981,-99.8227,4135886,9949362
201708,120141,720021,3,3.07,ESE,ANSELMO,41.5958,-99.8202,4135748,9949212
201708,120141,720021,4,2.37,SE,ANSELMO,41.5961,-99.8372,4135766,9950232
201708,120141,720022,1,10.77,W,MERNA,41.4777,-99.978,4128662,9958680
201708,120141,720022,2,11.16,W,MERNA,41.4793,-99.9855,4128758,9959130
201708,120141,720022,3,11.09,SSW,ANSELMO,41.4846,-99.985,4129076,9959100
201708,120141,720022,4,10.83,W,MERNA,41.4836,-99.9792,4129016,9958752
201708,120141,720023,1,5.28,SE,ANSELMO,41.5623,-99.8029,4133738,9948174
201708,120141,720023,2,5.21,NNW,MERNA,41.5528,-99.7965,4133168,9947790
201708,120141,720023,3,5.31,NNW,MERNA,41.551,-99.8093,4133060,9948558
201708,120141,720023,4,5.14,SE,ANSELMO,41.5595,-99.8122,4133570,9948732
201708,120141,720024,1,0.51,NE,SARGENT,41.6352,-99.3629,4138112,9921774
201708,120141,720024,2,0.33,E,SARGENT,41.6307,-99.3636,4137842,9921816
201708,120141,720024,3,0.15,NE,SARGENT,41.6318,-99.3684,4137908,9922104
201708,120141,720024,4,0.41,NNE,SARGENT,41.6355,-99.3671,4138130,9922026
201708,120144,719795,1,1,WNW,LEWISBURG,35.458,-86.8147,3527480,8648882
201708,120144,719795,2,1.06,NNE,LEWISBURG,35.4649,-86.7958,3527894,8647748
201708,120144,719795,3,0.77,NNE,LEWISBURG,35.4602,-86.7946,3527612,8647676
201708,120144,719795,4,0.8,WNW,LEWISBURG,35.4545,-86.8132,3527270,8648792
201708,120144,719796,1,2.59,WNW,PULASKI,35.2091,-87.0646,3512546,873876
201708,120144,719796,2,2.4,WNW,PULASKI,35.2088,-87.0611,3512528,873666
201708,120144,719796,3,0.99,SW,ABERNATHY ARPT,35.1392,-87.0614,358352,873684
201708,120144,719796,4,1.94,SSE,GOOD SPG,35.1234,-87.069,357404,874140
201708,120144,719796,5,1.73,S,GOOD SPG,35.1253,-87.0749,357518,874494
201708,120145,719849,1,4.95,E,SUGAR HILL,35.5402,-87.7327,3532412,8743962
201708,120145,719849,2,4.75,E,SUGAR HILL,35.5427,-87.7359,3532562,8744154
201708,120145,719850,1,1.42,W,ARROW,35.5178,-87.2251,3531068,8713506
201708,120145,719850,2,1.72,WNW,NEEDMORE,35.5591,-87.2585,3533546,8715510
201708,120145,719851,1,0.98,WNW,INGLEWOOD,36.2277,-86.7447,3613662,8644682
201708,120145,719854,1,0.55,NNW,BORDEAUX,36.2073,-86.854,3612438,8651240
201708,120145,719854,2,0.64,SE,JORDONIA,36.2129,-86.8626,3612774,8651756
201708,120145,719856,1,1.47,SSW,NASHVILLE CORNELIA F,36.1597,-86.7079,369582,8642474
201708,120145,719856,2,1.07,WSW,NASHVILLE CORNELIA F,36.1716,-86.7161,3610296,8642966
201708,120145,719894,1,0.74,WNW,FOREST GROVE,36.3737,-86.8924,3622422,8653544
201708,120145,719894,2,1.57,WNW,UNION HILL,36.339,-86.806,3620340,8648360
201708,120145,719894,3,1.02,NE,BAKERS,36.3889,-86.7553,3623334,8645318
201708,120145,719894,4,2.15,SSW,FOUR CORNERS,36.0231,-86.5993,361386,8635958
201708,120145,719894,5,1.42,SSW,NEWSOM,36.0619,-87.0122,363714,87732
201708,120145,719895,1,0.2,ESE,CHARTERSVILLE,35.719,-87.2666,3543140,8715996
201708,120145,719895,2,3.7,SSW,DUCK RIVER,35.679,-87.3197,3540740,8719182
201708,120145,719895,3,2.51,S,TOTTYS BEND,35.7437,-87.3694,3544622,8722164
201708,120145,719895,4,1.91,NNE,TIDWELL,35.953,-87.2111,3557180,8712666
201708,120145,719896,1,2.27,NW,NEW HOPE,36.0439,-87.1779,362634,8710674
201708,120145,719896,2,5.39,ENE,NEW HOPE,36.0397,-87.0567,362382,873402
201708,120145,719896,3,2.31,NE,FERNVALE,35.9691,-87.0461,3558146,872766
201708,120145,719896,4,4.38,N,FOREST HOME,36.0433,-86.9262,362598,8655572
201708,120197,720205,4,2.15,N,ALLEN,42.4509,-96.8246,4227054,9649476
201708,120238,720378,1,3.64,NW,MAYAGUEZ,18.236,-67.1605,1814160,679630
201708,120238,720378,2,3.58,NW,MAYAGUEZ,18.2348,-67.1604,1814088,679624
201708,120238,720380,1,2.24,S,MAYAGUEZ,18.1676,-67.1217,1810056,677302
201708,120238,720380,2,1.77,SSW,MAYAGUEZ,18.1756,-67.1284,1810536,677704
201708,120238,720401,2,1.67,W,MAYAGUEZ,18.2027,-67.1452,1812162,678712
201708,120238,720401,3,1.63,W,MAYAGUEZ,18.2023,-67.1446,1812138,678676
201708,120238,720401,4,1.62,W,MAYAGUEZ,18.2026,-67.1445,1812156,678670
201708,120238,720407,1,17.81,N,AGUADA,18.3768,-67.1937,1822608,6711622
201708,120238,720407,2,17.62,N,AGUADA,18.374,-67.1946,1822440,6711676
201708,120238,720407,3,17.5,N,AGUADA,18.3719,-67.1979,1822314,6711874
201708,120238,720407,4,17.35,N,AGUADA,18.3701,-67.1946,1822206,6711676
201708,120238,720407,5,17.49,N,AGUADA,18.3724,-67.1911,1822344,6711466
201708,120238,720407,6,17.76,N,AGUADA,18.3762,-67.1911,1822572,6711466
201708,120238,720412,1,2.34,SW,MAYAGUEZ,18.1803,-67.149,1810818,678940
201708,120238,720412,2,2.43,SW,MAYAGUEZ,18.1804,-67.1506,1810824,679036
201708,120238,720412,3,2.51,SW,MAYAGUEZ,18.1783,-67.1506,1810698,679036
201708,120238,720412,4,2.44,SW,MAYAGUEZ,18.1783,-67.1493,1810698,678958
201708,120238,720414,1,3.23,SSW,MAYAGUEZ,18.1594,-67.1444,189564,678664
201708,120238,720414,2,3.4,SSW,MAYAGUEZ,18.1586,-67.148,189516,678880
201708,120238,720414,3,3.71,SSW,MAYAGUEZ,18.1521,-67.1454,189126,678724
201708,120238,720414,4,3.58,SSW,MAYAGUEZ,18.1531,-67.1433,189186,678598
201708,120238,720425,1,1.79,WSW,PATILLAS,18.0139,-66.0265,18834,661590
201708,120238,720425,2,1.91,WSW,PATILLAS,18.0085,-66.0264,18510,661584
201708,120238,720425,3,1.5,WSW,PATILLAS,18.0095,-66.0199,18570,661194
201708,120238,720425,4,1.42,WSW,PATILLAS,18.0145,-66.0209,18870,661254
201708,120238,720430,1,1.98,WSW,CAGUAS,18.1884,-66.0577,1811304,663462
201708,120238,720430,2,1.74,WSW,CAGUAS,18.1941,-66.0558,1811646,663348
201708,120238,720433,1,0.96,NW,ARROYO,17.9891,-66.061,1759346,663660
201708,120238,720433,2,0.7,NW,ARROYO,17.9883,-66.0562,1759298,663372
201708,120238,720433,3,0.82,NNW,ARROYO,17.9907,-66.0555,1759442,663330
201708,120238,720433,5,0.62,NW,ARROYO,17.9868,-66.056,1759208,663360
201708,120238,720433,6,0.91,NW,ARROYO,17.988,-66.0611,1759280,663666
201708,120238,720472,1,2.79,WSW,PATILLAS,18.0023,-66.0382,18138,662292
201708,120238,720472,2,2.82,WSW,PATILLAS,17.9996,-66.0371,1759976,662226
201708,120238,720472,3,2.46,WSW,PATILLAS,18.0033,-66.0331,18198,661986
201708,120238,720472,4,2.25,WSW,PATILLAS,18.0047,-66.0303,18282,661818
201708,120238,720472,5,2.28,WSW,PATILLAS,18.0063,-66.0316,18378,661896
201708,120238,720474,1,2.71,SE,PATILLAS,17.9924,-65.9708,1759544,6558248
201708,120238,720474,2,2.16,SE,PATILLAS,18.0005,-65.9744,1830,6558464
201708,120238,720474,3,2.05,ESE,PATILLAS,18.0067,-65.972,18402,6558320
201708,120238,720474,4,2.37,ESE,PATILLAS,18.0037,-65.9683,18222,6558098
201708,120238,720474,5,2.72,SE,PATILLAS,17.9961,-65.9671,1759766,6558026
201708,120238,720475,1,2.05,SW,MAYAGUEZ,18.1792,-67.1423,1810752,678538
201708,120238,720475,2,2.06,SW,MAYAGUEZ,18.1789,-67.1423,1810734,678538
201708,120238,720475,3,2.04,SW,MAYAGUEZ,18.1789,-67.1417,1810734,678502
201708,120238,720475,4,2.02,SW,MAYAGUEZ,18.1793,-67.1417,1810758,678502
201708,120238,720476,1,1.57,SW,MAYAGUEZ,18.1813,-67.1336,1810878,678016
201708,120238,720476,2,1.66,SSW,MAYAGUEZ,18.18,-67.134,1810800,678040
201708,120238,720476,3,1.6,SSW,MAYAGUEZ,18.1801,-67.1324,1810806,677944
201708,120238,720476,4,1.53,SSW,MAYAGUEZ,18.1807,-67.1314,1810842,677884
201708,120238,720478,1,2.37,SW,MAYAGUEZ,18.1804,-67.1496,1810824,678976
201708,120238,720478,2,2.39,SW,MAYAGUEZ,18.1789,-67.1488,1810734,678928
201708,120238,720478,3,2.28,SW,MAYAGUEZ,18.1799,-67.1475,1810794,678850
201708,120238,720478,4,2.27,SW,MAYAGUEZ,18.181,-67.1482,1810860,678892
201708,120238,720480,1,1.4,W,MAYAGUEZ,18.2018,-67.1413,1812108,678478
201708,120238,720480,3,1.38,W,MAYAGUEZ,18.2016,-67.141,1812096,678460
201708,120238,720480,4,1.38,W,MAYAGUEZ,18.2017,-67.141,1812102,678460
201708,120238,720485,1,1.49,SSW,PATILLAS,18,-66.0085,1800,66510
201708,120238,720485,2,1.63,SSW,PATILLAS,17.998,-66.0087,1759880,66522
201708,120238,720485,3,1.73,SSW,PATILLAS,17.9963,-66.0085,1759778,66510
201708,120238,720485,4,1.72,SSW,PATILLAS,17.9963,-66.0079,1759778,66474
201708,120238,720485,5,1.46,SSW,PATILLAS,18.0001,-66.0075,1806,66450
201708,120238,720490,1,1.56,WSW,MAYAGUEZ,18.1934,-67.1428,1811604,678568
201708,120238,720490,2,1.45,WSW,MAYAGUEZ,18.1926,-67.1407,1811556,678442
201708,120238,720490,3,1.41,WSW,MAYAGUEZ,18.1914,-67.1395,1811484,678370
201708,120238,720490,4,1.37,WSW,MAYAGUEZ,18.1919,-67.139,1811514,678340
201708,120238,720490,5,1.42,WSW,MAYAGUEZ,18.1934,-67.1405,1811604,678430
201708,120238,720490,6,1.54,WSW,MAYAGUEZ,18.1941,-67.1426,1811646,678556
201708,120238,720492,1,2.02,W,MAYAGUEZ,18.204,-67.1506,1812240,679036
201708,120238,720492,2,2.02,W,MAYAGUEZ,18.2035,-67.1506,1812210,679036
201708,120238,720492,3,2.02,W,MAYAGUEZ,18.2025,-67.1507,1812150,679042
201708,120238,720492,4,2.01,W,MAYAGUEZ,18.2025,-67.1505,1812150,679030
201708,120238,720492,5,2.01,W,MAYAGUEZ,18.2036,-67.1504,1812216,679024
201708,120238,720492,6,2.01,W,MAYAGUEZ,18.204,-67.1504,1812240,679024
201708,120238,720493,1,2.99,NNW,SAN LORENZO,18.1893,-65.989,1811358,6559340
201708,120238,720493,2,2.35,NNW,SAN LORENZO,18.1792,-65.9883,1810752,6559298
201708,120238,720493,3,2.3,NNW,SAN LORENZO,18.1811,-65.9823,1810866,6558938
201708,120238,720493,4,2.92,NNW,SAN LORENZO,18.19,-65.9845,1811400,6559070
201708,120238,720495,1,1.37,WNW,MAYAGUEZ,18.2066,-67.1396,1812396,678376
201708,120238,720495,2,1.36,WNW,MAYAGUEZ,18.2065,-67.1396,1812390,678376
201708,120238,720495,3,1.29,WNW,MAYAGUEZ,18.2068,-67.1382,1812408,678292
201708,120238,720495,5,1.24,WNW,MAYAGUEZ,18.2069,-67.1375,1812414,678250
201708,120238,720495,6,1.31,WNW,MAYAGUEZ,18.207,-67.1385,1812420,678310
201708,120238,720502,1,1.17,W,MAYAGUEZ,18.2028,-67.1376,1812168,678256
201708,120238,720502,2,1.13,W,MAYAGUEZ,18.2028,-67.137,1812168,678220
201708,120238,720502,3,1.17,WNW,MAYAGUEZ,18.2054,-67.137,1812324,678220
201708,120238,720502,4,1.21,WNW,MAYAGUEZ,18.2055,-67.1375,1812330,678250
201708,120238,720511,1,4.57,NNW,CAROLINA,18.4255,-65.9879,1825530,6559274
201708,120238,720511,2,4.53,NNW,CAROLINA,18.4249,-65.9879,1825494,6559274
201708,120238,720511,3,4.53,NNW,CAROLINA,18.425,-65.9876,1825500,6559256
201708,120238,720511,4,4.56,NNW,CAROLINA,18.4256,-65.9877,1825536,6559262
201708,120238,720516,1,3.47,NNW,CAROLINA,18.4169,-65.969,1825014,6558140
201708,120238,720516,2,3.42,NNW,CAROLINA,18.4165,-65.9678,1824990,6558068
201708,120238,720516,3,3.31,NNW,CAROLINA,18.4149,-65.9676,1824894,6558056
201708,120238,720516,4,3.3,NNW,CAROLINA,18.415,-65.9671,1824900,6558026
201708,120238,720516,5,3.45,NNW,CAROLINA,18.4171,-65.9675,1825026,6558050
201708,120238,720516,6,3.5,NNW,CAROLINA,18.4174,-65.969,1825044,6558140
201708,117490,709311,1,1.27,ESE,CARMEL,39.42,-75.11,3925200,756600
201708,117490,709312,1,0,N,BRIDGETON,39.43,-75.23,3925800,7513800
201708,117490,709313,1,0,N,NEWPORT,39.3,-75.18,3918000,7510800
201708,117490,709314,1,1.28,ENE,CAPE MAY,38.94,-74.9,3856400,7454000
201708,117490,709315,1,3.45,N,CORBIN CITY,39.35,-74.77,3921000,7446200
201708,117490,709316,1,1.27,WSW,MILLVILLE,39.39,-75.05,3923400,753000
201708,117520,706855,1,1.54,ENE,WILLIAMSVILLE,38.4566,-75.1029,3827396,756174
201708,117520,706855,2,1.14,ENE,WILLIAMSVILLE,38.4568,-75.1108,3827408,756648
201708,117520,706855,3,1.14,NE,WILLIAMSVILLE,38.4611,-75.1143,3827666,756858
201708,117520,706855,4,1.41,NE,WILLIAMSVILLE,38.4617,-75.1087,3827702,756522
201708,117520,706856,1,0.86,NNE,BETHANY BEACH,38.5419,-75.0652,3832514,753912
201708,117520,706856,2,0.55,NNE,BETHANY BEACH,38.5372,-75.0659,3832232,753954
201708,117520,706856,3,0.57,NNW,BETHANY BEACH,38.538,-75.0729,3832280,754374
201708,117520,706856,4,0.87,N,BETHANY BEACH,38.5425,-75.0721,3832550,754326
201708,117520,706857,1,1.33,S,MILFORD ARPT,38.9109,-75.4269,3854654,7525614
201708,117520,706857,2,1.35,ENE,CHESTNUT KNOLL,38.9083,-75.4273,3854498,7525638
201708,117520,706857,3,1.11,ENE,CHESTNUT KNOLL,38.9088,-75.4327,3854528,7525962
201708,117520,706857,4,1.26,NE,CHESTNUT KNOLL,38.9113,-75.4316,3854678,7525896
201708,117522,706858,1,0.88,SW,TRAPPE,38.66,-76.08,3839600,764800
201708,117529,706872,1,4.79,SSE,COALDALE,38.3036,-105.7245,3818216,10543470
201708,117529,706872,2,4.4,SW,COALDALE,38.332,-105.8152,3819920,10548912
201708,117529,706872,3,0.97,WSW,COALDALE,38.3659,-105.7671,3821954,10546026
201708,117529,706872,4,1.77,SE,COALDALE,38.3554,-105.7232,3821324,10543392
201708,117531,706874,1,2.07,S,WETMORE,38.21,-105.09,3812600,1055400
201708,117531,706875,1,6.43,NNE,BEULAH,38.17,-104.95,3810200,10457000
201708,117533,706878,1,6.48,NW,CRIPPLE CREEK,38.82,-105.26,3849200,10515600
201708,117533,706878,2,5.28,W,CRIPPLE CREEK,38.76,-105.2772,3845600,10516632
201708,117533,706878,3,6.77,WNW,CRIPPLE CREEK,38.7713,-105.3026,3846278,10518156
201708,117533,706878,4,7.5,NW,CRIPPLE CREEK,38.8307,-105.2731,3849842,10516386
201708,117533,708443,1,6.6,S,PUEBLO WEST,38.215,-104.762,3812900,10445720
201708,117533,710496,1,3.06,WNW,FT CARSON,38.7459,-104.8329,3844754,10449974
201708,117535,706879,1,6.58,NNW,RUSH,38.92,-104.12,3855200,1047200
201708,117535,706880,1,1.76,ESE,WIDEFIELD,38.73,-104.7,3843800,10442000
201708,117535,706881,1,0,N,HASTY,38.11,-102.96,386600,10257600
201708,117535,706882,1,4.15,N,LAMAR,38.14,-102.62,388400,10237200
201708,117535,706883,1,0,N,HASTY,38.11,-102.96,386600,10257600
201708,117535,706884,1,0.88,NE,WILEY,38.16,-102.71,389600,10242600
201708,117535,706885,1,6.22,S,ORDWAY,38.13,-103.76,387800,10345600
201708,117535,706886,1,0.88,NE,ROCKY FORD,38.06,-103.71,383600,10342600
201708,117535,706887,1,0.69,N,LAMAR,38.09,-102.62,385400,10237200
201708,117535,706888,1,2.14,NNE,SWINK,38.05,-103.62,383000,10337200
201708,117535,706889,1,4.28,NE,LAMAR,38.12,-102.56,387200,10233600
201708,117535,706890,1,0.54,E,LAMAR,38.08,-102.61,384800,10236600
201708,117535,706891,1,0,N,LAMAR,38.08,-102.62,384800,10237200
201708,117535,706892,1,0.88,NW,LAMAR,38.09,-102.63,385400,10237800
201708,117535,706893,1,0,N,LA JUNTA,37.98,-103.54,3758800,10332400
201708,117535,706894,1,2.14,SSW,LA JUNTA,37.95,-103.55,3757000,10333000
201708,117537,706895,1,5.93,SSW,CALHAN,38.95,-104.34,3857000,10420400
201708,117538,706896,1,0,N,GRANADA,38.06,-102.31,383600,10218600
201708,117538,706897,1,0.88,SW,OLNEY SPGS,38.16,-103.96,389600,10357600
201708,117538,706898,1,1.76,NE,OLNEY SPGS,38.19,-103.93,3811400,10355800
201708,117552,706942,1,2.76,N,PLATNER,40.16,-103.07,409600,1034200
201708,117552,706943,1,4.06,NNE,ARICKAREE,39.73,-103.03,3943800,1031800
201708,117552,706944,1,2.54,ENE,ARICKAREE,39.7,-103.03,3942000,1031800
201708,117552,706945,1,4.26,ENE,ANTON,39.78,-103.15,3946800,1039000
201708,117552,706947,1,4.47,WNW,ARICKAREE,39.7,-103.15,3942000,1039000
201708,117552,706948,1,0,N,ANTON,39.75,-103.22,3945000,10313200
201708,117552,706949,1,3.19,W,ARICKAREE,39.68,-103.13,3940800,1037800
201708,117563,707001,1,2.81,N,IRONVILLE,43.97,-73.54,4358200,7332400
201708,117564,707004,1,0,N,VERGENNES,44.17,-73.25,4410200,7315000
201708,117564,707006,1,0,N,NEW HAVEN,44.12,-73.15,447200,739000
201708,117564,707007,1,0.69,N,FERRISBURG,44.21,-73.25,4412600,7315000
201708,117564,707008,1,0.69,N,WILLISTON,44.44,-73.07,4426400,734200
201708,117564,707009,1,1.2,SE,JERICHO,44.49,-72.98,4429400,7258800
201708,117564,707011,1,0,N,EAST ALBANY,44.73,-72.32,4443800,7219200
201708,117564,707013,1,0,N,WEST GLOVER,44.73,-72.22,4443800,7213200
201708,117564,707014,1,0.85,NW,GLOVER,44.71,-72.19,4442600,7211400
201708,117564,707016,1,0.49,W,BARTON,44.75,-72.18,4445000,7210800
201708,117564,707018,1,1.38,S,PLAINFIELD,44.26,-72.43,4415600,7225800
201708,117564,707019,1,0.49,W,ISLAND POND ARPT,44.78,-71.84,4446800,7150400
201708,117564,707020,1,2.81,S,MARSHFIELD,44.31,-72.34,4418600,7220400
201708,117566,707017,1,2.98,S,SANTIAGO,38.3871,-93.4552,3823226,9327312
201708,117566,707017,2,2.98,S,SANTIAGO,38.387,-93.4543,3823220,9327258
201708,117566,707017,3,2.76,S,SANTIAGO,38.39,-93.45,3823400,9327000
201708,117566,707017,4,2.73,S,SANTIAGO,38.3906,-93.452,3823436,9327120
201708,117566,707022,1,1,NNW,CAMDENTON,38.0137,-92.7559,38822,9245354
201708,117566,707022,2,0.96,NNW,CAMDENTON,38.0131,-92.7555,38786,9245330
201708,117566,707022,3,0.95,NNW,CAMDENTON,38.0129,-92.756,38774,9245360
201708,117566,707022,4,0.98,NNW,CAMDENTON,38.0133,-92.7562,38798,9245372
201708,117566,707023,1,3.45,N,KNOBBY,38.2,-93.1,3812000,936000
201708,117566,707023,2,3.39,N,KNOBBY,38.1989,-93.0963,3811934,935778
201708,117566,707023,3,3.41,N,KNOBBY,38.1992,-93.0941,3811952,935646
201708,117566,707023,4,3.52,N,KNOBBY,38.2009,-93.0988,3812054,935928
201708,117566,707024,1,1.49,SSW,BOSTON,37.4,-94.31,3724000,9418600
201708,117566,707024,2,1.7,SSW,BOSTON,37.3977,-94.3129,3723862,9418774
201708,117566,707024,3,1.72,SSW,BOSTON,37.3964,-94.3103,3723784,9418618
201708,117566,707024,4,1.34,SSW,BOSTON,37.4015,-94.307,3724090,9418420
201708,117566,707025,1,0.88,NE,ASH GROVE,37.33,-93.57,3719800,9334200
201708,117566,707026,1,4.29,NNW,ST ROBERT,37.88,-92.25,3752800,9215000
201708,117566,707027,1,2.14,NNW,BUCKHORN,37.81,-92.28,3748600,9216800
201708,117566,707028,1,3.32,WNW,COLE CAMP,38.48,-93.26,3828800,9315600
201708,117566,707029,1,1.77,WNW,HANSTONKA,37.98,-92.81,3758800,9248600
201708,117566,707031,1,2.14,NW,PURVIS,38.19,-92.85,3811400,9251000
201708,117566,707032,1,1.64,E,FAIR PLAY,37.63,-93.55,3737800,9333000
201708,117566,707033,1,2.27,WSW,MT HULDA,38.36,-93.27,3821600,9316200
201708,117568,707034,1,0.38,NE,NEOSHO,36.8732,-94.3645,3652392,9421870
201708,117568,707034,2,1.07,ESE,NEOSHO,36.8629,-94.3528,3651774,9421168
201708,117568,707034,3,1.14,ESE,NEOSHO,36.8638,-94.3508,3651828,9421048
201708,117568,707034,4,0.48,ENE,NEOSHO,36.8736,-94.3625,3652416,9421750
201708,117569,707036,1,2.09,W,GIRARD,37.502,-94.888,3730120,9453280
201708,117569,707036,2,1.39,WNW,GIRARD,37.5059,-94.8742,3730354,9452452
201708,117569,707036,3,1.31,W,GIRARD,37.5033,-94.8736,3730198,9452416
201708,117569,707036,4,2.1,W,GIRARD,37.5007,-94.8883,3730042,9453298
201708,117569,707037,1,0,N,WALNUT,37.6,-95.08,3736000,954800
201708,117569,707038,1,0.69,S,CROWEBURG,37.54,-94.67,3732400,9440200
201708,118675,713282,1,0,N,SUMRALL,31.42,-89.55,3125200,8933000
201708,118675,713282,2,1.87,S,SUMRALL,31.3929,-89.5516,3123574,8933096
201708,118675,713282,3,1.19,N,EPLEY,31.3971,-89.5228,3123826,8931368
201708,118675,713282,4,0.92,ENE,SUMRALL,31.4261,-89.5362,3125566,8932172
201708,118675,713283,1,0.91,NE,STONEWALL,32.14,-88.79,328400,8847400
201708,118675,713284,1,2.15,NNW,CHANCELLOR,32.05,-88.64,323000,8838400
201708,118675,713284,2,1.72,NNW,CHANCELLOR,32.0432,-88.6407,322592,8838442
201708,118675,713284,3,1.63,NNW,CHANCELLOR,32.043,-88.6364,322580,8838184
201708,118675,713284,4,2.13,N,CHANCELLOR,32.0505,-88.6357,323030,8838142
201708,118675,713292,1,0.9,NW,WEST COLUMBIA,31.2591,-89.8809,3115546,8952854
201708,118678,712984,1,7.12,NNW,PHOENIX DEER VLY ARP,33.78,-112.11,3346800,1126600
201708,118678,712986,1,9.92,W,LIRIM,33.0257,-112.1512,331542,1129072
201708,118685,712999,1,1.15,E,BRENDA,33.68,-113.91,3340800,11354600
201708,118685,713005,1,0.9,SW,QUARTZITE,33.66,-114.24,3339600,11414400
201708,118685,713159,1,7.79,E,QUARTZSITE,33.6445,-114.0848,3338670,1145088
201708,118685,713159,2,3.64,SSW,BRENDA,33.6285,-113.9433,3337710,11356598
201708,118685,713159,3,2.02,NNW,BRENDA,33.7085,-113.9378,3342510,11356268
201708,118685,713159,4,7.86,ENE,QUARTZSITE ARPT,33.7021,-114.0889,3342126,1145334
201708,118685,713165,1,5.05,SW,QUARTZSITE,33.6067,-114.2908,3336402,11417448
201708,118685,713165,2,4.94,ESE,QUARTZSITE,33.6319,-114.137,3337914,1148220
201708,118685,713165,3,5.01,NE,QUARTZSITE ARPT,33.7153,-114.1521,3342918,1149126
201708,118685,713165,4,5.62,WNW,QUARTZITE,33.689,-114.3251,3341340,11419506
201708,118685,713167,1,9.63,S,QUARTZSITE,33.5106,-114.2221,3330636,11413326
201708,118685,713167,2,0.54,WNW,QUARTZSITE,33.6525,-114.229,3339150,11413740
201708,118685,713167,3,8.93,ENE,EHRENBURG,33.6285,-114.3787,3337710,11422722
201708,118685,713167,4,11.43,ESE,EHRENBURG,33.5117,-114.3622,3330702,11421732
201708,118689,713008,1,8.9,NNE,PARADOX,38.49,-108.89,3829400,10853400
201708,118689,713008,2,9.44,NNE,PARADOX,38.4961,-108.8826,3829766,10852956
201708,118689,713008,3,9.16,NNE,PARADOX,38.4892,-108.8761,3829352,10852566
201708,118689,713008,4,8.74,NNE,PARADOX,38.4857,-108.8845,3829142,10853070
201708,118689,713009,1,0,N,CARBONDALE,39.4,-107.22,3924000,10713200
201708,118689,713010,1,4.23,SW,CATTLE CREEK,39.41,-107.31,3924600,10718600
201708,118689,713010,2,4.12,SW,CATTLE CREEK,39.4098,-107.3071,3924588,10718426
201708,118689,713010,3,4.22,SW,CATTLE CREEK,39.4084,-107.3079,3924504,10718474
201708,118689,713010,4,4.3,SW,CATTLE CREEK,39.4085,-107.3099,3924510,10718594
201708,118689,713011,1,0,N,CARBONDALE,39.4,-107.22,3924000,10713200
201708,118689,713011,2,0.06,ENE,CARBONDALE,39.4004,-107.219,3924024,10713140
201708,118689,713011,3,0.06,E,CARBONDALE,39.4001,-107.2189,3924006,10713134
201708,118689,713011,4,0.02,E,CARBONDALE,39.4,-107.2196,3924000,10713176
201708,118689,717931,1,3.46,NW,SNOWMASS,39.3661,-107.0249,3921966,1071494
201708,118689,717931,2,3.48,NW,SNOWMASS,39.3661,-107.0255,3921966,1071530
201708,118699,713033,1,0.69,S,(CNY)CANYONLANDS FLD,38.76,-109.75,3845600,10945000
201708,118714,713170,1,0.69,S,WICKENBURG,33.96,-112.73,3357600,11243800
201708,118714,713172,1,3,SSE,WICKENBURG MUNI ARPT,33.9298,-112.7802,3355788,11246812
201708,118714,713172,2,4.22,ESE,WICKENBURG,33.9378,-112.6675,3356268,11240050
201708,118714,713172,3,2.49,NNE,WICKENBURG,34.0021,-112.7101,34126,11242606
201708,118714,713172,4,0.46,WSW,MATTHIE,33.9782,-112.7877,3358692,11247262
201708,118715,713175,1,3.27,E,ESTRELLA,32.9938,-112.364,3259628,11221840
201708,118715,713175,2,3.72,ESE,MOBILE,33.0375,-112.2075,332250,11212450
201708,118715,713175,3,4.17,NE,MOBILE,33.091,-112.2171,335460,11213026
201708,118715,713175,4,5.16,NE,ESTRELLA,33.0571,-112.3627,333426,11221762
201708,118716,713178,1,2.21,SE,LITCHFIELD PARK,33.48,-112.34,3328800,11220400
201708,118716,713179,1,1.86,WNW,GLENDALE,33.54,-112.21,3332400,11212600
201708,118716,713180,1,3.47,SSE,LIBERTY,33.3375,-112.4478,3320250,11226868
201708,118716,713180,2,9.31,WSW,GILA CROSSING,33.2204,-112.3146,3313224,11218876
201708,118716,713180,3,11.7,N,ESTRELLA,33.1676,-112.4492,3310056,11226952
201708,118716,713180,4,3.73,SSE,BUCKEYE,33.3203,-112.5549,3319218,11233294
201708,118716,713185,1,1.8,ESE,MC MICKEN,33.4899,-112.4011,3329394,11224066
201708,118716,713185,2,0.66,WSW,MC MICKEN,33.4953,-112.4399,3329718,11226394
201708,118716,713185,3,2.41,NNE,PERRYVILLE,33.4596,-112.4478,3327576,11226868
201708,118716,713185,4,2.95,SSE,MC MICKEN,33.4601,-112.4118,3327606,11224708
201708,118716,713339,1,2.14,ENE,PERRYVILLE,33.4395,-112.4348,3326370,11226088
201708,118716,713339,2,1.02,S,MC MICKEN,33.4854,-112.4327,3329124,11225962
201708,118716,713339,3,1.71,SSW,LITCHFIELD PARK,33.4767,-112.3802,3328602,11222812
201708,118716,713339,4,0.25,NW,LITCHFIELD JCT,33.4321,-112.3737,3325926,11222422
201708,119754,718168,1,0.69,S,ELLWOOD CITY,40.86,-80.28,4051600,8016800
201708,119754,718198,1,0,N,HICKORY,40.3,-80.32,4018000,8019200
201708,119754,718212,1,1.48,SSE,WIND RIDGE,39.9021,-80.4146,3954126,8024876
201708,119754,718214,1,1.26,ENE,BETHEL PARK,40.33,-80.01,4019800,80600
201708,119754,718215,1,1.04,SE,SYGAN,40.338,-80.118,4020280,807080
201708,119754,718217,1,2.93,NNE,EUCLID,41.0394,-79.8994,412364,7953964
201708,119754,718218,1,0,N,NATRONA,40.62,-79.73,4037200,7943800
201708,119754,718219,1,0.87,NE,NEWTONSBURG,40.44,-79.66,4026400,7939600
201708,120145,719896,5,5.67,N,MALLORYS,36.0315,-86.7878,361890,8647268
201708,120145,719896,6,2.28,NW,DUPLEX,35.7739,-86.878,3546434,8652680
201708,120145,719896,7,4.52,SW,LAMPLEY STORE,35.8547,-87.2082,3551282,8712492
201708,120145,719897,1,3.37,SSW,CRAGGIE HOPE,36.0555,-87.1747,363330,8710482
201708,120145,719897,2,1.8,WSW,GRIFFINTOWN,36.1677,-87.1584,3610062,879504
201708,120145,719897,3,4.21,NE,SHACKLETT,36.1642,-87.0376,369852,872256
201708,120145,719897,4,3.25,S,PEGRAM,36.0531,-87.0459,363186,872754
201708,120145,719900,1,4.16,NNW,WATER VLY,35.8274,-87.2026,3549644,8712156
201708,120145,719900,2,2.01,ESE,THETA,35.7739,-87.0149,3546434,87894
201708,120145,719900,3,1.11,WNW,STIVERSVILLE,35.4553,-87.0686,3527318,874116
201708,120145,719900,4,0.22,SSE,ROCKDALE,35.4673,-87.268,3528038,8716080
201708,120145,719900,5,1.21,NNE,MT JOY,35.5464,-87.2625,3532784,8715750
201708,120145,719900,6,2.21,SSW,ISOM,35.6027,-87.3404,3536162,8720424
201708,120145,719900,7,2.29,N,WILLIAMSPORT,35.713,-87.2247,3542780,8713482
201708,120153,719898,1,0.69,N,AUGUSTA,40.69,-81.02,4041400,811200
201708,120153,719899,1,2.71,ENE,AUGUSTA,40.69,-80.97,4041400,8058200
201708,120154,719902,1,0.69,S,DARLINGTON,40.81,-80.42,4048600,8025200
201708,120154,719903,1,0,N,KOPPEL,40.83,-80.32,4049800,8019200
201708,120154,719904,1,0.87,NW,POSSUM HOLLOW,40.86,-80.33,4051600,8019800
201708,120154,719905,1,0.69,N,WAMPUM,40.89,-80.33,4053400,8019800
201708,120154,719906,1,1.48,NNE,ELLWOOD CITY,40.89,-80.27,4053400,8016200
201708,120154,719907,1,1.48,SSW,PLEASANT HILL,40.86,-80.21,4051600,8012600
201708,120154,719908,1,0.87,SW,ELLPORT,40.86,-80.26,4051600,8015600
201708,120154,719909,1,0.52,W,DUCK RUN,40.92,-80.28,4055200,8016800
201708,120154,719910,1,0,N,MC DONALD,40.37,-80.23,4022200,8013800
201708,120154,719911,1,0.87,SW,NOBLESTOWN,40.37,-80.21,4022200,8012600
201708,120154,719912,1,0.53,E,BISHOP,40.32,-80.19,4019200,8011400
201708,120154,719913,1,0.53,E,CASTLE SHANNON,40.35,-80.04,4021000,802400
201708,120154,719914,1,6.74,SSE,HUNTER,41.39,-79.47,4123400,7928200
201708,120154,719915,1,0.86,NE,TURNIP HOLE,41.16,-79.59,419600,7935400
201708,120154,719916,1,1.73,SW,BUENA VISTA,40.95,-79.79,4057000,7947400
201708,120154,719917,1,3.76,ENE,HAZEN,40.85,-80.17,4051000,8010200
201708,120154,719918,1,0.52,W,PORTERSVILLE,40.93,-80.14,4055800,808400
201708,120154,719919,1,1.48,SSW,PORTERSVILLE,40.91,-80.14,4054600,808400
201708,120154,719920,1,0.52,E,CONNOGUENESSING,40.82,-80.01,4049200,80600
201708,120154,719924,1,0.26,ENE,MARIENVILLE ARPT,41.4313,-79.1953,4125878,7911718
201708,120154,719926,1,0.87,SW,WHITE VLY,40.41,-79.61,4024600,7936600
201708,120154,719927,1,0.69,N,WILLOCK,40.36,-79.95,4021600,7957000
201708,120154,719928,1,0.69,N,WILKINS TOWNSHIP,40.46,-79.82,4027600,7949200
201708,120154,719929,1,1.48,SSE,MONROEVILLE ARPT,40.43,-79.76,4025800,7945600
201708,120154,719930,1,0.53,W,TRAFFORD,40.38,-79.76,4022800,7945600
201708,120154,719931,1,0.53,W,TRAFFORD,40.38,-79.76,4022800,7945600
201708,120154,719932,1,0.69,S,LEVEL GREEN,40.39,-79.72,4023400,7943200
201708,120154,719933,1,1.48,SSE,NEWTONSBURG,40.41,-79.66,4024600,7939600
201708,120154,719934,1,0.87,NE,NEWTONSBURG,40.44,-79.66,4026400,7939600
201708,120154,719935,1,0.87,SW,EXPORT,40.41,-79.64,4024600,7938400
201708,120154,719936,1,0.87,SE,DELMONT,40.41,-79.56,4024600,7933600
201708,120154,719937,1,0.69,S,DELMONT,40.41,-79.57,4024600,7934200
201708,120154,719938,1,1.04,E,ELK RUN JCT,40.95,-78.93,4057000,7855800
201708,120154,719939,1,1.04,E,ELK RUN JCT,40.95,-78.93,4057000,7855800
201708,120154,719940,1,0.69,S,RINGGOLD STATION,40.99,-79.17,4059400,7910200
201708,120154,719941,1,0.87,SW,COKEVILLE,40.41,-79.28,4024600,7916800
201708,120154,719942,1,0.53,W,LONGVIEW,40.35,-80.03,4021000,801800
201708,120154,719943,1,0.87,SE,BLAWNOX,40.49,-79.84,4029400,7950400
201708,120154,719944,1,2.52,ESE,MONROEVILLE ARPT,40.43,-79.73,4025800,7943800
201708,120154,719945,1,0.87,SE,PENOWA,40.27,-80.49,4016200,8029400
201708,120154,719946,1,1.48,NNE,GRAPEVILLE,40.35,-79.59,4021000,7935400
201708,120154,719947,1,1.26,WNW,SUPERIOR,40.36,-79.37,4021600,7922200
201708,120154,719954,1,1.58,E,VANCEVILLE,40.15,-80.05,409000,803000
201708,120154,719955,1,1.27,ESE,KUHNTOWN,39.76,-80.26,3945600,8015600
201708,120154,719956,1,2.66,W,FAIRCHANCE,39.75,-80.12,3945000,807200
201708,120154,719957,1,0.53,W,MONESSEN,40.15,-79.89,409000,7953400
201708,120154,719958,1,0.69,S,CHARLEROI,40.14,-79.9,408400,7954000
201708,120154,719959,1,0.53,W,SWEENEYS XRDS,40.17,-79.81,4010200,7948600
201708,120154,719960,1,0,N,PRICEDALE,40.13,-79.85,407800,7951000
201708,120154,719961,1,1.26,ESE,WHITSETT,40.09,-79.75,405400,7945000
201708,120154,719962,1,0.87,NE,YOUNDWOOD,40.26,-79.57,4015600,7934200
201708,120154,719963,1,1.72,WNW,CRABTREE,40.38,-79.5,4022800,7930000
201708,120154,719964,1,0.53,E,VANDERBILT,40.03,-79.66,401800,7939600
201708,120154,719965,1,0.53,W,CONNELLSVILLE,40.02,-79.59,401200,7935400
201708,120154,719966,1,0.87,SW,LIGONIER,40.24,-79.24,4014400,7914400
201708,120154,719967,1,0.91,SSW,KUHNTOWN,39.758,-80.2871,3945480,8017226
201708,120154,719967,2,1.31,SSE,KUHNTOWN,39.753,-80.269,3945180,8016140
201708,120156,719922,1,7,E,SELBYVILLE,38.45,-75.1006,3827000,756036
201708,120157,719923,1,4,SSW,HOWELL,40.1765,-74.259,4010590,7415540
201708,120158,719925,1,7.13,WNW,BETHLEHEM,38.775,-76.069,3846500,764140
201708,120159,719948,1,0.69,N,WHEELING,40.08,-80.72,404800,8043200
201708,120159,719949,1,0,N,WARWOOD,40.12,-80.7,407200,8042000
201708,120159,719950,1,2.61,SW,CLINTON,40.09,-80.65,405400,8039000
201708,120159,719951,1,1.38,N,POINT MILLS,40.1,-80.58,406000,8034800
201708,120159,719952,1,2.98,ENE,VALLEY GROVE,40.1,-80.52,406000,8031200
201708,120165,719986,1,0,N,ANNAPOLIS (KNAK),38.98,-76.48,3858800,7628800
201708,120166,719989,1,1.5,NNE,NOVI,42.499,-83.4556,4229940,8327336
201708,120166,719989,2,3.27,ESE,STONY CREEK,42.6815,-83.0608,4240890,833648
201708,120166,719989,3,3.85,E,FERNDALE,42.4465,-83.0446,4226790,832676
201708,120278,720673,1,4.01,SE,AGUA CALIENTE SPGS,32.9156,-116.2443,3254936,11614658
201708,120278,720673,2,4.91,SE,AGUA CALIENTE SPGS,32.9008,-116.239,3254048,11614340
201708,120278,720675,1,3.46,SE,AGUA CALIENTE SPGS,32.9181,-116.254,3255086,11615240
201708,120278,720675,3,5.58,SE,AGUA CALIENTE SPGS,32.898,-116.2263,3253880,11613578
201708,120278,720675,4,4.64,SE,AGUA CALIENTE SPGS,32.8959,-116.2528,3253754,11615168
201708,120278,720679,1,7.57,S,OCOTILLO WELLS,33.0425,-116.1047,332550,1166282
201708,119660,718859,1,0.55,W,WAKEFIELD ARPT,36.98,-77.01,3658800,77600
201708,119660,718861,1,1.31,WSW,BRODNAX,36.69,-78.05,3641400,783000
201708,119660,718862,1,0.69,N,ATLANTIC,37.94,-75.47,3756400,7528200
201708,119660,718863,1,4.18,N,HAMPTON,37.08,-76.36,374800,7621600
201708,119660,718864,1,5.38,WNW,HAMPTON,37.05,-76.44,373000,7626400
201708,119660,718865,1,3.83,NNE,HAMPTON,37.07,-76.32,374200,7619200
201708,119660,718866,1,1.65,E,GUM FORK,37.37,-76.55,3722200,7633000
201708,119660,718867,1,2.6,WNW,FIVE FORKS,37.27,-76.81,3716200,7648600
201708,119660,718868,1,0.55,W,WAKEFIELD,36.97,-76.99,3658200,7659400
201708,119660,718869,1,2.97,NNW,MAGRUDER,37.36,-76.7,3721600,7642000
201708,119660,718870,1,1.1,E,SMITHFIELD,36.98,-76.61,3658800,7636600
201708,119660,718876,1,1.3,ENE,NORFOLK,36.88,-76.25,3652800,7615000
201708,119660,719094,1,0.69,N,OYSTER,37.29,-75.93,3717400,7555800
201708,119660,719095,1,0.69,N,OYSTER,37.29,-75.93,3717400,7555800
201708,119660,719096,1,2.15,SSE,PURDY,36.79,-77.57,3647400,7734200
201708,119660,719097,1,1.77,NW,MENCHVILLE,37.1,-76.55,376000,7633000
201708,119660,719098,1,3.3,W,BERMUDA HUNDRED,37.33,-77.34,3719800,7720400
201708,119660,719099,1,6.19,NW,HAMPTON,37.09,-76.42,375400,7625200
201708,119660,719100,1,2.31,WNW,MAGNET,36.99,-76.74,3659400,7644400
201708,119660,719101,1,1.3,ESE,DENBIGH,37.12,-76.53,377200,7631800
201708,119660,719103,1,1.1,W,MESSICK,37.13,-76.37,377800,7622200
201708,117572,707048,1,1.21,SW,WINNFIELD JOYCE ARPT,31.9391,-92.6662,3156346,9239972
201708,117572,707048,2,1.12,WNW,PACKTON,31.807,-92.5972,3148420,9235832
201708,117572,707048,3,1.57,ENE,PACKTON,31.8088,-92.5554,3148528,9233324
201708,117572,707048,4,0.78,NW,MENEFEE,31.9593,-92.5777,3157558,9234662
201708,117572,707049,1,1.39,SW,WINNFIELD JOYCE ARPT,31.9359,-92.6668,3156154,9240008
201708,117572,707049,2,2.37,WSW,WINNFIELD,31.9018,-92.6642,3154108,9239852
201708,117572,707049,3,1.52,ESE,WINNFIELD,31.9085,-92.6079,3154510,9236474
201708,117572,707049,4,1.07,WNW,JOYCE,31.9359,-92.6168,3156154,9237008
201708,117572,707050,1,0.76,WSW,JOYCE,31.9277,-92.6127,3155662,9236762
201708,117572,707050,2,0.53,NNE,JOYCE,31.937,-92.5966,3156220,9235796
201708,117572,707050,3,0.97,N,JOYCE,31.9441,-92.601,3156646,9236060
201708,117572,707050,4,0.96,WNW,JOYCE,31.9354,-92.6151,3156124,9236906
201708,117574,707064,1,1.28,SSE,REISOR,32.4021,-93.8443,3224126,9350658
201708,117574,707065,1,2.47,WSW,STAPLES,32.3615,-93.8611,3221690,9351666
201708,117574,707066,1,0.41,WNW,KEITHVILLE,32.3323,-93.8365,3219938,9350190
201708,117574,707067,1,0.68,ENE,CROSS RDS,32.1854,-93.3903,3211124,9323418
201708,117574,707068,1,0.41,SE,WESTDALE,32.1651,-93.476,329906,9328560
201708,117574,707069,1,1.19,N,SPRINGVILLE,32.0372,-93.3316,322232,9319896
201708,117574,707070,1,1.45,NW,COUSHATTA ARPT,31.9919,-93.3204,3159514,9319224
201708,117579,707078,1,3.17,W,CATAWBA,40.02,-83.73,401200,8343800
201708,117579,707078,2,3.21,E,BOWLUSVILLE,40.022,-83.7394,401320,8344364
201708,117579,707078,3,3.26,E,BOWLUSVILLE,40.0239,-83.7387,401434,8344322
201708,117579,707078,4,3.09,W,CATAWBA,40.0231,-83.7283,401386,8343698
201708,117579,707080,1,3.46,WNW,CATAWBA,40.02,-83.68,401200,8340800
201708,117579,707080,2,3.32,NNE,MOOREFIELD,40.0215,-83.6882,401290,8341292
201708,117579,707080,3,3.01,NE,MOOREFIELD,40.0145,-83.6853,40870,8341118
201708,117579,707080,4,3.24,WNW,CATAWBA,40.0165,-83.6774,40990,8340644
201708,117580,707082,1,0,N,LONDON,39.88,-83.45,3952800,8327000
201708,117596,707182,1,1.16,NNE,MC ALISTERVILLE,40.6462,-77.2744,4038772,7716464
201708,117596,707182,2,1.51,SSE,MAZE,40.6,-77.1882,4036000,7711292
201708,117609,707244,1,2.82,SSE,BEAR GRASS,35.73,-77.12,3543800,777200
201708,117609,707244,2,3.7,SE,BEAR GRASS,35.7321,-77.0835,3543926,775010
201708,117609,707244,3,4.94,SSE,BEAR GRASS,35.7106,-77.0811,3542636,774866
201708,117609,707244,4,4.03,S,BEAR GRASS,35.712,-77.122,3542720,777320
201708,117609,707246,1,6.23,SE,WILLIAMSTON HRRS ARP,35.75,-76.98,3545000,7658800
201708,117609,707246,2,5.82,SE,WILLIAMSTON HRRS ARP,35.7503,-76.9917,3545018,7659502
201708,117609,707246,3,6.34,SSE,WILLIAMSTON HRRS ARP,35.742,-76.9906,3544520,7659436
201708,117609,707246,4,6.6,SE,WILLIAMSTON HRRS ARP,35.7437,-76.9793,3544622,7658758
201708,117609,707247,1,3.12,WSW,JAMESVILLE,35.8,-76.95,3548000,7657000
201708,117609,707247,2,1.67,S,JAMESVILLE,35.7958,-76.8992,3547748,7653952
201708,117609,707247,3,3.51,SSW,JAMESVILLE,35.7709,-76.916,3546254,7654960
201708,117609,707247,4,4.27,SW,JAMESVILLE,35.7797,-76.9579,3546782,7657474
201708,117624,707366,1,0,N,HUGO,39.13,-103.47,397800,10328200
201708,117624,707367,1,0,N,HUGO,39.13,-103.47,397800,10328200
201708,117624,707368,1,0,N,HUGO,39.13,-103.47,397800,10328200
201708,117624,707369,1,3.75,W,HUGO,39.13,-103.54,397800,10332400
201708,117624,707370,1,2.14,W,CASTLEWOOD CANYON STATE PARK,39.34,-104.8,3920400,10448000
201708,117624,707371,1,0,N,HUGO,39.13,-103.47,397800,10328200
201708,117624,707373,1,7.87,SE,MATHESON,39.08,-103.89,394800,10353400
201708,117624,707374,1,9.83,NE,KUTCH,39,-103.74,3900,10344400
201708,117624,707375,1,5.25,NE,PUNKIN CENTER,38.96,-103.64,3857600,10338400
201708,117628,707382,1,5.33,E,NIWOT,40.09,-105.07,405400,1054200
201708,117628,707383,1,13.11,ENE,(DEN)DENVER INTL ARP,39.87,-104.67,3952200,10440200
201708,117655,707481,1,1.25,W,TURKEY,34.3972,-100.9017,3423832,10054102
201708,117655,707481,2,1.52,SW,TURKEY,34.3868,-100.9014,3423208,10054084
201708,117655,707481,3,0.81,SSW,TURKEY,34.3901,-100.8876,3423406,10053256
201708,117655,707481,4,0.44,W,TURKEY,34.3988,-100.8875,3423928,10053250
201708,117655,707482,1,1.33,WSW,TURKEY,34.39,-100.9,3423400,10054000
201708,117655,707483,1,0.79,W,TURKEY,34.3979,-100.8936,3423874,10053616
201708,117655,707483,2,1.03,SW,TURKEY,34.3892,-100.8926,3423352,10053556
201708,117655,707484,1,0.82,SW,TURKEY,34.3925,-100.8912,3423550,10053472
201708,117667,707546,1,0.34,NW,LONGVIEW EASTSIDE AR,32.504,-94.7034,3230240,9442204
201708,117672,707587,1,0.19,ENE,BEULAH,38.0811,-104.9768,384866,10458608
201708,117672,707587,2,0.7,E,BEULAH,38.0807,-104.9672,384842,10458032
201708,117672,707587,3,1.06,ESE,BEULAH,38.0736,-104.9624,384416,10457744
201708,117672,707587,4,0.9,ESE,BEULAH,38.0738,-104.9654,384428,10457924
201708,117685,707681,1,17.94,N,WESTWATER ARPT,39.478,-109.1618,3928680,1099708
201708,117685,707681,2,4.35,N,WESTWATER ARPT,39.2819,-109.2145,3916914,10912870
201708,117685,707681,3,0.79,ENE,WESTWATER,39.0861,-109.1074,395166,1096444
201708,117685,707681,4,1.23,SW,WESTWATER,39.0654,-109.1331,393924,1097986
201708,117685,707681,5,3.99,SSW,WESTWATER ARPT,39.1638,-109.2173,399828,10913038
201708,117685,707681,6,5.98,WNW,WESTWATER ARPT,39.2672,-109.2938,3916032,10917628
201708,117685,707681,7,16.12,NNW,WESTWATER ARPT,39.421,-109.3532,3925260,10921192
201708,117686,707684,1,8.77,NE,RICO,37.7838,-107.9374,3747028,10756244
201708,117688,707699,1,13.7,WNW,RIO BLANCO,39.8281,-108.1863,3949686,10811178
201708,117688,707699,2,13.53,WNW,RIO BLANCO,39.8265,-108.1837,3949590,10811022
201708,117688,707699,3,13.38,WNW,RIO BLANCO,39.8197,-108.1859,3949182,10811154
201708,117688,707699,4,9.34,WNW,RIO BLANCO,39.7699,-108.1334,3946194,1088004
201708,117688,707699,5,8.83,W,RIO BLANCO,39.7033,-108.1347,3942198,1088082
201708,117688,707699,6,14.41,W,RIO BLANCO,39.728,-108.2409,3943680,10814454
201708,117702,707780,1,2,S,WHITE BUTTE,45.9111,-102.36,4554666,10221600
201708,117702,707781,1,5,N,MEADOW,45.6024,-102.22,4536144,10213200
201708,117702,707782,1,5,N,MEADOW,45.6024,-102.22,4536144,10213200
201708,117702,714945,1,1.68,SW,SHADEHILL,45.75,-102.2,4545000,10212000
201708,117703,707788,1,8.31,NNW,MOSHER,43.5811,-100.3635,4334866,10021810
201708,117703,707789,1,6,E,CARTER,43.38,-100.0805,4322800,1004830
201708,117703,707790,1,6,E,CARTER,43.38,-100.0805,4322800,1004830
201708,117703,707791,1,8.06,E,CLEARFIELD,43.17,-99.87,4310200,9952200
201708,117703,707793,1,8.06,E,CLEARFIELD,43.17,-99.87,4310200,9952200
201708,117704,707798,1,8.17,W,LODGEPOLE,45.7907,-102.839,4547442,10250340
201708,117706,707804,1,10.89,NNE,WOOD,43.64,-100.38,4338400,10022800
201708,117706,707805,1,6.51,NW,WITTEN,43.49,-100.18,4329400,10010800
201708,117706,707806,1,8.17,NW,WITTEN,43.51,-100.2,4330600,10012000
201708,117706,707809,1,4.27,NNE,WITTEN,43.49,-100.06,4329400,1003600
201708,117706,707810,1,4.27,NNE,WITTEN,43.49,-100.06,4329400,1003600
201708,117706,707811,1,4,SSE,WITTEN,43.3765,-100.0495,4322590,1002970
201708,117706,707813,1,4.56,E,WITTEN,43.4298,-99.9892,4325788,9959352
201708,117706,707817,1,0,N,WINNER,43.37,-99.87,4322200,9952200
201708,117706,707820,1,3,W,COLOME,43.25,-99.7796,4315000,9946776
201708,117706,707821,1,6.71,SSE,COLOME,43.16,-99.67,439600,9940200
201708,117708,707842,1,2.63,SE,KINGSTON,43.391,-83.146,4323460,838760
201708,117708,707842,2,4.17,E,KINGSTON,43.4175,-83.097,4325050,835820
201708,117713,707844,1,1.48,NNW,ROCK WAY,39.95,-83.89,3957000,8353400
201708,117713,707846,1,0,N,LINCOLN HGTS,39.23,-84.47,3913800,8428200
201708,117714,707845,1,10.97,ESE,BUFFALO,45.52,-103.34,4531200,10320400
201708,117714,707847,1,7.59,SE,REVA,45.46,-102.99,4527600,10259400
201708,117714,707849,1,8.64,SSE,SORUM,45.33,-102.88,4519800,10252800
201708,117716,707853,1,4,S,WHITE BUTTE,45.8821,-102.36,4552926,10221600
201708,117718,707855,1,1,NW,PIEDMONT,44.2402,-103.4043,4414412,10324258
201708,117718,707856,1,5.59,NW,NEMO,44.2501,-103.5757,4415006,10334542
201708,117718,707857,1,4.83,NW,NEMO,44.23,-103.58,4413800,10334800
201708,117718,707858,1,4,N,NEMO,44.2479,-103.5,4414874,10330000
201708,117718,707859,1,1,NW,PIEDMONT,44.2402,-103.4043,4414412,10324258
201708,117718,707861,1,0.61,SE,PIEDMONT,44.2244,-103.3806,4413464,10322836
201708,117718,717451,1,0.73,SE,PIEDMONT,44.2241,-103.3778,4413446,10322668
201708,117718,718210,1,0,N,PIEDMONT,44.23,-103.39,4413800,10323400
201708,118737,713290,1,0.9,NE,PORTLAND,33.24,-91.51,3314400,9130600
201708,118737,713290,2,0.35,NE,PORTLAND,33.2336,-91.5158,3314016,9130948
201708,118737,713290,3,1.26,E,PORTLAND,33.2307,-91.4983,3313842,9129898
201708,118737,713290,4,1.68,NE,PORTLAND,33.2439,-91.496,3314634,9129760
201708,118739,713296,1,1.86,WSW,CENTERVILLE,33.44,-90.06,3326400,903600
201708,118739,713299,1,1.31,NNW,BALLASTON,33.7977,-90.538,3347862,9032280
201708,118739,713299,2,1.12,WNW,DREW,33.8265,-90.5479,3349590,9032874
201708,118739,713299,3,2.25,NNW,BROOKS,33.83,-90.4855,3349800,9029130
201708,118739,713299,4,1.33,NNE,DREW RULEVILLE ARPT,33.7976,-90.5105,3347856,9030630
201708,118739,713301,1,0,N,GREENVILLE,33.4,-91.05,3324000,913000
201708,118739,713301,2,0.83,S,GREENVILLE,33.388,-91.0511,3323280,913066
201708,118739,713301,3,0.67,NNW,GREENVILLE FAIRFLD A,33.3893,-91.0231,3323358,911386
201708,118739,713301,4,1.54,E,GREENVILLE,33.4042,-91.0238,3324252,911428
201708,118739,713302,1,2.4,WNW,KINCAID,33.76,-89.69,3345600,8941400
201708,118739,713303,1,0.9,NW,FUTHEYVILLE,33.79,-89.79,3347400,8947400
201708,118739,713303,2,1.42,SSE,FUTHEYVILLE,33.7615,-89.7693,3345690,8946158
201708,118739,713303,3,1.56,S,GRENADA,33.7575,-89.8229,3345450,8949374
201708,118739,713303,4,0.6,NNW,GRENADA,33.7883,-89.8229,3347298,8949374
201708,118739,713304,1,2.95,N,OXBERRY,33.8227,-90.0302,3349362,901812
201708,118739,713304,2,1.19,SSW,DUNCANS CROSSING,33.7347,-90.0096,3344082,90576
201708,118739,713304,3,1.65,SSE,GORE SPGS,33.7268,-89.6127,3343608,8936762
201708,118739,713304,4,0.68,WNW,GRAYSPORT,33.8044,-89.6306,3348264,8937836
201708,118741,713305,1,0.71,W,DERMOTT,33.5188,-91.4423,3331128,9126538
201708,118741,713305,2,0.39,E,DERMOTT,33.5207,-91.4232,3331242,9125392
201708,118741,713305,3,1.14,N,DERMOTT,33.5363,-91.4274,3332178,9125644
201708,118741,713305,4,1.47,NNW,DERMOTT,33.5383,-91.443,3332298,9126580
201708,118741,713306,1,1.1,SSW,PORTLAND,33.2163,-91.5299,3312978,9131794
201708,118741,713306,2,1.66,E,PORTLAND,33.2258,-91.4917,3313548,9129502
201708,118741,713306,3,1.62,ENE,PORTLAND,33.2419,-91.4959,3314514,9129754
201708,118741,713306,4,0.82,N,PORTLAND,33.2416,-91.5226,3314496,9131356
201708,118741,713307,1,2.41,ESE,ASHTON,33.3053,-91.3122,3318318,9118732
201708,118741,713307,2,0.95,NW,MYRTLE GROVE,33.3085,-91.283,3318510,9116980
201708,118741,713307,3,0.83,N,LAKE VLG,33.342,-91.2806,3320520,9116836
201708,118741,713307,4,1.49,NW,LAKE VLG,33.3426,-91.3009,3320556,9118054
201708,118743,713309,1,0.78,ENE,(PIB)PINE BELT RGNL,31.4742,-89.3177,3128452,8919062
201708,118743,713309,2,0.28,NE,(PIB)PINE BELT RGNL,31.4733,-89.3273,3128398,8919638
201708,118743,713309,3,1.05,S,(PIB)PINE BELT RGNL,31.455,-89.3266,3127300,8919596
201708,118743,713309,4,1.25,SE,(PIB)PINE BELT RGNL,31.4577,-89.3144,3127462,8918864
201708,118743,713310,1,1.41,WNW,GLENDALE,31.3803,-89.3206,3122818,8919236
201708,118743,713310,2,1.87,SSE,EATONVILLE,31.3972,-89.313,3123832,8918780
201708,118743,713310,3,1.42,SSE,EATONVILLE,31.4,-89.3247,3124000,8919482
201708,118743,713310,4,1.67,NE,MAMMOTH SPGS,31.385,-89.3278,3123100,8919668
201708,118743,713311,1,2.65,SSW,BONITA,32.3347,-88.6875,3220082,8841250
201708,118745,713312,1,0.52,W,COLUMBIA,31.2503,-89.8388,3115018,8950328
201708,118745,713312,2,0.95,E,COLUMBIA,31.2505,-89.8139,3115030,8948834
201708,118745,713312,3,1.4,NE,COLUMBIA,31.2654,-89.8146,3115924,8948876
201708,118745,713312,4,1.12,NNW,COLUMBIA,31.2654,-89.8361,3115924,8950166
201708,118746,713314,1,4.18,S,TATUMS CAMPS,31.1606,-89.5365,319636,8932190
201708,118746,713314,2,2.48,SSE,TATUMS CAMPS,31.1853,-89.5392,3111118,8932352
201708,118746,713315,1,0.27,S,PETAL,31.3462,-89.2692,3120772,8916152
201708,118746,713315,2,1,N,PETAL,31.3644,-89.2713,3121864,8916278
201708,118746,713316,1,1.48,WSW,TERRELL,31.5687,-89.7513,3134122,8945078
201708,118746,713316,2,1.38,WNW,TERRELL,31.5842,-89.7529,3135052,8945174
201708,118746,713318,1,3.27,ENE,BAXTERVILLE,31.1,-89.55,316000,8933000
201708,118746,713323,1,3.88,SSW,OAK GROVE,31.23,-89.45,3113800,8927000
201708,118746,713323,2,4.44,SW,OAK GROVE,31.2293,-89.4661,3113758,8927966
201708,118746,713323,3,4.43,SSW,OAK GROVE,31.2243,-89.4572,3113458,8927432
201708,118746,713323,4,4.19,SSW,OAK GROVE,31.2247,-89.4491,3113482,8926946
201708,118746,713326,1,1.84,S,MC CRARY,33.4436,-88.3045,3326616,8818270
201708,118746,713327,1,3.43,S,WELLS,33.551,-88.39,3333060,8823400
201708,118746,713328,1,3.5,NNW,FLYNN,33.5778,-88.47,3334668,8828200
201708,118749,713325,1,0.54,WSW,DERMOTT,33.5161,-91.4381,3330966,9126286
201708,118749,713325,2,0.64,SW,DERMOTT,33.514,-91.4385,3330840,9126310
201708,118749,713325,3,0.77,WSW,DERMOTT,33.5141,-91.4413,3330846,9126478
201708,118749,713325,4,0.66,WSW,DERMOTT,33.516,-91.4405,3330960,9126430
201708,118755,713342,1,7.94,NNW,FT MCDOWELL,33.74,-111.72,3344400,11143200
201708,118755,713343,1,4.98,N,FT MCDOWELL,33.7016,-111.6705,3342096,11140230
201708,118755,713343,2,7.5,NE,SCOTTSDALE MUNI,33.7016,-111.834,3342096,11150040
201708,118755,713343,3,6.88,ESE,CAVE CREEK,33.8101,-111.8326,3348606,11149956
201708,118755,713343,4,10.57,WSW,SUNFLOWER,33.8089,-111.639,3348534,11138340
201708,118756,713369,1,1.75,E,TOLLESON,33.4487,-112.2398,3326922,11214388
201708,118756,713369,2,0.32,E,FOWLER,33.4504,-112.1944,3327024,11211664
201708,118756,713369,3,1.55,N,FOWLER,33.4724,-112.1986,3328344,11211916
201708,118756,713369,4,1.84,S,WEST END,33.4739,-112.2442,3328434,11214652
201708,118756,713371,1,1.13,W,GLENDALE,33.5271,-112.1993,3331626,11211958
201708,118756,713371,2,2,SE,PEORIA,33.5283,-112.2271,3331698,11213626
201708,118756,713371,3,0.86,SW,GLENDALE MUNI ARPT,33.5609,-112.2302,3333654,11213812
201708,118756,713371,4,1.76,ESE,GLENDALE MUNI ARPT,33.558,-112.1931,3333480,11211586
201708,118756,713379,1,4.3,NW,BEARDSLEY,33.7127,-112.4344,3342762,11226064
201708,118756,713379,2,3.32,NNW,BEARDSLEY,33.7142,-112.4027,3342852,11224162
201708,118756,713379,3,4.27,NNW,BEARDSLEY,33.7289,-112.4023,3343734,11224138
201708,118756,713379,4,5.29,NW,BEARDSLEY,33.7326,-112.4329,3343956,11225974
201708,118756,713384,1,1.77,S,BEARDSLEY,33.6445,-112.3819,3338670,11222914
201708,118756,713384,2,1.6,NW,WEBB,33.569,-112.386,3334140,11223160
201708,118756,713384,3,2.17,W,FENNEMORE,33.5706,-112.4677,3334236,11228062
201708,118756,713384,4,2.54,NW,WADDELL,33.6478,-112.4588,3338868,11227528
201708,118756,713393,1,1.48,NW,WEST CHANDLER,33.3161,-111.967,3318966,11158020
201708,118756,713393,2,1.96,NW,WEST CHANDLER,33.3168,-111.9774,3319008,11158644
201708,118756,713393,3,2.31,NW,WEST CHANDLER,33.3252,-111.9764,3319512,11158584
201708,118756,713393,4,2.06,NNW,WEST CHANDLER,33.3262,-111.9668,3319572,11158008
201708,118756,713400,1,3.06,SE,MOBILE,33.0168,-112.235,331008,11214100
201708,118756,713400,2,2.99,NNE,MOBILE,33.0871,-112.2432,335226,11214592
201708,118756,713400,3,3.88,NNE,SHAWMUT,33.0468,-112.4629,332808,11227774
201708,118756,713400,4,2.93,SSW,ESTRELLA,32.9604,-112.4382,3257624,11226292
201708,118761,713484,1,1.36,W,NORTH HEATH,42.6967,-72.8564,4241802,7251384
201708,118761,713484,2,1.27,WSW,HEATH,42.6638,-72.8536,4239828,7251216
201708,118761,713484,3,0.91,WSW,HEATH,42.665,-72.8466,4239900,7250796
201708,118761,713484,4,1.03,NNW,HEATH,42.6837,-72.838,4241022,7250280
201708,118761,713484,5,0.99,WSW,NORTH HEATH,42.6927,-72.8469,4241562,7250814
201708,118761,713486,1,0.37,S,ROWE,42.6947,-72.8991,4241682,7253946
201708,118761,713488,1,0.22,SW,COLRAIN,42.6674,-72.6825,4240044,7240950
201708,118761,713490,1,0.91,WSW,LEYDEN,42.6928,-72.6349,4241568,7238094
201708,118766,713494,1,1.02,E,BAY STATE,42.3272,-72.6504,4219632,7239024
201708,118766,713494,2,0.19,NNW,NORTHMPTN LAFLEUR AR,42.3325,-72.6214,4219950,7237284
201708,118766,713495,1,0.75,ESE,BAY STATE,42.3268,-72.6559,4219608,7239354
201708,118766,713495,2,0.31,SSW,NORTHAMPTON,42.3156,-72.6316,4218936,7237896
201708,118766,713495,3,0.31,N,NORTHAMPTON,42.3245,-72.6297,4219470,7237782
201708,118766,713495,4,1.16,NW,NORTHAMPTON,42.3327,-72.6448,4219962,7238688
201708,118769,713514,1,1.38,ESE,NORTH EASTHAM,41.8595,-69.9571,4151570,6957426
201708,118769,713514,2,0.42,NW,CAMPGROUND LNDG,41.8539,-70.0062,4151234,70372
201708,118769,713514,3,0.9,SW,EASTHAM,41.8218,-69.9835,4149308,6959010
201708,118769,713514,4,0.75,NNE,EASTHAM,41.8402,-69.9647,4150412,6957882
201708,119754,718220,1,1.48,SSE,EDGECLIFF,40.58,-79.71,4034800,7942600
201708,119754,718221,1,1.05,W,WEST FORD CITY,40.77,-79.57,4046200,7934200
201708,119754,718223,1,0,N,CRANBERRY,41.35,-79.72,4121000,7943200
201708,119754,718224,1,0.9,NE,PRESIDENT,41.4603,-79.5592,4127618,7933552
201708,119754,718228,1,0.86,NW,CLARION,41.23,-79.41,4113800,7924600
201708,119754,718229,1,0.69,S,BROOKVILLE,41.16,-79.08,419600,794800
201708,119754,718230,1,1.64,W,BROOKVILLE,41.1741,-79.1111,4110446,796666
201708,119754,718237,1,0.69,S,ELLWOOD CITY,40.86,-80.28,4051600,8016800
201708,119754,718238,1,2.15,SW,PORTERSVILLE,40.908,-80.159,4054480,809540
201708,119754,718239,1,0.87,SE,POLAND MINES,39.76,-79.94,3945600,7956400
201708,119754,718240,1,1.25,WSW,WINDWARD HGTS,40.89,-79.9,4053400,7954000
201708,119754,718241,1,0.69,S,BROOKVILLE,41.16,-79.08,419600,794800
201708,119754,718242,1,0.87,SE,WORTHVILLE,41.02,-79.14,411200,798400
201708,119754,718243,1,1.38,S,BROOKVILLE,41.15,-79.08,419000,794800
201708,119754,718244,1,0.87,SE,CHURCHILL,40.42,-79.79,4025200,7947400
201708,119754,718245,1,1.7,WNW,MAYSVILLE,41.41,-80.48,4124600,8028800
201708,119754,718246,1,0.69,S,ARNOLA,40.57,-79.75,4034200,7945000
201708,119754,718248,1,0.52,E,BROCKWAY,41.25,-78.79,4115000,7847400
201708,119754,718250,1,0.87,SE,REYNOLDSVILLE,41.09,-78.89,415400,7853400
201708,119754,719666,1,1.8,WSW,NINEVEH,39.9416,-80.3621,3956496,8021726
201708,119754,719667,1,0.53,E,BURGETTSTOWN,40.38,-80.39,4022800,8023400
201708,119754,719668,1,0,N,SIGEL,41.28,-79.12,4116800,797200
201708,119756,718174,1,0.53,W,STOP,39.97,-81.56,3958200,8133600
201708,119756,718176,1,0,N,MIDDLEBOURNE,40.05,-81.33,403000,8119800
201708,119756,718178,1,0,N,ANTRIM,40.12,-81.35,407200,8121000
201708,119756,718186,1,1.74,NW,SHADYSIDE,39.99,-80.77,3959400,8046200
201708,119756,718232,1,2.32,SSW,CARROLLTON PRSNS ARP,40.62,-81.09,4037200,815400
201708,119756,718233,1,0.69,N,PATTERSONVILLE,40.69,-81.05,4041400,813000
201708,119756,718234,1,1.25,WNW,ELKTON,40.78,-80.7,4046800,8042000
201708,119756,718235,1,1.57,W,MIDDLETON,40.83,-80.68,4049800,8040800
201708,119756,718236,1,2.62,E,MECHANICSTOWN,40.62,-80.9,4037200,8054000
201708,119756,718252,1,0,N,MARTINS FERRY,40.1,-80.72,406000,8043200
201708,119760,718189,1,0.69,S,BENWOOD,40.01,-80.73,40600,8043800
201708,119760,718190,1,0.87,NE,ELM GROVE,40.06,-80.66,403600,8039600
201708,119760,718191,1,1.26,ENE,WHEELING,40.08,-80.7,404800,8042000
201708,119760,718192,1,1.26,ESE,WILSON,40.16,-80.66,409600,8039600
201708,119760,718194,1,0,N,COLLIERS,40.37,-80.53,4022200,8031800
201708,119760,718231,1,0,N,AURORA,39.32,-79.55,3919200,7933000
201708,119764,718253,1,0.74,N,TERRELL,32.7406,-96.2818,3244436,9616908
201708,119764,718253,2,0.89,NE,TERRELL,32.7403,-96.2708,3244418,9616248
201708,119764,718253,3,0.47,E,TERRELL,32.7303,-96.2719,3243818,9616314
201708,119764,718253,4,0.24,NW,TERRELL,32.7328,-96.2825,3243968,9616950
201708,119764,718254,1,1.2,N,ETHEL,33.5473,-96.8488,3332838,9650928
201708,119764,718254,2,1.29,NNE,ETHEL,33.547,-96.8409,3332820,9650454
201708,119764,718254,3,0.91,NE,ETHEL,33.5408,-96.8409,3332448,9650454
201708,119764,718254,4,0.77,NNE,ETHEL,33.5409,-96.8473,3332454,9650838
201708,119764,718259,1,2.74,S,SADLER,33.6407,-96.8441,3338442,9650646
201708,119764,718259,2,1.54,NNE,COLLINSVILLE,33.5903,-96.9089,3335418,9654534
201708,119764,718259,3,1.55,N,COLLINSVILLE,33.5924,-96.9221,3335544,9655326
201708,119764,718259,4,2.29,SSE,WHITESBORO,33.6219,-96.8989,3337314,9653934
201708,119764,718259,5,2.53,SSW,SADLER,33.6449,-96.8628,3338694,9651768
201708,119764,718260,1,1.58,SSW,MINGO,33.2306,-97.0844,3313836,975064
201708,119764,718260,2,1.41,SSW,MINGO,33.2309,-97.0785,3313854,974710
201708,119764,718260,3,1.7,SSW,MINGO,33.2262,-97.0773,3313572,974638
201708,119764,718260,4,1.8,SSW,MINGO,33.227,-97.0846,3313620,975076
201708,119764,718261,1,1.56,S,MESQUITE,32.7474,-96.6008,3244844,9636048
201708,119764,718261,2,1.83,S,MESQUITE,32.7436,-96.5972,3244616,9635832
201708,119764,718261,3,1.9,WNW,MESQUITE COLE ARPT,32.7425,-96.599,3244550,9635940
201708,119764,718261,4,1.6,S,MESQUITE,32.747,-96.6036,3244820,9636216
201708,119764,718262,1,0.3,WSW,BRIGGS,32.7491,-96.755,3244946,9645300
201708,119764,718262,2,0.09,SSW,BRIGGS,32.7489,-96.7508,3244934,9645048
201708,119764,718262,3,0.49,S,BRIGGS,32.7429,-96.7504,3244574,9645024
201708,119764,718262,4,0.55,SW,BRIGGS,32.7435,-96.7553,3244610,9645318
201708,119764,718263,1,0,N,LAVON,33.03,-96.43,331800,9625800
201708,119764,718263,2,0.88,SW,LAVON,33.0199,-96.4394,331194,9626364
201708,119764,718263,3,1.28,WSW,LAVON,33.0235,-96.4506,331410,9627036
201708,119764,718263,4,0.6,W,LAVON,33.0293,-96.4403,331758,9626418
201708,119764,718264,1,1.16,E,LAKE LAVON,33.1,-96.45,336000,9627000
201708,119764,718264,2,1.79,NE,COPEVILLE,33.0996,-96.3999,335976,9623994
201708,119764,718264,3,1.5,NE,LAVON,33.0454,-96.4117,332724,9624702
201708,119764,718264,4,0.71,NW,LAVON,33.0358,-96.4401,332148,9626406
201708,119764,718265,1,1.9,SSW,MERIT,33.1933,-96.2878,3311598,9617268
201708,119764,718265,2,1.99,SSE,MERIT,33.1923,-96.2705,3311538,9616230
201708,119764,718265,3,2.1,NNW,FLOYD,33.1779,-96.2641,3310674,9615846
201708,119764,718265,4,2.95,NW,FLOYD,33.1755,-96.2909,3310530,9617454
201708,119768,718268,1,8.94,SSE,WILLOW CANYON,32.2564,-110.6546,3215384,11039276
201708,119768,718268,2,8.99,SSE,WILLOW CANYON,32.2562,-110.6528,3215372,11039168
201708,119768,718268,3,9.16,SSE,WILLOW CANYON,32.2521,-110.6589,3215126,11039534
201708,119768,718268,4,9.04,SSE,WILLOW CANYON,32.2539,-110.6591,3215234,11039546
201708,119770,718273,1,2.07,N,LINCOLN,40.83,-96.67,4049800,9640200
201708,119770,718274,1,4.88,SSE,CRESTON,41.64,-97.32,4138400,9719200
201708,119770,718301,1,1.71,ESE,WEST LINCOLN,40.82,-96.69,4049200,9641400
201708,119771,718272,1,2.91,S,TUSCON MARANA NW AIRPORT,32.378,-111.2187,3222680,11113122
201708,119771,718272,2,5.87,SW,TUSCON MARANA NW AIRPORT,32.3693,-111.3008,3222158,11118048
201708,119771,718272,3,5.08,WSW,TUSCON MARANA NW AIRPORT,32.4035,-111.3049,3224210,11118294
201708,119771,718272,4,0.89,S,TUSCON MARANA NW AIRPORT,32.4072,-111.2222,3224432,11113332
201708,119773,718277,1,3.47,WNW,TUCSON,32.2567,-110.9802,3215402,11058812
201708,119773,718277,2,3.68,WNW,TUCSON,32.2574,-110.984,3215444,11059040
201708,119773,719567,1,7.39,WSW,TUSCON MARANA NW AIRPORT,32.3847,-111.3396,3223082,11120376
201708,119773,719567,2,5.58,WSW,TUSCON MARANA NW AIRPORT,32.3904,-111.309,3223424,11118540
201708,119773,719567,3,5.2,W,TUSCON MARANA NW AIRPORT,32.4284,-111.3087,3225704,11118522
201708,119773,719567,4,6.59,W,TUSCON MARANA NW AIRPORT,32.4265,-111.3327,3225590,11119962
201708,119777,718279,1,0,N,NIOBRARA,42.75,-98.03,4245000,981800
201708,119777,718280,1,0.86,SW,CENTER,42.61,-97.88,4236600,9752800
201708,119778,718302,1,4.2,NE,(DMA)DAVIS MONTHAN A,32.2192,-110.838,3213152,11050280
201708,119778,718302,2,3.58,SSW,SABINO,32.2513,-110.8409,3215078,11050454
201708,119778,718398,1,0.23,ENE,NOGALES,31.3516,-110.9266,3121096,11055596
201708,119778,718398,2,0.2,ENE,NOGALES,31.3515,-110.9271,3121090,11055626
201708,119778,718398,3,0.31,NNE,NOGALES,31.3542,-110.9281,3121252,11055686
201708,119778,718398,4,0.5,N,NOGALES,31.3573,-110.9301,3121438,11055806
201708,119778,718398,5,1.46,N,NOGALES,31.3712,-110.9314,3122272,11055884
201708,119778,718398,6,1.49,N,NOGALES,31.3715,-110.9304,3122290,11055824
201708,119778,719586,1,0.66,ESE,CASAS ADOBES,32.3157,-110.9698,3218942,11058188
201708,119779,718281,1,0.69,N,COLERIDGE,42.51,-97.2,4230600,9712000
201708,119779,718282,1,0.69,N,COLERIDGE,42.51,-97.2,4230600,9712000
201708,119779,718283,1,0.69,N,WAYNE ARPT,42.24,-96.98,4214400,9658800
201708,119783,718287,1,1.73,ESE,SALEM,40.07,-95.69,404200,9541400
201708,119786,718293,1,1.53,E,VERDIGRE,42.6,-98,4236000,9800
201708,119787,718296,1,0.51,W,FORDYCE,42.7,-97.36,4242000,9721600
201708,119787,718297,1,3.78,SSE,BOW VLY,42.67,-97.2,4240200,9712000
201708,119789,718316,1,2.31,SSW,CREIGHTON,42.44,-97.9,4226400,9754000
201708,119789,718316,2,3.36,S,CREIGHTON,42.4215,-97.883,4225290,9752980
201708,119789,718316,3,4.92,S,CREIGHTON,42.3989,-97.8841,4223934,9753046
201708,120166,719989,4,2.26,W,OAKWOOD,42.4337,-83.514,4226022,8330840
201708,120166,719990,1,1.24,WNW,DISCO,42.6837,-83.0539,4241022,833234
201708,120166,719990,2,1.25,W,NEW BALTIMORE,42.682,-82.7545,4240920,8245270
201708,120166,719990,3,1.37,SW,ST CLAIR SHRS,42.464,-82.886,4227840,8253160
201708,120166,719990,4,1.24,W,VAN DYKE,42.4468,-83.0439,4226808,832634
201708,120166,719991,1,0.79,N,SOUTHGATE,42.2815,-83.0992,4216890,835952
201708,120166,719991,2,0.92,WSW,WAYNE,42.2662,-83.3972,4215972,8323832
201708,120166,719991,3,1.5,WNW,NORTHVILLE,42.4354,-83.5085,4226124,8330510
201708,120166,719991,4,0.7,NNW,GROSSE PT SHRS,42.4388,-82.8767,4226328,8252602
201708,120168,720011,1,4.68,W,BREWSTER,41.94,-99.96,4156400,9957600
201708,120168,720012,1,1.47,SSW,BREWSTER,41.91,-99.88,4154600,9952800
201708,120168,720013,1,5.73,SSW,ROSE,42.13,-99.53,427800,9931800
201708,120168,720016,1,4.68,W,ALMERIA,41.84,-99.61,4150400,9936600
201708,120168,720017,1,3.09,W,TAYLOR,41.77,-99.44,4146200,9926400
201708,120168,720018,1,7.56,NW,SARGENT,41.71,-99.47,4142600,9928200
201708,120168,720019,1,2.68,WNW,COMSTOCK,41.56,-99.3,4133600,9918000
201708,120168,720020,1,0.69,N,SARGENT,41.64,-99.37,4138400,9922200
201708,120168,720020,2,0.62,NNE,SARGENT,41.6386,-99.3663,4138316,9921978
201708,120168,720020,3,0.64,NNW,SARGENT,41.6383,-99.3755,4138298,9922530
201708,120168,720020,4,0.76,NNW,SARGENT,41.6403,-99.3752,4138418,9922512
201708,120168,720025,1,9.98,NW,ALMERIA,41.93,-99.66,4155800,9939600
201708,120168,720026,1,4.96,NW,ALMERIA,41.87,-99.6,4152200,9936000
201708,120168,720026,2,3.09,W,ALMERIA,41.83,-99.58,4149800,9934800
201708,120168,720027,1,4.54,NW,ALMERIA,41.87,-99.59,4152200,9935400
201708,120168,720027,2,4.16,WNW,ALMERIA,41.86,-99.59,4151600,9935400
201708,120168,720030,1,3.12,W,ALMERIA,41.8294,-99.5806,4149764,9934836
201708,120168,720030,2,3.36,W,ALMERIA,41.8242,-99.5849,4149452,9935094
201708,120168,720031,1,3.67,W,ALMERIA,41.84,-99.59,4150400,9935400
201708,120168,720032,1,7.56,NW,SARGENT,41.71,-99.47,4142600,9928200
201708,120168,720033,1,0.25,W,ALMERIA,41.83,-99.5249,4149800,9931494
201708,120180,720129,1,1.94,WNW,WALDEN,32.7145,-83.6986,3242870,8341916
201708,120180,720129,2,1.24,SW,RUTLAND,32.7193,-83.6671,3243158,8340026
201708,120180,720146,1,1.39,W,LANIER HGTS,32.8509,-83.674,3251054,8340440
201708,120180,720146,2,1.46,W,LANIER HGTS,32.8503,-83.6751,3251018,8340506
201708,120180,720146,3,1.43,W,LANIER HGTS,32.8499,-83.6746,3250994,8340476
201708,120180,720146,4,1.39,W,LANIER HGTS,32.8507,-83.6739,3251042,8340434
201708,120181,720131,1,0,N,FARMVILLE,34.45,-84.83,3427000,8449800
201708,120181,720131,2,0.56,W,RANGER,34.5011,-84.7098,3430066,8442588
201708,120182,720132,1,0.29,W,CANOOCHEE,32.6702,-82.185,3240212,8211100
201708,120182,720132,2,2.08,E,TWIN CITY,32.578,-82.1343,3234680,828058
201708,120182,720149,1,2.63,SSE,SANDY SPGS,33.8859,-84.3595,3353154,8421570
201708,120182,720149,2,2.63,SSE,SANDY SPGS,33.8861,-84.3594,3353166,8421564
201708,120182,720149,3,2.64,SSE,SANDY SPGS,33.886,-84.3591,3353160,8421546
201708,120182,720149,4,2.64,SSE,SANDY SPGS,33.8858,-84.3592,3353148,8421552
201708,120182,720151,1,4.11,SSW,SANDY SPGS,33.8639,-84.404,3351834,8424240
201708,120182,720151,2,4.13,SSW,SANDY SPGS,33.8638,-84.4048,3351828,8424288
201708,120182,720151,3,4.14,SSW,SANDY SPGS,33.8636,-84.4047,3351816,8424282
201708,120182,720151,4,4.12,SSW,SANDY SPGS,33.8638,-84.404,3351828,8424240
201708,120182,720152,1,0.43,ENE,UNDERWOOD,33.1222,-83.113,337332,836780
201708,120182,720152,2,0.46,ENE,UNDERWOOD,33.1224,-83.1125,337344,836750
201708,120182,720152,3,0.47,ENE,UNDERWOOD,33.1221,-83.1123,337326,836738
201708,120182,720152,4,0.44,ENE,UNDERWOOD,33.1219,-83.1127,337314,836762
201708,120183,720133,1,3.24,SSW,FIELDS,32.2244,-83.9931,3213464,8359586
201708,120183,720133,2,0.55,SSE,SPALDING,32.2729,-83.9956,3216374,8359736
201708,120183,720135,1,1.63,W,NEAL,32.4329,-83.8077,3225974,8348462
201708,120183,720749,1,0.78,WSW,HEARD,32.5255,-83.6923,3231530,8341538
201708,120183,720751,1,0.42,SSE,BONAIRE,32.5442,-83.5977,3232652,8335862
201708,120183,720753,1,0.96,N,BARRINGTON,32.5938,-83.6984,3235628,8341904
201708,120186,720157,1,1.49,SSE,KIBBEE,32.261,-82.5079,3215660,8230474
201708,120186,720157,2,1.54,SSE,KIBBEE,32.2613,-82.5057,3215678,8230342
201708,120186,720157,3,1.95,SSE,KIBBEE,32.2548,-82.505,3215288,8230300
201708,120186,720157,4,1.86,SSE,KIBBEE,32.2551,-82.5077,3215306,8230462
201708,120186,720250,1,2.61,NNW,COPELAND,32.0142,-83.249,32852,8314940
201708,120186,720250,2,2.62,NNW,COPELAND,32.0144,-83.2488,32864,8314928
201708,120186,720250,3,2.59,NNW,COPELAND,32.014,-83.2486,32840,8314916
201708,120186,720250,4,2.6,NNW,COPELAND,32.014,-83.249,32840,8314940
201708,120187,720159,1,0,N,MILBANK,45.22,-96.63,4513200,9637800
201708,120187,720160,1,0.49,W,MILBANK,45.22,-96.64,4513200,9638400
201708,120187,720161,1,1.46,W,MILBANK,45.22,-96.66,4513200,9639600
201708,120187,720162,1,2.81,S,MILBANK ARPT,45.19,-96.56,4511400,9633600
201708,120187,720163,1,3.42,E,ALBEE,45.05,-96.5,453000,9630000
201708,120187,720164,1,0.98,W,TUNERVILLE,44.88,-96.69,4452800,9641400
201708,120187,720165,1,2.55,WSW,MORITZ,44.82,-96.6,4449200,9636000
201708,120187,720166,1,0.49,W,MILBANK,45.22,-96.64,4513200,9638400
201708,120187,720167,1,2.55,WSW,MORITZ,44.82,-96.6,4449200,9636000
201708,120187,720168,1,0.97,W,MILBANK,45.22,-96.65,4513200,9639000
201708,120187,720169,1,0.98,W,TUNERVILLE,44.88,-96.69,4452800,9641400
201708,120188,720170,1,1.74,WNW,PIERRE,44.3796,-100.3625,4422776,10021750
201708,120188,720170,2,0.99,NW,PIERRE,44.3806,-100.3436,4422836,10020616
201708,120188,720170,3,0.72,NE,PIERRE,44.376,-100.3181,4422560,10019086
201708,120188,720170,4,1.46,SE,PIERRE,44.3542,-100.3105,4421252,10018630
201708,120188,720170,5,1.02,SSW,PIERRE,44.3558,-100.3354,4421348,10020124
201708,120188,720170,6,1.19,WSW,PIERRE,44.3638,-100.3524,4421828,10021144
201708,120188,720170,7,1.83,W,PIERRE,44.3743,-100.3665,4422458,10021990
201708,120188,720171,1,0.85,NW,FT PIERRE,44.36,-100.38,4421600,10022800
201708,120188,720171,2,1.79,NNW,FT PIERRE,44.3728,-100.3871,4422368,10023226
201708,120188,720171,3,1.83,NNW,FT PIERRE,44.3759,-100.378,4422554,10022680
201708,120188,720171,4,1.28,N,FT PIERRE,44.3684,-100.373,4422104,10022380
201708,120188,720171,5,0.43,N,FT PIERRE,44.3562,-100.3702,4421372,10022212
201708,120188,720171,6,0.36,SE,FT PIERRE,44.3457,-100.3658,4420742,10021948
201708,120188,720171,7,0.37,SW,FT PIERRE,44.346,-100.375,4420760,10022500
201708,120188,720172,1,7.59,ESE,THATCHER,44.96,-100.8,4457600,10048000
201708,120188,720173,1,5.71,NE,GALLAGHER,44.78,-100.47,4446800,10028200
201708,120188,720174,1,3.99,E,GALLAGHER,44.71,-100.47,4442600,10028200
201708,120188,720175,1,0.98,W,(ATY)WATERTOWN ARPT,44.92,-97.17,4455200,9710200
201708,120188,720176,1,0.85,NW,FT PIERRE,44.36,-100.38,4421600,10022800
201708,120188,720177,1,9.67,NE,MC CLURE,44.16,-100.09,449600,1005400
201708,120188,720178,1,14.89,SE,FT PIERRE,44.22,-100.13,4413200,1007800
201708,120188,720179,1,8.35,S,LYMAN,43.76,-99.75,4345600,9945000
201708,120188,720180,1,8.99,SW,OACOMA,43.71,-99.53,4342600,9931800
201708,120188,720181,1,8.35,S,LYMAN,43.76,-99.75,4345600,9945000
201708,120188,720182,1,10.28,NNE,DRAPER,44.06,-100.46,443600,10027600
201708,120188,720183,1,0.85,NW,VIVIAN,43.93,-100.29,4355800,10017400
201708,120189,720185,1,0.86,SE,PINE MEADOW,41.86,-72.96,4151600,7257600
201708,120190,720186,1,0,N,MOUNTAIN VIEW,37.27,-80.45,3716200,8027000
201708,120191,720187,1,3.15,SSW,FRANKFORT,42.99,-75.1,4259400,756000
201708,120191,720188,1,1.47,NNE,COLUMBIA CENTER,42.95,-75.02,4257000,751200
201708,120192,720189,1,1.12,W,PURLEAR,36.18,-81.3,3610800,8118000
201708,120192,720190,1,0.94,W,MILLERS CREEK,36.1786,-81.2468,3610716,8114808
201708,119859,721360,4,2.79,WSW,BLOOMINGTON,28.6353,-96.9228,2838118,9655368
201708,119906,718723,1,3.29,NW,LIVERMORE,42.9026,-94.2273,4254156,9413638
201708,119906,718727,1,3.28,NNW,HUTCHINS,43.1449,-93.9211,438694,9355266
201708,118972,714605,1,6.54,NNE,ALEXANDER,42.89,-93.43,4253400,9325800
201708,118972,714606,1,3.08,E,NEVADA,42.02,-93.39,421200,9323400
201708,118974,714609,1,2.13,SSE,MANSON,42.5,-94.52,4230000,9431200
201708,118982,714670,1,1.22,SE,EMMETSBURG,43.11,-94.68,436600,9440800
201708,118982,714671,1,0.86,NW,POCAHONTAS,42.74,-94.68,4244400,9440800
201708,118982,714672,1,0.86,SW,POCAHONTAS MUNI ARPT,42.74,-94.66,4244400,9439600
201708,119542,717336,1,0.69,N,ATLANTIC ARPT,41.41,-95.05,4124600,953000
201708,119542,717337,1,1.22,NE,RUTHVEN,43.14,-94.9,438400,9454000
201708,119542,717338,1,0.52,E,ATLANTIC,41.4,-95.01,4124000,95600
201708,119542,717339,1,0,N,ATLANTIC,41.4,-95.02,4124000,951200
201708,119542,717340,1,0.66,SSE,AUDUBON,41.7108,-94.9266,4142648,9455596
201708,119542,717340,3,0.54,NW,AUDUBON ARPT,41.7059,-94.9268,4142354,9455608
201708,119542,717340,4,0.53,NNW,AUDUBON ARPT,41.7069,-94.9245,4142414,9455470
201708,119542,717341,1,0.52,E,GUTHRIE CENTER,41.68,-94.49,4140800,9429400
201708,119542,717342,1,0.69,N,GUTHRIE CENTER,41.69,-94.5,4141400,9430000
201708,119542,717343,1,0.86,NE,DENISON,42.03,-95.34,421800,9520400
201708,119542,717344,1,0.51,W,DENISON,42.02,-95.36,421200,9521600
201708,119542,717345,1,0.69,N,AUDUBON ARPT,41.71,-94.92,4142600,9455200
201708,119542,717346,1,0.52,E,ADAIR,41.5,-94.64,4130000,9438400
201708,119542,717347,1,0.86,NE,MANNING,41.91,-95.06,4154600,953600
201708,119542,717348,1,0.52,E,MASSENA,41.25,-94.77,4115000,9446200
201708,119542,717349,1,2.68,ESE,ANITA MUNI ARPT,41.42,-94.72,4125200,9443200
201708,119542,717351,1,1.72,NE,DENISON,42.04,-95.33,422400,9519800
201708,119542,717352,1,0,N,SCHLESWIG,42.17,-95.43,4210200,9525800
201708,119542,717353,1,1.48,SSE,SHULER MINE,41.61,-93.87,4136600,9352200
201708,119542,717354,1,2.6,ENE,SWEA CITY,43.39,-94.25,4323400,9415000
201708,119542,717355,1,2.14,SSE,SAYDELL,41.64,-93.61,4138400,9336600
201708,119542,717356,1,3.7,NW,WALL LAKE,42.31,-95.16,4218600,959600
201708,119542,717357,1,1.48,NNW,SHULER MINE,41.65,-93.89,4139000,9353400
201708,119542,717358,1,0,N,GUTHRIE CENTER,41.68,-94.5,4140800,9430000
201708,119542,717359,1,0.86,SW,LOVINGTON,41.64,-93.71,4138400,9342600
201708,119542,717360,1,1.55,E,ATLANTIC,41.4,-94.99,4124000,9459400
201708,119542,717362,1,0.52,E,AUDUBON,41.72,-94.92,4143200,9455200
201708,119542,717363,1,2.06,W,HERROLD,41.72,-93.79,4143200,9347400
201708,119542,717364,1,2.37,S,BROOKLYN,41.6959,-92.4452,4141754,9226712
201708,119542,726659,1,2.16,S,NAPIER,41.949,-93.7256,4156940,9343536
201708,119542,726659,2,3.8,SSE,NAPIER,41.9304,-93.6981,4155824,9341886
201708,119542,726660,1,1.65,SW,KELLEY,41.9304,-93.6981,4155824,9341886
201708,119542,726660,2,1.94,S,KELLEY,41.9223,-93.6739,4155338,9340434
201708,119542,726661,1,1.42,NNE,MIDVALE,41.9496,-93.5614,4156976,9333684
201708,119542,726661,2,1.28,ENE,MIDVALE,41.9378,-93.5475,4156268,9332850
201708,119542,717350,1,1.73,NE,ATLANTIC,41.42,-95,4125200,9500
201708,119542,717340,2,0.68,S,AUDUBON,41.7102,-94.9287,4142612,9455722
201708,119542,717361,1,0.86,SW,DES MOINES,41.59,-93.63,4135400,9337800
201708,119753,720873,2,1.48,N,PEARLAND,29.5914,-95.2782,2935484,9516692
201708,119753,720873,3,3.05,NE,ELLINGTON FIELD,29.6249,-95.088,2937494,955280
201708,119753,720873,4,1.7,SE,GREENS BAYOU,29.7305,-95.1828,2943830,9510968
201708,119753,720875,1,2.74,ENE,ALLEYTON,29.7337,-96.4371,2944022,9626226
201708,119753,720875,2,2.9,NW,RAMSEY,29.6821,-96.4311,2940926,9625866
201708,119753,720875,3,4.25,NE,RAMSEY,29.6989,-96.357,2941934,9621420
201708,119753,720875,4,0.75,N,BERNARDO,29.7808,-96.3807,2946848,9622842
201708,119753,720876,1,0.69,WNW,NAVASOTA,30.3855,-96.0897,3023130,965382
201708,119753,720876,2,0.76,SSW,NAVASOTA,30.3696,-96.0844,3022176,965064
201708,119753,720876,3,2.22,ESE,NAVASOTA,30.3736,-96.0435,3022416,962610
201708,119753,720876,4,1.68,NE,NAVASOTA,30.3964,-96.0593,3023784,963558
201708,119753,720880,1,3.56,NE,LISSIE,29.5915,-96.1949,2935490,9611694
201708,119753,720880,2,6.2,ENE,EAST BERNARD,29.5784,-95.993,2934704,9559580
201708,119753,720880,3,6.5,E,DANEVANG,29.0854,-96.1139,295124,966834
201708,119753,720880,4,1.04,WSW,EL CAMPO ARPT,29.2651,-96.3364,2915906,9620184
201708,119753,720882,1,2.26,SW,PLEDGER,29.193,-95.9209,2911580,9555254
201708,119753,720882,2,3.28,SSW,PLEDGER,29.1748,-95.9168,2910488,9555008
201708,119753,720882,3,2.69,S,PLEDGER,29.1814,-95.8947,2910884,9553682
201708,119753,720882,4,1.59,SSW,PLEDGER,29.1976,-95.906,2911856,9554360
201708,119753,720885,1,3.31,SE,TODD MISSION,30.2342,-95.7932,3014052,9547592
201708,119753,720885,2,4.6,SSE,TODD MISSION,30.2103,-95.796,3012618,9547760
201708,119753,720885,3,7,SE,TODD MISSION,30.2094,-95.7361,3012564,9544166
201708,119753,720885,4,6,ESE,TODD MISSION,30.2333,-95.739,3013998,9544340
201708,119753,721080,1,6.75,E,HAWTHORNE,30.5162,-95.3078,3030972,9518468
201708,119753,721080,2,13.97,ENE,RIVERSIDE,30.9142,-95.1965,3054852,9511790
201708,119753,721080,3,6.01,SW,KITTRELL,30.9299,-95.5601,3055794,9533606
201708,119753,721080,4,5.99,S,LOMA,30.5333,-95.7713,3031998,9546278
201708,119753,721082,1,5.71,NNW,BEACH CITY,29.7388,-94.9528,2944328,9457168
201708,119753,721082,3,3.82,NE,WALLISVILLE RES,29.9134,-94.7104,2954804,9442624
201708,119753,721082,4,2.54,SSW,EMINENCE,29.7955,-94.7145,2947730,9442870
201708,119753,721083,1,5.67,WNW,COTTONWOOD,29.9409,-94.6115,2956454,9436690
201708,119753,721083,2,4.95,SW,EASTGATE,30.0027,-95.0922,30162,955532
201708,119753,721083,3,2.11,NNW,CLEVELAND,30.3755,-95.1196,3022530,957176
201708,119753,721083,4,6.85,N,RYE STATION,30.5482,-94.7543,3032892,9445258
201708,119753,721084,1,2,ESE,WHITE OAK ACRES,29.8067,-95.4204,2948402,9525224
201708,119753,721084,2,2.53,NW,ENGLEWOOD,29.8067,-95.3788,2948402,9522728
201708,119753,721084,3,1.34,ENE,HOUSTON HGTS,29.7575,-95.3794,2945450,9522764
201708,119753,721084,4,1.38,W,HOUSTON HGTS,29.7525,-95.4228,2945150,9525368
201708,119753,721085,1,9,WNW,TOMBALL,30.1431,-95.7622,308586,9545732
201708,119753,721085,2,2.84,SW,TOMBALL,30.0742,-95.6569,304452,9539414
201708,119753,721085,3,3.04,ESE,SPRING,30.0709,-95.3703,304254,9522218
201708,119753,721085,4,3.54,N,SPRING,30.131,-95.4135,307860,9524810
201708,119753,721089,1,1.58,SSW,MONT BELVIEU,29.8285,-94.8889,2949710,9453334
201708,119753,721089,2,4.68,N,BEACH CITY,29.737,-94.8889,2944220,9453334
201708,119753,721089,3,6.35,NNE,BEACH CITY,29.7477,-94.8436,2944862,9450616
201708,119753,721089,4,2.13,ESE,MONT BELVIEU,29.8371,-94.8477,2950226,9450862
201708,119753,721090,1,9.49,NW,BURTON,30.2739,-96.7161,3016434,9642966
201708,119753,721090,2,7.1,NNW,BURTON,30.2775,-96.6375,3016650,9638250
201708,119753,721090,3,1.28,N,BURTON,30.1983,-96.5963,3011898,9635778
201708,119753,721090,4,3.37,WNW,BURTON,30.2034,-96.6495,3012204,9638970
201708,119753,721091,1,1.65,NW,WESTFIELD,30.0375,-95.4187,302250,9525122
201708,119753,721091,2,1.4,NNE,WESTFIELD,30.0384,-95.39,302304,9523400
201708,119753,721091,3,0.72,ESE,WESTFIELD,30.0164,-95.3887,30984,9523322
201708,119753,721091,4,1.38,WSW,WESTFIELD,30.0161,-95.4226,30966,9525356
201708,119753,721092,1,1.29,W,MONT BELVIEU,29.8527,-94.9013,2951162,9454078
201708,119753,721092,2,3.34,NNW,WINNIE,29.861,-94.4096,2951660,9424576
201708,119753,721092,3,2.31,WSW,WINNIE,29.8038,-94.4138,2948228,9424828
201708,119753,721096,1,0.84,SSW,PASADENA,29.6896,-95.2072,2941376,9512432
201708,119753,721096,2,1.97,WSW,LAKE HOUSTON,29.9385,-95.1801,2956310,9510806
201708,119753,721096,3,3.15,SE,KOHRVILLE,29.9742,-95.5866,2958452,9535196
201708,119753,721096,4,1.23,WSW,WEST PARK,29.674,-95.5893,2940440,9535358
201708,119753,721097,1,2.03,W,MIDWAY,31.0306,-95.8042,311836,9548252
201708,119753,721097,2,5.75,ENE,MIDWAY,31.0653,-95.682,313918,9540920
201708,119753,721097,3,18.3,SE,CONNOR,30.805,-95.5385,3048300,9532310
201708,119753,721097,4,12.36,SSE,CONNOR,30.8162,-95.6734,3048972,9540404
201708,119753,721101,1,1.7,NW,WESTFIELD,30.0367,-95.4209,302202,9525254
201708,119753,721101,2,1.37,N,WESTFIELD,30.0397,-95.3967,302382,9523802
201708,119753,721101,3,0.43,ESE,WESTFIELD,30.0167,-95.3939,301002,9523634
201708,119753,721101,4,1.09,WSW,WESTFIELD,30.0162,-95.4176,30972,9525056
201708,119753,721102,1,2.44,E,HANKAMER,29.8457,-94.5895,2950742,9435370
201708,119753,721102,2,2.32,S,WINNIE LEONARDS ARPT,29.8466,-94.4951,2950796,9429706
201708,119753,721102,3,5.61,E,MONROE CITY,29.7823,-94.4865,2946938,9429190
201708,119753,721102,4,0.24,N,MONROE CITY,29.7835,-94.5799,2947010,9434794
201708,119753,721105,1,0.67,S,ANCHOR,29.2103,-95.4787,2912618,9528722
201708,119753,721105,2,3.64,N,ANGLETON BAILES ARPT,29.222,-95.4097,2913320,9524582
201708,119753,721105,3,1.29,NW,ANGLETON BAILES ARPT,29.1853,-95.4121,2911118,9524726
201708,119753,721105,4,1.27,W,ANGLETON CAMERON ARP,29.1675,-95.4709,2910050,9528254
201708,119753,721108,1,0,N,ANAHUAC,29.77,-94.68,2946200,9440800
201708,119753,721108,2,1.54,NW,DOUBLE BAYOU,29.6929,-94.651,2941574,9439060
201708,119753,721108,3,2.06,NE,DOUBLE BAYOU,29.6976,-94.6022,2941856,9436132
201708,119753,721108,4,3.04,NE,ANAHUAC ARPT,29.7951,-94.6283,2947706,9437698
201708,119753,721110,1,4.97,WSW,IOWA COLONY,29.46,-95.4993,2927600,9529958
201708,119753,721110,2,2.44,W,BONNEY,29.3212,-95.4904,2919272,9529424
201708,119753,721110,3,1.08,ENE,BONNEY,29.3284,-95.4348,2919704,9526088
201708,119753,721110,4,2.3,WSW,IOWA COLONY,29.4647,-95.454,2927882,9527240
201708,119753,721112,1,2.72,NE,FULSHEAR,29.7102,-95.8708,2942612,9552248
201708,119753,721112,3,5.29,E,FULSHEAR,29.6742,-95.8121,2940452,9548726
201708,119753,721112,4,1.75,ESE,FULSHEAR,29.6744,-95.8715,2940464,9552290
201708,119753,721113,1,1.47,NW,BRAZORIA,29.0661,-95.5958,293966,9535748
201708,119753,721113,2,1.26,NNE,BRAZORIA RES,29.0964,-95.511,295784,9530660
201708,119753,721113,3,2.71,ESE,BRAZORIA,29.0338,-95.5392,292028,9532352
201708,119753,721113,4,1.77,SSW,BRAZORIA,29.0286,-95.5962,291716,9535772
201708,119753,721129,1,2.34,S,CLEVELAND MUNI ARPT,30.3163,-94.9957,3018978,9459742
201708,119753,721129,2,3.76,SE,CLEVELAND MUNI ARPT,30.3167,-94.95,3019002,9457000
201708,119753,721129,3,4.58,SE,CLEVELAND MUNI ARPT,30.3027,-94.9463,3018162,9456778
201708,119753,721129,4,3.12,S,CLEVELAND MUNI ARPT,30.3053,-94.9921,3018318,9459526
201708,119753,721131,1,1.32,S,LIBERTY,30.0513,-94.7959,303078,9447754
201708,119753,721131,2,5.65,SE,MOSS BLUFF,29.8672,-94.7097,2952032,9442582
201708,119753,721131,3,6.56,SE,SHILOH,29.8813,-94.6445,2952878,9438670
201708,119753,721131,4,0.76,W,AMES,30.0483,-94.7626,302898,9445756
201708,119753,721133,1,2.96,ENE,GALVESTON,29.3132,-94.7732,2918792,9446392
201708,119753,721133,2,2.99,E,GALVESTON,29.3033,-94.7705,2918198,9446230
201708,119753,721133,3,3.19,E,GALVESTON,29.3073,-94.7677,2918438,9446062
201708,119753,721133,4,3.23,ENE,GALVESTON,29.3146,-94.769,2918876,9446140
201708,119753,721134,1,1.97,ENE,HANKAMER,29.8598,-94.5992,2951588,9435952
201708,119753,721134,2,2.65,NNW,MONROE CITY,29.8134,-94.6019,2948804,9436114
201708,119753,721134,3,1.92,W,WINNIE,29.8157,-94.4117,2948942,9424702
201708,119753,721134,4,3.56,NW,WINNIE,29.8598,-94.4179,2951588,9425074
201708,119753,721135,1,1.88,SSE,MONROE CITY,29.7551,-94.5676,2945306,9434056
201708,119753,721135,2,0.47,S,ANAHUAC ARPT,29.7632,-94.6713,2945792,9440278
201708,119753,721135,3,0.69,ENE,LAKE ANAHUAC,29.8323,-94.6689,2949938,9440134
201708,119753,721136,1,2.23,WNW,WESTFIELD,30.0342,-95.4334,302052,9526004
201708,119753,721136,2,1.04,N,WESTFIELD,30.0351,-95.3991,302106,9523946
201708,119753,721136,3,0.21,E,WESTFIELD,30.0202,-95.3965,301212,9523790
201708,119753,721136,4,1.99,W,WESTFIELD,30.0174,-95.4331,301044,9525986
201708,119753,721321,1,4.75,W,MORALES,29.1204,-96.8479,297224,9650874
201708,119753,721321,2,3.44,N,CORDELE,29.1799,-96.6303,2910794,9637818
201708,119753,721321,4,3.43,W,EL TORO,28.9542,-96.7566,2857252,9645396
201708,119753,721322,1,11.7,WSW,MORALES,29.0959,-96.9598,295754,9657588
201708,119753,721322,2,3.73,NNE,MORALES,29.1751,-96.736,2910506,9644160
201708,119753,721322,3,1.38,WNW,EDNA JACKSON CO ARPT,29.0095,-96.6,29570,9636000
201708,119753,721322,4,9.99,WSW,EL TORO,28.8869,-96.8486,2853214,9650916
201708,119753,728349,1,2.71,S,BOY,30.0408,-95.2487,302448,9514922
201708,119753,728349,2,4.79,ESE,SPLENDORA,30.2,-95.0977,3012000,955862
201708,119753,728349,3,0.62,NNW,FOSTORIA,30.3281,-95.1746,3019686,9510476
201708,119753,728349,4,6.3,NE,WILLIS,30.4868,-95.408,3029208,9524480
201708,119753,728349,5,10.16,NNW,DACUS,30.5861,-95.8447,3035166,9550682
201708,119753,728349,6,8.44,SSW,MOSTYN,30.1168,-95.8557,307008,9551342
201708,119753,728390,1,13.67,S,LIBERTY HILL,30.3244,-95.2048,3019464,9512288
201708,119753,728390,2,9.1,SE,URBANA,30.476,-94.8436,3028560,9450616
201708,119753,728390,3,7.29,E,URBANA,30.5435,-94.8477,3032610,9450862
201708,119753,728390,4,3.97,NNE,STALEY,30.886,-95.2844,3053160,9517064
201708,119753,728390,5,0.3,WNW,MAYNARD,30.5222,-95.3545,3031332,9521270
201708,119753,728395,1,2.03,ESE,HAWTHORNE,30.5168,-95.3895,3031008,9523370
201708,119753,728395,2,4.17,SSW,EAST SANDY,30.5215,-95.5975,3031290,9535850
201708,119753,728395,3,2.88,N,LOMA,30.6617,-95.7719,3039702,9546314
201708,119753,728395,4,3.95,W,MOSSY GROVE,30.8482,-95.8365,3050892,9550190
201708,119753,728395,6,4.5,E,RIVERSIDE,30.8414,-95.3449,3050484,9520694
201708,119753,728401,1,1.41,WSW,SHENANDOAH,30.1642,-95.4726,309852,9528356
201708,119753,728401,2,5.41,NW,PORTER,30.1464,-95.303,308784,9518180
201708,119753,728401,3,1.41,ESE,CONROE ARPT,30.3395,-95.3998,3020370,9523988
201708,119753,728401,4,1.6,WNW,WILLIS,30.4249,-95.5062,3025494,9530372
201708,119753,728554,1,1.72,NE,HUNTSVILLE,30.7347,-95.5467,3044082,9532802
201708,119753,728554,2,4.67,NW,EAST SANDY,30.6302,-95.6326,3037812,9537956
201708,119753,728554,3,4.83,SW,EAST SANDY,30.5243,-95.6291,3031458,9537746
201708,119753,728554,4,2.06,SE,HAWTHORNE,30.5077,-95.397,3030462,9523820
201708,119753,728846,1,6.24,E,FULSHEAR,29.6943,-95.7974,2941658,9547844
201708,119753,728846,2,6.16,W,CLODINE,29.6958,-95.7826,2941748,9546956
201708,119753,728846,3,6.22,W,CLODINE,29.7018,-95.7836,2942108,9547016
201708,119753,728846,4,6.32,ENE,FULSHEAR,29.7016,-95.7977,2942096,9547862
201708,119753,728921,1,0,N,WALLIS,29.62,-96.07,2937200,964200
201708,119753,728921,2,0,N,CAT SPG,29.85,-96.32,2951000,9619200
201708,119753,728921,3,0,N,NEW ULM,29.9,-96.48,2954000,9628800
201708,119753,728921,4,2.83,W,INDUSTRY,29.9741,-96.5671,2958446,9634026
201708,119753,728921,5,0.37,NNW,KENNEY,30.0549,-96.3322,303294,9619932
201708,119753,728921,6,0.86,ESE,BUCKHORN,30.0252,-96.1867,301512,9611202
201708,119753,728921,7,2.09,SE,COCHRAN,30.011,-96.1029,30660,966174
201708,119753,728921,8,3.65,ENE,FRYDEK,29.7705,-96.0439,2946230,962634
201708,119753,728933,1,4.07,NNW,MONTGOMERY,30.4357,-95.7023,3026142,9542138
201708,119753,728933,2,4.61,E,DACUS,30.4555,-95.7029,3027330,9542174
201708,119753,728933,3,5.36,N,MONTGOMERY,30.4571,-95.6902,3027426,9541412
201708,119753,728933,4,4.01,N,MONTGOMERY,30.4373,-95.6909,3026238,9541454
201708,119753,767027,1,3.42,SSW,IOWA COLONY,29.4379,-95.45,2926274,9527000
201708,119753,767338,1,3.12,WSW,KATY,29.776,-95.844,2946560,9550640
201708,119753,767338,2,3.12,WSW,KATY,29.78,-95.8466,2946800,9550796
201708,120214,798842,1,2.04,SE,LINDENAU,29.0967,-97.3492,295802,9720952
201708,120214,798842,2,4.46,WSW,CUERO MUNI ARPT,29.0513,-97.3362,293078,9720172
201708,120214,798842,3,3.61,SW,THOMASTON,28.9644,-97.1937,2857864,9711622
201708,120214,798842,4,3,ENE,THOMASTON,29.0199,-97.106,291194,976360
201708,120214,798842,5,1.7,NNW,CUERO,29.122,-97.2928,297320,9717568
201708,120216,720297,1,1.51,NNW,LYTTON SPGS,30.02,-97.63,301200,9737800
201708,120216,720297,2,1.67,NE,LYTTON SPGS,30.0139,-97.5971,30834,9735826
201708,120216,720297,3,0.9,SE,LYTTON SPGS,29.9924,-97.6079,2959544,9736474
201708,120216,720297,4,0.85,W,LYTTON SPGS,30.0014,-97.6341,3084,9738046
201708,120216,720299,1,0.92,SE,LULING MEML ARPT,29.72,-97.64,2943200,9738400
201708,120216,720299,3,1.36,NW,LULING,29.6958,-97.6635,2941748,9739810
201708,120216,720299,4,1.27,SW,LULING MEML ARPT,29.7168,-97.6649,2943008,9739894
201708,120216,720302,1,4.2,NW,BATEMAN,30.02,-97.54,301200,9732400
201708,120216,720302,2,1.17,SSE,CEDAR CREEK,30.0647,-97.4917,303882,9729502
201708,120216,720302,3,1.59,W,CEDAR CREEK,30.0792,-97.5267,304752,9731602
201708,120216,720302,4,3.53,WSW,CEDAR CREEK,30.0543,-97.551,303258,9733060
201708,120216,720303,1,3.3,NNW,ROCKNE,30.04,-97.46,302400,9727600
201708,120216,720303,2,1.49,N,ROCKNE,30.0216,-97.4295,301296,9725770
201708,120216,720303,3,1.41,WNW,ROCKNE,30.01,-97.4506,30600,9727036
201708,120216,720303,4,3.44,NW,ROCKNE,30.0329,-97.4731,301974,9728386
201708,120216,720305,1,1.8,E,SMITHVILLE,30,-97.14,3000,978400
201708,120216,720305,2,1.99,E,SMITHVILLE MUNI ARPT,30.0248,-97.1373,301488,978238
201708,120216,720305,3,1.19,SE,SMITHVILLE MUNI ARPT,30.0189,-97.1549,301134,979294
201708,120216,720305,4,0.72,ESE,SMITHVILLE,29.9975,-97.1583,2959850,979498
201708,120216,720306,1,2.5,WNW,BROWNSBORO,29.79,-97.64,2947400,9738400
201708,120216,720306,2,3.09,NNW,JOLIET,29.7901,-97.7028,2947406,9742168
201708,120216,720306,3,1.36,WSW,LULING MEML ARPT,29.7251,-97.6719,2943506,9740314
201708,120216,720306,4,1.78,E,LULING MEML ARPT,29.7322,-97.6204,2943932,9737224
201708,120216,720413,1,1.24,SE,SMITHVILLE MUNI ARPT,30.0173,-97.1554,301038,979324
201708,120216,720413,2,1.24,E,SMITHVILLE MUNI ARPT,30.0284,-97.1494,301704,978964
201708,120216,720413,3,2.36,ENE,SMITHVILLE,30.014,-97.1341,30840,978046
201708,120216,720413,4,1.64,ENE,SMITHVILLE,30.0064,-97.1435,30384,978610
201708,120216,720415,1,1.2,E,SMITHVILLE,30,-97.15,3000,979000
201708,120216,720415,2,1.67,ENE,SMITHVILLE,30.0107,-97.1451,30642,978706
201708,120216,720415,3,1.07,SSE,SMITHVILLE MUNI ARPT,30.016,-97.1623,30960,979738
201708,120216,720415,4,0.6,NNE,SMITHVILLE,30.0085,-97.1676,30510,9710056
201708,120216,720416,2,0.44,NW,SMITHVILLE,30.004,-97.1758,30240,9710548
201708,120216,720416,3,1.07,ESE,SMITHVILLE,29.9954,-97.153,2959724,979180
201708,120216,720416,4,1.56,SE,SMITHVILLE MUNI ARPT,30.0162,-97.1494,30972,978964
201708,120216,720418,1,1.2,E,SMITHVILLE,30,-97.15,3000,979000
201708,120216,720418,2,1.41,SE,SMITHVILLE MUNI ARPT,30.0167,-97.1521,301002,979126
201708,120216,720418,3,1.13,NNE,SMITHVILLE,30.0144,-97.161,30864,979660
201708,120216,720418,4,0.48,ENE,SMITHVILLE,30.0018,-97.1622,30108,979732
201708,120216,720420,1,3.09,SSW,NECHANITZ,29.9872,-96.8349,2959232,9650094
201708,120216,720420,2,3.11,ENE,HOLMAN,29.8181,-96.7525,2949086,9645150
201708,120216,720420,3,2.33,E,MULDOON,29.8169,-97.0313,2949014,971878
201708,120216,720420,4,1.77,SE,WINCHESTER,30.0014,-96.9997,3084,9659982
201708,120216,720447,1,2.98,ENE,LULING,29.6896,-97.6015,2941376,9736090
201708,120216,720447,2,3.13,E,LULING,29.6752,-97.5982,2940512,9735892
201708,120216,720447,3,2.33,ESE,LULING,29.6724,-97.6122,2940344,9736732
201708,120216,720447,4,2.28,E,LULING,29.6848,-97.6125,2941088,9736750
201708,120216,720448,1,2.76,S,UHLAND,29.93,-97.78,2955800,9746800
201708,120216,720448,2,2.21,NW,MAXWELL,29.9041,-97.8044,2954246,9748264
201708,120216,720448,3,1.41,NW,LARREMORE,29.8966,-97.7636,2953796,9745816
201708,120216,720448,4,2.7,S,NIEDERWALD,29.9312,-97.7553,2955872,9745318
201708,120216,720449,1,2.25,NNE,WEST PT,29.9812,-97.0093,2958872,97558
201708,120216,720449,2,3.31,SW,PLUM,29.9002,-97.0134,2954012,97804
201708,120216,720449,3,1.89,SE,JOINER,29.8639,-96.7744,2951834,9646464
201708,120216,720449,4,2.05,NE,HALSTED,29.9205,-96.7552,2955230,9645312
201708,120216,720450,1,4.54,E,WAELDER,29.7054,-97.2245,2942324,9713470
201708,120216,720450,2,6.42,E,WAELDER,29.7024,-97.1931,2942144,9711586
201708,120216,720450,3,6.64,E,WAELDER,29.6866,-97.1904,2941196,9711424
201708,120216,720450,4,4.98,E,WAELDER,29.6872,-97.2184,2941232,9713104
201708,120216,720617,1,2.18,W,HUTTO,30.5314,-97.5866,3031884,9735196
201708,120216,720617,2,2.51,W,HUTTO,30.5329,-97.5921,3031974,9735526
201708,120216,720617,3,2.52,W,HUTTO,30.5291,-97.5924,3031746,9735544
201708,120216,720618,1,4,E,LEANDER,30.58,-97.7828,3034800,9746968
201708,120216,720618,3,3.44,ESE,LEANDER,30.564,-97.7952,3033840,9747712
201708,120216,720618,4,4.17,E,LEANDER,30.5706,-97.7807,3034236,9746842
201708,120216,720625,1,2.63,ESE,NIEDERWALD,29.9623,-97.7069,2957738,9742414
201708,120216,720625,2,2.73,WSW,MARTINDALE,29.8324,-97.8607,2949944,9751642
201708,120216,720625,3,1.66,SSE,LULING,29.6595,-97.6355,2939570,9738130
201708,120216,720625,4,3.13,E,MC MAHAN,29.8467,-97.468,2950802,9728080
201708,120216,720625,5,1.95,NE,DALE,29.9515,-97.549,2957090,9732940
201708,120216,798843,1,4.32,WNW,KYLE,30.0108,-97.9328,30648,9755968
201708,120216,798843,3,2,ENE,SAN MARCOS LOWMAN AR,29.8608,-97.9191,2951648,9755146
201708,120216,798843,4,0.84,W,NIEDERWALD,29.9681,-97.7639,2958086,9745834
201708,120216,798844,1,0.5,SW,FEDOR,30.3153,-97.0564,3018918,973384
201708,120216,798844,2,2.35,S,GIDDINGS,30.1465,-96.9369,308790,9656214
201708,120216,798844,3,7.77,ESE,DIME BOX,30.2975,-96.7048,3017850,9642288
201708,120216,798844,4,2.66,SW,OLD DIME BOX,30.3539,-96.8829,3021234,9652974
201708,120216,798845,1,3.68,W,BASTROP,30.1218,-97.3816,307308,9722896
201708,120216,798845,2,3.89,ENE,KOVAR,29.9252,-97.1619,2955512,979714
201708,120216,798845,3,5.57,E,SMITHVILLE MUNI ARPT,30.0168,-97.0781,301008,974686
201708,120216,798845,4,1.21,NE,PHELAN,30.1829,-97.3162,3010974,9718972
201708,120216,798846,1,0.83,SSW,RABBS PRAIRIE,29.9599,-96.9075,2957594,9654450
201708,120216,798846,2,1.97,NNW,HOSTYN,29.8777,-96.9377,2952662,9656262
201708,120216,798846,3,2.51,ESE,MULLINS PRAIRIE,29.8408,-96.7795,2950448,9646770
201708,120216,798846,4,1.6,S,WILLOW SPGS,29.9469,-96.6025,2956814,9636150
201708,120216,798846,5,3.91,NNE,WARRENTON,30.0706,-96.7008,304236,9642048
201708,120251,720501,1,2.16,SSW,VERHELLE,29,-97.19,2900,9711400
201708,120251,720503,1,3.66,SW,THOMASTON,28.97,-97.2,2858200,9712000
201708,120252,720507,1,1.38,N,(DRT)DEL RIO INTL AR,29.39,-100.92,2923400,10055200
201708,120252,720509,1,0,N,DEL RIO,29.37,-100.9,2922200,10054000
201708,120256,720531,1,2.29,ENE,LLANO MUNI ARPT,30.7897,-98.6332,3047382,9837992
201708,120256,720531,2,3.73,SE,LLANO,30.7118,-98.6256,3042708,9837536
201708,120256,720531,3,4.18,SW,LLANO,30.7147,-98.7273,3042882,9843638
201708,120256,720531,4,3,WNW,LLANO MUNI ARPT,30.7926,-98.7183,3047556,9843098
201708,120256,720533,1,1.77,E,BUCHANAN DAM,30.7306,-98.3903,3043836,9823418
201708,120256,720533,2,1.98,ESE,BUCHANAN DAM,30.7168,-98.3905,3043008,9823430
201708,120256,720533,3,0.79,ESE,BUCHANAN DAM,30.7246,-98.4083,3043476,9824498
201708,120256,720533,4,1.23,E,BUCHANAN DAM,30.7308,-98.3994,3043848,9823964
201708,120256,720535,1,3.68,W,ALAMO DOWNS,29.44,-98.69,2926400,9841400
201708,120256,720535,2,3.18,W,ALAMO DOWNS,29.4418,-98.682,2926508,9840920
201708,120256,720535,3,3.22,WSW,ALAMO DOWNS,29.4341,-98.6803,2926046,9840818
201708,120256,720535,4,3.82,WSW,ALAMO DOWNS,29.4328,-98.6903,2925968,9841418
201708,120256,720537,1,1.74,NW,(SKF)KELLY AFB SAN A,29.4205,-98.6468,2925230,9838808
201708,120256,720537,3,1.75,NW,(SKF)KELLY AFB SAN A,29.4158,-98.6526,2924948,9839156
201708,120256,720537,4,1.89,NW,(SKF)KELLY AFB SAN A,29.4195,-98.652,2925170,9839120
201708,120256,720540,1,2.42,ENE,WETMORE,29.5795,-98.3812,2934770,9822872
201708,120256,720540,2,1.83,NNW,KIRBY,29.494,-98.3929,2929640,9823574
201708,120256,720540,3,1.87,NNW,LEON VLY,29.4959,-98.6394,2929754,9838364
201708,120256,720540,4,1.93,SSW,BECKMANN,29.5736,-98.6105,2934416,9836630
201708,120256,720542,1,1.61,N,LEON VLY,29.493,-98.6254,2929580,9837524
201708,120256,720542,2,1.62,NNE,LEON VLY,29.4908,-98.6177,2929448,9837062
201708,120256,720542,3,2.44,NNE,LEON VLY,29.4999,-98.6084,2929994,9836504
201708,120256,720542,4,2.61,NNE,LEON VLY,29.5066,-98.6193,2930396,9837158
201708,120256,720544,1,1.15,SSE,ALAMO DOWNS,29.434,-98.6247,2926040,9837482
201708,120256,720544,2,1.29,SSE,ALAMO DOWNS,29.4318,-98.6249,2925908,9837494
201708,120256,720544,3,1.36,SSE,ALAMO DOWNS,29.4315,-98.6226,2925890,9837356
201708,120256,720544,4,1.21,SSE,ALAMO DOWNS,29.4338,-98.6224,2926028,9837344
201708,120256,720546,1,1.01,SSW,CONVERSE,29.507,-98.3276,2930420,9819656
201708,120256,720546,2,0.68,NE,ELMENDORF MIDLAKE AR,29.2781,-98.3235,2916686,9819410
201708,120256,720546,3,2.26,WSW,SOUTHTON,29.2651,-98.6133,2915906,9836798
201708,120256,720546,4,3.95,NNW,LEON VLY,29.5259,-98.6435,2931554,9838610
201708,120408,721248,1,0,N,BUOY 42019,27.92,-95.35,2755200,9521000
201708,120408,721249,1,25.04,WSW,SARGENT,28.5911,-95.9826,2835466,9558956
201708,120408,721250,1,32.2,S,SARGENT,28.314,-95.62,2818840,9537200
201708,120408,721251,1,25.04,WSW,SARGENT,28.5911,-95.9826,2835466,9558956
201708,120408,721253,1,6.21,W,SAN LUIS PASS,29.0757,-95.1226,294542,957356
201708,120408,721254,1,0.99,SE,SARGENT,28.7716,-95.6168,2846296,9537008
201708,120408,721255,1,32.2,S,SARGENT,28.314,-95.62,2818840,9537200
201708,120408,721256,1,0.99,SE,SARGENT,28.7716,-95.6168,2846296,9537008
201708,120408,721257,1,0.92,SSE,NORTH JETTY,29.3577,-94.7242,2921462,9443452
201708,120408,721258,1,0,N,NORTH JETTY,29.37,-94.73,2922200,9443800
201708,120408,721259,1,1.74,NNE,TEXAS CITY,29.4236,-94.8897,2925416,9453382
201708,120408,721260,1,7.27,SSW,TEXAS CITY,29.2971,-94.9251,2917826,9455506
201708,120408,721261,1,2.77,ESE,FREEPORT,28.9285,-95.2913,2855710,9517478
201708,120408,721262,1,17.88,WSW,SARGENT,28.7101,-95.9141,2842606,9554846
201708,120817,723470,1,1.21,SE,CLEAR LAKE,29.5582,-95.0551,2933492,953306
201708,119753,721321,3,2.77,N,EDNA JACKSON CO ARPT,29.04,-96.5801,292400,9634806
201708,120216,720618,2,3.07,E,LEANDER,30.5731,-97.7991,3034386,9747946
201708,119753,720871,4,7.31,NE,FRIENDSWOOD,29.5904,-95.3201,2935424,9519206
201708,117349,705704,1,1.38,S,EAGLE POINT,29.48,-94.92,2928800,9455200
201708,117349,705705,1,0.69,S,NORTH JETTY,29.36,-94.73,2921600,9443800
201708,117349,705706,1,9.57,NE,NORTH JETTY,29.47,-94.62,2928200,9437200
201708,117351,705707,1,4.19,NW,LOMA,30.67,-95.81,3040200,9548600
201708,117413,706089,1,1.39,WNW,S TEXAS NUCLEAR PLAND,28.79,-96.05,2847400,963000
201708,117693,707755,1,1.94,ENE,GALVESTON,29.31,-94.79,2918600,9447400
201708,117693,707756,1,1.94,ENE,GALVESTON,29.31,-94.79,2918600,9447400
201708,119753,720336,1,3.86,SSE,HOUSE,29.3763,-95.5028,2922578,9530168
201708,119753,720336,2,10.41,S,HOUSE,29.2813,-95.5484,2916878,9532904
201708,119753,720336,3,11.48,SSE,HOUSE,29.2771,-95.4454,2916626,9526724
201708,119753,720336,4,5.79,SSE,JULIFF,29.3705,-95.4494,2922230,9526964
201708,119753,720342,1,1.4,WSW,LOUETTA,29.8889,-95.5996,2953334,9535976
201708,119753,720342,2,0.59,ESE,SPRING VLY,29.7662,-95.4911,2945972,9529466
201708,119753,720342,3,2.77,E,WHITE OAK ACRES,29.8145,-95.4042,2948870,9524252
201708,119753,720342,4,0.76,NNE,JERSEY VILLAGE,29.8904,-95.566,2953424,9533960
201708,119753,720343,1,22.61,WNW,PLEDGER,29.3896,-96.221,2923376,9613260
201708,119753,720343,2,17.92,NW,PLEDGER,29.4026,-96.1112,2924156,966672
201708,119753,720343,3,1.18,W,LAKE AUSTIN,28.7979,-95.7994,2847874,9547964
201708,119753,720343,4,5.94,NW,(PSX)PALACIOS MUNI A,28.7826,-96.3171,2846956,9619026
201708,119753,720459,1,3.11,ENE,GALVESTON,29.3104,-94.7699,2918624,9446194
201708,119753,720460,1,0.2,WNW,PERRY LNDG,28.9811,-95.483,2858866,9528980
201708,119753,720460,2,0.42,NW,PERRY LNDG,28.9837,-95.4854,2859022,9529124
201708,119753,720461,1,4.41,SSE,SARGENT,28.7699,-95.6255,2846194,9537530
201708,119753,720461,2,3.35,S,SARGENT,28.7821,-95.6587,2846926,9539522
201708,119753,720463,1,1.52,W,BAILEY PRAIRIE,29.1464,-95.5448,298784,9532688
201708,119753,720463,2,2.69,NNE,EAST COLUMBIA,29.1828,-95.5959,2910968,9535754
201708,119753,720466,1,0.58,S,DANBURY,29.2216,-95.3505,2913296,9521030
201708,119753,720466,2,2.89,E,CHENANGO,29.2505,-95.4221,2915030,9525326
201708,119753,720467,1,0,N,OYSTER CREEK,29,-95.32,2900,9519200
201708,119753,720468,1,1.33,NNW,BLESSING,28.8874,-96.2293,2853244,9613758
201708,119753,720468,2,1.5,SE,BLESSING,28.8548,-96.2023,2851288,9612138
201708,119753,720468,3,2.6,WSW,BAY CITY,28.9721,-95.992,2858326,9559520
201708,119753,720468,4,3.6,NE,MARKHAM,28.9923,-96.0353,2859538,962118
201708,119753,720470,1,1.48,W,LIVERPOOL,29.2987,-95.3045,2917922,9518270
201708,119753,720470,2,4.77,SE,MANVEL COYLE ARPT,29.3496,-95.3458,2920976,9520748
201708,119753,720471,1,1.22,E,JULIFF,29.4475,-95.4599,2926850,9527594
201708,119753,720471,2,0.86,ENE,JULIFF,29.455,-95.467,2927300,9528020
201708,119753,720477,1,0.54,NNE,SUGARLAND JCT,29.4873,-95.517,2929238,9531020
201708,119753,720477,2,1.64,NW,SUGARLAND JCT,29.4978,-95.538,2929868,9532280
201708,119753,720672,1,4.8,W,CLODINE,29.7,-95.76,2942000,9545600
201708,119753,720672,2,4.88,W,CLODINE,29.7011,-95.7613,2942066,9545678
201708,119753,720674,1,1.78,S,LAKE HOUSTON,29.9243,-95.1516,2955458,959096
201708,119753,720674,2,1.62,SW,LAKE HOUSTON,29.9347,-95.1704,2956082,9510224
201708,119753,720676,1,3.12,WSW,KATY,29.78,-95.8466,2946800,9550796
201708,119753,720676,2,3.24,WSW,KATY,29.787,-95.852,2947220,9551120
201708,119753,720678,1,2.49,WSW,ENRIGHT,30.4803,-96.315,3028818,9618900
201708,119753,720678,2,2.49,WSW,ENRIGHT,30.4823,-96.3165,3028938,9618990
201708,119753,720680,2,3.59,S,CYPRESS,29.9182,-95.696,2955092,9541760
201708,119753,720686,1,2.13,SE,CYPRESS,29.9528,-95.6704,2957168,9540224
201708,119753,720686,2,1.68,ESE,CYPRESS,29.9593,-95.6748,2957558,9540488
201708,119753,720688,1,4,S,EGYPT,29.3421,-96.25,2920526,9615000
201708,119753,720688,2,2.71,SSW,EGYPT,29.3616,-96.2591,2921696,9615546
201708,119753,720699,1,0.99,NNW,EAST BERNARD,29.5438,-96.0845,2932628,965070
201708,119753,720699,2,1.51,NNW,EAST BERNARD,29.55,-96.09,2933000,965400
201708,119753,720704,1,2.06,WSW,HOBBY,29.5706,-95.5125,2934236,9530750
201708,119753,720704,2,2.24,NNE,STAFFORD,29.6476,-95.5503,2938856,9533018
201708,119753,720706,1,0.6,W,CLEAR LAKE CITY,29.55,-95.11,2933000,956600
201708,119753,720706,2,0.6,W,CLEAR LAKE CITY,29.5504,-95.11,2933024,956600
201708,119753,720707,1,0.87,ESE,EAST BERNARD,29.5246,-96.0669,2931476,964014
201708,119753,720707,2,1.48,NNW,EAST BERNARD,29.548,-96.0934,2932880,965604
201708,119753,720709,1,1.59,SSE,KEMAH,29.5106,-95.0057,2930636,95342
201708,119753,720709,2,1.39,ESE,KEMAH,29.52,-95,2931200,9500
201708,119753,720710,1,2.1,E,BELLAIRE JCT,29.717,-95.4151,2943020,9524906
201708,119753,720710,2,2.03,E,BELLAIRE JCT,29.7174,-95.4164,2943044,9524984
201708,119753,720805,1,4.34,NW,ONALASKA,30.8564,-95.1897,3051384,9511382
201708,119753,720805,2,7.5,NE,ONALASKA,30.9029,-95.0482,3054174,952892
201708,119753,720805,3,1.78,NW,SODA,30.716,-94.8436,3042960,9450616
201708,119753,720805,4,10.62,SW,LAKE LIVINGSTON DAM,30.5365,-95.1416,3032190,958496
201708,119753,720815,1,2.5,E,PORT BOLIVAR ARPT,29.3757,-94.7289,2922542,9443734
201708,119753,720815,2,2.2,NE,PORT BOLIVAR,29.3996,-94.7512,2923976,9445072
201708,119753,720815,3,3.42,NNE,PATTON,29.5221,-94.5902,2931326,9435412
201708,119753,720815,4,0.88,ESE,ROLLOVER,29.4971,-94.5058,2929826,9430348
201708,119753,720829,1,3.36,NW,CYPRESS,30.0044,-95.7397,30264,9544382
201708,119753,720829,2,2.82,SW,CYPRESS,29.9455,-95.7376,2956730,9544256
201708,119753,720829,3,1.93,NW,HOUSTON WEISER ARPT,29.9526,-95.649,2957156,9538940
201708,119753,720829,4,2.86,NNE,CYPRESS,30.0067,-95.6779,30402,9540674
201708,119753,720852,1,0.17,WSW,KENDLETON,29.4493,-96.0027,2926958,96162
201708,119753,720852,2,5.75,S,FOUR CORNERS,29.2877,-95.8942,2917262,9553652
201708,119753,720852,3,8.07,ESE,GUY,29.2883,-95.6662,2917298,9539972
201708,119753,720852,4,3.63,NE,FRESNO,29.5592,-95.3998,2933552,9523988
201708,119753,720856,1,6.52,N,STAFFORD,29.7143,-95.5697,2942858,9534182
201708,119753,720856,2,6.99,N,MISSOURI CITY,29.7197,-95.5103,2943182,9530618
201708,119753,720856,3,2.16,NNW,ARCOLA,29.5269,-95.4884,2931614,9529304
201708,119753,720856,4,0.77,WNW,TRAMMELLS,29.5342,-95.5618,2932052,9533708
201708,119753,720857,1,2.32,E,PRAIRIE VIEW,30.0858,-95.9618,305148,9557708
201708,119753,720857,2,2.45,WSW,WALLER,30.0382,-95.9587,302292,9557522
201708,119753,720857,3,1.6,E,WALLER,30.0525,-95.8935,303150,9553610
201708,119753,720857,4,2.77,NNE,WALLER,30.0887,-95.9079,305322,9554474
201708,119753,720861,1,0.97,E,JOYCE,29.5688,-95.0139,2934128,95834
201708,119753,720861,2,4.85,NE,CEDAR BAYOU,29.8217,-94.8752,2949302,9452512
201708,119753,720861,3,9.64,N,HUFFMAN,30.1595,-95.0771,309570,954626
201708,119753,720861,4,2.36,N,HUMBLE,30.0337,-95.257,302022,9515420
201708,119753,720861,5,2.18,NNE,HUFSMITH,30.1501,-95.5893,309006,9535358
201708,119753,720861,6,10.07,NW,HOCKLEY,30.1382,-95.9628,308292,9557768
201708,119753,720861,7,1.77,SW,KATY,29.7791,-95.8173,2946746,9549038
201708,119753,720861,8,1.29,SSW,MINNETEX,29.6026,-95.3778,2936156,9522668
201708,119753,720865,1,7.77,WNW,PEARLAND,29.5927,-95.4067,2935562,9524402
201708,119753,720865,2,3.28,ENE,PEARLAND,29.588,-95.2295,2935280,9513770
201708,119753,720865,3,7.79,E,CHOCOLATE BAYOU,29.3332,-95.1416,2919992,958496
201708,119753,720865,4,2.19,E,CLUTE,29.0156,-95.3641,29936,9521846
201708,119753,720865,5,8.08,SSW,EL BERNARDO,28.9171,-95.7047,2855026,9542282
201708,119753,720865,6,4.48,NW,DAMON,29.3236,-95.8049,2919416,9548294
201708,119753,720867,1,0.7,NNE,ACRE HOMES,29.8599,-95.4273,2951594,9525638
201708,119753,720867,2,1.81,NW,LAKE HOUSTON DAM,29.9173,-95.1526,2955038,959156
201708,119753,720867,4,2.82,SSW,WEBSTER,29.4904,-95.1313,2929424,957878
201708,119753,720868,1,6.06,W,IOWA COLONY,29.4853,-95.5206,2929118,9531236
201708,119753,720868,2,1.95,S,BRAZORIA RES,29.0518,-95.5206,293108,9531236
201708,119753,720868,3,2.9,N,MIMS,29.1212,-95.3091,297272,9518546
201708,119753,720868,4,2.63,N,MANVEL,29.5079,-95.3462,2930474,9520772
201708,119753,720869,1,9.46,WNW,HOCKLEY,30.0886,-95.993,305316,9559580
201708,119753,720869,2,3.45,N,HOUSTON HOOKS ARPT,30.1192,-95.5399,307152,9532394
201708,119753,720869,3,2.14,SSE,ALMEDA,29.5739,-95.4108,2934434,9524648
201708,119753,720869,4,14.18,SW,KATY,29.6408,-95.9491,2938448,9556946
201708,119753,720871,1,1.21,N,SAN LEON,29.4972,-94.9164,2929832,9454984
201708,119753,720871,2,0.85,NNW,BACLIFF,29.5116,-94.9851,2930696,9459106
201708,119753,720871,3,2.65,NW,CLEAR LAKE SHORES,29.5737,-95.0647,2934422,953882
201708,119753,720871,5,5.58,SSE,ARCADIA,29.301,-95.1306,2918060,957836
201708,119753,720871,6,2.42,SE,TEXAS CITY,29.38,-94.8669,2922800,9452014
201708,119753,720873,1,0.45,ENE,CLINTON PARK,29.7216,-95.2927,2943296,9517562
201708,119753,720459,2,3.13,ENE,GALVESTON,29.3122,-94.77,2918732,9446200
201708,119753,720680,1,3.78,WSW,HOUSTON WEISER ARPT,29.907,-95.6872,2954420,9541232
201708,119753,720852,5,0.75,NW,KATY,29.8075,-95.809,2948450,9548540
201708,119753,720867,3,0.74,ESE,NASSAU BAY,29.5269,-95.0681,2931614,954086
201708,119753,721082,2,7.07,WNW,MONT BELVIEU,29.8764,-94.994,2952584,9459640
201708,119753,721092,4,3.57,SW,MONT BELVIEU,29.8074,-94.9136,2948444,9454816
201708,120216,720299,2,1.89,NNE,LULING,29.7036,-97.6341,2942216,9738046
201708,120216,720416,1,0.69,S,SMITHVILLE MUNI ARPT,30.02,-97.17,301200,9710200
201708,120216,720617,4,2.27,W,HUTTO,30.5283,-97.588,3031698,9735280
201708,120216,798843,2,4.2,NNW,SAN MARCOS LOWMAN AR,29.9057,-97.9782,2954342,9758692
201708,120256,720537,2,1.51,NW,(SKF)KELLY AFB SAN A,29.4159,-98.6471,2924954,9838826
201708,119753,721112,2,5.77,S,KATY,29.7173,-95.8131,2943038,9548786
201708,119753,721135,4,3.04,N,MONROE CITY,29.824,-94.582,2949440,9434920
201708,119753,728395,5,5.63,NE,KITTRELL,31.0673,-95.4465,314038,9526790
201708,119753,767027,2,3.28,SW,IOWA COLONY,29.4475,-95.4599,2926850,9527594
201708,118536,712138,1,4.14,SSW,CORONA,35.3645,-90.1078,3521870,906468
201708,118536,712138,2,0.53,SSE,SLOANVILLE,35.3432,-89.9657,3520592,8957942
201708,118536,712139,1,1.25,SSE,ELLENDALE,35.2138,-89.8202,3512828,8949212
201708,118536,712139,2,1.63,SE,ELLENDALE,35.2127,-89.8103,3512762,8948618
201708,118536,712140,1,1.36,ENE,MALLORY,35.106,-90.047,356360,902820
201708,118536,712140,2,1.38,S,MEMPHIS,35.1101,-90.0192,356606,901152
201708,118536,712141,1,1.14,SW,MEMPHIS,35.1166,-90.0317,356996,901902
201708,118536,712141,2,1.03,SSW,MEMPHIS,35.1171,-90.0291,357026,901746
201708,118536,712141,3,1.21,SSW,MEMPHIS,35.1143,-90.0295,356858,901770
201708,118536,712141,4,1.27,SSW,MEMPHIS,35.1147,-90.0324,356882,901944
201708,118536,712142,1,0.42,NNE,PIPER,35.0559,-89.6779,353354,8940674
201708,118536,712142,2,0.67,NE,COLLIERVILLE,35.0561,-89.6607,353366,8939642
201708,118536,712143,1,2.28,ENE,FOREST HILL,35.0849,-89.734,355094,8944040
201708,118536,712143,2,2.5,N,BAILEY,35.0858,-89.7238,355148,8943428
201708,118536,712143,3,1.61,N,BAILEY,35.0731,-89.7254,354386,8943524
201708,118536,712143,4,1.56,N,BAILEY,35.0723,-89.7348,354338,8944088
201708,118537,712144,1,0.46,WNW,ABBEVILLE,34.5031,-89.5072,3430186,8930432
201708,118538,712145,2,1.67,SW,SITKA,35.8521,-88.7899,3551126,8847394
201708,118538,712145,3,2,SSW,SITKA,35.846,-88.7897,3550760,8847382
201708,118538,712145,4,2.33,SW,SITKA,35.8464,-88.7997,3550784,8847982
201708,118538,712146,1,1.57,NW,HUMBOLDT,35.8384,-88.9364,3550304,8856184
201708,118538,712146,2,0.95,NE,HUMBOLDT ARPT,35.8093,-88.8574,3548558,8851444
201708,118538,712146,3,0.92,SW,HUMBOLDT ARPT,35.7906,-88.8815,3547436,8852890
201708,118538,712146,4,2.17,WSW,HUMBOLDT,35.8106,-88.957,3548636,8857420
201708,118538,712147,1,1.42,S,HUMBOLDT ARPT,35.7794,-88.8705,3546764,8852230
201708,118538,712147,2,2,SE,HUMBOLDT ARPT,35.7811,-88.843,3546866,8850580
201708,118538,712147,3,3.29,SSE,HUMBOLDT ARPT,35.7587,-88.8406,3545522,8850436
201708,118538,712147,4,2.64,S,HUMBOLDT ARPT,35.7619,-88.871,3545714,8852260
201708,118538,712148,1,3.32,N,MAURY CITY,35.8679,-89.2332,3552074,8913992
201708,118538,712148,2,2.57,W,CROCKETT MILLS,35.8689,-89.2159,3552134,8912954
201708,118538,712148,3,1.49,NNE,MAURY CITY,35.838,-89.2155,3550280,8912930
201708,118538,712148,4,1.31,N,MAURY CITY,35.8387,-89.2262,3550322,8913572
201708,118538,712150,1,1.34,WNW,FRUITVALE,35.758,-89.0517,3545480,893102
201708,118538,712150,2,1.01,ENE,FRUITVALE,35.7539,-89.0126,3545234,89756
201708,118538,712150,3,0.12,E,WALNUT HILL,35.7201,-89.0478,3543206,892868
201708,118538,712150,4,0.61,N,BELLS,35.7287,-89.0782,3543722,894692
201708,118538,712152,1,0.82,NE,NANCE,35.8393,-89.1208,3550358,897248
201708,118538,712152,2,0.94,NW,QUINCY,35.84,-89.0915,3550400,895490
201708,118538,712152,3,0.89,WSW,QUINCY,35.8269,-89.0955,3549614,895730
201708,118538,712152,4,0.6,E,NANCE,35.829,-89.1194,3549740,897164
201708,118724,713245,1,1.37,ESE,HOWISON,30.66,-89.11,3039600,896600
201708,118724,713245,2,1.12,WNW,AIREY,30.6543,-89.0982,3039258,895892
201708,118724,713245,3,1.43,WSW,AIREY,30.6403,-89.1012,3038418,896072
201708,118724,713245,4,1.33,NNE,SAUCIER,30.6462,-89.118,3038772,897080
201708,118725,713238,2,1.56,NNW,NORCO,30.0216,-90.4278,301296,9025668
201708,118725,713238,3,0.11,W,HAHNVILLE,29.9503,-90.4518,2957018,9027108
201708,118725,713238,4,0.74,S,LULING,29.9193,-90.3492,2955158,9020952
201708,118725,713238,5,0.55,SE,ST ROSE,29.944,-90.3141,2956640,9018846
201708,118725,713244,1,3.47,NW,VIEUX CARRE,30.0091,-90.1165,30546,906990
201708,118725,713244,3,1.61,NNE,ALGIERS,29.9716,-90.04,2958296,902400
201708,118725,713244,2,1.12,SW,GENTILLY,30.0103,-90.0449,30618,902694
201708,118725,713238,1,4.09,N,AMA,30.0091,-90.3028,30546,9018168
201708,118725,713244,4,1.17,ESE,NEW ORLEANS,29.9431,-90.0822,2956586,904932
201708,118538,712145,1,2.12,SW,SITKA,35.8515,-88.8003,3551090,8848018
201708,119831,718456,4,0.77,N,KENNETT MEM ARPT,36.2412,-90.0305,3614472,901830
201708,119833,718460,1,1.62,W,SENATOBIA,34.6187,-89.9784,3437122,8958704
201708,118732,713264,2,1.2,SE,JAY,29.609,-90.4645,2936540,9027870
201708,118725,713244,5,1.71,NNW,NEW ORLEANS,29.9711,-90.1148,2958266,906888
201708,118727,713248,1,2.76,N,VIEUX CARRE,30.01,-90.08,30600,904800
201708,118727,713248,2,0.62,NNE,VIEUX CARRE,29.978,-90.0754,2958680,904524
201708,118727,713248,3,2.19,NNW,NEW ORLEANS,29.977,-90.1191,2958620,907146
201708,118727,713248,4,4.02,NNW,VIEUX CARRE,30.0189,-90.1164,301134,906984
201708,118728,713249,1,4.67,WNW,NEW CANAL STATION (NWCL1),30.0495,-90.1847,302970,9011082
201708,118729,713250,1,10.64,ENE,WEST PIER GULFPORT STATION (GWPM6),30.4095,-88.9254,3024570,8855524
201708,118730,713251,1,0,N,LUKE OFFSHORE TEST SITE STATION (42040),29.21,-88.21,2912600,8812600
201708,118730,713252,1,0,N,MAIN PASS 140 AWOS (KMIS),29.3,-88.84,2918000,8850400
201708,118731,713269,1,0,N,MISSISSIPPI CANYON OIL PLATFORM 311A (KMDJ),28.64,-89.79,2838400,8947400
201708,118731,713270,1,0,N,MISSISSIPPI CANYON OIL PLATFORM 311A (KMDJ),28.64,-89.79,2838400,8947400
201708,118731,713272,1,0,N,MAIN PASS 289 AWOS (KVKY),29.25,-88.44,2915000,8826400
201708,118732,713264,1,1.27,ENE,CLOTILDA,29.6788,-90.5315,2940728,9031890
201708,118732,713264,3,3.23,SW,JAY,29.5914,-90.5225,2935484,9031350
201708,118732,713264,4,1.43,W,CLOTILDA,29.666,-90.5734,2939960,9034404
201708,118732,713266,1,0.44,WNW,MIMOSA PARK,29.9217,-90.3371,2955302,9020226
201708,118732,713266,2,2.3,SE,BOUTTE,29.874,-90.356,2952440,9021360
201708,118732,713266,3,1.68,WNW,PARADIS,29.8928,-90.4539,2953568,9027234
201708,118732,713266,4,1.11,W,DUFRESNE,29.9502,-90.3986,2957012,9023916
201708,118732,713267,1,2.05,NNE,UNCLE SAM,30.0568,-90.8154,303408,9048924
201708,118732,713267,2,1.78,N,BEND,30.0457,-90.7666,302742,9045996
201708,118732,713267,3,0.71,NE,ST JAMES,29.988,-90.8126,2959280,9048756
201708,118732,713267,4,0,N,CONVENT,30.02,-90.83,301200,9049800
201708,118732,713267,5,1.35,SE,ROMEVILLE,30.0555,-90.835,303330,9050100
201708,118733,713255,1,0.1,NW,PASCAGOULA,30.371,-88.5313,3022260,8831878
201708,118733,713255,2,1.68,W,PASCAGOULA,30.373,-88.558,3022380,8833480
201708,118733,713255,3,1.75,WSW,PASCAGOULA,30.3627,-88.5581,3021762,8833486
201708,118733,713255,4,0.37,S,PASCAGOULA,30.3647,-88.5304,3021882,8831824
201708,118733,713256,1,0.54,ESE,(BIX)KEESLER AFB BIL,30.3962,-88.9121,3023772,8854726
201708,118733,713256,2,0.51,ESE,(BIX)KEESLER AFB BIL,30.3983,-88.9118,3023898,8854708
201708,118733,713257,1,2.14,SSW,PASCAGOULA,30.3431,-88.5479,3020586,8832874
201708,118733,713257,2,1.94,SW,PASCAGOULA,30.3467,-88.5481,3020802,8832886
201708,118733,713259,1,0.82,WSW,SILVER RUN,30.7239,-89.3618,3043434,8921708
201708,118733,713259,2,2.79,N,SILVER RUN,30.7703,-89.3532,3046218,8921192
201708,118733,713261,1,1.59,SW,OCEAN SPGS ARPT,30.3638,-88.769,3021828,8846140
201708,118733,713261,2,1.14,NNW,OCEAN SPGS ARPT,30.3956,-88.7562,3023736,8845372
201708,118733,713262,1,2.03,SSW,PASCAGOULA,30.3447,-88.5472,3020682,8832832
201708,119827,718453,1,2,E,HARRISBURG,35.57,-90.6844,3534200,9041064
201708,119827,718453,2,2.06,SE,HARRISBURG,35.5525,-90.6904,3533150,9041424
201708,119827,718453,3,1.28,SSW,HARRISBURG,35.5532,-90.7296,3533192,9043776
201708,119827,718453,4,0.49,W,HARRISBURG,35.5705,-90.7287,3534230,9043722
201708,119827,718455,1,1.39,NNE,BLYTHEVILLE,35.9388,-89.9113,3556328,8954678
201708,119827,718455,2,1.83,NE,BLYTHEVILLE,35.9393,-89.8975,3556358,8953850
201708,119827,718455,3,1.27,ENE,BLYTHEVILLE,35.924,-89.8979,3555440,8953874
201708,119827,718455,4,0.63,ENE,BLYTHEVILLE,35.9241,-89.9099,3555446,8954594
201708,119827,718621,1,1.51,ENE,PRESTON PLACE,34.4751,-90.6242,3428506,9037452
201708,119827,718621,2,1.95,NNE,PRESTON PLACE,34.4967,-90.6388,3429802,9038328
201708,119831,718456,1,1.08,N,KENNETT MEM ARPT,36.2457,-90.0296,3614742,901776
201708,119831,718456,2,1.11,NNW,KENNETT MEM ARPT,36.2456,-90.0346,3614736,902076
201708,119831,718456,3,0.79,NNW,KENNETT MEM ARPT,36.2409,-90.0343,3614454,902058
201708,119832,718458,1,1.26,SSW,MEMPHIS,35.1134,-90.0294,356804,901764
201708,119832,718458,2,1.33,SSW,MEMPHIS,35.1134,-90.0319,356804,901914
201708,119832,718458,3,1.49,SSW,MEMPHIS,35.1105,-90.0312,356630,901872
201708,119832,718458,4,1.44,SSW,MEMPHIS,35.1108,-90.03,356648,901800
201708,119832,718461,1,0.8,SW,PISGAH,35.1614,-89.7294,359684,8943764
201708,119832,718461,2,0.97,SW,PISGAH,35.1585,-89.7297,359510,8943782
201708,119832,718461,3,0.87,SSW,PISGAH,35.1585,-89.7265,359510,8943590
201708,119832,718461,4,0.67,SSW,PISGAH,35.1616,-89.7257,359696,8943542
201708,119832,718463,1,0,N,BOLIVAR,35.27,-89,3516200,8900
201708,119832,718463,2,1.75,W,BOLIVAR,35.2728,-89.0308,3516368,891848
201708,119832,718463,3,1.42,SE,BOLIVAR HARDEMAN ARP,35.2047,-89.0332,3512282,891992
201708,119832,718463,4,2.95,NNW,HEBRON,35.207,-88.9261,3512420,8855566
201708,119832,718463,5,3.09,ESE,SHANDY,35.2765,-88.9233,3516590,8855398
201708,119832,718464,1,2.25,WNW,ROCKPORT,35.9379,-88.0691,3556274,884146
201708,119832,718464,2,1.62,WNW,ROCKPORT,35.9364,-88.0578,3556184,883468
201708,119832,718464,3,2.45,WSW,ROCKPORT,35.9215,-88.0724,3555290,884344
201708,119832,718464,4,2.79,W,ROCKPORT,35.9266,-88.0796,3555596,884776
201708,119832,718738,1,1.36,WNW,CRUMP,35.2294,-88.3411,3513764,8820466
201708,119832,718738,2,1.76,W,BOX ELDER,35.2457,-88.3508,3514742,8821048
201708,119832,718739,1,0.23,SSW,OLIVEHILL,35.2669,-88.0316,3516014,881896
201708,119832,718739,2,0.67,NW,OLIVEHILL,35.2755,-88.0397,3516530,882382
201708,119833,718457,1,1.52,NNW,BARTON,34.9908,-89.6884,3459448,8941304
201708,119833,718457,2,1.46,N,BARTON,34.991,-89.6829,3459460,8940974
201708,119833,718457,3,1.33,N,BARTON,34.9893,-89.68,3459358,8940800
201708,119833,718457,4,1.26,N,BARTON,34.9883,-89.6805,3459298,8940830
201708,119833,718457,5,1.41,NNW,BARTON,34.9891,-89.6886,3459346,8941316
201708,119833,718459,1,1.5,W,TUNICA,34.6835,-90.406,3441010,9024360
201708,119833,718459,2,0.19,S,TUNICA,34.6773,-90.3802,3440638,9022812
201708,119833,718459,3,0.99,SW,TUNICA ARPT,34.6585,-90.3804,3439510,9022824
201708,119833,718459,4,1.94,ESE,FOX IS,34.6558,-90.4206,3439348,9025236
201708,119833,718460,2,0.84,W,SENATOBIA,34.6198,-89.9647,3437188,8957882
201708,119833,718460,3,0.79,WSW,SENATOBIA,34.6168,-89.9634,3437008,8957804
201708,119833,718460,4,1.6,W,SENATOBIA,34.6157,-89.9776,3436942,8958656
201708,119833,718462,1,0.87,NNW,BARTON,34.9814,-89.6866,3458884,8941196
201708,119833,718462,2,1.18,NNE,BARTON,34.9861,-89.6733,3459166,8940398
201708,119833,718462,3,0.91,NNE,BARTON,34.9814,-89.6718,3458884,8940308
201708,119833,718462,4,0.57,NW,BARTON,34.9759,-89.6871,3458554,8941226
201708,119833,718633,1,1.62,SSW,KIRKVILLE,34.4294,-88.5135,3425764,8830810
201708,119833,718633,2,2.01,WNW,KIRKVILLE,34.4615,-88.5325,3427690,8831950
201708,119833,718634,1,2.28,NE,WHEELER,34.5998,-88.5679,3435988,8834074
201708,119833,718634,2,2.41,NE,WHEELER,34.6034,-88.5686,3436204,8834116
201708,119833,718635,1,2.08,NNE,LAMAR,34.9455,-89.3006,3456730,8918036
201708,119833,718635,2,2.24,NNE,LAMAR,34.9491,-89.3024,3456946,8918144
201708,119833,718737,1,1.69,SE,MT VERNON,34.3144,-88.7272,3418864,8843632
201708,119833,718737,2,0.91,E,MT VERNON,34.3287,-88.7342,3419722,8844052