EVENT_ID,CZ_NAME_STR,BEGIN_LOCATION,BEGIN_DATE,BEGIN_TIME,EVENT_TYPE,MAGNITUDE,TOR_F_SCALE,DEATHS_DIRECT,INJURIES_DIRECT,DAMAGE_PROPERTY_NUM,DAMAGE_CROPS_NUM,STATE_ABBR,CZ_TIMEZONE,MAGNITUDE_TYPE,EPISODE_ID,CZ_TYPE,CZ_FIPS,WFO,INJURIES_INDIRECT,DEATHS_INDIRECT,SOURCE,FLOOD_CAUSE,TOR_LENGTH,TOR_WIDTH,BEGIN_RANGE,BEGIN_AZIMUTH,END_RANGE,END_AZIMUTH,END_LOCATION,END_DATE,END_TIME,BEGIN_LAT,BEGIN_LON,END_LAT,END_LON,EVENT_NARRATIVE,EPISODE_NARRATIVE,ABSOLUTE_ROWNUMBER
708282,BRISCOE CO.,GASOLINE,08/20/2017,1745,Thunderstorm Wind,52.00, ,0,0,10000,0,TX,CST-6,EG,117836,C,45,LUB,0,0,Park/Forest Service, , , ,3,NNE,3,NNE,GASOLINE,08/20/2017,1745,34.372,-100.9851,34.372,-100.9851,"A Texas Parks and Wildlife Department employee reported thunderstorm wind damage at Valley Schools on State Highway 86 between Turkey and Quitaque. A metal roof was torn off of a building.","Isolated thunderstorms developed over the extreme southeastern Texas Panhandle during the afternoon and evening of the 20th. One of these storms became severe over Briscoe County. A metal roof was torn off of a building at Valley Schools along State Highway 86 between Quitaque (Briscoe County) and Turkey (Hall County).",1
727805,HARRIS (ZONE), ,08/21/2017,1300,Heat, , ,1,0,0,0,TX,CST-6, ,121602,Z,213,HGX,0,0,Newspaper, , , , , , , , ,08/21/2017,1300, , , , ,"A jogger died of heatstroke while jogging in a Seabrook park.","A jogger succumbed to the heat within a Seabrook park.",2
709516,LUBBOCK CO.,(LBB)LUBBOCK INTL AR,08/21/2017,1615,Thunderstorm Wind,50.00, ,0,0,0,0,TX,CST-6,MG,118031,C,303,LUB,0,0,ASOS, , , ,0,N,0,N,(LBB)LUBBOCK INTL AR,08/21/2017,1615,33.67,-101.82,33.67,-101.82,"Measured by the ASOS at Lubbock International Airport.","Scattered thunderstorms late this afternoon resulted in a few instances of severe wind gusts from the South Plains into the northern Rolling Plains.",3
709517,HALE CO.,SETH WARD,08/21/2017,1619,Thunderstorm Wind,51.00, ,0,0,0,0,TX,CST-6,MG,118031,C,189,LUB,0,0,Mesonet, , , ,9,SE,9,SE,SETH WARD,08/21/2017,1619,34.13,-101.57,34.13,-101.57,"Measured by a Texas Tech University West Texas mesonet near Aiken.","Scattered thunderstorms late this afternoon resulted in a few instances of severe wind gusts from the South Plains into the northern Rolling Plains.",4
709518,MOTLEY CO.,NORTHFIELD,08/21/2017,1830,Thunderstorm Wind,50.00, ,0,0,0,0,TX,CST-6,MG,118031,C,345,LUB,0,0,Mesonet, , , ,1,S,1,S,NORTHFIELD,08/21/2017,1830,34.27,-100.6,34.27,-100.6,"Measured by a Texas Tech University West Texas mesonet near Northfield.","Scattered thunderstorms late this afternoon resulted in a few instances of severe wind gusts from the South Plains into the northern Rolling Plains.",5
713492,SWISHER CO.,TULIA,08/22/2017,1430,Heavy Rain, , ,0,0,0,0,TX,CST-6, ,118032,C,437,LUB,0,0,Mesonet, , , ,2,ENE,2,ENE,TULIA,08/22/2017,1630,34.5411,-101.7375,34.5411,-101.7375,"Backbuilding thunderstorms produced 3.45 inches of rain as measured by a Texas Tech University West Texas Mesonet located near Tulia. Radar estimated just over four inches of rain a short distance north of this mesonet.","Numerous slow-moving thunderstorms erupted this afternoon in the southern Texas Panhandle along a weak cold front, before spreading south through the South Plains and Rolling Plains throughout the evening. Some of these storms redeveloped over the same areas, most notably in central Swisher County where Tulia and the nearby Middle Tule Creek experienced flash flooding from over four inches of rain in less than one hour. In Hockley County, a favorable merger of outflow boundaries supported a rotating thunderstorm that produced a swath of damaging winds and flash flooding. In addition to damaging several power poles and a Texas Tech University West Texas Mesonet, this storm produced incredible rainfall rates measured as great as 0.69 inches in 5 minutes, or 8.28 inches per hour.",6
709519,SWISHER CO.,TULIA,08/22/2017,1605,Thunderstorm Wind,55.00, ,0,0,0,0,TX,CST-6,MG,118032,C,437,LUB,0,0,Mesonet, , , ,2,ENE,2,ENE,TULIA,08/22/2017,1605,34.54,-101.74,34.54,-101.74,"Measured by a Texas Tech University West Texas mesonet near Tulia.","Numerous slow-moving thunderstorms erupted this afternoon in the southern Texas Panhandle along a weak cold front, before spreading south through the South Plains and Rolling Plains throughout the evening. Some of these storms redeveloped over the same areas, most notably in central Swisher County where Tulia and the nearby Middle Tule Creek experienced flash flooding from over four inches of rain in less than one hour. In Hockley County, a favorable merger of outflow boundaries supported a rotating thunderstorm that produced a swath of damaging winds and flash flooding. In addition to damaging several power poles and a Texas Tech University West Texas Mesonet, this storm produced incredible rainfall rates measured as great as 0.69 inches in 5 minutes, or 8.28 inches per hour.",7
709520,SWISHER CO.,TULIA ARPT,08/22/2017,1615,Flash Flood, , ,0,0,0,0,TX,CST-6, ,118032,C,437,LUB,0,0,Law Enforcement,Heavy Rain, , ,8,WSW,7,W,TULIA ARPT,08/22/2017,1800,34.5157,-101.9099,34.5479,-101.903,"Law enforcement in Tulia reported water flowing across streets and lawns in Tulia. The underpass at the junction of State Highway 86 and 87 was closed through the night from water up to five feet deep.  Just east of Tulia, the Middle Tule Creek rose out of its banks and partially flooded State Highway 86.","Numerous slow-moving thunderstorms erupted this afternoon in the southern Texas Panhandle along a weak cold front, before spreading south through the South Plains and Rolling Plains throughout the evening. Some of these storms redeveloped over the same areas, most notably in central Swisher County where Tulia and the nearby Middle Tule Creek experienced flash flooding from over four inches of rain in less than one hour. In Hockley County, a favorable merger of outflow boundaries supported a rotating thunderstorm that produced a swath of damaging winds and flash flooding. In addition to damaging several power poles and a Texas Tech University West Texas Mesonet, this storm produced incredible rainfall rates measured as great as 0.69 inches in 5 minutes, or 8.28 inches per hour.",8
711899,HOCKLEY CO.,LEVELLAND,08/22/2017,1730,Heavy Rain, , ,0,0,0,0,TX,CST-6, ,118032,C,219,LUB,0,0,Mesonet, , , ,4,S,4,S,LEVELLAND,08/22/2017,1755,33.5221,-102.37,33.5221,-102.37,"A slow-moving, rotating thunderstorm produced incredible rainfall rates up to 0.69 inches in just five minutes (8.28 inches per hour) as measured by a Texas Tech University West Texas Mesonet.","Numerous slow-moving thunderstorms erupted this afternoon in the southern Texas Panhandle along a weak cold front, before spreading south through the South Plains and Rolling Plains throughout the evening. Some of these storms redeveloped over the same areas, most notably in central Swisher County where Tulia and the nearby Middle Tule Creek experienced flash flooding from over four inches of rain in less than one hour. In Hockley County, a favorable merger of outflow boundaries supported a rotating thunderstorm that produced a swath of damaging winds and flash flooding. In addition to damaging several power poles and a Texas Tech University West Texas Mesonet, this storm produced incredible rainfall rates measured as great as 0.69 inches in 5 minutes, or 8.28 inches per hour.",9
709525,HOCKLEY CO.,LEVELLAND MUNI ARPT,08/22/2017,1745,Thunderstorm Wind,52.00, ,0,0,42000,0,TX,CST-6,EG,118032,C,219,LUB,0,0,Utility Company, , , ,1,SSW,4,S,LEVELLAND MUNI ARPT,08/22/2017,1745,33.5331,-102.3752,33.4921,-102.37,"A series of downbursts damaged 19 utility poles along US Highway 385 and FM Road 1585 in southeast Hockley County.  These winds inflicted minor damage to a mesonet belonging to the Texas Tech University West Texas Mesonet.","Numerous slow-moving thunderstorms erupted this afternoon in the southern Texas Panhandle along a weak cold front, before spreading south through the South Plains and Rolling Plains throughout the evening. Some of these storms redeveloped over the same areas, most notably in central Swisher County where Tulia and the nearby Middle Tule Creek experienced flash flooding from over four inches of rain in less than one hour. In Hockley County, a favorable merger of outflow boundaries supported a rotating thunderstorm that produced a swath of damaging winds and flash flooding. In addition to damaging several power poles and a Texas Tech University West Texas Mesonet, this storm produced incredible rainfall rates measured as great as 0.69 inches in 5 minutes, or 8.28 inches per hour.",10
709521,LUBBOCK CO.,LUBBOCK,08/22/2017,1800,Thunderstorm Wind,52.00, ,0,0,500,0,TX,CST-6,EG,118032,C,303,LUB,0,0,Social Media, , , ,2,W,2,W,LUBBOCK,08/22/2017,1800,33.58,-101.88,33.58,-101.88,"An outdoor metal canopy was damaged from high winds during the passage of a gust front.","Numerous slow-moving thunderstorms erupted this afternoon in the southern Texas Panhandle along a weak cold front, before spreading south through the South Plains and Rolling Plains throughout the evening. Some of these storms redeveloped over the same areas, most notably in central Swisher County where Tulia and the nearby Middle Tule Creek experienced flash flooding from over four inches of rain in less than one hour. In Hockley County, a favorable merger of outflow boundaries supported a rotating thunderstorm that produced a swath of damaging winds and flash flooding. In addition to damaging several power poles and a Texas Tech University West Texas Mesonet, this storm produced incredible rainfall rates measured as great as 0.69 inches in 5 minutes, or 8.28 inches per hour.",11
709522,HOCKLEY CO.,LOCKETTVILLE,08/22/2017,1814,Flash Flood, , ,0,0,0,0,TX,CST-6, ,118032,C,219,LUB,0,0,Law Enforcement,Heavy Rain, , ,5,W,1,SW,ROPESVILLE MCNABB AR,08/22/2017,1845,33.39,-102.4,33.39,-102.08,"Law enforcement reported water and mud overflowing sections of roads in southeast Hockley County. The flash flooding forced the closure of FM Road 1585, FM Road 168 and County Road 41 for a few hours.  One section of FM Road 1585 had water up to the headlights of a car.  Travel was still impeded the following day until mud could be plowed free from the road.","Numerous slow-moving thunderstorms erupted this afternoon in the southern Texas Panhandle along a weak cold front, before spreading south through the South Plains and Rolling Plains throughout the evening. Some of these storms redeveloped over the same areas, most notably in central Swisher County where Tulia and the nearby Middle Tule Creek experienced flash flooding from over four inches of rain in less than one hour. In Hockley County, a favorable merger of outflow boundaries supported a rotating thunderstorm that produced a swath of damaging winds and flash flooding. In addition to damaging several power poles and a Texas Tech University West Texas Mesonet, this storm produced incredible rainfall rates measured as great as 0.69 inches in 5 minutes, or 8.28 inches per hour.",12
709523,LYNN CO.,TAHOKA,08/22/2017,1827,Thunderstorm Wind,54.00, ,0,0,0,0,TX,CST-6,MG,118032,C,305,LUB,0,0,Mesonet, , , ,2,N,2,N,TAHOKA,08/22/2017,1834,33.21,-101.78,33.21,-101.78,"Measured by a Texas Tech University West Texas mesonet near Tahoka at 1828 CST.  Severe gusts of 58 mph and 59 mph were also measured at 1827 CST and 1834 CST, respectively.","Numerous slow-moving thunderstorms erupted this afternoon in the southern Texas Panhandle along a weak cold front, before spreading south through the South Plains and Rolling Plains throughout the evening. Some of these storms redeveloped over the same areas, most notably in central Swisher County where Tulia and the nearby Middle Tule Creek experienced flash flooding from over four inches of rain in less than one hour. In Hockley County, a favorable merger of outflow boundaries supported a rotating thunderstorm that produced a swath of damaging winds and flash flooding. In addition to damaging several power poles and a Texas Tech University West Texas Mesonet, this storm produced incredible rainfall rates measured as great as 0.69 inches in 5 minutes, or 8.28 inches per hour.",13
718436,MIDLAND CO.,(MAF) MIDLAND INTL,08/22/2017,2059,Thunderstorm Wind,52.00, ,0,0,0,0,TX,CST-6,MG,119826,C,329,MAF,0,0,ASOS, , , ,0,N,0,N,(MAF) MIDLAND INTL,08/22/2017,2059,31.93,-102.2,31.93,-102.2,"A thunderstorm moved across Midland County and produced a 60 mph wind gust at Midland International Air and Space Port.","Warm temperatures were present in advance of a cold front. Good moisture was across the area. These conditions contributed to thunderstorms with strong winds across the Permian Basin.",14
719146,EL PASO CO.,FABENS ARPT,08/23/2017,1615,Flash Flood, , ,0,0,0,0,TX,MST-7, ,120011,C,141,EPZ,0,0,Trained Spotter,Heavy Rain, , ,1,ENE,2,E,FABENS ARPT,08/23/2017,1715,31.5285,-106.1346,31.5183,-106.1176,"Water was about 6 inches deep flowing across San Felipe Road just east of Interstate 10.","A surface low was located over far west Texas with an upper level trough approaching from Arizona.  Monsoonal moisture was still in place with dew points over 60F across the region.  Weak flow in the lower to mid levels kept storm motion slow and allowed heavy rain to fall near Fabens and create some localized flash flooding.",15
720930,KENEDY (ZONE), ,08/25/2017,1200,Tropical Storm, , ,0,0,0,0,TX,CST-6, ,120318,Z,251,BRO,0,0,Buoy, , , , , , , , ,08/25/2017,2030, , , , ,"Tropical storm force sustained winds (39 to 51 mph with gusts to 63 mph) arrived along and up to 10 to 15 miles (estimated) from the shoreline of Kenedy County during the afternoon of August 25, and likely continued across the north half of this area through sunset or just beyond as Hurricane Harvey scooted by some 80 (south) to 60 (north) miles of the shoreline. The Texas Coastal Ocean Observation Network (TCOON) sites at Rincon del San Jose and Baffin Bay - shoreline proxies to the coastline, reported sustained winds of 39 mph and 51 mph, respectively, with gusts to 47 and 63 mph, respectively.  No wind damage was reported over the largely unpopulated region.||While a storm surge estimated at up to 2 feet run up to and into the dunes along the barrier island, there were no indications from aerial photography of any new breaches or significant flooding or erosion.","Rapidly intensifying Hurricane Harvey moved along the outer edge of the Lower Texas Coastal waters from the pre-dawn hours through the mid afternoon of August 25th.  Harvey began the period as a Category 2 storm and was a mid range Category 3 storm as it headed toward the Texas Coastal Bend region, where it would make landfall as a 938 mb Category 4 wrecking ball near Rockport. ||The outskirts of Harvey produced tropical storm force gusts measured and estimated at 41 to 46 mph on South Padre Island to the western shoreline of Laguna Madre, in Cameron County, with gusts from 48 to 63 mph along the coast of Kenedy County, including the Laguna Madre shoreline.  Here, sustained tropical storm force winds of 39 to 51 mph were reported at shoreline buoys.  No damage was reported in these areas, which are vastly unpopulated.||Within the tropical storm force (sustained) wind area, other impacts included nuisance tidal overwash that ran into the dunes on the barrier island (South Padre and the Padre Island National Seashore north of Port Mansfield), with storm surge measured at 1.77 feet above predicted tide.  At Baffin Bay, the tide level peaked at 1.77 feet above Mean Sea Level, which likely equated to 2 feet of storm surge (based on similar reports farther south). No damage or beach erosion was reported at the Cameron County public and resort areas of South Padre, but there may have been minor erosion along the Kenedy County coast.  Backside northwest to west flow during the evening of the 25th, well after Harvey had passed north of the Lower Texas coast, trapped or enhanced water levels for one final high tide cycle during the evening especially along west-facing shores of Laguna Madre.||The heaviest rainfall spared most of the Lower Texas coast, with the highest reported at the cooperative site 7 miles east of Sarita (northeast Kenedy) with only 2.27 inches.  Bias corrected radar indicated a sliver of 3 to 4 inches near Baffin Bay and the Gulf intersection at the northeast tip of Kenedy County, which was absorbed easily on sandy soil.",16
723649,BRAZORIA (ZONE), ,08/25/2017,1200,Tropical Storm, , ,0,0,0,0,TX,CST-6, ,119753,Z,237,HGX,0,0,Emergency Manager, , , , , , , , ,08/30/2017,0, , , , ,"Slow moving Tropical Storm Harvey produced torrential rains and catastrophic flooding. Several tornadoes touched down. Major to record flooding occurred along the Brazos and San Bernard Rivers and several other creeks and tributaries including Oyster Creek. Flooding caused an estimated $2 billion in damage. See Flash Flood event report for more details.","Harvey made landfall as a category 4 hurricane near Rockport, Texas during the evening of August 25th. The storm then weakened to a tropical storm and slowed,  looping back and tracking over SE Texas then back over the Gulf of Mexico making a second landfall along the Louisiana coast during the early morning hours of August 30th. Over that 5 day period over Southeast Texas TS Harvey produced catastrophic flooding with a large area of 30 to 60 inches of rain, 23 tornadoes, tropical storm force winds and a moderate storm surge near Matagorda Bay.  In some of the heavier bands rain fell at a rate of over 5 inches per hour. This copious record amount of rain over a  led to catastrophic flooding. Thousands of homes, businesses, and roads were flooded due to flash flooding and sheet flow from long duration intense rain. Main stem rivers and adjoining tributaries, creeks and bayous reached full capacity and came out of their banks and this also contributed to the massive flooding across southeastern Texas.",17
723656,WHARTON (ZONE), ,08/25/2017,1200,Tropical Storm, , ,0,0,200000000,0,TX,CST-6, ,119753,Z,226,HGX,0,0,Emergency Manager, , , , , , , , ,08/30/2017,0, , , , ,"Slow moving Tropical Storm Harvey produced widespread catastrophic flooding across Wharton County. Major to record flooding occurred along the Colorado and San Bernard Rivers and several other creeks and tributaries. Two tornadoes were reported.","Harvey made landfall as a category 4 hurricane near Rockport, Texas during the evening of August 25th. The storm then weakened to a tropical storm and slowed,  looping back and tracking over SE Texas then back over the Gulf of Mexico making a second landfall along the Louisiana coast during the early morning hours of August 30th. Over that 5 day period over Southeast Texas TS Harvey produced catastrophic flooding with a large area of 30 to 60 inches of rain, 23 tornadoes, tropical storm force winds and a moderate storm surge near Matagorda Bay.  In some of the heavier bands rain fell at a rate of over 5 inches per hour. This copious record amount of rain over a  led to catastrophic flooding. Thousands of homes, businesses, and roads were flooded due to flash flooding and sheet flow from long duration intense rain. Main stem rivers and adjoining tributaries, creeks and bayous reached full capacity and came out of their banks and this also contributed to the massive flooding across southeastern Texas.",18
723652,AUSTIN (ZONE), ,08/25/2017,1200,Tropical Storm, , ,0,0,0,0,TX,CST-6, ,119753,Z,211,HGX,0,0,Local Official, , , , , , , , ,08/29/2017,1200, , , , ,"Slow moving Tropical Storm Harvey brought heavy rains and flooding to portions of Brazos, Burleson, Austin, Grimes, Washington and Madison Counties. Moderate to major lowland flooding occurred along rivers and numerous creeks and tributaries. This includes the Brazos at San Felipe, Davison Creek, etc.","Harvey made landfall as a category 4 hurricane near Rockport, Texas during the evening of August 25th. The storm then weakened to a tropical storm and slowed,  looping back and tracking over SE Texas then back over the Gulf of Mexico making a second landfall along the Louisiana coast during the early morning hours of August 30th. Over that 5 day period over Southeast Texas TS Harvey produced catastrophic flooding with a large area of 30 to 60 inches of rain, 23 tornadoes, tropical storm force winds and a moderate storm surge near Matagorda Bay.  In some of the heavier bands rain fell at a rate of over 5 inches per hour. This copious record amount of rain over a  led to catastrophic flooding. Thousands of homes, businesses, and roads were flooded due to flash flooding and sheet flow from long duration intense rain. Main stem rivers and adjoining tributaries, creeks and bayous reached full capacity and came out of their banks and this also contributed to the massive flooding across southeastern Texas.",19
723651,BURLESON (ZONE), ,08/25/2017,1200,Tropical Storm, , ,0,0,20000000,0,TX,CST-6, ,119753,Z,195,HGX,0,0,Local Official, , , , , , , , ,08/29/2017,1200, , , , ,"Slow moving Tropical Storm Harvey brought heavy rains and flooding to portions of Brazos, Burleson, Austin, Grimes, Washington and Madison Counties. Moderate to major lowland flooding occurred along rivers and numerous creeks and tributaries. This includes the Brazos at San Felipe, Davison Creek, etc.","Harvey made landfall as a category 4 hurricane near Rockport, Texas during the evening of August 25th. The storm then weakened to a tropical storm and slowed,  looping back and tracking over SE Texas then back over the Gulf of Mexico making a second landfall along the Louisiana coast during the early morning hours of August 30th. Over that 5 day period over Southeast Texas TS Harvey produced catastrophic flooding with a large area of 30 to 60 inches of rain, 23 tornadoes, tropical storm force winds and a moderate storm surge near Matagorda Bay.  In some of the heavier bands rain fell at a rate of over 5 inches per hour. This copious record amount of rain over a  led to catastrophic flooding. Thousands of homes, businesses, and roads were flooded due to flash flooding and sheet flow from long duration intense rain. Main stem rivers and adjoining tributaries, creeks and bayous reached full capacity and came out of their banks and this also contributed to the massive flooding across southeastern Texas.",20
723650,BRAZOS (ZONE), ,08/25/2017,1200,Tropical Storm, , ,0,0,15000000,0,TX,CST-6, ,119753,Z,196,HGX,0,0,Local Official, , , , , , , , ,08/29/2017,1200, , , , ,"Slow moving Tropical Storm Harvey brought heavy rains and flooding to portions of Brazos, Burleson, Austin, Grimes, Washington and Madison Counties. Moderate to major lowland flooding occurred along rivers and numerous creeks and tributaries. This includes the Brazos at San Felipe, Davison Creek, etc.","Harvey made landfall as a category 4 hurricane near Rockport, Texas during the evening of August 25th. The storm then weakened to a tropical storm and slowed,  looping back and tracking over SE Texas then back over the Gulf of Mexico making a second landfall along the Louisiana coast during the early morning hours of August 30th. Over that 5 day period over Southeast Texas TS Harvey produced catastrophic flooding with a large area of 30 to 60 inches of rain, 23 tornadoes, tropical storm force winds and a moderate storm surge near Matagorda Bay.  In some of the heavier bands rain fell at a rate of over 5 inches per hour. This copious record amount of rain over a  led to catastrophic flooding. Thousands of homes, businesses, and roads were flooded due to flash flooding and sheet flow from long duration intense rain. Main stem rivers and adjoining tributaries, creeks and bayous reached full capacity and came out of their banks and this also contributed to the massive flooding across southeastern Texas.",21
723659,CHAMBERS (ZONE), ,08/25/2017,1200,Tropical Storm, , ,0,0,1000000,0,TX,CST-6, ,119753,Z,214,HGX,0,0,Emergency Manager, , , , , , , , ,08/30/2017,1200, , , , ,"Slow moving Tropical Storm Harvey produced torrential rainfall across Liberty and Chambers Counties. Major to record flooding occurred along the Trinity River and along numerous creeks and tributaries.","Harvey made landfall as a category 4 hurricane near Rockport, Texas during the evening of August 25th. The storm then weakened to a tropical storm and slowed,  looping back and tracking over SE Texas then back over the Gulf of Mexico making a second landfall along the Louisiana coast during the early morning hours of August 30th. Over that 5 day period over Southeast Texas TS Harvey produced catastrophic flooding with a large area of 30 to 60 inches of rain, 23 tornadoes, tropical storm force winds and a moderate storm surge near Matagorda Bay.  In some of the heavier bands rain fell at a rate of over 5 inches per hour. This copious record amount of rain over a  led to catastrophic flooding. Thousands of homes, businesses, and roads were flooded due to flash flooding and sheet flow from long duration intense rain. Main stem rivers and adjoining tributaries, creeks and bayous reached full capacity and came out of their banks and this also contributed to the massive flooding across southeastern Texas.",22
723657,WALLER (ZONE), ,08/25/2017,1200,Tropical Storm, , ,0,0,350000000,0,TX,CST-6, ,119753,Z,212,HGX,0,0,Emergency Manager, , , , , , , , ,08/29/2017,1200, , , , ,"Slow moving Tropical Storm Harvey brought heavy rains and flooding to portions of Waller County. Moderate to major lowland flooding occurred along rivers and numerous creeks and tributaries. This includes the Brazos at San Felipe, and the San Bernard at East Bernard.","Harvey made landfall as a category 4 hurricane near Rockport, Texas during the evening of August 25th. The storm then weakened to a tropical storm and slowed,  looping back and tracking over SE Texas then back over the Gulf of Mexico making a second landfall along the Louisiana coast during the early morning hours of August 30th. Over that 5 day period over Southeast Texas TS Harvey produced catastrophic flooding with a large area of 30 to 60 inches of rain, 23 tornadoes, tropical storm force winds and a moderate storm surge near Matagorda Bay.  In some of the heavier bands rain fell at a rate of over 5 inches per hour. This copious record amount of rain over a  led to catastrophic flooding. Thousands of homes, businesses, and roads were flooded due to flash flooding and sheet flow from long duration intense rain. Main stem rivers and adjoining tributaries, creeks and bayous reached full capacity and came out of their banks and this also contributed to the massive flooding across southeastern Texas.",23
723654,WASHINGTON (ZONE), ,08/25/2017,1200,Tropical Storm, , ,0,0,150000000,0,TX,CST-6, ,119753,Z,197,HGX,0,0,Local Official, , , , , , , , ,08/29/2017,1200, , , , ,"Slow moving Tropical Storm Harvey brought heavy rains and flooding to portions of Brazos, Burleson, Austin, Grimes, Washington and Madison Counties. Moderate to major lowland flooding occurred along rivers and numerous creeks and tributaries. This includes the Brazos at San Felipe, Davison Creek, etc.","Harvey made landfall as a category 4 hurricane near Rockport, Texas during the evening of August 25th. The storm then weakened to a tropical storm and slowed,  looping back and tracking over SE Texas then back over the Gulf of Mexico making a second landfall along the Louisiana coast during the early morning hours of August 30th. Over that 5 day period over Southeast Texas TS Harvey produced catastrophic flooding with a large area of 30 to 60 inches of rain, 23 tornadoes, tropical storm force winds and a moderate storm surge near Matagorda Bay.  In some of the heavier bands rain fell at a rate of over 5 inches per hour. This copious record amount of rain over a  led to catastrophic flooding. Thousands of homes, businesses, and roads were flooded due to flash flooding and sheet flow from long duration intense rain. Main stem rivers and adjoining tributaries, creeks and bayous reached full capacity and came out of their banks and this also contributed to the massive flooding across southeastern Texas.",24
723653,GRIMES (ZONE), ,08/25/2017,1200,Tropical Storm, , ,0,0,50000000,0,TX,CST-6, ,119753,Z,198,HGX,0,0,Local Official, , , , , , , , ,08/29/2017,1200, , , , ,"Slow moving Tropical Storm Harvey brought heavy rains and flooding to portions of Brazos, Burleson, Austin, Grimes, Washington and Madison Counties. Moderate to major lowland flooding occurred along rivers and numerous creeks and tributaries. This includes the Brazos at San Felipe, Davison Creek, etc.","Harvey made landfall as a category 4 hurricane near Rockport, Texas during the evening of August 25th. The storm then weakened to a tropical storm and slowed,  looping back and tracking over SE Texas then back over the Gulf of Mexico making a second landfall along the Louisiana coast during the early morning hours of August 30th. Over that 5 day period over Southeast Texas TS Harvey produced catastrophic flooding with a large area of 30 to 60 inches of rain, 23 tornadoes, tropical storm force winds and a moderate storm surge near Matagorda Bay.  In some of the heavier bands rain fell at a rate of over 5 inches per hour. This copious record amount of rain over a  led to catastrophic flooding. Thousands of homes, businesses, and roads were flooded due to flash flooding and sheet flow from long duration intense rain. Main stem rivers and adjoining tributaries, creeks and bayous reached full capacity and came out of their banks and this also contributed to the massive flooding across southeastern Texas.",25
723658,LIBERTY (ZONE), ,08/25/2017,1200,Tropical Storm, , ,0,0,1000000000,0,TX,CST-6, ,119753,Z,200,HGX,0,0,Emergency Manager, , , , , , , , ,08/30/2017,0, , , , ,"Slow moving Tropical Storm Harvey produced torrential rainfall across Liberty and Chambers Counties. Major to record flooding occurred along the Trinity River and along numerous creeks and tributaries.","Harvey made landfall as a category 4 hurricane near Rockport, Texas during the evening of August 25th. The storm then weakened to a tropical storm and slowed,  looping back and tracking over SE Texas then back over the Gulf of Mexico making a second landfall along the Louisiana coast during the early morning hours of August 30th. Over that 5 day period over Southeast Texas TS Harvey produced catastrophic flooding with a large area of 30 to 60 inches of rain, 23 tornadoes, tropical storm force winds and a moderate storm surge near Matagorda Bay.  In some of the heavier bands rain fell at a rate of over 5 inches per hour. This copious record amount of rain over a  led to catastrophic flooding. Thousands of homes, businesses, and roads were flooded due to flash flooding and sheet flow from long duration intense rain. Main stem rivers and adjoining tributaries, creeks and bayous reached full capacity and came out of their banks and this also contributed to the massive flooding across southeastern Texas.",26
723655,MADISON (ZONE), ,08/25/2017,1200,Tropical Storm, , ,0,0,80000000,0,TX,CST-6, ,119753,Z,176,HGX,0,0,Local Official, , , , , , , , ,08/29/2017,1200, , , , ,"Slow moving Tropical Storm Harvey brought heavy rains and flooding to portions of Brazos, Burleson, Austin, Grimes, Washington and Madison Counties. Moderate to major lowland flooding occurred along rivers and numerous creeks and tributaries. This includes the Brazos at San Felipe, Davison Creek, etc.","Harvey made landfall as a category 4 hurricane near Rockport, Texas during the evening of August 25th. The storm then weakened to a tropical storm and slowed,  looping back and tracking over SE Texas then back over the Gulf of Mexico making a second landfall along the Louisiana coast during the early morning hours of August 30th. Over that 5 day period over Southeast Texas TS Harvey produced catastrophic flooding with a large area of 30 to 60 inches of rain, 23 tornadoes, tropical storm force winds and a moderate storm surge near Matagorda Bay.  In some of the heavier bands rain fell at a rate of over 5 inches per hour. This copious record amount of rain over a  led to catastrophic flooding. Thousands of homes, businesses, and roads were flooded due to flash flooding and sheet flow from long duration intense rain. Main stem rivers and adjoining tributaries, creeks and bayous reached full capacity and came out of their banks and this also contributed to the massive flooding across southeastern Texas.",27
723647,JACKSON (ZONE), ,08/25/2017,1200,Tropical Storm, , ,0,0,500000000,0,TX,CST-6, ,119753,Z,235,HGX,0,0,Emergency Manager, , , , , , , , ,08/29/2017,1200, , , , ,"Harvey made landfall as a category 4 hurricane near Rockport, Texas during the evening of August 25th then slowed and looped back tracking over SE Texas, back over the Gulf of Mexico then making a second landfall along the Louisiana coast during the early morning hours of August 30th. Matagorda and Jackson counties experienced moderate storm surge along Matagorda Bay, Tropical Storm force winds and major lowland flooding along the Palacious and Navidad Rivers.","Harvey made landfall as a category 4 hurricane near Rockport, Texas during the evening of August 25th. The storm then weakened to a tropical storm and slowed,  looping back and tracking over SE Texas then back over the Gulf of Mexico making a second landfall along the Louisiana coast during the early morning hours of August 30th. Over that 5 day period over Southeast Texas TS Harvey produced catastrophic flooding with a large area of 30 to 60 inches of rain, 23 tornadoes, tropical storm force winds and a moderate storm surge near Matagorda Bay.  In some of the heavier bands rain fell at a rate of over 5 inches per hour. This copious record amount of rain over a  led to catastrophic flooding. Thousands of homes, businesses, and roads were flooded due to flash flooding and sheet flow from long duration intense rain. Main stem rivers and adjoining tributaries, creeks and bayous reached full capacity and came out of their banks and this also contributed to the massive flooding across southeastern Texas.",28
723646,MATAGORDA (ZONE), ,08/25/2017,1200,Tropical Storm, , ,0,0,500000000,0,TX,CST-6, ,119753,Z,236,HGX,0,0,Emergency Manager, , , , , , , , ,08/29/2017,1200, , , , ,"Harvey made landfall as a category 4 hurricane near Rockport, Texas during the evening of August 25th then slowed and looped back tracking over SE Texas, back over the Gulf of Mexico then making a second landfall along the Louisiana coast during the early morning hours of August 30th. Matagorda and Jackson counties experienced moderate storm surge along Matagorda Bay, Tropical Storm force winds and major lowland flooding along the Palacious and Navidad Rivers.","Harvey made landfall as a category 4 hurricane near Rockport, Texas during the evening of August 25th. The storm then weakened to a tropical storm and slowed,  looping back and tracking over SE Texas then back over the Gulf of Mexico making a second landfall along the Louisiana coast during the early morning hours of August 30th. Over that 5 day period over Southeast Texas TS Harvey produced catastrophic flooding with a large area of 30 to 60 inches of rain, 23 tornadoes, tropical storm force winds and a moderate storm surge near Matagorda Bay.  In some of the heavier bands rain fell at a rate of over 5 inches per hour. This copious record amount of rain over a  led to catastrophic flooding. Thousands of homes, businesses, and roads were flooded due to flash flooding and sheet flow from long duration intense rain. Main stem rivers and adjoining tributaries, creeks and bayous reached full capacity and came out of their banks and this also contributed to the massive flooding across southeastern Texas.",29
720459,GALVESTON CO.,GALVESTON,08/25/2017,1318,Tornado, ,EF0,0,0,500,0,TX,CST-6, ,119753,C,167,HGX,0,0,Public, ,0.12,20,3,ENE,3,ENE,GALVESTON,08/25/2017,1319,29.3104,-94.7699,29.3122,-94.77,"Funnel cloud sighting with fence damage near Ferry Road.","Harvey made landfall as a category 4 hurricane near Rockport, Texas during the evening of August 25th. The storm then weakened to a tropical storm and slowed,  looping back and tracking over SE Texas then back over the Gulf of Mexico making a second landfall along the Louisiana coast during the early morning hours of August 30th. Over that 5 day period over Southeast Texas TS Harvey produced catastrophic flooding with a large area of 30 to 60 inches of rain, 23 tornadoes, tropical storm force winds and a moderate storm surge near Matagorda Bay.  In some of the heavier bands rain fell at a rate of over 5 inches per hour. This copious record amount of rain over a  led to catastrophic flooding. Thousands of homes, businesses, and roads were flooded due to flash flooding and sheet flow from long duration intense rain. Main stem rivers and adjoining tributaries, creeks and bayous reached full capacity and came out of their banks and this also contributed to the massive flooding across southeastern Texas.",30
720460,BRAZORIA CO.,PERRY LNDG,08/25/2017,1430,Tornado, ,EF0,0,0,30000,0,TX,CST-6, ,119753,C,39,HGX,0,0,NWS Storm Survey, ,0.23,30,0,WNW,0,NW,PERRY LNDG,08/25/2017,1431,28.9811,-95.483,28.9837,-95.4854,"Very brief tornado touched down near HWY 36 with numerous trees snapped or downed. Barn also damaged.","Harvey made landfall as a category 4 hurricane near Rockport, Texas during the evening of August 25th. The storm then weakened to a tropical storm and slowed,  looping back and tracking over SE Texas then back over the Gulf of Mexico making a second landfall along the Louisiana coast during the early morning hours of August 30th. Over that 5 day period over Southeast Texas TS Harvey produced catastrophic flooding with a large area of 30 to 60 inches of rain, 23 tornadoes, tropical storm force winds and a moderate storm surge near Matagorda Bay.  In some of the heavier bands rain fell at a rate of over 5 inches per hour. This copious record amount of rain over a  led to catastrophic flooding. Thousands of homes, businesses, and roads were flooded due to flash flooding and sheet flow from long duration intense rain. Main stem rivers and adjoining tributaries, creeks and bayous reached full capacity and came out of their banks and this also contributed to the massive flooding across southeastern Texas.",31
720926,NUECES (ZONE), ,08/25/2017,1500,Storm Surge/Tide, , ,0,0,300000000,0,TX,CST-6, ,119859,Z,243,CRP,0,0,NWS Storm Survey, , , , , , , , ,08/26/2017,1800, , , , ,"Storm tides were from 6 to 8 feet in Port Aransas as the storm surge entered from the west from Corpus Christi and Redfish Bays. Numerous boats were damaged or destroyed and pushed out of their moorings onto high ground. A large drill boat broke loose, destroyed a pier, and became grounded along the jetty. Two tugs broke loose near the Gulf Intracoastal Waterway with one becoming grounded and the other sinking. Two ferries were damaged when they were pinned against the loading dock. The storm surge inundated Highway 361 along a 10 miles stretch from near the Mustang Island State Park to Port Aransas with the water several feet deep. A few boats became moored near Packery Channel. The Arnold Palmer designed golf course at Palmilla Beach south of Port Aransas was inundated by storm surge with water covering most of the course. Storm tide of 4 to 6 feet impacted residences and businesses in Padre Island from the Laguna Madre. Storm surge caused major damage to 520 homes and minor damage to 1327 homes. Storm surge affected an additional 2200 homes. The Port of Corpus Christi was shutdown for a record 6 days. Port Aransas Independent School District lost 8 buses due to damage from salt water.","Major Hurricane Harvey impacted the Middle Texas coast on August 25th and 26th. Harvey was the first category 4 hurricane to strike Texas since Hurricane Carla in 1961. Harvey severely affected the cities of Rockport, Fulton, Port Aransas, Aransas Pass, Ingleside, Holiday Beach, and Refugio. Minor to moderate damage occurred in cities of Portland, Corpus Christi, Seadrift, Woodsboro, Port Lavaca, Goliad, and Victoria.||Harvey weakened to a tropical wave as the system moved across the Caribbean Sea and the Yucatan peninsula from August 18th until the 22nd. Harvey formed into a tropical depression over the southern Gulf of Mexico on the morning of August 23rd. Harvey rapidly intensified from a tropical depression to a major hurricane in 40 hours as it moved northwest toward the Texas coast. Harvey continued to intensify as it approached the Middle Texas coast on August 25th and made landfall as a Category 4 hurricane during the evening hours. Harvey was the first major hurricane to make landfall on the Middle Texas coast since Hurricane Celia in August of 1970. ||Hurricane Harvey slowed down after landfall and weakened into a tropical storm on the afternoon of the 26th. Tropical Storm Harvey became nearly stationary west of Cuero from the evening of the 26th through the morning of the 27th. Harvey drifted southeastward across the Victoria Crossroads on the afternoon of the 27th. Harvey then moved into Matagorda Bay during the morning hours of the 28th and back into northwest Gulf of Mexico later that afternoon. Tropical storm conditions persisted near the northern portion of the Middle Texas coast into the early morning hours of the 29th.||Hurricane Harvey moved inland in Aransas County on San Jose Island around 830 PM CDT August 25th. Harvey had a minimum central pressure of 938 millibars and produced a maximum storm surge of 12.5 feet. Maximum sustained winds were estimated at 130 mph (115 knots) with gusts to 160 mph (140 knots).  In South Texas, the maximum recorded rainfall from Hurricane Harvey was 17.08 inches 4 miles northwest of Victoria. Radar estimates were close to 20 inches over eastern portions of Refugio County. The height of the storm tide, referenced to mean higher high water, ranged from 3 to 5 feet on northern Padre Island and around Port O'Connor to a maximum of 12.5 feet in northeast Aransas County in the Aransas National Wildlife Refuge near San Antonio Bay. Storm tide levels in the interior bays were generally from 5 to 8 feet with higher amounts near 10 feet on the south end of Copano Bay, the north end of Aransas Bay, and the north end of Lavaca Bay. ||There were no direct fatalities from Hurricane Harvey on the Middle Texas Coast. There were 2 indirect fatalities in Rockport and 1 near Bloomington. All of the associated affects from Hurricane Harvey in South Texas from August 25th to August 27th resulted in 14 injuries, $4.5 billion in property damage, and around $65 million in crop damage. Specifically in South Texas, Harvey's inland flooding resulted in $5 million in property damage. One tornado near Seadrift resulted in $10 thousand in property damage. The powerful winds resulted in 14 injuries, $4 billion in property damage, and $65 million in crop damage. The storm tide resulted in $530 million in property damage and a number of drowned livestock. Damage estimates to public property and infrastructure was $130 million in South Texas.||Hurricane Harvey blew down or damaged around 550 power transmission structures. American Electric Power (AEP) repaired or replaced around 5000 distribution poles that were blown down or damaged by Harvey. Almost four million total feet of transmission and distribution conductor were replaced, approximately 712 miles. Power was restored to around 200,000 customers within 2 weeks.||In Aransas County, widespread major damage occurred across the county with a few areas having catastrophic damage. Catastrophic damage was located across Copano Village, Holiday Beach, and Lamar with many homes, some elevated, with second stories completely collapsed. Nearly every structure was greatly impacted. A couple of brick homes were destroyed near Copano Village. Catastrophic damage occurred to homes in the Copano Ridge area. Nearly all the trees in the Holiday Beach, Lamar, and Goose Island State Park area were without leaves with many trees snapped or uprooted. Most of Rockport and Fulton experienced widespread major structural damage. Several homes in the Key Allegro subdivision collapsed. Exterior walls collapsed on the high school gymnasium, on several churches, and on several new hotels. Upper floors of several apartment buildings were removed. Mobile homes and recreational vehicles were demolished. Billboard signs were blown down. Numerous power poles were blown down or snapped. Six hangars were demolished at the Aransas County Airport along with many airplanes. The county remained without power for 2 to 3 weeks. A mesonet wind sensor at Aransas County Airport recorded sustained winds around 110 mph with a peak gust to 150 mph. Nearly 1500 homes were destroyed, almost 3800 homes suffered major damage, and 5350 homes suffered minor damage. There were 175 businesses with major damage. Storm surge greatly impacted Holiday Beach and Copano Village. The surge punched holes through walls and garage doors on the lower portions of most homes. The surge floated vehicles, recreational vehicles, and boats well inland. The surge approached and flowed across Egery Island Road and Farm to Market 136 in several locations south of Bayside in extreme western Aransas County. Numerous cattle were killed north of Holiday Beach. A large portion of Rattlesnake Point Road was eroded and washed away heading out to Redfish Lodge on Copano Bay. The pier south of the lodge was completely washed away. Storm surge of 4 to 5 feet was common across the county. The maximum storm surge of 12.5 feet occurred in the Aransas National Wildlife Refuge. There were 356 homes that received major damage from storm surge and there were 1126 homes that received minor damage from storm surge. There were 1200 homes that were affected by storm surge. From NOAA photos, there were 14 cuts formed on the southern end of San Jose Island.||In Nueces County, the most significant damage was in Port Aransas where widespread major damage occurred. There were 4170 homes that received major damage and 1036 homes destroyed. Most homes suffered major roof damage while some homes lost roofs and walls collapsed. There were 457 businesses with major damage and slightly more than 1100 homes with minor damage. Mobile homes and recreational vehicles were demolished. Numerous power poles were blown down or snapped. The roofs were damaged at the elementary, middle, and high schools for Port Aransas leading to water damage in the interior. In Corpus Christi, widespread minor property damage was common due to lost shingles and fences down. Some residences and businesses experienced moderate damage mainly across the northern part of the city. Taller buildings downtown suffered more significant damage and lost signs. A few highway signs were blown down. Minor roof damage was common to residences and business in North Padre Island with some areas with moderate damage. Peak wind gusts measured were around 130 mph in Port Aransas. Storm tides were from 6 to 8 feet in Port Aransas as the storm surge entered from the west from Corpus Christi and Redfish Bays. Numerous boats were damaged or destroyed and pushed out of their moorings onto high ground. A large drill boat broke loose, destroyed a pier, and became grounded along the jetty. Two tugs broke loose near the Gulf Intracoastal Waterway with one becoming grounded and the other sinking. Two ferries were damaged when they were pinned against the loading dock. The storm surge inundated Highway 361 along a 10 miles stretch from near the Mustang Island State Park to Port Aransas with the water several feet deep. A few boats became moored near Packery Channel. The Arnold Palmer designed golf course at Palmilla Beach south of Port Aransas was inundated by storm surge with water covering most of the course. Storm tide of 4 to 6 feet impacted residences and businesses in Padre Island from the Laguna Madre. Storm surge caused major damage to 520 homes and minor damage to 1327 homes. Storm surge affected an additional 2200 homes. The Port of Corpus Christi was shutdown for a record 6 days. Port Aransas Independent School District lost 8 buses due to damage from salt water.||In Calhoun County, minor to moderate property damage was common across the city of Port Lavaca with large areas of siding removed from a few well constructed homes. The tops of grain bins in Port Lavaca were peeled off. Numerous trees were blown down in the community of Seadrift. Many homes experienced minor to moderate roof and property damage. Some poorly constructed homes experienced major roof damage. In Port O'Connor, numerous trees were blown down with three quarters of the community experiencing minor roof damage. A few power poles were blown down. Minor to moderate roof damage occurred at Magnolia Beach, Alamo Beach, and Indianola. Over 2100 homes and 72 businesses received major damage while 421 homes were destroyed. There were 1865 homes with minor damage and 1575 homes affected. There was significant damage to the cotton crop in the county. Hundreds of acres unharvested cotton were ruined in the fields. Harvested cotton in modules and bales were damaged by the wind or blown into water filled ditches. The highest wind speed measured was 82 mph with gusts to 110 mph northwest of Seadrift. Storm tides averaged from 6 to 8 feet across Calhoun County with maximum tide levels around 10 feet recorded on the north end of Lavaca Bay while lower tides from 3 to 5 feet occurred from Port O'Connor to southeast of Seadrift next to Espiritu Santo Bay. In Port Lavaca, water from Chocolate Bay inundated the public boat ramp near Buren Road. The lower half of Buren Road was inundated. The entire marina along Lavaca Bay was strongly impacted with 16 boats declared a total loss with many of them sinking in the marina. Several boats were grounded next to the marina. The Bayfront Peninsula Park was inundated. Areas east of Broadway street were inundated with water reaching across Highway 35 in the area near Lighthouse Beach. Piers at Lighthouse Beach Park and Bayfront Peninsula Park were destroyed. Nearly the entire marina in Seadrift was inundated from storm surge with several boats grounded on the marina parking lot. Most of the wooden docks at the marina and a few wooden piers were destroyed. The storm surge reached Bay Avenue almost reaching the beachfront pavilion. Storm surge entered homes near the Bay Avenue and Orange Street intersection. In Magnolia Beach and Indianola, storm surge flooded nearly all of Magnolia Public Beach and crossed North Ocean Drive in a few spots. A few areas of South Ocean Drive near Indianola were inundated. Several older wooden docks and piers were destroyed. In Port O'Connor, storm surge from Matagorda Bay reached half of the way up Kingfisher Beach toward Park Street. The storm surge caused major damage to 56 homes, minor damage to 322 homes, and affected 446 homes across the county. A thousand foot cut was made through Matagorda Island.||In San Patricio County, the worst damage was confined to the eastern half of the county. Almost 8700 homes were affected by the hurricane. There were 155 homes destroyed, 425 homes with major damage, and slightly more than 3300 homes with minor damage. There were 72 businesses with major damage. The hardest hit areas were Aransas Pass and Ingleside where major damage occurred. Widespread roof damage and tree damage occurred in this area. Numerous large power poles were blown down across the eastern half of the county. The water tower in Aransas Pass was destroyed. Roof damage led to extensive interior damage to the Care Regional Medical Center in Aransas Pass. Power outage was widespread with some areas without power for over a week. There was widespread minor roof damage and fences blown down in Portland along with a few trees blown down. Minor roof damage occurred in Taft and a car wash was destroyed. A couple of grain silos at the Midway Gin near Taft were toppled over. Crop damage to cotton stored in modules occurred in the eastern part of the county. The peak wind recorded was in Aransas Pass with sustained wind speed of 100 mph with gusts to 135 mph at Conn Brown Harbor. Survey from the United States Geologic Survey (USGS) indicated a storm tide of around 4 feet impacted the area from Ingleside On-the-Bay to Aransas Pass. Numerous wooden piers and docks were damaged or destroyed. A couple of boats were damaged in the Conn Brown Harbor in Aransas Pass. Major flooding was experienced in the low part of Aransas Pass adjacent to the levee. One home suffered major damage from storm surge while 40 homes had minor damage. Around 540 homes were affected by storm surge.||In Refugio County, widespread moderate structural damage with pockets of major structural damage occurred in Refugio. Most homes and businesses had roof damage, broken windows, and damaged garage doors. Two motels received significant damage to their roofs. Gas station canopies and many signs were destroyed. A few brick structures experienced moderate damage. Numerous trees and power poles were blown down. Roof damage occurred to several churches, every school building in the district except for the athletic facility. The school gymnasiums and auditorium lost portion of their roofs. Several trailer homes and storage buildings were destroyed. There was widespread tree damage with a few very large trees completely uprooted. Widespread moderate structural damage occurred in Bayside, Austwell, and Tivoli. Numerous trees and power poles were blown down including some high tension power poles. In Woodsboro, widespread minor to moderate damage occurred with a few poorly constructed homes with major damage. The elementary gymnasium and auditorium roofs were blown off. Numerous trees and a few power poles were blown down. The Bayside Richardson Coop Gin near Woodsboro sustained major damage and 30 thousand bales of cotton in storage modules were damaged. A sensor deployed by Texas Tech measured sustained winds of 106 mph with gusts to 125 mph just west of Mission Bay before the sensor was hit by debris. Another sensor showed wind speed of 102 mph with gusts to 129 mph north of the intersection of Highway 35 and Farm to Market Road 774 in eastern Refugio County. Around 440 homes were destroyed, around 1050 homes experienced major damage, and 66 businesses suffered major damage. Around 750 homes had minor damage with another 310 homes affected. Storm tide varied across the bay areas of the county. The higher storm tides affected the northeast part of the county as the storm surge pushed in from San Antonio Bay. Storm surge reached 10 feet east of Tivoli near the mouth of the Guadalupe River. Storm tides were lower on the west side of Copano Bay with storm surge only reaching 3 to 4 feet. Water covered Farm to Market Road 136 near the Copano Bay Bridge. Only 2 homes were affected by storm surge in the county.||In Goliad County, widespread minor roof damage occurred in the city of Goliad. Numerous trees and a few power poles were blown down across the county. The roof of the old high school gymnasium was peeled off. A hole was punched in the roof of the new wing of the school. Some class rooms along with the weight room and dressing room suffered water damage. Three families were displaced from homes when roofs and walls collapsed. There was some minor structural damage to some homes in Goliad. Several barns were blown down throughout the county. Some livestock were injured.||In Victoria County, Widespread minor to moderate roof damage occurred in the city of Bloomington. Several mobile homes were destroyed. All but three facilities within the Bloomington school district suffered wind and water damage. Widespread minor roof damage occurred in the city of Victoria. Several trees and a few power poles were blown down. Fences and street signs were blown down across the city. The maximum wind gust recorded in Victoria was 85 mph. Maximum wind gusts in the southern part of the county were around 110 mph. Twenty seven homes were destroyed. Around 75 percent of residential and commercial properties in the county were damaged.   Hundreds of acres of unharvested cotton were damaged in the field. Harvested cotton in modules and bales were damaged also. A few barns and storage buildings were blown down across the county.",32
718740,ARANSAS (ZONE), ,08/25/2017,1500,Storm Surge/Tide, , ,0,0,200000000,0,TX,CST-6, ,119859,Z,245,CRP,0,0,NWS Storm Survey, , , , , , , , ,08/26/2017,2100, , , , ,"Storm surge greatly impacted Holiday Beach and Copano Village. The surge punched holes through walls and garage doors on the lower portions of most homes. The surge floated vehicles, recreational vehicles, and boats well inland. The surge approached and flowed across Egery Island Road and Farm to Market 136 in several locations south of Bayside in extreme western Aransas County. Numerous cattle were killed north of Holiday Beach. A large portion of Rattlesnake Point Road was eroded and washed away heading out to Redfish Lodge on Copano Bay. The pier south of the lodge was completely washed away. Storm surge of 4 to 5 feet was common across the county. The maximum storm surge of 12.5 feet occurred in the Aransas National Wildlife Refuge. There were 356 homes that received major damage from storm surge and there were 1126 homes that received minor damage from storm surge. There were 1200 homes that were affected by storm surge. From NOAA photos, there were 14 cuts formed on the southern end of San Jose Island.","Major Hurricane Harvey impacted the Middle Texas coast on August 25th and 26th. Harvey was the first category 4 hurricane to strike Texas since Hurricane Carla in 1961. Harvey severely affected the cities of Rockport, Fulton, Port Aransas, Aransas Pass, Ingleside, Holiday Beach, and Refugio. Minor to moderate damage occurred in cities of Portland, Corpus Christi, Seadrift, Woodsboro, Port Lavaca, Goliad, and Victoria.||Harvey weakened to a tropical wave as the system moved across the Caribbean Sea and the Yucatan peninsula from August 18th until the 22nd. Harvey formed into a tropical depression over the southern Gulf of Mexico on the morning of August 23rd. Harvey rapidly intensified from a tropical depression to a major hurricane in 40 hours as it moved northwest toward the Texas coast. Harvey continued to intensify as it approached the Middle Texas coast on August 25th and made landfall as a Category 4 hurricane during the evening hours. Harvey was the first major hurricane to make landfall on the Middle Texas coast since Hurricane Celia in August of 1970. ||Hurricane Harvey slowed down after landfall and weakened into a tropical storm on the afternoon of the 26th. Tropical Storm Harvey became nearly stationary west of Cuero from the evening of the 26th through the morning of the 27th. Harvey drifted southeastward across the Victoria Crossroads on the afternoon of the 27th. Harvey then moved into Matagorda Bay during the morning hours of the 28th and back into northwest Gulf of Mexico later that afternoon. Tropical storm conditions persisted near the northern portion of the Middle Texas coast into the early morning hours of the 29th.||Hurricane Harvey moved inland in Aransas County on San Jose Island around 830 PM CDT August 25th. Harvey had a minimum central pressure of 938 millibars and produced a maximum storm surge of 12.5 feet. Maximum sustained winds were estimated at 130 mph (115 knots) with gusts to 160 mph (140 knots).  In South Texas, the maximum recorded rainfall from Hurricane Harvey was 17.08 inches 4 miles northwest of Victoria. Radar estimates were close to 20 inches over eastern portions of Refugio County. The height of the storm tide, referenced to mean higher high water, ranged from 3 to 5 feet on northern Padre Island and around Port O'Connor to a maximum of 12.5 feet in northeast Aransas County in the Aransas National Wildlife Refuge near San Antonio Bay. Storm tide levels in the interior bays were generally from 5 to 8 feet with higher amounts near 10 feet on the south end of Copano Bay, the north end of Aransas Bay, and the north end of Lavaca Bay. ||There were no direct fatalities from Hurricane Harvey on the Middle Texas Coast. There were 2 indirect fatalities in Rockport and 1 near Bloomington. All of the associated affects from Hurricane Harvey in South Texas from August 25th to August 27th resulted in 14 injuries, $4.5 billion in property damage, and around $65 million in crop damage. Specifically in South Texas, Harvey's inland flooding resulted in $5 million in property damage. One tornado near Seadrift resulted in $10 thousand in property damage. The powerful winds resulted in 14 injuries, $4 billion in property damage, and $65 million in crop damage. The storm tide resulted in $530 million in property damage and a number of drowned livestock. Damage estimates to public property and infrastructure was $130 million in South Texas.||Hurricane Harvey blew down or damaged around 550 power transmission structures. American Electric Power (AEP) repaired or replaced around 5000 distribution poles that were blown down or damaged by Harvey. Almost four million total feet of transmission and distribution conductor were replaced, approximately 712 miles. Power was restored to around 200,000 customers within 2 weeks.||In Aransas County, widespread major damage occurred across the county with a few areas having catastrophic damage. Catastrophic damage was located across Copano Village, Holiday Beach, and Lamar with many homes, some elevated, with second stories completely collapsed. Nearly every structure was greatly impacted. A couple of brick homes were destroyed near Copano Village. Catastrophic damage occurred to homes in the Copano Ridge area. Nearly all the trees in the Holiday Beach, Lamar, and Goose Island State Park area were without leaves with many trees snapped or uprooted. Most of Rockport and Fulton experienced widespread major structural damage. Several homes in the Key Allegro subdivision collapsed. Exterior walls collapsed on the high school gymnasium, on several churches, and on several new hotels. Upper floors of several apartment buildings were removed. Mobile homes and recreational vehicles were demolished. Billboard signs were blown down. Numerous power poles were blown down or snapped. Six hangars were demolished at the Aransas County Airport along with many airplanes. The county remained without power for 2 to 3 weeks. A mesonet wind sensor at Aransas County Airport recorded sustained winds around 110 mph with a peak gust to 150 mph. Nearly 1500 homes were destroyed, almost 3800 homes suffered major damage, and 5350 homes suffered minor damage. There were 175 businesses with major damage. Storm surge greatly impacted Holiday Beach and Copano Village. The surge punched holes through walls and garage doors on the lower portions of most homes. The surge floated vehicles, recreational vehicles, and boats well inland. The surge approached and flowed across Egery Island Road and Farm to Market 136 in several locations south of Bayside in extreme western Aransas County. Numerous cattle were killed north of Holiday Beach. A large portion of Rattlesnake Point Road was eroded and washed away heading out to Redfish Lodge on Copano Bay. The pier south of the lodge was completely washed away. Storm surge of 4 to 5 feet was common across the county. The maximum storm surge of 12.5 feet occurred in the Aransas National Wildlife Refuge. There were 356 homes that received major damage from storm surge and there were 1126 homes that received minor damage from storm surge. There were 1200 homes that were affected by storm surge. From NOAA photos, there were 14 cuts formed on the southern end of San Jose Island.||In Nueces County, the most significant damage was in Port Aransas where widespread major damage occurred. There were 4170 homes that received major damage and 1036 homes destroyed. Most homes suffered major roof damage while some homes lost roofs and walls collapsed. There were 457 businesses with major damage and slightly more than 1100 homes with minor damage. Mobile homes and recreational vehicles were demolished. Numerous power poles were blown down or snapped. The roofs were damaged at the elementary, middle, and high schools for Port Aransas leading to water damage in the interior. In Corpus Christi, widespread minor property damage was common due to lost shingles and fences down. Some residences and businesses experienced moderate damage mainly across the northern part of the city. Taller buildings downtown suffered more significant damage and lost signs. A few highway signs were blown down. Minor roof damage was common to residences and business in North Padre Island with some areas with moderate damage. Peak wind gusts measured were around 130 mph in Port Aransas. Storm tides were from 6 to 8 feet in Port Aransas as the storm surge entered from the west from Corpus Christi and Redfish Bays. Numerous boats were damaged or destroyed and pushed out of their moorings onto high ground. A large drill boat broke loose, destroyed a pier, and became grounded along the jetty. Two tugs broke loose near the Gulf Intracoastal Waterway with one becoming grounded and the other sinking. Two ferries were damaged when they were pinned against the loading dock. The storm surge inundated Highway 361 along a 10 miles stretch from near the Mustang Island State Park to Port Aransas with the water several feet deep. A few boats became moored near Packery Channel. The Arnold Palmer designed golf course at Palmilla Beach south of Port Aransas was inundated by storm surge with water covering most of the course. Storm tide of 4 to 6 feet impacted residences and businesses in Padre Island from the Laguna Madre. Storm surge caused major damage to 520 homes and minor damage to 1327 homes. Storm surge affected an additional 2200 homes. The Port of Corpus Christi was shutdown for a record 6 days. Port Aransas Independent School District lost 8 buses due to damage from salt water.||In Calhoun County, minor to moderate property damage was common across the city of Port Lavaca with large areas of siding removed from a few well constructed homes. The tops of grain bins in Port Lavaca were peeled off. Numerous trees were blown down in the community of Seadrift. Many homes experienced minor to moderate roof and property damage. Some poorly constructed homes experienced major roof damage. In Port O'Connor, numerous trees were blown down with three quarters of the community experiencing minor roof damage. A few power poles were blown down. Minor to moderate roof damage occurred at Magnolia Beach, Alamo Beach, and Indianola. Over 2100 homes and 72 businesses received major damage while 421 homes were destroyed. There were 1865 homes with minor damage and 1575 homes affected. There was significant damage to the cotton crop in the county. Hundreds of acres unharvested cotton were ruined in the fields. Harvested cotton in modules and bales were damaged by the wind or blown into water filled ditches. The highest wind speed measured was 82 mph with gusts to 110 mph northwest of Seadrift. Storm tides averaged from 6 to 8 feet across Calhoun County with maximum tide levels around 10 feet recorded on the north end of Lavaca Bay while lower tides from 3 to 5 feet occurred from Port O'Connor to southeast of Seadrift next to Espiritu Santo Bay. In Port Lavaca, water from Chocolate Bay inundated the public boat ramp near Buren Road. The lower half of Buren Road was inundated. The entire marina along Lavaca Bay was strongly impacted with 16 boats declared a total loss with many of them sinking in the marina. Several boats were grounded next to the marina. The Bayfront Peninsula Park was inundated. Areas east of Broadway street were inundated with water reaching across Highway 35 in the area near Lighthouse Beach. Piers at Lighthouse Beach Park and Bayfront Peninsula Park were destroyed. Nearly the entire marina in Seadrift was inundated from storm surge with several boats grounded on the marina parking lot. Most of the wooden docks at the marina and a few wooden piers were destroyed. The storm surge reached Bay Avenue almost reaching the beachfront pavilion. Storm surge entered homes near the Bay Avenue and Orange Street intersection. In Magnolia Beach and Indianola, storm surge flooded nearly all of Magnolia Public Beach and crossed North Ocean Drive in a few spots. A few areas of South Ocean Drive near Indianola were inundated. Several older wooden docks and piers were destroyed. In Port O'Connor, storm surge from Matagorda Bay reached half of the way up Kingfisher Beach toward Park Street. The storm surge caused major damage to 56 homes, minor damage to 322 homes, and affected 446 homes across the county. A thousand foot cut was made through Matagorda Island.||In San Patricio County, the worst damage was confined to the eastern half of the county. Almost 8700 homes were affected by the hurricane. There were 155 homes destroyed, 425 homes with major damage, and slightly more than 3300 homes with minor damage. There were 72 businesses with major damage. The hardest hit areas were Aransas Pass and Ingleside where major damage occurred. Widespread roof damage and tree damage occurred in this area. Numerous large power poles were blown down across the eastern half of the county. The water tower in Aransas Pass was destroyed. Roof damage led to extensive interior damage to the Care Regional Medical Center in Aransas Pass. Power outage was widespread with some areas without power for over a week. There was widespread minor roof damage and fences blown down in Portland along with a few trees blown down. Minor roof damage occurred in Taft and a car wash was destroyed. A couple of grain silos at the Midway Gin near Taft were toppled over. Crop damage to cotton stored in modules occurred in the eastern part of the county. The peak wind recorded was in Aransas Pass with sustained wind speed of 100 mph with gusts to 135 mph at Conn Brown Harbor. Survey from the United States Geologic Survey (USGS) indicated a storm tide of around 4 feet impacted the area from Ingleside On-the-Bay to Aransas Pass. Numerous wooden piers and docks were damaged or destroyed. A couple of boats were damaged in the Conn Brown Harbor in Aransas Pass. Major flooding was experienced in the low part of Aransas Pass adjacent to the levee. One home suffered major damage from storm surge while 40 homes had minor damage. Around 540 homes were affected by storm surge.||In Refugio County, widespread moderate structural damage with pockets of major structural damage occurred in Refugio. Most homes and businesses had roof damage, broken windows, and damaged garage doors. Two motels received significant damage to their roofs. Gas station canopies and many signs were destroyed. A few brick structures experienced moderate damage. Numerous trees and power poles were blown down. Roof damage occurred to several churches, every school building in the district except for the athletic facility. The school gymnasiums and auditorium lost portion of their roofs. Several trailer homes and storage buildings were destroyed. There was widespread tree damage with a few very large trees completely uprooted. Widespread moderate structural damage occurred in Bayside, Austwell, and Tivoli. Numerous trees and power poles were blown down including some high tension power poles. In Woodsboro, widespread minor to moderate damage occurred with a few poorly constructed homes with major damage. The elementary gymnasium and auditorium roofs were blown off. Numerous trees and a few power poles were blown down. The Bayside Richardson Coop Gin near Woodsboro sustained major damage and 30 thousand bales of cotton in storage modules were damaged. A sensor deployed by Texas Tech measured sustained winds of 106 mph with gusts to 125 mph just west of Mission Bay before the sensor was hit by debris. Another sensor showed wind speed of 102 mph with gusts to 129 mph north of the intersection of Highway 35 and Farm to Market Road 774 in eastern Refugio County. Around 440 homes were destroyed, around 1050 homes experienced major damage, and 66 businesses suffered major damage. Around 750 homes had minor damage with another 310 homes affected. Storm tide varied across the bay areas of the county. The higher storm tides affected the northeast part of the county as the storm surge pushed in from San Antonio Bay. Storm surge reached 10 feet east of Tivoli near the mouth of the Guadalupe River. Storm tides were lower on the west side of Copano Bay with storm surge only reaching 3 to 4 feet. Water covered Farm to Market Road 136 near the Copano Bay Bridge. Only 2 homes were affected by storm surge in the county.||In Goliad County, widespread minor roof damage occurred in the city of Goliad. Numerous trees and a few power poles were blown down across the county. The roof of the old high school gymnasium was peeled off. A hole was punched in the roof of the new wing of the school. Some class rooms along with the weight room and dressing room suffered water damage. Three families were displaced from homes when roofs and walls collapsed. There was some minor structural damage to some homes in Goliad. Several barns were blown down throughout the county. Some livestock were injured.||In Victoria County, Widespread minor to moderate roof damage occurred in the city of Bloomington. Several mobile homes were destroyed. All but three facilities within the Bloomington school district suffered wind and water damage. Widespread minor roof damage occurred in the city of Victoria. Several trees and a few power poles were blown down. Fences and street signs were blown down across the city. The maximum wind gust recorded in Victoria was 85 mph. Maximum wind gusts in the southern part of the county were around 110 mph. Twenty seven homes were destroyed. Around 75 percent of residential and commercial properties in the county were damaged.   Hundreds of acres of unharvested cotton were damaged in the field. Harvested cotton in modules and bales were damaged also. A few barns and storage buildings were blown down across the county.",33
720932,CALHOUN (ZONE), ,08/25/2017,1500,Storm Surge/Tide, , ,0,0,30000000,0,TX,CST-6, ,119859,Z,247,CRP,0,0,NWS Storm Survey, , , , , , , , ,08/27/2017,0, , , , ,"Storm tides averaged from 6 to 8 feet across Calhoun County with maximum tide levels around 10 feet recorded on the north end of Lavaca Bay while lower tides from 3 to 5 feet occurred from Port O'Connor to southeast of Seadrift next to Espiritu Santo Bay. In Port Lavaca, water from Chocolate Bay inundated the public boat ramp near Buren Road. The lower half of Buren Road was inundated. The entire marina along Lavaca Bay was strongly impacted with 16 boats declared a total loss with many of them sinking in the marina. Several boats were grounded next to the marina. The Bayfront Peninsula Park was inundated. Areas east of Broadway street were inundated with water reaching across Highway 35 in the area near Lighthouse Beach. Piers at Lighthouse Beach Park and Bayfront Peninsula Park were destroyed. Nearly the entire marina in Seadrift was inundated from storm surge with several boats grounded on the marina parking lot. Most of the wooden docks at the marina and a few wooden piers were destroyed. The storm surge reached Bay Avenue almost reaching the beachfront pavilion. Storm surge entered homes near the Bay Avenue and Orange Street intersection. In Magnolia Beach and Indianola, storm surge flooded nearly all of Magnolia Public Beach and crossed North Ocean Drive in a few spots. A few areas of South Ocean Drive near Indianola were inundated. Several older wooden docks and piers were destroyed. In Port O'Connor, storm surge from Matagorda Bay reached half of the way up Kingfisher Beach toward Park Street. The storm surge caused major damage to 56 homes, minor damage to 322 homes, and affected 446 homes across the county. A thousand foot cut was made through Matagorda Island.","Major Hurricane Harvey impacted the Middle Texas coast on August 25th and 26th. Harvey was the first category 4 hurricane to strike Texas since Hurricane Carla in 1961. Harvey severely affected the cities of Rockport, Fulton, Port Aransas, Aransas Pass, Ingleside, Holiday Beach, and Refugio. Minor to moderate damage occurred in cities of Portland, Corpus Christi, Seadrift, Woodsboro, Port Lavaca, Goliad, and Victoria.||Harvey weakened to a tropical wave as the system moved across the Caribbean Sea and the Yucatan peninsula from August 18th until the 22nd. Harvey formed into a tropical depression over the southern Gulf of Mexico on the morning of August 23rd. Harvey rapidly intensified from a tropical depression to a major hurricane in 40 hours as it moved northwest toward the Texas coast. Harvey continued to intensify as it approached the Middle Texas coast on August 25th and made landfall as a Category 4 hurricane during the evening hours. Harvey was the first major hurricane to make landfall on the Middle Texas coast since Hurricane Celia in August of 1970. ||Hurricane Harvey slowed down after landfall and weakened into a tropical storm on the afternoon of the 26th. Tropical Storm Harvey became nearly stationary west of Cuero from the evening of the 26th through the morning of the 27th. Harvey drifted southeastward across the Victoria Crossroads on the afternoon of the 27th. Harvey then moved into Matagorda Bay during the morning hours of the 28th and back into northwest Gulf of Mexico later that afternoon. Tropical storm conditions persisted near the northern portion of the Middle Texas coast into the early morning hours of the 29th.||Hurricane Harvey moved inland in Aransas County on San Jose Island around 830 PM CDT August 25th. Harvey had a minimum central pressure of 938 millibars and produced a maximum storm surge of 12.5 feet. Maximum sustained winds were estimated at 130 mph (115 knots) with gusts to 160 mph (140 knots).  In South Texas, the maximum recorded rainfall from Hurricane Harvey was 17.08 inches 4 miles northwest of Victoria. Radar estimates were close to 20 inches over eastern portions of Refugio County. The height of the storm tide, referenced to mean higher high water, ranged from 3 to 5 feet on northern Padre Island and around Port O'Connor to a maximum of 12.5 feet in northeast Aransas County in the Aransas National Wildlife Refuge near San Antonio Bay. Storm tide levels in the interior bays were generally from 5 to 8 feet with higher amounts near 10 feet on the south end of Copano Bay, the north end of Aransas Bay, and the north end of Lavaca Bay. ||There were no direct fatalities from Hurricane Harvey on the Middle Texas Coast. There were 2 indirect fatalities in Rockport and 1 near Bloomington. All of the associated affects from Hurricane Harvey in South Texas from August 25th to August 27th resulted in 14 injuries, $4.5 billion in property damage, and around $65 million in crop damage. Specifically in South Texas, Harvey's inland flooding resulted in $5 million in property damage. One tornado near Seadrift resulted in $10 thousand in property damage. The powerful winds resulted in 14 injuries, $4 billion in property damage, and $65 million in crop damage. The storm tide resulted in $530 million in property damage and a number of drowned livestock. Damage estimates to public property and infrastructure was $130 million in South Texas.||Hurricane Harvey blew down or damaged around 550 power transmission structures. American Electric Power (AEP) repaired or replaced around 5000 distribution poles that were blown down or damaged by Harvey. Almost four million total feet of transmission and distribution conductor were replaced, approximately 712 miles. Power was restored to around 200,000 customers within 2 weeks.||In Aransas County, widespread major damage occurred across the county with a few areas having catastrophic damage. Catastrophic damage was located across Copano Village, Holiday Beach, and Lamar with many homes, some elevated, with second stories completely collapsed. Nearly every structure was greatly impacted. A couple of brick homes were destroyed near Copano Village. Catastrophic damage occurred to homes in the Copano Ridge area. Nearly all the trees in the Holiday Beach, Lamar, and Goose Island State Park area were without leaves with many trees snapped or uprooted. Most of Rockport and Fulton experienced widespread major structural damage. Several homes in the Key Allegro subdivision collapsed. Exterior walls collapsed on the high school gymnasium, on several churches, and on several new hotels. Upper floors of several apartment buildings were removed. Mobile homes and recreational vehicles were demolished. Billboard signs were blown down. Numerous power poles were blown down or snapped. Six hangars were demolished at the Aransas County Airport along with many airplanes. The county remained without power for 2 to 3 weeks. A mesonet wind sensor at Aransas County Airport recorded sustained winds around 110 mph with a peak gust to 150 mph. Nearly 1500 homes were destroyed, almost 3800 homes suffered major damage, and 5350 homes suffered minor damage. There were 175 businesses with major damage. Storm surge greatly impacted Holiday Beach and Copano Village. The surge punched holes through walls and garage doors on the lower portions of most homes. The surge floated vehicles, recreational vehicles, and boats well inland. The surge approached and flowed across Egery Island Road and Farm to Market 136 in several locations south of Bayside in extreme western Aransas County. Numerous cattle were killed north of Holiday Beach. A large portion of Rattlesnake Point Road was eroded and washed away heading out to Redfish Lodge on Copano Bay. The pier south of the lodge was completely washed away. Storm surge of 4 to 5 feet was common across the county. The maximum storm surge of 12.5 feet occurred in the Aransas National Wildlife Refuge. There were 356 homes that received major damage from storm surge and there were 1126 homes that received minor damage from storm surge. There were 1200 homes that were affected by storm surge. From NOAA photos, there were 14 cuts formed on the southern end of San Jose Island.||In Nueces County, the most significant damage was in Port Aransas where widespread major damage occurred. There were 4170 homes that received major damage and 1036 homes destroyed. Most homes suffered major roof damage while some homes lost roofs and walls collapsed. There were 457 businesses with major damage and slightly more than 1100 homes with minor damage. Mobile homes and recreational vehicles were demolished. Numerous power poles were blown down or snapped. The roofs were damaged at the elementary, middle, and high schools for Port Aransas leading to water damage in the interior. In Corpus Christi, widespread minor property damage was common due to lost shingles and fences down. Some residences and businesses experienced moderate damage mainly across the northern part of the city. Taller buildings downtown suffered more significant damage and lost signs. A few highway signs were blown down. Minor roof damage was common to residences and business in North Padre Island with some areas with moderate damage. Peak wind gusts measured were around 130 mph in Port Aransas. Storm tides were from 6 to 8 feet in Port Aransas as the storm surge entered from the west from Corpus Christi and Redfish Bays. Numerous boats were damaged or destroyed and pushed out of their moorings onto high ground. A large drill boat broke loose, destroyed a pier, and became grounded along the jetty. Two tugs broke loose near the Gulf Intracoastal Waterway with one becoming grounded and the other sinking. Two ferries were damaged when they were pinned against the loading dock. The storm surge inundated Highway 361 along a 10 miles stretch from near the Mustang Island State Park to Port Aransas with the water several feet deep. A few boats became moored near Packery Channel. The Arnold Palmer designed golf course at Palmilla Beach south of Port Aransas was inundated by storm surge with water covering most of the course. Storm tide of 4 to 6 feet impacted residences and businesses in Padre Island from the Laguna Madre. Storm surge caused major damage to 520 homes and minor damage to 1327 homes. Storm surge affected an additional 2200 homes. The Port of Corpus Christi was shutdown for a record 6 days. Port Aransas Independent School District lost 8 buses due to damage from salt water.||In Calhoun County, minor to moderate property damage was common across the city of Port Lavaca with large areas of siding removed from a few well constructed homes. The tops of grain bins in Port Lavaca were peeled off. Numerous trees were blown down in the community of Seadrift. Many homes experienced minor to moderate roof and property damage. Some poorly constructed homes experienced major roof damage. In Port O'Connor, numerous trees were blown down with three quarters of the community experiencing minor roof damage. A few power poles were blown down. Minor to moderate roof damage occurred at Magnolia Beach, Alamo Beach, and Indianola. Over 2100 homes and 72 businesses received major damage while 421 homes were destroyed. There were 1865 homes with minor damage and 1575 homes affected. There was significant damage to the cotton crop in the county. Hundreds of acres unharvested cotton were ruined in the fields. Harvested cotton in modules and bales were damaged by the wind or blown into water filled ditches. The highest wind speed measured was 82 mph with gusts to 110 mph northwest of Seadrift. Storm tides averaged from 6 to 8 feet across Calhoun County with maximum tide levels around 10 feet recorded on the north end of Lavaca Bay while lower tides from 3 to 5 feet occurred from Port O'Connor to southeast of Seadrift next to Espiritu Santo Bay. In Port Lavaca, water from Chocolate Bay inundated the public boat ramp near Buren Road. The lower half of Buren Road was inundated. The entire marina along Lavaca Bay was strongly impacted with 16 boats declared a total loss with many of them sinking in the marina. Several boats were grounded next to the marina. The Bayfront Peninsula Park was inundated. Areas east of Broadway street were inundated with water reaching across Highway 35 in the area near Lighthouse Beach. Piers at Lighthouse Beach Park and Bayfront Peninsula Park were destroyed. Nearly the entire marina in Seadrift was inundated from storm surge with several boats grounded on the marina parking lot. Most of the wooden docks at the marina and a few wooden piers were destroyed. The storm surge reached Bay Avenue almost reaching the beachfront pavilion. Storm surge entered homes near the Bay Avenue and Orange Street intersection. In Magnolia Beach and Indianola, storm surge flooded nearly all of Magnolia Public Beach and crossed North Ocean Drive in a few spots. A few areas of South Ocean Drive near Indianola were inundated. Several older wooden docks and piers were destroyed. In Port O'Connor, storm surge from Matagorda Bay reached half of the way up Kingfisher Beach toward Park Street. The storm surge caused major damage to 56 homes, minor damage to 322 homes, and affected 446 homes across the county. A thousand foot cut was made through Matagorda Island.||In San Patricio County, the worst damage was confined to the eastern half of the county. Almost 8700 homes were affected by the hurricane. There were 155 homes destroyed, 425 homes with major damage, and slightly more than 3300 homes with minor damage. There were 72 businesses with major damage. The hardest hit areas were Aransas Pass and Ingleside where major damage occurred. Widespread roof damage and tree damage occurred in this area. Numerous large power poles were blown down across the eastern half of the county. The water tower in Aransas Pass was destroyed. Roof damage led to extensive interior damage to the Care Regional Medical Center in Aransas Pass. Power outage was widespread with some areas without power for over a week. There was widespread minor roof damage and fences blown down in Portland along with a few trees blown down. Minor roof damage occurred in Taft and a car wash was destroyed. A couple of grain silos at the Midway Gin near Taft were toppled over. Crop damage to cotton stored in modules occurred in the eastern part of the county. The peak wind recorded was in Aransas Pass with sustained wind speed of 100 mph with gusts to 135 mph at Conn Brown Harbor. Survey from the United States Geologic Survey (USGS) indicated a storm tide of around 4 feet impacted the area from Ingleside On-the-Bay to Aransas Pass. Numerous wooden piers and docks were damaged or destroyed. A couple of boats were damaged in the Conn Brown Harbor in Aransas Pass. Major flooding was experienced in the low part of Aransas Pass adjacent to the levee. One home suffered major damage from storm surge while 40 homes had minor damage. Around 540 homes were affected by storm surge.||In Refugio County, widespread moderate structural damage with pockets of major structural damage occurred in Refugio. Most homes and businesses had roof damage, broken windows, and damaged garage doors. Two motels received significant damage to their roofs. Gas station canopies and many signs were destroyed. A few brick structures experienced moderate damage. Numerous trees and power poles were blown down. Roof damage occurred to several churches, every school building in the district except for the athletic facility. The school gymnasiums and auditorium lost portion of their roofs. Several trailer homes and storage buildings were destroyed. There was widespread tree damage with a few very large trees completely uprooted. Widespread moderate structural damage occurred in Bayside, Austwell, and Tivoli. Numerous trees and power poles were blown down including some high tension power poles. In Woodsboro, widespread minor to moderate damage occurred with a few poorly constructed homes with major damage. The elementary gymnasium and auditorium roofs were blown off. Numerous trees and a few power poles were blown down. The Bayside Richardson Coop Gin near Woodsboro sustained major damage and 30 thousand bales of cotton in storage modules were damaged. A sensor deployed by Texas Tech measured sustained winds of 106 mph with gusts to 125 mph just west of Mission Bay before the sensor was hit by debris. Another sensor showed wind speed of 102 mph with gusts to 129 mph north of the intersection of Highway 35 and Farm to Market Road 774 in eastern Refugio County. Around 440 homes were destroyed, around 1050 homes experienced major damage, and 66 businesses suffered major damage. Around 750 homes had minor damage with another 310 homes affected. Storm tide varied across the bay areas of the county. The higher storm tides affected the northeast part of the county as the storm surge pushed in from San Antonio Bay. Storm surge reached 10 feet east of Tivoli near the mouth of the Guadalupe River. Storm tides were lower on the west side of Copano Bay with storm surge only reaching 3 to 4 feet. Water covered Farm to Market Road 136 near the Copano Bay Bridge. Only 2 homes were affected by storm surge in the county.||In Goliad County, widespread minor roof damage occurred in the city of Goliad. Numerous trees and a few power poles were blown down across the county. The roof of the old high school gymnasium was peeled off. A hole was punched in the roof of the new wing of the school. Some class rooms along with the weight room and dressing room suffered water damage. Three families were displaced from homes when roofs and walls collapsed. There was some minor structural damage to some homes in Goliad. Several barns were blown down throughout the county. Some livestock were injured.||In Victoria County, Widespread minor to moderate roof damage occurred in the city of Bloomington. Several mobile homes were destroyed. All but three facilities within the Bloomington school district suffered wind and water damage. Widespread minor roof damage occurred in the city of Victoria. Several trees and a few power poles were blown down. Fences and street signs were blown down across the city. The maximum wind gust recorded in Victoria was 85 mph. Maximum wind gusts in the southern part of the county were around 110 mph. Twenty seven homes were destroyed. Around 75 percent of residential and commercial properties in the county were damaged.   Hundreds of acres of unharvested cotton were damaged in the field. Harvested cotton in modules and bales were damaged also. A few barns and storage buildings were blown down across the county.",34
720461,MATAGORDA CO.,SARGENT,08/25/2017,1508,Tornado, ,EF1,0,0,500000,0,TX,CST-6, ,119753,C,321,HGX,0,0,NWS Storm Survey, ,2.18,50,4,SSE,3,S,SARGENT,08/25/2017,1514,28.7699,-95.6255,28.7821,-95.6587,"A brief yet strong tornado moved onshore along the coast in Sargent causing significant damage to one home and overturning a motor home. Numerous trees were snapped and/or downed along the path as well as minor roof damage to several homes and businesses.","Harvey made landfall as a category 4 hurricane near Rockport, Texas during the evening of August 25th. The storm then weakened to a tropical storm and slowed,  looping back and tracking over SE Texas then back over the Gulf of Mexico making a second landfall along the Louisiana coast during the early morning hours of August 30th. Over that 5 day period over Southeast Texas TS Harvey produced catastrophic flooding with a large area of 30 to 60 inches of rain, 23 tornadoes, tropical storm force winds and a moderate storm surge near Matagorda Bay.  In some of the heavier bands rain fell at a rate of over 5 inches per hour. This copious record amount of rain over a  led to catastrophic flooding. Thousands of homes, businesses, and roads were flooded due to flash flooding and sheet flow from long duration intense rain. Main stem rivers and adjoining tributaries, creeks and bayous reached full capacity and came out of their banks and this also contributed to the massive flooding across southeastern Texas.",35
721358,CALHOUN CO.,SEADRIFT,08/25/2017,1514,Tornado, ,EF0,0,0,10000,0,TX,CST-6, ,119859,C,57,CRP,0,0,Public, ,0.16,20,3,E,3,E,SEADRIFT,08/25/2017,1515,28.4239,-96.6671,28.4229,-96.6696,"A brief tornado touched down around 3 miles east-northeast of Seadrift. The tornado destroyed a shed and a carport.","Major Hurricane Harvey impacted the Middle Texas coast on August 25th and 26th. Harvey was the first category 4 hurricane to strike Texas since Hurricane Carla in 1961. Harvey severely affected the cities of Rockport, Fulton, Port Aransas, Aransas Pass, Ingleside, Holiday Beach, and Refugio. Minor to moderate damage occurred in cities of Portland, Corpus Christi, Seadrift, Woodsboro, Port Lavaca, Goliad, and Victoria.||Harvey weakened to a tropical wave as the system moved across the Caribbean Sea and the Yucatan peninsula from August 18th until the 22nd. Harvey formed into a tropical depression over the southern Gulf of Mexico on the morning of August 23rd. Harvey rapidly intensified from a tropical depression to a major hurricane in 40 hours as it moved northwest toward the Texas coast. Harvey continued to intensify as it approached the Middle Texas coast on August 25th and made landfall as a Category 4 hurricane during the evening hours. Harvey was the first major hurricane to make landfall on the Middle Texas coast since Hurricane Celia in August of 1970. ||Hurricane Harvey slowed down after landfall and weakened into a tropical storm on the afternoon of the 26th. Tropical Storm Harvey became nearly stationary west of Cuero from the evening of the 26th through the morning of the 27th. Harvey drifted southeastward across the Victoria Crossroads on the afternoon of the 27th. Harvey then moved into Matagorda Bay during the morning hours of the 28th and back into northwest Gulf of Mexico later that afternoon. Tropical storm conditions persisted near the northern portion of the Middle Texas coast into the early morning hours of the 29th.||Hurricane Harvey moved inland in Aransas County on San Jose Island around 830 PM CDT August 25th. Harvey had a minimum central pressure of 938 millibars and produced a maximum storm surge of 12.5 feet. Maximum sustained winds were estimated at 130 mph (115 knots) with gusts to 160 mph (140 knots).  In South Texas, the maximum recorded rainfall from Hurricane Harvey was 17.08 inches 4 miles northwest of Victoria. Radar estimates were close to 20 inches over eastern portions of Refugio County. The height of the storm tide, referenced to mean higher high water, ranged from 3 to 5 feet on northern Padre Island and around Port O'Connor to a maximum of 12.5 feet in northeast Aransas County in the Aransas National Wildlife Refuge near San Antonio Bay. Storm tide levels in the interior bays were generally from 5 to 8 feet with higher amounts near 10 feet on the south end of Copano Bay, the north end of Aransas Bay, and the north end of Lavaca Bay. ||There were no direct fatalities from Hurricane Harvey on the Middle Texas Coast. There were 2 indirect fatalities in Rockport and 1 near Bloomington. All of the associated affects from Hurricane Harvey in South Texas from August 25th to August 27th resulted in 14 injuries, $4.5 billion in property damage, and around $65 million in crop damage. Specifically in South Texas, Harvey's inland flooding resulted in $5 million in property damage. One tornado near Seadrift resulted in $10 thousand in property damage. The powerful winds resulted in 14 injuries, $4 billion in property damage, and $65 million in crop damage. The storm tide resulted in $530 million in property damage and a number of drowned livestock. Damage estimates to public property and infrastructure was $130 million in South Texas.||Hurricane Harvey blew down or damaged around 550 power transmission structures. American Electric Power (AEP) repaired or replaced around 5000 distribution poles that were blown down or damaged by Harvey. Almost four million total feet of transmission and distribution conductor were replaced, approximately 712 miles. Power was restored to around 200,000 customers within 2 weeks.||In Aransas County, widespread major damage occurred across the county with a few areas having catastrophic damage. Catastrophic damage was located across Copano Village, Holiday Beach, and Lamar with many homes, some elevated, with second stories completely collapsed. Nearly every structure was greatly impacted. A couple of brick homes were destroyed near Copano Village. Catastrophic damage occurred to homes in the Copano Ridge area. Nearly all the trees in the Holiday Beach, Lamar, and Goose Island State Park area were without leaves with many trees snapped or uprooted. Most of Rockport and Fulton experienced widespread major structural damage. Several homes in the Key Allegro subdivision collapsed. Exterior walls collapsed on the high school gymnasium, on several churches, and on several new hotels. Upper floors of several apartment buildings were removed. Mobile homes and recreational vehicles were demolished. Billboard signs were blown down. Numerous power poles were blown down or snapped. Six hangars were demolished at the Aransas County Airport along with many airplanes. The county remained without power for 2 to 3 weeks. A mesonet wind sensor at Aransas County Airport recorded sustained winds around 110 mph with a peak gust to 150 mph. Nearly 1500 homes were destroyed, almost 3800 homes suffered major damage, and 5350 homes suffered minor damage. There were 175 businesses with major damage. Storm surge greatly impacted Holiday Beach and Copano Village. The surge punched holes through walls and garage doors on the lower portions of most homes. The surge floated vehicles, recreational vehicles, and boats well inland. The surge approached and flowed across Egery Island Road and Farm to Market 136 in several locations south of Bayside in extreme western Aransas County. Numerous cattle were killed north of Holiday Beach. A large portion of Rattlesnake Point Road was eroded and washed away heading out to Redfish Lodge on Copano Bay. The pier south of the lodge was completely washed away. Storm surge of 4 to 5 feet was common across the county. The maximum storm surge of 12.5 feet occurred in the Aransas National Wildlife Refuge. There were 356 homes that received major damage from storm surge and there were 1126 homes that received minor damage from storm surge. There were 1200 homes that were affected by storm surge. From NOAA photos, there were 14 cuts formed on the southern end of San Jose Island.||In Nueces County, the most significant damage was in Port Aransas where widespread major damage occurred. There were 4170 homes that received major damage and 1036 homes destroyed. Most homes suffered major roof damage while some homes lost roofs and walls collapsed. There were 457 businesses with major damage and slightly more than 1100 homes with minor damage. Mobile homes and recreational vehicles were demolished. Numerous power poles were blown down or snapped. The roofs were damaged at the elementary, middle, and high schools for Port Aransas leading to water damage in the interior. In Corpus Christi, widespread minor property damage was common due to lost shingles and fences down. Some residences and businesses experienced moderate damage mainly across the northern part of the city. Taller buildings downtown suffered more significant damage and lost signs. A few highway signs were blown down. Minor roof damage was common to residences and business in North Padre Island with some areas with moderate damage. Peak wind gusts measured were around 130 mph in Port Aransas. Storm tides were from 6 to 8 feet in Port Aransas as the storm surge entered from the west from Corpus Christi and Redfish Bays. Numerous boats were damaged or destroyed and pushed out of their moorings onto high ground. A large drill boat broke loose, destroyed a pier, and became grounded along the jetty. Two tugs broke loose near the Gulf Intracoastal Waterway with one becoming grounded and the other sinking. Two ferries were damaged when they were pinned against the loading dock. The storm surge inundated Highway 361 along a 10 miles stretch from near the Mustang Island State Park to Port Aransas with the water several feet deep. A few boats became moored near Packery Channel. The Arnold Palmer designed golf course at Palmilla Beach south of Port Aransas was inundated by storm surge with water covering most of the course. Storm tide of 4 to 6 feet impacted residences and businesses in Padre Island from the Laguna Madre. Storm surge caused major damage to 520 homes and minor damage to 1327 homes. Storm surge affected an additional 2200 homes. The Port of Corpus Christi was shutdown for a record 6 days. Port Aransas Independent School District lost 8 buses due to damage from salt water.||In Calhoun County, minor to moderate property damage was common across the city of Port Lavaca with large areas of siding removed from a few well constructed homes. The tops of grain bins in Port Lavaca were peeled off. Numerous trees were blown down in the community of Seadrift. Many homes experienced minor to moderate roof and property damage. Some poorly constructed homes experienced major roof damage. In Port O'Connor, numerous trees were blown down with three quarters of the community experiencing minor roof damage. A few power poles were blown down. Minor to moderate roof damage occurred at Magnolia Beach, Alamo Beach, and Indianola. Over 2100 homes and 72 businesses received major damage while 421 homes were destroyed. There were 1865 homes with minor damage and 1575 homes affected. There was significant damage to the cotton crop in the county. Hundreds of acres unharvested cotton were ruined in the fields. Harvested cotton in modules and bales were damaged by the wind or blown into water filled ditches. The highest wind speed measured was 82 mph with gusts to 110 mph northwest of Seadrift. Storm tides averaged from 6 to 8 feet across Calhoun County with maximum tide levels around 10 feet recorded on the north end of Lavaca Bay while lower tides from 3 to 5 feet occurred from Port O'Connor to southeast of Seadrift next to Espiritu Santo Bay. In Port Lavaca, water from Chocolate Bay inundated the public boat ramp near Buren Road. The lower half of Buren Road was inundated. The entire marina along Lavaca Bay was strongly impacted with 16 boats declared a total loss with many of them sinking in the marina. Several boats were grounded next to the marina. The Bayfront Peninsula Park was inundated. Areas east of Broadway street were inundated with water reaching across Highway 35 in the area near Lighthouse Beach. Piers at Lighthouse Beach Park and Bayfront Peninsula Park were destroyed. Nearly the entire marina in Seadrift was inundated from storm surge with several boats grounded on the marina parking lot. Most of the wooden docks at the marina and a few wooden piers were destroyed. The storm surge reached Bay Avenue almost reaching the beachfront pavilion. Storm surge entered homes near the Bay Avenue and Orange Street intersection. In Magnolia Beach and Indianola, storm surge flooded nearly all of Magnolia Public Beach and crossed North Ocean Drive in a few spots. A few areas of South Ocean Drive near Indianola were inundated. Several older wooden docks and piers were destroyed. In Port O'Connor, storm surge from Matagorda Bay reached half of the way up Kingfisher Beach toward Park Street. The storm surge caused major damage to 56 homes, minor damage to 322 homes, and affected 446 homes across the county. A thousand foot cut was made through Matagorda Island.||In San Patricio County, the worst damage was confined to the eastern half of the county. Almost 8700 homes were affected by the hurricane. There were 155 homes destroyed, 425 homes with major damage, and slightly more than 3300 homes with minor damage. There were 72 businesses with major damage. The hardest hit areas were Aransas Pass and Ingleside where major damage occurred. Widespread roof damage and tree damage occurred in this area. Numerous large power poles were blown down across the eastern half of the county. The water tower in Aransas Pass was destroyed. Roof damage led to extensive interior damage to the Care Regional Medical Center in Aransas Pass. Power outage was widespread with some areas without power for over a week. There was widespread minor roof damage and fences blown down in Portland along with a few trees blown down. Minor roof damage occurred in Taft and a car wash was destroyed. A couple of grain silos at the Midway Gin near Taft were toppled over. Crop damage to cotton stored in modules occurred in the eastern part of the county. The peak wind recorded was in Aransas Pass with sustained wind speed of 100 mph with gusts to 135 mph at Conn Brown Harbor. Survey from the United States Geologic Survey (USGS) indicated a storm tide of around 4 feet impacted the area from Ingleside On-the-Bay to Aransas Pass. Numerous wooden piers and docks were damaged or destroyed. A couple of boats were damaged in the Conn Brown Harbor in Aransas Pass. Major flooding was experienced in the low part of Aransas Pass adjacent to the levee. One home suffered major damage from storm surge while 40 homes had minor damage. Around 540 homes were affected by storm surge.||In Refugio County, widespread moderate structural damage with pockets of major structural damage occurred in Refugio. Most homes and businesses had roof damage, broken windows, and damaged garage doors. Two motels received significant damage to their roofs. Gas station canopies and many signs were destroyed. A few brick structures experienced moderate damage. Numerous trees and power poles were blown down. Roof damage occurred to several churches, every school building in the district except for the athletic facility. The school gymnasiums and auditorium lost portion of their roofs. Several trailer homes and storage buildings were destroyed. There was widespread tree damage with a few very large trees completely uprooted. Widespread moderate structural damage occurred in Bayside, Austwell, and Tivoli. Numerous trees and power poles were blown down including some high tension power poles. In Woodsboro, widespread minor to moderate damage occurred with a few poorly constructed homes with major damage. The elementary gymnasium and auditorium roofs were blown off. Numerous trees and a few power poles were blown down. The Bayside Richardson Coop Gin near Woodsboro sustained major damage and 30 thousand bales of cotton in storage modules were damaged. A sensor deployed by Texas Tech measured sustained winds of 106 mph with gusts to 125 mph just west of Mission Bay before the sensor was hit by debris. Another sensor showed wind speed of 102 mph with gusts to 129 mph north of the intersection of Highway 35 and Farm to Market Road 774 in eastern Refugio County. Around 440 homes were destroyed, around 1050 homes experienced major damage, and 66 businesses suffered major damage. Around 750 homes had minor damage with another 310 homes affected. Storm tide varied across the bay areas of the county. The higher storm tides affected the northeast part of the county as the storm surge pushed in from San Antonio Bay. Storm surge reached 10 feet east of Tivoli near the mouth of the Guadalupe River. Storm tides were lower on the west side of Copano Bay with storm surge only reaching 3 to 4 feet. Water covered Farm to Market Road 136 near the Copano Bay Bridge. Only 2 homes were affected by storm surge in the county.||In Goliad County, widespread minor roof damage occurred in the city of Goliad. Numerous trees and a few power poles were blown down across the county. The roof of the old high school gymnasium was peeled off. A hole was punched in the roof of the new wing of the school. Some class rooms along with the weight room and dressing room suffered water damage. Three families were displaced from homes when roofs and walls collapsed. There was some minor structural damage to some homes in Goliad. Several barns were blown down throughout the county. Some livestock were injured.||In Victoria County, Widespread minor to moderate roof damage occurred in the city of Bloomington. Several mobile homes were destroyed. All but three facilities within the Bloomington school district suffered wind and water damage. Widespread minor roof damage occurred in the city of Victoria. Several trees and a few power poles were blown down. Fences and street signs were blown down across the city. The maximum wind gust recorded in Victoria was 85 mph. Maximum wind gusts in the southern part of the county were around 110 mph. Twenty seven homes were destroyed. Around 75 percent of residential and commercial properties in the county were damaged.   Hundreds of acres of unharvested cotton were damaged in the field. Harvested cotton in modules and bales were damaged also. A few barns and storage buildings were blown down across the county.",36
720925,NUECES (ZONE), ,08/25/2017,1700,Hurricane, , ,0,0,1000000000,0,TX,CST-6, ,119859,Z,243,CRP,0,0,NWS Storm Survey, , , , , , , , ,08/26/2017,1200, , , , ,"The most significant damage was in Port Aransas where widespread major damage occurred. There were 4170 homes that received major damage and 1036 homes destroyed. Most homes suffered major roof damage while some homes lost roofs and walls collapsed. There were 457 businesses with major damage and slightly more than 1100 homes with minor damage. Mobile homes and recreational vehicles were demolished. Numerous power poles were blown down or snapped. The roofs were damaged at the elementary, middle, and high schools for Port Aransas leading to water damage in the interior. In Corpus Christi, widespread minor property damage was common due to lost shingles and fences down. Some residences and businesses experienced moderate damage mainly across the northern part of the city. Taller buildings downtown suffered more significant damage and lost signs. A few highway signs were blown down. Minor roof damage was common to residences and business in North Padre Island with some areas with moderate damage. Peak wind gusts measured were around 130 mph in Port Aransas.","Major Hurricane Harvey impacted the Middle Texas coast on August 25th and 26th. Harvey was the first category 4 hurricane to strike Texas since Hurricane Carla in 1961. Harvey severely affected the cities of Rockport, Fulton, Port Aransas, Aransas Pass, Ingleside, Holiday Beach, and Refugio. Minor to moderate damage occurred in cities of Portland, Corpus Christi, Seadrift, Woodsboro, Port Lavaca, Goliad, and Victoria.||Harvey weakened to a tropical wave as the system moved across the Caribbean Sea and the Yucatan peninsula from August 18th until the 22nd. Harvey formed into a tropical depression over the southern Gulf of Mexico on the morning of August 23rd. Harvey rapidly intensified from a tropical depression to a major hurricane in 40 hours as it moved northwest toward the Texas coast. Harvey continued to intensify as it approached the Middle Texas coast on August 25th and made landfall as a Category 4 hurricane during the evening hours. Harvey was the first major hurricane to make landfall on the Middle Texas coast since Hurricane Celia in August of 1970. ||Hurricane Harvey slowed down after landfall and weakened into a tropical storm on the afternoon of the 26th. Tropical Storm Harvey became nearly stationary west of Cuero from the evening of the 26th through the morning of the 27th. Harvey drifted southeastward across the Victoria Crossroads on the afternoon of the 27th. Harvey then moved into Matagorda Bay during the morning hours of the 28th and back into northwest Gulf of Mexico later that afternoon. Tropical storm conditions persisted near the northern portion of the Middle Texas coast into the early morning hours of the 29th.||Hurricane Harvey moved inland in Aransas County on San Jose Island around 830 PM CDT August 25th. Harvey had a minimum central pressure of 938 millibars and produced a maximum storm surge of 12.5 feet. Maximum sustained winds were estimated at 130 mph (115 knots) with gusts to 160 mph (140 knots).  In South Texas, the maximum recorded rainfall from Hurricane Harvey was 17.08 inches 4 miles northwest of Victoria. Radar estimates were close to 20 inches over eastern portions of Refugio County. The height of the storm tide, referenced to mean higher high water, ranged from 3 to 5 feet on northern Padre Island and around Port O'Connor to a maximum of 12.5 feet in northeast Aransas County in the Aransas National Wildlife Refuge near San Antonio Bay. Storm tide levels in the interior bays were generally from 5 to 8 feet with higher amounts near 10 feet on the south end of Copano Bay, the north end of Aransas Bay, and the north end of Lavaca Bay. ||There were no direct fatalities from Hurricane Harvey on the Middle Texas Coast. There were 2 indirect fatalities in Rockport and 1 near Bloomington. All of the associated affects from Hurricane Harvey in South Texas from August 25th to August 27th resulted in 14 injuries, $4.5 billion in property damage, and around $65 million in crop damage. Specifically in South Texas, Harvey's inland flooding resulted in $5 million in property damage. One tornado near Seadrift resulted in $10 thousand in property damage. The powerful winds resulted in 14 injuries, $4 billion in property damage, and $65 million in crop damage. The storm tide resulted in $530 million in property damage and a number of drowned livestock. Damage estimates to public property and infrastructure was $130 million in South Texas.||Hurricane Harvey blew down or damaged around 550 power transmission structures. American Electric Power (AEP) repaired or replaced around 5000 distribution poles that were blown down or damaged by Harvey. Almost four million total feet of transmission and distribution conductor were replaced, approximately 712 miles. Power was restored to around 200,000 customers within 2 weeks.||In Aransas County, widespread major damage occurred across the county with a few areas having catastrophic damage. Catastrophic damage was located across Copano Village, Holiday Beach, and Lamar with many homes, some elevated, with second stories completely collapsed. Nearly every structure was greatly impacted. A couple of brick homes were destroyed near Copano Village. Catastrophic damage occurred to homes in the Copano Ridge area. Nearly all the trees in the Holiday Beach, Lamar, and Goose Island State Park area were without leaves with many trees snapped or uprooted. Most of Rockport and Fulton experienced widespread major structural damage. Several homes in the Key Allegro subdivision collapsed. Exterior walls collapsed on the high school gymnasium, on several churches, and on several new hotels. Upper floors of several apartment buildings were removed. Mobile homes and recreational vehicles were demolished. Billboard signs were blown down. Numerous power poles were blown down or snapped. Six hangars were demolished at the Aransas County Airport along with many airplanes. The county remained without power for 2 to 3 weeks. A mesonet wind sensor at Aransas County Airport recorded sustained winds around 110 mph with a peak gust to 150 mph. Nearly 1500 homes were destroyed, almost 3800 homes suffered major damage, and 5350 homes suffered minor damage. There were 175 businesses with major damage. Storm surge greatly impacted Holiday Beach and Copano Village. The surge punched holes through walls and garage doors on the lower portions of most homes. The surge floated vehicles, recreational vehicles, and boats well inland. The surge approached and flowed across Egery Island Road and Farm to Market 136 in several locations south of Bayside in extreme western Aransas County. Numerous cattle were killed north of Holiday Beach. A large portion of Rattlesnake Point Road was eroded and washed away heading out to Redfish Lodge on Copano Bay. The pier south of the lodge was completely washed away. Storm surge of 4 to 5 feet was common across the county. The maximum storm surge of 12.5 feet occurred in the Aransas National Wildlife Refuge. There were 356 homes that received major damage from storm surge and there were 1126 homes that received minor damage from storm surge. There were 1200 homes that were affected by storm surge. From NOAA photos, there were 14 cuts formed on the southern end of San Jose Island.||In Nueces County, the most significant damage was in Port Aransas where widespread major damage occurred. There were 4170 homes that received major damage and 1036 homes destroyed. Most homes suffered major roof damage while some homes lost roofs and walls collapsed. There were 457 businesses with major damage and slightly more than 1100 homes with minor damage. Mobile homes and recreational vehicles were demolished. Numerous power poles were blown down or snapped. The roofs were damaged at the elementary, middle, and high schools for Port Aransas leading to water damage in the interior. In Corpus Christi, widespread minor property damage was common due to lost shingles and fences down. Some residences and businesses experienced moderate damage mainly across the northern part of the city. Taller buildings downtown suffered more significant damage and lost signs. A few highway signs were blown down. Minor roof damage was common to residences and business in North Padre Island with some areas with moderate damage. Peak wind gusts measured were around 130 mph in Port Aransas. Storm tides were from 6 to 8 feet in Port Aransas as the storm surge entered from the west from Corpus Christi and Redfish Bays. Numerous boats were damaged or destroyed and pushed out of their moorings onto high ground. A large drill boat broke loose, destroyed a pier, and became grounded along the jetty. Two tugs broke loose near the Gulf Intracoastal Waterway with one becoming grounded and the other sinking. Two ferries were damaged when they were pinned against the loading dock. The storm surge inundated Highway 361 along a 10 miles stretch from near the Mustang Island State Park to Port Aransas with the water several feet deep. A few boats became moored near Packery Channel. The Arnold Palmer designed golf course at Palmilla Beach south of Port Aransas was inundated by storm surge with water covering most of the course. Storm tide of 4 to 6 feet impacted residences and businesses in Padre Island from the Laguna Madre. Storm surge caused major damage to 520 homes and minor damage to 1327 homes. Storm surge affected an additional 2200 homes. The Port of Corpus Christi was shutdown for a record 6 days. Port Aransas Independent School District lost 8 buses due to damage from salt water.||In Calhoun County, minor to moderate property damage was common across the city of Port Lavaca with large areas of siding removed from a few well constructed homes. The tops of grain bins in Port Lavaca were peeled off. Numerous trees were blown down in the community of Seadrift. Many homes experienced minor to moderate roof and property damage. Some poorly constructed homes experienced major roof damage. In Port O'Connor, numerous trees were blown down with three quarters of the community experiencing minor roof damage. A few power poles were blown down. Minor to moderate roof damage occurred at Magnolia Beach, Alamo Beach, and Indianola. Over 2100 homes and 72 businesses received major damage while 421 homes were destroyed. There were 1865 homes with minor damage and 1575 homes affected. There was significant damage to the cotton crop in the county. Hundreds of acres unharvested cotton were ruined in the fields. Harvested cotton in modules and bales were damaged by the wind or blown into water filled ditches. The highest wind speed measured was 82 mph with gusts to 110 mph northwest of Seadrift. Storm tides averaged from 6 to 8 feet across Calhoun County with maximum tide levels around 10 feet recorded on the north end of Lavaca Bay while lower tides from 3 to 5 feet occurred from Port O'Connor to southeast of Seadrift next to Espiritu Santo Bay. In Port Lavaca, water from Chocolate Bay inundated the public boat ramp near Buren Road. The lower half of Buren Road was inundated. The entire marina along Lavaca Bay was strongly impacted with 16 boats declared a total loss with many of them sinking in the marina. Several boats were grounded next to the marina. The Bayfront Peninsula Park was inundated. Areas east of Broadway street were inundated with water reaching across Highway 35 in the area near Lighthouse Beach. Piers at Lighthouse Beach Park and Bayfront Peninsula Park were destroyed. Nearly the entire marina in Seadrift was inundated from storm surge with several boats grounded on the marina parking lot. Most of the wooden docks at the marina and a few wooden piers were destroyed. The storm surge reached Bay Avenue almost reaching the beachfront pavilion. Storm surge entered homes near the Bay Avenue and Orange Street intersection. In Magnolia Beach and Indianola, storm surge flooded nearly all of Magnolia Public Beach and crossed North Ocean Drive in a few spots. A few areas of South Ocean Drive near Indianola were inundated. Several older wooden docks and piers were destroyed. In Port O'Connor, storm surge from Matagorda Bay reached half of the way up Kingfisher Beach toward Park Street. The storm surge caused major damage to 56 homes, minor damage to 322 homes, and affected 446 homes across the county. A thousand foot cut was made through Matagorda Island.||In San Patricio County, the worst damage was confined to the eastern half of the county. Almost 8700 homes were affected by the hurricane. There were 155 homes destroyed, 425 homes with major damage, and slightly more than 3300 homes with minor damage. There were 72 businesses with major damage. The hardest hit areas were Aransas Pass and Ingleside where major damage occurred. Widespread roof damage and tree damage occurred in this area. Numerous large power poles were blown down across the eastern half of the county. The water tower in Aransas Pass was destroyed. Roof damage led to extensive interior damage to the Care Regional Medical Center in Aransas Pass. Power outage was widespread with some areas without power for over a week. There was widespread minor roof damage and fences blown down in Portland along with a few trees blown down. Minor roof damage occurred in Taft and a car wash was destroyed. A couple of grain silos at the Midway Gin near Taft were toppled over. Crop damage to cotton stored in modules occurred in the eastern part of the county. The peak wind recorded was in Aransas Pass with sustained wind speed of 100 mph with gusts to 135 mph at Conn Brown Harbor. Survey from the United States Geologic Survey (USGS) indicated a storm tide of around 4 feet impacted the area from Ingleside On-the-Bay to Aransas Pass. Numerous wooden piers and docks were damaged or destroyed. A couple of boats were damaged in the Conn Brown Harbor in Aransas Pass. Major flooding was experienced in the low part of Aransas Pass adjacent to the levee. One home suffered major damage from storm surge while 40 homes had minor damage. Around 540 homes were affected by storm surge.||In Refugio County, widespread moderate structural damage with pockets of major structural damage occurred in Refugio. Most homes and businesses had roof damage, broken windows, and damaged garage doors. Two motels received significant damage to their roofs. Gas station canopies and many signs were destroyed. A few brick structures experienced moderate damage. Numerous trees and power poles were blown down. Roof damage occurred to several churches, every school building in the district except for the athletic facility. The school gymnasiums and auditorium lost portion of their roofs. Several trailer homes and storage buildings were destroyed. There was widespread tree damage with a few very large trees completely uprooted. Widespread moderate structural damage occurred in Bayside, Austwell, and Tivoli. Numerous trees and power poles were blown down including some high tension power poles. In Woodsboro, widespread minor to moderate damage occurred with a few poorly constructed homes with major damage. The elementary gymnasium and auditorium roofs were blown off. Numerous trees and a few power poles were blown down. The Bayside Richardson Coop Gin near Woodsboro sustained major damage and 30 thousand bales of cotton in storage modules were damaged. A sensor deployed by Texas Tech measured sustained winds of 106 mph with gusts to 125 mph just west of Mission Bay before the sensor was hit by debris. Another sensor showed wind speed of 102 mph with gusts to 129 mph north of the intersection of Highway 35 and Farm to Market Road 774 in eastern Refugio County. Around 440 homes were destroyed, around 1050 homes experienced major damage, and 66 businesses suffered major damage. Around 750 homes had minor damage with another 310 homes affected. Storm tide varied across the bay areas of the county. The higher storm tides affected the northeast part of the county as the storm surge pushed in from San Antonio Bay. Storm surge reached 10 feet east of Tivoli near the mouth of the Guadalupe River. Storm tides were lower on the west side of Copano Bay with storm surge only reaching 3 to 4 feet. Water covered Farm to Market Road 136 near the Copano Bay Bridge. Only 2 homes were affected by storm surge in the county.||In Goliad County, widespread minor roof damage occurred in the city of Goliad. Numerous trees and a few power poles were blown down across the county. The roof of the old high school gymnasium was peeled off. A hole was punched in the roof of the new wing of the school. Some class rooms along with the weight room and dressing room suffered water damage. Three families were displaced from homes when roofs and walls collapsed. There was some minor structural damage to some homes in Goliad. Several barns were blown down throughout the county. Some livestock were injured.||In Victoria County, Widespread minor to moderate roof damage occurred in the city of Bloomington. Several mobile homes were destroyed. All but three facilities within the Bloomington school district suffered wind and water damage. Widespread minor roof damage occurred in the city of Victoria. Several trees and a few power poles were blown down. Fences and street signs were blown down across the city. The maximum wind gust recorded in Victoria was 85 mph. Maximum wind gusts in the southern part of the county were around 110 mph. Twenty seven homes were destroyed. Around 75 percent of residential and commercial properties in the county were damaged.   Hundreds of acres of unharvested cotton were damaged in the field. Harvested cotton in modules and bales were damaged also. A few barns and storage buildings were blown down across the county.",37
718519,ARANSAS (ZONE), ,08/25/2017,1700,Hurricane, , ,0,14,1750000000,0,TX,CST-6, ,119859,Z,245,CRP,50,2,Official NWS Observations, , , , , , , , ,08/26/2017,1200, , , , ,"Widespread major damage occurred across the county with a few areas having catastrophic damage. Catastrophic damage was located across Copano Village, Holiday Beach, and Lamar with many homes, some elevated, with second stories completely collapsed. Nearly every structure was greatly impacted. A couple of brick homes were destroyed near Copano Village. Catastrophic damage occurred to homes in the Copano Ridge area. Nearly all the trees in the Holiday Beach, Lamar, and Goose Island State Park area were without leaves with many trees snapped or uprooted. ||Most of Rockport and Fulton experienced widespread major structural damage. Several homes in the Key Allegro subdivision collapsed. Exterior walls collapsed on the high school gymnasium, on several churches, and on several new hotels. Upper floors of several apartment buildings were removed. Mobile homes and recreational vehicles were demolished. Billboard signs were blown down. Numerous power poles were blown down or snapped. Six hangars were demolished at the Aransas County Airport along with many airplanes. The county remained without power for 2 to 3 weeks. A mesonet wind sensor at Aransas County Airport recorded sustained winds around 110 mph with a peak gust to 150 mph. ||Nearly 1500 homes were destroyed, almost 3800 homes suffered major damage, and 5350 homes suffered minor damage. There were 175 businesses with major damage.","Major Hurricane Harvey impacted the Middle Texas coast on August 25th and 26th. Harvey was the first category 4 hurricane to strike Texas since Hurricane Carla in 1961. Harvey severely affected the cities of Rockport, Fulton, Port Aransas, Aransas Pass, Ingleside, Holiday Beach, and Refugio. Minor to moderate damage occurred in cities of Portland, Corpus Christi, Seadrift, Woodsboro, Port Lavaca, Goliad, and Victoria.||Harvey weakened to a tropical wave as the system moved across the Caribbean Sea and the Yucatan peninsula from August 18th until the 22nd. Harvey formed into a tropical depression over the southern Gulf of Mexico on the morning of August 23rd. Harvey rapidly intensified from a tropical depression to a major hurricane in 40 hours as it moved northwest toward the Texas coast. Harvey continued to intensify as it approached the Middle Texas coast on August 25th and made landfall as a Category 4 hurricane during the evening hours. Harvey was the first major hurricane to make landfall on the Middle Texas coast since Hurricane Celia in August of 1970. ||Hurricane Harvey slowed down after landfall and weakened into a tropical storm on the afternoon of the 26th. Tropical Storm Harvey became nearly stationary west of Cuero from the evening of the 26th through the morning of the 27th. Harvey drifted southeastward across the Victoria Crossroads on the afternoon of the 27th. Harvey then moved into Matagorda Bay during the morning hours of the 28th and back into northwest Gulf of Mexico later that afternoon. Tropical storm conditions persisted near the northern portion of the Middle Texas coast into the early morning hours of the 29th.||Hurricane Harvey moved inland in Aransas County on San Jose Island around 830 PM CDT August 25th. Harvey had a minimum central pressure of 938 millibars and produced a maximum storm surge of 12.5 feet. Maximum sustained winds were estimated at 130 mph (115 knots) with gusts to 160 mph (140 knots).  In South Texas, the maximum recorded rainfall from Hurricane Harvey was 17.08 inches 4 miles northwest of Victoria. Radar estimates were close to 20 inches over eastern portions of Refugio County. The height of the storm tide, referenced to mean higher high water, ranged from 3 to 5 feet on northern Padre Island and around Port O'Connor to a maximum of 12.5 feet in northeast Aransas County in the Aransas National Wildlife Refuge near San Antonio Bay. Storm tide levels in the interior bays were generally from 5 to 8 feet with higher amounts near 10 feet on the south end of Copano Bay, the north end of Aransas Bay, and the north end of Lavaca Bay. ||There were no direct fatalities from Hurricane Harvey on the Middle Texas Coast. There were 2 indirect fatalities in Rockport and 1 near Bloomington. All of the associated affects from Hurricane Harvey in South Texas from August 25th to August 27th resulted in 14 injuries, $4.5 billion in property damage, and around $65 million in crop damage. Specifically in South Texas, Harvey's inland flooding resulted in $5 million in property damage. One tornado near Seadrift resulted in $10 thousand in property damage. The powerful winds resulted in 14 injuries, $4 billion in property damage, and $65 million in crop damage. The storm tide resulted in $530 million in property damage and a number of drowned livestock. Damage estimates to public property and infrastructure was $130 million in South Texas.||Hurricane Harvey blew down or damaged around 550 power transmission structures. American Electric Power (AEP) repaired or replaced around 5000 distribution poles that were blown down or damaged by Harvey. Almost four million total feet of transmission and distribution conductor were replaced, approximately 712 miles. Power was restored to around 200,000 customers within 2 weeks.||In Aransas County, widespread major damage occurred across the county with a few areas having catastrophic damage. Catastrophic damage was located across Copano Village, Holiday Beach, and Lamar with many homes, some elevated, with second stories completely collapsed. Nearly every structure was greatly impacted. A couple of brick homes were destroyed near Copano Village. Catastrophic damage occurred to homes in the Copano Ridge area. Nearly all the trees in the Holiday Beach, Lamar, and Goose Island State Park area were without leaves with many trees snapped or uprooted. Most of Rockport and Fulton experienced widespread major structural damage. Several homes in the Key Allegro subdivision collapsed. Exterior walls collapsed on the high school gymnasium, on several churches, and on several new hotels. Upper floors of several apartment buildings were removed. Mobile homes and recreational vehicles were demolished. Billboard signs were blown down. Numerous power poles were blown down or snapped. Six hangars were demolished at the Aransas County Airport along with many airplanes. The county remained without power for 2 to 3 weeks. A mesonet wind sensor at Aransas County Airport recorded sustained winds around 110 mph with a peak gust to 150 mph. Nearly 1500 homes were destroyed, almost 3800 homes suffered major damage, and 5350 homes suffered minor damage. There were 175 businesses with major damage. Storm surge greatly impacted Holiday Beach and Copano Village. The surge punched holes through walls and garage doors on the lower portions of most homes. The surge floated vehicles, recreational vehicles, and boats well inland. The surge approached and flowed across Egery Island Road and Farm to Market 136 in several locations south of Bayside in extreme western Aransas County. Numerous cattle were killed north of Holiday Beach. A large portion of Rattlesnake Point Road was eroded and washed away heading out to Redfish Lodge on Copano Bay. The pier south of the lodge was completely washed away. Storm surge of 4 to 5 feet was common across the county. The maximum storm surge of 12.5 feet occurred in the Aransas National Wildlife Refuge. There were 356 homes that received major damage from storm surge and there were 1126 homes that received minor damage from storm surge. There were 1200 homes that were affected by storm surge. From NOAA photos, there were 14 cuts formed on the southern end of San Jose Island.||In Nueces County, the most significant damage was in Port Aransas where widespread major damage occurred. There were 4170 homes that received major damage and 1036 homes destroyed. Most homes suffered major roof damage while some homes lost roofs and walls collapsed. There were 457 businesses with major damage and slightly more than 1100 homes with minor damage. Mobile homes and recreational vehicles were demolished. Numerous power poles were blown down or snapped. The roofs were damaged at the elementary, middle, and high schools for Port Aransas leading to water damage in the interior. In Corpus Christi, widespread minor property damage was common due to lost shingles and fences down. Some residences and businesses experienced moderate damage mainly across the northern part of the city. Taller buildings downtown suffered more significant damage and lost signs. A few highway signs were blown down. Minor roof damage was common to residences and business in North Padre Island with some areas with moderate damage. Peak wind gusts measured were around 130 mph in Port Aransas. Storm tides were from 6 to 8 feet in Port Aransas as the storm surge entered from the west from Corpus Christi and Redfish Bays. Numerous boats were damaged or destroyed and pushed out of their moorings onto high ground. A large drill boat broke loose, destroyed a pier, and became grounded along the jetty. Two tugs broke loose near the Gulf Intracoastal Waterway with one becoming grounded and the other sinking. Two ferries were damaged when they were pinned against the loading dock. The storm surge inundated Highway 361 along a 10 miles stretch from near the Mustang Island State Park to Port Aransas with the water several feet deep. A few boats became moored near Packery Channel. The Arnold Palmer designed golf course at Palmilla Beach south of Port Aransas was inundated by storm surge with water covering most of the course. Storm tide of 4 to 6 feet impacted residences and businesses in Padre Island from the Laguna Madre. Storm surge caused major damage to 520 homes and minor damage to 1327 homes. Storm surge affected an additional 2200 homes. The Port of Corpus Christi was shutdown for a record 6 days. Port Aransas Independent School District lost 8 buses due to damage from salt water.||In Calhoun County, minor to moderate property damage was common across the city of Port Lavaca with large areas of siding removed from a few well constructed homes. The tops of grain bins in Port Lavaca were peeled off. Numerous trees were blown down in the community of Seadrift. Many homes experienced minor to moderate roof and property damage. Some poorly constructed homes experienced major roof damage. In Port O'Connor, numerous trees were blown down with three quarters of the community experiencing minor roof damage. A few power poles were blown down. Minor to moderate roof damage occurred at Magnolia Beach, Alamo Beach, and Indianola. Over 2100 homes and 72 businesses received major damage while 421 homes were destroyed. There were 1865 homes with minor damage and 1575 homes affected. There was significant damage to the cotton crop in the county. Hundreds of acres unharvested cotton were ruined in the fields. Harvested cotton in modules and bales were damaged by the wind or blown into water filled ditches. The highest wind speed measured was 82 mph with gusts to 110 mph northwest of Seadrift. Storm tides averaged from 6 to 8 feet across Calhoun County with maximum tide levels around 10 feet recorded on the north end of Lavaca Bay while lower tides from 3 to 5 feet occurred from Port O'Connor to southeast of Seadrift next to Espiritu Santo Bay. In Port Lavaca, water from Chocolate Bay inundated the public boat ramp near Buren Road. The lower half of Buren Road was inundated. The entire marina along Lavaca Bay was strongly impacted with 16 boats declared a total loss with many of them sinking in the marina. Several boats were grounded next to the marina. The Bayfront Peninsula Park was inundated. Areas east of Broadway street were inundated with water reaching across Highway 35 in the area near Lighthouse Beach. Piers at Lighthouse Beach Park and Bayfront Peninsula Park were destroyed. Nearly the entire marina in Seadrift was inundated from storm surge with several boats grounded on the marina parking lot. Most of the wooden docks at the marina and a few wooden piers were destroyed. The storm surge reached Bay Avenue almost reaching the beachfront pavilion. Storm surge entered homes near the Bay Avenue and Orange Street intersection. In Magnolia Beach and Indianola, storm surge flooded nearly all of Magnolia Public Beach and crossed North Ocean Drive in a few spots. A few areas of South Ocean Drive near Indianola were inundated. Several older wooden docks and piers were destroyed. In Port O'Connor, storm surge from Matagorda Bay reached half of the way up Kingfisher Beach toward Park Street. The storm surge caused major damage to 56 homes, minor damage to 322 homes, and affected 446 homes across the county. A thousand foot cut was made through Matagorda Island.||In San Patricio County, the worst damage was confined to the eastern half of the county. Almost 8700 homes were affected by the hurricane. There were 155 homes destroyed, 425 homes with major damage, and slightly more than 3300 homes with minor damage. There were 72 businesses with major damage. The hardest hit areas were Aransas Pass and Ingleside where major damage occurred. Widespread roof damage and tree damage occurred in this area. Numerous large power poles were blown down across the eastern half of the county. The water tower in Aransas Pass was destroyed. Roof damage led to extensive interior damage to the Care Regional Medical Center in Aransas Pass. Power outage was widespread with some areas without power for over a week. There was widespread minor roof damage and fences blown down in Portland along with a few trees blown down. Minor roof damage occurred in Taft and a car wash was destroyed. A couple of grain silos at the Midway Gin near Taft were toppled over. Crop damage to cotton stored in modules occurred in the eastern part of the county. The peak wind recorded was in Aransas Pass with sustained wind speed of 100 mph with gusts to 135 mph at Conn Brown Harbor. Survey from the United States Geologic Survey (USGS) indicated a storm tide of around 4 feet impacted the area from Ingleside On-the-Bay to Aransas Pass. Numerous wooden piers and docks were damaged or destroyed. A couple of boats were damaged in the Conn Brown Harbor in Aransas Pass. Major flooding was experienced in the low part of Aransas Pass adjacent to the levee. One home suffered major damage from storm surge while 40 homes had minor damage. Around 540 homes were affected by storm surge.||In Refugio County, widespread moderate structural damage with pockets of major structural damage occurred in Refugio. Most homes and businesses had roof damage, broken windows, and damaged garage doors. Two motels received significant damage to their roofs. Gas station canopies and many signs were destroyed. A few brick structures experienced moderate damage. Numerous trees and power poles were blown down. Roof damage occurred to several churches, every school building in the district except for the athletic facility. The school gymnasiums and auditorium lost portion of their roofs. Several trailer homes and storage buildings were destroyed. There was widespread tree damage with a few very large trees completely uprooted. Widespread moderate structural damage occurred in Bayside, Austwell, and Tivoli. Numerous trees and power poles were blown down including some high tension power poles. In Woodsboro, widespread minor to moderate damage occurred with a few poorly constructed homes with major damage. The elementary gymnasium and auditorium roofs were blown off. Numerous trees and a few power poles were blown down. The Bayside Richardson Coop Gin near Woodsboro sustained major damage and 30 thousand bales of cotton in storage modules were damaged. A sensor deployed by Texas Tech measured sustained winds of 106 mph with gusts to 125 mph just west of Mission Bay before the sensor was hit by debris. Another sensor showed wind speed of 102 mph with gusts to 129 mph north of the intersection of Highway 35 and Farm to Market Road 774 in eastern Refugio County. Around 440 homes were destroyed, around 1050 homes experienced major damage, and 66 businesses suffered major damage. Around 750 homes had minor damage with another 310 homes affected. Storm tide varied across the bay areas of the county. The higher storm tides affected the northeast part of the county as the storm surge pushed in from San Antonio Bay. Storm surge reached 10 feet east of Tivoli near the mouth of the Guadalupe River. Storm tides were lower on the west side of Copano Bay with storm surge only reaching 3 to 4 feet. Water covered Farm to Market Road 136 near the Copano Bay Bridge. Only 2 homes were affected by storm surge in the county.||In Goliad County, widespread minor roof damage occurred in the city of Goliad. Numerous trees and a few power poles were blown down across the county. The roof of the old high school gymnasium was peeled off. A hole was punched in the roof of the new wing of the school. Some class rooms along with the weight room and dressing room suffered water damage. Three families were displaced from homes when roofs and walls collapsed. There was some minor structural damage to some homes in Goliad. Several barns were blown down throughout the county. Some livestock were injured.||In Victoria County, Widespread minor to moderate roof damage occurred in the city of Bloomington. Several mobile homes were destroyed. All but three facilities within the Bloomington school district suffered wind and water damage. Widespread minor roof damage occurred in the city of Victoria. Several trees and a few power poles were blown down. Fences and street signs were blown down across the city. The maximum wind gust recorded in Victoria was 85 mph. Maximum wind gusts in the southern part of the county were around 110 mph. Twenty seven homes were destroyed. Around 75 percent of residential and commercial properties in the county were damaged.   Hundreds of acres of unharvested cotton were damaged in the field. Harvested cotton in modules and bales were damaged also. A few barns and storage buildings were blown down across the county.",38
720463,BRAZORIA CO.,BAILEY PRAIRIE,08/25/2017,1711,Tornado, ,EF0,0,0,100000,0,TX,CST-6, ,119753,C,39,HGX,0,0,NWS Storm Survey, ,3.98,50,2,W,3,NNE,EAST COLUMBIA,08/25/2017,1720,29.1464,-95.5448,29.1828,-95.5959,"A high-end EF-0 tornado touched down east of West Columbia damaging numerous trees... roofs...and outbuildings in a neighborhood off of highway 35. A barn and several outbuildings were also destroyed on the east side of the Brazos River. Damage described by property owner. Property was flooded.","Harvey made landfall as a category 4 hurricane near Rockport, Texas during the evening of August 25th. The storm then weakened to a tropical storm and slowed,  looping back and tracking over SE Texas then back over the Gulf of Mexico making a second landfall along the Louisiana coast during the early morning hours of August 30th. Over that 5 day period over Southeast Texas TS Harvey produced catastrophic flooding with a large area of 30 to 60 inches of rain, 23 tornadoes, tropical storm force winds and a moderate storm surge near Matagorda Bay.  In some of the heavier bands rain fell at a rate of over 5 inches per hour. This copious record amount of rain over a  led to catastrophic flooding. Thousands of homes, businesses, and roads were flooded due to flash flooding and sheet flow from long duration intense rain. Main stem rivers and adjoining tributaries, creeks and bayous reached full capacity and came out of their banks and this also contributed to the massive flooding across southeastern Texas.",39
718515,ECTOR CO.,ODESSA,08/25/2017,1720,Thunderstorm Wind,61.00, ,0,0,8000,0,TX,CST-6,EG,119853,C,135,MAF,0,0,Law Enforcement, , , ,6,W,6,W,ODESSA,08/25/2017,1721,31.85,-102.4722,31.85,-102.4722,"A thunderstorm moved across Ector County and produced wind damage in West Odessa. There were a few powerpoles and several trees down which resulted in some road closures. The cost of damage is a very rough estimate.","There was an upper trough that extended from West Texas to the Central Plains. Very rich moisture was across West Texas and southeast New Mexico. These conditions resulted in thunderstorms with damaging winds across the Permian Basin.",40
721355,KLEBERG (ZONE), ,08/25/2017,1800,Tropical Storm, , ,0,0,10000,0,TX,CST-6, ,119859,Z,242,CRP,0,0,Official NWS Observations, , , , , , , , ,08/26/2017,1500, , , , ,"Tropical storm force winds occurred across Kleberg County associated with Hurricane Harvey. Only some minor damage to fences and signs were noted across the county. Wind gusts near hurricane force occurred in the extreme northeast part of the county on north Padre Island.","Major Hurricane Harvey impacted the Middle Texas coast on August 25th and 26th. Harvey was the first category 4 hurricane to strike Texas since Hurricane Carla in 1961. Harvey severely affected the cities of Rockport, Fulton, Port Aransas, Aransas Pass, Ingleside, Holiday Beach, and Refugio. Minor to moderate damage occurred in cities of Portland, Corpus Christi, Seadrift, Woodsboro, Port Lavaca, Goliad, and Victoria.||Harvey weakened to a tropical wave as the system moved across the Caribbean Sea and the Yucatan peninsula from August 18th until the 22nd. Harvey formed into a tropical depression over the southern Gulf of Mexico on the morning of August 23rd. Harvey rapidly intensified from a tropical depression to a major hurricane in 40 hours as it moved northwest toward the Texas coast. Harvey continued to intensify as it approached the Middle Texas coast on August 25th and made landfall as a Category 4 hurricane during the evening hours. Harvey was the first major hurricane to make landfall on the Middle Texas coast since Hurricane Celia in August of 1970. ||Hurricane Harvey slowed down after landfall and weakened into a tropical storm on the afternoon of the 26th. Tropical Storm Harvey became nearly stationary west of Cuero from the evening of the 26th through the morning of the 27th. Harvey drifted southeastward across the Victoria Crossroads on the afternoon of the 27th. Harvey then moved into Matagorda Bay during the morning hours of the 28th and back into northwest Gulf of Mexico later that afternoon. Tropical storm conditions persisted near the northern portion of the Middle Texas coast into the early morning hours of the 29th.||Hurricane Harvey moved inland in Aransas County on San Jose Island around 830 PM CDT August 25th. Harvey had a minimum central pressure of 938 millibars and produced a maximum storm surge of 12.5 feet. Maximum sustained winds were estimated at 130 mph (115 knots) with gusts to 160 mph (140 knots).  In South Texas, the maximum recorded rainfall from Hurricane Harvey was 17.08 inches 4 miles northwest of Victoria. Radar estimates were close to 20 inches over eastern portions of Refugio County. The height of the storm tide, referenced to mean higher high water, ranged from 3 to 5 feet on northern Padre Island and around Port O'Connor to a maximum of 12.5 feet in northeast Aransas County in the Aransas National Wildlife Refuge near San Antonio Bay. Storm tide levels in the interior bays were generally from 5 to 8 feet with higher amounts near 10 feet on the south end of Copano Bay, the north end of Aransas Bay, and the north end of Lavaca Bay. ||There were no direct fatalities from Hurricane Harvey on the Middle Texas Coast. There were 2 indirect fatalities in Rockport and 1 near Bloomington. All of the associated affects from Hurricane Harvey in South Texas from August 25th to August 27th resulted in 14 injuries, $4.5 billion in property damage, and around $65 million in crop damage. Specifically in South Texas, Harvey's inland flooding resulted in $5 million in property damage. One tornado near Seadrift resulted in $10 thousand in property damage. The powerful winds resulted in 14 injuries, $4 billion in property damage, and $65 million in crop damage. The storm tide resulted in $530 million in property damage and a number of drowned livestock. Damage estimates to public property and infrastructure was $130 million in South Texas.||Hurricane Harvey blew down or damaged around 550 power transmission structures. American Electric Power (AEP) repaired or replaced around 5000 distribution poles that were blown down or damaged by Harvey. Almost four million total feet of transmission and distribution conductor were replaced, approximately 712 miles. Power was restored to around 200,000 customers within 2 weeks.||In Aransas County, widespread major damage occurred across the county with a few areas having catastrophic damage. Catastrophic damage was located across Copano Village, Holiday Beach, and Lamar with many homes, some elevated, with second stories completely collapsed. Nearly every structure was greatly impacted. A couple of brick homes were destroyed near Copano Village. Catastrophic damage occurred to homes in the Copano Ridge area. Nearly all the trees in the Holiday Beach, Lamar, and Goose Island State Park area were without leaves with many trees snapped or uprooted. Most of Rockport and Fulton experienced widespread major structural damage. Several homes in the Key Allegro subdivision collapsed. Exterior walls collapsed on the high school gymnasium, on several churches, and on several new hotels. Upper floors of several apartment buildings were removed. Mobile homes and recreational vehicles were demolished. Billboard signs were blown down. Numerous power poles were blown down or snapped. Six hangars were demolished at the Aransas County Airport along with many airplanes. The county remained without power for 2 to 3 weeks. A mesonet wind sensor at Aransas County Airport recorded sustained winds around 110 mph with a peak gust to 150 mph. Nearly 1500 homes were destroyed, almost 3800 homes suffered major damage, and 5350 homes suffered minor damage. There were 175 businesses with major damage. Storm surge greatly impacted Holiday Beach and Copano Village. The surge punched holes through walls and garage doors on the lower portions of most homes. The surge floated vehicles, recreational vehicles, and boats well inland. The surge approached and flowed across Egery Island Road and Farm to Market 136 in several locations south of Bayside in extreme western Aransas County. Numerous cattle were killed north of Holiday Beach. A large portion of Rattlesnake Point Road was eroded and washed away heading out to Redfish Lodge on Copano Bay. The pier south of the lodge was completely washed away. Storm surge of 4 to 5 feet was common across the county. The maximum storm surge of 12.5 feet occurred in the Aransas National Wildlife Refuge. There were 356 homes that received major damage from storm surge and there were 1126 homes that received minor damage from storm surge. There were 1200 homes that were affected by storm surge. From NOAA photos, there were 14 cuts formed on the southern end of San Jose Island.||In Nueces County, the most significant damage was in Port Aransas where widespread major damage occurred. There were 4170 homes that received major damage and 1036 homes destroyed. Most homes suffered major roof damage while some homes lost roofs and walls collapsed. There were 457 businesses with major damage and slightly more than 1100 homes with minor damage. Mobile homes and recreational vehicles were demolished. Numerous power poles were blown down or snapped. The roofs were damaged at the elementary, middle, and high schools for Port Aransas leading to water damage in the interior. In Corpus Christi, widespread minor property damage was common due to lost shingles and fences down. Some residences and businesses experienced moderate damage mainly across the northern part of the city. Taller buildings downtown suffered more significant damage and lost signs. A few highway signs were blown down. Minor roof damage was common to residences and business in North Padre Island with some areas with moderate damage. Peak wind gusts measured were around 130 mph in Port Aransas. Storm tides were from 6 to 8 feet in Port Aransas as the storm surge entered from the west from Corpus Christi and Redfish Bays. Numerous boats were damaged or destroyed and pushed out of their moorings onto high ground. A large drill boat broke loose, destroyed a pier, and became grounded along the jetty. Two tugs broke loose near the Gulf Intracoastal Waterway with one becoming grounded and the other sinking. Two ferries were damaged when they were pinned against the loading dock. The storm surge inundated Highway 361 along a 10 miles stretch from near the Mustang Island State Park to Port Aransas with the water several feet deep. A few boats became moored near Packery Channel. The Arnold Palmer designed golf course at Palmilla Beach south of Port Aransas was inundated by storm surge with water covering most of the course. Storm tide of 4 to 6 feet impacted residences and businesses in Padre Island from the Laguna Madre. Storm surge caused major damage to 520 homes and minor damage to 1327 homes. Storm surge affected an additional 2200 homes. The Port of Corpus Christi was shutdown for a record 6 days. Port Aransas Independent School District lost 8 buses due to damage from salt water.||In Calhoun County, minor to moderate property damage was common across the city of Port Lavaca with large areas of siding removed from a few well constructed homes. The tops of grain bins in Port Lavaca were peeled off. Numerous trees were blown down in the community of Seadrift. Many homes experienced minor to moderate roof and property damage. Some poorly constructed homes experienced major roof damage. In Port O'Connor, numerous trees were blown down with three quarters of the community experiencing minor roof damage. A few power poles were blown down. Minor to moderate roof damage occurred at Magnolia Beach, Alamo Beach, and Indianola. Over 2100 homes and 72 businesses received major damage while 421 homes were destroyed. There were 1865 homes with minor damage and 1575 homes affected. There was significant damage to the cotton crop in the county. Hundreds of acres unharvested cotton were ruined in the fields. Harvested cotton in modules and bales were damaged by the wind or blown into water filled ditches. The highest wind speed measured was 82 mph with gusts to 110 mph northwest of Seadrift. Storm tides averaged from 6 to 8 feet across Calhoun County with maximum tide levels around 10 feet recorded on the north end of Lavaca Bay while lower tides from 3 to 5 feet occurred from Port O'Connor to southeast of Seadrift next to Espiritu Santo Bay. In Port Lavaca, water from Chocolate Bay inundated the public boat ramp near Buren Road. The lower half of Buren Road was inundated. The entire marina along Lavaca Bay was strongly impacted with 16 boats declared a total loss with many of them sinking in the marina. Several boats were grounded next to the marina. The Bayfront Peninsula Park was inundated. Areas east of Broadway street were inundated with water reaching across Highway 35 in the area near Lighthouse Beach. Piers at Lighthouse Beach Park and Bayfront Peninsula Park were destroyed. Nearly the entire marina in Seadrift was inundated from storm surge with several boats grounded on the marina parking lot. Most of the wooden docks at the marina and a few wooden piers were destroyed. The storm surge reached Bay Avenue almost reaching the beachfront pavilion. Storm surge entered homes near the Bay Avenue and Orange Street intersection. In Magnolia Beach and Indianola, storm surge flooded nearly all of Magnolia Public Beach and crossed North Ocean Drive in a few spots. A few areas of South Ocean Drive near Indianola were inundated. Several older wooden docks and piers were destroyed. In Port O'Connor, storm surge from Matagorda Bay reached half of the way up Kingfisher Beach toward Park Street. The storm surge caused major damage to 56 homes, minor damage to 322 homes, and affected 446 homes across the county. A thousand foot cut was made through Matagorda Island.||In San Patricio County, the worst damage was confined to the eastern half of the county. Almost 8700 homes were affected by the hurricane. There were 155 homes destroyed, 425 homes with major damage, and slightly more than 3300 homes with minor damage. There were 72 businesses with major damage. The hardest hit areas were Aransas Pass and Ingleside where major damage occurred. Widespread roof damage and tree damage occurred in this area. Numerous large power poles were blown down across the eastern half of the county. The water tower in Aransas Pass was destroyed. Roof damage led to extensive interior damage to the Care Regional Medical Center in Aransas Pass. Power outage was widespread with some areas without power for over a week. There was widespread minor roof damage and fences blown down in Portland along with a few trees blown down. Minor roof damage occurred in Taft and a car wash was destroyed. A couple of grain silos at the Midway Gin near Taft were toppled over. Crop damage to cotton stored in modules occurred in the eastern part of the county. The peak wind recorded was in Aransas Pass with sustained wind speed of 100 mph with gusts to 135 mph at Conn Brown Harbor. Survey from the United States Geologic Survey (USGS) indicated a storm tide of around 4 feet impacted the area from Ingleside On-the-Bay to Aransas Pass. Numerous wooden piers and docks were damaged or destroyed. A couple of boats were damaged in the Conn Brown Harbor in Aransas Pass. Major flooding was experienced in the low part of Aransas Pass adjacent to the levee. One home suffered major damage from storm surge while 40 homes had minor damage. Around 540 homes were affected by storm surge.||In Refugio County, widespread moderate structural damage with pockets of major structural damage occurred in Refugio. Most homes and businesses had roof damage, broken windows, and damaged garage doors. Two motels received significant damage to their roofs. Gas station canopies and many signs were destroyed. A few brick structures experienced moderate damage. Numerous trees and power poles were blown down. Roof damage occurred to several churches, every school building in the district except for the athletic facility. The school gymnasiums and auditorium lost portion of their roofs. Several trailer homes and storage buildings were destroyed. There was widespread tree damage with a few very large trees completely uprooted. Widespread moderate structural damage occurred in Bayside, Austwell, and Tivoli. Numerous trees and power poles were blown down including some high tension power poles. In Woodsboro, widespread minor to moderate damage occurred with a few poorly constructed homes with major damage. The elementary gymnasium and auditorium roofs were blown off. Numerous trees and a few power poles were blown down. The Bayside Richardson Coop Gin near Woodsboro sustained major damage and 30 thousand bales of cotton in storage modules were damaged. A sensor deployed by Texas Tech measured sustained winds of 106 mph with gusts to 125 mph just west of Mission Bay before the sensor was hit by debris. Another sensor showed wind speed of 102 mph with gusts to 129 mph north of the intersection of Highway 35 and Farm to Market Road 774 in eastern Refugio County. Around 440 homes were destroyed, around 1050 homes experienced major damage, and 66 businesses suffered major damage. Around 750 homes had minor damage with another 310 homes affected. Storm tide varied across the bay areas of the county. The higher storm tides affected the northeast part of the county as the storm surge pushed in from San Antonio Bay. Storm surge reached 10 feet east of Tivoli near the mouth of the Guadalupe River. Storm tides were lower on the west side of Copano Bay with storm surge only reaching 3 to 4 feet. Water covered Farm to Market Road 136 near the Copano Bay Bridge. Only 2 homes were affected by storm surge in the county.||In Goliad County, widespread minor roof damage occurred in the city of Goliad. Numerous trees and a few power poles were blown down across the county. The roof of the old high school gymnasium was peeled off. A hole was punched in the roof of the new wing of the school. Some class rooms along with the weight room and dressing room suffered water damage. Three families were displaced from homes when roofs and walls collapsed. There was some minor structural damage to some homes in Goliad. Several barns were blown down throughout the county. Some livestock were injured.||In Victoria County, Widespread minor to moderate roof damage occurred in the city of Bloomington. Several mobile homes were destroyed. All but three facilities within the Bloomington school district suffered wind and water damage. Widespread minor roof damage occurred in the city of Victoria. Several trees and a few power poles were blown down. Fences and street signs were blown down across the city. The maximum wind gust recorded in Victoria was 85 mph. Maximum wind gusts in the southern part of the county were around 110 mph. Twenty seven homes were destroyed. Around 75 percent of residential and commercial properties in the county were damaged.   Hundreds of acres of unharvested cotton were damaged in the field. Harvested cotton in modules and bales were damaged also. A few barns and storage buildings were blown down across the county.",41
720924,SAN PATRICIO (ZONE), ,08/25/2017,1800,Storm Surge/Tide, , ,0,0,2000000,0,TX,CST-6, ,119859,Z,244,CRP,0,0,Other Federal Agency, , , , , , , , ,08/25/2017,1800, , , , ,"Survey from the United States Geologic Survey (USGS) indicated a storm tide of around 4 feet impacted the area from Ingleside On-the-Bay to Aransas Pass. Numerous wooden piers and docks were damaged or destroyed. A couple of boats were damaged in the Conn Brown Harbor in Aransas Pass. Major flooding was experienced in the low part of Aransas Pass adjacent to the levee. One home suffered major damage from storm surge while 40 homes had minor damage. Around 540 homes were affected by storm surge.","Major Hurricane Harvey impacted the Middle Texas coast on August 25th and 26th. Harvey was the first category 4 hurricane to strike Texas since Hurricane Carla in 1961. Harvey severely affected the cities of Rockport, Fulton, Port Aransas, Aransas Pass, Ingleside, Holiday Beach, and Refugio. Minor to moderate damage occurred in cities of Portland, Corpus Christi, Seadrift, Woodsboro, Port Lavaca, Goliad, and Victoria.||Harvey weakened to a tropical wave as the system moved across the Caribbean Sea and the Yucatan peninsula from August 18th until the 22nd. Harvey formed into a tropical depression over the southern Gulf of Mexico on the morning of August 23rd. Harvey rapidly intensified from a tropical depression to a major hurricane in 40 hours as it moved northwest toward the Texas coast. Harvey continued to intensify as it approached the Middle Texas coast on August 25th and made landfall as a Category 4 hurricane during the evening hours. Harvey was the first major hurricane to make landfall on the Middle Texas coast since Hurricane Celia in August of 1970. ||Hurricane Harvey slowed down after landfall and weakened into a tropical storm on the afternoon of the 26th. Tropical Storm Harvey became nearly stationary west of Cuero from the evening of the 26th through the morning of the 27th. Harvey drifted southeastward across the Victoria Crossroads on the afternoon of the 27th. Harvey then moved into Matagorda Bay during the morning hours of the 28th and back into northwest Gulf of Mexico later that afternoon. Tropical storm conditions persisted near the northern portion of the Middle Texas coast into the early morning hours of the 29th.||Hurricane Harvey moved inland in Aransas County on San Jose Island around 830 PM CDT August 25th. Harvey had a minimum central pressure of 938 millibars and produced a maximum storm surge of 12.5 feet. Maximum sustained winds were estimated at 130 mph (115 knots) with gusts to 160 mph (140 knots).  In South Texas, the maximum recorded rainfall from Hurricane Harvey was 17.08 inches 4 miles northwest of Victoria. Radar estimates were close to 20 inches over eastern portions of Refugio County. The height of the storm tide, referenced to mean higher high water, ranged from 3 to 5 feet on northern Padre Island and around Port O'Connor to a maximum of 12.5 feet in northeast Aransas County in the Aransas National Wildlife Refuge near San Antonio Bay. Storm tide levels in the interior bays were generally from 5 to 8 feet with higher amounts near 10 feet on the south end of Copano Bay, the north end of Aransas Bay, and the north end of Lavaca Bay. ||There were no direct fatalities from Hurricane Harvey on the Middle Texas Coast. There were 2 indirect fatalities in Rockport and 1 near Bloomington. All of the associated affects from Hurricane Harvey in South Texas from August 25th to August 27th resulted in 14 injuries, $4.5 billion in property damage, and around $65 million in crop damage. Specifically in South Texas, Harvey's inland flooding resulted in $5 million in property damage. One tornado near Seadrift resulted in $10 thousand in property damage. The powerful winds resulted in 14 injuries, $4 billion in property damage, and $65 million in crop damage. The storm tide resulted in $530 million in property damage and a number of drowned livestock. Damage estimates to public property and infrastructure was $130 million in South Texas.||Hurricane Harvey blew down or damaged around 550 power transmission structures. American Electric Power (AEP) repaired or replaced around 5000 distribution poles that were blown down or damaged by Harvey. Almost four million total feet of transmission and distribution conductor were replaced, approximately 712 miles. Power was restored to around 200,000 customers within 2 weeks.||In Aransas County, widespread major damage occurred across the county with a few areas having catastrophic damage. Catastrophic damage was located across Copano Village, Holiday Beach, and Lamar with many homes, some elevated, with second stories completely collapsed. Nearly every structure was greatly impacted. A couple of brick homes were destroyed near Copano Village. Catastrophic damage occurred to homes in the Copano Ridge area. Nearly all the trees in the Holiday Beach, Lamar, and Goose Island State Park area were without leaves with many trees snapped or uprooted. Most of Rockport and Fulton experienced widespread major structural damage. Several homes in the Key Allegro subdivision collapsed. Exterior walls collapsed on the high school gymnasium, on several churches, and on several new hotels. Upper floors of several apartment buildings were removed. Mobile homes and recreational vehicles were demolished. Billboard signs were blown down. Numerous power poles were blown down or snapped. Six hangars were demolished at the Aransas County Airport along with many airplanes. The county remained without power for 2 to 3 weeks. A mesonet wind sensor at Aransas County Airport recorded sustained winds around 110 mph with a peak gust to 150 mph. Nearly 1500 homes were destroyed, almost 3800 homes suffered major damage, and 5350 homes suffered minor damage. There were 175 businesses with major damage. Storm surge greatly impacted Holiday Beach and Copano Village. The surge punched holes through walls and garage doors on the lower portions of most homes. The surge floated vehicles, recreational vehicles, and boats well inland. The surge approached and flowed across Egery Island Road and Farm to Market 136 in several locations south of Bayside in extreme western Aransas County. Numerous cattle were killed north of Holiday Beach. A large portion of Rattlesnake Point Road was eroded and washed away heading out to Redfish Lodge on Copano Bay. The pier south of the lodge was completely washed away. Storm surge of 4 to 5 feet was common across the county. The maximum storm surge of 12.5 feet occurred in the Aransas National Wildlife Refuge. There were 356 homes that received major damage from storm surge and there were 1126 homes that received minor damage from storm surge. There were 1200 homes that were affected by storm surge. From NOAA photos, there were 14 cuts formed on the southern end of San Jose Island.||In Nueces County, the most significant damage was in Port Aransas where widespread major damage occurred. There were 4170 homes that received major damage and 1036 homes destroyed. Most homes suffered major roof damage while some homes lost roofs and walls collapsed. There were 457 businesses with major damage and slightly more than 1100 homes with minor damage. Mobile homes and recreational vehicles were demolished. Numerous power poles were blown down or snapped. The roofs were damaged at the elementary, middle, and high schools for Port Aransas leading to water damage in the interior. In Corpus Christi, widespread minor property damage was common due to lost shingles and fences down. Some residences and businesses experienced moderate damage mainly across the northern part of the city. Taller buildings downtown suffered more significant damage and lost signs. A few highway signs were blown down. Minor roof damage was common to residences and business in North Padre Island with some areas with moderate damage. Peak wind gusts measured were around 130 mph in Port Aransas. Storm tides were from 6 to 8 feet in Port Aransas as the storm surge entered from the west from Corpus Christi and Redfish Bays. Numerous boats were damaged or destroyed and pushed out of their moorings onto high ground. A large drill boat broke loose, destroyed a pier, and became grounded along the jetty. Two tugs broke loose near the Gulf Intracoastal Waterway with one becoming grounded and the other sinking. Two ferries were damaged when they were pinned against the loading dock. The storm surge inundated Highway 361 along a 10 miles stretch from near the Mustang Island State Park to Port Aransas with the water several feet deep. A few boats became moored near Packery Channel. The Arnold Palmer designed golf course at Palmilla Beach south of Port Aransas was inundated by storm surge with water covering most of the course. Storm tide of 4 to 6 feet impacted residences and businesses in Padre Island from the Laguna Madre. Storm surge caused major damage to 520 homes and minor damage to 1327 homes. Storm surge affected an additional 2200 homes. The Port of Corpus Christi was shutdown for a record 6 days. Port Aransas Independent School District lost 8 buses due to damage from salt water.||In Calhoun County, minor to moderate property damage was common across the city of Port Lavaca with large areas of siding removed from a few well constructed homes. The tops of grain bins in Port Lavaca were peeled off. Numerous trees were blown down in the community of Seadrift. Many homes experienced minor to moderate roof and property damage. Some poorly constructed homes experienced major roof damage. In Port O'Connor, numerous trees were blown down with three quarters of the community experiencing minor roof damage. A few power poles were blown down. Minor to moderate roof damage occurred at Magnolia Beach, Alamo Beach, and Indianola. Over 2100 homes and 72 businesses received major damage while 421 homes were destroyed. There were 1865 homes with minor damage and 1575 homes affected. There was significant damage to the cotton crop in the county. Hundreds of acres unharvested cotton were ruined in the fields. Harvested cotton in modules and bales were damaged by the wind or blown into water filled ditches. The highest wind speed measured was 82 mph with gusts to 110 mph northwest of Seadrift. Storm tides averaged from 6 to 8 feet across Calhoun County with maximum tide levels around 10 feet recorded on the north end of Lavaca Bay while lower tides from 3 to 5 feet occurred from Port O'Connor to southeast of Seadrift next to Espiritu Santo Bay. In Port Lavaca, water from Chocolate Bay inundated the public boat ramp near Buren Road. The lower half of Buren Road was inundated. The entire marina along Lavaca Bay was strongly impacted with 16 boats declared a total loss with many of them sinking in the marina. Several boats were grounded next to the marina. The Bayfront Peninsula Park was inundated. Areas east of Broadway street were inundated with water reaching across Highway 35 in the area near Lighthouse Beach. Piers at Lighthouse Beach Park and Bayfront Peninsula Park were destroyed. Nearly the entire marina in Seadrift was inundated from storm surge with several boats grounded on the marina parking lot. Most of the wooden docks at the marina and a few wooden piers were destroyed. The storm surge reached Bay Avenue almost reaching the beachfront pavilion. Storm surge entered homes near the Bay Avenue and Orange Street intersection. In Magnolia Beach and Indianola, storm surge flooded nearly all of Magnolia Public Beach and crossed North Ocean Drive in a few spots. A few areas of South Ocean Drive near Indianola were inundated. Several older wooden docks and piers were destroyed. In Port O'Connor, storm surge from Matagorda Bay reached half of the way up Kingfisher Beach toward Park Street. The storm surge caused major damage to 56 homes, minor damage to 322 homes, and affected 446 homes across the county. A thousand foot cut was made through Matagorda Island.||In San Patricio County, the worst damage was confined to the eastern half of the county. Almost 8700 homes were affected by the hurricane. There were 155 homes destroyed, 425 homes with major damage, and slightly more than 3300 homes with minor damage. There were 72 businesses with major damage. The hardest hit areas were Aransas Pass and Ingleside where major damage occurred. Widespread roof damage and tree damage occurred in this area. Numerous large power poles were blown down across the eastern half of the county. The water tower in Aransas Pass was destroyed. Roof damage led to extensive interior damage to the Care Regional Medical Center in Aransas Pass. Power outage was widespread with some areas without power for over a week. There was widespread minor roof damage and fences blown down in Portland along with a few trees blown down. Minor roof damage occurred in Taft and a car wash was destroyed. A couple of grain silos at the Midway Gin near Taft were toppled over. Crop damage to cotton stored in modules occurred in the eastern part of the county. The peak wind recorded was in Aransas Pass with sustained wind speed of 100 mph with gusts to 135 mph at Conn Brown Harbor. Survey from the United States Geologic Survey (USGS) indicated a storm tide of around 4 feet impacted the area from Ingleside On-the-Bay to Aransas Pass. Numerous wooden piers and docks were damaged or destroyed. A couple of boats were damaged in the Conn Brown Harbor in Aransas Pass. Major flooding was experienced in the low part of Aransas Pass adjacent to the levee. One home suffered major damage from storm surge while 40 homes had minor damage. Around 540 homes were affected by storm surge.||In Refugio County, widespread moderate structural damage with pockets of major structural damage occurred in Refugio. Most homes and businesses had roof damage, broken windows, and damaged garage doors. Two motels received significant damage to their roofs. Gas station canopies and many signs were destroyed. A few brick structures experienced moderate damage. Numerous trees and power poles were blown down. Roof damage occurred to several churches, every school building in the district except for the athletic facility. The school gymnasiums and auditorium lost portion of their roofs. Several trailer homes and storage buildings were destroyed. There was widespread tree damage with a few very large trees completely uprooted. Widespread moderate structural damage occurred in Bayside, Austwell, and Tivoli. Numerous trees and power poles were blown down including some high tension power poles. In Woodsboro, widespread minor to moderate damage occurred with a few poorly constructed homes with major damage. The elementary gymnasium and auditorium roofs were blown off. Numerous trees and a few power poles were blown down. The Bayside Richardson Coop Gin near Woodsboro sustained major damage and 30 thousand bales of cotton in storage modules were damaged. A sensor deployed by Texas Tech measured sustained winds of 106 mph with gusts to 125 mph just west of Mission Bay before the sensor was hit by debris. Another sensor showed wind speed of 102 mph with gusts to 129 mph north of the intersection of Highway 35 and Farm to Market Road 774 in eastern Refugio County. Around 440 homes were destroyed, around 1050 homes experienced major damage, and 66 businesses suffered major damage. Around 750 homes had minor damage with another 310 homes affected. Storm tide varied across the bay areas of the county. The higher storm tides affected the northeast part of the county as the storm surge pushed in from San Antonio Bay. Storm surge reached 10 feet east of Tivoli near the mouth of the Guadalupe River. Storm tides were lower on the west side of Copano Bay with storm surge only reaching 3 to 4 feet. Water covered Farm to Market Road 136 near the Copano Bay Bridge. Only 2 homes were affected by storm surge in the county.||In Goliad County, widespread minor roof damage occurred in the city of Goliad. Numerous trees and a few power poles were blown down across the county. The roof of the old high school gymnasium was peeled off. A hole was punched in the roof of the new wing of the school. Some class rooms along with the weight room and dressing room suffered water damage. Three families were displaced from homes when roofs and walls collapsed. There was some minor structural damage to some homes in Goliad. Several barns were blown down throughout the county. Some livestock were injured.||In Victoria County, Widespread minor to moderate roof damage occurred in the city of Bloomington. Several mobile homes were destroyed. All but three facilities within the Bloomington school district suffered wind and water damage. Widespread minor roof damage occurred in the city of Victoria. Several trees and a few power poles were blown down. Fences and street signs were blown down across the city. The maximum wind gust recorded in Victoria was 85 mph. Maximum wind gusts in the southern part of the county were around 110 mph. Twenty seven homes were destroyed. Around 75 percent of residential and commercial properties in the county were damaged.   Hundreds of acres of unharvested cotton were damaged in the field. Harvested cotton in modules and bales were damaged also. A few barns and storage buildings were blown down across the county.",42
720927,CALHOUN (ZONE), ,08/25/2017,1800,Hurricane, , ,0,0,250000000,20000000,TX,CST-6, ,119859,Z,247,CRP,0,1,NWS Storm Survey, , , , , , , , ,08/26/2017,1200, , , , ,"Minor to moderate property damage was common across the city of Port Lavaca with large areas of siding removed from a few well constructed homes. The tops of grain bins in Port Lavaca were peeled off.  Numerous trees were blown down in the community of Seadrift. Many homes experienced minor to moderate roof and property damage. Some poorly constructed homes experienced major roof damage.  In Port O'Connor, numerous trees were blown down with three quarters of the community experiencing minor roof damage. A few power poles were blown down. Minor to moderate roof damage occurred at Magnolia Beach, Alamo Beach, and Indianola. Over 2100 homes and 72 businesses received major damage while 421 homes were destroyed. There were 1865 homes with minor damage and 1575 homes affected. There was significant damage to the cotton crop in the county. Hundreds of acres unharvested cotton were ruined in the fields. Harvested cotton in modules and bales were damaged by the wind or blown into water filled ditches. The highest wind speed measured was 82 mph with gusts to 110 mph northwest of Seadrift.","Major Hurricane Harvey impacted the Middle Texas coast on August 25th and 26th. Harvey was the first category 4 hurricane to strike Texas since Hurricane Carla in 1961. Harvey severely affected the cities of Rockport, Fulton, Port Aransas, Aransas Pass, Ingleside, Holiday Beach, and Refugio. Minor to moderate damage occurred in cities of Portland, Corpus Christi, Seadrift, Woodsboro, Port Lavaca, Goliad, and Victoria.||Harvey weakened to a tropical wave as the system moved across the Caribbean Sea and the Yucatan peninsula from August 18th until the 22nd. Harvey formed into a tropical depression over the southern Gulf of Mexico on the morning of August 23rd. Harvey rapidly intensified from a tropical depression to a major hurricane in 40 hours as it moved northwest toward the Texas coast. Harvey continued to intensify as it approached the Middle Texas coast on August 25th and made landfall as a Category 4 hurricane during the evening hours. Harvey was the first major hurricane to make landfall on the Middle Texas coast since Hurricane Celia in August of 1970. ||Hurricane Harvey slowed down after landfall and weakened into a tropical storm on the afternoon of the 26th. Tropical Storm Harvey became nearly stationary west of Cuero from the evening of the 26th through the morning of the 27th. Harvey drifted southeastward across the Victoria Crossroads on the afternoon of the 27th. Harvey then moved into Matagorda Bay during the morning hours of the 28th and back into northwest Gulf of Mexico later that afternoon. Tropical storm conditions persisted near the northern portion of the Middle Texas coast into the early morning hours of the 29th.||Hurricane Harvey moved inland in Aransas County on San Jose Island around 830 PM CDT August 25th. Harvey had a minimum central pressure of 938 millibars and produced a maximum storm surge of 12.5 feet. Maximum sustained winds were estimated at 130 mph (115 knots) with gusts to 160 mph (140 knots).  In South Texas, the maximum recorded rainfall from Hurricane Harvey was 17.08 inches 4 miles northwest of Victoria. Radar estimates were close to 20 inches over eastern portions of Refugio County. The height of the storm tide, referenced to mean higher high water, ranged from 3 to 5 feet on northern Padre Island and around Port O'Connor to a maximum of 12.5 feet in northeast Aransas County in the Aransas National Wildlife Refuge near San Antonio Bay. Storm tide levels in the interior bays were generally from 5 to 8 feet with higher amounts near 10 feet on the south end of Copano Bay, the north end of Aransas Bay, and the north end of Lavaca Bay. ||There were no direct fatalities from Hurricane Harvey on the Middle Texas Coast. There were 2 indirect fatalities in Rockport and 1 near Bloomington. All of the associated affects from Hurricane Harvey in South Texas from August 25th to August 27th resulted in 14 injuries, $4.5 billion in property damage, and around $65 million in crop damage. Specifically in South Texas, Harvey's inland flooding resulted in $5 million in property damage. One tornado near Seadrift resulted in $10 thousand in property damage. The powerful winds resulted in 14 injuries, $4 billion in property damage, and $65 million in crop damage. The storm tide resulted in $530 million in property damage and a number of drowned livestock. Damage estimates to public property and infrastructure was $130 million in South Texas.||Hurricane Harvey blew down or damaged around 550 power transmission structures. American Electric Power (AEP) repaired or replaced around 5000 distribution poles that were blown down or damaged by Harvey. Almost four million total feet of transmission and distribution conductor were replaced, approximately 712 miles. Power was restored to around 200,000 customers within 2 weeks.||In Aransas County, widespread major damage occurred across the county with a few areas having catastrophic damage. Catastrophic damage was located across Copano Village, Holiday Beach, and Lamar with many homes, some elevated, with second stories completely collapsed. Nearly every structure was greatly impacted. A couple of brick homes were destroyed near Copano Village. Catastrophic damage occurred to homes in the Copano Ridge area. Nearly all the trees in the Holiday Beach, Lamar, and Goose Island State Park area were without leaves with many trees snapped or uprooted. Most of Rockport and Fulton experienced widespread major structural damage. Several homes in the Key Allegro subdivision collapsed. Exterior walls collapsed on the high school gymnasium, on several churches, and on several new hotels. Upper floors of several apartment buildings were removed. Mobile homes and recreational vehicles were demolished. Billboard signs were blown down. Numerous power poles were blown down or snapped. Six hangars were demolished at the Aransas County Airport along with many airplanes. The county remained without power for 2 to 3 weeks. A mesonet wind sensor at Aransas County Airport recorded sustained winds around 110 mph with a peak gust to 150 mph. Nearly 1500 homes were destroyed, almost 3800 homes suffered major damage, and 5350 homes suffered minor damage. There were 175 businesses with major damage. Storm surge greatly impacted Holiday Beach and Copano Village. The surge punched holes through walls and garage doors on the lower portions of most homes. The surge floated vehicles, recreational vehicles, and boats well inland. The surge approached and flowed across Egery Island Road and Farm to Market 136 in several locations south of Bayside in extreme western Aransas County. Numerous cattle were killed north of Holiday Beach. A large portion of Rattlesnake Point Road was eroded and washed away heading out to Redfish Lodge on Copano Bay. The pier south of the lodge was completely washed away. Storm surge of 4 to 5 feet was common across the county. The maximum storm surge of 12.5 feet occurred in the Aransas National Wildlife Refuge. There were 356 homes that received major damage from storm surge and there were 1126 homes that received minor damage from storm surge. There were 1200 homes that were affected by storm surge. From NOAA photos, there were 14 cuts formed on the southern end of San Jose Island.||In Nueces County, the most significant damage was in Port Aransas where widespread major damage occurred. There were 4170 homes that received major damage and 1036 homes destroyed. Most homes suffered major roof damage while some homes lost roofs and walls collapsed. There were 457 businesses with major damage and slightly more than 1100 homes with minor damage. Mobile homes and recreational vehicles were demolished. Numerous power poles were blown down or snapped. The roofs were damaged at the elementary, middle, and high schools for Port Aransas leading to water damage in the interior. In Corpus Christi, widespread minor property damage was common due to lost shingles and fences down. Some residences and businesses experienced moderate damage mainly across the northern part of the city. Taller buildings downtown suffered more significant damage and lost signs. A few highway signs were blown down. Minor roof damage was common to residences and business in North Padre Island with some areas with moderate damage. Peak wind gusts measured were around 130 mph in Port Aransas. Storm tides were from 6 to 8 feet in Port Aransas as the storm surge entered from the west from Corpus Christi and Redfish Bays. Numerous boats were damaged or destroyed and pushed out of their moorings onto high ground. A large drill boat broke loose, destroyed a pier, and became grounded along the jetty. Two tugs broke loose near the Gulf Intracoastal Waterway with one becoming grounded and the other sinking. Two ferries were damaged when they were pinned against the loading dock. The storm surge inundated Highway 361 along a 10 miles stretch from near the Mustang Island State Park to Port Aransas with the water several feet deep. A few boats became moored near Packery Channel. The Arnold Palmer designed golf course at Palmilla Beach south of Port Aransas was inundated by storm surge with water covering most of the course. Storm tide of 4 to 6 feet impacted residences and businesses in Padre Island from the Laguna Madre. Storm surge caused major damage to 520 homes and minor damage to 1327 homes. Storm surge affected an additional 2200 homes. The Port of Corpus Christi was shutdown for a record 6 days. Port Aransas Independent School District lost 8 buses due to damage from salt water.||In Calhoun County, minor to moderate property damage was common across the city of Port Lavaca with large areas of siding removed from a few well constructed homes. The tops of grain bins in Port Lavaca were peeled off. Numerous trees were blown down in the community of Seadrift. Many homes experienced minor to moderate roof and property damage. Some poorly constructed homes experienced major roof damage. In Port O'Connor, numerous trees were blown down with three quarters of the community experiencing minor roof damage. A few power poles were blown down. Minor to moderate roof damage occurred at Magnolia Beach, Alamo Beach, and Indianola. Over 2100 homes and 72 businesses received major damage while 421 homes were destroyed. There were 1865 homes with minor damage and 1575 homes affected. There was significant damage to the cotton crop in the county. Hundreds of acres unharvested cotton were ruined in the fields. Harvested cotton in modules and bales were damaged by the wind or blown into water filled ditches. The highest wind speed measured was 82 mph with gusts to 110 mph northwest of Seadrift. Storm tides averaged from 6 to 8 feet across Calhoun County with maximum tide levels around 10 feet recorded on the north end of Lavaca Bay while lower tides from 3 to 5 feet occurred from Port O'Connor to southeast of Seadrift next to Espiritu Santo Bay. In Port Lavaca, water from Chocolate Bay inundated the public boat ramp near Buren Road. The lower half of Buren Road was inundated. The entire marina along Lavaca Bay was strongly impacted with 16 boats declared a total loss with many of them sinking in the marina. Several boats were grounded next to the marina. The Bayfront Peninsula Park was inundated. Areas east of Broadway street were inundated with water reaching across Highway 35 in the area near Lighthouse Beach. Piers at Lighthouse Beach Park and Bayfront Peninsula Park were destroyed. Nearly the entire marina in Seadrift was inundated from storm surge with several boats grounded on the marina parking lot. Most of the wooden docks at the marina and a few wooden piers were destroyed. The storm surge reached Bay Avenue almost reaching the beachfront pavilion. Storm surge entered homes near the Bay Avenue and Orange Street intersection. In Magnolia Beach and Indianola, storm surge flooded nearly all of Magnolia Public Beach and crossed North Ocean Drive in a few spots. A few areas of South Ocean Drive near Indianola were inundated. Several older wooden docks and piers were destroyed. In Port O'Connor, storm surge from Matagorda Bay reached half of the way up Kingfisher Beach toward Park Street. The storm surge caused major damage to 56 homes, minor damage to 322 homes, and affected 446 homes across the county. A thousand foot cut was made through Matagorda Island.||In San Patricio County, the worst damage was confined to the eastern half of the county. Almost 8700 homes were affected by the hurricane. There were 155 homes destroyed, 425 homes with major damage, and slightly more than 3300 homes with minor damage. There were 72 businesses with major damage. The hardest hit areas were Aransas Pass and Ingleside where major damage occurred. Widespread roof damage and tree damage occurred in this area. Numerous large power poles were blown down across the eastern half of the county. The water tower in Aransas Pass was destroyed. Roof damage led to extensive interior damage to the Care Regional Medical Center in Aransas Pass. Power outage was widespread with some areas without power for over a week. There was widespread minor roof damage and fences blown down in Portland along with a few trees blown down. Minor roof damage occurred in Taft and a car wash was destroyed. A couple of grain silos at the Midway Gin near Taft were toppled over. Crop damage to cotton stored in modules occurred in the eastern part of the county. The peak wind recorded was in Aransas Pass with sustained wind speed of 100 mph with gusts to 135 mph at Conn Brown Harbor. Survey from the United States Geologic Survey (USGS) indicated a storm tide of around 4 feet impacted the area from Ingleside On-the-Bay to Aransas Pass. Numerous wooden piers and docks were damaged or destroyed. A couple of boats were damaged in the Conn Brown Harbor in Aransas Pass. Major flooding was experienced in the low part of Aransas Pass adjacent to the levee. One home suffered major damage from storm surge while 40 homes had minor damage. Around 540 homes were affected by storm surge.||In Refugio County, widespread moderate structural damage with pockets of major structural damage occurred in Refugio. Most homes and businesses had roof damage, broken windows, and damaged garage doors. Two motels received significant damage to their roofs. Gas station canopies and many signs were destroyed. A few brick structures experienced moderate damage. Numerous trees and power poles were blown down. Roof damage occurred to several churches, every school building in the district except for the athletic facility. The school gymnasiums and auditorium lost portion of their roofs. Several trailer homes and storage buildings were destroyed. There was widespread tree damage with a few very large trees completely uprooted. Widespread moderate structural damage occurred in Bayside, Austwell, and Tivoli. Numerous trees and power poles were blown down including some high tension power poles. In Woodsboro, widespread minor to moderate damage occurred with a few poorly constructed homes with major damage. The elementary gymnasium and auditorium roofs were blown off. Numerous trees and a few power poles were blown down. The Bayside Richardson Coop Gin near Woodsboro sustained major damage and 30 thousand bales of cotton in storage modules were damaged. A sensor deployed by Texas Tech measured sustained winds of 106 mph with gusts to 125 mph just west of Mission Bay before the sensor was hit by debris. Another sensor showed wind speed of 102 mph with gusts to 129 mph north of the intersection of Highway 35 and Farm to Market Road 774 in eastern Refugio County. Around 440 homes were destroyed, around 1050 homes experienced major damage, and 66 businesses suffered major damage. Around 750 homes had minor damage with another 310 homes affected. Storm tide varied across the bay areas of the county. The higher storm tides affected the northeast part of the county as the storm surge pushed in from San Antonio Bay. Storm surge reached 10 feet east of Tivoli near the mouth of the Guadalupe River. Storm tides were lower on the west side of Copano Bay with storm surge only reaching 3 to 4 feet. Water covered Farm to Market Road 136 near the Copano Bay Bridge. Only 2 homes were affected by storm surge in the county.||In Goliad County, widespread minor roof damage occurred in the city of Goliad. Numerous trees and a few power poles were blown down across the county. The roof of the old high school gymnasium was peeled off. A hole was punched in the roof of the new wing of the school. Some class rooms along with the weight room and dressing room suffered water damage. Three families were displaced from homes when roofs and walls collapsed. There was some minor structural damage to some homes in Goliad. Several barns were blown down throughout the county. Some livestock were injured.||In Victoria County, Widespread minor to moderate roof damage occurred in the city of Bloomington. Several mobile homes were destroyed. All but three facilities within the Bloomington school district suffered wind and water damage. Widespread minor roof damage occurred in the city of Victoria. Several trees and a few power poles were blown down. Fences and street signs were blown down across the city. The maximum wind gust recorded in Victoria was 85 mph. Maximum wind gusts in the southern part of the county were around 110 mph. Twenty seven homes were destroyed. Around 75 percent of residential and commercial properties in the county were damaged.   Hundreds of acres of unharvested cotton were damaged in the field. Harvested cotton in modules and bales were damaged also. A few barns and storage buildings were blown down across the county.",43
720923,SAN PATRICIO (ZONE), ,08/25/2017,1800,Hurricane, , ,0,0,500000000,5000000,TX,CST-6, ,119859,Z,244,CRP,0,0,NWS Storm Survey, , , , , , , , ,08/26/2017,1200, , , , ,"The worst damage was confined to the eastern half of the county. Almost 8700 homes were affected by the hurricane. There were 155 homes destroyed, 425 homes with major damage, and slightly more than 3300 homes with minor damage. There were 72 businesses with major damage.  The hardest hit areas were Aransas Pass and Ingleside where major damage occurred. Widespread roof damage and tree damage occurred in this area. Numerous large power poles were blown down across the eastern half of the county. The water tower in Aransas Pass was destroyed. Roof damage led to extensive interior damage to the Care Regional Medical Center in Aransas Pass. Power outage was widespread with some areas without power for over a week.  There was widespread minor roof damage and fences blown down in Portland along with a few trees blown down. Minor roof damage occurred in Taft and a car wash was destroyed. A couple of grain silos at the Midway Gin near Taft were toppled over. Crop damage to cotton stored in modules occurred in the eastern part of the county. The peak wind recorded was in Aransas Pass with sustained wind speed of 100 mph with gusts to 135 mph at Conn Brown Harbor.","Major Hurricane Harvey impacted the Middle Texas coast on August 25th and 26th. Harvey was the first category 4 hurricane to strike Texas since Hurricane Carla in 1961. Harvey severely affected the cities of Rockport, Fulton, Port Aransas, Aransas Pass, Ingleside, Holiday Beach, and Refugio. Minor to moderate damage occurred in cities of Portland, Corpus Christi, Seadrift, Woodsboro, Port Lavaca, Goliad, and Victoria.||Harvey weakened to a tropical wave as the system moved across the Caribbean Sea and the Yucatan peninsula from August 18th until the 22nd. Harvey formed into a tropical depression over the southern Gulf of Mexico on the morning of August 23rd. Harvey rapidly intensified from a tropical depression to a major hurricane in 40 hours as it moved northwest toward the Texas coast. Harvey continued to intensify as it approached the Middle Texas coast on August 25th and made landfall as a Category 4 hurricane during the evening hours. Harvey was the first major hurricane to make landfall on the Middle Texas coast since Hurricane Celia in August of 1970. ||Hurricane Harvey slowed down after landfall and weakened into a tropical storm on the afternoon of the 26th. Tropical Storm Harvey became nearly stationary west of Cuero from the evening of the 26th through the morning of the 27th. Harvey drifted southeastward across the Victoria Crossroads on the afternoon of the 27th. Harvey then moved into Matagorda Bay during the morning hours of the 28th and back into northwest Gulf of Mexico later that afternoon. Tropical storm conditions persisted near the northern portion of the Middle Texas coast into the early morning hours of the 29th.||Hurricane Harvey moved inland in Aransas County on San Jose Island around 830 PM CDT August 25th. Harvey had a minimum central pressure of 938 millibars and produced a maximum storm surge of 12.5 feet. Maximum sustained winds were estimated at 130 mph (115 knots) with gusts to 160 mph (140 knots).  In South Texas, the maximum recorded rainfall from Hurricane Harvey was 17.08 inches 4 miles northwest of Victoria. Radar estimates were close to 20 inches over eastern portions of Refugio County. The height of the storm tide, referenced to mean higher high water, ranged from 3 to 5 feet on northern Padre Island and around Port O'Connor to a maximum of 12.5 feet in northeast Aransas County in the Aransas National Wildlife Refuge near San Antonio Bay. Storm tide levels in the interior bays were generally from 5 to 8 feet with higher amounts near 10 feet on the south end of Copano Bay, the north end of Aransas Bay, and the north end of Lavaca Bay. ||There were no direct fatalities from Hurricane Harvey on the Middle Texas Coast. There were 2 indirect fatalities in Rockport and 1 near Bloomington. All of the associated affects from Hurricane Harvey in South Texas from August 25th to August 27th resulted in 14 injuries, $4.5 billion in property damage, and around $65 million in crop damage. Specifically in South Texas, Harvey's inland flooding resulted in $5 million in property damage. One tornado near Seadrift resulted in $10 thousand in property damage. The powerful winds resulted in 14 injuries, $4 billion in property damage, and $65 million in crop damage. The storm tide resulted in $530 million in property damage and a number of drowned livestock. Damage estimates to public property and infrastructure was $130 million in South Texas.||Hurricane Harvey blew down or damaged around 550 power transmission structures. American Electric Power (AEP) repaired or replaced around 5000 distribution poles that were blown down or damaged by Harvey. Almost four million total feet of transmission and distribution conductor were replaced, approximately 712 miles. Power was restored to around 200,000 customers within 2 weeks.||In Aransas County, widespread major damage occurred across the county with a few areas having catastrophic damage. Catastrophic damage was located across Copano Village, Holiday Beach, and Lamar with many homes, some elevated, with second stories completely collapsed. Nearly every structure was greatly impacted. A couple of brick homes were destroyed near Copano Village. Catastrophic damage occurred to homes in the Copano Ridge area. Nearly all the trees in the Holiday Beach, Lamar, and Goose Island State Park area were without leaves with many trees snapped or uprooted. Most of Rockport and Fulton experienced widespread major structural damage. Several homes in the Key Allegro subdivision collapsed. Exterior walls collapsed on the high school gymnasium, on several churches, and on several new hotels. Upper floors of several apartment buildings were removed. Mobile homes and recreational vehicles were demolished. Billboard signs were blown down. Numerous power poles were blown down or snapped. Six hangars were demolished at the Aransas County Airport along with many airplanes. The county remained without power for 2 to 3 weeks. A mesonet wind sensor at Aransas County Airport recorded sustained winds around 110 mph with a peak gust to 150 mph. Nearly 1500 homes were destroyed, almost 3800 homes suffered major damage, and 5350 homes suffered minor damage. There were 175 businesses with major damage. Storm surge greatly impacted Holiday Beach and Copano Village. The surge punched holes through walls and garage doors on the lower portions of most homes. The surge floated vehicles, recreational vehicles, and boats well inland. The surge approached and flowed across Egery Island Road and Farm to Market 136 in several locations south of Bayside in extreme western Aransas County. Numerous cattle were killed north of Holiday Beach. A large portion of Rattlesnake Point Road was eroded and washed away heading out to Redfish Lodge on Copano Bay. The pier south of the lodge was completely washed away. Storm surge of 4 to 5 feet was common across the county. The maximum storm surge of 12.5 feet occurred in the Aransas National Wildlife Refuge. There were 356 homes that received major damage from storm surge and there were 1126 homes that received minor damage from storm surge. There were 1200 homes that were affected by storm surge. From NOAA photos, there were 14 cuts formed on the southern end of San Jose Island.||In Nueces County, the most significant damage was in Port Aransas where widespread major damage occurred. There were 4170 homes that received major damage and 1036 homes destroyed. Most homes suffered major roof damage while some homes lost roofs and walls collapsed. There were 457 businesses with major damage and slightly more than 1100 homes with minor damage. Mobile homes and recreational vehicles were demolished. Numerous power poles were blown down or snapped. The roofs were damaged at the elementary, middle, and high schools for Port Aransas leading to water damage in the interior. In Corpus Christi, widespread minor property damage was common due to lost shingles and fences down. Some residences and businesses experienced moderate damage mainly across the northern part of the city. Taller buildings downtown suffered more significant damage and lost signs. A few highway signs were blown down. Minor roof damage was common to residences and business in North Padre Island with some areas with moderate damage. Peak wind gusts measured were around 130 mph in Port Aransas. Storm tides were from 6 to 8 feet in Port Aransas as the storm surge entered from the west from Corpus Christi and Redfish Bays. Numerous boats were damaged or destroyed and pushed out of their moorings onto high ground. A large drill boat broke loose, destroyed a pier, and became grounded along the jetty. Two tugs broke loose near the Gulf Intracoastal Waterway with one becoming grounded and the other sinking. Two ferries were damaged when they were pinned against the loading dock. The storm surge inundated Highway 361 along a 10 miles stretch from near the Mustang Island State Park to Port Aransas with the water several feet deep. A few boats became moored near Packery Channel. The Arnold Palmer designed golf course at Palmilla Beach south of Port Aransas was inundated by storm surge with water covering most of the course. Storm tide of 4 to 6 feet impacted residences and businesses in Padre Island from the Laguna Madre. Storm surge caused major damage to 520 homes and minor damage to 1327 homes. Storm surge affected an additional 2200 homes. The Port of Corpus Christi was shutdown for a record 6 days. Port Aransas Independent School District lost 8 buses due to damage from salt water.||In Calhoun County, minor to moderate property damage was common across the city of Port Lavaca with large areas of siding removed from a few well constructed homes. The tops of grain bins in Port Lavaca were peeled off. Numerous trees were blown down in the community of Seadrift. Many homes experienced minor to moderate roof and property damage. Some poorly constructed homes experienced major roof damage. In Port O'Connor, numerous trees were blown down with three quarters of the community experiencing minor roof damage. A few power poles were blown down. Minor to moderate roof damage occurred at Magnolia Beach, Alamo Beach, and Indianola. Over 2100 homes and 72 businesses received major damage while 421 homes were destroyed. There were 1865 homes with minor damage and 1575 homes affected. There was significant damage to the cotton crop in the county. Hundreds of acres unharvested cotton were ruined in the fields. Harvested cotton in modules and bales were damaged by the wind or blown into water filled ditches. The highest wind speed measured was 82 mph with gusts to 110 mph northwest of Seadrift. Storm tides averaged from 6 to 8 feet across Calhoun County with maximum tide levels around 10 feet recorded on the north end of Lavaca Bay while lower tides from 3 to 5 feet occurred from Port O'Connor to southeast of Seadrift next to Espiritu Santo Bay. In Port Lavaca, water from Chocolate Bay inundated the public boat ramp near Buren Road. The lower half of Buren Road was inundated. The entire marina along Lavaca Bay was strongly impacted with 16 boats declared a total loss with many of them sinking in the marina. Several boats were grounded next to the marina. The Bayfront Peninsula Park was inundated. Areas east of Broadway street were inundated with water reaching across Highway 35 in the area near Lighthouse Beach. Piers at Lighthouse Beach Park and Bayfront Peninsula Park were destroyed. Nearly the entire marina in Seadrift was inundated from storm surge with several boats grounded on the marina parking lot. Most of the wooden docks at the marina and a few wooden piers were destroyed. The storm surge reached Bay Avenue almost reaching the beachfront pavilion. Storm surge entered homes near the Bay Avenue and Orange Street intersection. In Magnolia Beach and Indianola, storm surge flooded nearly all of Magnolia Public Beach and crossed North Ocean Drive in a few spots. A few areas of South Ocean Drive near Indianola were inundated. Several older wooden docks and piers were destroyed. In Port O'Connor, storm surge from Matagorda Bay reached half of the way up Kingfisher Beach toward Park Street. The storm surge caused major damage to 56 homes, minor damage to 322 homes, and affected 446 homes across the county. A thousand foot cut was made through Matagorda Island.||In San Patricio County, the worst damage was confined to the eastern half of the county. Almost 8700 homes were affected by the hurricane. There were 155 homes destroyed, 425 homes with major damage, and slightly more than 3300 homes with minor damage. There were 72 businesses with major damage. The hardest hit areas were Aransas Pass and Ingleside where major damage occurred. Widespread roof damage and tree damage occurred in this area. Numerous large power poles were blown down across the eastern half of the county. The water tower in Aransas Pass was destroyed. Roof damage led to extensive interior damage to the Care Regional Medical Center in Aransas Pass. Power outage was widespread with some areas without power for over a week. There was widespread minor roof damage and fences blown down in Portland along with a few trees blown down. Minor roof damage occurred in Taft and a car wash was destroyed. A couple of grain silos at the Midway Gin near Taft were toppled over. Crop damage to cotton stored in modules occurred in the eastern part of the county. The peak wind recorded was in Aransas Pass with sustained wind speed of 100 mph with gusts to 135 mph at Conn Brown Harbor. Survey from the United States Geologic Survey (USGS) indicated a storm tide of around 4 feet impacted the area from Ingleside On-the-Bay to Aransas Pass. Numerous wooden piers and docks were damaged or destroyed. A couple of boats were damaged in the Conn Brown Harbor in Aransas Pass. Major flooding was experienced in the low part of Aransas Pass adjacent to the levee. One home suffered major damage from storm surge while 40 homes had minor damage. Around 540 homes were affected by storm surge.||In Refugio County, widespread moderate structural damage with pockets of major structural damage occurred in Refugio. Most homes and businesses had roof damage, broken windows, and damaged garage doors. Two motels received significant damage to their roofs. Gas station canopies and many signs were destroyed. A few brick structures experienced moderate damage. Numerous trees and power poles were blown down. Roof damage occurred to several churches, every school building in the district except for the athletic facility. The school gymnasiums and auditorium lost portion of their roofs. Several trailer homes and storage buildings were destroyed. There was widespread tree damage with a few very large trees completely uprooted. Widespread moderate structural damage occurred in Bayside, Austwell, and Tivoli. Numerous trees and power poles were blown down including some high tension power poles. In Woodsboro, widespread minor to moderate damage occurred with a few poorly constructed homes with major damage. The elementary gymnasium and auditorium roofs were blown off. Numerous trees and a few power poles were blown down. The Bayside Richardson Coop Gin near Woodsboro sustained major damage and 30 thousand bales of cotton in storage modules were damaged. A sensor deployed by Texas Tech measured sustained winds of 106 mph with gusts to 125 mph just west of Mission Bay before the sensor was hit by debris. Another sensor showed wind speed of 102 mph with gusts to 129 mph north of the intersection of Highway 35 and Farm to Market Road 774 in eastern Refugio County. Around 440 homes were destroyed, around 1050 homes experienced major damage, and 66 businesses suffered major damage. Around 750 homes had minor damage with another 310 homes affected. Storm tide varied across the bay areas of the county. The higher storm tides affected the northeast part of the county as the storm surge pushed in from San Antonio Bay. Storm surge reached 10 feet east of Tivoli near the mouth of the Guadalupe River. Storm tides were lower on the west side of Copano Bay with storm surge only reaching 3 to 4 feet. Water covered Farm to Market Road 136 near the Copano Bay Bridge. Only 2 homes were affected by storm surge in the county.||In Goliad County, widespread minor roof damage occurred in the city of Goliad. Numerous trees and a few power poles were blown down across the county. The roof of the old high school gymnasium was peeled off. A hole was punched in the roof of the new wing of the school. Some class rooms along with the weight room and dressing room suffered water damage. Three families were displaced from homes when roofs and walls collapsed. There was some minor structural damage to some homes in Goliad. Several barns were blown down throughout the county. Some livestock were injured.||In Victoria County, Widespread minor to moderate roof damage occurred in the city of Bloomington. Several mobile homes were destroyed. All but three facilities within the Bloomington school district suffered wind and water damage. Widespread minor roof damage occurred in the city of Victoria. Several trees and a few power poles were blown down. Fences and street signs were blown down across the city. The maximum wind gust recorded in Victoria was 85 mph. Maximum wind gusts in the southern part of the county were around 110 mph. Twenty seven homes were destroyed. Around 75 percent of residential and commercial properties in the county were damaged.   Hundreds of acres of unharvested cotton were damaged in the field. Harvested cotton in modules and bales were damaged also. A few barns and storage buildings were blown down across the county.",44
721356,JIM WELLS (ZONE), ,08/25/2017,1800,Tropical Storm, , ,0,0,1000,0,TX,CST-6, ,119859,Z,241,CRP,0,0,Official NWS Observations, , , , , , , , ,08/26/2017,1200, , , , ,"Tropical storm force winds occurred across Jim Wells County associated with Hurricane Harvey. Only some minor damage to fences and signs were noted across the county.","Major Hurricane Harvey impacted the Middle Texas coast on August 25th and 26th. Harvey was the first category 4 hurricane to strike Texas since Hurricane Carla in 1961. Harvey severely affected the cities of Rockport, Fulton, Port Aransas, Aransas Pass, Ingleside, Holiday Beach, and Refugio. Minor to moderate damage occurred in cities of Portland, Corpus Christi, Seadrift, Woodsboro, Port Lavaca, Goliad, and Victoria.||Harvey weakened to a tropical wave as the system moved across the Caribbean Sea and the Yucatan peninsula from August 18th until the 22nd. Harvey formed into a tropical depression over the southern Gulf of Mexico on the morning of August 23rd. Harvey rapidly intensified from a tropical depression to a major hurricane in 40 hours as it moved northwest toward the Texas coast. Harvey continued to intensify as it approached the Middle Texas coast on August 25th and made landfall as a Category 4 hurricane during the evening hours. Harvey was the first major hurricane to make landfall on the Middle Texas coast since Hurricane Celia in August of 1970. ||Hurricane Harvey slowed down after landfall and weakened into a tropical storm on the afternoon of the 26th. Tropical Storm Harvey became nearly stationary west of Cuero from the evening of the 26th through the morning of the 27th. Harvey drifted southeastward across the Victoria Crossroads on the afternoon of the 27th. Harvey then moved into Matagorda Bay during the morning hours of the 28th and back into northwest Gulf of Mexico later that afternoon. Tropical storm conditions persisted near the northern portion of the Middle Texas coast into the early morning hours of the 29th.||Hurricane Harvey moved inland in Aransas County on San Jose Island around 830 PM CDT August 25th. Harvey had a minimum central pressure of 938 millibars and produced a maximum storm surge of 12.5 feet. Maximum sustained winds were estimated at 130 mph (115 knots) with gusts to 160 mph (140 knots).  In South Texas, the maximum recorded rainfall from Hurricane Harvey was 17.08 inches 4 miles northwest of Victoria. Radar estimates were close to 20 inches over eastern portions of Refugio County. The height of the storm tide, referenced to mean higher high water, ranged from 3 to 5 feet on northern Padre Island and around Port O'Connor to a maximum of 12.5 feet in northeast Aransas County in the Aransas National Wildlife Refuge near San Antonio Bay. Storm tide levels in the interior bays were generally from 5 to 8 feet with higher amounts near 10 feet on the south end of Copano Bay, the north end of Aransas Bay, and the north end of Lavaca Bay. ||There were no direct fatalities from Hurricane Harvey on the Middle Texas Coast. There were 2 indirect fatalities in Rockport and 1 near Bloomington. All of the associated affects from Hurricane Harvey in South Texas from August 25th to August 27th resulted in 14 injuries, $4.5 billion in property damage, and around $65 million in crop damage. Specifically in South Texas, Harvey's inland flooding resulted in $5 million in property damage. One tornado near Seadrift resulted in $10 thousand in property damage. The powerful winds resulted in 14 injuries, $4 billion in property damage, and $65 million in crop damage. The storm tide resulted in $530 million in property damage and a number of drowned livestock. Damage estimates to public property and infrastructure was $130 million in South Texas.||Hurricane Harvey blew down or damaged around 550 power transmission structures. American Electric Power (AEP) repaired or replaced around 5000 distribution poles that were blown down or damaged by Harvey. Almost four million total feet of transmission and distribution conductor were replaced, approximately 712 miles. Power was restored to around 200,000 customers within 2 weeks.||In Aransas County, widespread major damage occurred across the county with a few areas having catastrophic damage. Catastrophic damage was located across Copano Village, Holiday Beach, and Lamar with many homes, some elevated, with second stories completely collapsed. Nearly every structure was greatly impacted. A couple of brick homes were destroyed near Copano Village. Catastrophic damage occurred to homes in the Copano Ridge area. Nearly all the trees in the Holiday Beach, Lamar, and Goose Island State Park area were without leaves with many trees snapped or uprooted. Most of Rockport and Fulton experienced widespread major structural damage. Several homes in the Key Allegro subdivision collapsed. Exterior walls collapsed on the high school gymnasium, on several churches, and on several new hotels. Upper floors of several apartment buildings were removed. Mobile homes and recreational vehicles were demolished. Billboard signs were blown down. Numerous power poles were blown down or snapped. Six hangars were demolished at the Aransas County Airport along with many airplanes. The county remained without power for 2 to 3 weeks. A mesonet wind sensor at Aransas County Airport recorded sustained winds around 110 mph with a peak gust to 150 mph. Nearly 1500 homes were destroyed, almost 3800 homes suffered major damage, and 5350 homes suffered minor damage. There were 175 businesses with major damage. Storm surge greatly impacted Holiday Beach and Copano Village. The surge punched holes through walls and garage doors on the lower portions of most homes. The surge floated vehicles, recreational vehicles, and boats well inland. The surge approached and flowed across Egery Island Road and Farm to Market 136 in several locations south of Bayside in extreme western Aransas County. Numerous cattle were killed north of Holiday Beach. A large portion of Rattlesnake Point Road was eroded and washed away heading out to Redfish Lodge on Copano Bay. The pier south of the lodge was completely washed away. Storm surge of 4 to 5 feet was common across the county. The maximum storm surge of 12.5 feet occurred in the Aransas National Wildlife Refuge. There were 356 homes that received major damage from storm surge and there were 1126 homes that received minor damage from storm surge. There were 1200 homes that were affected by storm surge. From NOAA photos, there were 14 cuts formed on the southern end of San Jose Island.||In Nueces County, the most significant damage was in Port Aransas where widespread major damage occurred. There were 4170 homes that received major damage and 1036 homes destroyed. Most homes suffered major roof damage while some homes lost roofs and walls collapsed. There were 457 businesses with major damage and slightly more than 1100 homes with minor damage. Mobile homes and recreational vehicles were demolished. Numerous power poles were blown down or snapped. The roofs were damaged at the elementary, middle, and high schools for Port Aransas leading to water damage in the interior. In Corpus Christi, widespread minor property damage was common due to lost shingles and fences down. Some residences and businesses experienced moderate damage mainly across the northern part of the city. Taller buildings downtown suffered more significant damage and lost signs. A few highway signs were blown down. Minor roof damage was common to residences and business in North Padre Island with some areas with moderate damage. Peak wind gusts measured were around 130 mph in Port Aransas. Storm tides were from 6 to 8 feet in Port Aransas as the storm surge entered from the west from Corpus Christi and Redfish Bays. Numerous boats were damaged or destroyed and pushed out of their moorings onto high ground. A large drill boat broke loose, destroyed a pier, and became grounded along the jetty. Two tugs broke loose near the Gulf Intracoastal Waterway with one becoming grounded and the other sinking. Two ferries were damaged when they were pinned against the loading dock. The storm surge inundated Highway 361 along a 10 miles stretch from near the Mustang Island State Park to Port Aransas with the water several feet deep. A few boats became moored near Packery Channel. The Arnold Palmer designed golf course at Palmilla Beach south of Port Aransas was inundated by storm surge with water covering most of the course. Storm tide of 4 to 6 feet impacted residences and businesses in Padre Island from the Laguna Madre. Storm surge caused major damage to 520 homes and minor damage to 1327 homes. Storm surge affected an additional 2200 homes. The Port of Corpus Christi was shutdown for a record 6 days. Port Aransas Independent School District lost 8 buses due to damage from salt water.||In Calhoun County, minor to moderate property damage was common across the city of Port Lavaca with large areas of siding removed from a few well constructed homes. The tops of grain bins in Port Lavaca were peeled off. Numerous trees were blown down in the community of Seadrift. Many homes experienced minor to moderate roof and property damage. Some poorly constructed homes experienced major roof damage. In Port O'Connor, numerous trees were blown down with three quarters of the community experiencing minor roof damage. A few power poles were blown down. Minor to moderate roof damage occurred at Magnolia Beach, Alamo Beach, and Indianola. Over 2100 homes and 72 businesses received major damage while 421 homes were destroyed. There were 1865 homes with minor damage and 1575 homes affected. There was significant damage to the cotton crop in the county. Hundreds of acres unharvested cotton were ruined in the fields. Harvested cotton in modules and bales were damaged by the wind or blown into water filled ditches. The highest wind speed measured was 82 mph with gusts to 110 mph northwest of Seadrift. Storm tides averaged from 6 to 8 feet across Calhoun County with maximum tide levels around 10 feet recorded on the north end of Lavaca Bay while lower tides from 3 to 5 feet occurred from Port O'Connor to southeast of Seadrift next to Espiritu Santo Bay. In Port Lavaca, water from Chocolate Bay inundated the public boat ramp near Buren Road. The lower half of Buren Road was inundated. The entire marina along Lavaca Bay was strongly impacted with 16 boats declared a total loss with many of them sinking in the marina. Several boats were grounded next to the marina. The Bayfront Peninsula Park was inundated. Areas east of Broadway street were inundated with water reaching across Highway 35 in the area near Lighthouse Beach. Piers at Lighthouse Beach Park and Bayfront Peninsula Park were destroyed. Nearly the entire marina in Seadrift was inundated from storm surge with several boats grounded on the marina parking lot. Most of the wooden docks at the marina and a few wooden piers were destroyed. The storm surge reached Bay Avenue almost reaching the beachfront pavilion. Storm surge entered homes near the Bay Avenue and Orange Street intersection. In Magnolia Beach and Indianola, storm surge flooded nearly all of Magnolia Public Beach and crossed North Ocean Drive in a few spots. A few areas of South Ocean Drive near Indianola were inundated. Several older wooden docks and piers were destroyed. In Port O'Connor, storm surge from Matagorda Bay reached half of the way up Kingfisher Beach toward Park Street. The storm surge caused major damage to 56 homes, minor damage to 322 homes, and affected 446 homes across the county. A thousand foot cut was made through Matagorda Island.||In San Patricio County, the worst damage was confined to the eastern half of the county. Almost 8700 homes were affected by the hurricane. There were 155 homes destroyed, 425 homes with major damage, and slightly more than 3300 homes with minor damage. There were 72 businesses with major damage. The hardest hit areas were Aransas Pass and Ingleside where major damage occurred. Widespread roof damage and tree damage occurred in this area. Numerous large power poles were blown down across the eastern half of the county. The water tower in Aransas Pass was destroyed. Roof damage led to extensive interior damage to the Care Regional Medical Center in Aransas Pass. Power outage was widespread with some areas without power for over a week. There was widespread minor roof damage and fences blown down in Portland along with a few trees blown down. Minor roof damage occurred in Taft and a car wash was destroyed. A couple of grain silos at the Midway Gin near Taft were toppled over. Crop damage to cotton stored in modules occurred in the eastern part of the county. The peak wind recorded was in Aransas Pass with sustained wind speed of 100 mph with gusts to 135 mph at Conn Brown Harbor. Survey from the United States Geologic Survey (USGS) indicated a storm tide of around 4 feet impacted the area from Ingleside On-the-Bay to Aransas Pass. Numerous wooden piers and docks were damaged or destroyed. A couple of boats were damaged in the Conn Brown Harbor in Aransas Pass. Major flooding was experienced in the low part of Aransas Pass adjacent to the levee. One home suffered major damage from storm surge while 40 homes had minor damage. Around 540 homes were affected by storm surge.||In Refugio County, widespread moderate structural damage with pockets of major structural damage occurred in Refugio. Most homes and businesses had roof damage, broken windows, and damaged garage doors. Two motels received significant damage to their roofs. Gas station canopies and many signs were destroyed. A few brick structures experienced moderate damage. Numerous trees and power poles were blown down. Roof damage occurred to several churches, every school building in the district except for the athletic facility. The school gymnasiums and auditorium lost portion of their roofs. Several trailer homes and storage buildings were destroyed. There was widespread tree damage with a few very large trees completely uprooted. Widespread moderate structural damage occurred in Bayside, Austwell, and Tivoli. Numerous trees and power poles were blown down including some high tension power poles. In Woodsboro, widespread minor to moderate damage occurred with a few poorly constructed homes with major damage. The elementary gymnasium and auditorium roofs were blown off. Numerous trees and a few power poles were blown down. The Bayside Richardson Coop Gin near Woodsboro sustained major damage and 30 thousand bales of cotton in storage modules were damaged. A sensor deployed by Texas Tech measured sustained winds of 106 mph with gusts to 125 mph just west of Mission Bay before the sensor was hit by debris. Another sensor showed wind speed of 102 mph with gusts to 129 mph north of the intersection of Highway 35 and Farm to Market Road 774 in eastern Refugio County. Around 440 homes were destroyed, around 1050 homes experienced major damage, and 66 businesses suffered major damage. Around 750 homes had minor damage with another 310 homes affected. Storm tide varied across the bay areas of the county. The higher storm tides affected the northeast part of the county as the storm surge pushed in from San Antonio Bay. Storm surge reached 10 feet east of Tivoli near the mouth of the Guadalupe River. Storm tides were lower on the west side of Copano Bay with storm surge only reaching 3 to 4 feet. Water covered Farm to Market Road 136 near the Copano Bay Bridge. Only 2 homes were affected by storm surge in the county.||In Goliad County, widespread minor roof damage occurred in the city of Goliad. Numerous trees and a few power poles were blown down across the county. The roof of the old high school gymnasium was peeled off. A hole was punched in the roof of the new wing of the school. Some class rooms along with the weight room and dressing room suffered water damage. Three families were displaced from homes when roofs and walls collapsed. There was some minor structural damage to some homes in Goliad. Several barns were blown down throughout the county. Some livestock were injured.||In Victoria County, Widespread minor to moderate roof damage occurred in the city of Bloomington. Several mobile homes were destroyed. All but three facilities within the Bloomington school district suffered wind and water damage. Widespread minor roof damage occurred in the city of Victoria. Several trees and a few power poles were blown down. Fences and street signs were blown down across the city. The maximum wind gust recorded in Victoria was 85 mph. Maximum wind gusts in the southern part of the county were around 110 mph. Twenty seven homes were destroyed. Around 75 percent of residential and commercial properties in the county were damaged.   Hundreds of acres of unharvested cotton were damaged in the field. Harvested cotton in modules and bales were damaged also. A few barns and storage buildings were blown down across the county.",45
719147,EL PASO CO.,SMELTERTOWN,08/25/2017,1810,Thunderstorm Wind,55.00, ,0,0,0,0,TX,MST-7,MG,120012,C,141,EPZ,0,0,Mesonet, , , ,1,ESE,1,ESE,SMELTERTOWN,08/25/2017,1810,31.7715,-106.5028,31.7715,-106.5028,"","An upper high was located over the region trapping some modest monsoonal moisture over the region.  An isolated thunderstorm developed near downtown El Paso and moved into the UTEP area and produced severe wind gusts and flash flooding as up to 2.24 inches of rain fell in an hour.",46
719148,EL PASO CO.,SMELTERTOWN,08/25/2017,1848,Flash Flood, , ,0,0,0,0,TX,MST-7, ,120012,C,141,EPZ,0,0,Law Enforcement,Heavy Rain, , ,0,N,2,SE,SMELTERTOWN,08/25/2017,2000,31.7839,-106.5205,31.7573,-106.4989,"Two vehicles were stranded in high water at intersection of Mesa and Sun Bowl Drive.  In addition, Interstate 10 eastbound at Porfirio Diaz had 3 of 4 lanes closed down due to flooding.","An upper high was located over the region trapping some modest monsoonal moisture over the region.  An isolated thunderstorm developed near downtown El Paso and moved into the UTEP area and produced severe wind gusts and flash flooding as up to 2.24 inches of rain fell in an hour.",47
720951,REFUGIO (ZONE), ,08/25/2017,2000,Hurricane, , ,0,0,500000000,20000000,TX,CST-6, ,119859,Z,246,CRP,0,0,NWS Storm Survey, , , , , , , , ,08/26/2017,1200, , , , ,"Widespread moderate structural damage with pockets of major structural damage occurred in Refugio. Most homes and businesses had roof damage, broken windows, and damaged garage doors. Two motels received significant damage to their roofs. Gas station canopies and many signs were destroyed. A few brick structures experienced moderate damage. Numerous trees and power poles were blown down. Roof damage occurred to several churches and every school building in the district except for the athletic facility. The school gymnasiums and auditorium lost portion of their roofs. Several trailer homes and storage buildings were destroyed. There was widespread tree damage with a few very large trees completely uprooted. Widespread moderate structural damage occurred in Bayside, Austwell, and Tivoli. Numerous trees and power poles were blown down including some high tension power poles. In Woodsboro, widespread minor to moderate damage occurred with a few poorly constructed homes with major damage. The elementary gymnasium and auditorium roofs were blown off. Numerous trees and a few power poles were blown down. The Bayside Richardson Coop Gin near Woodsboro sustained major damage and 30 thousand bales of cotton in storage modules were damaged. A sensor deployed by Texas Tech measured sustained winds of 106 mph with gusts to 125 mph just west of Mission Bay before the sensor was hit by debris. Another sensor showed wind speed of 102 mph with gusts to 129 mph north of the intersection of Highway 35 and Farm to Market Road 774 in eastern Refugio County. Around 440 homes were destroyed, around 1050 homes experienced major damage, and 66 businesses suffered major damage. Around 750 homes had minor damage with another 310 homes affected.","Major Hurricane Harvey impacted the Middle Texas coast on August 25th and 26th. Harvey was the first category 4 hurricane to strike Texas since Hurricane Carla in 1961. Harvey severely affected the cities of Rockport, Fulton, Port Aransas, Aransas Pass, Ingleside, Holiday Beach, and Refugio. Minor to moderate damage occurred in cities of Portland, Corpus Christi, Seadrift, Woodsboro, Port Lavaca, Goliad, and Victoria.||Harvey weakened to a tropical wave as the system moved across the Caribbean Sea and the Yucatan peninsula from August 18th until the 22nd. Harvey formed into a tropical depression over the southern Gulf of Mexico on the morning of August 23rd. Harvey rapidly intensified from a tropical depression to a major hurricane in 40 hours as it moved northwest toward the Texas coast. Harvey continued to intensify as it approached the Middle Texas coast on August 25th and made landfall as a Category 4 hurricane during the evening hours. Harvey was the first major hurricane to make landfall on the Middle Texas coast since Hurricane Celia in August of 1970. ||Hurricane Harvey slowed down after landfall and weakened into a tropical storm on the afternoon of the 26th. Tropical Storm Harvey became nearly stationary west of Cuero from the evening of the 26th through the morning of the 27th. Harvey drifted southeastward across the Victoria Crossroads on the afternoon of the 27th. Harvey then moved into Matagorda Bay during the morning hours of the 28th and back into northwest Gulf of Mexico later that afternoon. Tropical storm conditions persisted near the northern portion of the Middle Texas coast into the early morning hours of the 29th.||Hurricane Harvey moved inland in Aransas County on San Jose Island around 830 PM CDT August 25th. Harvey had a minimum central pressure of 938 millibars and produced a maximum storm surge of 12.5 feet. Maximum sustained winds were estimated at 130 mph (115 knots) with gusts to 160 mph (140 knots).  In South Texas, the maximum recorded rainfall from Hurricane Harvey was 17.08 inches 4 miles northwest of Victoria. Radar estimates were close to 20 inches over eastern portions of Refugio County. The height of the storm tide, referenced to mean higher high water, ranged from 3 to 5 feet on northern Padre Island and around Port O'Connor to a maximum of 12.5 feet in northeast Aransas County in the Aransas National Wildlife Refuge near San Antonio Bay. Storm tide levels in the interior bays were generally from 5 to 8 feet with higher amounts near 10 feet on the south end of Copano Bay, the north end of Aransas Bay, and the north end of Lavaca Bay. ||There were no direct fatalities from Hurricane Harvey on the Middle Texas Coast. There were 2 indirect fatalities in Rockport and 1 near Bloomington. All of the associated affects from Hurricane Harvey in South Texas from August 25th to August 27th resulted in 14 injuries, $4.5 billion in property damage, and around $65 million in crop damage. Specifically in South Texas, Harvey's inland flooding resulted in $5 million in property damage. One tornado near Seadrift resulted in $10 thousand in property damage. The powerful winds resulted in 14 injuries, $4 billion in property damage, and $65 million in crop damage. The storm tide resulted in $530 million in property damage and a number of drowned livestock. Damage estimates to public property and infrastructure was $130 million in South Texas.||Hurricane Harvey blew down or damaged around 550 power transmission structures. American Electric Power (AEP) repaired or replaced around 5000 distribution poles that were blown down or damaged by Harvey. Almost four million total feet of transmission and distribution conductor were replaced, approximately 712 miles. Power was restored to around 200,000 customers within 2 weeks.||In Aransas County, widespread major damage occurred across the county with a few areas having catastrophic damage. Catastrophic damage was located across Copano Village, Holiday Beach, and Lamar with many homes, some elevated, with second stories completely collapsed. Nearly every structure was greatly impacted. A couple of brick homes were destroyed near Copano Village. Catastrophic damage occurred to homes in the Copano Ridge area. Nearly all the trees in the Holiday Beach, Lamar, and Goose Island State Park area were without leaves with many trees snapped or uprooted. Most of Rockport and Fulton experienced widespread major structural damage. Several homes in the Key Allegro subdivision collapsed. Exterior walls collapsed on the high school gymnasium, on several churches, and on several new hotels. Upper floors of several apartment buildings were removed. Mobile homes and recreational vehicles were demolished. Billboard signs were blown down. Numerous power poles were blown down or snapped. Six hangars were demolished at the Aransas County Airport along with many airplanes. The county remained without power for 2 to 3 weeks. A mesonet wind sensor at Aransas County Airport recorded sustained winds around 110 mph with a peak gust to 150 mph. Nearly 1500 homes were destroyed, almost 3800 homes suffered major damage, and 5350 homes suffered minor damage. There were 175 businesses with major damage. Storm surge greatly impacted Holiday Beach and Copano Village. The surge punched holes through walls and garage doors on the lower portions of most homes. The surge floated vehicles, recreational vehicles, and boats well inland. The surge approached and flowed across Egery Island Road and Farm to Market 136 in several locations south of Bayside in extreme western Aransas County. Numerous cattle were killed north of Holiday Beach. A large portion of Rattlesnake Point Road was eroded and washed away heading out to Redfish Lodge on Copano Bay. The pier south of the lodge was completely washed away. Storm surge of 4 to 5 feet was common across the county. The maximum storm surge of 12.5 feet occurred in the Aransas National Wildlife Refuge. There were 356 homes that received major damage from storm surge and there were 1126 homes that received minor damage from storm surge. There were 1200 homes that were affected by storm surge. From NOAA photos, there were 14 cuts formed on the southern end of San Jose Island.||In Nueces County, the most significant damage was in Port Aransas where widespread major damage occurred. There were 4170 homes that received major damage and 1036 homes destroyed. Most homes suffered major roof damage while some homes lost roofs and walls collapsed. There were 457 businesses with major damage and slightly more than 1100 homes with minor damage. Mobile homes and recreational vehicles were demolished. Numerous power poles were blown down or snapped. The roofs were damaged at the elementary, middle, and high schools for Port Aransas leading to water damage in the interior. In Corpus Christi, widespread minor property damage was common due to lost shingles and fences down. Some residences and businesses experienced moderate damage mainly across the northern part of the city. Taller buildings downtown suffered more significant damage and lost signs. A few highway signs were blown down. Minor roof damage was common to residences and business in North Padre Island with some areas with moderate damage. Peak wind gusts measured were around 130 mph in Port Aransas. Storm tides were from 6 to 8 feet in Port Aransas as the storm surge entered from the west from Corpus Christi and Redfish Bays. Numerous boats were damaged or destroyed and pushed out of their moorings onto high ground. A large drill boat broke loose, destroyed a pier, and became grounded along the jetty. Two tugs broke loose near the Gulf Intracoastal Waterway with one becoming grounded and the other sinking. Two ferries were damaged when they were pinned against the loading dock. The storm surge inundated Highway 361 along a 10 miles stretch from near the Mustang Island State Park to Port Aransas with the water several feet deep. A few boats became moored near Packery Channel. The Arnold Palmer designed golf course at Palmilla Beach south of Port Aransas was inundated by storm surge with water covering most of the course. Storm tide of 4 to 6 feet impacted residences and businesses in Padre Island from the Laguna Madre. Storm surge caused major damage to 520 homes and minor damage to 1327 homes. Storm surge affected an additional 2200 homes. The Port of Corpus Christi was shutdown for a record 6 days. Port Aransas Independent School District lost 8 buses due to damage from salt water.||In Calhoun County, minor to moderate property damage was common across the city of Port Lavaca with large areas of siding removed from a few well constructed homes. The tops of grain bins in Port Lavaca were peeled off. Numerous trees were blown down in the community of Seadrift. Many homes experienced minor to moderate roof and property damage. Some poorly constructed homes experienced major roof damage. In Port O'Connor, numerous trees were blown down with three quarters of the community experiencing minor roof damage. A few power poles were blown down. Minor to moderate roof damage occurred at Magnolia Beach, Alamo Beach, and Indianola. Over 2100 homes and 72 businesses received major damage while 421 homes were destroyed. There were 1865 homes with minor damage and 1575 homes affected. There was significant damage to the cotton crop in the county. Hundreds of acres unharvested cotton were ruined in the fields. Harvested cotton in modules and bales were damaged by the wind or blown into water filled ditches. The highest wind speed measured was 82 mph with gusts to 110 mph northwest of Seadrift. Storm tides averaged from 6 to 8 feet across Calhoun County with maximum tide levels around 10 feet recorded on the north end of Lavaca Bay while lower tides from 3 to 5 feet occurred from Port O'Connor to southeast of Seadrift next to Espiritu Santo Bay. In Port Lavaca, water from Chocolate Bay inundated the public boat ramp near Buren Road. The lower half of Buren Road was inundated. The entire marina along Lavaca Bay was strongly impacted with 16 boats declared a total loss with many of them sinking in the marina. Several boats were grounded next to the marina. The Bayfront Peninsula Park was inundated. Areas east of Broadway street were inundated with water reaching across Highway 35 in the area near Lighthouse Beach. Piers at Lighthouse Beach Park and Bayfront Peninsula Park were destroyed. Nearly the entire marina in Seadrift was inundated from storm surge with several boats grounded on the marina parking lot. Most of the wooden docks at the marina and a few wooden piers were destroyed. The storm surge reached Bay Avenue almost reaching the beachfront pavilion. Storm surge entered homes near the Bay Avenue and Orange Street intersection. In Magnolia Beach and Indianola, storm surge flooded nearly all of Magnolia Public Beach and crossed North Ocean Drive in a few spots. A few areas of South Ocean Drive near Indianola were inundated. Several older wooden docks and piers were destroyed. In Port O'Connor, storm surge from Matagorda Bay reached half of the way up Kingfisher Beach toward Park Street. The storm surge caused major damage to 56 homes, minor damage to 322 homes, and affected 446 homes across the county. A thousand foot cut was made through Matagorda Island.||In San Patricio County, the worst damage was confined to the eastern half of the county. Almost 8700 homes were affected by the hurricane. There were 155 homes destroyed, 425 homes with major damage, and slightly more than 3300 homes with minor damage. There were 72 businesses with major damage. The hardest hit areas were Aransas Pass and Ingleside where major damage occurred. Widespread roof damage and tree damage occurred in this area. Numerous large power poles were blown down across the eastern half of the county. The water tower in Aransas Pass was destroyed. Roof damage led to extensive interior damage to the Care Regional Medical Center in Aransas Pass. Power outage was widespread with some areas without power for over a week. There was widespread minor roof damage and fences blown down in Portland along with a few trees blown down. Minor roof damage occurred in Taft and a car wash was destroyed. A couple of grain silos at the Midway Gin near Taft were toppled over. Crop damage to cotton stored in modules occurred in the eastern part of the county. The peak wind recorded was in Aransas Pass with sustained wind speed of 100 mph with gusts to 135 mph at Conn Brown Harbor. Survey from the United States Geologic Survey (USGS) indicated a storm tide of around 4 feet impacted the area from Ingleside On-the-Bay to Aransas Pass. Numerous wooden piers and docks were damaged or destroyed. A couple of boats were damaged in the Conn Brown Harbor in Aransas Pass. Major flooding was experienced in the low part of Aransas Pass adjacent to the levee. One home suffered major damage from storm surge while 40 homes had minor damage. Around 540 homes were affected by storm surge.||In Refugio County, widespread moderate structural damage with pockets of major structural damage occurred in Refugio. Most homes and businesses had roof damage, broken windows, and damaged garage doors. Two motels received significant damage to their roofs. Gas station canopies and many signs were destroyed. A few brick structures experienced moderate damage. Numerous trees and power poles were blown down. Roof damage occurred to several churches, every school building in the district except for the athletic facility. The school gymnasiums and auditorium lost portion of their roofs. Several trailer homes and storage buildings were destroyed. There was widespread tree damage with a few very large trees completely uprooted. Widespread moderate structural damage occurred in Bayside, Austwell, and Tivoli. Numerous trees and power poles were blown down including some high tension power poles. In Woodsboro, widespread minor to moderate damage occurred with a few poorly constructed homes with major damage. The elementary gymnasium and auditorium roofs were blown off. Numerous trees and a few power poles were blown down. The Bayside Richardson Coop Gin near Woodsboro sustained major damage and 30 thousand bales of cotton in storage modules were damaged. A sensor deployed by Texas Tech measured sustained winds of 106 mph with gusts to 125 mph just west of Mission Bay before the sensor was hit by debris. Another sensor showed wind speed of 102 mph with gusts to 129 mph north of the intersection of Highway 35 and Farm to Market Road 774 in eastern Refugio County. Around 440 homes were destroyed, around 1050 homes experienced major damage, and 66 businesses suffered major damage. Around 750 homes had minor damage with another 310 homes affected. Storm tide varied across the bay areas of the county. The higher storm tides affected the northeast part of the county as the storm surge pushed in from San Antonio Bay. Storm surge reached 10 feet east of Tivoli near the mouth of the Guadalupe River. Storm tides were lower on the west side of Copano Bay with storm surge only reaching 3 to 4 feet. Water covered Farm to Market Road 136 near the Copano Bay Bridge. Only 2 homes were affected by storm surge in the county.||In Goliad County, widespread minor roof damage occurred in the city of Goliad. Numerous trees and a few power poles were blown down across the county. The roof of the old high school gymnasium was peeled off. A hole was punched in the roof of the new wing of the school. Some class rooms along with the weight room and dressing room suffered water damage. Three families were displaced from homes when roofs and walls collapsed. There was some minor structural damage to some homes in Goliad. Several barns were blown down throughout the county. Some livestock were injured.||In Victoria County, Widespread minor to moderate roof damage occurred in the city of Bloomington. Several mobile homes were destroyed. All but three facilities within the Bloomington school district suffered wind and water damage. Widespread minor roof damage occurred in the city of Victoria. Several trees and a few power poles were blown down. Fences and street signs were blown down across the city. The maximum wind gust recorded in Victoria was 85 mph. Maximum wind gusts in the southern part of the county were around 110 mph. Twenty seven homes were destroyed. Around 75 percent of residential and commercial properties in the county were damaged.   Hundreds of acres of unharvested cotton were damaged in the field. Harvested cotton in modules and bales were damaged also. A few barns and storage buildings were blown down across the county.",48
720467,BRAZORIA CO.,OYSTER CREEK,08/25/2017,2053,Funnel Cloud, , ,0,0,0,0,TX,CST-6, ,119753,C,39,HGX,0,0,Law Enforcement, , , ,0,N,0,N,OYSTER CREEK,08/25/2017,2053,29,-95.32,29,-95.32,"","Harvey made landfall as a category 4 hurricane near Rockport, Texas during the evening of August 25th. The storm then weakened to a tropical storm and slowed,  looping back and tracking over SE Texas then back over the Gulf of Mexico making a second landfall along the Louisiana coast during the early morning hours of August 30th. Over that 5 day period over Southeast Texas TS Harvey produced catastrophic flooding with a large area of 30 to 60 inches of rain, 23 tornadoes, tropical storm force winds and a moderate storm surge near Matagorda Bay.  In some of the heavier bands rain fell at a rate of over 5 inches per hour. This copious record amount of rain over a  led to catastrophic flooding. Thousands of homes, businesses, and roads were flooded due to flash flooding and sheet flow from long duration intense rain. Main stem rivers and adjoining tributaries, creeks and bayous reached full capacity and came out of their banks and this also contributed to the massive flooding across southeastern Texas.",49
721357,LIVE OAK (ZONE), ,08/25/2017,2100,Tropical Storm, , ,0,0,10000,0,TX,CST-6, ,119859,Z,231,CRP,0,0,Official NWS Observations, , , , , , , , ,08/26/2017,1800, , , , ,"Tropical storm force winds occurred across Live Oak County associated with Hurricane Harvey. Only some minor damage to fences and signs were noted mainly in the communities around Lake Corpus Christi.","Major Hurricane Harvey impacted the Middle Texas coast on August 25th and 26th. Harvey was the first category 4 hurricane to strike Texas since Hurricane Carla in 1961. Harvey severely affected the cities of Rockport, Fulton, Port Aransas, Aransas Pass, Ingleside, Holiday Beach, and Refugio. Minor to moderate damage occurred in cities of Portland, Corpus Christi, Seadrift, Woodsboro, Port Lavaca, Goliad, and Victoria.||Harvey weakened to a tropical wave as the system moved across the Caribbean Sea and the Yucatan peninsula from August 18th until the 22nd. Harvey formed into a tropical depression over the southern Gulf of Mexico on the morning of August 23rd. Harvey rapidly intensified from a tropical depression to a major hurricane in 40 hours as it moved northwest toward the Texas coast. Harvey continued to intensify as it approached the Middle Texas coast on August 25th and made landfall as a Category 4 hurricane during the evening hours. Harvey was the first major hurricane to make landfall on the Middle Texas coast since Hurricane Celia in August of 1970. ||Hurricane Harvey slowed down after landfall and weakened into a tropical storm on the afternoon of the 26th. Tropical Storm Harvey became nearly stationary west of Cuero from the evening of the 26th through the morning of the 27th. Harvey drifted southeastward across the Victoria Crossroads on the afternoon of the 27th. Harvey then moved into Matagorda Bay during the morning hours of the 28th and back into northwest Gulf of Mexico later that afternoon. Tropical storm conditions persisted near the northern portion of the Middle Texas coast into the early morning hours of the 29th.||Hurricane Harvey moved inland in Aransas County on San Jose Island around 830 PM CDT August 25th. Harvey had a minimum central pressure of 938 millibars and produced a maximum storm surge of 12.5 feet. Maximum sustained winds were estimated at 130 mph (115 knots) with gusts to 160 mph (140 knots).  In South Texas, the maximum recorded rainfall from Hurricane Harvey was 17.08 inches 4 miles northwest of Victoria. Radar estimates were close to 20 inches over eastern portions of Refugio County. The height of the storm tide, referenced to mean higher high water, ranged from 3 to 5 feet on northern Padre Island and around Port O'Connor to a maximum of 12.5 feet in northeast Aransas County in the Aransas National Wildlife Refuge near San Antonio Bay. Storm tide levels in the interior bays were generally from 5 to 8 feet with higher amounts near 10 feet on the south end of Copano Bay, the north end of Aransas Bay, and the north end of Lavaca Bay. ||There were no direct fatalities from Hurricane Harvey on the Middle Texas Coast. There were 2 indirect fatalities in Rockport and 1 near Bloomington. All of the associated affects from Hurricane Harvey in South Texas from August 25th to August 27th resulted in 14 injuries, $4.5 billion in property damage, and around $65 million in crop damage. Specifically in South Texas, Harvey's inland flooding resulted in $5 million in property damage. One tornado near Seadrift resulted in $10 thousand in property damage. The powerful winds resulted in 14 injuries, $4 billion in property damage, and $65 million in crop damage. The storm tide resulted in $530 million in property damage and a number of drowned livestock. Damage estimates to public property and infrastructure was $130 million in South Texas.||Hurricane Harvey blew down or damaged around 550 power transmission structures. American Electric Power (AEP) repaired or replaced around 5000 distribution poles that were blown down or damaged by Harvey. Almost four million total feet of transmission and distribution conductor were replaced, approximately 712 miles. Power was restored to around 200,000 customers within 2 weeks.||In Aransas County, widespread major damage occurred across the county with a few areas having catastrophic damage. Catastrophic damage was located across Copano Village, Holiday Beach, and Lamar with many homes, some elevated, with second stories completely collapsed. Nearly every structure was greatly impacted. A couple of brick homes were destroyed near Copano Village. Catastrophic damage occurred to homes in the Copano Ridge area. Nearly all the trees in the Holiday Beach, Lamar, and Goose Island State Park area were without leaves with many trees snapped or uprooted. Most of Rockport and Fulton experienced widespread major structural damage. Several homes in the Key Allegro subdivision collapsed. Exterior walls collapsed on the high school gymnasium, on several churches, and on several new hotels. Upper floors of several apartment buildings were removed. Mobile homes and recreational vehicles were demolished. Billboard signs were blown down. Numerous power poles were blown down or snapped. Six hangars were demolished at the Aransas County Airport along with many airplanes. The county remained without power for 2 to 3 weeks. A mesonet wind sensor at Aransas County Airport recorded sustained winds around 110 mph with a peak gust to 150 mph. Nearly 1500 homes were destroyed, almost 3800 homes suffered major damage, and 5350 homes suffered minor damage. There were 175 businesses with major damage. Storm surge greatly impacted Holiday Beach and Copano Village. The surge punched holes through walls and garage doors on the lower portions of most homes. The surge floated vehicles, recreational vehicles, and boats well inland. The surge approached and flowed across Egery Island Road and Farm to Market 136 in several locations south of Bayside in extreme western Aransas County. Numerous cattle were killed north of Holiday Beach. A large portion of Rattlesnake Point Road was eroded and washed away heading out to Redfish Lodge on Copano Bay. The pier south of the lodge was completely washed away. Storm surge of 4 to 5 feet was common across the county. The maximum storm surge of 12.5 feet occurred in the Aransas National Wildlife Refuge. There were 356 homes that received major damage from storm surge and there were 1126 homes that received minor damage from storm surge. There were 1200 homes that were affected by storm surge. From NOAA photos, there were 14 cuts formed on the southern end of San Jose Island.||In Nueces County, the most significant damage was in Port Aransas where widespread major damage occurred. There were 4170 homes that received major damage and 1036 homes destroyed. Most homes suffered major roof damage while some homes lost roofs and walls collapsed. There were 457 businesses with major damage and slightly more than 1100 homes with minor damage. Mobile homes and recreational vehicles were demolished. Numerous power poles were blown down or snapped. The roofs were damaged at the elementary, middle, and high schools for Port Aransas leading to water damage in the interior. In Corpus Christi, widespread minor property damage was common due to lost shingles and fences down. Some residences and businesses experienced moderate damage mainly across the northern part of the city. Taller buildings downtown suffered more significant damage and lost signs. A few highway signs were blown down. Minor roof damage was common to residences and business in North Padre Island with some areas with moderate damage. Peak wind gusts measured were around 130 mph in Port Aransas. Storm tides were from 6 to 8 feet in Port Aransas as the storm surge entered from the west from Corpus Christi and Redfish Bays. Numerous boats were damaged or destroyed and pushed out of their moorings onto high ground. A large drill boat broke loose, destroyed a pier, and became grounded along the jetty. Two tugs broke loose near the Gulf Intracoastal Waterway with one becoming grounded and the other sinking. Two ferries were damaged when they were pinned against the loading dock. The storm surge inundated Highway 361 along a 10 miles stretch from near the Mustang Island State Park to Port Aransas with the water several feet deep. A few boats became moored near Packery Channel. The Arnold Palmer designed golf course at Palmilla Beach south of Port Aransas was inundated by storm surge with water covering most of the course. Storm tide of 4 to 6 feet impacted residences and businesses in Padre Island from the Laguna Madre. Storm surge caused major damage to 520 homes and minor damage to 1327 homes. Storm surge affected an additional 2200 homes. The Port of Corpus Christi was shutdown for a record 6 days. Port Aransas Independent School District lost 8 buses due to damage from salt water.||In Calhoun County, minor to moderate property damage was common across the city of Port Lavaca with large areas of siding removed from a few well constructed homes. The tops of grain bins in Port Lavaca were peeled off. Numerous trees were blown down in the community of Seadrift. Many homes experienced minor to moderate roof and property damage. Some poorly constructed homes experienced major roof damage. In Port O'Connor, numerous trees were blown down with three quarters of the community experiencing minor roof damage. A few power poles were blown down. Minor to moderate roof damage occurred at Magnolia Beach, Alamo Beach, and Indianola. Over 2100 homes and 72 businesses received major damage while 421 homes were destroyed. There were 1865 homes with minor damage and 1575 homes affected. There was significant damage to the cotton crop in the county. Hundreds of acres unharvested cotton were ruined in the fields. Harvested cotton in modules and bales were damaged by the wind or blown into water filled ditches. The highest wind speed measured was 82 mph with gusts to 110 mph northwest of Seadrift. Storm tides averaged from 6 to 8 feet across Calhoun County with maximum tide levels around 10 feet recorded on the north end of Lavaca Bay while lower tides from 3 to 5 feet occurred from Port O'Connor to southeast of Seadrift next to Espiritu Santo Bay. In Port Lavaca, water from Chocolate Bay inundated the public boat ramp near Buren Road. The lower half of Buren Road was inundated. The entire marina along Lavaca Bay was strongly impacted with 16 boats declared a total loss with many of them sinking in the marina. Several boats were grounded next to the marina. The Bayfront Peninsula Park was inundated. Areas east of Broadway street were inundated with water reaching across Highway 35 in the area near Lighthouse Beach. Piers at Lighthouse Beach Park and Bayfront Peninsula Park were destroyed. Nearly the entire marina in Seadrift was inundated from storm surge with several boats grounded on the marina parking lot. Most of the wooden docks at the marina and a few wooden piers were destroyed. The storm surge reached Bay Avenue almost reaching the beachfront pavilion. Storm surge entered homes near the Bay Avenue and Orange Street intersection. In Magnolia Beach and Indianola, storm surge flooded nearly all of Magnolia Public Beach and crossed North Ocean Drive in a few spots. A few areas of South Ocean Drive near Indianola were inundated. Several older wooden docks and piers were destroyed. In Port O'Connor, storm surge from Matagorda Bay reached half of the way up Kingfisher Beach toward Park Street. The storm surge caused major damage to 56 homes, minor damage to 322 homes, and affected 446 homes across the county. A thousand foot cut was made through Matagorda Island.||In San Patricio County, the worst damage was confined to the eastern half of the county. Almost 8700 homes were affected by the hurricane. There were 155 homes destroyed, 425 homes with major damage, and slightly more than 3300 homes with minor damage. There were 72 businesses with major damage. The hardest hit areas were Aransas Pass and Ingleside where major damage occurred. Widespread roof damage and tree damage occurred in this area. Numerous large power poles were blown down across the eastern half of the county. The water tower in Aransas Pass was destroyed. Roof damage led to extensive interior damage to the Care Regional Medical Center in Aransas Pass. Power outage was widespread with some areas without power for over a week. There was widespread minor roof damage and fences blown down in Portland along with a few trees blown down. Minor roof damage occurred in Taft and a car wash was destroyed. A couple of grain silos at the Midway Gin near Taft were toppled over. Crop damage to cotton stored in modules occurred in the eastern part of the county. The peak wind recorded was in Aransas Pass with sustained wind speed of 100 mph with gusts to 135 mph at Conn Brown Harbor. Survey from the United States Geologic Survey (USGS) indicated a storm tide of around 4 feet impacted the area from Ingleside On-the-Bay to Aransas Pass. Numerous wooden piers and docks were damaged or destroyed. A couple of boats were damaged in the Conn Brown Harbor in Aransas Pass. Major flooding was experienced in the low part of Aransas Pass adjacent to the levee. One home suffered major damage from storm surge while 40 homes had minor damage. Around 540 homes were affected by storm surge.||In Refugio County, widespread moderate structural damage with pockets of major structural damage occurred in Refugio. Most homes and businesses had roof damage, broken windows, and damaged garage doors. Two motels received significant damage to their roofs. Gas station canopies and many signs were destroyed. A few brick structures experienced moderate damage. Numerous trees and power poles were blown down. Roof damage occurred to several churches, every school building in the district except for the athletic facility. The school gymnasiums and auditorium lost portion of their roofs. Several trailer homes and storage buildings were destroyed. There was widespread tree damage with a few very large trees completely uprooted. Widespread moderate structural damage occurred in Bayside, Austwell, and Tivoli. Numerous trees and power poles were blown down including some high tension power poles. In Woodsboro, widespread minor to moderate damage occurred with a few poorly constructed homes with major damage. The elementary gymnasium and auditorium roofs were blown off. Numerous trees and a few power poles were blown down. The Bayside Richardson Coop Gin near Woodsboro sustained major damage and 30 thousand bales of cotton in storage modules were damaged. A sensor deployed by Texas Tech measured sustained winds of 106 mph with gusts to 125 mph just west of Mission Bay before the sensor was hit by debris. Another sensor showed wind speed of 102 mph with gusts to 129 mph north of the intersection of Highway 35 and Farm to Market Road 774 in eastern Refugio County. Around 440 homes were destroyed, around 1050 homes experienced major damage, and 66 businesses suffered major damage. Around 750 homes had minor damage with another 310 homes affected. Storm tide varied across the bay areas of the county. The higher storm tides affected the northeast part of the county as the storm surge pushed in from San Antonio Bay. Storm surge reached 10 feet east of Tivoli near the mouth of the Guadalupe River. Storm tides were lower on the west side of Copano Bay with storm surge only reaching 3 to 4 feet. Water covered Farm to Market Road 136 near the Copano Bay Bridge. Only 2 homes were affected by storm surge in the county.||In Goliad County, widespread minor roof damage occurred in the city of Goliad. Numerous trees and a few power poles were blown down across the county. The roof of the old high school gymnasium was peeled off. A hole was punched in the roof of the new wing of the school. Some class rooms along with the weight room and dressing room suffered water damage. Three families were displaced from homes when roofs and walls collapsed. There was some minor structural damage to some homes in Goliad. Several barns were blown down throughout the county. Some livestock were injured.||In Victoria County, Widespread minor to moderate roof damage occurred in the city of Bloomington. Several mobile homes were destroyed. All but three facilities within the Bloomington school district suffered wind and water damage. Widespread minor roof damage occurred in the city of Victoria. Several trees and a few power poles were blown down. Fences and street signs were blown down across the city. The maximum wind gust recorded in Victoria was 85 mph. Maximum wind gusts in the southern part of the county were around 110 mph. Twenty seven homes were destroyed. Around 75 percent of residential and commercial properties in the county were damaged.   Hundreds of acres of unharvested cotton were damaged in the field. Harvested cotton in modules and bales were damaged also. A few barns and storage buildings were blown down across the county.",50
720983,REFUGIO (ZONE), ,08/25/2017,2100,Storm Surge/Tide, , ,0,0,20000,0,TX,CST-6, ,119859,Z,246,CRP,0,0,NWS Storm Survey, , , , , , , , ,08/27/2017,0, , , , ,"Storm tide varied across the bay areas of the county. The higher storm tides affected the northeast part of the county as the storm surge pushed in from San Antonio Bay. Storm surge reached 10 feet east of Tivoli near the mouth of the Guadalupe River. Storm tides were lower on the west side of Copano Bay with storm surge only reaching 3 to 4 feet. Water covered Farm to Market Road 136 near the Copano Bay Bridge. Only 2 homes were affected by storm surge in the county.","Major Hurricane Harvey impacted the Middle Texas coast on August 25th and 26th. Harvey was the first category 4 hurricane to strike Texas since Hurricane Carla in 1961. Harvey severely affected the cities of Rockport, Fulton, Port Aransas, Aransas Pass, Ingleside, Holiday Beach, and Refugio. Minor to moderate damage occurred in cities of Portland, Corpus Christi, Seadrift, Woodsboro, Port Lavaca, Goliad, and Victoria.||Harvey weakened to a tropical wave as the system moved across the Caribbean Sea and the Yucatan peninsula from August 18th until the 22nd. Harvey formed into a tropical depression over the southern Gulf of Mexico on the morning of August 23rd. Harvey rapidly intensified from a tropical depression to a major hurricane in 40 hours as it moved northwest toward the Texas coast. Harvey continued to intensify as it approached the Middle Texas coast on August 25th and made landfall as a Category 4 hurricane during the evening hours. Harvey was the first major hurricane to make landfall on the Middle Texas coast since Hurricane Celia in August of 1970. ||Hurricane Harvey slowed down after landfall and weakened into a tropical storm on the afternoon of the 26th. Tropical Storm Harvey became nearly stationary west of Cuero from the evening of the 26th through the morning of the 27th. Harvey drifted southeastward across the Victoria Crossroads on the afternoon of the 27th. Harvey then moved into Matagorda Bay during the morning hours of the 28th and back into northwest Gulf of Mexico later that afternoon. Tropical storm conditions persisted near the northern portion of the Middle Texas coast into the early morning hours of the 29th.||Hurricane Harvey moved inland in Aransas County on San Jose Island around 830 PM CDT August 25th. Harvey had a minimum central pressure of 938 millibars and produced a maximum storm surge of 12.5 feet. Maximum sustained winds were estimated at 130 mph (115 knots) with gusts to 160 mph (140 knots).  In South Texas, the maximum recorded rainfall from Hurricane Harvey was 17.08 inches 4 miles northwest of Victoria. Radar estimates were close to 20 inches over eastern portions of Refugio County. The height of the storm tide, referenced to mean higher high water, ranged from 3 to 5 feet on northern Padre Island and around Port O'Connor to a maximum of 12.5 feet in northeast Aransas County in the Aransas National Wildlife Refuge near San Antonio Bay. Storm tide levels in the interior bays were generally from 5 to 8 feet with higher amounts near 10 feet on the south end of Copano Bay, the north end of Aransas Bay, and the north end of Lavaca Bay. ||There were no direct fatalities from Hurricane Harvey on the Middle Texas Coast. There were 2 indirect fatalities in Rockport and 1 near Bloomington. All of the associated affects from Hurricane Harvey in South Texas from August 25th to August 27th resulted in 14 injuries, $4.5 billion in property damage, and around $65 million in crop damage. Specifically in South Texas, Harvey's inland flooding resulted in $5 million in property damage. One tornado near Seadrift resulted in $10 thousand in property damage. The powerful winds resulted in 14 injuries, $4 billion in property damage, and $65 million in crop damage. The storm tide resulted in $530 million in property damage and a number of drowned livestock. Damage estimates to public property and infrastructure was $130 million in South Texas.||Hurricane Harvey blew down or damaged around 550 power transmission structures. American Electric Power (AEP) repaired or replaced around 5000 distribution poles that were blown down or damaged by Harvey. Almost four million total feet of transmission and distribution conductor were replaced, approximately 712 miles. Power was restored to around 200,000 customers within 2 weeks.||In Aransas County, widespread major damage occurred across the county with a few areas having catastrophic damage. Catastrophic damage was located across Copano Village, Holiday Beach, and Lamar with many homes, some elevated, with second stories completely collapsed. Nearly every structure was greatly impacted. A couple of brick homes were destroyed near Copano Village. Catastrophic damage occurred to homes in the Copano Ridge area. Nearly all the trees in the Holiday Beach, Lamar, and Goose Island State Park area were without leaves with many trees snapped or uprooted. Most of Rockport and Fulton experienced widespread major structural damage. Several homes in the Key Allegro subdivision collapsed. Exterior walls collapsed on the high school gymnasium, on several churches, and on several new hotels. Upper floors of several apartment buildings were removed. Mobile homes and recreational vehicles were demolished. Billboard signs were blown down. Numerous power poles were blown down or snapped. Six hangars were demolished at the Aransas County Airport along with many airplanes. The county remained without power for 2 to 3 weeks. A mesonet wind sensor at Aransas County Airport recorded sustained winds around 110 mph with a peak gust to 150 mph. Nearly 1500 homes were destroyed, almost 3800 homes suffered major damage, and 5350 homes suffered minor damage. There were 175 businesses with major damage. Storm surge greatly impacted Holiday Beach and Copano Village. The surge punched holes through walls and garage doors on the lower portions of most homes. The surge floated vehicles, recreational vehicles, and boats well inland. The surge approached and flowed across Egery Island Road and Farm to Market 136 in several locations south of Bayside in extreme western Aransas County. Numerous cattle were killed north of Holiday Beach. A large portion of Rattlesnake Point Road was eroded and washed away heading out to Redfish Lodge on Copano Bay. The pier south of the lodge was completely washed away. Storm surge of 4 to 5 feet was common across the county. The maximum storm surge of 12.5 feet occurred in the Aransas National Wildlife Refuge. There were 356 homes that received major damage from storm surge and there were 1126 homes that received minor damage from storm surge. There were 1200 homes that were affected by storm surge. From NOAA photos, there were 14 cuts formed on the southern end of San Jose Island.||In Nueces County, the most significant damage was in Port Aransas where widespread major damage occurred. There were 4170 homes that received major damage and 1036 homes destroyed. Most homes suffered major roof damage while some homes lost roofs and walls collapsed. There were 457 businesses with major damage and slightly more than 1100 homes with minor damage. Mobile homes and recreational vehicles were demolished. Numerous power poles were blown down or snapped. The roofs were damaged at the elementary, middle, and high schools for Port Aransas leading to water damage in the interior. In Corpus Christi, widespread minor property damage was common due to lost shingles and fences down. Some residences and businesses experienced moderate damage mainly across the northern part of the city. Taller buildings downtown suffered more significant damage and lost signs. A few highway signs were blown down. Minor roof damage was common to residences and business in North Padre Island with some areas with moderate damage. Peak wind gusts measured were around 130 mph in Port Aransas. Storm tides were from 6 to 8 feet in Port Aransas as the storm surge entered from the west from Corpus Christi and Redfish Bays. Numerous boats were damaged or destroyed and pushed out of their moorings onto high ground. A large drill boat broke loose, destroyed a pier, and became grounded along the jetty. Two tugs broke loose near the Gulf Intracoastal Waterway with one becoming grounded and the other sinking. Two ferries were damaged when they were pinned against the loading dock. The storm surge inundated Highway 361 along a 10 miles stretch from near the Mustang Island State Park to Port Aransas with the water several feet deep. A few boats became moored near Packery Channel. The Arnold Palmer designed golf course at Palmilla Beach south of Port Aransas was inundated by storm surge with water covering most of the course. Storm tide of 4 to 6 feet impacted residences and businesses in Padre Island from the Laguna Madre. Storm surge caused major damage to 520 homes and minor damage to 1327 homes. Storm surge affected an additional 2200 homes. The Port of Corpus Christi was shutdown for a record 6 days. Port Aransas Independent School District lost 8 buses due to damage from salt water.||In Calhoun County, minor to moderate property damage was common across the city of Port Lavaca with large areas of siding removed from a few well constructed homes. The tops of grain bins in Port Lavaca were peeled off. Numerous trees were blown down in the community of Seadrift. Many homes experienced minor to moderate roof and property damage. Some poorly constructed homes experienced major roof damage. In Port O'Connor, numerous trees were blown down with three quarters of the community experiencing minor roof damage. A few power poles were blown down. Minor to moderate roof damage occurred at Magnolia Beach, Alamo Beach, and Indianola. Over 2100 homes and 72 businesses received major damage while 421 homes were destroyed. There were 1865 homes with minor damage and 1575 homes affected. There was significant damage to the cotton crop in the county. Hundreds of acres unharvested cotton were ruined in the fields. Harvested cotton in modules and bales were damaged by the wind or blown into water filled ditches. The highest wind speed measured was 82 mph with gusts to 110 mph northwest of Seadrift. Storm tides averaged from 6 to 8 feet across Calhoun County with maximum tide levels around 10 feet recorded on the north end of Lavaca Bay while lower tides from 3 to 5 feet occurred from Port O'Connor to southeast of Seadrift next to Espiritu Santo Bay. In Port Lavaca, water from Chocolate Bay inundated the public boat ramp near Buren Road. The lower half of Buren Road was inundated. The entire marina along Lavaca Bay was strongly impacted with 16 boats declared a total loss with many of them sinking in the marina. Several boats were grounded next to the marina. The Bayfront Peninsula Park was inundated. Areas east of Broadway street were inundated with water reaching across Highway 35 in the area near Lighthouse Beach. Piers at Lighthouse Beach Park and Bayfront Peninsula Park were destroyed. Nearly the entire marina in Seadrift was inundated from storm surge with several boats grounded on the marina parking lot. Most of the wooden docks at the marina and a few wooden piers were destroyed. The storm surge reached Bay Avenue almost reaching the beachfront pavilion. Storm surge entered homes near the Bay Avenue and Orange Street intersection. In Magnolia Beach and Indianola, storm surge flooded nearly all of Magnolia Public Beach and crossed North Ocean Drive in a few spots. A few areas of South Ocean Drive near Indianola were inundated. Several older wooden docks and piers were destroyed. In Port O'Connor, storm surge from Matagorda Bay reached half of the way up Kingfisher Beach toward Park Street. The storm surge caused major damage to 56 homes, minor damage to 322 homes, and affected 446 homes across the county. A thousand foot cut was made through Matagorda Island.||In San Patricio County, the worst damage was confined to the eastern half of the county. Almost 8700 homes were affected by the hurricane. There were 155 homes destroyed, 425 homes with major damage, and slightly more than 3300 homes with minor damage. There were 72 businesses with major damage. The hardest hit areas were Aransas Pass and Ingleside where major damage occurred. Widespread roof damage and tree damage occurred in this area. Numerous large power poles were blown down across the eastern half of the county. The water tower in Aransas Pass was destroyed. Roof damage led to extensive interior damage to the Care Regional Medical Center in Aransas Pass. Power outage was widespread with some areas without power for over a week. There was widespread minor roof damage and fences blown down in Portland along with a few trees blown down. Minor roof damage occurred in Taft and a car wash was destroyed. A couple of grain silos at the Midway Gin near Taft were toppled over. Crop damage to cotton stored in modules occurred in the eastern part of the county. The peak wind recorded was in Aransas Pass with sustained wind speed of 100 mph with gusts to 135 mph at Conn Brown Harbor. Survey from the United States Geologic Survey (USGS) indicated a storm tide of around 4 feet impacted the area from Ingleside On-the-Bay to Aransas Pass. Numerous wooden piers and docks were damaged or destroyed. A couple of boats were damaged in the Conn Brown Harbor in Aransas Pass. Major flooding was experienced in the low part of Aransas Pass adjacent to the levee. One home suffered major damage from storm surge while 40 homes had minor damage. Around 540 homes were affected by storm surge.||In Refugio County, widespread moderate structural damage with pockets of major structural damage occurred in Refugio. Most homes and businesses had roof damage, broken windows, and damaged garage doors. Two motels received significant damage to their roofs. Gas station canopies and many signs were destroyed. A few brick structures experienced moderate damage. Numerous trees and power poles were blown down. Roof damage occurred to several churches, every school building in the district except for the athletic facility. The school gymnasiums and auditorium lost portion of their roofs. Several trailer homes and storage buildings were destroyed. There was widespread tree damage with a few very large trees completely uprooted. Widespread moderate structural damage occurred in Bayside, Austwell, and Tivoli. Numerous trees and power poles were blown down including some high tension power poles. In Woodsboro, widespread minor to moderate damage occurred with a few poorly constructed homes with major damage. The elementary gymnasium and auditorium roofs were blown off. Numerous trees and a few power poles were blown down. The Bayside Richardson Coop Gin near Woodsboro sustained major damage and 30 thousand bales of cotton in storage modules were damaged. A sensor deployed by Texas Tech measured sustained winds of 106 mph with gusts to 125 mph just west of Mission Bay before the sensor was hit by debris. Another sensor showed wind speed of 102 mph with gusts to 129 mph north of the intersection of Highway 35 and Farm to Market Road 774 in eastern Refugio County. Around 440 homes were destroyed, around 1050 homes experienced major damage, and 66 businesses suffered major damage. Around 750 homes had minor damage with another 310 homes affected. Storm tide varied across the bay areas of the county. The higher storm tides affected the northeast part of the county as the storm surge pushed in from San Antonio Bay. Storm surge reached 10 feet east of Tivoli near the mouth of the Guadalupe River. Storm tides were lower on the west side of Copano Bay with storm surge only reaching 3 to 4 feet. Water covered Farm to Market Road 136 near the Copano Bay Bridge. Only 2 homes were affected by storm surge in the county.||In Goliad County, widespread minor roof damage occurred in the city of Goliad. Numerous trees and a few power poles were blown down across the county. The roof of the old high school gymnasium was peeled off. A hole was punched in the roof of the new wing of the school. Some class rooms along with the weight room and dressing room suffered water damage. Three families were displaced from homes when roofs and walls collapsed. There was some minor structural damage to some homes in Goliad. Several barns were blown down throughout the county. Some livestock were injured.||In Victoria County, Widespread minor to moderate roof damage occurred in the city of Bloomington. Several mobile homes were destroyed. All but three facilities within the Bloomington school district suffered wind and water damage. Widespread minor roof damage occurred in the city of Victoria. Several trees and a few power poles were blown down. Fences and street signs were blown down across the city. The maximum wind gust recorded in Victoria was 85 mph. Maximum wind gusts in the southern part of the county were around 110 mph. Twenty seven homes were destroyed. Around 75 percent of residential and commercial properties in the county were damaged.   Hundreds of acres of unharvested cotton were damaged in the field. Harvested cotton in modules and bales were damaged also. A few barns and storage buildings were blown down across the county.",51
720466,BRAZORIA CO.,DANBURY,08/25/2017,2144,Tornado, ,EF0,0,0,100000,0,TX,CST-6, ,119753,C,39,HGX,0,0,NWS Storm Survey, ,4.76,50,1,S,3,E,CHENANGO,08/25/2017,2152,29.2216,-95.3505,29.2505,-95.4221,"The tornado began in Danbury and damaged a barn along with several trees off of County Road 207. The tornado then crossed Hwy 35 and moved over an open field. The tornado then snapped and/or downed several trees along County Rd 45 before lifting at the Crocodile Encounter on County Rd 48.","Harvey made landfall as a category 4 hurricane near Rockport, Texas during the evening of August 25th. The storm then weakened to a tropical storm and slowed,  looping back and tracking over SE Texas then back over the Gulf of Mexico making a second landfall along the Louisiana coast during the early morning hours of August 30th. Over that 5 day period over Southeast Texas TS Harvey produced catastrophic flooding with a large area of 30 to 60 inches of rain, 23 tornadoes, tropical storm force winds and a moderate storm surge near Matagorda Bay.  In some of the heavier bands rain fell at a rate of over 5 inches per hour. This copious record amount of rain over a  led to catastrophic flooding. Thousands of homes, businesses, and roads were flooded due to flash flooding and sheet flow from long duration intense rain. Main stem rivers and adjoining tributaries, creeks and bayous reached full capacity and came out of their banks and this also contributed to the massive flooding across southeastern Texas.",52
720470,BRAZORIA CO.,LIVERPOOL,08/25/2017,2328,Tornado, ,EF0,0,0,50000,0,TX,CST-6, ,119753,C,39,HGX,0,0,NWS Storm Survey, ,4.31,50,1,W,5,SE,MANVEL COYLE ARPT,08/25/2017,2337,29.2987,-95.3045,29.3496,-95.3458,"A tornado touched down just west of Liverpool. It took down 4 power poles on highway 35 along with several trees near the Gulf Coast Speedway. The tornado then traveled across generally open field before damaging some barns and outbuildings as well as trees on County Road 511.","Harvey made landfall as a category 4 hurricane near Rockport, Texas during the evening of August 25th. The storm then weakened to a tropical storm and slowed,  looping back and tracking over SE Texas then back over the Gulf of Mexico making a second landfall along the Louisiana coast during the early morning hours of August 30th. Over that 5 day period over Southeast Texas TS Harvey produced catastrophic flooding with a large area of 30 to 60 inches of rain, 23 tornadoes, tropical storm force winds and a moderate storm surge near Matagorda Bay.  In some of the heavier bands rain fell at a rate of over 5 inches per hour. This copious record amount of rain over a  led to catastrophic flooding. Thousands of homes, businesses, and roads were flooded due to flash flooding and sheet flow from long duration intense rain. Main stem rivers and adjoining tributaries, creeks and bayous reached full capacity and came out of their banks and this also contributed to the massive flooding across southeastern Texas.",53
721321,JACKSON CO.,MORALES,08/25/2017,2345,Flash Flood, , ,0,0,100000,0,TX,CST-6, ,119753,C,239,HGX,0,0,Emergency Manager,Heavy Rain / Tropical System, , ,5,W,3,W,EL TORO,08/26/2017,245,29.1204,-96.8479,28.9542,-96.7566,"County roads 283, 284, 401, and 127 north of the town of Edna were inundated with flood waters.","Harvey made landfall as a category 4 hurricane near Rockport, Texas during the evening of August 25th. The storm then weakened to a tropical storm and slowed,  looping back and tracking over SE Texas then back over the Gulf of Mexico making a second landfall along the Louisiana coast during the early morning hours of August 30th. Over that 5 day period over Southeast Texas TS Harvey produced catastrophic flooding with a large area of 30 to 60 inches of rain, 23 tornadoes, tropical storm force winds and a moderate storm surge near Matagorda Bay.  In some of the heavier bands rain fell at a rate of over 5 inches per hour. This copious record amount of rain over a  led to catastrophic flooding. Thousands of homes, businesses, and roads were flooded due to flash flooding and sheet flow from long duration intense rain. Main stem rivers and adjoining tributaries, creeks and bayous reached full capacity and came out of their banks and this also contributed to the massive flooding across southeastern Texas.",54
767027,BRAZORIA CO.,IOWA COLONY,08/25/2017,2350,Tornado, ,EF1,0,0,500000,0,TX,CST-6, ,119753,C,39,HGX,0,0,NWS Storm Survey, ,0.89,50,3,SSW,3,SW,IOWA COLONY,08/25/2017,2352,29.4379,-95.45,29.4475,-95.4599,"An EF-1 tornado touched down southeast of Juliff and tracked from Brazoria into Fort Bend County. Damage occurred to some roofs Several trees there were either snapped or downed. Damage path crossed county line from Brazoria to Fort Bend County. This entry is for the Brazoria County segment.","Harvey made landfall as a category 4 hurricane near Rockport, Texas during the evening of August 25th. The storm then weakened to a tropical storm and slowed,  looping back and tracking over SE Texas then back over the Gulf of Mexico making a second landfall along the Louisiana coast during the early morning hours of August 30th. Over that 5 day period over Southeast Texas TS Harvey produced catastrophic flooding with a large area of 30 to 60 inches of rain, 23 tornadoes, tropical storm force winds and a moderate storm surge near Matagorda Bay.  In some of the heavier bands rain fell at a rate of over 5 inches per hour. This copious record amount of rain over a  led to catastrophic flooding. Thousands of homes, businesses, and roads were flooded due to flash flooding and sheet flow from long duration intense rain. Main stem rivers and adjoining tributaries, creeks and bayous reached full capacity and came out of their banks and this also contributed to the massive flooding across southeastern Texas.",55
720471,FORT BEND CO.,JULIFF,08/25/2017,2352,Tornado, ,EF1,0,0,500000,0,TX,CST-6, ,119753,C,157,HGX,0,0,NWS Storm Survey, ,0.67,50,1,E,1,ENE,JULIFF,08/25/2017,2353,29.4475,-95.4599,29.455,-95.467,"An EF-1 tornado touched down southeast of Juliff and tracked from Brazoria into Fort Bend County. Damage occurred to some roofs Several trees there were either snapped or downed. Damage path crossed county line from Brazoria to Fort Bend County. This entry is for the Fort Bend County segment.","Harvey made landfall as a category 4 hurricane near Rockport, Texas during the evening of August 25th. The storm then weakened to a tropical storm and slowed,  looping back and tracking over SE Texas then back over the Gulf of Mexico making a second landfall along the Louisiana coast during the early morning hours of August 30th. Over that 5 day period over Southeast Texas TS Harvey produced catastrophic flooding with a large area of 30 to 60 inches of rain, 23 tornadoes, tropical storm force winds and a moderate storm surge near Matagorda Bay.  In some of the heavier bands rain fell at a rate of over 5 inches per hour. This copious record amount of rain over a  led to catastrophic flooding. Thousands of homes, businesses, and roads were flooded due to flash flooding and sheet flow from long duration intense rain. Main stem rivers and adjoining tributaries, creeks and bayous reached full capacity and came out of their banks and this also contributed to the massive flooding across southeastern Texas.",56
720477,FORT BEND CO.,SUGARLAND JCT,08/25/2017,2356,Tornado, ,EF1,0,0,500000,0,TX,CST-6, ,119753,C,157,HGX,0,0,Emergency Manager, ,1.46,100,1,NNE,2,NW,SUGARLAND JCT,08/25/2017,2359,29.4873,-95.517,29.4978,-95.538,"Tornado tracked across Sienna Plantation subdivision downing trees and damaging roofs on about 25 homes. Vieux Carre Ct and Steve Ct were hardest hit.","Harvey made landfall as a category 4 hurricane near Rockport, Texas during the evening of August 25th. The storm then weakened to a tropical storm and slowed,  looping back and tracking over SE Texas then back over the Gulf of Mexico making a second landfall along the Louisiana coast during the early morning hours of August 30th. Over that 5 day period over Southeast Texas TS Harvey produced catastrophic flooding with a large area of 30 to 60 inches of rain, 23 tornadoes, tropical storm force winds and a moderate storm surge near Matagorda Bay.  In some of the heavier bands rain fell at a rate of over 5 inches per hour. This copious record amount of rain over a  led to catastrophic flooding. Thousands of homes, businesses, and roads were flooded due to flash flooding and sheet flow from long duration intense rain. Main stem rivers and adjoining tributaries, creeks and bayous reached full capacity and came out of their banks and this also contributed to the massive flooding across southeastern Texas.",57
720336,FORT BEND CO.,HOUSE,08/26/2017,0,Flash Flood, , ,0,0,0,0,TX,CST-6, ,119753,C,157,HGX,0,0,Law Enforcement,Heavy Rain / Tropical System, , ,4,SSE,6,SSE,JULIFF,08/26/2017,200,29.3763,-95.5028,29.3705,-95.4494,"There was water over roadways FM 655 and CR 521 near the town of Rosharon.||Major record level flooding of both the Brazos and San Bernard Rivers caused significant home flooding from Richmond to Rosharon. Massive flooding occurred in Tierra Grande subdivision along the San Bernard River in southwestern Fort Bend County. Home flooding occurred at Valley Lodge in Simonton, along Edgewood and Baudet Roads in Richmond, along Bar, Barker, Cumings, Sixth Street, Avenue B and Rio Brazos Roads in Rosenberg. Sections of FM 2759 as well as the Grand River, Rivers Edge and Pecan Estates in Thompsons flooded. Many countywide roads became inundated in flood waters including, but not limited to, Highway 90A, Pitts Road, FM 1489, FM 723, FM 1093, FM 359, SH 6 feeder roads, Sienna Parkway, Carrol Road, McKeever Road, Knights Court, Miller Road, river Oaks Road, Thompsons Ferry Road, Strange Drive, Greenwood Drive, Second Street and low lying roads in Quail Valley in Missouri City.  Due to record pool levels in Barker Reservoir, homes in Cinco Ranch flooded. Big Creek flooding in Needville caused the flooding of homes on Ansel Road.","Harvey made landfall as a category 4 hurricane near Rockport, Texas during the evening of August 25th. The storm then weakened to a tropical storm and slowed,  looping back and tracking over SE Texas then back over the Gulf of Mexico making a second landfall along the Louisiana coast during the early morning hours of August 30th. Over that 5 day period over Southeast Texas TS Harvey produced catastrophic flooding with a large area of 30 to 60 inches of rain, 23 tornadoes, tropical storm force winds and a moderate storm surge near Matagorda Bay.  In some of the heavier bands rain fell at a rate of over 5 inches per hour. This copious record amount of rain over a  led to catastrophic flooding. Thousands of homes, businesses, and roads were flooded due to flash flooding and sheet flow from long duration intense rain. Main stem rivers and adjoining tributaries, creeks and bayous reached full capacity and came out of their banks and this also contributed to the massive flooding across southeastern Texas.",58
723471,HARRIS (ZONE), ,08/26/2017,0,Tropical Storm, , ,0,0,0,0,TX,CST-6, ,119753,Z,213,HGX,0,0,Emergency Manager, , , , , , , , ,08/30/2017,0, , , , ,"Harvey made landfall as a category 4 hurricane near Rockport, Texas during the evening of August 25th then slowed and looped back tracking over SE Texas, back over the Gulf of Mexico then made a second landfall along the Louisiana coast during the early morning hours of August 30th. Over that 5 day period over Southeast Texas TS Harvey produced catastrophic flooding with a large area of 30 to 60 inches of rain, 23 tornadoes, tropical storm force winds and a moderate storm surge near Matagorda Bay. Catastrophic flooding occurred along nearly all bayous and rivers in Harris County. 36 fatalities occurred in Harris County alone with an estimated 10 billion dollars in damage.","Harvey made landfall as a category 4 hurricane near Rockport, Texas during the evening of August 25th. The storm then weakened to a tropical storm and slowed,  looping back and tracking over SE Texas then back over the Gulf of Mexico making a second landfall along the Louisiana coast during the early morning hours of August 30th. Over that 5 day period over Southeast Texas TS Harvey produced catastrophic flooding with a large area of 30 to 60 inches of rain, 23 tornadoes, tropical storm force winds and a moderate storm surge near Matagorda Bay.  In some of the heavier bands rain fell at a rate of over 5 inches per hour. This copious record amount of rain over a  led to catastrophic flooding. Thousands of homes, businesses, and roads were flooded due to flash flooding and sheet flow from long duration intense rain. Main stem rivers and adjoining tributaries, creeks and bayous reached full capacity and came out of their banks and this also contributed to the massive flooding across southeastern Texas.",59
721006,VICTORIA (ZONE), ,08/26/2017,0,Hurricane, , ,0,0,140000000,20000000,TX,CST-6, ,119859,Z,234,CRP,0,0,NWS Storm Survey, , , , , , , , ,08/26/2017,1200, , , , ,"Widespread minor to moderate roof damage occurred in the city of Bloomington. Several mobile homes were destroyed. All but three facilities within the Bloomington school district suffered wind and water damage. Widespread minor roof damage occurred in the city of Victoria. Several trees and a few power poles were blown down. Fences and street signs were blown down across the city. The maximum wind gust recorded in Victoria was 85 mph. Maximum wind gusts in the southern part of the county were around 110 mph. Twenty seven homes were destroyed. Around 75 percent of residential and commercial properties in the county were damaged. Hundreds of acres of unharvested cotton were damaged in the field. Harvested cotton in modules and bales were damaged also. A few barns and storage buildings were blown down across the county.","Major Hurricane Harvey impacted the Middle Texas coast on August 25th and 26th. Harvey was the first category 4 hurricane to strike Texas since Hurricane Carla in 1961. Harvey severely affected the cities of Rockport, Fulton, Port Aransas, Aransas Pass, Ingleside, Holiday Beach, and Refugio. Minor to moderate damage occurred in cities of Portland, Corpus Christi, Seadrift, Woodsboro, Port Lavaca, Goliad, and Victoria.||Harvey weakened to a tropical wave as the system moved across the Caribbean Sea and the Yucatan peninsula from August 18th until the 22nd. Harvey formed into a tropical depression over the southern Gulf of Mexico on the morning of August 23rd. Harvey rapidly intensified from a tropical depression to a major hurricane in 40 hours as it moved northwest toward the Texas coast. Harvey continued to intensify as it approached the Middle Texas coast on August 25th and made landfall as a Category 4 hurricane during the evening hours. Harvey was the first major hurricane to make landfall on the Middle Texas coast since Hurricane Celia in August of 1970. ||Hurricane Harvey slowed down after landfall and weakened into a tropical storm on the afternoon of the 26th. Tropical Storm Harvey became nearly stationary west of Cuero from the evening of the 26th through the morning of the 27th. Harvey drifted southeastward across the Victoria Crossroads on the afternoon of the 27th. Harvey then moved into Matagorda Bay during the morning hours of the 28th and back into northwest Gulf of Mexico later that afternoon. Tropical storm conditions persisted near the northern portion of the Middle Texas coast into the early morning hours of the 29th.||Hurricane Harvey moved inland in Aransas County on San Jose Island around 830 PM CDT August 25th. Harvey had a minimum central pressure of 938 millibars and produced a maximum storm surge of 12.5 feet. Maximum sustained winds were estimated at 130 mph (115 knots) with gusts to 160 mph (140 knots).  In South Texas, the maximum recorded rainfall from Hurricane Harvey was 17.08 inches 4 miles northwest of Victoria. Radar estimates were close to 20 inches over eastern portions of Refugio County. The height of the storm tide, referenced to mean higher high water, ranged from 3 to 5 feet on northern Padre Island and around Port O'Connor to a maximum of 12.5 feet in northeast Aransas County in the Aransas National Wildlife Refuge near San Antonio Bay. Storm tide levels in the interior bays were generally from 5 to 8 feet with higher amounts near 10 feet on the south end of Copano Bay, the north end of Aransas Bay, and the north end of Lavaca Bay. ||There were no direct fatalities from Hurricane Harvey on the Middle Texas Coast. There were 2 indirect fatalities in Rockport and 1 near Bloomington. All of the associated affects from Hurricane Harvey in South Texas from August 25th to August 27th resulted in 14 injuries, $4.5 billion in property damage, and around $65 million in crop damage. Specifically in South Texas, Harvey's inland flooding resulted in $5 million in property damage. One tornado near Seadrift resulted in $10 thousand in property damage. The powerful winds resulted in 14 injuries, $4 billion in property damage, and $65 million in crop damage. The storm tide resulted in $530 million in property damage and a number of drowned livestock. Damage estimates to public property and infrastructure was $130 million in South Texas.||Hurricane Harvey blew down or damaged around 550 power transmission structures. American Electric Power (AEP) repaired or replaced around 5000 distribution poles that were blown down or damaged by Harvey. Almost four million total feet of transmission and distribution conductor were replaced, approximately 712 miles. Power was restored to around 200,000 customers within 2 weeks.||In Aransas County, widespread major damage occurred across the county with a few areas having catastrophic damage. Catastrophic damage was located across Copano Village, Holiday Beach, and Lamar with many homes, some elevated, with second stories completely collapsed. Nearly every structure was greatly impacted. A couple of brick homes were destroyed near Copano Village. Catastrophic damage occurred to homes in the Copano Ridge area. Nearly all the trees in the Holiday Beach, Lamar, and Goose Island State Park area were without leaves with many trees snapped or uprooted. Most of Rockport and Fulton experienced widespread major structural damage. Several homes in the Key Allegro subdivision collapsed. Exterior walls collapsed on the high school gymnasium, on several churches, and on several new hotels. Upper floors of several apartment buildings were removed. Mobile homes and recreational vehicles were demolished. Billboard signs were blown down. Numerous power poles were blown down or snapped. Six hangars were demolished at the Aransas County Airport along with many airplanes. The county remained without power for 2 to 3 weeks. A mesonet wind sensor at Aransas County Airport recorded sustained winds around 110 mph with a peak gust to 150 mph. Nearly 1500 homes were destroyed, almost 3800 homes suffered major damage, and 5350 homes suffered minor damage. There were 175 businesses with major damage. Storm surge greatly impacted Holiday Beach and Copano Village. The surge punched holes through walls and garage doors on the lower portions of most homes. The surge floated vehicles, recreational vehicles, and boats well inland. The surge approached and flowed across Egery Island Road and Farm to Market 136 in several locations south of Bayside in extreme western Aransas County. Numerous cattle were killed north of Holiday Beach. A large portion of Rattlesnake Point Road was eroded and washed away heading out to Redfish Lodge on Copano Bay. The pier south of the lodge was completely washed away. Storm surge of 4 to 5 feet was common across the county. The maximum storm surge of 12.5 feet occurred in the Aransas National Wildlife Refuge. There were 356 homes that received major damage from storm surge and there were 1126 homes that received minor damage from storm surge. There were 1200 homes that were affected by storm surge. From NOAA photos, there were 14 cuts formed on the southern end of San Jose Island.||In Nueces County, the most significant damage was in Port Aransas where widespread major damage occurred. There were 4170 homes that received major damage and 1036 homes destroyed. Most homes suffered major roof damage while some homes lost roofs and walls collapsed. There were 457 businesses with major damage and slightly more than 1100 homes with minor damage. Mobile homes and recreational vehicles were demolished. Numerous power poles were blown down or snapped. The roofs were damaged at the elementary, middle, and high schools for Port Aransas leading to water damage in the interior. In Corpus Christi, widespread minor property damage was common due to lost shingles and fences down. Some residences and businesses experienced moderate damage mainly across the northern part of the city. Taller buildings downtown suffered more significant damage and lost signs. A few highway signs were blown down. Minor roof damage was common to residences and business in North Padre Island with some areas with moderate damage. Peak wind gusts measured were around 130 mph in Port Aransas. Storm tides were from 6 to 8 feet in Port Aransas as the storm surge entered from the west from Corpus Christi and Redfish Bays. Numerous boats were damaged or destroyed and pushed out of their moorings onto high ground. A large drill boat broke loose, destroyed a pier, and became grounded along the jetty. Two tugs broke loose near the Gulf Intracoastal Waterway with one becoming grounded and the other sinking. Two ferries were damaged when they were pinned against the loading dock. The storm surge inundated Highway 361 along a 10 miles stretch from near the Mustang Island State Park to Port Aransas with the water several feet deep. A few boats became moored near Packery Channel. The Arnold Palmer designed golf course at Palmilla Beach south of Port Aransas was inundated by storm surge with water covering most of the course. Storm tide of 4 to 6 feet impacted residences and businesses in Padre Island from the Laguna Madre. Storm surge caused major damage to 520 homes and minor damage to 1327 homes. Storm surge affected an additional 2200 homes. The Port of Corpus Christi was shutdown for a record 6 days. Port Aransas Independent School District lost 8 buses due to damage from salt water.||In Calhoun County, minor to moderate property damage was common across the city of Port Lavaca with large areas of siding removed from a few well constructed homes. The tops of grain bins in Port Lavaca were peeled off. Numerous trees were blown down in the community of Seadrift. Many homes experienced minor to moderate roof and property damage. Some poorly constructed homes experienced major roof damage. In Port O'Connor, numerous trees were blown down with three quarters of the community experiencing minor roof damage. A few power poles were blown down. Minor to moderate roof damage occurred at Magnolia Beach, Alamo Beach, and Indianola. Over 2100 homes and 72 businesses received major damage while 421 homes were destroyed. There were 1865 homes with minor damage and 1575 homes affected. There was significant damage to the cotton crop in the county. Hundreds of acres unharvested cotton were ruined in the fields. Harvested cotton in modules and bales were damaged by the wind or blown into water filled ditches. The highest wind speed measured was 82 mph with gusts to 110 mph northwest of Seadrift. Storm tides averaged from 6 to 8 feet across Calhoun County with maximum tide levels around 10 feet recorded on the north end of Lavaca Bay while lower tides from 3 to 5 feet occurred from Port O'Connor to southeast of Seadrift next to Espiritu Santo Bay. In Port Lavaca, water from Chocolate Bay inundated the public boat ramp near Buren Road. The lower half of Buren Road was inundated. The entire marina along Lavaca Bay was strongly impacted with 16 boats declared a total loss with many of them sinking in the marina. Several boats were grounded next to the marina. The Bayfront Peninsula Park was inundated. Areas east of Broadway street were inundated with water reaching across Highway 35 in the area near Lighthouse Beach. Piers at Lighthouse Beach Park and Bayfront Peninsula Park were destroyed. Nearly the entire marina in Seadrift was inundated from storm surge with several boats grounded on the marina parking lot. Most of the wooden docks at the marina and a few wooden piers were destroyed. The storm surge reached Bay Avenue almost reaching the beachfront pavilion. Storm surge entered homes near the Bay Avenue and Orange Street intersection. In Magnolia Beach and Indianola, storm surge flooded nearly all of Magnolia Public Beach and crossed North Ocean Drive in a few spots. A few areas of South Ocean Drive near Indianola were inundated. Several older wooden docks and piers were destroyed. In Port O'Connor, storm surge from Matagorda Bay reached half of the way up Kingfisher Beach toward Park Street. The storm surge caused major damage to 56 homes, minor damage to 322 homes, and affected 446 homes across the county. A thousand foot cut was made through Matagorda Island.||In San Patricio County, the worst damage was confined to the eastern half of the county. Almost 8700 homes were affected by the hurricane. There were 155 homes destroyed, 425 homes with major damage, and slightly more than 3300 homes with minor damage. There were 72 businesses with major damage. The hardest hit areas were Aransas Pass and Ingleside where major damage occurred. Widespread roof damage and tree damage occurred in this area. Numerous large power poles were blown down across the eastern half of the county. The water tower in Aransas Pass was destroyed. Roof damage led to extensive interior damage to the Care Regional Medical Center in Aransas Pass. Power outage was widespread with some areas without power for over a week. There was widespread minor roof damage and fences blown down in Portland along with a few trees blown down. Minor roof damage occurred in Taft and a car wash was destroyed. A couple of grain silos at the Midway Gin near Taft were toppled over. Crop damage to cotton stored in modules occurred in the eastern part of the county. The peak wind recorded was in Aransas Pass with sustained wind speed of 100 mph with gusts to 135 mph at Conn Brown Harbor. Survey from the United States Geologic Survey (USGS) indicated a storm tide of around 4 feet impacted the area from Ingleside On-the-Bay to Aransas Pass. Numerous wooden piers and docks were damaged or destroyed. A couple of boats were damaged in the Conn Brown Harbor in Aransas Pass. Major flooding was experienced in the low part of Aransas Pass adjacent to the levee. One home suffered major damage from storm surge while 40 homes had minor damage. Around 540 homes were affected by storm surge.||In Refugio County, widespread moderate structural damage with pockets of major structural damage occurred in Refugio. Most homes and businesses had roof damage, broken windows, and damaged garage doors. Two motels received significant damage to their roofs. Gas station canopies and many signs were destroyed. A few brick structures experienced moderate damage. Numerous trees and power poles were blown down. Roof damage occurred to several churches, every school building in the district except for the athletic facility. The school gymnasiums and auditorium lost portion of their roofs. Several trailer homes and storage buildings were destroyed. There was widespread tree damage with a few very large trees completely uprooted. Widespread moderate structural damage occurred in Bayside, Austwell, and Tivoli. Numerous trees and power poles were blown down including some high tension power poles. In Woodsboro, widespread minor to moderate damage occurred with a few poorly constructed homes with major damage. The elementary gymnasium and auditorium roofs were blown off. Numerous trees and a few power poles were blown down. The Bayside Richardson Coop Gin near Woodsboro sustained major damage and 30 thousand bales of cotton in storage modules were damaged. A sensor deployed by Texas Tech measured sustained winds of 106 mph with gusts to 125 mph just west of Mission Bay before the sensor was hit by debris. Another sensor showed wind speed of 102 mph with gusts to 129 mph north of the intersection of Highway 35 and Farm to Market Road 774 in eastern Refugio County. Around 440 homes were destroyed, around 1050 homes experienced major damage, and 66 businesses suffered major damage. Around 750 homes had minor damage with another 310 homes affected. Storm tide varied across the bay areas of the county. The higher storm tides affected the northeast part of the county as the storm surge pushed in from San Antonio Bay. Storm surge reached 10 feet east of Tivoli near the mouth of the Guadalupe River. Storm tides were lower on the west side of Copano Bay with storm surge only reaching 3 to 4 feet. Water covered Farm to Market Road 136 near the Copano Bay Bridge. Only 2 homes were affected by storm surge in the county.||In Goliad County, widespread minor roof damage occurred in the city of Goliad. Numerous trees and a few power poles were blown down across the county. The roof of the old high school gymnasium was peeled off. A hole was punched in the roof of the new wing of the school. Some class rooms along with the weight room and dressing room suffered water damage. Three families were displaced from homes when roofs and walls collapsed. There was some minor structural damage to some homes in Goliad. Several barns were blown down throughout the county. Some livestock were injured.||In Victoria County, Widespread minor to moderate roof damage occurred in the city of Bloomington. Several mobile homes were destroyed. All but three facilities within the Bloomington school district suffered wind and water damage. Widespread minor roof damage occurred in the city of Victoria. Several trees and a few power poles were blown down. Fences and street signs were blown down across the city. The maximum wind gust recorded in Victoria was 85 mph. Maximum wind gusts in the southern part of the county were around 110 mph. Twenty seven homes were destroyed. Around 75 percent of residential and commercial properties in the county were damaged.   Hundreds of acres of unharvested cotton were damaged in the field. Harvested cotton in modules and bales were damaged also. A few barns and storage buildings were blown down across the county.",60
721002,GOLIAD (ZONE), ,08/26/2017,0,Hurricane, , ,0,0,1000000,0,TX,CST-6, ,119859,Z,233,CRP,0,0,NWS Storm Survey, , , , , , , , ,08/26/2017,1200, , , , ,"Widespread minor roof damage occurred in the city of Goliad. Numerous trees and a few power poles were blown down across the county. The roof of the old high school gymnasium was peeled off. A hole was punched in the roof of the new wing of the school. Some class rooms along with the weight room and dressing room suffered water damage. Three families were displaced from homes when roofs and walls collapsed. There was some minor structural damage to some homes in Goliad. Several barns were blown down throughout the county. Some livestock were injured.","Major Hurricane Harvey impacted the Middle Texas coast on August 25th and 26th. Harvey was the first category 4 hurricane to strike Texas since Hurricane Carla in 1961. Harvey severely affected the cities of Rockport, Fulton, Port Aransas, Aransas Pass, Ingleside, Holiday Beach, and Refugio. Minor to moderate damage occurred in cities of Portland, Corpus Christi, Seadrift, Woodsboro, Port Lavaca, Goliad, and Victoria.||Harvey weakened to a tropical wave as the system moved across the Caribbean Sea and the Yucatan peninsula from August 18th until the 22nd. Harvey formed into a tropical depression over the southern Gulf of Mexico on the morning of August 23rd. Harvey rapidly intensified from a tropical depression to a major hurricane in 40 hours as it moved northwest toward the Texas coast. Harvey continued to intensify as it approached the Middle Texas coast on August 25th and made landfall as a Category 4 hurricane during the evening hours. Harvey was the first major hurricane to make landfall on the Middle Texas coast since Hurricane Celia in August of 1970. ||Hurricane Harvey slowed down after landfall and weakened into a tropical storm on the afternoon of the 26th. Tropical Storm Harvey became nearly stationary west of Cuero from the evening of the 26th through the morning of the 27th. Harvey drifted southeastward across the Victoria Crossroads on the afternoon of the 27th. Harvey then moved into Matagorda Bay during the morning hours of the 28th and back into northwest Gulf of Mexico later that afternoon. Tropical storm conditions persisted near the northern portion of the Middle Texas coast into the early morning hours of the 29th.||Hurricane Harvey moved inland in Aransas County on San Jose Island around 830 PM CDT August 25th. Harvey had a minimum central pressure of 938 millibars and produced a maximum storm surge of 12.5 feet. Maximum sustained winds were estimated at 130 mph (115 knots) with gusts to 160 mph (140 knots).  In South Texas, the maximum recorded rainfall from Hurricane Harvey was 17.08 inches 4 miles northwest of Victoria. Radar estimates were close to 20 inches over eastern portions of Refugio County. The height of the storm tide, referenced to mean higher high water, ranged from 3 to 5 feet on northern Padre Island and around Port O'Connor to a maximum of 12.5 feet in northeast Aransas County in the Aransas National Wildlife Refuge near San Antonio Bay. Storm tide levels in the interior bays were generally from 5 to 8 feet with higher amounts near 10 feet on the south end of Copano Bay, the north end of Aransas Bay, and the north end of Lavaca Bay. ||There were no direct fatalities from Hurricane Harvey on the Middle Texas Coast. There were 2 indirect fatalities in Rockport and 1 near Bloomington. All of the associated affects from Hurricane Harvey in South Texas from August 25th to August 27th resulted in 14 injuries, $4.5 billion in property damage, and around $65 million in crop damage. Specifically in South Texas, Harvey's inland flooding resulted in $5 million in property damage. One tornado near Seadrift resulted in $10 thousand in property damage. The powerful winds resulted in 14 injuries, $4 billion in property damage, and $65 million in crop damage. The storm tide resulted in $530 million in property damage and a number of drowned livestock. Damage estimates to public property and infrastructure was $130 million in South Texas.||Hurricane Harvey blew down or damaged around 550 power transmission structures. American Electric Power (AEP) repaired or replaced around 5000 distribution poles that were blown down or damaged by Harvey. Almost four million total feet of transmission and distribution conductor were replaced, approximately 712 miles. Power was restored to around 200,000 customers within 2 weeks.||In Aransas County, widespread major damage occurred across the county with a few areas having catastrophic damage. Catastrophic damage was located across Copano Village, Holiday Beach, and Lamar with many homes, some elevated, with second stories completely collapsed. Nearly every structure was greatly impacted. A couple of brick homes were destroyed near Copano Village. Catastrophic damage occurred to homes in the Copano Ridge area. Nearly all the trees in the Holiday Beach, Lamar, and Goose Island State Park area were without leaves with many trees snapped or uprooted. Most of Rockport and Fulton experienced widespread major structural damage. Several homes in the Key Allegro subdivision collapsed. Exterior walls collapsed on the high school gymnasium, on several churches, and on several new hotels. Upper floors of several apartment buildings were removed. Mobile homes and recreational vehicles were demolished. Billboard signs were blown down. Numerous power poles were blown down or snapped. Six hangars were demolished at the Aransas County Airport along with many airplanes. The county remained without power for 2 to 3 weeks. A mesonet wind sensor at Aransas County Airport recorded sustained winds around 110 mph with a peak gust to 150 mph. Nearly 1500 homes were destroyed, almost 3800 homes suffered major damage, and 5350 homes suffered minor damage. There were 175 businesses with major damage. Storm surge greatly impacted Holiday Beach and Copano Village. The surge punched holes through walls and garage doors on the lower portions of most homes. The surge floated vehicles, recreational vehicles, and boats well inland. The surge approached and flowed across Egery Island Road and Farm to Market 136 in several locations south of Bayside in extreme western Aransas County. Numerous cattle were killed north of Holiday Beach. A large portion of Rattlesnake Point Road was eroded and washed away heading out to Redfish Lodge on Copano Bay. The pier south of the lodge was completely washed away. Storm surge of 4 to 5 feet was common across the county. The maximum storm surge of 12.5 feet occurred in the Aransas National Wildlife Refuge. There were 356 homes that received major damage from storm surge and there were 1126 homes that received minor damage from storm surge. There were 1200 homes that were affected by storm surge. From NOAA photos, there were 14 cuts formed on the southern end of San Jose Island.||In Nueces County, the most significant damage was in Port Aransas where widespread major damage occurred. There were 4170 homes that received major damage and 1036 homes destroyed. Most homes suffered major roof damage while some homes lost roofs and walls collapsed. There were 457 businesses with major damage and slightly more than 1100 homes with minor damage. Mobile homes and recreational vehicles were demolished. Numerous power poles were blown down or snapped. The roofs were damaged at the elementary, middle, and high schools for Port Aransas leading to water damage in the interior. In Corpus Christi, widespread minor property damage was common due to lost shingles and fences down. Some residences and businesses experienced moderate damage mainly across the northern part of the city. Taller buildings downtown suffered more significant damage and lost signs. A few highway signs were blown down. Minor roof damage was common to residences and business in North Padre Island with some areas with moderate damage. Peak wind gusts measured were around 130 mph in Port Aransas. Storm tides were from 6 to 8 feet in Port Aransas as the storm surge entered from the west from Corpus Christi and Redfish Bays. Numerous boats were damaged or destroyed and pushed out of their moorings onto high ground. A large drill boat broke loose, destroyed a pier, and became grounded along the jetty. Two tugs broke loose near the Gulf Intracoastal Waterway with one becoming grounded and the other sinking. Two ferries were damaged when they were pinned against the loading dock. The storm surge inundated Highway 361 along a 10 miles stretch from near the Mustang Island State Park to Port Aransas with the water several feet deep. A few boats became moored near Packery Channel. The Arnold Palmer designed golf course at Palmilla Beach south of Port Aransas was inundated by storm surge with water covering most of the course. Storm tide of 4 to 6 feet impacted residences and businesses in Padre Island from the Laguna Madre. Storm surge caused major damage to 520 homes and minor damage to 1327 homes. Storm surge affected an additional 2200 homes. The Port of Corpus Christi was shutdown for a record 6 days. Port Aransas Independent School District lost 8 buses due to damage from salt water.||In Calhoun County, minor to moderate property damage was common across the city of Port Lavaca with large areas of siding removed from a few well constructed homes. The tops of grain bins in Port Lavaca were peeled off. Numerous trees were blown down in the community of Seadrift. Many homes experienced minor to moderate roof and property damage. Some poorly constructed homes experienced major roof damage. In Port O'Connor, numerous trees were blown down with three quarters of the community experiencing minor roof damage. A few power poles were blown down. Minor to moderate roof damage occurred at Magnolia Beach, Alamo Beach, and Indianola. Over 2100 homes and 72 businesses received major damage while 421 homes were destroyed. There were 1865 homes with minor damage and 1575 homes affected. There was significant damage to the cotton crop in the county. Hundreds of acres unharvested cotton were ruined in the fields. Harvested cotton in modules and bales were damaged by the wind or blown into water filled ditches. The highest wind speed measured was 82 mph with gusts to 110 mph northwest of Seadrift. Storm tides averaged from 6 to 8 feet across Calhoun County with maximum tide levels around 10 feet recorded on the north end of Lavaca Bay while lower tides from 3 to 5 feet occurred from Port O'Connor to southeast of Seadrift next to Espiritu Santo Bay. In Port Lavaca, water from Chocolate Bay inundated the public boat ramp near Buren Road. The lower half of Buren Road was inundated. The entire marina along Lavaca Bay was strongly impacted with 16 boats declared a total loss with many of them sinking in the marina. Several boats were grounded next to the marina. The Bayfront Peninsula Park was inundated. Areas east of Broadway street were inundated with water reaching across Highway 35 in the area near Lighthouse Beach. Piers at Lighthouse Beach Park and Bayfront Peninsula Park were destroyed. Nearly the entire marina in Seadrift was inundated from storm surge with several boats grounded on the marina parking lot. Most of the wooden docks at the marina and a few wooden piers were destroyed. The storm surge reached Bay Avenue almost reaching the beachfront pavilion. Storm surge entered homes near the Bay Avenue and Orange Street intersection. In Magnolia Beach and Indianola, storm surge flooded nearly all of Magnolia Public Beach and crossed North Ocean Drive in a few spots. A few areas of South Ocean Drive near Indianola were inundated. Several older wooden docks and piers were destroyed. In Port O'Connor, storm surge from Matagorda Bay reached half of the way up Kingfisher Beach toward Park Street. The storm surge caused major damage to 56 homes, minor damage to 322 homes, and affected 446 homes across the county. A thousand foot cut was made through Matagorda Island.||In San Patricio County, the worst damage was confined to the eastern half of the county. Almost 8700 homes were affected by the hurricane. There were 155 homes destroyed, 425 homes with major damage, and slightly more than 3300 homes with minor damage. There were 72 businesses with major damage. The hardest hit areas were Aransas Pass and Ingleside where major damage occurred. Widespread roof damage and tree damage occurred in this area. Numerous large power poles were blown down across the eastern half of the county. The water tower in Aransas Pass was destroyed. Roof damage led to extensive interior damage to the Care Regional Medical Center in Aransas Pass. Power outage was widespread with some areas without power for over a week. There was widespread minor roof damage and fences blown down in Portland along with a few trees blown down. Minor roof damage occurred in Taft and a car wash was destroyed. A couple of grain silos at the Midway Gin near Taft were toppled over. Crop damage to cotton stored in modules occurred in the eastern part of the county. The peak wind recorded was in Aransas Pass with sustained wind speed of 100 mph with gusts to 135 mph at Conn Brown Harbor. Survey from the United States Geologic Survey (USGS) indicated a storm tide of around 4 feet impacted the area from Ingleside On-the-Bay to Aransas Pass. Numerous wooden piers and docks were damaged or destroyed. A couple of boats were damaged in the Conn Brown Harbor in Aransas Pass. Major flooding was experienced in the low part of Aransas Pass adjacent to the levee. One home suffered major damage from storm surge while 40 homes had minor damage. Around 540 homes were affected by storm surge.||In Refugio County, widespread moderate structural damage with pockets of major structural damage occurred in Refugio. Most homes and businesses had roof damage, broken windows, and damaged garage doors. Two motels received significant damage to their roofs. Gas station canopies and many signs were destroyed. A few brick structures experienced moderate damage. Numerous trees and power poles were blown down. Roof damage occurred to several churches, every school building in the district except for the athletic facility. The school gymnasiums and auditorium lost portion of their roofs. Several trailer homes and storage buildings were destroyed. There was widespread tree damage with a few very large trees completely uprooted. Widespread moderate structural damage occurred in Bayside, Austwell, and Tivoli. Numerous trees and power poles were blown down including some high tension power poles. In Woodsboro, widespread minor to moderate damage occurred with a few poorly constructed homes with major damage. The elementary gymnasium and auditorium roofs were blown off. Numerous trees and a few power poles were blown down. The Bayside Richardson Coop Gin near Woodsboro sustained major damage and 30 thousand bales of cotton in storage modules were damaged. A sensor deployed by Texas Tech measured sustained winds of 106 mph with gusts to 125 mph just west of Mission Bay before the sensor was hit by debris. Another sensor showed wind speed of 102 mph with gusts to 129 mph north of the intersection of Highway 35 and Farm to Market Road 774 in eastern Refugio County. Around 440 homes were destroyed, around 1050 homes experienced major damage, and 66 businesses suffered major damage. Around 750 homes had minor damage with another 310 homes affected. Storm tide varied across the bay areas of the county. The higher storm tides affected the northeast part of the county as the storm surge pushed in from San Antonio Bay. Storm surge reached 10 feet east of Tivoli near the mouth of the Guadalupe River. Storm tides were lower on the west side of Copano Bay with storm surge only reaching 3 to 4 feet. Water covered Farm to Market Road 136 near the Copano Bay Bridge. Only 2 homes were affected by storm surge in the county.||In Goliad County, widespread minor roof damage occurred in the city of Goliad. Numerous trees and a few power poles were blown down across the county. The roof of the old high school gymnasium was peeled off. A hole was punched in the roof of the new wing of the school. Some class rooms along with the weight room and dressing room suffered water damage. Three families were displaced from homes when roofs and walls collapsed. There was some minor structural damage to some homes in Goliad. Several barns were blown down throughout the county. Some livestock were injured.||In Victoria County, Widespread minor to moderate roof damage occurred in the city of Bloomington. Several mobile homes were destroyed. All but three facilities within the Bloomington school district suffered wind and water damage. Widespread minor roof damage occurred in the city of Victoria. Several trees and a few power poles were blown down. Fences and street signs were blown down across the city. The maximum wind gust recorded in Victoria was 85 mph. Maximum wind gusts in the southern part of the county were around 110 mph. Twenty seven homes were destroyed. Around 75 percent of residential and commercial properties in the county were damaged.   Hundreds of acres of unharvested cotton were damaged in the field. Harvested cotton in modules and bales were damaged also. A few barns and storage buildings were blown down across the county.",61
721354,BEE (ZONE), ,08/26/2017,0,Hurricane, , ,0,0,10000,0,TX,CST-6, ,119859,Z,232,CRP,0,0,NWS Storm Survey, , , , , , , , ,08/26/2017,1200, , , , ,"A few tree limbs were blown down in Beeville. Power lines were blown down across portions of the county that caused power outages. Some damage to fences occurred in the county.","Major Hurricane Harvey impacted the Middle Texas coast on August 25th and 26th. Harvey was the first category 4 hurricane to strike Texas since Hurricane Carla in 1961. Harvey severely affected the cities of Rockport, Fulton, Port Aransas, Aransas Pass, Ingleside, Holiday Beach, and Refugio. Minor to moderate damage occurred in cities of Portland, Corpus Christi, Seadrift, Woodsboro, Port Lavaca, Goliad, and Victoria.||Harvey weakened to a tropical wave as the system moved across the Caribbean Sea and the Yucatan peninsula from August 18th until the 22nd. Harvey formed into a tropical depression over the southern Gulf of Mexico on the morning of August 23rd. Harvey rapidly intensified from a tropical depression to a major hurricane in 40 hours as it moved northwest toward the Texas coast. Harvey continued to intensify as it approached the Middle Texas coast on August 25th and made landfall as a Category 4 hurricane during the evening hours. Harvey was the first major hurricane to make landfall on the Middle Texas coast since Hurricane Celia in August of 1970. ||Hurricane Harvey slowed down after landfall and weakened into a tropical storm on the afternoon of the 26th. Tropical Storm Harvey became nearly stationary west of Cuero from the evening of the 26th through the morning of the 27th. Harvey drifted southeastward across the Victoria Crossroads on the afternoon of the 27th. Harvey then moved into Matagorda Bay during the morning hours of the 28th and back into northwest Gulf of Mexico later that afternoon. Tropical storm conditions persisted near the northern portion of the Middle Texas coast into the early morning hours of the 29th.||Hurricane Harvey moved inland in Aransas County on San Jose Island around 830 PM CDT August 25th. Harvey had a minimum central pressure of 938 millibars and produced a maximum storm surge of 12.5 feet. Maximum sustained winds were estimated at 130 mph (115 knots) with gusts to 160 mph (140 knots).  In South Texas, the maximum recorded rainfall from Hurricane Harvey was 17.08 inches 4 miles northwest of Victoria. Radar estimates were close to 20 inches over eastern portions of Refugio County. The height of the storm tide, referenced to mean higher high water, ranged from 3 to 5 feet on northern Padre Island and around Port O'Connor to a maximum of 12.5 feet in northeast Aransas County in the Aransas National Wildlife Refuge near San Antonio Bay. Storm tide levels in the interior bays were generally from 5 to 8 feet with higher amounts near 10 feet on the south end of Copano Bay, the north end of Aransas Bay, and the north end of Lavaca Bay. ||There were no direct fatalities from Hurricane Harvey on the Middle Texas Coast. There were 2 indirect fatalities in Rockport and 1 near Bloomington. All of the associated affects from Hurricane Harvey in South Texas from August 25th to August 27th resulted in 14 injuries, $4.5 billion in property damage, and around $65 million in crop damage. Specifically in South Texas, Harvey's inland flooding resulted in $5 million in property damage. One tornado near Seadrift resulted in $10 thousand in property damage. The powerful winds resulted in 14 injuries, $4 billion in property damage, and $65 million in crop damage. The storm tide resulted in $530 million in property damage and a number of drowned livestock. Damage estimates to public property and infrastructure was $130 million in South Texas.||Hurricane Harvey blew down or damaged around 550 power transmission structures. American Electric Power (AEP) repaired or replaced around 5000 distribution poles that were blown down or damaged by Harvey. Almost four million total feet of transmission and distribution conductor were replaced, approximately 712 miles. Power was restored to around 200,000 customers within 2 weeks.||In Aransas County, widespread major damage occurred across the county with a few areas having catastrophic damage. Catastrophic damage was located across Copano Village, Holiday Beach, and Lamar with many homes, some elevated, with second stories completely collapsed. Nearly every structure was greatly impacted. A couple of brick homes were destroyed near Copano Village. Catastrophic damage occurred to homes in the Copano Ridge area. Nearly all the trees in the Holiday Beach, Lamar, and Goose Island State Park area were without leaves with many trees snapped or uprooted. Most of Rockport and Fulton experienced widespread major structural damage. Several homes in the Key Allegro subdivision collapsed. Exterior walls collapsed on the high school gymnasium, on several churches, and on several new hotels. Upper floors of several apartment buildings were removed. Mobile homes and recreational vehicles were demolished. Billboard signs were blown down. Numerous power poles were blown down or snapped. Six hangars were demolished at the Aransas County Airport along with many airplanes. The county remained without power for 2 to 3 weeks. A mesonet wind sensor at Aransas County Airport recorded sustained winds around 110 mph with a peak gust to 150 mph. Nearly 1500 homes were destroyed, almost 3800 homes suffered major damage, and 5350 homes suffered minor damage. There were 175 businesses with major damage. Storm surge greatly impacted Holiday Beach and Copano Village. The surge punched holes through walls and garage doors on the lower portions of most homes. The surge floated vehicles, recreational vehicles, and boats well inland. The surge approached and flowed across Egery Island Road and Farm to Market 136 in several locations south of Bayside in extreme western Aransas County. Numerous cattle were killed north of Holiday Beach. A large portion of Rattlesnake Point Road was eroded and washed away heading out to Redfish Lodge on Copano Bay. The pier south of the lodge was completely washed away. Storm surge of 4 to 5 feet was common across the county. The maximum storm surge of 12.5 feet occurred in the Aransas National Wildlife Refuge. There were 356 homes that received major damage from storm surge and there were 1126 homes that received minor damage from storm surge. There were 1200 homes that were affected by storm surge. From NOAA photos, there were 14 cuts formed on the southern end of San Jose Island.||In Nueces County, the most significant damage was in Port Aransas where widespread major damage occurred. There were 4170 homes that received major damage and 1036 homes destroyed. Most homes suffered major roof damage while some homes lost roofs and walls collapsed. There were 457 businesses with major damage and slightly more than 1100 homes with minor damage. Mobile homes and recreational vehicles were demolished. Numerous power poles were blown down or snapped. The roofs were damaged at the elementary, middle, and high schools for Port Aransas leading to water damage in the interior. In Corpus Christi, widespread minor property damage was common due to lost shingles and fences down. Some residences and businesses experienced moderate damage mainly across the northern part of the city. Taller buildings downtown suffered more significant damage and lost signs. A few highway signs were blown down. Minor roof damage was common to residences and business in North Padre Island with some areas with moderate damage. Peak wind gusts measured were around 130 mph in Port Aransas. Storm tides were from 6 to 8 feet in Port Aransas as the storm surge entered from the west from Corpus Christi and Redfish Bays. Numerous boats were damaged or destroyed and pushed out of their moorings onto high ground. A large drill boat broke loose, destroyed a pier, and became grounded along the jetty. Two tugs broke loose near the Gulf Intracoastal Waterway with one becoming grounded and the other sinking. Two ferries were damaged when they were pinned against the loading dock. The storm surge inundated Highway 361 along a 10 miles stretch from near the Mustang Island State Park to Port Aransas with the water several feet deep. A few boats became moored near Packery Channel. The Arnold Palmer designed golf course at Palmilla Beach south of Port Aransas was inundated by storm surge with water covering most of the course. Storm tide of 4 to 6 feet impacted residences and businesses in Padre Island from the Laguna Madre. Storm surge caused major damage to 520 homes and minor damage to 1327 homes. Storm surge affected an additional 2200 homes. The Port of Corpus Christi was shutdown for a record 6 days. Port Aransas Independent School District lost 8 buses due to damage from salt water.||In Calhoun County, minor to moderate property damage was common across the city of Port Lavaca with large areas of siding removed from a few well constructed homes. The tops of grain bins in Port Lavaca were peeled off. Numerous trees were blown down in the community of Seadrift. Many homes experienced minor to moderate roof and property damage. Some poorly constructed homes experienced major roof damage. In Port O'Connor, numerous trees were blown down with three quarters of the community experiencing minor roof damage. A few power poles were blown down. Minor to moderate roof damage occurred at Magnolia Beach, Alamo Beach, and Indianola. Over 2100 homes and 72 businesses received major damage while 421 homes were destroyed. There were 1865 homes with minor damage and 1575 homes affected. There was significant damage to the cotton crop in the county. Hundreds of acres unharvested cotton were ruined in the fields. Harvested cotton in modules and bales were damaged by the wind or blown into water filled ditches. The highest wind speed measured was 82 mph with gusts to 110 mph northwest of Seadrift. Storm tides averaged from 6 to 8 feet across Calhoun County with maximum tide levels around 10 feet recorded on the north end of Lavaca Bay while lower tides from 3 to 5 feet occurred from Port O'Connor to southeast of Seadrift next to Espiritu Santo Bay. In Port Lavaca, water from Chocolate Bay inundated the public boat ramp near Buren Road. The lower half of Buren Road was inundated. The entire marina along Lavaca Bay was strongly impacted with 16 boats declared a total loss with many of them sinking in the marina. Several boats were grounded next to the marina. The Bayfront Peninsula Park was inundated. Areas east of Broadway street were inundated with water reaching across Highway 35 in the area near Lighthouse Beach. Piers at Lighthouse Beach Park and Bayfront Peninsula Park were destroyed. Nearly the entire marina in Seadrift was inundated from storm surge with several boats grounded on the marina parking lot. Most of the wooden docks at the marina and a few wooden piers were destroyed. The storm surge reached Bay Avenue almost reaching the beachfront pavilion. Storm surge entered homes near the Bay Avenue and Orange Street intersection. In Magnolia Beach and Indianola, storm surge flooded nearly all of Magnolia Public Beach and crossed North Ocean Drive in a few spots. A few areas of South Ocean Drive near Indianola were inundated. Several older wooden docks and piers were destroyed. In Port O'Connor, storm surge from Matagorda Bay reached half of the way up Kingfisher Beach toward Park Street. The storm surge caused major damage to 56 homes, minor damage to 322 homes, and affected 446 homes across the county. A thousand foot cut was made through Matagorda Island.||In San Patricio County, the worst damage was confined to the eastern half of the county. Almost 8700 homes were affected by the hurricane. There were 155 homes destroyed, 425 homes with major damage, and slightly more than 3300 homes with minor damage. There were 72 businesses with major damage. The hardest hit areas were Aransas Pass and Ingleside where major damage occurred. Widespread roof damage and tree damage occurred in this area. Numerous large power poles were blown down across the eastern half of the county. The water tower in Aransas Pass was destroyed. Roof damage led to extensive interior damage to the Care Regional Medical Center in Aransas Pass. Power outage was widespread with some areas without power for over a week. There was widespread minor roof damage and fences blown down in Portland along with a few trees blown down. Minor roof damage occurred in Taft and a car wash was destroyed. A couple of grain silos at the Midway Gin near Taft were toppled over. Crop damage to cotton stored in modules occurred in the eastern part of the county. The peak wind recorded was in Aransas Pass with sustained wind speed of 100 mph with gusts to 135 mph at Conn Brown Harbor. Survey from the United States Geologic Survey (USGS) indicated a storm tide of around 4 feet impacted the area from Ingleside On-the-Bay to Aransas Pass. Numerous wooden piers and docks were damaged or destroyed. A couple of boats were damaged in the Conn Brown Harbor in Aransas Pass. Major flooding was experienced in the low part of Aransas Pass adjacent to the levee. One home suffered major damage from storm surge while 40 homes had minor damage. Around 540 homes were affected by storm surge.||In Refugio County, widespread moderate structural damage with pockets of major structural damage occurred in Refugio. Most homes and businesses had roof damage, broken windows, and damaged garage doors. Two motels received significant damage to their roofs. Gas station canopies and many signs were destroyed. A few brick structures experienced moderate damage. Numerous trees and power poles were blown down. Roof damage occurred to several churches, every school building in the district except for the athletic facility. The school gymnasiums and auditorium lost portion of their roofs. Several trailer homes and storage buildings were destroyed. There was widespread tree damage with a few very large trees completely uprooted. Widespread moderate structural damage occurred in Bayside, Austwell, and Tivoli. Numerous trees and power poles were blown down including some high tension power poles. In Woodsboro, widespread minor to moderate damage occurred with a few poorly constructed homes with major damage. The elementary gymnasium and auditorium roofs were blown off. Numerous trees and a few power poles were blown down. The Bayside Richardson Coop Gin near Woodsboro sustained major damage and 30 thousand bales of cotton in storage modules were damaged. A sensor deployed by Texas Tech measured sustained winds of 106 mph with gusts to 125 mph just west of Mission Bay before the sensor was hit by debris. Another sensor showed wind speed of 102 mph with gusts to 129 mph north of the intersection of Highway 35 and Farm to Market Road 774 in eastern Refugio County. Around 440 homes were destroyed, around 1050 homes experienced major damage, and 66 businesses suffered major damage. Around 750 homes had minor damage with another 310 homes affected. Storm tide varied across the bay areas of the county. The higher storm tides affected the northeast part of the county as the storm surge pushed in from San Antonio Bay. Storm surge reached 10 feet east of Tivoli near the mouth of the Guadalupe River. Storm tides were lower on the west side of Copano Bay with storm surge only reaching 3 to 4 feet. Water covered Farm to Market Road 136 near the Copano Bay Bridge. Only 2 homes were affected by storm surge in the county.||In Goliad County, widespread minor roof damage occurred in the city of Goliad. Numerous trees and a few power poles were blown down across the county. The roof of the old high school gymnasium was peeled off. A hole was punched in the roof of the new wing of the school. Some class rooms along with the weight room and dressing room suffered water damage. Three families were displaced from homes when roofs and walls collapsed. There was some minor structural damage to some homes in Goliad. Several barns were blown down throughout the county. Some livestock were injured.||In Victoria County, Widespread minor to moderate roof damage occurred in the city of Bloomington. Several mobile homes were destroyed. All but three facilities within the Bloomington school district suffered wind and water damage. Widespread minor roof damage occurred in the city of Victoria. Several trees and a few power poles were blown down. Fences and street signs were blown down across the city. The maximum wind gust recorded in Victoria was 85 mph. Maximum wind gusts in the southern part of the county were around 110 mph. Twenty seven homes were destroyed. Around 75 percent of residential and commercial properties in the county were damaged.   Hundreds of acres of unharvested cotton were damaged in the field. Harvested cotton in modules and bales were damaged also. A few barns and storage buildings were blown down across the county.",62
720340,FORT BEND CO.,RICHMOND,08/26/2017,45,Flash Flood, , ,0,0,0,0,TX,CST-6, ,119753,C,157,HGX,0,0,Department of Highways,Heavy Rain / Tropical System, , ,2,SSW,2,W,CRABB,08/26/2017,215,29.5499,-95.7579,29.5317,-95.7541,"Sections of FM 762 were flooded around SH 69 south of Richmond.||Major record level flooding of both the Brazos and San Bernard Rivers caused significant home flooding from Richmond to Rosharon. Massive flooding occurred in Tierra Grande subdivision along the San Bernard River in southwestern Fort Bend County. Home flooding occurred at Valley Lodge in Simonton, along Edgewood and Baudet Roads in Richmond, along Bar, Barker, Cumings, Sixth Street, Avenue B and Rio Brazos Roads in Rosenberg. Sections of FM 2759 as well as the Grand River, Rivers Edge and Pecan Estates in Thompsons flooded. Many countywide roads became inundated in flood waters including, but not limited to, Highway 90A, Pitts Road, FM 1489, FM 723, FM 1093, FM 359, SH 6 feeder roads, Sienna Parkway, Carrol Road, McKeever Road, Knights Court, Miller Road, river Oaks Road, Thompsons Ferry Road, Strange Drive, Greenwood Drive, Second Street and low lying roads in Quail Valley in Missouri City.  Due to record pool levels in Barker Reservoir, homes in Cinco Ranch flooded. Big Creek flooding in Needville caused the flooding of homes on Ansel Road.","Harvey made landfall as a category 4 hurricane near Rockport, Texas during the evening of August 25th. The storm then weakened to a tropical storm and slowed,  looping back and tracking over SE Texas then back over the Gulf of Mexico making a second landfall along the Louisiana coast during the early morning hours of August 30th. Over that 5 day period over Southeast Texas TS Harvey produced catastrophic flooding with a large area of 30 to 60 inches of rain, 23 tornadoes, tropical storm force winds and a moderate storm surge near Matagorda Bay.  In some of the heavier bands rain fell at a rate of over 5 inches per hour. This copious record amount of rain over a  led to catastrophic flooding. Thousands of homes, businesses, and roads were flooded due to flash flooding and sheet flow from long duration intense rain. Main stem rivers and adjoining tributaries, creeks and bayous reached full capacity and came out of their banks and this also contributed to the massive flooding across southeastern Texas.",63
721359,REFUGIO CO.,AUSTWELL,08/26/2017,100,Flood, , ,0,0,0,0,TX,CST-6, ,119859,C,391,CRP,0,0,Other Federal Agency,Heavy Rain / Tropical System, , ,9,WSW,5,E,VIDAURI,08/26/2017,1500,28.3238,-96.9969,28.4302,-97.0491,"USGS survey showed flood waters reached 2 to 3 feet across portions of eastern Refugio County. Floodwaters inundated portions of Highway 35 south of Tivoli. Radar data estimated 15 to 20 inches of rain occurred in this region.","Major Hurricane Harvey impacted the Middle Texas coast on August 25th and 26th. Harvey was the first category 4 hurricane to strike Texas since Hurricane Carla in 1961. Harvey severely affected the cities of Rockport, Fulton, Port Aransas, Aransas Pass, Ingleside, Holiday Beach, and Refugio. Minor to moderate damage occurred in cities of Portland, Corpus Christi, Seadrift, Woodsboro, Port Lavaca, Goliad, and Victoria.||Harvey weakened to a tropical wave as the system moved across the Caribbean Sea and the Yucatan peninsula from August 18th until the 22nd. Harvey formed into a tropical depression over the southern Gulf of Mexico on the morning of August 23rd. Harvey rapidly intensified from a tropical depression to a major hurricane in 40 hours as it moved northwest toward the Texas coast. Harvey continued to intensify as it approached the Middle Texas coast on August 25th and made landfall as a Category 4 hurricane during the evening hours. Harvey was the first major hurricane to make landfall on the Middle Texas coast since Hurricane Celia in August of 1970. ||Hurricane Harvey slowed down after landfall and weakened into a tropical storm on the afternoon of the 26th. Tropical Storm Harvey became nearly stationary west of Cuero from the evening of the 26th through the morning of the 27th. Harvey drifted southeastward across the Victoria Crossroads on the afternoon of the 27th. Harvey then moved into Matagorda Bay during the morning hours of the 28th and back into northwest Gulf of Mexico later that afternoon. Tropical storm conditions persisted near the northern portion of the Middle Texas coast into the early morning hours of the 29th.||Hurricane Harvey moved inland in Aransas County on San Jose Island around 830 PM CDT August 25th. Harvey had a minimum central pressure of 938 millibars and produced a maximum storm surge of 12.5 feet. Maximum sustained winds were estimated at 130 mph (115 knots) with gusts to 160 mph (140 knots).  In South Texas, the maximum recorded rainfall from Hurricane Harvey was 17.08 inches 4 miles northwest of Victoria. Radar estimates were close to 20 inches over eastern portions of Refugio County. The height of the storm tide, referenced to mean higher high water, ranged from 3 to 5 feet on northern Padre Island and around Port O'Connor to a maximum of 12.5 feet in northeast Aransas County in the Aransas National Wildlife Refuge near San Antonio Bay. Storm tide levels in the interior bays were generally from 5 to 8 feet with higher amounts near 10 feet on the south end of Copano Bay, the north end of Aransas Bay, and the north end of Lavaca Bay. ||There were no direct fatalities from Hurricane Harvey on the Middle Texas Coast. There were 2 indirect fatalities in Rockport and 1 near Bloomington. All of the associated affects from Hurricane Harvey in South Texas from August 25th to August 27th resulted in 14 injuries, $4.5 billion in property damage, and around $65 million in crop damage. Specifically in South Texas, Harvey's inland flooding resulted in $5 million in property damage. One tornado near Seadrift resulted in $10 thousand in property damage. The powerful winds resulted in 14 injuries, $4 billion in property damage, and $65 million in crop damage. The storm tide resulted in $530 million in property damage and a number of drowned livestock. Damage estimates to public property and infrastructure was $130 million in South Texas.||Hurricane Harvey blew down or damaged around 550 power transmission structures. American Electric Power (AEP) repaired or replaced around 5000 distribution poles that were blown down or damaged by Harvey. Almost four million total feet of transmission and distribution conductor were replaced, approximately 712 miles. Power was restored to around 200,000 customers within 2 weeks.||In Aransas County, widespread major damage occurred across the county with a few areas having catastrophic damage. Catastrophic damage was located across Copano Village, Holiday Beach, and Lamar with many homes, some elevated, with second stories completely collapsed. Nearly every structure was greatly impacted. A couple of brick homes were destroyed near Copano Village. Catastrophic damage occurred to homes in the Copano Ridge area. Nearly all the trees in the Holiday Beach, Lamar, and Goose Island State Park area were without leaves with many trees snapped or uprooted. Most of Rockport and Fulton experienced widespread major structural damage. Several homes in the Key Allegro subdivision collapsed. Exterior walls collapsed on the high school gymnasium, on several churches, and on several new hotels. Upper floors of several apartment buildings were removed. Mobile homes and recreational vehicles were demolished. Billboard signs were blown down. Numerous power poles were blown down or snapped. Six hangars were demolished at the Aransas County Airport along with many airplanes. The county remained without power for 2 to 3 weeks. A mesonet wind sensor at Aransas County Airport recorded sustained winds around 110 mph with a peak gust to 150 mph. Nearly 1500 homes were destroyed, almost 3800 homes suffered major damage, and 5350 homes suffered minor damage. There were 175 businesses with major damage. Storm surge greatly impacted Holiday Beach and Copano Village. The surge punched holes through walls and garage doors on the lower portions of most homes. The surge floated vehicles, recreational vehicles, and boats well inland. The surge approached and flowed across Egery Island Road and Farm to Market 136 in several locations south of Bayside in extreme western Aransas County. Numerous cattle were killed north of Holiday Beach. A large portion of Rattlesnake Point Road was eroded and washed away heading out to Redfish Lodge on Copano Bay. The pier south of the lodge was completely washed away. Storm surge of 4 to 5 feet was common across the county. The maximum storm surge of 12.5 feet occurred in the Aransas National Wildlife Refuge. There were 356 homes that received major damage from storm surge and there were 1126 homes that received minor damage from storm surge. There were 1200 homes that were affected by storm surge. From NOAA photos, there were 14 cuts formed on the southern end of San Jose Island.||In Nueces County, the most significant damage was in Port Aransas where widespread major damage occurred. There were 4170 homes that received major damage and 1036 homes destroyed. Most homes suffered major roof damage while some homes lost roofs and walls collapsed. There were 457 businesses with major damage and slightly more than 1100 homes with minor damage. Mobile homes and recreational vehicles were demolished. Numerous power poles were blown down or snapped. The roofs were damaged at the elementary, middle, and high schools for Port Aransas leading to water damage in the interior. In Corpus Christi, widespread minor property damage was common due to lost shingles and fences down. Some residences and businesses experienced moderate damage mainly across the northern part of the city. Taller buildings downtown suffered more significant damage and lost signs. A few highway signs were blown down. Minor roof damage was common to residences and business in North Padre Island with some areas with moderate damage. Peak wind gusts measured were around 130 mph in Port Aransas. Storm tides were from 6 to 8 feet in Port Aransas as the storm surge entered from the west from Corpus Christi and Redfish Bays. Numerous boats were damaged or destroyed and pushed out of their moorings onto high ground. A large drill boat broke loose, destroyed a pier, and became grounded along the jetty. Two tugs broke loose near the Gulf Intracoastal Waterway with one becoming grounded and the other sinking. Two ferries were damaged when they were pinned against the loading dock. The storm surge inundated Highway 361 along a 10 miles stretch from near the Mustang Island State Park to Port Aransas with the water several feet deep. A few boats became moored near Packery Channel. The Arnold Palmer designed golf course at Palmilla Beach south of Port Aransas was inundated by storm surge with water covering most of the course. Storm tide of 4 to 6 feet impacted residences and businesses in Padre Island from the Laguna Madre. Storm surge caused major damage to 520 homes and minor damage to 1327 homes. Storm surge affected an additional 2200 homes. The Port of Corpus Christi was shutdown for a record 6 days. Port Aransas Independent School District lost 8 buses due to damage from salt water.||In Calhoun County, minor to moderate property damage was common across the city of Port Lavaca with large areas of siding removed from a few well constructed homes. The tops of grain bins in Port Lavaca were peeled off. Numerous trees were blown down in the community of Seadrift. Many homes experienced minor to moderate roof and property damage. Some poorly constructed homes experienced major roof damage. In Port O'Connor, numerous trees were blown down with three quarters of the community experiencing minor roof damage. A few power poles were blown down. Minor to moderate roof damage occurred at Magnolia Beach, Alamo Beach, and Indianola. Over 2100 homes and 72 businesses received major damage while 421 homes were destroyed. There were 1865 homes with minor damage and 1575 homes affected. There was significant damage to the cotton crop in the county. Hundreds of acres unharvested cotton were ruined in the fields. Harvested cotton in modules and bales were damaged by the wind or blown into water filled ditches. The highest wind speed measured was 82 mph with gusts to 110 mph northwest of Seadrift. Storm tides averaged from 6 to 8 feet across Calhoun County with maximum tide levels around 10 feet recorded on the north end of Lavaca Bay while lower tides from 3 to 5 feet occurred from Port O'Connor to southeast of Seadrift next to Espiritu Santo Bay. In Port Lavaca, water from Chocolate Bay inundated the public boat ramp near Buren Road. The lower half of Buren Road was inundated. The entire marina along Lavaca Bay was strongly impacted with 16 boats declared a total loss with many of them sinking in the marina. Several boats were grounded next to the marina. The Bayfront Peninsula Park was inundated. Areas east of Broadway street were inundated with water reaching across Highway 35 in the area near Lighthouse Beach. Piers at Lighthouse Beach Park and Bayfront Peninsula Park were destroyed. Nearly the entire marina in Seadrift was inundated from storm surge with several boats grounded on the marina parking lot. Most of the wooden docks at the marina and a few wooden piers were destroyed. The storm surge reached Bay Avenue almost reaching the beachfront pavilion. Storm surge entered homes near the Bay Avenue and Orange Street intersection. In Magnolia Beach and Indianola, storm surge flooded nearly all of Magnolia Public Beach and crossed North Ocean Drive in a few spots. A few areas of South Ocean Drive near Indianola were inundated. Several older wooden docks and piers were destroyed. In Port O'Connor, storm surge from Matagorda Bay reached half of the way up Kingfisher Beach toward Park Street. The storm surge caused major damage to 56 homes, minor damage to 322 homes, and affected 446 homes across the county. A thousand foot cut was made through Matagorda Island.||In San Patricio County, the worst damage was confined to the eastern half of the county. Almost 8700 homes were affected by the hurricane. There were 155 homes destroyed, 425 homes with major damage, and slightly more than 3300 homes with minor damage. There were 72 businesses with major damage. The hardest hit areas were Aransas Pass and Ingleside where major damage occurred. Widespread roof damage and tree damage occurred in this area. Numerous large power poles were blown down across the eastern half of the county. The water tower in Aransas Pass was destroyed. Roof damage led to extensive interior damage to the Care Regional Medical Center in Aransas Pass. Power outage was widespread with some areas without power for over a week. There was widespread minor roof damage and fences blown down in Portland along with a few trees blown down. Minor roof damage occurred in Taft and a car wash was destroyed. A couple of grain silos at the Midway Gin near Taft were toppled over. Crop damage to cotton stored in modules occurred in the eastern part of the county. The peak wind recorded was in Aransas Pass with sustained wind speed of 100 mph with gusts to 135 mph at Conn Brown Harbor. Survey from the United States Geologic Survey (USGS) indicated a storm tide of around 4 feet impacted the area from Ingleside On-the-Bay to Aransas Pass. Numerous wooden piers and docks were damaged or destroyed. A couple of boats were damaged in the Conn Brown Harbor in Aransas Pass. Major flooding was experienced in the low part of Aransas Pass adjacent to the levee. One home suffered major damage from storm surge while 40 homes had minor damage. Around 540 homes were affected by storm surge.||In Refugio County, widespread moderate structural damage with pockets of major structural damage occurred in Refugio. Most homes and businesses had roof damage, broken windows, and damaged garage doors. Two motels received significant damage to their roofs. Gas station canopies and many signs were destroyed. A few brick structures experienced moderate damage. Numerous trees and power poles were blown down. Roof damage occurred to several churches, every school building in the district except for the athletic facility. The school gymnasiums and auditorium lost portion of their roofs. Several trailer homes and storage buildings were destroyed. There was widespread tree damage with a few very large trees completely uprooted. Widespread moderate structural damage occurred in Bayside, Austwell, and Tivoli. Numerous trees and power poles were blown down including some high tension power poles. In Woodsboro, widespread minor to moderate damage occurred with a few poorly constructed homes with major damage. The elementary gymnasium and auditorium roofs were blown off. Numerous trees and a few power poles were blown down. The Bayside Richardson Coop Gin near Woodsboro sustained major damage and 30 thousand bales of cotton in storage modules were damaged. A sensor deployed by Texas Tech measured sustained winds of 106 mph with gusts to 125 mph just west of Mission Bay before the sensor was hit by debris. Another sensor showed wind speed of 102 mph with gusts to 129 mph north of the intersection of Highway 35 and Farm to Market Road 774 in eastern Refugio County. Around 440 homes were destroyed, around 1050 homes experienced major damage, and 66 businesses suffered major damage. Around 750 homes had minor damage with another 310 homes affected. Storm tide varied across the bay areas of the county. The higher storm tides affected the northeast part of the county as the storm surge pushed in from San Antonio Bay. Storm surge reached 10 feet east of Tivoli near the mouth of the Guadalupe River. Storm tides were lower on the west side of Copano Bay with storm surge only reaching 3 to 4 feet. Water covered Farm to Market Road 136 near the Copano Bay Bridge. Only 2 homes were affected by storm surge in the county.||In Goliad County, widespread minor roof damage occurred in the city of Goliad. Numerous trees and a few power poles were blown down across the county. The roof of the old high school gymnasium was peeled off. A hole was punched in the roof of the new wing of the school. Some class rooms along with the weight room and dressing room suffered water damage. Three families were displaced from homes when roofs and walls collapsed. There was some minor structural damage to some homes in Goliad. Several barns were blown down throughout the county. Some livestock were injured.||In Victoria County, Widespread minor to moderate roof damage occurred in the city of Bloomington. Several mobile homes were destroyed. All but three facilities within the Bloomington school district suffered wind and water damage. Widespread minor roof damage occurred in the city of Victoria. Several trees and a few power poles were blown down. Fences and street signs were blown down across the city. The maximum wind gust recorded in Victoria was 85 mph. Maximum wind gusts in the southern part of the county were around 110 mph. Twenty seven homes were destroyed. Around 75 percent of residential and commercial properties in the county were damaged.   Hundreds of acres of unharvested cotton were damaged in the field. Harvested cotton in modules and bales were damaged also. A few barns and storage buildings were blown down across the county.",64
720688,WHARTON CO.,EGYPT,08/26/2017,110,Tornado, ,EF0,0,0,0,0,TX,CST-6, ,119753,C,481,HGX,0,0,Public, ,1.45,30,4,S,3,SSW,EGYPT,08/26/2017,112,29.3421,-96.25,29.3616,-96.2591,"Brief touchdown. Tornado Damage Signature on radar.","Harvey made landfall as a category 4 hurricane near Rockport, Texas during the evening of August 25th. The storm then weakened to a tropical storm and slowed,  looping back and tracking over SE Texas then back over the Gulf of Mexico making a second landfall along the Louisiana coast during the early morning hours of August 30th. Over that 5 day period over Southeast Texas TS Harvey produced catastrophic flooding with a large area of 30 to 60 inches of rain, 23 tornadoes, tropical storm force winds and a moderate storm surge near Matagorda Bay.  In some of the heavier bands rain fell at a rate of over 5 inches per hour. This copious record amount of rain over a  led to catastrophic flooding. Thousands of homes, businesses, and roads were flooded due to flash flooding and sheet flow from long duration intense rain. Main stem rivers and adjoining tributaries, creeks and bayous reached full capacity and came out of their banks and this also contributed to the massive flooding across southeastern Texas.",65
720672,FORT BEND CO.,CLODINE,08/26/2017,112,Tornado, ,EF0,0,0,30000,0,TX,CST-6, ,119753,C,157,HGX,0,0,Broadcast Media, ,0.11,30,5,W,5,W,CLODINE,08/26/2017,114,29.7,-95.76,29.7011,-95.7613,"Roof damage to a home near Westpark Tollway and Grand Parkway.","Harvey made landfall as a category 4 hurricane near Rockport, Texas during the evening of August 25th. The storm then weakened to a tropical storm and slowed,  looping back and tracking over SE Texas then back over the Gulf of Mexico making a second landfall along the Louisiana coast during the early morning hours of August 30th. Over that 5 day period over Southeast Texas TS Harvey produced catastrophic flooding with a large area of 30 to 60 inches of rain, 23 tornadoes, tropical storm force winds and a moderate storm surge near Matagorda Bay.  In some of the heavier bands rain fell at a rate of over 5 inches per hour. This copious record amount of rain over a  led to catastrophic flooding. Thousands of homes, businesses, and roads were flooded due to flash flooding and sheet flow from long duration intense rain. Main stem rivers and adjoining tributaries, creeks and bayous reached full capacity and came out of their banks and this also contributed to the massive flooding across southeastern Texas.",66
721322,JACKSON CO.,MORALES,08/26/2017,245,Flash Flood, , ,0,0,100000,0,TX,CST-6, ,119753,C,239,HGX,0,0,County Official,Heavy Rain / Tropical System, , ,12,WSW,10,WSW,EL TORO,08/26/2017,530,29.0959,-96.9598,28.8869,-96.8486,"Numerous roads and bridges north of Highway 59 and west of FM 822 were inundated with flood waters.","Harvey made landfall as a category 4 hurricane near Rockport, Texas during the evening of August 25th. The storm then weakened to a tropical storm and slowed,  looping back and tracking over SE Texas then back over the Gulf of Mexico making a second landfall along the Louisiana coast during the early morning hours of August 30th. Over that 5 day period over Southeast Texas TS Harvey produced catastrophic flooding with a large area of 30 to 60 inches of rain, 23 tornadoes, tropical storm force winds and a moderate storm surge near Matagorda Bay.  In some of the heavier bands rain fell at a rate of over 5 inches per hour. This copious record amount of rain over a  led to catastrophic flooding. Thousands of homes, businesses, and roads were flooded due to flash flooding and sheet flow from long duration intense rain. Main stem rivers and adjoining tributaries, creeks and bayous reached full capacity and came out of their banks and this also contributed to the massive flooding across southeastern Texas.",67
720674,HARRIS CO.,LAKE HOUSTON,08/26/2017,330,Tornado, ,EF0,0,0,100000,0,TX,CST-6, ,119753,C,201,HGX,0,0,Broadcast Media, ,1.02,30,2,S,2,SW,LAKE HOUSTON,08/26/2017,332,29.9243,-95.1516,29.9347,-95.1704,"Report of tornado touchdown resulting in damage to trees, fences and roofs in Lakeshore and Summerwood subdivisions. Tornado initially sighted by the public over southern portions of Lake Houston.","Harvey made landfall as a category 4 hurricane near Rockport, Texas during the evening of August 25th. The storm then weakened to a tropical storm and slowed,  looping back and tracking over SE Texas then back over the Gulf of Mexico making a second landfall along the Louisiana coast during the early morning hours of August 30th. Over that 5 day period over Southeast Texas TS Harvey produced catastrophic flooding with a large area of 30 to 60 inches of rain, 23 tornadoes, tropical storm force winds and a moderate storm surge near Matagorda Bay.  In some of the heavier bands rain fell at a rate of over 5 inches per hour. This copious record amount of rain over a  led to catastrophic flooding. Thousands of homes, businesses, and roads were flooded due to flash flooding and sheet flow from long duration intense rain. Main stem rivers and adjoining tributaries, creeks and bayous reached full capacity and came out of their banks and this also contributed to the massive flooding across southeastern Texas.",68
720677,WALLER CO.,KATY,08/26/2017,357,Tornado, ,EF1,0,0,200000,0,TX,CST-6, ,119753,C,473,HGX,0,0,Emergency Manager, ,0.4,50,3,WSW,3,WSW,KATY,08/26/2017,400,29.7756,-95.8442,29.7803,-95.8482,"Tornado appeared to touch down at an RV and boat storage facility then cross Interstate 10. It then damaged Pepperl Fuchs facility on north side of Interstate. Tornado crossed from Fort Bend into Waller County.","Harvey made landfall as a category 4 hurricane near Rockport, Texas during the evening of August 25th. The storm then weakened to a tropical storm and slowed,  looping back and tracking over SE Texas then back over the Gulf of Mexico making a second landfall along the Louisiana coast during the early morning hours of August 30th. Over that 5 day period over Southeast Texas TS Harvey produced catastrophic flooding with a large area of 30 to 60 inches of rain, 23 tornadoes, tropical storm force winds and a moderate storm surge near Matagorda Bay.  In some of the heavier bands rain fell at a rate of over 5 inches per hour. This copious record amount of rain over a  led to catastrophic flooding. Thousands of homes, businesses, and roads were flooded due to flash flooding and sheet flow from long duration intense rain. Main stem rivers and adjoining tributaries, creeks and bayous reached full capacity and came out of their banks and this also contributed to the massive flooding across southeastern Texas.",69
767338,FORT BEND CO.,KATY,08/26/2017,400,Tornado, ,EF1,0,0,800000,0,TX,CST-6, ,119753,C,157,HGX,0,0,Emergency Manager, ,0.32,50,3,WSW,3,WSW,KATY,08/26/2017,401,29.776,-95.844,29.78,-95.8466,"Tornado touched down near Trailer World RV and Boat Storage facility then crossed Interstate 10. It did minor damage to Bucees car wash area then ripped large air conditioning units off top of Pepperl Fuchs buiding. Finally in damaged awnings near Builders First building. Tornado crossed from Fort Bend into Waller County. This entry documents Fort Bend County segment.","Harvey made landfall as a category 4 hurricane near Rockport, Texas during the evening of August 25th. The storm then weakened to a tropical storm and slowed,  looping back and tracking over SE Texas then back over the Gulf of Mexico making a second landfall along the Louisiana coast during the early morning hours of August 30th. Over that 5 day period over Southeast Texas TS Harvey produced catastrophic flooding with a large area of 30 to 60 inches of rain, 23 tornadoes, tropical storm force winds and a moderate storm surge near Matagorda Bay.  In some of the heavier bands rain fell at a rate of over 5 inches per hour. This copious record amount of rain over a  led to catastrophic flooding. Thousands of homes, businesses, and roads were flooded due to flash flooding and sheet flow from long duration intense rain. Main stem rivers and adjoining tributaries, creeks and bayous reached full capacity and came out of their banks and this also contributed to the massive flooding across southeastern Texas.",70
720676,WALLER CO.,KATY,08/26/2017,401,Tornado, ,EF1,0,0,500000,0,TX,CST-6, ,119753,C,473,HGX,0,0,Emergency Manager, ,0.58,50,3,WSW,3,WSW,KATY,08/26/2017,402,29.78,-95.8466,29.787,-95.852,"Tornado touched down near Trailer World RV and Boat Storage facility then crossed Interstate 10. It did minor damage to Bucees car wash area then ripped large air conditioning units off top of Pepperl-Fuchs building. Finally in damaged awnings near Builders First building before lifting. Tornado crossed from Fort Bend into Waller County. This entry documents Waller County segment.","Harvey made landfall as a category 4 hurricane near Rockport, Texas during the evening of August 25th. The storm then weakened to a tropical storm and slowed,  looping back and tracking over SE Texas then back over the Gulf of Mexico making a second landfall along the Louisiana coast during the early morning hours of August 30th. Over that 5 day period over Southeast Texas TS Harvey produced catastrophic flooding with a large area of 30 to 60 inches of rain, 23 tornadoes, tropical storm force winds and a moderate storm surge near Matagorda Bay.  In some of the heavier bands rain fell at a rate of over 5 inches per hour. This copious record amount of rain over a  led to catastrophic flooding. Thousands of homes, businesses, and roads were flooded due to flash flooding and sheet flow from long duration intense rain. Main stem rivers and adjoining tributaries, creeks and bayous reached full capacity and came out of their banks and this also contributed to the massive flooding across southeastern Texas.",71
720343,MATAGORDA CO.,PLEDGER,08/26/2017,545,Flash Flood, , ,0,0,0,0,TX,CST-6, ,119753,C,321,HGX,0,0,Department of Highways,Heavy Rain / Tropical System, , ,23,WNW,6,NW,(PSX)PALACIOS MUNI A,08/26/2017,815,29.3896,-96.221,28.7826,-96.3171,"Flooded and impassable roadways with sections of SH 60 from FM 2668 and FM 521 near Wadsworth. Portions of SH 35 near Bay City were flooded.||The El Dorado, Oak Grove, and Tres Palacios subdivisions along the Tres Palacios River flooded. Major flooding occurred in Bay City along the Colorado River as levees were over topped by two feet.","Harvey made landfall as a category 4 hurricane near Rockport, Texas during the evening of August 25th. The storm then weakened to a tropical storm and slowed,  looping back and tracking over SE Texas then back over the Gulf of Mexico making a second landfall along the Louisiana coast during the early morning hours of August 30th. Over that 5 day period over Southeast Texas TS Harvey produced catastrophic flooding with a large area of 30 to 60 inches of rain, 23 tornadoes, tropical storm force winds and a moderate storm surge near Matagorda Bay.  In some of the heavier bands rain fell at a rate of over 5 inches per hour. This copious record amount of rain over a  led to catastrophic flooding. Thousands of homes, businesses, and roads were flooded due to flash flooding and sheet flow from long duration intense rain. Main stem rivers and adjoining tributaries, creeks and bayous reached full capacity and came out of their banks and this also contributed to the massive flooding across southeastern Texas.",72
720342,HARRIS CO.,LOUETTA,08/26/2017,600,Flash Flood, , ,0,0,0,0,TX,CST-6, ,119753,C,201,HGX,0,0,Department of Highways,Heavy Rain / Tropical System, , ,1,WSW,1,NNE,JERSEY VILLAGE,08/26/2017,1600,29.8889,-95.5996,29.8904,-95.566,"Sections of US 290 were closed due to flooding between the 610 Loop and FM 529 in Jersey Village.","Harvey made landfall as a category 4 hurricane near Rockport, Texas during the evening of August 25th. The storm then weakened to a tropical storm and slowed,  looping back and tracking over SE Texas then back over the Gulf of Mexico making a second landfall along the Louisiana coast during the early morning hours of August 30th. Over that 5 day period over Southeast Texas TS Harvey produced catastrophic flooding with a large area of 30 to 60 inches of rain, 23 tornadoes, tropical storm force winds and a moderate storm surge near Matagorda Bay.  In some of the heavier bands rain fell at a rate of over 5 inches per hour. This copious record amount of rain over a  led to catastrophic flooding. Thousands of homes, businesses, and roads were flooded due to flash flooding and sheet flow from long duration intense rain. Main stem rivers and adjoining tributaries, creeks and bayous reached full capacity and came out of their banks and this also contributed to the massive flooding across southeastern Texas.",73
720344,GALVESTON CO.,LEAGUE CITY S S ARPT,08/26/2017,700,Flash Flood, , ,0,0,0,0,TX,CST-6, ,119753,C,167,HGX,0,0,Emergency Manager,Heavy Rain / Tropical System, , ,3,NNW,3,NNW,ALTA LOMA,08/29/2017,2259,29.5162,-95.1416,29.4157,-95.1032,"Numerous roads were flooded and impassable across northern and western Galveston County.||Approximately 7,000 homes and 125 businesses were impacted by flood waters across the county. Clear Creek measured record levels that lead to the widespread flooding throughout Friendswood and League City. Major flooding occurred along the Dickinson Bayou; from Cemetery Road to east of Highway 3 along FM 517. Flood waters inundated sections of Interstate 45, Bay Area Boulevard, FM 528, FM 518 and numerous primary and secondary county roads.","Harvey made landfall as a category 4 hurricane near Rockport, Texas during the evening of August 25th. The storm then weakened to a tropical storm and slowed,  looping back and tracking over SE Texas then back over the Gulf of Mexico making a second landfall along the Louisiana coast during the early morning hours of August 30th. Over that 5 day period over Southeast Texas TS Harvey produced catastrophic flooding with a large area of 30 to 60 inches of rain, 23 tornadoes, tropical storm force winds and a moderate storm surge near Matagorda Bay.  In some of the heavier bands rain fell at a rate of over 5 inches per hour. This copious record amount of rain over a  led to catastrophic flooding. Thousands of homes, businesses, and roads were flooded due to flash flooding and sheet flow from long duration intense rain. Main stem rivers and adjoining tributaries, creeks and bayous reached full capacity and came out of their banks and this also contributed to the massive flooding across southeastern Texas.",74
720678,BRAZOS CO.,ENRIGHT,08/26/2017,705,Tornado, ,EF0,0,0,0,0,TX,CST-6, ,119753,C,41,HGX,0,0,Broadcast Media, ,0.16,20,2,WSW,2,WSW,ENRIGHT,08/26/2017,706,30.4803,-96.315,30.4823,-96.3165,"Tree down at property on Olympia Buddy Road. A brief spin up.","Harvey made landfall as a category 4 hurricane near Rockport, Texas during the evening of August 25th. The storm then weakened to a tropical storm and slowed,  looping back and tracking over SE Texas then back over the Gulf of Mexico making a second landfall along the Louisiana coast during the early morning hours of August 30th. Over that 5 day period over Southeast Texas TS Harvey produced catastrophic flooding with a large area of 30 to 60 inches of rain, 23 tornadoes, tropical storm force winds and a moderate storm surge near Matagorda Bay.  In some of the heavier bands rain fell at a rate of over 5 inches per hour. This copious record amount of rain over a  led to catastrophic flooding. Thousands of homes, businesses, and roads were flooded due to flash flooding and sheet flow from long duration intense rain. Main stem rivers and adjoining tributaries, creeks and bayous reached full capacity and came out of their banks and this also contributed to the massive flooding across southeastern Texas.",75
720464,MONTGOMERY CO.,WILLIS,08/26/2017,800,Flash Flood, , ,0,0,0,0,TX,CST-6, ,119753,C,339,HGX,0,0,Department of Highways,Heavy Rain / Tropical System, , ,2,WNW,1,WSW,WILLIS,08/26/2017,1100,30.4284,-95.509,30.4115,-95.5018,"Water was reported over sections of I-45 northbound where TXDOT reported flooding at the FM 1097 intersection.||Record pool levels on Lake Conroe required downstream releases that flooded numerous downstream homes, businesses and vehicles. Major flooding occurred along the San Jacinto River and the east Fork of the San Jacinto and its tributaries inundated tens to hundreds of residential subdivisions. There were hundreds of flooded homes along Lake, Spring, Peach and Caney Creeks.","Harvey made landfall as a category 4 hurricane near Rockport, Texas during the evening of August 25th. The storm then weakened to a tropical storm and slowed,  looping back and tracking over SE Texas then back over the Gulf of Mexico making a second landfall along the Louisiana coast during the early morning hours of August 30th. Over that 5 day period over Southeast Texas TS Harvey produced catastrophic flooding with a large area of 30 to 60 inches of rain, 23 tornadoes, tropical storm force winds and a moderate storm surge near Matagorda Bay.  In some of the heavier bands rain fell at a rate of over 5 inches per hour. This copious record amount of rain over a  led to catastrophic flooding. Thousands of homes, businesses, and roads were flooded due to flash flooding and sheet flow from long duration intense rain. Main stem rivers and adjoining tributaries, creeks and bayous reached full capacity and came out of their banks and this also contributed to the massive flooding across southeastern Texas.",76
720469,MONTGOMERY CO.,LAKE CONROE DAM,08/26/2017,800,Flash Flood, , ,0,0,0,0,TX,CST-6, ,119753,C,339,HGX,0,0,Law Enforcement,Heavy Rain / Tropical System, , ,3,NNE,4,N,CONROE ARPT,08/26/2017,1030,30.3872,-95.5275,30.405,-95.4108,"There were impassable roads due to high water at Horseshoe Circle and Painted Blvd off the Grand Parkway, 19000 block of David Memorial from Sam's Club to Shenandoah Park, the 11000 block of River Oaks Drive, the 45 northbound lanes at Highway 242 and Hines Road in Willis.||Record pool levels on Lake Conroe required downstream releases that flooded numerous downstream homes, businesses and vehicles. Major flooding occurred along the San Jacinto River and the east Fork of the San Jacinto and its tributaries inundated tens to hundreds of residential subdivisions. There were hundreds of flooded homes along Lake, Spring, Peach and Caney Creeks.","Harvey made landfall as a category 4 hurricane near Rockport, Texas during the evening of August 25th. The storm then weakened to a tropical storm and slowed,  looping back and tracking over SE Texas then back over the Gulf of Mexico making a second landfall along the Louisiana coast during the early morning hours of August 30th. Over that 5 day period over Southeast Texas TS Harvey produced catastrophic flooding with a large area of 30 to 60 inches of rain, 23 tornadoes, tropical storm force winds and a moderate storm surge near Matagorda Bay.  In some of the heavier bands rain fell at a rate of over 5 inches per hour. This copious record amount of rain over a  led to catastrophic flooding. Thousands of homes, businesses, and roads were flooded due to flash flooding and sheet flow from long duration intense rain. Main stem rivers and adjoining tributaries, creeks and bayous reached full capacity and came out of their banks and this also contributed to the massive flooding across southeastern Texas.",77
728401,MONTGOMERY CO.,SHENANDOAH,08/26/2017,808,Flash Flood, , ,0,0,0,0,TX,CST-6, ,119753,C,339,HGX,0,0,Department of Highways,Heavy Rain / Tropical System, , ,1,WSW,2,WNW,WILLIS,08/26/2017,1000,30.1642,-95.4726,30.4249,-95.5062,"Heavy rain from first rain band caused flash flooding on portions of Interstate 45 between The Woodlands and Conroe with several reports of roads impassable.","Harvey made landfall as a category 4 hurricane near Rockport, Texas during the evening of August 25th. The storm then weakened to a tropical storm and slowed,  looping back and tracking over SE Texas then back over the Gulf of Mexico making a second landfall along the Louisiana coast during the early morning hours of August 30th. Over that 5 day period over Southeast Texas TS Harvey produced catastrophic flooding with a large area of 30 to 60 inches of rain, 23 tornadoes, tropical storm force winds and a moderate storm surge near Matagorda Bay.  In some of the heavier bands rain fell at a rate of over 5 inches per hour. This copious record amount of rain over a  led to catastrophic flooding. Thousands of homes, businesses, and roads were flooded due to flash flooding and sheet flow from long duration intense rain. Main stem rivers and adjoining tributaries, creeks and bayous reached full capacity and came out of their banks and this also contributed to the massive flooding across southeastern Texas.",78
720274,BASTROP (ZONE), ,08/26/2017,914,Tropical Storm, , ,0,0,0,0,TX,CST-6, ,120216,Z,193,EWX,0,0,Official NWS Observations, , , , , , , , ,08/27/2017,713, , , , ,"Hurricane Harvey moved onshore as a Category 4 hurricane over San Jose Island east of Rockport during the late evening of August 25th. Harvey moved inland entering southern DeWitt County during the morning of August 26th  as a Category 1 hurricane. It continued to weaken as it moved farther inland eventually reaching south central Gonzales County as a tropical storm during the late evening of August 26th. The center of the storm made a loop through Gonzales, Karnes, and DeWitt Counties before exiting our County Warning Area during the afternoon of August 27th moving into Victoria County. ||A number of places in Fayette, Lavaca, and Bastrop Counties received 20 or more inches of rain. Tropical storm force winds with estimated gusts up to 60 mph caused damage across the region. Trees and branches were knocked down by the winds. Some of these in turn knocked down power lines causing power outages. 100 People were evacuated in Bastrop County.  Rainfall over the far western side of Bastrop County was about 12 inches, while the Smithville area had a 7 day rain total of nearly 24 inches.  The Colorado River at Smithville crested near 32 feet on August 28, flooding about 60 homes in the Smithville area.  There were about 150 low water crossings underwater and many roads were damaged.  Overall estimates to damage in the county are about 1.5 million dollars, about a million of that coming from damage to roads and bridges.","Hurricane Harvey moved onshore as a Category 4 hurricane over San Jose Island east of Rockport during the late evening of August 25th. Harvey moved inland entering southern DeWitt County during the morning of August 26th  as a Category 1 hurricane. It continued to weaken as it moved farther inland eventually reaching south central Gonzales County as a tropical storm during the late evening of August 26th. The center of the storm made a loop through Gonzales, Karnes, and DeWitt Counties before exiting our County Warning Area during the afternoon of August 27th moving into Victoria County. The maximum sustained winds were 46 mph recorded at Austin Bergstrom International Airport and at two private weather stations, one near Yorktown and the other near Smiley. The maximum recorded wind gusts were 58 mph at New Braunfels Airport, Randolph AFB, and at a private weather station near Smiley. The highest rainfall total was 29.19 inches outside of LaGrange in Fayette County. A number of places in Fayette, Lavaca, and Bastrop Counties received 20 or more inches of rain. Tropical storm force winds with estimated gusts up to 60 mph caused damage across the region. Trees and branches were knocked down by the winds. Some of these in turn knocked down power lines causing power outages in Bastrop, Comal, Hays, and Guadalupe Counties. At one point, 15,000 customers in Comal County were without power. There was also some minor structural damage in Caldwell, Comal, and Lavaca Counties. Maximum rainfall totals in these counties ranged from 4.67 inches in Bexar to 29.19 in Fayette. Flooding and flash flooding forced 608 people to be evacuated from their homes. Most of these, 400, were in Fayette County.",79
720278,FAYETTE (ZONE), ,08/26/2017,914,Tropical Storm, , ,0,0,0,0,TX,CST-6, ,120216,Z,209,EWX,0,0,Official NWS Observations, , , , , , , , ,08/27/2017,713, , , , ,"Hurricane Harvey moved onshore as a Category 4 hurricane over San Jose Island east of Rockport during the late evening of August 25th. Harvey moved inland entering southern DeWitt County during the morning of August 26th  as a Category 1 hurricane. It continued to weaken as it moved farther inland eventually reaching south central Gonzales County as a tropical storm during the late evening of August 26th. The center of the storm made a loop through Gonzales, Karnes, and DeWitt Counties before exiting our County Warning Area during the afternoon of August 27th moving into Victoria County. ||Tropical Storm force winds and winds gusts caused minor tree damage.  A few trees were uprooted. The highest rainfall total was 29.19 inches outside of LaGrange in Fayette County. Most locations in Fayette County received 20 or more inches of rain.  Heavy rain and flooding caused the evacuation of about 400 residents as the Colorado River at LaGrange rose to 54.2 feet. This was the third highest crest ever. Much of the city below Waters Street was flooded. Schools in the Fayetteville Independent School District sustained $80,000 damage. There were roughly 400 impacted homes across the county, 200 had substantial flood damage, 150 moderate damage, and 50 minor damage.  About 2 dozen businesses in and near LaGrange sustained major flood damage.  Flooding was mainly along the Colorado River from Bastrop County all the way through Fayette County.  Additional flooding and homes flooded along Buckners Creek in LaGrange and Cummins Creek near Round Top area. 5 to 6 homes flooded near Fayetteville.  Infrastructure loss from roads and bridges across the county is about $500K.  Insured/uninsured losses is unknown but is likely in the tens of millions.","Hurricane Harvey moved onshore as a Category 4 hurricane over San Jose Island east of Rockport during the late evening of August 25th. Harvey moved inland entering southern DeWitt County during the morning of August 26th  as a Category 1 hurricane. It continued to weaken as it moved farther inland eventually reaching south central Gonzales County as a tropical storm during the late evening of August 26th. The center of the storm made a loop through Gonzales, Karnes, and DeWitt Counties before exiting our County Warning Area during the afternoon of August 27th moving into Victoria County. The maximum sustained winds were 46 mph recorded at Austin Bergstrom International Airport and at two private weather stations, one near Yorktown and the other near Smiley. The maximum recorded wind gusts were 58 mph at New Braunfels Airport, Randolph AFB, and at a private weather station near Smiley. The highest rainfall total was 29.19 inches outside of LaGrange in Fayette County. A number of places in Fayette, Lavaca, and Bastrop Counties received 20 or more inches of rain. Tropical storm force winds with estimated gusts up to 60 mph caused damage across the region. Trees and branches were knocked down by the winds. Some of these in turn knocked down power lines causing power outages in Bastrop, Comal, Hays, and Guadalupe Counties. At one point, 15,000 customers in Comal County were without power. There was also some minor structural damage in Caldwell, Comal, and Lavaca Counties. Maximum rainfall totals in these counties ranged from 4.67 inches in Bexar to 29.19 in Fayette. Flooding and flash flooding forced 608 people to be evacuated from their homes. Most of these, 400, were in Fayette County.",80
798844,LEE CO.,FEDOR,08/26/2017,914,Flood, , ,0,0,250000,0,TX,CST-6, ,120216,C,287,EWX,0,0,Emergency Manager,Heavy Rain / Tropical System, , ,1,SW,3,SW,OLD DIME BOX,08/27/2017,713,30.3153,-97.0564,30.3539,-96.8829,"The largest impact across Lee County with Harvey was the rainfall where as much as 20 inches fell near Giddings.  The southern half of the county experienced the worst flooding with 25 homes being impacted, many of those having experienced major damage.  The tropical storm force winds did bring some trees down across the county.  Damage from the flooding is estimated to be near 250K dollars.","Hurricane Harvey moved onshore as a Category 4 hurricane over San Jose Island east of Rockport during the late evening of August 25th. Harvey moved inland entering southern DeWitt County during the morning of August 26th  as a Category 1 hurricane. It continued to weaken as it moved farther inland eventually reaching south central Gonzales County as a tropical storm during the late evening of August 26th. The center of the storm made a loop through Gonzales, Karnes, and DeWitt Counties before exiting our County Warning Area during the afternoon of August 27th moving into Victoria County. The maximum sustained winds were 46 mph recorded at Austin Bergstrom International Airport and at two private weather stations, one near Yorktown and the other near Smiley. The maximum recorded wind gusts were 58 mph at New Braunfels Airport, Randolph AFB, and at a private weather station near Smiley. The highest rainfall total was 29.19 inches outside of LaGrange in Fayette County. A number of places in Fayette, Lavaca, and Bastrop Counties received 20 or more inches of rain. Tropical storm force winds with estimated gusts up to 60 mph caused damage across the region. Trees and branches were knocked down by the winds. Some of these in turn knocked down power lines causing power outages in Bastrop, Comal, Hays, and Guadalupe Counties. At one point, 15,000 customers in Comal County were without power. There was also some minor structural damage in Caldwell, Comal, and Lavaca Counties. Maximum rainfall totals in these counties ranged from 4.67 inches in Bexar to 29.19 in Fayette. Flooding and flash flooding forced 608 people to be evacuated from their homes. Most of these, 400, were in Fayette County.",81
720283,LAVACA (ZONE), ,08/26/2017,914,Tropical Storm, , ,0,0,100000,0,TX,CST-6, ,120216,Z,225,EWX,0,0,Official NWS Observations, , , , , , , , ,08/27/2017,713, , , , ,"Hurricane Harvey moved onshore as a Category 4 hurricane over San Jose Island east of Rockport during the late evening of August 25th. Harvey moved inland entering southern DeWitt County during the morning of August 26th  as a Category 1 hurricane. It continued to weaken as it moved farther inland eventually reaching south central Gonzales County as a tropical storm during the late evening of August 26th. The center of the storm made a loop through Gonzales, Karnes, and DeWitt Counties before exiting our County Warning Area during the afternoon of August 27th moving into Victoria County. ||The area received sustained Tropical Storm force winds with many gusts well over 50 mph.  Several trees were down across the county including some structural damage noted in Yoakum and Shiner.  The Navidad River reached record heights at both Sublime and Speaks.  The high water mainly affected floodplain and no structures were directly impacted.  Some roads were closed due to high water in the river, but also from the high rain totals across the county.  The highest rain total was 20 inches of rain near Shiner.  Other areas to the south likely received 15 to 20  inches based on radar estimates.","Hurricane Harvey moved onshore as a Category 4 hurricane over San Jose Island east of Rockport during the late evening of August 25th. Harvey moved inland entering southern DeWitt County during the morning of August 26th  as a Category 1 hurricane. It continued to weaken as it moved farther inland eventually reaching south central Gonzales County as a tropical storm during the late evening of August 26th. The center of the storm made a loop through Gonzales, Karnes, and DeWitt Counties before exiting our County Warning Area during the afternoon of August 27th moving into Victoria County. The maximum sustained winds were 46 mph recorded at Austin Bergstrom International Airport and at two private weather stations, one near Yorktown and the other near Smiley. The maximum recorded wind gusts were 58 mph at New Braunfels Airport, Randolph AFB, and at a private weather station near Smiley. The highest rainfall total was 29.19 inches outside of LaGrange in Fayette County. A number of places in Fayette, Lavaca, and Bastrop Counties received 20 or more inches of rain. Tropical storm force winds with estimated gusts up to 60 mph caused damage across the region. Trees and branches were knocked down by the winds. Some of these in turn knocked down power lines causing power outages in Bastrop, Comal, Hays, and Guadalupe Counties. At one point, 15,000 customers in Comal County were without power. There was also some minor structural damage in Caldwell, Comal, and Lavaca Counties. Maximum rainfall totals in these counties ranged from 4.67 inches in Bexar to 29.19 in Fayette. Flooding and flash flooding forced 608 people to be evacuated from their homes. Most of these, 400, were in Fayette County.",82
720276,CALDWELL (ZONE), ,08/26/2017,914,Tropical Storm, , ,0,0,0,0,TX,CST-6, ,120216,Z,208,EWX,0,0,Official NWS Observations, , , , , , , , ,08/27/2017,713, , , , ,"Hurricane Harvey moved onshore as a Category 4 hurricane over San Jose Island east of Rockport during the late evening of August 25th. Harvey moved inland entering southern DeWitt County during the morning of August 26th  as a Category 1 hurricane. It continued to weaken as it moved farther inland eventually reaching south central Gonzales County as a tropical storm during the late evening of August 26th. The center of the storm made a loop through Gonzales, Karnes, and DeWitt Counties before exiting our County Warning Area during the afternoon of August 27th moving into Victoria County. ||Winds gusted to well over 50 mph across Caldwell County bringing some minor damage to trees and buildings.  Minor structural damage was noted. The highest rainfall totals recorded across Caldwell County were between 15-20 inches across mainly north and east sections of the County.  A few people were evacuated downstream of a small dam. ||Heavy rain from Tropical Storm Harvey caused major flooding around the county. At one time, 140 roads were closed the most ever recorded. The emergency manager estimated that 75% of the county's roads were damaged by flooding. The cost of the damage to roads and dams was estimated at $10 million. There were 18 homes destroyed and another 198 damaged by flood water with a total cost of $2.85 million.","Hurricane Harvey moved onshore as a Category 4 hurricane over San Jose Island east of Rockport during the late evening of August 25th. Harvey moved inland entering southern DeWitt County during the morning of August 26th  as a Category 1 hurricane. It continued to weaken as it moved farther inland eventually reaching south central Gonzales County as a tropical storm during the late evening of August 26th. The center of the storm made a loop through Gonzales, Karnes, and DeWitt Counties before exiting our County Warning Area during the afternoon of August 27th moving into Victoria County. The maximum sustained winds were 46 mph recorded at Austin Bergstrom International Airport and at two private weather stations, one near Yorktown and the other near Smiley. The maximum recorded wind gusts were 58 mph at New Braunfels Airport, Randolph AFB, and at a private weather station near Smiley. The highest rainfall total was 29.19 inches outside of LaGrange in Fayette County. A number of places in Fayette, Lavaca, and Bastrop Counties received 20 or more inches of rain. Tropical storm force winds with estimated gusts up to 60 mph caused damage across the region. Trees and branches were knocked down by the winds. Some of these in turn knocked down power lines causing power outages in Bastrop, Comal, Hays, and Guadalupe Counties. At one point, 15,000 customers in Comal County were without power. There was also some minor structural damage in Caldwell, Comal, and Lavaca Counties. Maximum rainfall totals in these counties ranged from 4.67 inches in Bexar to 29.19 in Fayette. Flooding and flash flooding forced 608 people to be evacuated from their homes. Most of these, 400, were in Fayette County.",83
720275,BEXAR (ZONE), ,08/26/2017,914,Tropical Storm, , ,0,0,100000,0,TX,CST-6, ,120216,Z,205,EWX,0,0,Official NWS Observations, , , , , , , , ,08/27/2017,713, , , , ,"Hurricane Harvey moved onshore as a Category 4 hurricane over San Jose Island east of Rockport during the late evening of August 25th. Harvey moved inland entering southern DeWitt County during the morning of August 26th  as a Category 1 hurricane. It continued to weaken as it moved farther inland eventually reaching south central Gonzales County as a tropical storm during the late evening of August 26th. The center of the storm made a loop through Gonzales, Karnes, and DeWitt Counties before exiting our County Warning Area during the afternoon of August 27th moving into Victoria County.  The maximum recorded wind gust was 58 mph at Randolph AFB.  Areas of Bexar County received as little as 1 inch of rain in the SW part of the County, to nearly 6 inches in the far NE sections of Bexar County.  A few low water crossings were flooded. Tropical storm force winds with estimated gusts up to 60 mph caused some minor tree damage, uprooted trees, and knocked out power.","Hurricane Harvey moved onshore as a Category 4 hurricane over San Jose Island east of Rockport during the late evening of August 25th. Harvey moved inland entering southern DeWitt County during the morning of August 26th  as a Category 1 hurricane. It continued to weaken as it moved farther inland eventually reaching south central Gonzales County as a tropical storm during the late evening of August 26th. The center of the storm made a loop through Gonzales, Karnes, and DeWitt Counties before exiting our County Warning Area during the afternoon of August 27th moving into Victoria County. The maximum sustained winds were 46 mph recorded at Austin Bergstrom International Airport and at two private weather stations, one near Yorktown and the other near Smiley. The maximum recorded wind gusts were 58 mph at New Braunfels Airport, Randolph AFB, and at a private weather station near Smiley. The highest rainfall total was 29.19 inches outside of LaGrange in Fayette County. A number of places in Fayette, Lavaca, and Bastrop Counties received 20 or more inches of rain. Tropical storm force winds with estimated gusts up to 60 mph caused damage across the region. Trees and branches were knocked down by the winds. Some of these in turn knocked down power lines causing power outages in Bastrop, Comal, Hays, and Guadalupe Counties. At one point, 15,000 customers in Comal County were without power. There was also some minor structural damage in Caldwell, Comal, and Lavaca Counties. Maximum rainfall totals in these counties ranged from 4.67 inches in Bexar to 29.19 in Fayette. Flooding and flash flooding forced 608 people to be evacuated from their homes. Most of these, 400, were in Fayette County.",84
720284,LEE (ZONE), ,08/26/2017,914,Tropical Storm, , ,0,0,100000,0,TX,CST-6, ,120216,Z,194,EWX,0,0,Official NWS Observations, , , , , , , , ,08/27/2017,713, , , , ,"Hurricane Harvey moved onshore as a Category 4 hurricane over San Jose Island east of Rockport during the late evening of August 25th. Harvey moved inland entering southern DeWitt County during the morning of August 26th  as a Category 1 hurricane. It continued to weaken as it moved farther inland eventually reaching south central Gonzales County as a tropical storm during the late evening of August 26th. The center of the storm made a loop through Gonzales, Karnes, and DeWitt Counties before exiting our County Warning Area during the afternoon of August 27th moving into Victoria County. ||The largest impact across Lee County was the rainfall where as much as 20 inches fell near Giddings.  The southern half of the county experienced the worst flooding with 25 homes being impacted, many of those having experienced major damage.  The tropical storm force winds did bring some trees down across the county.","Hurricane Harvey moved onshore as a Category 4 hurricane over San Jose Island east of Rockport during the late evening of August 25th. Harvey moved inland entering southern DeWitt County during the morning of August 26th  as a Category 1 hurricane. It continued to weaken as it moved farther inland eventually reaching south central Gonzales County as a tropical storm during the late evening of August 26th. The center of the storm made a loop through Gonzales, Karnes, and DeWitt Counties before exiting our County Warning Area during the afternoon of August 27th moving into Victoria County. The maximum sustained winds were 46 mph recorded at Austin Bergstrom International Airport and at two private weather stations, one near Yorktown and the other near Smiley. The maximum recorded wind gusts were 58 mph at New Braunfels Airport, Randolph AFB, and at a private weather station near Smiley. The highest rainfall total was 29.19 inches outside of LaGrange in Fayette County. A number of places in Fayette, Lavaca, and Bastrop Counties received 20 or more inches of rain. Tropical storm force winds with estimated gusts up to 60 mph caused damage across the region. Trees and branches were knocked down by the winds. Some of these in turn knocked down power lines causing power outages in Bastrop, Comal, Hays, and Guadalupe Counties. At one point, 15,000 customers in Comal County were without power. There was also some minor structural damage in Caldwell, Comal, and Lavaca Counties. Maximum rainfall totals in these counties ranged from 4.67 inches in Bexar to 29.19 in Fayette. Flooding and flash flooding forced 608 people to be evacuated from their homes. Most of these, 400, were in Fayette County.",85
720280,GUADALUPE (ZONE), ,08/26/2017,914,Tropical Storm, , ,0,0,50000,0,TX,CST-6, ,120216,Z,207,EWX,0,0,Official NWS Observations, , , , , , , , ,08/27/2017,713, , , , ,"Hurricane Harvey moved onshore as a Category 4 hurricane over San Jose Island east of Rockport during the late evening of August 25th. Harvey moved inland entering southern DeWitt County during the morning of August 26th  as a Category 1 hurricane. It continued to weaken as it moved farther inland eventually reaching south central Gonzales County as a tropical storm during the late evening of August 26th. The center of the storm made a loop through Gonzales, Karnes, and DeWitt Counties before exiting our County Warning Area during the afternoon of August 27th moving into Victoria County. ||Winds frequently gusted to over 50 mph during the event, producing scattered power outages and tree damage.  Some trees were uprooted.  Much of the county received 8-12 inches of rain, producing flooding on some roads and low water crossings.  The highest recorded rain total near 12 inches was near Kingsbury.  Monetary losses are estimated.","Hurricane Harvey moved onshore as a Category 4 hurricane over San Jose Island east of Rockport during the late evening of August 25th. Harvey moved inland entering southern DeWitt County during the morning of August 26th  as a Category 1 hurricane. It continued to weaken as it moved farther inland eventually reaching south central Gonzales County as a tropical storm during the late evening of August 26th. The center of the storm made a loop through Gonzales, Karnes, and DeWitt Counties before exiting our County Warning Area during the afternoon of August 27th moving into Victoria County. The maximum sustained winds were 46 mph recorded at Austin Bergstrom International Airport and at two private weather stations, one near Yorktown and the other near Smiley. The maximum recorded wind gusts were 58 mph at New Braunfels Airport, Randolph AFB, and at a private weather station near Smiley. The highest rainfall total was 29.19 inches outside of LaGrange in Fayette County. A number of places in Fayette, Lavaca, and Bastrop Counties received 20 or more inches of rain. Tropical storm force winds with estimated gusts up to 60 mph caused damage across the region. Trees and branches were knocked down by the winds. Some of these in turn knocked down power lines causing power outages in Bastrop, Comal, Hays, and Guadalupe Counties. At one point, 15,000 customers in Comal County were without power. There was also some minor structural damage in Caldwell, Comal, and Lavaca Counties. Maximum rainfall totals in these counties ranged from 4.67 inches in Bexar to 29.19 in Fayette. Flooding and flash flooding forced 608 people to be evacuated from their homes. Most of these, 400, were in Fayette County.",86
720281,HAYS (ZONE), ,08/26/2017,914,Tropical Storm, , ,0,0,0,0,TX,CST-6, ,120216,Z,191,EWX,0,0,Official NWS Observations, , , , , , , , ,08/27/2017,713, , , , ,"Hurricane Harvey moved onshore as a Category 4 hurricane over San Jose Island east of Rockport during the late evening of August 25th. Harvey moved inland entering southern DeWitt County during the morning of August 26th  as a Category 1 hurricane. It continued to weaken as it moved farther inland eventually reaching south central Gonzales County as a tropical storm during the late evening of August 26th. The center of the storm made a loop through Gonzales, Karnes, and DeWitt Counties before exiting our County Warning Area during the afternoon of August 27th moving into Victoria County. ||The eastern half of Hays County experienced tropical storm force winds with gusts as high as 50 mph during the storm.  This produced some minor tree damage and knocked out power.  100 people were evacuated due to rising water on creeks and the threat of a small dam breach during the height of the event.  A sinkhole developed on Highway 21 due to the heavy rain amounts.  Across the county, rainfall totals averaged 8 to 12 inches along and east of Interstate 35.  Monetary loss are estimates of road repair.","Hurricane Harvey moved onshore as a Category 4 hurricane over San Jose Island east of Rockport during the late evening of August 25th. Harvey moved inland entering southern DeWitt County during the morning of August 26th  as a Category 1 hurricane. It continued to weaken as it moved farther inland eventually reaching south central Gonzales County as a tropical storm during the late evening of August 26th. The center of the storm made a loop through Gonzales, Karnes, and DeWitt Counties before exiting our County Warning Area during the afternoon of August 27th moving into Victoria County. The maximum sustained winds were 46 mph recorded at Austin Bergstrom International Airport and at two private weather stations, one near Yorktown and the other near Smiley. The maximum recorded wind gusts were 58 mph at New Braunfels Airport, Randolph AFB, and at a private weather station near Smiley. The highest rainfall total was 29.19 inches outside of LaGrange in Fayette County. A number of places in Fayette, Lavaca, and Bastrop Counties received 20 or more inches of rain. Tropical storm force winds with estimated gusts up to 60 mph caused damage across the region. Trees and branches were knocked down by the winds. Some of these in turn knocked down power lines causing power outages in Bastrop, Comal, Hays, and Guadalupe Counties. At one point, 15,000 customers in Comal County were without power. There was also some minor structural damage in Caldwell, Comal, and Lavaca Counties. Maximum rainfall totals in these counties ranged from 4.67 inches in Bexar to 29.19 in Fayette. Flooding and flash flooding forced 608 people to be evacuated from their homes. Most of these, 400, were in Fayette County.",87
798843,HAYS CO.,KYLE,08/26/2017,914,Flood, , ,0,0,100000,0,TX,CST-6, ,120216,C,209,EWX,0,0,Emergency Manager,Heavy Rain / Tropical System, , ,4,WNW,1,W,NIEDERWALD,08/27/2017,713,30.0108,-97.9328,29.9681,-97.7639,"Hurricane Harvey moved onshore as a Category 4 hurricane over San Jose Island east of Rockport during the late evening of August 25th. Harvey moved inland entering southern DeWitt County during the morning of August 26th  as a Category 1 hurricane. It continued to weaken as it moved farther inland eventually reaching south central Gonzales County as a tropical storm during the late evening of August 26th. The center of the storm made a loop through Gonzales, Karnes, and DeWitt Counties before exiting our County Warning Area during the afternoon of August 27th moving into Victoria County. ||The eastern half of Hays County experienced tropical storm force winds with gusts as high as 50 mph during the storm.  This produced some minor tree damage and knocked out power.  100 people were evacuated due to rising water on creeks and the threat of a small dam breach during the height of the event.  A sinkhole developed on Highway 21 due to the heavy rain amounts.  Across the county, rainfall totals averaged 8 to 12 inches along and east of Interstate 35.  Monetary loss are estimates of road repair.","Hurricane Harvey moved onshore as a Category 4 hurricane over San Jose Island east of Rockport during the late evening of August 25th. Harvey moved inland entering southern DeWitt County during the morning of August 26th  as a Category 1 hurricane. It continued to weaken as it moved farther inland eventually reaching south central Gonzales County as a tropical storm during the late evening of August 26th. The center of the storm made a loop through Gonzales, Karnes, and DeWitt Counties before exiting our County Warning Area during the afternoon of August 27th moving into Victoria County. The maximum sustained winds were 46 mph recorded at Austin Bergstrom International Airport and at two private weather stations, one near Yorktown and the other near Smiley. The maximum recorded wind gusts were 58 mph at New Braunfels Airport, Randolph AFB, and at a private weather station near Smiley. The highest rainfall total was 29.19 inches outside of LaGrange in Fayette County. A number of places in Fayette, Lavaca, and Bastrop Counties received 20 or more inches of rain. Tropical storm force winds with estimated gusts up to 60 mph caused damage across the region. Trees and branches were knocked down by the winds. Some of these in turn knocked down power lines causing power outages in Bastrop, Comal, Hays, and Guadalupe Counties. At one point, 15,000 customers in Comal County were without power. There was also some minor structural damage in Caldwell, Comal, and Lavaca Counties. Maximum rainfall totals in these counties ranged from 4.67 inches in Bexar to 29.19 in Fayette. Flooding and flash flooding forced 608 people to be evacuated from their homes. Most of these, 400, were in Fayette County.",88
720285,WILSON (ZONE), ,08/26/2017,914,Tropical Storm, , ,0,0,0,0,TX,CST-6, ,120216,Z,221,EWX,0,0,Official NWS Observations, , , , , , , , ,08/27/2017,713, , , , ,"Hurricane Harvey moved onshore as a Category 4 hurricane over San Jose Island east of Rockport during the late evening of August 25th. Harvey moved inland entering southern DeWitt County during the morning of August 26th  as a Category 1 hurricane. It continued to weaken as it moved farther inland eventually reaching south central Gonzales County as a tropical storm during the late evening of August 26th. The center of the storm made a loop through Gonzales, Karnes, and DeWitt Counties before exiting our County Warning Area during the afternoon of August 27th moving into Victoria County. ||Winds of 30 to 40 mph were persistent across the county while rainfall totals averaged near 8 inches near Stockdale to only a few inches to the southwest side of the County.  Few overall problems were observed across Wilson County.","Hurricane Harvey moved onshore as a Category 4 hurricane over San Jose Island east of Rockport during the late evening of August 25th. Harvey moved inland entering southern DeWitt County during the morning of August 26th  as a Category 1 hurricane. It continued to weaken as it moved farther inland eventually reaching south central Gonzales County as a tropical storm during the late evening of August 26th. The center of the storm made a loop through Gonzales, Karnes, and DeWitt Counties before exiting our County Warning Area during the afternoon of August 27th moving into Victoria County. The maximum sustained winds were 46 mph recorded at Austin Bergstrom International Airport and at two private weather stations, one near Yorktown and the other near Smiley. The maximum recorded wind gusts were 58 mph at New Braunfels Airport, Randolph AFB, and at a private weather station near Smiley. The highest rainfall total was 29.19 inches outside of LaGrange in Fayette County. A number of places in Fayette, Lavaca, and Bastrop Counties received 20 or more inches of rain. Tropical storm force winds with estimated gusts up to 60 mph caused damage across the region. Trees and branches were knocked down by the winds. Some of these in turn knocked down power lines causing power outages in Bastrop, Comal, Hays, and Guadalupe Counties. At one point, 15,000 customers in Comal County were without power. There was also some minor structural damage in Caldwell, Comal, and Lavaca Counties. Maximum rainfall totals in these counties ranged from 4.67 inches in Bexar to 29.19 in Fayette. Flooding and flash flooding forced 608 people to be evacuated from their homes. Most of these, 400, were in Fayette County.",89
720282,KARNES (ZONE), ,08/26/2017,914,Tropical Storm, , ,0,0,0,0,TX,CST-6, ,120216,Z,222,EWX,0,0,Official NWS Observations, , , , , , , , ,08/27/2017,713, , , , ,"Hurricane Harvey moved onshore as a Category 4 hurricane over San Jose Island east of Rockport during the late evening of August 25th. Harvey moved inland entering southern DeWitt County during the morning of August 26th  as a Category 1 hurricane. It continued to weaken as it moved farther inland eventually reaching south central Gonzales County as a tropical storm during the late evening of August 26th. The center of the storm made a loop through Gonzales, Karnes, and DeWitt Counties before exiting our County Warning Area during the afternoon of August 27th moving into Victoria County. ||Across Karnes County, sustained tropical storm force winds brought some minor tree and branch damage but overall impact of the storm was limited to the far eastern sections of the County.  Rainfall across the county averaged 3-6 inches.","Hurricane Harvey moved onshore as a Category 4 hurricane over San Jose Island east of Rockport during the late evening of August 25th. Harvey moved inland entering southern DeWitt County during the morning of August 26th  as a Category 1 hurricane. It continued to weaken as it moved farther inland eventually reaching south central Gonzales County as a tropical storm during the late evening of August 26th. The center of the storm made a loop through Gonzales, Karnes, and DeWitt Counties before exiting our County Warning Area during the afternoon of August 27th moving into Victoria County. The maximum sustained winds were 46 mph recorded at Austin Bergstrom International Airport and at two private weather stations, one near Yorktown and the other near Smiley. The maximum recorded wind gusts were 58 mph at New Braunfels Airport, Randolph AFB, and at a private weather station near Smiley. The highest rainfall total was 29.19 inches outside of LaGrange in Fayette County. A number of places in Fayette, Lavaca, and Bastrop Counties received 20 or more inches of rain. Tropical storm force winds with estimated gusts up to 60 mph caused damage across the region. Trees and branches were knocked down by the winds. Some of these in turn knocked down power lines causing power outages in Bastrop, Comal, Hays, and Guadalupe Counties. At one point, 15,000 customers in Comal County were without power. There was also some minor structural damage in Caldwell, Comal, and Lavaca Counties. Maximum rainfall totals in these counties ranged from 4.67 inches in Bexar to 29.19 in Fayette. Flooding and flash flooding forced 608 people to be evacuated from their homes. Most of these, 400, were in Fayette County.",90
720279,GONZALES (ZONE), ,08/26/2017,914,Tropical Storm, , ,0,0,100000,0,TX,CST-6, ,120216,Z,223,EWX,0,0,Official NWS Observations, , , , , , , , ,08/27/2017,713, , , , ,"Hurricane Harvey moved onshore as a Category 4 hurricane over San Jose Island east of Rockport during the late evening of August 25th. Harvey moved inland entering southern DeWitt County during the morning of August 26th  as a Category 1 hurricane. It continued to weaken as it moved farther inland eventually reaching south central Gonzales County as a tropical storm during the late evening of August 26th. The center of the storm made a loop through Gonzales, Karnes, and DeWitt Counties before exiting our County Warning Area during the afternoon of August 27th moving into Victoria County. ||Sustained tropical storm force winds were observed with gusts over 50 mph.  Widespread wind damage was reported, but was confined to mainly trees and uprooted trees.  Several creeks were well over their banks and led to significant flooding downstream.  The widespread 10-15 inches of rain flooded out a couple of homes.  The highest rainfall total recorded was nearly 20 inches of rain about 13 miles east of Gonzales.","Hurricane Harvey moved onshore as a Category 4 hurricane over San Jose Island east of Rockport during the late evening of August 25th. Harvey moved inland entering southern DeWitt County during the morning of August 26th  as a Category 1 hurricane. It continued to weaken as it moved farther inland eventually reaching south central Gonzales County as a tropical storm during the late evening of August 26th. The center of the storm made a loop through Gonzales, Karnes, and DeWitt Counties before exiting our County Warning Area during the afternoon of August 27th moving into Victoria County. The maximum sustained winds were 46 mph recorded at Austin Bergstrom International Airport and at two private weather stations, one near Yorktown and the other near Smiley. The maximum recorded wind gusts were 58 mph at New Braunfels Airport, Randolph AFB, and at a private weather station near Smiley. The highest rainfall total was 29.19 inches outside of LaGrange in Fayette County. A number of places in Fayette, Lavaca, and Bastrop Counties received 20 or more inches of rain. Tropical storm force winds with estimated gusts up to 60 mph caused damage across the region. Trees and branches were knocked down by the winds. Some of these in turn knocked down power lines causing power outages in Bastrop, Comal, Hays, and Guadalupe Counties. At one point, 15,000 customers in Comal County were without power. There was also some minor structural damage in Caldwell, Comal, and Lavaca Counties. Maximum rainfall totals in these counties ranged from 4.67 inches in Bexar to 29.19 in Fayette. Flooding and flash flooding forced 608 people to be evacuated from their homes. Most of these, 400, were in Fayette County.",91
720277,COMAL (ZONE), ,08/26/2017,914,Tropical Storm, , ,0,0,1000000,0,TX,CST-6, ,120216,Z,206,EWX,0,0,Official NWS Observations, , , , , , , , ,08/27/2017,713, , , , ,"Hurricane Harvey moved onshore as a Category 4 hurricane over San Jose Island east of Rockport during the late evening of August 25th. Harvey moved inland entering southern DeWitt County during the morning of August 26th  as a Category 1 hurricane. It continued to weaken as it moved farther inland eventually reaching south central Gonzales County as a tropical storm during the late evening of August 26th. The center of the storm made a loop through Gonzales, Karnes, and DeWitt Counties before exiting our County Warning Area during the afternoon of August 27th moving into Victoria County. ||Winds frequently gusted over 50 mph across the county, The maximum recorded wind gusts were 58 mph at New Braunfels Airport. Tropical storm force winds with estimated gusts up to 60 mph caused damage across the region. Trees and branches were knocked down by the winds. Some of these in turn knocked down power lines causing power outages. At one point, 15,000 customers in Comal County were without power. There was also some minor structural damage in Comal County.  Maximum rainfall totals were near 7 inches on the east side of the county.  Several low water crossings were flooded for days.  Wind driven rain led to water damage at the New Braunfels Police Department as well as the Christus Santa Rosa Hospital.  Comal County hosted over 200 middle Texas coast evacuees.","Hurricane Harvey moved onshore as a Category 4 hurricane over San Jose Island east of Rockport during the late evening of August 25th. Harvey moved inland entering southern DeWitt County during the morning of August 26th  as a Category 1 hurricane. It continued to weaken as it moved farther inland eventually reaching south central Gonzales County as a tropical storm during the late evening of August 26th. The center of the storm made a loop through Gonzales, Karnes, and DeWitt Counties before exiting our County Warning Area during the afternoon of August 27th moving into Victoria County. The maximum sustained winds were 46 mph recorded at Austin Bergstrom International Airport and at two private weather stations, one near Yorktown and the other near Smiley. The maximum recorded wind gusts were 58 mph at New Braunfels Airport, Randolph AFB, and at a private weather station near Smiley. The highest rainfall total was 29.19 inches outside of LaGrange in Fayette County. A number of places in Fayette, Lavaca, and Bastrop Counties received 20 or more inches of rain. Tropical storm force winds with estimated gusts up to 60 mph caused damage across the region. Trees and branches were knocked down by the winds. Some of these in turn knocked down power lines causing power outages in Bastrop, Comal, Hays, and Guadalupe Counties. At one point, 15,000 customers in Comal County were without power. There was also some minor structural damage in Caldwell, Comal, and Lavaca Counties. Maximum rainfall totals in these counties ranged from 4.67 inches in Bexar to 29.19 in Fayette. Flooding and flash flooding forced 608 people to be evacuated from their homes. Most of these, 400, were in Fayette County.",92
720264,DE WITT (ZONE), ,08/26/2017,927,Hurricane, , ,0,0,100000,0,TX,CST-6, ,120214,Z,224,EWX,0,0,Official NWS Observations, , , , , , , , ,08/26/2017,1200, , , , ,"Hurricane Harvey moved onshore as a Category 4 hurricane over San Jose Island east of Rockport during the late evening of August 25th. Harvey moved inland entering southern DeWitt County during the morning of August 26th as a Category 1 hurricane. It continued to weaken as it moved farther inland eventually reaching south central Gonzales County as a tropical storm during the late evening of August 26th. The center of the storm made a loop through Gonzales, Karnes, and DeWitt Counties before exiting our County Warning Area during the afternoon of August 27th moving into Victoria County. The maximum sustained winds were 46 mph recorded at Austin Bergstrom International Airport and two private weather stations, one near Yorktown and the other near Smiley. The maximum recorded wind gusts were 58 mph at New Braunfels Airport, Randolph AFB, and a private weather station near Smiley.  There is a lack of wind reporting stations in DeWitt County but winds are estimated to be over 60 mph with higher gusts near hurricane force. In DeWitt County, estimated hurricane force winds knocked down large trees across the county and damaged some buildings and houses. The maximum rainfall recorded in DeWitt County was 22.99 inches near Yoakum with multiple reports of 10-15 inches. This caused widespread flash flooding as well as river flooding on the Guadalupe River. As many as 100 houses were affected by high water in and around Cuero as well as south of Cuero near Thomaston. The Guadalupe River at Cuero crested at 44.36 feet, it's second highest crest on record.  Several homes in the River Oaks, River Haven RV Park, and Cypress Valley neighborhoods that were not elevated, were significantly flooded. Overall damage values are an estimate as many of the flooded homes do not have flood insurance so overall monetary loss is unknown but an estimate of several million dollars is given based on Emergency Management input.  Several roads and bridges near the Guadalupe river sustained major erosion, with long term fixes adding to the overall damage assessment number.  Damage from wind is estimated to be 100 thousand dollars.","Hurricane Harvey moved onshore as a Category 4 hurricane over San Jose Island east of Rockport during the late evening of August 25th. Harvey moved inland entering southern DeWitt County during the morning of August 26th  as a Category 1 hurricane. It continued to weaken as it moved farther inland eventually reaching south central Gonzales County as a tropical storm during the late evening of August 26th. The center of the storm made a loop through Gonzales, Karnes, and DeWitt Counties before exiting our County Warning Area during the afternoon of August 27th moving into Victoria County. The maximum sustained winds were 46 mph recorded at Austin Bergstrom International Airport and two private weather stations, one near Yorktown and the other near Smiley. The maximum recorded wind gusts were 58 mph at New Braunfels Airport, Randolph AFB, and a private weather station near Smiley. The highest rainfall total was 29.19 inches outside of LaGrange in Fayette County. A number of places in Fayette, Lavaca, and Bastrop Counties received 20 or more inches of rain. In DeWitt County, estimated hurricane force winds knocked down large trees across the county and damaged some buildings and houses. The maximum rainfall recorded in DeWitt County was 22.99 inches near Yoakum with multiple reports of 10-15 inches. This caused widespread flash flooding as well as river flooding on the Guadalupe River. As many as 100 houses were affected by high water in and around Cuero. The Guadalupe River at Cuero crested at 44.36 feet, it's second highest crest on record.",93
728846,FORT BEND CO.,FULSHEAR,08/26/2017,956,Flash Flood, , ,0,0,0,0,TX,CST-6, ,119753,C,157,HGX,0,0,Department of Highways,Heavy Rain / Tropical System, , ,6,E,6,ENE,FULSHEAR,08/27/2017,1200,29.6943,-95.7974,29.7016,-95.7977,"FM 1093 closed east of FM 723 due to flooding.","Harvey made landfall as a category 4 hurricane near Rockport, Texas during the evening of August 25th. The storm then weakened to a tropical storm and slowed,  looping back and tracking over SE Texas then back over the Gulf of Mexico making a second landfall along the Louisiana coast during the early morning hours of August 30th. Over that 5 day period over Southeast Texas TS Harvey produced catastrophic flooding with a large area of 30 to 60 inches of rain, 23 tornadoes, tropical storm force winds and a moderate storm surge near Matagorda Bay.  In some of the heavier bands rain fell at a rate of over 5 inches per hour. This copious record amount of rain over a  led to catastrophic flooding. Thousands of homes, businesses, and roads were flooded due to flash flooding and sheet flow from long duration intense rain. Main stem rivers and adjoining tributaries, creeks and bayous reached full capacity and came out of their banks and this also contributed to the massive flooding across southeastern Texas.",94
720465,GALVESTON CO.,LEAGUE CITY,08/26/2017,1000,Flash Flood, , ,0,0,0,0,TX,CST-6, ,119753,C,167,HGX,0,0,Department of Highways,Heavy Rain / Tropical System, , ,3,N,3,N,LEAGUE CITY,08/26/2017,1300,29.542,-95.0988,29.5382,-95.1059,"Low water ways were flooded along FM 270 from FM 646 to NASA Road 1.||Approximately 7,000 homes and 125 businesses were impacted by flood waters across the county. Clear Creek measured record levels that lead to the widespread flooding throughout Friendswood and League City. Major flooding occurred along the Dickinson Bayou; from Cemetery Road to east of Highway 3 along FM 517. Flood waters inundated sections of Interstate 45, Bay Area Boulevard, FM 528, FM 518 and numerous primary and secondary county roads.","Harvey made landfall as a category 4 hurricane near Rockport, Texas during the evening of August 25th. The storm then weakened to a tropical storm and slowed,  looping back and tracking over SE Texas then back over the Gulf of Mexico making a second landfall along the Louisiana coast during the early morning hours of August 30th. Over that 5 day period over Southeast Texas TS Harvey produced catastrophic flooding with a large area of 30 to 60 inches of rain, 23 tornadoes, tropical storm force winds and a moderate storm surge near Matagorda Bay.  In some of the heavier bands rain fell at a rate of over 5 inches per hour. This copious record amount of rain over a  led to catastrophic flooding. Thousands of homes, businesses, and roads were flooded due to flash flooding and sheet flow from long duration intense rain. Main stem rivers and adjoining tributaries, creeks and bayous reached full capacity and came out of their banks and this also contributed to the massive flooding across southeastern Texas.",95
728554,WALKER CO.,HUNTSVILLE,08/26/2017,1040,Flash Flood, , ,0,0,0,0,TX,CST-6, ,119753,C,471,HGX,0,0,Emergency Manager,Heavy Rain / Tropical System, , ,2,NE,2,SE,HAWTHORNE,08/26/2017,1240,30.7347,-95.5467,30.5077,-95.397,"Flash flooding from Huntsville to New Waverly. Road closures include Bowers, Bearkat, Cotton and Podraza Roads.  Also FM 1374.","Harvey made landfall as a category 4 hurricane near Rockport, Texas during the evening of August 25th. The storm then weakened to a tropical storm and slowed,  looping back and tracking over SE Texas then back over the Gulf of Mexico making a second landfall along the Louisiana coast during the early morning hours of August 30th. Over that 5 day period over Southeast Texas TS Harvey produced catastrophic flooding with a large area of 30 to 60 inches of rain, 23 tornadoes, tropical storm force winds and a moderate storm surge near Matagorda Bay.  In some of the heavier bands rain fell at a rate of over 5 inches per hour. This copious record amount of rain over a  led to catastrophic flooding. Thousands of homes, businesses, and roads were flooded due to flash flooding and sheet flow from long duration intense rain. Main stem rivers and adjoining tributaries, creeks and bayous reached full capacity and came out of their banks and this also contributed to the massive flooding across southeastern Texas.",96
720468,MATAGORDA CO.,BLESSING,08/26/2017,1200,Flash Flood, , ,0,0,0,0,TX,CST-6, ,119753,C,321,HGX,0,0,Department of Highways,Heavy Rain / Tropical System, , ,1,NNW,4,NE,MARKHAM,08/27/2017,1700,28.8874,-96.2293,28.9923,-96.0353,"Sections of SH 35 were closed due to flash flooding.","Harvey made landfall as a category 4 hurricane near Rockport, Texas during the evening of August 25th. The storm then weakened to a tropical storm and slowed,  looping back and tracking over SE Texas then back over the Gulf of Mexico making a second landfall along the Louisiana coast during the early morning hours of August 30th. Over that 5 day period over Southeast Texas TS Harvey produced catastrophic flooding with a large area of 30 to 60 inches of rain, 23 tornadoes, tropical storm force winds and a moderate storm surge near Matagorda Bay.  In some of the heavier bands rain fell at a rate of over 5 inches per hour. This copious record amount of rain over a  led to catastrophic flooding. Thousands of homes, businesses, and roads were flooded due to flash flooding and sheet flow from long duration intense rain. Main stem rivers and adjoining tributaries, creeks and bayous reached full capacity and came out of their banks and this also contributed to the massive flooding across southeastern Texas.",97
720805,POLK CO.,ONALASKA,08/26/2017,1215,Flash Flood, , ,0,0,300000000,0,TX,CST-6, ,119753,C,373,HGX,0,0,Department of Highways,Heavy Rain / Tropical System, , ,4,NW,11,SW,LAKE LIVINGSTON DAM,08/26/2017,1430,30.8564,-95.1897,30.5365,-95.1416,"There was high flood water on roads FM 3126 and FM 356 along the eastern shore of Lake Livingston.||The lowest homes and businesses within close vicinity of the lake, Trinity River and Long King Creek flooded. Roads along the southern end of Lake Livingston such as FM 3278 were inaccessible, FM 3128 and FM 1988 near Long King Creek were flooded.  Major lowland flooding occurred on the Trinity River near Goodrich.","Harvey made landfall as a category 4 hurricane near Rockport, Texas during the evening of August 25th. The storm then weakened to a tropical storm and slowed,  looping back and tracking over SE Texas then back over the Gulf of Mexico making a second landfall along the Louisiana coast during the early morning hours of August 30th. Over that 5 day period over Southeast Texas TS Harvey produced catastrophic flooding with a large area of 30 to 60 inches of rain, 23 tornadoes, tropical storm force winds and a moderate storm surge near Matagorda Bay.  In some of the heavier bands rain fell at a rate of over 5 inches per hour. This copious record amount of rain over a  led to catastrophic flooding. Thousands of homes, businesses, and roads were flooded due to flash flooding and sheet flow from long duration intense rain. Main stem rivers and adjoining tributaries, creeks and bayous reached full capacity and came out of their banks and this also contributed to the massive flooding across southeastern Texas.",98
719489,ORANGE CO.,BRIDGE CITY,08/26/2017,1230,Flash Flood, , ,10,0,1500000000,0,TX,CST-6, ,119746,C,361,LCH,0,0,Emergency Manager,Heavy Rain / Tropical System, , ,18,SSW,39,SSW,ROSE CITY,08/30/2017,1600,29.7758,-93.9372,29.6046,-94.363,"Widespread 30 to 50 inches of rainfall fell across Orange County during Harvey. This resulted in 27,742 homes being flooded. The hardest hit areas were Orange, Vidor, Orangefield, Pine Forest, West Orange, Rose City, Mauriceville, Rose City, and Lake View. Record crests occurred on the lower Neches and Cow Bayou. The Sabine River was at its highest level since Hurricane Ike in 2008. Water covered and closed portions of Interstate 10 in the county. Only 1 home was reported not flooded in Rose City and the community's drinking water was interrupted for near a month. 10 people perished during the event with 2 of them being from electrocution in a flooded home.","Harvey moved across the Gulf of Mexico into the central Texas Coast during the last week of August. After the initial landfall, the cyclone moved back into the gulf a couple days later and then made another landfall in Southwest Louisiana during the morning of the 30th. The first rains from the system moved across the region during the afternoon of the 25th and finally ended during the morning of September 1. One to 5 feet of rain fell across Southeast Texas during the week which in some cases was slightly more than a normal yearly rainfall total. Widespread flooding occurred and a new rainfall record was set regarding the total for a tropical cyclone in the United States.",99
720815,GALVESTON CO.,PORT BOLIVAR ARPT,08/26/2017,1315,Flash Flood, , ,0,0,0,0,TX,CST-6, ,119753,C,167,HGX,0,0,Department of Highways,Heavy Rain / Tropical System, , ,3,E,1,ESE,ROLLOVER,08/26/2017,1430,29.3757,-94.7289,29.4971,-94.5058,"Low lying sections of Highway 87 on the Bolivar Peninsula were flooded due to rain.","Harvey made landfall as a category 4 hurricane near Rockport, Texas during the evening of August 25th. The storm then weakened to a tropical storm and slowed,  looping back and tracking over SE Texas then back over the Gulf of Mexico making a second landfall along the Louisiana coast during the early morning hours of August 30th. Over that 5 day period over Southeast Texas TS Harvey produced catastrophic flooding with a large area of 30 to 60 inches of rain, 23 tornadoes, tropical storm force winds and a moderate storm surge near Matagorda Bay.  In some of the heavier bands rain fell at a rate of over 5 inches per hour. This copious record amount of rain over a  led to catastrophic flooding. Thousands of homes, businesses, and roads were flooded due to flash flooding and sheet flow from long duration intense rain. Main stem rivers and adjoining tributaries, creeks and bayous reached full capacity and came out of their banks and this also contributed to the massive flooding across southeastern Texas.",100
720680,HARRIS CO.,HOUSTON WEISER ARPT,08/26/2017,1450,Tornado, ,EF1,0,0,500000,0,TX,CST-6, ,119753,C,201,HGX,0,0,Storm Chaser, ,0.94,50,4,WSW,4,S,CYPRESS,08/26/2017,1457,29.907,-95.6872,29.9182,-95.696,"Trees downed and roof damage near Berry Center and Lone Oak Subdivision.","Harvey made landfall as a category 4 hurricane near Rockport, Texas during the evening of August 25th. The storm then weakened to a tropical storm and slowed,  looping back and tracking over SE Texas then back over the Gulf of Mexico making a second landfall along the Louisiana coast during the early morning hours of August 30th. Over that 5 day period over Southeast Texas TS Harvey produced catastrophic flooding with a large area of 30 to 60 inches of rain, 23 tornadoes, tropical storm force winds and a moderate storm surge near Matagorda Bay.  In some of the heavier bands rain fell at a rate of over 5 inches per hour. This copious record amount of rain over a  led to catastrophic flooding. Thousands of homes, businesses, and roads were flooded due to flash flooding and sheet flow from long duration intense rain. Main stem rivers and adjoining tributaries, creeks and bayous reached full capacity and came out of their banks and this also contributed to the massive flooding across southeastern Texas.",101
720686,HARRIS CO.,CYPRESS,08/26/2017,1520,Tornado, ,EF0,0,0,30000,0,TX,CST-6, ,119753,C,201,HGX,0,0,Social Media, ,0.52,50,2,SE,2,ESE,CYPRESS,08/26/2017,1522,29.9528,-95.6704,29.9593,-95.6748,"A second tornado spotted near Hwy 290 and Barker Cypress.","Harvey made landfall as a category 4 hurricane near Rockport, Texas during the evening of August 25th. The storm then weakened to a tropical storm and slowed,  looping back and tracking over SE Texas then back over the Gulf of Mexico making a second landfall along the Louisiana coast during the early morning hours of August 30th. Over that 5 day period over Southeast Texas TS Harvey produced catastrophic flooding with a large area of 30 to 60 inches of rain, 23 tornadoes, tropical storm force winds and a moderate storm surge near Matagorda Bay.  In some of the heavier bands rain fell at a rate of over 5 inches per hour. This copious record amount of rain over a  led to catastrophic flooding. Thousands of homes, businesses, and roads were flooded due to flash flooding and sheet flow from long duration intense rain. Main stem rivers and adjoining tributaries, creeks and bayous reached full capacity and came out of their banks and this also contributed to the massive flooding across southeastern Texas.",102
711038,ANGELINA CO.,KURTH LAKE,08/26/2017,1530,Thunderstorm Wind,56.00, ,0,0,0,0,TX,CST-6,EG,118325,C,5,SHV,0,0,Social Media, , , ,4,SSE,4,SSE,KURTH LAKE,08/26/2017,1530,31.3992,-94.6413,31.3992,-94.6413,"Trees and other debris were blown down in the Moffitt community.","Major Hurricane Harvey made landfall between Port Aransas and Port O'Connor Texas during the late evening hours on August 25th, and drifted inland into South Texas before becoming stationary on August 26th. The outer bands of Hurricane Harvey spread northwest across much of Southeast Texas and portions of Deep East Texas during the afternoon on the 26th, where damaging winds downed trees in the Moffitt community in Northern Angelina County.",103
720829,HARRIS CO.,CYPRESS,08/26/2017,1600,Flash Flood, , ,0,0,0,0,TX,CST-6, ,119753,C,201,HGX,0,0,Social Media,Heavy Rain / Tropical System, , ,3,NW,3,NNE,CYPRESS,08/26/2017,1730,30.0044,-95.7397,30.0067,-95.6779,"Flash flooding was reported in and around the town of Cypress.","Harvey made landfall as a category 4 hurricane near Rockport, Texas during the evening of August 25th. The storm then weakened to a tropical storm and slowed,  looping back and tracking over SE Texas then back over the Gulf of Mexico making a second landfall along the Louisiana coast during the early morning hours of August 30th. Over that 5 day period over Southeast Texas TS Harvey produced catastrophic flooding with a large area of 30 to 60 inches of rain, 23 tornadoes, tropical storm force winds and a moderate storm surge near Matagorda Bay.  In some of the heavier bands rain fell at a rate of over 5 inches per hour. This copious record amount of rain over a  led to catastrophic flooding. Thousands of homes, businesses, and roads were flooded due to flash flooding and sheet flow from long duration intense rain. Main stem rivers and adjoining tributaries, creeks and bayous reached full capacity and came out of their banks and this also contributed to the massive flooding across southeastern Texas.",104
720699,WHARTON CO.,EAST BERNARD,08/26/2017,1623,Tornado, ,EF0,0,0,50000,0,TX,CST-6, ,119753,C,481,HGX,0,0,Broadcast Media, ,0.54,30,1,NNW,2,NNW,EAST BERNARD,08/26/2017,1626,29.5438,-96.0845,29.55,-96.09,"Trees down along a southeast to northwest path. Horse trailer overturned. Tornado caught on video.","Harvey made landfall as a category 4 hurricane near Rockport, Texas during the evening of August 25th. The storm then weakened to a tropical storm and slowed,  looping back and tracking over SE Texas then back over the Gulf of Mexico making a second landfall along the Louisiana coast during the early morning hours of August 30th. Over that 5 day period over Southeast Texas TS Harvey produced catastrophic flooding with a large area of 30 to 60 inches of rain, 23 tornadoes, tropical storm force winds and a moderate storm surge near Matagorda Bay.  In some of the heavier bands rain fell at a rate of over 5 inches per hour. This copious record amount of rain over a  led to catastrophic flooding. Thousands of homes, businesses, and roads were flooded due to flash flooding and sheet flow from long duration intense rain. Main stem rivers and adjoining tributaries, creeks and bayous reached full capacity and came out of their banks and this also contributed to the massive flooding across southeastern Texas.",105
720617,WILLIAMSON CO.,HUTTO,08/26/2017,1815,Flash Flood, , ,0,0,0,0,TX,CST-6, ,120216,C,491,EWX,0,0,Law Enforcement,Heavy Rain / Tropical System, , ,2,W,2,W,HUTTO,08/26/2017,2012,30.5314,-97.5866,30.5283,-97.588,"Heavy rain from Tropical Storm Harvey caused flash flooding closing CR 123 at Brushy Creek near Hutto.","Hurricane Harvey moved onshore as a Category 4 hurricane over San Jose Island east of Rockport during the late evening of August 25th. Harvey moved inland entering southern DeWitt County during the morning of August 26th  as a Category 1 hurricane. It continued to weaken as it moved farther inland eventually reaching south central Gonzales County as a tropical storm during the late evening of August 26th. The center of the storm made a loop through Gonzales, Karnes, and DeWitt Counties before exiting our County Warning Area during the afternoon of August 27th moving into Victoria County. The maximum sustained winds were 46 mph recorded at Austin Bergstrom International Airport and at two private weather stations, one near Yorktown and the other near Smiley. The maximum recorded wind gusts were 58 mph at New Braunfels Airport, Randolph AFB, and at a private weather station near Smiley. The highest rainfall total was 29.19 inches outside of LaGrange in Fayette County. A number of places in Fayette, Lavaca, and Bastrop Counties received 20 or more inches of rain. Tropical storm force winds with estimated gusts up to 60 mph caused damage across the region. Trees and branches were knocked down by the winds. Some of these in turn knocked down power lines causing power outages in Bastrop, Comal, Hays, and Guadalupe Counties. At one point, 15,000 customers in Comal County were without power. There was also some minor structural damage in Caldwell, Comal, and Lavaca Counties. Maximum rainfall totals in these counties ranged from 4.67 inches in Bexar to 29.19 in Fayette. Flooding and flash flooding forced 608 people to be evacuated from their homes. Most of these, 400, were in Fayette County.",106
720852,FORT BEND CO.,KENDLETON,08/26/2017,1840,Flash Flood, , ,3,0,8000000000,50000,TX,CST-6, ,119753,C,157,HGX,0,0,Law Enforcement,Heavy Rain / Tropical System, , ,0,WSW,1,NW,KATY,08/29/2017,2000,29.4493,-96.0027,29.8075,-95.809,"There were numerous road closures around the Rosenberg and Richmond areas. Some of these roads included Highway 90 at Highway 36 and Lane Drive, Lane Drive at Mustang Road and I-69 at FM 762 and Reading Road. Major record level flooding of both the Brazos and San Bernard Rivers caused significant home flooding from Richmond to Rosharon. Massive flooding occurred in Tierra Grande subdivision along the San Bernard River in southwestern Fort Bend County. Home flooding occurred at Valley Lodge in Simonton, along Edgewood and Baudet Roads in Richmond, along Bar, Barker, Cumings, Sixth Street, Avenue B and Rio Brazos Roads in Rosenberg. Sections of FM 2759 as well as the Grand River, Rivers Edge and Pecan Estates in Thompsons flooded. Many countywide roads became inundated in flood waters including, but not limited to, Highway 90A, Pitts Road, FM 1489, FM 723, FM 1093, FM 359, SH 6 feeder roads, Sienna Parkway, Carrol Road, McKeever Road, Knights Court, Miller Road, river Oaks Road, Thompsons Ferry Road, Strange Drive, Greenwood Drive, Second Street and low lying roads in Quail Valley in Missouri City.  Due to record pool levels in Barker Reservoir, homes in Cinco Ranch flooded. Big Creek flooding in Needville caused the flooding of homes on Ansel Road. Flooding being reported in or within homes in Missouri City with water rescues being conducted off of the Westpark Tollway in the Jeanetta Sharpstown area.","Harvey made landfall as a category 4 hurricane near Rockport, Texas during the evening of August 25th. The storm then weakened to a tropical storm and slowed,  looping back and tracking over SE Texas then back over the Gulf of Mexico making a second landfall along the Louisiana coast during the early morning hours of August 30th. Over that 5 day period over Southeast Texas TS Harvey produced catastrophic flooding with a large area of 30 to 60 inches of rain, 23 tornadoes, tropical storm force winds and a moderate storm surge near Matagorda Bay.  In some of the heavier bands rain fell at a rate of over 5 inches per hour. This copious record amount of rain over a  led to catastrophic flooding. Thousands of homes, businesses, and roads were flooded due to flash flooding and sheet flow from long duration intense rain. Main stem rivers and adjoining tributaries, creeks and bayous reached full capacity and came out of their banks and this also contributed to the massive flooding across southeastern Texas.",107
720618,WILLIAMSON CO.,LEANDER,08/26/2017,1912,Flash Flood, , ,0,0,0,0,TX,CST-6, ,120216,C,491,EWX,0,0,Law Enforcement,Heavy Rain / Tropical System, , ,4,E,4,E,LEANDER,08/26/2017,2012,30.58,-97.7828,30.5706,-97.7807,"Heavy rain from Tropical Storm Harvey caused flash flooding closing CR 177 at Brushy Creek in Leander.","Hurricane Harvey moved onshore as a Category 4 hurricane over San Jose Island east of Rockport during the late evening of August 25th. Harvey moved inland entering southern DeWitt County during the morning of August 26th  as a Category 1 hurricane. It continued to weaken as it moved farther inland eventually reaching south central Gonzales County as a tropical storm during the late evening of August 26th. The center of the storm made a loop through Gonzales, Karnes, and DeWitt Counties before exiting our County Warning Area during the afternoon of August 27th moving into Victoria County. The maximum sustained winds were 46 mph recorded at Austin Bergstrom International Airport and at two private weather stations, one near Yorktown and the other near Smiley. The maximum recorded wind gusts were 58 mph at New Braunfels Airport, Randolph AFB, and at a private weather station near Smiley. The highest rainfall total was 29.19 inches outside of LaGrange in Fayette County. A number of places in Fayette, Lavaca, and Bastrop Counties received 20 or more inches of rain. Tropical storm force winds with estimated gusts up to 60 mph caused damage across the region. Trees and branches were knocked down by the winds. Some of these in turn knocked down power lines causing power outages in Bastrop, Comal, Hays, and Guadalupe Counties. At one point, 15,000 customers in Comal County were without power. There was also some minor structural damage in Caldwell, Comal, and Lavaca Counties. Maximum rainfall totals in these counties ranged from 4.67 inches in Bexar to 29.19 in Fayette. Flooding and flash flooding forced 608 people to be evacuated from their homes. Most of these, 400, were in Fayette County.",108
720704,FORT BEND CO.,HOBBY,08/26/2017,1915,Tornado, ,EF1,0,0,2000000,0,TX,CST-6, ,119753,C,157,HGX,0,0,NWS Storm Survey, ,5.78,100,2,WSW,2,NNE,STAFFORD,08/26/2017,1923,29.5706,-95.5125,29.6476,-95.5503,"Damage to 28 homes in the Woodland West subdivision. Damage path extends from Stafford into Missouri City. The worst of the damage was high end EF1.","Harvey made landfall as a category 4 hurricane near Rockport, Texas during the evening of August 25th. The storm then weakened to a tropical storm and slowed,  looping back and tracking over SE Texas then back over the Gulf of Mexico making a second landfall along the Louisiana coast during the early morning hours of August 30th. Over that 5 day period over Southeast Texas TS Harvey produced catastrophic flooding with a large area of 30 to 60 inches of rain, 23 tornadoes, tropical storm force winds and a moderate storm surge near Matagorda Bay.  In some of the heavier bands rain fell at a rate of over 5 inches per hour. This copious record amount of rain over a  led to catastrophic flooding. Thousands of homes, businesses, and roads were flooded due to flash flooding and sheet flow from long duration intense rain. Main stem rivers and adjoining tributaries, creeks and bayous reached full capacity and came out of their banks and this also contributed to the massive flooding across southeastern Texas.",109
720857,WALLER CO.,PRAIRIE VIEW,08/26/2017,1945,Flash Flood, , ,0,0,0,0,TX,CST-6, ,119753,C,473,HGX,0,0,Department of Highways,Heavy Rain / Tropical System, , ,2,E,3,NNE,WALLER,08/26/2017,2215,30.0858,-95.9618,30.0887,-95.9079,"Multiple lanes of Highway 290 at the FM 2920 intersection near the town of Waller were closed due to flooding.||In the southern part of the county, sections of FM 3318 near the Brazos River flooded and became inaccessible. There was significant countywide home flooding along the various creeks/bayous and their tributaries.","Harvey made landfall as a category 4 hurricane near Rockport, Texas during the evening of August 25th. The storm then weakened to a tropical storm and slowed,  looping back and tracking over SE Texas then back over the Gulf of Mexico making a second landfall along the Louisiana coast during the early morning hours of August 30th. Over that 5 day period over Southeast Texas TS Harvey produced catastrophic flooding with a large area of 30 to 60 inches of rain, 23 tornadoes, tropical storm force winds and a moderate storm surge near Matagorda Bay.  In some of the heavier bands rain fell at a rate of over 5 inches per hour. This copious record amount of rain over a  led to catastrophic flooding. Thousands of homes, businesses, and roads were flooded due to flash flooding and sheet flow from long duration intense rain. Main stem rivers and adjoining tributaries, creeks and bayous reached full capacity and came out of their banks and this also contributed to the massive flooding across southeastern Texas.",110
720856,FORT BEND CO.,STAFFORD,08/26/2017,1945,Flash Flood, , ,0,0,0,0,TX,CST-6, ,119753,C,157,HGX,0,0,Emergency Manager,Heavy Rain / Tropical System, , ,7,N,1,WNW,TRAMMELLS,08/26/2017,2200,29.7143,-95.5697,29.5342,-95.5618,"Flooding being reported in or within homes in Missouri City with water rescues being conducted off of the Westpark Tollway in the Jeanetta Sharpstown area.","Harvey made landfall as a category 4 hurricane near Rockport, Texas during the evening of August 25th. The storm then weakened to a tropical storm and slowed,  looping back and tracking over SE Texas then back over the Gulf of Mexico making a second landfall along the Louisiana coast during the early morning hours of August 30th. Over that 5 day period over Southeast Texas TS Harvey produced catastrophic flooding with a large area of 30 to 60 inches of rain, 23 tornadoes, tropical storm force winds and a moderate storm surge near Matagorda Bay.  In some of the heavier bands rain fell at a rate of over 5 inches per hour. This copious record amount of rain over a  led to catastrophic flooding. Thousands of homes, businesses, and roads were flooded due to flash flooding and sheet flow from long duration intense rain. Main stem rivers and adjoining tributaries, creeks and bayous reached full capacity and came out of their banks and this also contributed to the massive flooding across southeastern Texas.",111
720297,CALDWELL CO.,LYTTON SPGS,08/26/2017,1959,Flash Flood, , ,0,0,0,0,TX,CST-6, ,120216,C,55,EWX,0,0,Emergency Manager,Heavy Rain / Tropical System, , ,2,NNW,1,W,LYTTON SPGS,08/27/2017,345,30.02,-97.63,30.0014,-97.6341,"Heavy rain from Tropical Storm Harvey produced flash flooding leading to a swift water rescue near Lytton Springs.","Hurricane Harvey moved onshore as a Category 4 hurricane over San Jose Island east of Rockport during the late evening of August 25th. Harvey moved inland entering southern DeWitt County during the morning of August 26th  as a Category 1 hurricane. It continued to weaken as it moved farther inland eventually reaching south central Gonzales County as a tropical storm during the late evening of August 26th. The center of the storm made a loop through Gonzales, Karnes, and DeWitt Counties before exiting our County Warning Area during the afternoon of August 27th moving into Victoria County. The maximum sustained winds were 46 mph recorded at Austin Bergstrom International Airport and at two private weather stations, one near Yorktown and the other near Smiley. The maximum recorded wind gusts were 58 mph at New Braunfels Airport, Randolph AFB, and at a private weather station near Smiley. The highest rainfall total was 29.19 inches outside of LaGrange in Fayette County. A number of places in Fayette, Lavaca, and Bastrop Counties received 20 or more inches of rain. Tropical storm force winds with estimated gusts up to 60 mph caused damage across the region. Trees and branches were knocked down by the winds. Some of these in turn knocked down power lines causing power outages in Bastrop, Comal, Hays, and Guadalupe Counties. At one point, 15,000 customers in Comal County were without power. There was also some minor structural damage in Caldwell, Comal, and Lavaca Counties. Maximum rainfall totals in these counties ranged from 4.67 inches in Bexar to 29.19 in Fayette. Flooding and flash flooding forced 608 people to be evacuated from their homes. Most of these, 400, were in Fayette County.",112
720625,CALDWELL CO.,NIEDERWALD,08/26/2017,1959,Flood, , ,0,0,12850000,0,TX,CST-6, ,120216,C,55,EWX,0,0,Emergency Manager,Heavy Rain / Tropical System, , ,3,ESE,2,NE,DALE,08/28/2017,445,29.9623,-97.7069,29.9515,-97.549,"Heavy rain from Tropical Storm Harvey caused major flooding around the county. At one time, 140 roads were closed the most ever recorded. The emergency manager estimated that 75% of the county's roads were damaged by flooding. The cost of the damage to roads and dams was estimated at $10 million. There were 18 homes destroyed and another 198 damaged by flood water with a total cost of $2.85 million.","Hurricane Harvey moved onshore as a Category 4 hurricane over San Jose Island east of Rockport during the late evening of August 25th. Harvey moved inland entering southern DeWitt County during the morning of August 26th  as a Category 1 hurricane. It continued to weaken as it moved farther inland eventually reaching south central Gonzales County as a tropical storm during the late evening of August 26th. The center of the storm made a loop through Gonzales, Karnes, and DeWitt Counties before exiting our County Warning Area during the afternoon of August 27th moving into Victoria County. The maximum sustained winds were 46 mph recorded at Austin Bergstrom International Airport and at two private weather stations, one near Yorktown and the other near Smiley. The maximum recorded wind gusts were 58 mph at New Braunfels Airport, Randolph AFB, and at a private weather station near Smiley. The highest rainfall total was 29.19 inches outside of LaGrange in Fayette County. A number of places in Fayette, Lavaca, and Bastrop Counties received 20 or more inches of rain. Tropical storm force winds with estimated gusts up to 60 mph caused damage across the region. Trees and branches were knocked down by the winds. Some of these in turn knocked down power lines causing power outages in Bastrop, Comal, Hays, and Guadalupe Counties. At one point, 15,000 customers in Comal County were without power. There was also some minor structural damage in Caldwell, Comal, and Lavaca Counties. Maximum rainfall totals in these counties ranged from 4.67 inches in Bexar to 29.19 in Fayette. Flooding and flash flooding forced 608 people to be evacuated from their homes. Most of these, 400, were in Fayette County.",113
720299,CALDWELL CO.,LULING MEML ARPT,08/26/2017,2001,Flash Flood, , ,0,0,0,0,TX,CST-6, ,120216,C,55,EWX,0,0,Emergency Manager,Heavy Rain / Tropical System, , ,1,SE,1,SW,LULING MEML ARPT,08/27/2017,345,29.72,-97.64,29.7168,-97.6649,"Heavy rain from Tropical Storm Harvey produced flash flooding leading to a swift water rescue just north of Luling.","Hurricane Harvey moved onshore as a Category 4 hurricane over San Jose Island east of Rockport during the late evening of August 25th. Harvey moved inland entering southern DeWitt County during the morning of August 26th  as a Category 1 hurricane. It continued to weaken as it moved farther inland eventually reaching south central Gonzales County as a tropical storm during the late evening of August 26th. The center of the storm made a loop through Gonzales, Karnes, and DeWitt Counties before exiting our County Warning Area during the afternoon of August 27th moving into Victoria County. The maximum sustained winds were 46 mph recorded at Austin Bergstrom International Airport and at two private weather stations, one near Yorktown and the other near Smiley. The maximum recorded wind gusts were 58 mph at New Braunfels Airport, Randolph AFB, and at a private weather station near Smiley. The highest rainfall total was 29.19 inches outside of LaGrange in Fayette County. A number of places in Fayette, Lavaca, and Bastrop Counties received 20 or more inches of rain. Tropical storm force winds with estimated gusts up to 60 mph caused damage across the region. Trees and branches were knocked down by the winds. Some of these in turn knocked down power lines causing power outages in Bastrop, Comal, Hays, and Guadalupe Counties. At one point, 15,000 customers in Comal County were without power. There was also some minor structural damage in Caldwell, Comal, and Lavaca Counties. Maximum rainfall totals in these counties ranged from 4.67 inches in Bexar to 29.19 in Fayette. Flooding and flash flooding forced 608 people to be evacuated from their homes. Most of these, 400, were in Fayette County.",114
720858,HARRIS CO.,TOMBALL,08/26/2017,2015,Flash Flood, , ,0,0,0,0,TX,CST-6, ,119753,C,201,HGX,0,0,Public,Heavy Rain / Tropical System, , ,2,WNW,6,SW,FRIENDSWOOD,08/29/2017,2015,30.1123,-95.658,29.4783,-95.4932,"There were numerous water rescues within Houston and the surrounding suburbs. Roads and highways in and around Houston inundated and closed due to flash flooding. Some of the reported flooded roads in Pasadena were Vista Street, Shafer Street, Fairmont Drive and Strawberry Road.||Catastrophic flooding occurred on nearly every one of the 22 watersheds in Harris County. 10 out of the 19 bayous in the county reached record crests and flooding. There was widespread flooding along Buffalo Bayou and upstream and downstream of both Addicks and Barkers Reservoirs due to record level pool elevations. There was major flooding of hundreds of homes within numerous neighboring subdivisions along the San Jacinto River and the East Fork of the San Jacinto River. Lake Conroe's releases and backwater flow from Lake Houston also contributed to the widespread flooding across the northern and northeastern sectors of the county.","Harvey made landfall as a category 4 hurricane near Rockport, Texas during the evening of August 25th. The storm then weakened to a tropical storm and slowed,  looping back and tracking over SE Texas then back over the Gulf of Mexico making a second landfall along the Louisiana coast during the early morning hours of August 30th. Over that 5 day period over Southeast Texas TS Harvey produced catastrophic flooding with a large area of 30 to 60 inches of rain, 23 tornadoes, tropical storm force winds and a moderate storm surge near Matagorda Bay.  In some of the heavier bands rain fell at a rate of over 5 inches per hour. This copious record amount of rain over a  led to catastrophic flooding. Thousands of homes, businesses, and roads were flooded due to flash flooding and sheet flow from long duration intense rain. Main stem rivers and adjoining tributaries, creeks and bayous reached full capacity and came out of their banks and this also contributed to the massive flooding across southeastern Texas.",115
720860,HARRIS CO.,HOCKLEY,08/26/2017,2030,Flash Flood, , ,0,0,0,0,TX,CST-6, ,119753,C,201,HGX,0,0,Local Official,Heavy Rain / Tropical System, , ,3,SSE,1,N,SPRING,08/29/2017,2030,29.9887,-95.8392,30.0883,-95.419,"There were numerous water rescues within Houston and the surrounding suburbs. Roads and highways in and around Houston inundated and closed due to flash flooding.||Catastrophic flooding occurred on nearly every one of the 22 watersheds in Harris County. 10 out of the 19 bayous in the county reached record crests and flooding. There was widespread flooding along Buffalo Bayou and upstream and downstream of both Addicks and Barkers Reservoirs due to record level pool elevations. There was major flooding of hundreds of homes within numerous neighboring subdivisions along the San Jacinto River and the East Fork of the San Jacinto River. Lake Conroe's releases and backwater flow from Lake Houston also contributed to the widespread flooding across the northern and northeastern sectors of the county.","Harvey made landfall as a category 4 hurricane near Rockport, Texas during the evening of August 25th. The storm then weakened to a tropical storm and slowed,  looping back and tracking over SE Texas then back over the Gulf of Mexico making a second landfall along the Louisiana coast during the early morning hours of August 30th. Over that 5 day period over Southeast Texas TS Harvey produced catastrophic flooding with a large area of 30 to 60 inches of rain, 23 tornadoes, tropical storm force winds and a moderate storm surge near Matagorda Bay.  In some of the heavier bands rain fell at a rate of over 5 inches per hour. This copious record amount of rain over a  led to catastrophic flooding. Thousands of homes, businesses, and roads were flooded due to flash flooding and sheet flow from long duration intense rain. Main stem rivers and adjoining tributaries, creeks and bayous reached full capacity and came out of their banks and this also contributed to the massive flooding across southeastern Texas.",116
720302,BASTROP CO.,BATEMAN,08/26/2017,2038,Flash Flood, , ,0,0,0,0,TX,CST-6, ,120216,C,21,EWX,0,0,Emergency Manager,Heavy Rain / Tropical System, , ,4,NW,4,WSW,CEDAR CREEK,08/27/2017,345,30.02,-97.54,30.0543,-97.551,"Heavy rain from Tropical Storm Harvey produced flash flooding leading to a swift water rescue near Cedar Creek.","Hurricane Harvey moved onshore as a Category 4 hurricane over San Jose Island east of Rockport during the late evening of August 25th. Harvey moved inland entering southern DeWitt County during the morning of August 26th  as a Category 1 hurricane. It continued to weaken as it moved farther inland eventually reaching south central Gonzales County as a tropical storm during the late evening of August 26th. The center of the storm made a loop through Gonzales, Karnes, and DeWitt Counties before exiting our County Warning Area during the afternoon of August 27th moving into Victoria County. The maximum sustained winds were 46 mph recorded at Austin Bergstrom International Airport and at two private weather stations, one near Yorktown and the other near Smiley. The maximum recorded wind gusts were 58 mph at New Braunfels Airport, Randolph AFB, and at a private weather station near Smiley. The highest rainfall total was 29.19 inches outside of LaGrange in Fayette County. A number of places in Fayette, Lavaca, and Bastrop Counties received 20 or more inches of rain. Tropical storm force winds with estimated gusts up to 60 mph caused damage across the region. Trees and branches were knocked down by the winds. Some of these in turn knocked down power lines causing power outages in Bastrop, Comal, Hays, and Guadalupe Counties. At one point, 15,000 customers in Comal County were without power. There was also some minor structural damage in Caldwell, Comal, and Lavaca Counties. Maximum rainfall totals in these counties ranged from 4.67 inches in Bexar to 29.19 in Fayette. Flooding and flash flooding forced 608 people to be evacuated from their homes. Most of these, 400, were in Fayette County.",117
720859,GALVESTON CO.,FRIENDSWOOD,08/26/2017,2045,Flash Flood, , ,0,0,0,0,TX,CST-6, ,119753,C,167,HGX,0,0,Public,Heavy Rain / Tropical System, , ,8,NE,8,NW,LEAGUE CITY,08/29/2017,2045,29.598,-95.316,29.5905,-95.1955,"There were numerous water rescues and flooded homes within the Friendswood and Pearland areas. Roads and highways in and around these Houston suburbs were inundated and closed due to flash flooding. Mary's Creek and Cowart Creek overflowed their banks and exacerbated the flooding.||Approximately 7,000 homes and 125 businesses were impacted by flood waters across the county. Clear Creek measured record levels that lead to the widespread flooding throughout Friendswood and League City. Major flooding occurred along the Dickinson Bayou; from Cemetery Road to east of Highway 3 along FM 517. Flood waters inundated sections of Interstate 45, Bay Area Boulevard, FM 528, FM 518 and numerous primary and secondary county roads.","Harvey made landfall as a category 4 hurricane near Rockport, Texas during the evening of August 25th. The storm then weakened to a tropical storm and slowed,  looping back and tracking over SE Texas then back over the Gulf of Mexico making a second landfall along the Louisiana coast during the early morning hours of August 30th. Over that 5 day period over Southeast Texas TS Harvey produced catastrophic flooding with a large area of 30 to 60 inches of rain, 23 tornadoes, tropical storm force winds and a moderate storm surge near Matagorda Bay.  In some of the heavier bands rain fell at a rate of over 5 inches per hour. This copious record amount of rain over a  led to catastrophic flooding. Thousands of homes, businesses, and roads were flooded due to flash flooding and sheet flow from long duration intense rain. Main stem rivers and adjoining tributaries, creeks and bayous reached full capacity and came out of their banks and this also contributed to the massive flooding across southeastern Texas.",118
728395,WALKER CO.,HAWTHORNE,08/26/2017,2100,Flash Flood, , ,1,0,600000000,10000,TX,CST-6, ,119753,C,471,HGX,0,0,Emergency Manager,Heavy Rain / Tropical System, , ,2,ESE,5,E,RIVERSIDE,08/30/2017,0,30.5168,-95.3895,30.8414,-95.3449,"Slow moving Tropical Storm Harvey produced torrential rains and moderate to major flooding over portions of Walker County. Areas along the Trinity River and Bedias Creek were among the areas impacted. There were numerous road closures including FM1375, SH75 at Bedias Creek, FM1791, FM2989, and FM3478. High water occurred on Interstate 45 but it remained passable.","Harvey made landfall as a category 4 hurricane near Rockport, Texas during the evening of August 25th. The storm then weakened to a tropical storm and slowed,  looping back and tracking over SE Texas then back over the Gulf of Mexico making a second landfall along the Louisiana coast during the early morning hours of August 30th. Over that 5 day period over Southeast Texas TS Harvey produced catastrophic flooding with a large area of 30 to 60 inches of rain, 23 tornadoes, tropical storm force winds and a moderate storm surge near Matagorda Bay.  In some of the heavier bands rain fell at a rate of over 5 inches per hour. This copious record amount of rain over a  led to catastrophic flooding. Thousands of homes, businesses, and roads were flooded due to flash flooding and sheet flow from long duration intense rain. Main stem rivers and adjoining tributaries, creeks and bayous reached full capacity and came out of their banks and this also contributed to the massive flooding across southeastern Texas.",119
720865,BRAZORIA CO.,PEARLAND,08/26/2017,2135,Flash Flood, , ,0,0,2000000000,100000,TX,CST-6, ,119753,C,39,HGX,0,0,Department of Highways,Heavy Rain / Tropical System, , ,8,WNW,4,NW,DAMON,08/29/2017,2200,29.5927,-95.4067,29.3236,-95.8049,"Flash flood waters, from sheet flooding and bayous/creeks coming out of banks, completely inundated hundreds to thousands of homes and businesses. Roads and highways in and around Pearland and south into Manvel, or east of Highway 288 along Highway 6, were flooded and therefore closed for long time periods. Major record flooding of the Brazos, San Bernard and Oyster Creek caused the flooding of hundreds to thousands of vicinity homes, vehicles and businesses.  Numerous Roads and homes were inundated with flood waters on east side of Oyster Creek including the  Columbia Lakes, Mallard Lakes, Great Lakes, Riverside Estates and Bar X subdivisions as well as homes along CR 39. Other county roads that became impassable due to high flood waters include, but are not limited to, FM 1462, Highways 35 and 90, FM 950, CR 25, 380A, CR 42 and FM 521. The Phillips refinery outside of the town of Sweeny took on water from the west near Little Linville Bayou. Hanson Riverside County Park along the San Bernard River southwest of West Columbia was inundated and water over-topped the Phillips Terminal. Areas around Alvin also flooded.","Harvey made landfall as a category 4 hurricane near Rockport, Texas during the evening of August 25th. The storm then weakened to a tropical storm and slowed,  looping back and tracking over SE Texas then back over the Gulf of Mexico making a second landfall along the Louisiana coast during the early morning hours of August 30th. Over that 5 day period over Southeast Texas TS Harvey produced catastrophic flooding with a large area of 30 to 60 inches of rain, 23 tornadoes, tropical storm force winds and a moderate storm surge near Matagorda Bay.  In some of the heavier bands rain fell at a rate of over 5 inches per hour. This copious record amount of rain over a  led to catastrophic flooding. Thousands of homes, businesses, and roads were flooded due to flash flooding and sheet flow from long duration intense rain. Main stem rivers and adjoining tributaries, creeks and bayous reached full capacity and came out of their banks and this also contributed to the massive flooding across southeastern Texas.",120
720861,HARRIS CO.,JOYCE,08/26/2017,2145,Flash Flood, , ,36,0,10000000000,100000,TX,CST-6, ,119753,C,201,HGX,0,2,Emergency Manager,Heavy Rain / Tropical System, , ,1,E,1,SSW,MINNETEX,08/29/2017,2200,29.5688,-95.0139,29.6026,-95.3778,"There were numerous water rescues within Houston and the surrounding suburbs. Flood waters completely inundated thousands of homes and businesses. Roads and highways in and around Houston were flooded and therefore closed for long time periods. Catastrophic flooding occurred on nearly every one of the 22 watersheds in Harris County. 10 out of the 19 bayous in the county reached record crests and flooding. There was widespread flooding along Buffalo Bayou and upstream and downstream of both Addicks and Barkers Reservoirs due to record level pool elevations. There was major flooding of hundreds of homes within numerous neighboring subdivisions along the San Jacinto River and the East Fork of the San Jacinto River.|There were numerous water rescues within Houston and the surrounding suburbs. Roads and highways in and around Houston inundated and closed due to flash flooding. ||Some of the reported flooded roads in Pasadena were Vista Street, Shafer Street, Fairmont Drive and Strawberry Road.","Harvey made landfall as a category 4 hurricane near Rockport, Texas during the evening of August 25th. The storm then weakened to a tropical storm and slowed,  looping back and tracking over SE Texas then back over the Gulf of Mexico making a second landfall along the Louisiana coast during the early morning hours of August 30th. Over that 5 day period over Southeast Texas TS Harvey produced catastrophic flooding with a large area of 30 to 60 inches of rain, 23 tornadoes, tropical storm force winds and a moderate storm surge near Matagorda Bay.  In some of the heavier bands rain fell at a rate of over 5 inches per hour. This copious record amount of rain over a  led to catastrophic flooding. Thousands of homes, businesses, and roads were flooded due to flash flooding and sheet flow from long duration intense rain. Main stem rivers and adjoining tributaries, creeks and bayous reached full capacity and came out of their banks and this also contributed to the massive flooding across southeastern Texas.",121
720862,GALVESTON CO.,FRIENDSWOOD,08/26/2017,2200,Flash Flood, , ,0,0,0,0,TX,CST-6, ,119753,C,167,HGX,0,0,Public,Heavy Rain / Tropical System, , ,9,ENE,4,WNW,CLEAR LAKE SHORES,08/29/2017,2200,29.5736,-95.2789,29.5753,-95.097,"There were numerous water rescues within League City, Dickinson and Santa Fe. Flash flood waters, from sheet flooding and bayous/creeks coming out of banks, completely inundated hundreds to thousands of homes and businesses. Roads and highways in and around northern and central Galveston County were flooded and therefore closed for long time periods.||Approximately 7,000 homes and 125 businesses were impacted by flood waters across the county. Clear Creek measured record levels that lead to the widespread flooding throughout Friendswood and League City. Major flooding occurred along the Dickinson Bayou; from Cemetery Road to east of Highway 3 along FM 517. Flood waters inundated sections of Interstate 45, Bay Area Boulevard, FM 528, FM 518 and numerous primary and secondary county roads.","Harvey made landfall as a category 4 hurricane near Rockport, Texas during the evening of August 25th. The storm then weakened to a tropical storm and slowed,  looping back and tracking over SE Texas then back over the Gulf of Mexico making a second landfall along the Louisiana coast during the early morning hours of August 30th. Over that 5 day period over Southeast Texas TS Harvey produced catastrophic flooding with a large area of 30 to 60 inches of rain, 23 tornadoes, tropical storm force winds and a moderate storm surge near Matagorda Bay.  In some of the heavier bands rain fell at a rate of over 5 inches per hour. This copious record amount of rain over a  led to catastrophic flooding. Thousands of homes, businesses, and roads were flooded due to flash flooding and sheet flow from long duration intense rain. Main stem rivers and adjoining tributaries, creeks and bayous reached full capacity and came out of their banks and this also contributed to the massive flooding across southeastern Texas.",122
720867,HARRIS CO.,ACRE HOMES,08/26/2017,2200,Flash Flood, , ,0,0,0,0,TX,CST-6, ,119753,C,201,HGX,0,0,Public,Heavy Rain / Tropical System, , ,1,NNE,3,SSW,WEBSTER,08/29/2017,2200,29.8599,-95.4273,29.4904,-95.1313,"There were numerous water rescues within Houston and the surrounding suburbs. Flash flood waters, from sheet flooding and bayous/creeks coming out of banks, completely inundated hundreds to thousands of homes and businesses. Roads and highways in and around Houston were flooded and therefore closed for long time periods.||Catastrophic flooding occurred on nearly every one of the 22 watersheds in Harris County. 10 out of the 19 bayous in the county reached record crests and flooding. There was widespread flooding along Buffalo Bayou and upstream and downstream of both Addicks and Barkers Reservoirs due to record level pool elevations. There was major flooding of hundreds of homes within numerous neighboring subdivisions along the San Jacinto River and the East Fork of the San Jacinto River. Lake Conroe's releases and backwater flow from Lake Houston also contributed to the widespread flooding across the northern and northeastern sectors of the county.","Harvey made landfall as a category 4 hurricane near Rockport, Texas during the evening of August 25th. The storm then weakened to a tropical storm and slowed,  looping back and tracking over SE Texas then back over the Gulf of Mexico making a second landfall along the Louisiana coast during the early morning hours of August 30th. Over that 5 day period over Southeast Texas TS Harvey produced catastrophic flooding with a large area of 30 to 60 inches of rain, 23 tornadoes, tropical storm force winds and a moderate storm surge near Matagorda Bay.  In some of the heavier bands rain fell at a rate of over 5 inches per hour. This copious record amount of rain over a  led to catastrophic flooding. Thousands of homes, businesses, and roads were flooded due to flash flooding and sheet flow from long duration intense rain. Main stem rivers and adjoining tributaries, creeks and bayous reached full capacity and came out of their banks and this also contributed to the massive flooding across southeastern Texas.",123
728390,SAN JACINTO CO.,LIBERTY HILL,08/26/2017,2200,Flash Flood, , ,3,0,350000000,10000,TX,CST-6, ,119753,C,407,HGX,0,0,Emergency Manager,Heavy Rain / Tropical System, , ,14,S,0,WNW,MAYNARD,08/29/2017,1200,30.3244,-95.2048,30.5222,-95.3545,"Slow moving Tropical Storm Harvey produced very heavy rainfall and flooding over portions of San Jacinto County. Major lowland flooding occurred near the Trinity River and areas below Lake Livingston. There was a report of high water closing Marie Street in Shepherd with numerous reports of other flooded roadways around the county. Many roads and homes along the southern end of Lake Livingston were inundated. FM 3278 was inaccessible due to the inundation of flood waters. Major lowland flooding occurred on the Trinity River near Goodrich. Hundreds to thousands of homes received various levels of damage from flooding; from minor to being completely destroyed.There were 3 fatalities, all direct.","Harvey made landfall as a category 4 hurricane near Rockport, Texas during the evening of August 25th. The storm then weakened to a tropical storm and slowed,  looping back and tracking over SE Texas then back over the Gulf of Mexico making a second landfall along the Louisiana coast during the early morning hours of August 30th. Over that 5 day period over Southeast Texas TS Harvey produced catastrophic flooding with a large area of 30 to 60 inches of rain, 23 tornadoes, tropical storm force winds and a moderate storm surge near Matagorda Bay.  In some of the heavier bands rain fell at a rate of over 5 inches per hour. This copious record amount of rain over a  led to catastrophic flooding. Thousands of homes, businesses, and roads were flooded due to flash flooding and sheet flow from long duration intense rain. Main stem rivers and adjoining tributaries, creeks and bayous reached full capacity and came out of their banks and this also contributed to the massive flooding across southeastern Texas.",124
720871,GALVESTON CO.,SAN LEON,08/26/2017,2200,Flash Flood, , ,3,0,10000000000,10000,TX,CST-6, ,119753,C,167,HGX,0,3,Emergency Manager,Heavy Rain / Tropical System, , ,1,N,2,SE,TEXAS CITY,08/30/2017,0,29.4972,-94.9164,29.38,-94.8669,"There were numerous water rescues across western and central Galveston County. Flood waters completely inundated hundreds to thousands of homes and businesses in League City, Dickinson and Santa Fe.  Approximately 7,000 homes and 125 businesses were impacted by flood waters across the county. Clear Creek measured record levels that lead to the widespread flooding throughout Friendswood and League City. Major flooding occurred along the Dickinson Bayou; from Cemetery Road to east of Highway 3 along FM 517. Flood waters inundated sections of Interstate 45, Bay Area Boulevard, FM 528, FM 518 and numerous primary and secondary county roads. Approximately 7,000 homes and 125 businesses were impacted by flood waters across the county. Clear Creek measured record levels that lead to the widespread flooding throughout Friendswood and League City. Major flooding occurred along the Dickinson Bayou; from Cemetery Road to east of Highway 3 along FM 517. Flood waters inundated sections of Interstate 45, Bay Area Boulevard, FM 528, FM 518 and numerous primary and secondary county roads. There were numerous water rescues and flooded homes within the Friendswood, Pearland and Dickinson areas.","Harvey made landfall as a category 4 hurricane near Rockport, Texas during the evening of August 25th. The storm then weakened to a tropical storm and slowed,  looping back and tracking over SE Texas then back over the Gulf of Mexico making a second landfall along the Louisiana coast during the early morning hours of August 30th. Over that 5 day period over Southeast Texas TS Harvey produced catastrophic flooding with a large area of 30 to 60 inches of rain, 23 tornadoes, tropical storm force winds and a moderate storm surge near Matagorda Bay.  In some of the heavier bands rain fell at a rate of over 5 inches per hour. This copious record amount of rain over a  led to catastrophic flooding. Thousands of homes, businesses, and roads were flooded due to flash flooding and sheet flow from long duration intense rain. Main stem rivers and adjoining tributaries, creeks and bayous reached full capacity and came out of their banks and this also contributed to the massive flooding across southeastern Texas.",125
720303,BASTROP CO.,ROCKNE,08/26/2017,2225,Flash Flood, , ,0,0,0,0,TX,CST-6, ,120216,C,21,EWX,0,0,Emergency Manager,Heavy Rain / Tropical System, , ,3,NNW,3,NW,ROCKNE,08/27/2017,345,30.04,-97.46,30.0329,-97.4731,"Heavy rain from Tropical Storm Harvey produced flash flooding leading to a water rescue near Rockne.","Hurricane Harvey moved onshore as a Category 4 hurricane over San Jose Island east of Rockport during the late evening of August 25th. Harvey moved inland entering southern DeWitt County during the morning of August 26th  as a Category 1 hurricane. It continued to weaken as it moved farther inland eventually reaching south central Gonzales County as a tropical storm during the late evening of August 26th. The center of the storm made a loop through Gonzales, Karnes, and DeWitt Counties before exiting our County Warning Area during the afternoon of August 27th moving into Victoria County. The maximum sustained winds were 46 mph recorded at Austin Bergstrom International Airport and at two private weather stations, one near Yorktown and the other near Smiley. The maximum recorded wind gusts were 58 mph at New Braunfels Airport, Randolph AFB, and at a private weather station near Smiley. The highest rainfall total was 29.19 inches outside of LaGrange in Fayette County. A number of places in Fayette, Lavaca, and Bastrop Counties received 20 or more inches of rain. Tropical storm force winds with estimated gusts up to 60 mph caused damage across the region. Trees and branches were knocked down by the winds. Some of these in turn knocked down power lines causing power outages in Bastrop, Comal, Hays, and Guadalupe Counties. At one point, 15,000 customers in Comal County were without power. There was also some minor structural damage in Caldwell, Comal, and Lavaca Counties. Maximum rainfall totals in these counties ranged from 4.67 inches in Bexar to 29.19 in Fayette. Flooding and flash flooding forced 608 people to be evacuated from their homes. Most of these, 400, were in Fayette County.",126
720305,BASTROP CO.,SMITHVILLE,08/26/2017,2228,Flash Flood, , ,0,0,0,0,TX,CST-6, ,120216,C,21,EWX,0,0,Emergency Manager,Heavy Rain / Tropical System, , ,2,E,1,ESE,SMITHVILLE,08/27/2017,345,30,-97.14,29.9975,-97.1583,"Heavy rain from Tropical Storm Harvey produced flash flooding leading to a water rescue near Smithville.","Hurricane Harvey moved onshore as a Category 4 hurricane over San Jose Island east of Rockport during the late evening of August 25th. Harvey moved inland entering southern DeWitt County during the morning of August 26th  as a Category 1 hurricane. It continued to weaken as it moved farther inland eventually reaching south central Gonzales County as a tropical storm during the late evening of August 26th. The center of the storm made a loop through Gonzales, Karnes, and DeWitt Counties before exiting our County Warning Area during the afternoon of August 27th moving into Victoria County. The maximum sustained winds were 46 mph recorded at Austin Bergstrom International Airport and at two private weather stations, one near Yorktown and the other near Smiley. The maximum recorded wind gusts were 58 mph at New Braunfels Airport, Randolph AFB, and at a private weather station near Smiley. The highest rainfall total was 29.19 inches outside of LaGrange in Fayette County. A number of places in Fayette, Lavaca, and Bastrop Counties received 20 or more inches of rain. Tropical storm force winds with estimated gusts up to 60 mph caused damage across the region. Trees and branches were knocked down by the winds. Some of these in turn knocked down power lines causing power outages in Bastrop, Comal, Hays, and Guadalupe Counties. At one point, 15,000 customers in Comal County were without power. There was also some minor structural damage in Caldwell, Comal, and Lavaca Counties. Maximum rainfall totals in these counties ranged from 4.67 inches in Bexar to 29.19 in Fayette. Flooding and flash flooding forced 608 people to be evacuated from their homes. Most of these, 400, were in Fayette County.",127
720869,HARRIS CO.,HOCKLEY,08/26/2017,2230,Flash Flood, , ,0,0,0,0,TX,CST-6, ,119753,C,201,HGX,0,0,Public,Heavy Rain / Tropical System, , ,9,WNW,14,SW,KATY,08/29/2017,2230,30.0886,-95.993,29.6408,-95.9491,"There were numerous water rescues within Houston and the surrounding western suburbs. Flash flood waters, from sheet flooding and bayous/creeks coming out of banks, completely inundated hundreds to thousands of homes and businesses. Roads and highways in and around Houston were flooded and therefore closed for long time periods.||Catastrophic flooding occurred on nearly every one of the 22 watersheds in Harris County. 10 out of the 19 bayous in the county reached record crests and flooding. There was widespread flooding along Buffalo Bayou and upstream and downstream of both Addicks and Barkers Reservoirs due to record level pool elevations. There was major flooding of hundreds of homes within numerous neighboring subdivisions along the San Jacinto River and the East Fork of the San Jacinto River. Lake Conroe's releases and backwater flow from Lake Houston also contributed to the widespread flooding across the northern and northeastern sectors of the county.","Harvey made landfall as a category 4 hurricane near Rockport, Texas during the evening of August 25th. The storm then weakened to a tropical storm and slowed,  looping back and tracking over SE Texas then back over the Gulf of Mexico making a second landfall along the Louisiana coast during the early morning hours of August 30th. Over that 5 day period over Southeast Texas TS Harvey produced catastrophic flooding with a large area of 30 to 60 inches of rain, 23 tornadoes, tropical storm force winds and a moderate storm surge near Matagorda Bay.  In some of the heavier bands rain fell at a rate of over 5 inches per hour. This copious record amount of rain over a  led to catastrophic flooding. Thousands of homes, businesses, and roads were flooded due to flash flooding and sheet flow from long duration intense rain. Main stem rivers and adjoining tributaries, creeks and bayous reached full capacity and came out of their banks and this also contributed to the massive flooding across southeastern Texas.",128
720868,BRAZORIA CO.,IOWA COLONY,08/26/2017,2230,Flash Flood, , ,0,0,0,0,TX,CST-6, ,119753,C,39,HGX,0,0,Emergency Manager,Heavy Rain / Tropical System, , ,6,W,3,N,MANVEL,08/29/2017,2230,29.4853,-95.5206,29.5079,-95.3462,"There were numerous water rescues within the county; from Pearland down to the Angleton-Lake Jackson area. Flash flood waters, from sheet flooding and bayous/creeks coming out of banks, completely inundated hundreds to thousands of homes and businesses. Roads and highways in and along the Highway 288 corridor were flooded and therefore closed for long time periods.||Major record flooding of the Brazos, San Bernard and Oyster Creek caused the flooding of hundreds to thousands of vicinity homes, vehicles and businesses.  Numerous Roads and homes were inundated with flood waters on east side of Oyster Creek including the  Columbia Lakes, Mallard Lakes, Great Lakes, Riverside Estates and Bar X subdivisions as well as homes along CR 39. Other county roads that became impassable due to high flood waters include, but are not limited to, FM 1462, Highways 35 and 90, FM 950, CR 25, 380A, CR 42 and FM 521. The Phillips refinery outside of the town of Sweeny took on water from the west near Little Linville Bayou. Hanson Riverside County Park along the San Bernard River southwest of West Columbia was inundated and water over-topped the Phillips Terminal.","Harvey made landfall as a category 4 hurricane near Rockport, Texas during the evening of August 25th. The storm then weakened to a tropical storm and slowed,  looping back and tracking over SE Texas then back over the Gulf of Mexico making a second landfall along the Louisiana coast during the early morning hours of August 30th. Over that 5 day period over Southeast Texas TS Harvey produced catastrophic flooding with a large area of 30 to 60 inches of rain, 23 tornadoes, tropical storm force winds and a moderate storm surge near Matagorda Bay.  In some of the heavier bands rain fell at a rate of over 5 inches per hour. This copious record amount of rain over a  led to catastrophic flooding. Thousands of homes, businesses, and roads were flooded due to flash flooding and sheet flow from long duration intense rain. Main stem rivers and adjoining tributaries, creeks and bayous reached full capacity and came out of their banks and this also contributed to the massive flooding across southeastern Texas.",129
720306,CALDWELL CO.,BROWNSBORO,08/26/2017,2242,Flash Flood, , ,0,0,0,0,TX,CST-6, ,120216,C,55,EWX,0,0,Emergency Manager,Heavy Rain / Tropical System, , ,3,WNW,2,E,LULING MEML ARPT,08/27/2017,345,29.79,-97.64,29.7322,-97.6204,"Heavy rain from Tropical Storm Harvey produced flash flooding leading to multiple water rescues and 100 low water crossings being closed around the southern part of the county.","Hurricane Harvey moved onshore as a Category 4 hurricane over San Jose Island east of Rockport during the late evening of August 25th. Harvey moved inland entering southern DeWitt County during the morning of August 26th  as a Category 1 hurricane. It continued to weaken as it moved farther inland eventually reaching south central Gonzales County as a tropical storm during the late evening of August 26th. The center of the storm made a loop through Gonzales, Karnes, and DeWitt Counties before exiting our County Warning Area during the afternoon of August 27th moving into Victoria County. The maximum sustained winds were 46 mph recorded at Austin Bergstrom International Airport and at two private weather stations, one near Yorktown and the other near Smiley. The maximum recorded wind gusts were 58 mph at New Braunfels Airport, Randolph AFB, and at a private weather station near Smiley. The highest rainfall total was 29.19 inches outside of LaGrange in Fayette County. A number of places in Fayette, Lavaca, and Bastrop Counties received 20 or more inches of rain. Tropical storm force winds with estimated gusts up to 60 mph caused damage across the region. Trees and branches were knocked down by the winds. Some of these in turn knocked down power lines causing power outages in Bastrop, Comal, Hays, and Guadalupe Counties. At one point, 15,000 customers in Comal County were without power. There was also some minor structural damage in Caldwell, Comal, and Lavaca Counties. Maximum rainfall totals in these counties ranged from 4.67 inches in Bexar to 29.19 in Fayette. Flooding and flash flooding forced 608 people to be evacuated from their homes. Most of these, 400, were in Fayette County.",130
720413,BASTROP CO.,SMITHVILLE MUNI ARPT,08/26/2017,2256,Flash Flood, , ,0,0,0,0,TX,CST-6, ,120216,C,21,EWX,0,0,Emergency Manager,Heavy Rain / Tropical System, , ,1,SE,2,ENE,SMITHVILLE,08/27/2017,345,30.0173,-97.1554,30.0064,-97.1435,"Heavy rain from Tropical Storm Harvey produced flash flooding that closed the eastbound lanes of Hwy 71 at Smithville.","Hurricane Harvey moved onshore as a Category 4 hurricane over San Jose Island east of Rockport during the late evening of August 25th. Harvey moved inland entering southern DeWitt County during the morning of August 26th  as a Category 1 hurricane. It continued to weaken as it moved farther inland eventually reaching south central Gonzales County as a tropical storm during the late evening of August 26th. The center of the storm made a loop through Gonzales, Karnes, and DeWitt Counties before exiting our County Warning Area during the afternoon of August 27th moving into Victoria County. The maximum sustained winds were 46 mph recorded at Austin Bergstrom International Airport and at two private weather stations, one near Yorktown and the other near Smiley. The maximum recorded wind gusts were 58 mph at New Braunfels Airport, Randolph AFB, and at a private weather station near Smiley. The highest rainfall total was 29.19 inches outside of LaGrange in Fayette County. A number of places in Fayette, Lavaca, and Bastrop Counties received 20 or more inches of rain. Tropical storm force winds with estimated gusts up to 60 mph caused damage across the region. Trees and branches were knocked down by the winds. Some of these in turn knocked down power lines causing power outages in Bastrop, Comal, Hays, and Guadalupe Counties. At one point, 15,000 customers in Comal County were without power. There was also some minor structural damage in Caldwell, Comal, and Lavaca Counties. Maximum rainfall totals in these counties ranged from 4.67 inches in Bexar to 29.19 in Fayette. Flooding and flash flooding forced 608 people to be evacuated from their homes. Most of these, 400, were in Fayette County.",131
720706,HARRIS CO.,CLEAR LAKE CITY,08/26/2017,2300,Tornado, ,EF0,0,0,50000,0,TX,CST-6, ,119753,C,201,HGX,0,0,NWS Employee, ,0.03,30,1,W,1,W,CLEAR LAKE CITY,08/26/2017,2302,29.55,-95.11,29.5504,-95.11,"Damage to awning at gas station. Funnel cloud sighted in the area at the time.","Harvey made landfall as a category 4 hurricane near Rockport, Texas during the evening of August 25th. The storm then weakened to a tropical storm and slowed,  looping back and tracking over SE Texas then back over the Gulf of Mexico making a second landfall along the Louisiana coast during the early morning hours of August 30th. Over that 5 day period over Southeast Texas TS Harvey produced catastrophic flooding with a large area of 30 to 60 inches of rain, 23 tornadoes, tropical storm force winds and a moderate storm surge near Matagorda Bay.  In some of the heavier bands rain fell at a rate of over 5 inches per hour. This copious record amount of rain over a  led to catastrophic flooding. Thousands of homes, businesses, and roads were flooded due to flash flooding and sheet flow from long duration intense rain. Main stem rivers and adjoining tributaries, creeks and bayous reached full capacity and came out of their banks and this also contributed to the massive flooding across southeastern Texas.",132
720873,HARRIS CO.,CLINTON PARK,08/26/2017,2330,Flash Flood, , ,0,0,0,0,TX,CST-6, ,119753,C,201,HGX,0,0,Social Media,Heavy Rain / Tropical System, , ,0,ENE,2,SE,GREENS BAYOU,08/30/2017,0,29.7216,-95.2927,29.7305,-95.1828,"There were numerous water rescues, with people being stranded within their attics and roofs, in south Houston and surrounding communities. Flash flood waters, from sheet flooding and bayous/creeks coming out of banks, completely inundated hundreds to thousands of homes and businesses. Roads and highways in and around south Houston and Pasadena were flooded and therefore closed for long time periods.||Catastrophic flooding occurred on nearly every one of the 22 watersheds in Harris County. 10 out of the 19 bayous in the county reached record crests and flooding. There was widespread flooding along Buffalo Bayou and upstream and downstream of both Addicks and Barkers Reservoirs due to record level pool elevations. There was major flooding of hundreds of homes within numerous neighboring subdivisions along the San Jacinto River and the East Fork of the San Jacinto River. Lake Conroe's releases and backwater flow from Lake Houston also contributed to the widespread flooding across the northern and northeastern sectors of the county.","Harvey made landfall as a category 4 hurricane near Rockport, Texas during the evening of August 25th. The storm then weakened to a tropical storm and slowed,  looping back and tracking over SE Texas then back over the Gulf of Mexico making a second landfall along the Louisiana coast during the early morning hours of August 30th. Over that 5 day period over Southeast Texas TS Harvey produced catastrophic flooding with a large area of 30 to 60 inches of rain, 23 tornadoes, tropical storm force winds and a moderate storm surge near Matagorda Bay.  In some of the heavier bands rain fell at a rate of over 5 inches per hour. This copious record amount of rain over a  led to catastrophic flooding. Thousands of homes, businesses, and roads were flooded due to flash flooding and sheet flow from long duration intense rain. Main stem rivers and adjoining tributaries, creeks and bayous reached full capacity and came out of their banks and this also contributed to the massive flooding across southeastern Texas.",133
720875,COLORADO CO.,ALLEYTON,08/27/2017,0,Flash Flood, , ,0,0,0,0,TX,CST-6, ,119753,C,89,HGX,0,0,Department of Highways,Heavy Rain / Tropical System, , ,3,ENE,1,N,BERNARDO,08/27/2017,245,29.7337,-96.4371,29.7808,-96.3807,"Flash flooding closed sections of FM 949 just off of Interstate 10.","Harvey made landfall as a category 4 hurricane near Rockport, Texas during the evening of August 25th. The storm then weakened to a tropical storm and slowed,  looping back and tracking over SE Texas then back over the Gulf of Mexico making a second landfall along the Louisiana coast during the early morning hours of August 30th. Over that 5 day period over Southeast Texas TS Harvey produced catastrophic flooding with a large area of 30 to 60 inches of rain, 23 tornadoes, tropical storm force winds and a moderate storm surge near Matagorda Bay.  In some of the heavier bands rain fell at a rate of over 5 inches per hour. This copious record amount of rain over a  led to catastrophic flooding. Thousands of homes, businesses, and roads were flooded due to flash flooding and sheet flow from long duration intense rain. Main stem rivers and adjoining tributaries, creeks and bayous reached full capacity and came out of their banks and this also contributed to the massive flooding across southeastern Texas.",134
720415,BASTROP CO.,SMITHVILLE,08/27/2017,10,Flash Flood, , ,0,0,0,0,TX,CST-6, ,120216,C,21,EWX,0,0,Emergency Manager,Heavy Rain / Tropical System, , ,1,E,1,NNE,SMITHVILLE,08/27/2017,345,30,-97.15,30.0085,-97.1676,"Heavy rain from Tropical Storm Harvey produced flash flooding leading to a swift water rescue in Smithville.","Hurricane Harvey moved onshore as a Category 4 hurricane over San Jose Island east of Rockport during the late evening of August 25th. Harvey moved inland entering southern DeWitt County during the morning of August 26th  as a Category 1 hurricane. It continued to weaken as it moved farther inland eventually reaching south central Gonzales County as a tropical storm during the late evening of August 26th. The center of the storm made a loop through Gonzales, Karnes, and DeWitt Counties before exiting our County Warning Area during the afternoon of August 27th moving into Victoria County. The maximum sustained winds were 46 mph recorded at Austin Bergstrom International Airport and at two private weather stations, one near Yorktown and the other near Smiley. The maximum recorded wind gusts were 58 mph at New Braunfels Airport, Randolph AFB, and at a private weather station near Smiley. The highest rainfall total was 29.19 inches outside of LaGrange in Fayette County. A number of places in Fayette, Lavaca, and Bastrop Counties received 20 or more inches of rain. Tropical storm force winds with estimated gusts up to 60 mph caused damage across the region. Trees and branches were knocked down by the winds. Some of these in turn knocked down power lines causing power outages in Bastrop, Comal, Hays, and Guadalupe Counties. At one point, 15,000 customers in Comal County were without power. There was also some minor structural damage in Caldwell, Comal, and Lavaca Counties. Maximum rainfall totals in these counties ranged from 4.67 inches in Bexar to 29.19 in Fayette. Flooding and flash flooding forced 608 people to be evacuated from their homes. Most of these, 400, were in Fayette County.",135
720416,BASTROP CO.,SMITHVILLE MUNI ARPT,08/27/2017,13,Flash Flood, , ,0,0,0,0,TX,CST-6, ,120216,C,21,EWX,0,0,Emergency Manager,Heavy Rain / Tropical System, , ,1,S,2,SE,SMITHVILLE MUNI ARPT,08/27/2017,345,30.02,-97.17,30.0162,-97.1494,"Heavy rain from Tropical Storm Harvey produced flash flooding leading to a swift water rescue and several residences being surrounded by flood water in Smithville.","Hurricane Harvey moved onshore as a Category 4 hurricane over San Jose Island east of Rockport during the late evening of August 25th. Harvey moved inland entering southern DeWitt County during the morning of August 26th  as a Category 1 hurricane. It continued to weaken as it moved farther inland eventually reaching south central Gonzales County as a tropical storm during the late evening of August 26th. The center of the storm made a loop through Gonzales, Karnes, and DeWitt Counties before exiting our County Warning Area during the afternoon of August 27th moving into Victoria County. The maximum sustained winds were 46 mph recorded at Austin Bergstrom International Airport and at two private weather stations, one near Yorktown and the other near Smiley. The maximum recorded wind gusts were 58 mph at New Braunfels Airport, Randolph AFB, and at a private weather station near Smiley. The highest rainfall total was 29.19 inches outside of LaGrange in Fayette County. A number of places in Fayette, Lavaca, and Bastrop Counties received 20 or more inches of rain. Tropical storm force winds with estimated gusts up to 60 mph caused damage across the region. Trees and branches were knocked down by the winds. Some of these in turn knocked down power lines causing power outages in Bastrop, Comal, Hays, and Guadalupe Counties. At one point, 15,000 customers in Comal County were without power. There was also some minor structural damage in Caldwell, Comal, and Lavaca Counties. Maximum rainfall totals in these counties ranged from 4.67 inches in Bexar to 29.19 in Fayette. Flooding and flash flooding forced 608 people to be evacuated from their homes. Most of these, 400, were in Fayette County.",136
720418,BASTROP CO.,SMITHVILLE,08/27/2017,15,Flash Flood, , ,0,0,0,0,TX,CST-6, ,120216,C,21,EWX,0,0,Emergency Manager,Heavy Rain / Tropical System, , ,1,E,0,ENE,SMITHVILLE,08/27/2017,345,30,-97.15,30.0018,-97.1622,"Heavy rain from Tropical Storm Harvey produced flash flooding leading to a swift water rescue in Smithville.","Hurricane Harvey moved onshore as a Category 4 hurricane over San Jose Island east of Rockport during the late evening of August 25th. Harvey moved inland entering southern DeWitt County during the morning of August 26th  as a Category 1 hurricane. It continued to weaken as it moved farther inland eventually reaching south central Gonzales County as a tropical storm during the late evening of August 26th. The center of the storm made a loop through Gonzales, Karnes, and DeWitt Counties before exiting our County Warning Area during the afternoon of August 27th moving into Victoria County. The maximum sustained winds were 46 mph recorded at Austin Bergstrom International Airport and at two private weather stations, one near Yorktown and the other near Smiley. The maximum recorded wind gusts were 58 mph at New Braunfels Airport, Randolph AFB, and at a private weather station near Smiley. The highest rainfall total was 29.19 inches outside of LaGrange in Fayette County. A number of places in Fayette, Lavaca, and Bastrop Counties received 20 or more inches of rain. Tropical storm force winds with estimated gusts up to 60 mph caused damage across the region. Trees and branches were knocked down by the winds. Some of these in turn knocked down power lines causing power outages in Bastrop, Comal, Hays, and Guadalupe Counties. At one point, 15,000 customers in Comal County were without power. There was also some minor structural damage in Caldwell, Comal, and Lavaca Counties. Maximum rainfall totals in these counties ranged from 4.67 inches in Bexar to 29.19 in Fayette. Flooding and flash flooding forced 608 people to be evacuated from their homes. Most of these, 400, were in Fayette County.",137
720876,GRIMES CO.,NAVASOTA,08/27/2017,30,Flash Flood, , ,0,0,0,0,TX,CST-6, ,119753,C,185,HGX,0,0,Department of Highways,Heavy Rain / Tropical System, , ,1,WNW,2,NE,NAVASOTA,08/27/2017,300,30.3855,-96.0897,30.3964,-96.0593,"Flooding inundated roadways in Navasota. Road 515 at Highway 105 was covered with flood waters and impassable.","Harvey made landfall as a category 4 hurricane near Rockport, Texas during the evening of August 25th. The storm then weakened to a tropical storm and slowed,  looping back and tracking over SE Texas then back over the Gulf of Mexico making a second landfall along the Louisiana coast during the early morning hours of August 30th. Over that 5 day period over Southeast Texas TS Harvey produced catastrophic flooding with a large area of 30 to 60 inches of rain, 23 tornadoes, tropical storm force winds and a moderate storm surge near Matagorda Bay.  In some of the heavier bands rain fell at a rate of over 5 inches per hour. This copious record amount of rain over a  led to catastrophic flooding. Thousands of homes, businesses, and roads were flooded due to flash flooding and sheet flow from long duration intense rain. Main stem rivers and adjoining tributaries, creeks and bayous reached full capacity and came out of their banks and this also contributed to the massive flooding across southeastern Texas.",138
720878,GALVESTON CO.,LEAGUE CITY S S ARPT,08/27/2017,40,Flash Flood, , ,0,0,0,0,TX,CST-6, ,119753,C,167,HGX,0,0,Public,Heavy Rain / Tropical System, , ,2,NNW,4,SSE,LEAGUE CITY S S ARPT,08/30/2017,0,29.5039,-95.1382,29.4347,-95.0995,"There were numerous water rescues within League City and Dickinson. Flash flood waters, from sheet flooding and bayous/creeks coming out of banks, completely inundated hundreds to thousands of homes and businesses. Roads and highways such as but not limited to Calder and Walker Streets, Highway 96, FM 518, FM 517, sections of Highway 3 and FM 646 in and around  League City and Dickinson were flooded and therefore closed for long time periods.||Approximately 7,000 homes and 125 businesses were impacted by flood waters across the county. Clear Creek measured record levels that lead to the widespread flooding throughout Friendswood and League City. Major flooding occurred along the Dickinson Bayou; from Cemetery Road to east of Highway 3 along FM 517. Flood waters inundated sections of Interstate 45, Bay Area Boulevard, FM 528, FM 518 and numerous primary and secondary county roads.","Harvey made landfall as a category 4 hurricane near Rockport, Texas during the evening of August 25th. The storm then weakened to a tropical storm and slowed,  looping back and tracking over SE Texas then back over the Gulf of Mexico making a second landfall along the Louisiana coast during the early morning hours of August 30th. Over that 5 day period over Southeast Texas TS Harvey produced catastrophic flooding with a large area of 30 to 60 inches of rain, 23 tornadoes, tropical storm force winds and a moderate storm surge near Matagorda Bay.  In some of the heavier bands rain fell at a rate of over 5 inches per hour. This copious record amount of rain over a  led to catastrophic flooding. Thousands of homes, businesses, and roads were flooded due to flash flooding and sheet flow from long duration intense rain. Main stem rivers and adjoining tributaries, creeks and bayous reached full capacity and came out of their banks and this also contributed to the massive flooding across southeastern Texas.",139
720707,WHARTON CO.,EAST BERNARD,08/27/2017,43,Tornado, ,EF1,0,0,300000,0,TX,CST-6, ,119753,C,481,HGX,0,0,NWS Storm Survey, ,2.27,50,1,ESE,1,NNW,EAST BERNARD,08/27/2017,47,29.5246,-96.0669,29.548,-96.0934,"Tornado began as a weak EF0 in East Bernard then tracked NW across SH 90 where it strengthened to EF1 snapping the trunks of several large mature oak and pecan trees. A house suffered significant brick facade damage to one side of the home. Four apartments were damaged on college street.","Harvey made landfall as a category 4 hurricane near Rockport, Texas during the evening of August 25th. The storm then weakened to a tropical storm and slowed,  looping back and tracking over SE Texas then back over the Gulf of Mexico making a second landfall along the Louisiana coast during the early morning hours of August 30th. Over that 5 day period over Southeast Texas TS Harvey produced catastrophic flooding with a large area of 30 to 60 inches of rain, 23 tornadoes, tropical storm force winds and a moderate storm surge near Matagorda Bay.  In some of the heavier bands rain fell at a rate of over 5 inches per hour. This copious record amount of rain over a  led to catastrophic flooding. Thousands of homes, businesses, and roads were flooded due to flash flooding and sheet flow from long duration intense rain. Main stem rivers and adjoining tributaries, creeks and bayous reached full capacity and came out of their banks and this also contributed to the massive flooding across southeastern Texas.",140
720880,WHARTON CO.,LISSIE,08/27/2017,145,Flash Flood, , ,0,0,0,0,TX,CST-6, ,119753,C,481,HGX,0,0,Department of Highways,Heavy Rain / Tropical System, , ,4,NE,1,WSW,EL CAMPO ARPT,08/27/2017,630,29.5915,-96.1949,29.2651,-96.3364,"Sections of FM 1164 near Highway 90 were closed due to inundating flood waters.||There widespread catastrophic flooding from both the Colorado and San Bernard Rivers. Highway 59 was closed due to the flooding of the Colorado River between Hungerford and El Campo. Major flooding occurred along the Colorado River in the town of Wharton with homes, businesses and vehicles being inundated along the River Reach, Hobben Oaks, Bear Bottom, Elm Grove, River Valley and Pecan Valley subdivisions. County wide flooding of roads include, but are not limited to, Sunset Street, Elm Street, FM 102, North Alabama Road, US 59, CR 135, CR 150, CR 166, CR 133, CR 153, CR 102, CR 232, CR 244, CR 228, CR 137, FM 249 and FM 640. There was significant home flooding in the towns of Glenflora, Peach Acres and Orchard. The San Bernard River flooding caused sections of roads Highway 90A, FM 2919, FM 442, CR 151, CR 1096 and CR 1010 to go under water.","Harvey made landfall as a category 4 hurricane near Rockport, Texas during the evening of August 25th. The storm then weakened to a tropical storm and slowed,  looping back and tracking over SE Texas then back over the Gulf of Mexico making a second landfall along the Louisiana coast during the early morning hours of August 30th. Over that 5 day period over Southeast Texas TS Harvey produced catastrophic flooding with a large area of 30 to 60 inches of rain, 23 tornadoes, tropical storm force winds and a moderate storm surge near Matagorda Bay.  In some of the heavier bands rain fell at a rate of over 5 inches per hour. This copious record amount of rain over a  led to catastrophic flooding. Thousands of homes, businesses, and roads were flooded due to flash flooding and sheet flow from long duration intense rain. Main stem rivers and adjoining tributaries, creeks and bayous reached full capacity and came out of their banks and this also contributed to the massive flooding across southeastern Texas.",141
720882,MATAGORDA CO.,PLEDGER,08/27/2017,200,Flash Flood, , ,0,0,0,0,TX,CST-6, ,119753,C,321,HGX,0,0,Department of Highways,Heavy Rain / Tropical System, , ,2,SW,2,SSW,PLEDGER,08/27/2017,515,29.193,-95.9209,29.1976,-95.906,"High rainfall lead to the flash flooding and eventual closure of FM 1301 at FM 1728 in Pledger.","Harvey made landfall as a category 4 hurricane near Rockport, Texas during the evening of August 25th. The storm then weakened to a tropical storm and slowed,  looping back and tracking over SE Texas then back over the Gulf of Mexico making a second landfall along the Louisiana coast during the early morning hours of August 30th. Over that 5 day period over Southeast Texas TS Harvey produced catastrophic flooding with a large area of 30 to 60 inches of rain, 23 tornadoes, tropical storm force winds and a moderate storm surge near Matagorda Bay.  In some of the heavier bands rain fell at a rate of over 5 inches per hour. This copious record amount of rain over a  led to catastrophic flooding. Thousands of homes, businesses, and roads were flooded due to flash flooding and sheet flow from long duration intense rain. Main stem rivers and adjoining tributaries, creeks and bayous reached full capacity and came out of their banks and this also contributed to the massive flooding across southeastern Texas.",142
720885,GRIMES CO.,TODD MISSION,08/27/2017,300,Flash Flood, , ,0,0,0,0,TX,CST-6, ,119753,C,185,HGX,0,0,Department of Highways,Heavy Rain / Tropical System, , ,3,SE,6,ESE,TODD MISSION,08/27/2017,530,30.2342,-95.7932,30.2333,-95.739,"Flash flooding caused road closures around Magnolia. Roads FM 1784 and FM 1486 were inundated with flood waters and closed.","Harvey made landfall as a category 4 hurricane near Rockport, Texas during the evening of August 25th. The storm then weakened to a tropical storm and slowed,  looping back and tracking over SE Texas then back over the Gulf of Mexico making a second landfall along the Louisiana coast during the early morning hours of August 30th. Over that 5 day period over Southeast Texas TS Harvey produced catastrophic flooding with a large area of 30 to 60 inches of rain, 23 tornadoes, tropical storm force winds and a moderate storm surge near Matagorda Bay.  In some of the heavier bands rain fell at a rate of over 5 inches per hour. This copious record amount of rain over a  led to catastrophic flooding. Thousands of homes, businesses, and roads were flooded due to flash flooding and sheet flow from long duration intense rain. Main stem rivers and adjoining tributaries, creeks and bayous reached full capacity and came out of their banks and this also contributed to the massive flooding across southeastern Texas.",143
720709,GALVESTON CO.,KEMAH,08/27/2017,303,Tornado, ,EF0,0,0,200000,0,TX,CST-6, ,119753,C,167,HGX,0,0,Emergency Manager, ,0.73,30,2,SSE,1,ESE,KEMAH,08/27/2017,307,29.5106,-95.0057,29.52,-95,"Trees down, minor roof damage in Bacliff. Fences down.","Harvey made landfall as a category 4 hurricane near Rockport, Texas during the evening of August 25th. The storm then weakened to a tropical storm and slowed,  looping back and tracking over SE Texas then back over the Gulf of Mexico making a second landfall along the Louisiana coast during the early morning hours of August 30th. Over that 5 day period over Southeast Texas TS Harvey produced catastrophic flooding with a large area of 30 to 60 inches of rain, 23 tornadoes, tropical storm force winds and a moderate storm surge near Matagorda Bay.  In some of the heavier bands rain fell at a rate of over 5 inches per hour. This copious record amount of rain over a  led to catastrophic flooding. Thousands of homes, businesses, and roads were flooded due to flash flooding and sheet flow from long duration intense rain. Main stem rivers and adjoining tributaries, creeks and bayous reached full capacity and came out of their banks and this also contributed to the massive flooding across southeastern Texas.",144
720420,FAYETTE CO.,NECHANITZ,08/27/2017,312,Flash Flood, , ,0,0,0,0,TX,CST-6, ,120216,C,149,EWX,0,0,Emergency Manager,Heavy Rain / Tropical System, , ,3,SSW,2,SE,WINCHESTER,08/27/2017,445,29.9872,-96.8349,30.0014,-96.9997,"Heavy rain from Tropical Storm Harvey produced flash flooding closing numerous roads around the county.","Hurricane Harvey moved onshore as a Category 4 hurricane over San Jose Island east of Rockport during the late evening of August 25th. Harvey moved inland entering southern DeWitt County during the morning of August 26th  as a Category 1 hurricane. It continued to weaken as it moved farther inland eventually reaching south central Gonzales County as a tropical storm during the late evening of August 26th. The center of the storm made a loop through Gonzales, Karnes, and DeWitt Counties before exiting our County Warning Area during the afternoon of August 27th moving into Victoria County. The maximum sustained winds were 46 mph recorded at Austin Bergstrom International Airport and at two private weather stations, one near Yorktown and the other near Smiley. The maximum recorded wind gusts were 58 mph at New Braunfels Airport, Randolph AFB, and at a private weather station near Smiley. The highest rainfall total was 29.19 inches outside of LaGrange in Fayette County. A number of places in Fayette, Lavaca, and Bastrop Counties received 20 or more inches of rain. Tropical storm force winds with estimated gusts up to 60 mph caused damage across the region. Trees and branches were knocked down by the winds. Some of these in turn knocked down power lines causing power outages in Bastrop, Comal, Hays, and Guadalupe Counties. At one point, 15,000 customers in Comal County were without power. There was also some minor structural damage in Caldwell, Comal, and Lavaca Counties. Maximum rainfall totals in these counties ranged from 4.67 inches in Bexar to 29.19 in Fayette. Flooding and flash flooding forced 608 people to be evacuated from their homes. Most of these, 400, were in Fayette County.",145
721080,WALKER CO.,HAWTHORNE,08/27/2017,345,Flash Flood, , ,0,0,0,0,TX,CST-6, ,119753,C,471,HGX,0,0,Department of Highways,Heavy Rain / Tropical System, , ,7,E,6,S,LOMA,08/27/2017,1100,30.5162,-95.3078,30.5333,-95.7713,"Portions of FM 1791 southwest of Huntsville and FM 1375 west of New Waverly were closed due to flood waters inundating the roadway.||Moderate flooding occurred along the Trinity River. Roads in the Deep River Plantation and Green Rich Shores subdivisions along Highway 980 and FM 3478, with the lowest homes in the Green Rich Shores subdivision, flooded. There was major lowland flooding along Bedias Creek that caused some roads to become inaccessible.","Harvey made landfall as a category 4 hurricane near Rockport, Texas during the evening of August 25th. The storm then weakened to a tropical storm and slowed,  looping back and tracking over SE Texas then back over the Gulf of Mexico making a second landfall along the Louisiana coast during the early morning hours of August 30th. Over that 5 day period over Southeast Texas TS Harvey produced catastrophic flooding with a large area of 30 to 60 inches of rain, 23 tornadoes, tropical storm force winds and a moderate storm surge near Matagorda Bay.  In some of the heavier bands rain fell at a rate of over 5 inches per hour. This copious record amount of rain over a  led to catastrophic flooding. Thousands of homes, businesses, and roads were flooded due to flash flooding and sheet flow from long duration intense rain. Main stem rivers and adjoining tributaries, creeks and bayous reached full capacity and came out of their banks and this also contributed to the massive flooding across southeastern Texas.",146
721083,LIBERTY CO.,COTTONWOOD,08/27/2017,345,Flash Flood, , ,0,0,0,0,TX,CST-6, ,119753,C,291,HGX,0,0,Social Media,Heavy Rain / Tropical System, , ,6,WNW,7,N,RYE STATION,08/27/2017,1100,29.9409,-94.6115,30.5482,-94.7543,"Roadways SH 321 at US 90, the exit ramp at FM 1010 from the SH 105 and US 59 southbound were closed due to flooding.||There was record level, major flooding along the Trinity River with numerous flooded roads near the river including FM 787. Many homes were flooded north of the town of Liberty. Major flooding was also observed on the east fork of the San Jacinto River that caused significant flooding in Cleveland, Williams and Plum Grove. Numerous homes and businesses along the Highway 59 feeder roads, various roads in the town of Liberty, Wallace Road off of Highway 146, FM 1725, FM 2090, CR 388, CR 381, CR 3880, CR 332, CR 3664, CR 361, CR 3610, CR 3611, CR 3661, CR 349, CR 3612 and CR 3600 were flooded.","Harvey made landfall as a category 4 hurricane near Rockport, Texas during the evening of August 25th. The storm then weakened to a tropical storm and slowed,  looping back and tracking over SE Texas then back over the Gulf of Mexico making a second landfall along the Louisiana coast during the early morning hours of August 30th. Over that 5 day period over Southeast Texas TS Harvey produced catastrophic flooding with a large area of 30 to 60 inches of rain, 23 tornadoes, tropical storm force winds and a moderate storm surge near Matagorda Bay.  In some of the heavier bands rain fell at a rate of over 5 inches per hour. This copious record amount of rain over a  led to catastrophic flooding. Thousands of homes, businesses, and roads were flooded due to flash flooding and sheet flow from long duration intense rain. Main stem rivers and adjoining tributaries, creeks and bayous reached full capacity and came out of their banks and this also contributed to the massive flooding across southeastern Texas.",147
721082,CHAMBERS CO.,BEACH CITY,08/27/2017,345,Flash Flood, , ,0,0,0,0,TX,CST-6, ,119753,C,71,HGX,0,0,Social Media,Heavy Rain / Tropical System, , ,6,NNW,3,SSW,EMINENCE,08/27/2017,1100,29.7388,-94.9528,29.7955,-94.7145,"Sections of I-10, FM 565 at I-10 and SH 146 at Cherry Point Drive were all flooded and therefore closed across the county.||Major lowland flooding occurred along the Trinity River. Extensive flooding was observed in the Milam Bend subdivision (Baytown) along Cedar Bayou.","Harvey made landfall as a category 4 hurricane near Rockport, Texas during the evening of August 25th. The storm then weakened to a tropical storm and slowed,  looping back and tracking over SE Texas then back over the Gulf of Mexico making a second landfall along the Louisiana coast during the early morning hours of August 30th. Over that 5 day period over Southeast Texas TS Harvey produced catastrophic flooding with a large area of 30 to 60 inches of rain, 23 tornadoes, tropical storm force winds and a moderate storm surge near Matagorda Bay.  In some of the heavier bands rain fell at a rate of over 5 inches per hour. This copious record amount of rain over a  led to catastrophic flooding. Thousands of homes, businesses, and roads were flooded due to flash flooding and sheet flow from long duration intense rain. Main stem rivers and adjoining tributaries, creeks and bayous reached full capacity and came out of their banks and this also contributed to the massive flooding across southeastern Texas.",148
721081,GALVESTON CO.,LEAGUE CITY S S ARPT,08/27/2017,400,Flash Flood, , ,0,0,0,0,TX,CST-6, ,119753,C,167,HGX,0,0,Public,Heavy Rain / Tropical System, , ,9,NW,8,NW,ALGOA,08/27/2017,930,29.561,-95.2535,29.4916,-95.2855,"Numerous flooded homes, businesses and vehicles around Friendswood from run off sheet flooding and from Mary's Creek and Clear Creek coming out of banks.||Approximately 7,000 homes and 125 businesses were impacted by flood waters across the county. Clear Creek measured record levels that lead to the widespread flooding throughout Friendswood and League City. Major flooding occurred along the Dickinson Bayou; from Cemetery Road to east of Highway 3 along FM 517. Flood waters inundated sections of Interstate 45, Bay Area Boulevard, FM 528, FM 518 and numerous primary and secondary county roads.","Harvey made landfall as a category 4 hurricane near Rockport, Texas during the evening of August 25th. The storm then weakened to a tropical storm and slowed,  looping back and tracking over SE Texas then back over the Gulf of Mexico making a second landfall along the Louisiana coast during the early morning hours of August 30th. Over that 5 day period over Southeast Texas TS Harvey produced catastrophic flooding with a large area of 30 to 60 inches of rain, 23 tornadoes, tropical storm force winds and a moderate storm surge near Matagorda Bay.  In some of the heavier bands rain fell at a rate of over 5 inches per hour. This copious record amount of rain over a  led to catastrophic flooding. Thousands of homes, businesses, and roads were flooded due to flash flooding and sheet flow from long duration intense rain. Main stem rivers and adjoining tributaries, creeks and bayous reached full capacity and came out of their banks and this also contributed to the massive flooding across southeastern Texas.",149
728921,AUSTIN CO.,WALLIS,08/27/2017,457,Flash Flood, , ,0,0,100000,50000,TX,CST-6, ,119753,C,15,HGX,0,0,Department of Highways,Heavy Rain / Tropical System, , ,0,N,4,ENE,FRYDEK,08/29/2017,1600,29.62,-96.07,29.7705,-96.0439,"Numerous roads closed due to flooding including but not limited to FM109, FM 331, FM 2429, FM 1093 and SH 36. Moderate, yet record, flooding along the Brazos at San|Felipe caused several homes to flood along FM 1458. Inundation ranged from 4 to 7 feet of water. Minimal impacts were observed at Mill creek near Bellville. No impacts were observed from the minor flooding at the Brazos river near Hempstead.","Harvey made landfall as a category 4 hurricane near Rockport, Texas during the evening of August 25th. The storm then weakened to a tropical storm and slowed,  looping back and tracking over SE Texas then back over the Gulf of Mexico making a second landfall along the Louisiana coast during the early morning hours of August 30th. Over that 5 day period over Southeast Texas TS Harvey produced catastrophic flooding with a large area of 30 to 60 inches of rain, 23 tornadoes, tropical storm force winds and a moderate storm surge near Matagorda Bay.  In some of the heavier bands rain fell at a rate of over 5 inches per hour. This copious record amount of rain over a  led to catastrophic flooding. Thousands of homes, businesses, and roads were flooded due to flash flooding and sheet flow from long duration intense rain. Main stem rivers and adjoining tributaries, creeks and bayous reached full capacity and came out of their banks and this also contributed to the massive flooding across southeastern Texas.",150
720447,CALDWELL CO.,LULING,08/27/2017,639,Flash Flood, , ,0,0,0,0,TX,CST-6, ,120216,C,55,EWX,0,0,Emergency Manager,Heavy Rain / Tropical System, , ,3,ENE,2,E,LULING,08/28/2017,445,29.6896,-97.6015,29.6848,-97.6125,"Heavy rain from Tropical Storm Harvey produced flash flooding leading to a water rescue on FM 1322 outside of Luling.","Hurricane Harvey moved onshore as a Category 4 hurricane over San Jose Island east of Rockport during the late evening of August 25th. Harvey moved inland entering southern DeWitt County during the morning of August 26th  as a Category 1 hurricane. It continued to weaken as it moved farther inland eventually reaching south central Gonzales County as a tropical storm during the late evening of August 26th. The center of the storm made a loop through Gonzales, Karnes, and DeWitt Counties before exiting our County Warning Area during the afternoon of August 27th moving into Victoria County. The maximum sustained winds were 46 mph recorded at Austin Bergstrom International Airport and at two private weather stations, one near Yorktown and the other near Smiley. The maximum recorded wind gusts were 58 mph at New Braunfels Airport, Randolph AFB, and at a private weather station near Smiley. The highest rainfall total was 29.19 inches outside of LaGrange in Fayette County. A number of places in Fayette, Lavaca, and Bastrop Counties received 20 or more inches of rain. Tropical storm force winds with estimated gusts up to 60 mph caused damage across the region. Trees and branches were knocked down by the winds. Some of these in turn knocked down power lines causing power outages in Bastrop, Comal, Hays, and Guadalupe Counties. At one point, 15,000 customers in Comal County were without power. There was also some minor structural damage in Caldwell, Comal, and Lavaca Counties. Maximum rainfall totals in these counties ranged from 4.67 inches in Bexar to 29.19 in Fayette. Flooding and flash flooding forced 608 people to be evacuated from their homes. Most of these, 400, were in Fayette County.",151
719342,JEFFERSON CO.,GRIFFING,08/27/2017,712,Flash Flood, , ,5,1,3000000000,0,TX,CST-6, ,119746,C,245,LCH,0,0,Emergency Manager,Heavy Rain / Tropical System, , ,2,NNE,17,SSW,HAMSHIRE,08/30/2017,1600,29.7808,-93.9376,29.6118,-94.3602,"Widespread and long duration rainfall produced a storm total rainfall over 40 inches across a large portion of the county. The highest rainfall totals in Jefferson County were 60.58 inches 1.5 mile southwest of Nederland and 60.54 inches 1.3 mile north of Groves. This resulted in over 64,000 homes being flooded. The hardest hit areas were Port Arthur, Groves, Bevil Oaks, Hamphire, Fannet, China, and northeast Beaumont.  Several refineries in the county also received floodwaters and were offline for an extended period. City and county infrastructure was also damaged with water pumps and treatment plants being inundated. Record crests were observed along Pine Island and the lower Neches. 5 deaths were reported by flooding.","Harvey moved across the Gulf of Mexico into the central Texas Coast during the last week of August. After the initial landfall, the cyclone moved back into the gulf a couple days later and then made another landfall in Southwest Louisiana during the morning of the 30th. The first rains from the system moved across the region during the afternoon of the 25th and finally ended during the morning of September 1. One to 5 feet of rain fell across Southeast Texas during the week which in some cases was slightly more than a normal yearly rainfall total. Widespread flooding occurred and a new rainfall record was set regarding the total for a tropical cyclone in the United States.",152
720710,HARRIS CO.,BELLAIRE JCT,08/27/2017,915,Tornado, ,EF0,0,0,50000,0,TX,CST-6, ,119753,C,201,HGX,0,0,Broadcast Media, ,0.08,20,2,E,2,E,BELLAIRE JCT,08/27/2017,916,29.717,-95.4151,29.7174,-95.4164,"Windows blown out Torchy's Tacos.","Harvey made landfall as a category 4 hurricane near Rockport, Texas during the evening of August 25th. The storm then weakened to a tropical storm and slowed,  looping back and tracking over SE Texas then back over the Gulf of Mexico making a second landfall along the Louisiana coast during the early morning hours of August 30th. Over that 5 day period over Southeast Texas TS Harvey produced catastrophic flooding with a large area of 30 to 60 inches of rain, 23 tornadoes, tropical storm force winds and a moderate storm surge near Matagorda Bay.  In some of the heavier bands rain fell at a rate of over 5 inches per hour. This copious record amount of rain over a  led to catastrophic flooding. Thousands of homes, businesses, and roads were flooded due to flash flooding and sheet flow from long duration intense rain. Main stem rivers and adjoining tributaries, creeks and bayous reached full capacity and came out of their banks and this also contributed to the massive flooding across southeastern Texas.",153
721084,HARRIS CO.,WHITE OAK ACRES,08/27/2017,1000,Flash Flood, , ,0,0,0,0,TX,CST-6, ,119753,C,201,HGX,0,0,Broadcast Media,Heavy Rain / Tropical System, , ,2,ESE,1,W,HOUSTON HGTS,08/28/2017,1000,29.8067,-95.4204,29.7525,-95.4228,"The local media reported over 2,000 high water rescues within the warned area.||Catastrophic flooding occurred on nearly every one of the 22 watersheds in Harris County. 10 out of the 19 bayous in the county reached record crests and flooding. There was widespread flooding along Buffalo Bayou and upstream and downstream of both Addicks and Barkers Reservoirs due to record level pool elevations. There was major flooding of hundreds of homes within numerous neighboring subdivisions along the San Jacinto River and the East Fork of the San Jacinto River. Lake Conroe's releases and backwater flow from Lake Houston also contributed to the widespread flooding across the northern and northeastern sectors of the county.","Harvey made landfall as a category 4 hurricane near Rockport, Texas during the evening of August 25th. The storm then weakened to a tropical storm and slowed,  looping back and tracking over SE Texas then back over the Gulf of Mexico making a second landfall along the Louisiana coast during the early morning hours of August 30th. Over that 5 day period over Southeast Texas TS Harvey produced catastrophic flooding with a large area of 30 to 60 inches of rain, 23 tornadoes, tropical storm force winds and a moderate storm surge near Matagorda Bay.  In some of the heavier bands rain fell at a rate of over 5 inches per hour. This copious record amount of rain over a  led to catastrophic flooding. Thousands of homes, businesses, and roads were flooded due to flash flooding and sheet flow from long duration intense rain. Main stem rivers and adjoining tributaries, creeks and bayous reached full capacity and came out of their banks and this also contributed to the massive flooding across southeastern Texas.",154
720448,CALDWELL CO.,UHLAND,08/27/2017,1114,Flash Flood, , ,0,0,0,0,TX,CST-6, ,120216,C,55,EWX,0,0,Emergency Manager,Heavy Rain / Tropical System, , ,3,S,3,S,NIEDERWALD,08/28/2017,445,29.93,-97.78,29.9312,-97.7553,"Heavy rain from Tropical Storm Harvey produced flash flooding leading to a swift water rescue near Misty Ln. at FM 2720 near Uhland.","Hurricane Harvey moved onshore as a Category 4 hurricane over San Jose Island east of Rockport during the late evening of August 25th. Harvey moved inland entering southern DeWitt County during the morning of August 26th  as a Category 1 hurricane. It continued to weaken as it moved farther inland eventually reaching south central Gonzales County as a tropical storm during the late evening of August 26th. The center of the storm made a loop through Gonzales, Karnes, and DeWitt Counties before exiting our County Warning Area during the afternoon of August 27th moving into Victoria County. The maximum sustained winds were 46 mph recorded at Austin Bergstrom International Airport and at two private weather stations, one near Yorktown and the other near Smiley. The maximum recorded wind gusts were 58 mph at New Braunfels Airport, Randolph AFB, and at a private weather station near Smiley. The highest rainfall total was 29.19 inches outside of LaGrange in Fayette County. A number of places in Fayette, Lavaca, and Bastrop Counties received 20 or more inches of rain. Tropical storm force winds with estimated gusts up to 60 mph caused damage across the region. Trees and branches were knocked down by the winds. Some of these in turn knocked down power lines causing power outages in Bastrop, Comal, Hays, and Guadalupe Counties. At one point, 15,000 customers in Comal County were without power. There was also some minor structural damage in Caldwell, Comal, and Lavaca Counties. Maximum rainfall totals in these counties ranged from 4.67 inches in Bexar to 29.19 in Fayette. Flooding and flash flooding forced 608 people to be evacuated from their homes. Most of these, 400, were in Fayette County.",155
720449,FAYETTE CO.,WEST PT,08/27/2017,1118,Flash Flood, , ,0,0,0,0,TX,CST-6, ,120216,C,149,EWX,0,0,Department of Highways,Heavy Rain / Tropical System, , ,2,NNE,2,NE,HALSTED,08/28/2017,445,29.9812,-97.0093,29.9205,-96.7552,"Heavy rain from Tropical Storm Harvey produced flash flooding closing numerous roads in the county including sections of Hwy 71.","Hurricane Harvey moved onshore as a Category 4 hurricane over San Jose Island east of Rockport during the late evening of August 25th. Harvey moved inland entering southern DeWitt County during the morning of August 26th  as a Category 1 hurricane. It continued to weaken as it moved farther inland eventually reaching south central Gonzales County as a tropical storm during the late evening of August 26th. The center of the storm made a loop through Gonzales, Karnes, and DeWitt Counties before exiting our County Warning Area during the afternoon of August 27th moving into Victoria County. The maximum sustained winds were 46 mph recorded at Austin Bergstrom International Airport and at two private weather stations, one near Yorktown and the other near Smiley. The maximum recorded wind gusts were 58 mph at New Braunfels Airport, Randolph AFB, and at a private weather station near Smiley. The highest rainfall total was 29.19 inches outside of LaGrange in Fayette County. A number of places in Fayette, Lavaca, and Bastrop Counties received 20 or more inches of rain. Tropical storm force winds with estimated gusts up to 60 mph caused damage across the region. Trees and branches were knocked down by the winds. Some of these in turn knocked down power lines causing power outages in Bastrop, Comal, Hays, and Guadalupe Counties. At one point, 15,000 customers in Comal County were without power. There was also some minor structural damage in Caldwell, Comal, and Lavaca Counties. Maximum rainfall totals in these counties ranged from 4.67 inches in Bexar to 29.19 in Fayette. Flooding and flash flooding forced 608 people to be evacuated from their homes. Most of these, 400, were in Fayette County.",156
719493,HARDIN CO.,LOEB,08/27/2017,1240,Flash Flood, , ,0,0,600000000,0,TX,CST-6, ,119746,C,199,LCH,0,0,Emergency Manager,Heavy Rain / Tropical System, , ,33,SSE,35,S,GRAYBURG,08/30/2017,1600,29.7585,-93.9153,29.6142,-94.3451,"Widespread 20 to 40 inches fell across the county which resulted in near 10,000 homes being flooded. Worst hit areas were around Lumberton, Silsbee, Sour Lake, and Kountze. Record flooding occurred on Pine Island Bayou and Village Creek. The second highest crest of the Neches occurred at Evadale. The US Highway 96 bridge near Silsbee collapsed due to the current.","Harvey moved across the Gulf of Mexico into the central Texas Coast during the last week of August. After the initial landfall, the cyclone moved back into the gulf a couple days later and then made another landfall in Southwest Louisiana during the morning of the 30th. The first rains from the system moved across the region during the afternoon of the 25th and finally ended during the morning of September 1. One to 5 feet of rain fell across Southeast Texas during the week which in some cases was slightly more than a normal yearly rainfall total. Widespread flooding occurred and a new rainfall record was set regarding the total for a tropical cyclone in the United States.",157
721085,HARRIS CO.,TOMBALL,08/27/2017,1245,Flash Flood, , ,0,0,0,0,TX,CST-6, ,119753,C,201,HGX,0,0,Public,Heavy Rain / Tropical System, , ,9,WNW,4,N,SPRING,08/28/2017,15,30.1431,-95.7622,30.131,-95.4135,"There were numerous reports of flooded homes, businesses and vehicles from Tomball to Spring in northern Harris County. Streets in and around Butera Road southwest of Stagecoach were impassable due to flooding.||Catastrophic flooding occurred on nearly every one of the 22 watersheds in Harris County. 10 out of the 19 bayous in the county reached record crests and flooding. There was widespread flooding along Buffalo Bayou and upstream and downstream of both Addicks and Barkers Reservoirs due to record level pool elevations. There was major flooding of hundreds of homes within numerous neighboring subdivisions along the San Jacinto River and the East Fork of the San Jacinto River. Lake Conroe's releases and backwater flow from Lake Houston also contributed to the widespread flooding across the northern and northeastern sectors of the county.","Harvey made landfall as a category 4 hurricane near Rockport, Texas during the evening of August 25th. The storm then weakened to a tropical storm and slowed,  looping back and tracking over SE Texas then back over the Gulf of Mexico making a second landfall along the Louisiana coast during the early morning hours of August 30th. Over that 5 day period over Southeast Texas TS Harvey produced catastrophic flooding with a large area of 30 to 60 inches of rain, 23 tornadoes, tropical storm force winds and a moderate storm surge near Matagorda Bay.  In some of the heavier bands rain fell at a rate of over 5 inches per hour. This copious record amount of rain over a  led to catastrophic flooding. Thousands of homes, businesses, and roads were flooded due to flash flooding and sheet flow from long duration intense rain. Main stem rivers and adjoining tributaries, creeks and bayous reached full capacity and came out of their banks and this also contributed to the massive flooding across southeastern Texas.",158
721087,SAN JACINTO CO.,SHEPHERD,08/27/2017,1300,Flash Flood, , ,0,0,0,0,TX,CST-6, ,119753,C,407,HGX,0,0,Emergency Manager,Heavy Rain / Tropical System, , ,3,S,2,WNW,CAMILLA,08/28/2017,315,30.4561,-95.018,30.6144,-95.1045,"There was a report of high water closing Marie Street in Shepherd with numerous reports of other flooded roadways around the county.||Many roads and homes along the southern end of Lake Livingston were inundated. FM 3278 was inaccessible due to the inundation of flood waters. Major lowland flooding occurred on the Trinity River near Goodrich. Hundreds to thousands of homes received various levels of damage from flooding; from minor to being completely destroyed.","Harvey made landfall as a category 4 hurricane near Rockport, Texas during the evening of August 25th. The storm then weakened to a tropical storm and slowed,  looping back and tracking over SE Texas then back over the Gulf of Mexico making a second landfall along the Louisiana coast during the early morning hours of August 30th. Over that 5 day period over Southeast Texas TS Harvey produced catastrophic flooding with a large area of 30 to 60 inches of rain, 23 tornadoes, tropical storm force winds and a moderate storm surge near Matagorda Bay.  In some of the heavier bands rain fell at a rate of over 5 inches per hour. This copious record amount of rain over a  led to catastrophic flooding. Thousands of homes, businesses, and roads were flooded due to flash flooding and sheet flow from long duration intense rain. Main stem rivers and adjoining tributaries, creeks and bayous reached full capacity and came out of their banks and this also contributed to the massive flooding across southeastern Texas.",159
798846,FAYETTE CO.,RABBS PRAIRIE,08/27/2017,1300,Flood, , ,0,0,50000000,0,TX,CST-6, ,120216,C,149,EWX,0,0,Emergency Manager,Heavy Rain / Tropical System, , ,1,SSW,4,NNE,WARRENTON,08/30/2017,100,29.9599,-96.9075,30.0706,-96.7008,"Tropical Storm force winds and winds gusts caused minor tree damage.  A few trees were uprooted. The highest rainfall total was 29.19 inches outside of LaGrange in Fayette County. Most locations in Fayette County received 20 or more inches of rain.  Heavy rain and flooding caused the evacuation of about 400 residents as the Colorado River at LaGrange rose to 54.2 feet. This was the third highest crest ever. Much of the city below Waters Street was flooded. Schools in the Fayetteville Independent School District sustained $80,000 damage. There were roughly 400 impacted homes across the county, 200 had substantial flood damage, 150 moderate damage, and 50 minor damage.  About 2 dozen businesses in and near LaGrange sustained major flood damage.  Flooding was mainly along the Colorado River from Bastrop County all the way through Fayette County.  Additional flooding and homes flooded along Buckners Creek in LaGrange and Cummins Creek near Round Top area. 5 to 6 homes flooded near Fayetteville.  Infrastructure loss from roads and bridges across the county is about $500K.  Insured/uninsured losses is unknown but is likely in the tens of millions.","Hurricane Harvey moved onshore as a Category 4 hurricane over San Jose Island east of Rockport during the late evening of August 25th. Harvey moved inland entering southern DeWitt County during the morning of August 26th  as a Category 1 hurricane. It continued to weaken as it moved farther inland eventually reaching south central Gonzales County as a tropical storm during the late evening of August 26th. The center of the storm made a loop through Gonzales, Karnes, and DeWitt Counties before exiting our County Warning Area during the afternoon of August 27th moving into Victoria County. The maximum sustained winds were 46 mph recorded at Austin Bergstrom International Airport and at two private weather stations, one near Yorktown and the other near Smiley. The maximum recorded wind gusts were 58 mph at New Braunfels Airport, Randolph AFB, and at a private weather station near Smiley. The highest rainfall total was 29.19 inches outside of LaGrange in Fayette County. A number of places in Fayette, Lavaca, and Bastrop Counties received 20 or more inches of rain. Tropical storm force winds with estimated gusts up to 60 mph caused damage across the region. Trees and branches were knocked down by the winds. Some of these in turn knocked down power lines causing power outages in Bastrop, Comal, Hays, and Guadalupe Counties. At one point, 15,000 customers in Comal County were without power. There was also some minor structural damage in Caldwell, Comal, and Lavaca Counties. Maximum rainfall totals in these counties ranged from 4.67 inches in Bexar to 29.19 in Fayette. Flooding and flash flooding forced 608 people to be evacuated from their homes. Most of these, 400, were in Fayette County.",160
721089,CHAMBERS CO.,MONT BELVIEU,08/27/2017,1300,Flash Flood, , ,0,0,0,0,TX,CST-6, ,119753,C,71,HGX,0,0,Department of Highways,Heavy Rain / Tropical System, , ,2,SSW,2,ESE,MONT BELVIEU,08/28/2017,315,29.8285,-94.8889,29.8371,-94.8477,"Sections of Highway 99 the Grand Parkway were inundated with flood waters.","Harvey made landfall as a category 4 hurricane near Rockport, Texas during the evening of August 25th. The storm then weakened to a tropical storm and slowed,  looping back and tracking over SE Texas then back over the Gulf of Mexico making a second landfall along the Louisiana coast during the early morning hours of August 30th. Over that 5 day period over Southeast Texas TS Harvey produced catastrophic flooding with a large area of 30 to 60 inches of rain, 23 tornadoes, tropical storm force winds and a moderate storm surge near Matagorda Bay.  In some of the heavier bands rain fell at a rate of over 5 inches per hour. This copious record amount of rain over a  led to catastrophic flooding. Thousands of homes, businesses, and roads were flooded due to flash flooding and sheet flow from long duration intense rain. Main stem rivers and adjoining tributaries, creeks and bayous reached full capacity and came out of their banks and this also contributed to the massive flooding across southeastern Texas.",161
721090,WASHINGTON CO.,BURTON,08/27/2017,1345,Flash Flood, , ,0,0,0,0,TX,CST-6, ,119753,C,477,HGX,0,0,Department of Highways,Heavy Rain / Tropical System, , ,9,NW,3,WNW,BURTON,08/28/2017,15,30.2739,-96.7161,30.2034,-96.6495,"Sections of FM 2780 south of Lake Somerville and the town of Union Hill were closed due to flooding.","Harvey made landfall as a category 4 hurricane near Rockport, Texas during the evening of August 25th. The storm then weakened to a tropical storm and slowed,  looping back and tracking over SE Texas then back over the Gulf of Mexico making a second landfall along the Louisiana coast during the early morning hours of August 30th. Over that 5 day period over Southeast Texas TS Harvey produced catastrophic flooding with a large area of 30 to 60 inches of rain, 23 tornadoes, tropical storm force winds and a moderate storm surge near Matagorda Bay.  In some of the heavier bands rain fell at a rate of over 5 inches per hour. This copious record amount of rain over a  led to catastrophic flooding. Thousands of homes, businesses, and roads were flooded due to flash flooding and sheet flow from long duration intense rain. Main stem rivers and adjoining tributaries, creeks and bayous reached full capacity and came out of their banks and this also contributed to the massive flooding across southeastern Texas.",162
798845,BASTROP CO.,BASTROP,08/27/2017,1400,Flood, , ,0,0,1500000,0,TX,CST-6, ,120216,C,21,EWX,0,0,Emergency Manager,Heavy Rain / Tropical System, , ,4,W,1,NE,PHELAN,08/29/2017,100,30.1218,-97.3816,30.1829,-97.3162,"A number of places in Fayette, Lavaca, and Bastrop Counties received 20 or more inches of rain. Tropical storm force winds with estimated gusts up to 60 mph caused damage across the region. Trees and branches were knocked down by the winds. Some of these in turn knocked down power lines causing power outages. 100 People were evacuated in Bastrop County.  Rainfall over the far western side of Bastrop County was about 12 inches, while the Smithville area had a 7 day rain total of nearly 24 inches.  The Colorado River at Smithville crested near 32 feet on August 28, flooding about 60 homes in the Smithville area.  There were about 150 low water crossings underwater and many roads were damaged.  Overall estimates to damage in the county are about 1.5 million dollars, about a million of that coming from damage to roads and bridges.","Hurricane Harvey moved onshore as a Category 4 hurricane over San Jose Island east of Rockport during the late evening of August 25th. Harvey moved inland entering southern DeWitt County during the morning of August 26th  as a Category 1 hurricane. It continued to weaken as it moved farther inland eventually reaching south central Gonzales County as a tropical storm during the late evening of August 26th. The center of the storm made a loop through Gonzales, Karnes, and DeWitt Counties before exiting our County Warning Area during the afternoon of August 27th moving into Victoria County. The maximum sustained winds were 46 mph recorded at Austin Bergstrom International Airport and at two private weather stations, one near Yorktown and the other near Smiley. The maximum recorded wind gusts were 58 mph at New Braunfels Airport, Randolph AFB, and at a private weather station near Smiley. The highest rainfall total was 29.19 inches outside of LaGrange in Fayette County. A number of places in Fayette, Lavaca, and Bastrop Counties received 20 or more inches of rain. Tropical storm force winds with estimated gusts up to 60 mph caused damage across the region. Trees and branches were knocked down by the winds. Some of these in turn knocked down power lines causing power outages in Bastrop, Comal, Hays, and Guadalupe Counties. At one point, 15,000 customers in Comal County were without power. There was also some minor structural damage in Caldwell, Comal, and Lavaca Counties. Maximum rainfall totals in these counties ranged from 4.67 inches in Bexar to 29.19 in Fayette. Flooding and flash flooding forced 608 people to be evacuated from their homes. Most of these, 400, were in Fayette County.",163
728933,MONTGOMERY CO.,MONTGOMERY,08/27/2017,1513,Flash Flood, , ,0,0,0,0,TX,CST-6, ,119753,C,339,HGX,0,0,Department of Highways,Heavy Rain / Tropical System, , ,4,NNW,4,N,MONTGOMERY,08/28/2017,1500,30.4357,-95.7023,30.4373,-95.6909,"Road closed due to flooding, FM 149 north of Montgomery.","Harvey made landfall as a category 4 hurricane near Rockport, Texas during the evening of August 25th. The storm then weakened to a tropical storm and slowed,  looping back and tracking over SE Texas then back over the Gulf of Mexico making a second landfall along the Louisiana coast during the early morning hours of August 30th. Over that 5 day period over Southeast Texas TS Harvey produced catastrophic flooding with a large area of 30 to 60 inches of rain, 23 tornadoes, tropical storm force winds and a moderate storm surge near Matagorda Bay.  In some of the heavier bands rain fell at a rate of over 5 inches per hour. This copious record amount of rain over a  led to catastrophic flooding. Thousands of homes, businesses, and roads were flooded due to flash flooding and sheet flow from long duration intense rain. Main stem rivers and adjoining tributaries, creeks and bayous reached full capacity and came out of their banks and this also contributed to the massive flooding across southeastern Texas.",164
721360,VICTORIA CO.,MISSION VLY,08/27/2017,1800,Flood, , ,0,0,20000000,0,TX,CST-6, ,119859,C,469,CRP,0,0,Newspaper,Heavy Rain / Tropical System, , ,3,N,3,N,MC FADDIN,08/31/2017,2359,28.9435,-97.1988,28.5968,-97.0093,"Major flooding occurred along the Guadalupe River in the Victoria area due to heavy rainfall from Hurricane Harvey. At least 100 homes were flooded in Victoria in the Green's Addition area. Fox, Smith, Pozzi, Fordyce, Parsifal, Lower Mission Valley, and Old River Roads were inundated. Guadalupe River at Victoria crested at 31.25 feet at 12:30 AM CDT August 31st. The major flood wave continued into first few days of September.","Major Hurricane Harvey impacted the Middle Texas coast on August 25th and 26th. Harvey was the first category 4 hurricane to strike Texas since Hurricane Carla in 1961. Harvey severely affected the cities of Rockport, Fulton, Port Aransas, Aransas Pass, Ingleside, Holiday Beach, and Refugio. Minor to moderate damage occurred in cities of Portland, Corpus Christi, Seadrift, Woodsboro, Port Lavaca, Goliad, and Victoria.||Harvey weakened to a tropical wave as the system moved across the Caribbean Sea and the Yucatan peninsula from August 18th until the 22nd. Harvey formed into a tropical depression over the southern Gulf of Mexico on the morning of August 23rd. Harvey rapidly intensified from a tropical depression to a major hurricane in 40 hours as it moved northwest toward the Texas coast. Harvey continued to intensify as it approached the Middle Texas coast on August 25th and made landfall as a Category 4 hurricane during the evening hours. Harvey was the first major hurricane to make landfall on the Middle Texas coast since Hurricane Celia in August of 1970. ||Hurricane Harvey slowed down after landfall and weakened into a tropical storm on the afternoon of the 26th. Tropical Storm Harvey became nearly stationary west of Cuero from the evening of the 26th through the morning of the 27th. Harvey drifted southeastward across the Victoria Crossroads on the afternoon of the 27th. Harvey then moved into Matagorda Bay during the morning hours of the 28th and back into northwest Gulf of Mexico later that afternoon. Tropical storm conditions persisted near the northern portion of the Middle Texas coast into the early morning hours of the 29th.||Hurricane Harvey moved inland in Aransas County on San Jose Island around 830 PM CDT August 25th. Harvey had a minimum central pressure of 938 millibars and produced a maximum storm surge of 12.5 feet. Maximum sustained winds were estimated at 130 mph (115 knots) with gusts to 160 mph (140 knots).  In South Texas, the maximum recorded rainfall from Hurricane Harvey was 17.08 inches 4 miles northwest of Victoria. Radar estimates were close to 20 inches over eastern portions of Refugio County. The height of the storm tide, referenced to mean higher high water, ranged from 3 to 5 feet on northern Padre Island and around Port O'Connor to a maximum of 12.5 feet in northeast Aransas County in the Aransas National Wildlife Refuge near San Antonio Bay. Storm tide levels in the interior bays were generally from 5 to 8 feet with higher amounts near 10 feet on the south end of Copano Bay, the north end of Aransas Bay, and the north end of Lavaca Bay. ||There were no direct fatalities from Hurricane Harvey on the Middle Texas Coast. There were 2 indirect fatalities in Rockport and 1 near Bloomington. All of the associated affects from Hurricane Harvey in South Texas from August 25th to August 27th resulted in 14 injuries, $4.5 billion in property damage, and around $65 million in crop damage. Specifically in South Texas, Harvey's inland flooding resulted in $5 million in property damage. One tornado near Seadrift resulted in $10 thousand in property damage. The powerful winds resulted in 14 injuries, $4 billion in property damage, and $65 million in crop damage. The storm tide resulted in $530 million in property damage and a number of drowned livestock. Damage estimates to public property and infrastructure was $130 million in South Texas.||Hurricane Harvey blew down or damaged around 550 power transmission structures. American Electric Power (AEP) repaired or replaced around 5000 distribution poles that were blown down or damaged by Harvey. Almost four million total feet of transmission and distribution conductor were replaced, approximately 712 miles. Power was restored to around 200,000 customers within 2 weeks.||In Aransas County, widespread major damage occurred across the county with a few areas having catastrophic damage. Catastrophic damage was located across Copano Village, Holiday Beach, and Lamar with many homes, some elevated, with second stories completely collapsed. Nearly every structure was greatly impacted. A couple of brick homes were destroyed near Copano Village. Catastrophic damage occurred to homes in the Copano Ridge area. Nearly all the trees in the Holiday Beach, Lamar, and Goose Island State Park area were without leaves with many trees snapped or uprooted. Most of Rockport and Fulton experienced widespread major structural damage. Several homes in the Key Allegro subdivision collapsed. Exterior walls collapsed on the high school gymnasium, on several churches, and on several new hotels. Upper floors of several apartment buildings were removed. Mobile homes and recreational vehicles were demolished. Billboard signs were blown down. Numerous power poles were blown down or snapped. Six hangars were demolished at the Aransas County Airport along with many airplanes. The county remained without power for 2 to 3 weeks. A mesonet wind sensor at Aransas County Airport recorded sustained winds around 110 mph with a peak gust to 150 mph. Nearly 1500 homes were destroyed, almost 3800 homes suffered major damage, and 5350 homes suffered minor damage. There were 175 businesses with major damage. Storm surge greatly impacted Holiday Beach and Copano Village. The surge punched holes through walls and garage doors on the lower portions of most homes. The surge floated vehicles, recreational vehicles, and boats well inland. The surge approached and flowed across Egery Island Road and Farm to Market 136 in several locations south of Bayside in extreme western Aransas County. Numerous cattle were killed north of Holiday Beach. A large portion of Rattlesnake Point Road was eroded and washed away heading out to Redfish Lodge on Copano Bay. The pier south of the lodge was completely washed away. Storm surge of 4 to 5 feet was common across the county. The maximum storm surge of 12.5 feet occurred in the Aransas National Wildlife Refuge. There were 356 homes that received major damage from storm surge and there were 1126 homes that received minor damage from storm surge. There were 1200 homes that were affected by storm surge. From NOAA photos, there were 14 cuts formed on the southern end of San Jose Island.||In Nueces County, the most significant damage was in Port Aransas where widespread major damage occurred. There were 4170 homes that received major damage and 1036 homes destroyed. Most homes suffered major roof damage while some homes lost roofs and walls collapsed. There were 457 businesses with major damage and slightly more than 1100 homes with minor damage. Mobile homes and recreational vehicles were demolished. Numerous power poles were blown down or snapped. The roofs were damaged at the elementary, middle, and high schools for Port Aransas leading to water damage in the interior. In Corpus Christi, widespread minor property damage was common due to lost shingles and fences down. Some residences and businesses experienced moderate damage mainly across the northern part of the city. Taller buildings downtown suffered more significant damage and lost signs. A few highway signs were blown down. Minor roof damage was common to residences and business in North Padre Island with some areas with moderate damage. Peak wind gusts measured were around 130 mph in Port Aransas. Storm tides were from 6 to 8 feet in Port Aransas as the storm surge entered from the west from Corpus Christi and Redfish Bays. Numerous boats were damaged or destroyed and pushed out of their moorings onto high ground. A large drill boat broke loose, destroyed a pier, and became grounded along the jetty. Two tugs broke loose near the Gulf Intracoastal Waterway with one becoming grounded and the other sinking. Two ferries were damaged when they were pinned against the loading dock. The storm surge inundated Highway 361 along a 10 miles stretch from near the Mustang Island State Park to Port Aransas with the water several feet deep. A few boats became moored near Packery Channel. The Arnold Palmer designed golf course at Palmilla Beach south of Port Aransas was inundated by storm surge with water covering most of the course. Storm tide of 4 to 6 feet impacted residences and businesses in Padre Island from the Laguna Madre. Storm surge caused major damage to 520 homes and minor damage to 1327 homes. Storm surge affected an additional 2200 homes. The Port of Corpus Christi was shutdown for a record 6 days. Port Aransas Independent School District lost 8 buses due to damage from salt water.||In Calhoun County, minor to moderate property damage was common across the city of Port Lavaca with large areas of siding removed from a few well constructed homes. The tops of grain bins in Port Lavaca were peeled off. Numerous trees were blown down in the community of Seadrift. Many homes experienced minor to moderate roof and property damage. Some poorly constructed homes experienced major roof damage. In Port O'Connor, numerous trees were blown down with three quarters of the community experiencing minor roof damage. A few power poles were blown down. Minor to moderate roof damage occurred at Magnolia Beach, Alamo Beach, and Indianola. Over 2100 homes and 72 businesses received major damage while 421 homes were destroyed. There were 1865 homes with minor damage and 1575 homes affected. There was significant damage to the cotton crop in the county. Hundreds of acres unharvested cotton were ruined in the fields. Harvested cotton in modules and bales were damaged by the wind or blown into water filled ditches. The highest wind speed measured was 82 mph with gusts to 110 mph northwest of Seadrift. Storm tides averaged from 6 to 8 feet across Calhoun County with maximum tide levels around 10 feet recorded on the north end of Lavaca Bay while lower tides from 3 to 5 feet occurred from Port O'Connor to southeast of Seadrift next to Espiritu Santo Bay. In Port Lavaca, water from Chocolate Bay inundated the public boat ramp near Buren Road. The lower half of Buren Road was inundated. The entire marina along Lavaca Bay was strongly impacted with 16 boats declared a total loss with many of them sinking in the marina. Several boats were grounded next to the marina. The Bayfront Peninsula Park was inundated. Areas east of Broadway street were inundated with water reaching across Highway 35 in the area near Lighthouse Beach. Piers at Lighthouse Beach Park and Bayfront Peninsula Park were destroyed. Nearly the entire marina in Seadrift was inundated from storm surge with several boats grounded on the marina parking lot. Most of the wooden docks at the marina and a few wooden piers were destroyed. The storm surge reached Bay Avenue almost reaching the beachfront pavilion. Storm surge entered homes near the Bay Avenue and Orange Street intersection. In Magnolia Beach and Indianola, storm surge flooded nearly all of Magnolia Public Beach and crossed North Ocean Drive in a few spots. A few areas of South Ocean Drive near Indianola were inundated. Several older wooden docks and piers were destroyed. In Port O'Connor, storm surge from Matagorda Bay reached half of the way up Kingfisher Beach toward Park Street. The storm surge caused major damage to 56 homes, minor damage to 322 homes, and affected 446 homes across the county. A thousand foot cut was made through Matagorda Island.||In San Patricio County, the worst damage was confined to the eastern half of the county. Almost 8700 homes were affected by the hurricane. There were 155 homes destroyed, 425 homes with major damage, and slightly more than 3300 homes with minor damage. There were 72 businesses with major damage. The hardest hit areas were Aransas Pass and Ingleside where major damage occurred. Widespread roof damage and tree damage occurred in this area. Numerous large power poles were blown down across the eastern half of the county. The water tower in Aransas Pass was destroyed. Roof damage led to extensive interior damage to the Care Regional Medical Center in Aransas Pass. Power outage was widespread with some areas without power for over a week. There was widespread minor roof damage and fences blown down in Portland along with a few trees blown down. Minor roof damage occurred in Taft and a car wash was destroyed. A couple of grain silos at the Midway Gin near Taft were toppled over. Crop damage to cotton stored in modules occurred in the eastern part of the county. The peak wind recorded was in Aransas Pass with sustained wind speed of 100 mph with gusts to 135 mph at Conn Brown Harbor. Survey from the United States Geologic Survey (USGS) indicated a storm tide of around 4 feet impacted the area from Ingleside On-the-Bay to Aransas Pass. Numerous wooden piers and docks were damaged or destroyed. A couple of boats were damaged in the Conn Brown Harbor in Aransas Pass. Major flooding was experienced in the low part of Aransas Pass adjacent to the levee. One home suffered major damage from storm surge while 40 homes had minor damage. Around 540 homes were affected by storm surge.||In Refugio County, widespread moderate structural damage with pockets of major structural damage occurred in Refugio. Most homes and businesses had roof damage, broken windows, and damaged garage doors. Two motels received significant damage to their roofs. Gas station canopies and many signs were destroyed. A few brick structures experienced moderate damage. Numerous trees and power poles were blown down. Roof damage occurred to several churches, every school building in the district except for the athletic facility. The school gymnasiums and auditorium lost portion of their roofs. Several trailer homes and storage buildings were destroyed. There was widespread tree damage with a few very large trees completely uprooted. Widespread moderate structural damage occurred in Bayside, Austwell, and Tivoli. Numerous trees and power poles were blown down including some high tension power poles. In Woodsboro, widespread minor to moderate damage occurred with a few poorly constructed homes with major damage. The elementary gymnasium and auditorium roofs were blown off. Numerous trees and a few power poles were blown down. The Bayside Richardson Coop Gin near Woodsboro sustained major damage and 30 thousand bales of cotton in storage modules were damaged. A sensor deployed by Texas Tech measured sustained winds of 106 mph with gusts to 125 mph just west of Mission Bay before the sensor was hit by debris. Another sensor showed wind speed of 102 mph with gusts to 129 mph north of the intersection of Highway 35 and Farm to Market Road 774 in eastern Refugio County. Around 440 homes were destroyed, around 1050 homes experienced major damage, and 66 businesses suffered major damage. Around 750 homes had minor damage with another 310 homes affected. Storm tide varied across the bay areas of the county. The higher storm tides affected the northeast part of the county as the storm surge pushed in from San Antonio Bay. Storm surge reached 10 feet east of Tivoli near the mouth of the Guadalupe River. Storm tides were lower on the west side of Copano Bay with storm surge only reaching 3 to 4 feet. Water covered Farm to Market Road 136 near the Copano Bay Bridge. Only 2 homes were affected by storm surge in the county.||In Goliad County, widespread minor roof damage occurred in the city of Goliad. Numerous trees and a few power poles were blown down across the county. The roof of the old high school gymnasium was peeled off. A hole was punched in the roof of the new wing of the school. Some class rooms along with the weight room and dressing room suffered water damage. Three families were displaced from homes when roofs and walls collapsed. There was some minor structural damage to some homes in Goliad. Several barns were blown down throughout the county. Some livestock were injured.||In Victoria County, Widespread minor to moderate roof damage occurred in the city of Bloomington. Several mobile homes were destroyed. All but three facilities within the Bloomington school district suffered wind and water damage. Widespread minor roof damage occurred in the city of Victoria. Several trees and a few power poles were blown down. Fences and street signs were blown down across the city. The maximum wind gust recorded in Victoria was 85 mph. Maximum wind gusts in the southern part of the county were around 110 mph. Twenty seven homes were destroyed. Around 75 percent of residential and commercial properties in the county were damaged.   Hundreds of acres of unharvested cotton were damaged in the field. Harvested cotton in modules and bales were damaged also. A few barns and storage buildings were blown down across the county.",165
728349,MONTGOMERY CO.,BOY,08/27/2017,2000,Flash Flood, , ,3,0,7000000000,10000,TX,CST-6, ,119753,C,339,HGX,0,1,Emergency Manager,Heavy Rain / Tropical System, , ,3,S,8,SSW,MOSTYN,08/30/2017,0,30.0408,-95.2487,30.1168,-95.8557,"Tropical Storm Harvey brought heavy rains and catastrophic flooding to portions of Montgomery County. There were 5 storm related fatalities, 3 direct.  Major record flooding occurred along the San Jacinto River and tributaries. Water was reported over sections of I-45 northbound where TXDOT reported flooding at the FM 1097 intersection. Water was reported over sections of I-45 northbound where TXDOT reported flooding at the FM 1097 intersection. Record pool levels on Lake Conroe required downstream releases that flooded numerous downstream homes, businesses and vehicles. Major flooding occurred along the San Jacinto River and the east Fork of the San Jacinto and its tributaries inundated tens to hundreds of residential subdivisions. There were hundreds of flooded homes along Lake, Spring, Peach and Caney Creeks. There were impassable roads due to high water at Horseshoe Circle and Painted Blvd off the Grand Parkway, 19000 block of David Memorial from Sam's Club to Shenandoah Park, the 11000 block of River Oaks Drive, the 45 northbound lanes at Highway 242 and Hines Road in Willis. Flash flooding led to numerous road closures including FM149, FM1484, FM1485, FM1486, FM1774, FM2090 SH105 and others.","Harvey made landfall as a category 4 hurricane near Rockport, Texas during the evening of August 25th. The storm then weakened to a tropical storm and slowed,  looping back and tracking over SE Texas then back over the Gulf of Mexico making a second landfall along the Louisiana coast during the early morning hours of August 30th. Over that 5 day period over Southeast Texas TS Harvey produced catastrophic flooding with a large area of 30 to 60 inches of rain, 23 tornadoes, tropical storm force winds and a moderate storm surge near Matagorda Bay.  In some of the heavier bands rain fell at a rate of over 5 inches per hour. This copious record amount of rain over a  led to catastrophic flooding. Thousands of homes, businesses, and roads were flooded due to flash flooding and sheet flow from long duration intense rain. Main stem rivers and adjoining tributaries, creeks and bayous reached full capacity and came out of their banks and this also contributed to the massive flooding across southeastern Texas.",166
717435,DALLAM CO.,DALHART,08/27/2017,2015,Thunderstorm Wind,61.00, ,0,0,0,0,TX,CST-6,EG,119565,C,111,AMA,0,0,Trained Spotter, , , ,5,E,5,E,DALHART,08/27/2017,2015,36.06,-102.44,36.06,-102.44,"A few tree limbs 9 to 16 inches in diameter were blown down.","The environment for the storms that transpired on the 27th were in a high CAPE, low shear environment. A large upper level anti-cyclonic flow across the inter-mountain west. The main linear complex moving SE through Kansas earlier in the day on the east side of the large anti-cyclone along a cold front was the main lift axis for storm development. However, residual outflow from convection moving southwest from thew main complex in KS moved toward our region ahead of the front into an environment with good mid level lapse rates and good SBCAPE resulted in left moving convection through parts of the central and western Panhandles into the late evening hours. Convection that regenerated in SW Kansas eventually formed a bowed segment and severe wind gusts were reported. The line segments eventually became disorganized as the event went further into the evening moving further SW into the SW TX Panhandle.",167
717436,HARTLEY CO.,(DHT)DALHART MUNI AR,08/27/2017,2027,Thunderstorm Wind,55.00, ,0,0,0,0,TX,CST-6,MG,119565,C,205,AMA,0,0,ASOS, , , ,1,N,1,N,(DHT)DALHART MUNI AR,08/27/2017,2027,36.03,-102.55,36.03,-102.55,"","The environment for the storms that transpired on the 27th were in a high CAPE, low shear environment. A large upper level anti-cyclonic flow across the inter-mountain west. The main linear complex moving SE through Kansas earlier in the day on the east side of the large anti-cyclone along a cold front was the main lift axis for storm development. However, residual outflow from convection moving southwest from thew main complex in KS moved toward our region ahead of the front into an environment with good mid level lapse rates and good SBCAPE resulted in left moving convection through parts of the central and western Panhandles into the late evening hours. Convection that regenerated in SW Kansas eventually formed a bowed segment and severe wind gusts were reported. The line segments eventually became disorganized as the event went further into the evening moving further SW into the SW TX Panhandle.",168
719334,JEFFERSON (ZONE), ,08/27/2017,2030,Storm Surge/Tide, , ,0,0,0,0,TX,CST-6, ,119746,Z,215,LCH,0,0,C-MAN Station, , , , , , , , ,08/28/2017,1700, , , , ,"The storm surge from Harvey  went above 3 feet at Texas Point during the evening of the 27th and fell below 3 feet around mid day on the 28th. The tide peaked at 5.03 feet with a surge of 3.49 feet. Minor beach erosion was noted during the event.","Harvey moved across the Gulf of Mexico into the central Texas Coast during the last week of August. After the initial landfall, the cyclone moved back into the gulf a couple days later and then made another landfall in Southwest Louisiana during the morning of the 30th. The first rains from the system moved across the region during the afternoon of the 25th and finally ended during the morning of September 1. One to 5 feet of rain fell across Southeast Texas during the week which in some cases was slightly more than a normal yearly rainfall total. Widespread flooding occurred and a new rainfall record was set regarding the total for a tropical cyclone in the United States.",169
717438,MOORE CO.,DUMAS MUNI ARPT,08/27/2017,2046,Thunderstorm Wind,54.00, ,0,0,0,0,TX,CST-6,MG,119565,C,341,AMA,0,0,Broadcast Media, , , ,10,SW,10,SW,DUMAS MUNI ARPT,08/27/2017,2046,35.75,-102.14,35.75,-102.14,"","The environment for the storms that transpired on the 27th were in a high CAPE, low shear environment. A large upper level anti-cyclonic flow across the inter-mountain west. The main linear complex moving SE through Kansas earlier in the day on the east side of the large anti-cyclone along a cold front was the main lift axis for storm development. However, residual outflow from convection moving southwest from thew main complex in KS moved toward our region ahead of the front into an environment with good mid level lapse rates and good SBCAPE resulted in left moving convection through parts of the central and western Panhandles into the late evening hours. Convection that regenerated in SW Kansas eventually formed a bowed segment and severe wind gusts were reported. The line segments eventually became disorganized as the event went further into the evening moving further SW into the SW TX Panhandle.",170
717439,OLDHAM CO.,BOYS RANCH,08/27/2017,2110,Thunderstorm Wind,51.00, ,0,0,0,0,TX,CST-6,MG,119565,C,359,AMA,0,0,Mesonet, , , ,1,W,1,W,BOYS RANCH,08/27/2017,2110,35.53,-102.27,35.53,-102.27,"","The environment for the storms that transpired on the 27th were in a high CAPE, low shear environment. A large upper level anti-cyclonic flow across the inter-mountain west. The main linear complex moving SE through Kansas earlier in the day on the east side of the large anti-cyclone along a cold front was the main lift axis for storm development. However, residual outflow from convection moving southwest from thew main complex in KS moved toward our region ahead of the front into an environment with good mid level lapse rates and good SBCAPE resulted in left moving convection through parts of the central and western Panhandles into the late evening hours. Convection that regenerated in SW Kansas eventually formed a bowed segment and severe wind gusts were reported. The line segments eventually became disorganized as the event went further into the evening moving further SW into the SW TX Panhandle.",171
721091,HARRIS CO.,WESTFIELD,08/27/2017,2245,Flash Flood, , ,0,0,0,0,TX,CST-6, ,119753,C,201,HGX,0,0,Local Official,Heavy Rain / Tropical System, , ,2,NW,1,WSW,WESTFIELD,08/28/2017,615,30.0375,-95.4187,30.0161,-95.4226,"Flooding was occurring at and around the FM 1960 and I-45 intersection as Cypress Creek topped banks.||Catastrophic flooding occurred on nearly every one of the 22 watersheds in Harris County. 10 out of the 19 bayous in the county reached record crests and flooding. There was widespread flooding along Buffalo Bayou and upstream and downstream of both Addicks and Barkers Reservoirs due to record level pool elevations. There was major flooding of hundreds of homes within numerous neighboring subdivisions along the San Jacinto River and the East Fork of the San Jacinto River. Lake Conroe's releases and backwater flow from Lake Houston also contributed to the widespread flooding across the northern and northeastern sectors of the county.","Harvey made landfall as a category 4 hurricane near Rockport, Texas during the evening of August 25th. The storm then weakened to a tropical storm and slowed,  looping back and tracking over SE Texas then back over the Gulf of Mexico making a second landfall along the Louisiana coast during the early morning hours of August 30th. Over that 5 day period over Southeast Texas TS Harvey produced catastrophic flooding with a large area of 30 to 60 inches of rain, 23 tornadoes, tropical storm force winds and a moderate storm surge near Matagorda Bay.  In some of the heavier bands rain fell at a rate of over 5 inches per hour. This copious record amount of rain over a  led to catastrophic flooding. Thousands of homes, businesses, and roads were flooded due to flash flooding and sheet flow from long duration intense rain. Main stem rivers and adjoining tributaries, creeks and bayous reached full capacity and came out of their banks and this also contributed to the massive flooding across southeastern Texas.",172
720450,GONZALES CO.,WAELDER,08/27/2017,2302,Flash Flood, , ,0,0,0,0,TX,CST-6, ,120216,C,177,EWX,0,0,County Official,Heavy Rain / Tropical System, , ,5,E,5,E,WAELDER,08/28/2017,445,29.7054,-97.2245,29.6872,-97.2184,"Heavy rain from Tropical Storm Harvey produced flash flooding closing I-10 at mile marker 655.","Hurricane Harvey moved onshore as a Category 4 hurricane over San Jose Island east of Rockport during the late evening of August 25th. Harvey moved inland entering southern DeWitt County during the morning of August 26th  as a Category 1 hurricane. It continued to weaken as it moved farther inland eventually reaching south central Gonzales County as a tropical storm during the late evening of August 26th. The center of the storm made a loop through Gonzales, Karnes, and DeWitt Counties before exiting our County Warning Area during the afternoon of August 27th moving into Victoria County. The maximum sustained winds were 46 mph recorded at Austin Bergstrom International Airport and at two private weather stations, one near Yorktown and the other near Smiley. The maximum recorded wind gusts were 58 mph at New Braunfels Airport, Randolph AFB, and at a private weather station near Smiley. The highest rainfall total was 29.19 inches outside of LaGrange in Fayette County. A number of places in Fayette, Lavaca, and Bastrop Counties received 20 or more inches of rain. Tropical storm force winds with estimated gusts up to 60 mph caused damage across the region. Trees and branches were knocked down by the winds. Some of these in turn knocked down power lines causing power outages in Bastrop, Comal, Hays, and Guadalupe Counties. At one point, 15,000 customers in Comal County were without power. There was also some minor structural damage in Caldwell, Comal, and Lavaca Counties. Maximum rainfall totals in these counties ranged from 4.67 inches in Bexar to 29.19 in Fayette. Flooding and flash flooding forced 608 people to be evacuated from their homes. Most of these, 400, were in Fayette County.",173
721092,CHAMBERS CO.,MONT BELVIEU,08/28/2017,30,Flash Flood, , ,0,0,0,0,TX,CST-6, ,119753,C,71,HGX,0,0,Department of Highways,Heavy Rain / Tropical System, , ,1,W,4,SW,MONT BELVIEU,08/28/2017,600,29.8527,-94.9013,29.8074,-94.9136,"Sections of Interstate 10 across Chambers County were closed due to flood water inundation.","Harvey made landfall as a category 4 hurricane near Rockport, Texas during the evening of August 25th. The storm then weakened to a tropical storm and slowed,  looping back and tracking over SE Texas then back over the Gulf of Mexico making a second landfall along the Louisiana coast during the early morning hours of August 30th. Over that 5 day period over Southeast Texas TS Harvey produced catastrophic flooding with a large area of 30 to 60 inches of rain, 23 tornadoes, tropical storm force winds and a moderate storm surge near Matagorda Bay.  In some of the heavier bands rain fell at a rate of over 5 inches per hour. This copious record amount of rain over a  led to catastrophic flooding. Thousands of homes, businesses, and roads were flooded due to flash flooding and sheet flow from long duration intense rain. Main stem rivers and adjoining tributaries, creeks and bayous reached full capacity and came out of their banks and this also contributed to the massive flooding across southeastern Texas.",174
721097,MADISON CO.,MIDWAY,08/28/2017,30,Flash Flood, , ,0,0,0,0,TX,CST-6, ,119753,C,313,HGX,0,0,Department of Highways,Heavy Rain / Tropical System, , ,2,W,12,SSE,CONNOR,08/28/2017,315,31.0306,-95.8042,30.8162,-95.6734,"Sections of FM 247 south of Midway between FM 1428 and FM 2989 were closed due to flooding.||There was major lowland flooding along Bedias Creek that caused some roads to become inaccessible.","Harvey made landfall as a category 4 hurricane near Rockport, Texas during the evening of August 25th. The storm then weakened to a tropical storm and slowed,  looping back and tracking over SE Texas then back over the Gulf of Mexico making a second landfall along the Louisiana coast during the early morning hours of August 30th. Over that 5 day period over Southeast Texas TS Harvey produced catastrophic flooding with a large area of 30 to 60 inches of rain, 23 tornadoes, tropical storm force winds and a moderate storm surge near Matagorda Bay.  In some of the heavier bands rain fell at a rate of over 5 inches per hour. This copious record amount of rain over a  led to catastrophic flooding. Thousands of homes, businesses, and roads were flooded due to flash flooding and sheet flow from long duration intense rain. Main stem rivers and adjoining tributaries, creeks and bayous reached full capacity and came out of their banks and this also contributed to the massive flooding across southeastern Texas.",175
721096,HARRIS CO.,PASADENA,08/28/2017,30,Flash Flood, , ,0,0,0,0,TX,CST-6, ,119753,C,201,HGX,0,0,Department of Highways,Heavy Rain / Tropical System, , ,1,SSW,1,WSW,WEST PARK,08/28/2017,630,29.6896,-95.2072,29.674,-95.5893,"Numerous roads and highways were still closed due to high flood waters including, but not limited to, the Loop 610 near Highway 225, SH 249 in northwestern Houston and FM 1960 near Highway 69.||Catastrophic flooding occurred on nearly every one of the 22 watersheds in Harris County. 10 out of the 19 bayous in the county reached record crests and flooding. There was widespread flooding along Buffalo Bayou and upstream and downstream of both Addicks and Barkers Reservoirs due to record level pool elevations. There was major flooding of hundreds of homes within numerous neighboring subdivisions along the San Jacinto River and the East Fork of the San Jacinto River. Lake Conroe's releases and backwater flow from Lake Houston also contributed to the widespread flooding across the northern and northeastern sectors of the county.","Harvey made landfall as a category 4 hurricane near Rockport, Texas during the evening of August 25th. The storm then weakened to a tropical storm and slowed,  looping back and tracking over SE Texas then back over the Gulf of Mexico making a second landfall along the Louisiana coast during the early morning hours of August 30th. Over that 5 day period over Southeast Texas TS Harvey produced catastrophic flooding with a large area of 30 to 60 inches of rain, 23 tornadoes, tropical storm force winds and a moderate storm surge near Matagorda Bay.  In some of the heavier bands rain fell at a rate of over 5 inches per hour. This copious record amount of rain over a  led to catastrophic flooding. Thousands of homes, businesses, and roads were flooded due to flash flooding and sheet flow from long duration intense rain. Main stem rivers and adjoining tributaries, creeks and bayous reached full capacity and came out of their banks and this also contributed to the massive flooding across southeastern Texas.",176
721098,AUSTIN CO.,INDUSTRY,08/28/2017,330,Flash Flood, , ,0,0,0,0,TX,CST-6, ,119753,C,15,HGX,0,0,Department of Highways,Heavy Rain / Tropical System, , ,1,S,1,W,NEW ULM,08/28/2017,615,29.9592,-96.5211,29.8981,-96.5036,"Portions of FM 109 between Industry and New Ulm was closed due to flooding.||Record level flooding along the Brazos River in San Felipe caused several homes to flood along FM 1458.","Harvey made landfall as a category 4 hurricane near Rockport, Texas during the evening of August 25th. The storm then weakened to a tropical storm and slowed,  looping back and tracking over SE Texas then back over the Gulf of Mexico making a second landfall along the Louisiana coast during the early morning hours of August 30th. Over that 5 day period over Southeast Texas TS Harvey produced catastrophic flooding with a large area of 30 to 60 inches of rain, 23 tornadoes, tropical storm force winds and a moderate storm surge near Matagorda Bay.  In some of the heavier bands rain fell at a rate of over 5 inches per hour. This copious record amount of rain over a  led to catastrophic flooding. Thousands of homes, businesses, and roads were flooded due to flash flooding and sheet flow from long duration intense rain. Main stem rivers and adjoining tributaries, creeks and bayous reached full capacity and came out of their banks and this also contributed to the massive flooding across southeastern Texas.",177
719341,JEFFERSON (ZONE), ,08/28/2017,506,Tropical Storm, , ,0,0,0,0,TX,CST-6, ,119746,Z,215,LCH,0,0,C-MAN Station, , , , , , , , ,08/29/2017,300, , , , ,"Tropical storm conditions occurred for several hours along the coast of Jefferson County. At Texas Point where the highest winds were recorded peak wind gust of 52 knots occurred during the early morning of the 28th but the highest sustained wind of 42 knots was during the morning of the 29th. Lesser winds were recorded elsewhere, however wind gusts of 35 to 50 knots were common near the coast.","Harvey moved across the Gulf of Mexico into the central Texas Coast during the last week of August. After the initial landfall, the cyclone moved back into the gulf a couple days later and then made another landfall in Southwest Louisiana during the morning of the 30th. The first rains from the system moved across the region during the afternoon of the 25th and finally ended during the morning of September 1. One to 5 feet of rain fell across Southeast Texas during the week which in some cases was slightly more than a normal yearly rainfall total. Widespread flooding occurred and a new rainfall record was set regarding the total for a tropical cyclone in the United States.",178
721099,GALVESTON CO.,LEAGUE CITY S S ARPT,08/28/2017,850,Flash Flood, , ,0,0,0,0,TX,CST-6, ,119753,C,167,HGX,0,0,Department of Highways,Heavy Rain / Tropical System, , ,7,WNW,7,NNW,LEAGUE CITY S S ARPT,08/28/2017,1045,29.5314,-95.2295,29.5647,-95.1826,"Flooded roadways through Friendswood in and around the FM 2351 and FM 518 intersection.||Approximately 7,000 homes and 125 businesses were impacted by flood waters across the county. Clear Creek measured record levels that lead to the widespread flooding throughout Friendswood and League City. Major flooding occurred along the Dickinson Bayou; from Cemetery Road to east of Highway 3 along FM 517. Flood waters inundated sections of Interstate 45, Bay Area Boulevard, FM 528, FM 518 and numerous primary and secondary county roads.","Harvey made landfall as a category 4 hurricane near Rockport, Texas during the evening of August 25th. The storm then weakened to a tropical storm and slowed,  looping back and tracking over SE Texas then back over the Gulf of Mexico making a second landfall along the Louisiana coast during the early morning hours of August 30th. Over that 5 day period over Southeast Texas TS Harvey produced catastrophic flooding with a large area of 30 to 60 inches of rain, 23 tornadoes, tropical storm force winds and a moderate storm surge near Matagorda Bay.  In some of the heavier bands rain fell at a rate of over 5 inches per hour. This copious record amount of rain over a  led to catastrophic flooding. Thousands of homes, businesses, and roads were flooded due to flash flooding and sheet flow from long duration intense rain. Main stem rivers and adjoining tributaries, creeks and bayous reached full capacity and came out of their banks and this also contributed to the massive flooding across southeastern Texas.",179
721101,HARRIS CO.,WESTFIELD,08/28/2017,920,Flash Flood, , ,0,0,0,0,TX,CST-6, ,119753,C,201,HGX,0,0,Local Official,Heavy Rain / Tropical System, , ,2,NW,1,WSW,WESTFIELD,08/29/2017,115,30.0367,-95.4209,30.0162,-95.4176,"There was flooding through the neighborhoods between I-45 and the Hardy Tollway along FM 1960.||Catastrophic flooding occurred on nearly every one of the 22 watersheds in Harris County. 10 out of the 19 bayous in the county reached record crests and flooding. There was widespread flooding along Buffalo Bayou and upstream and downstream of both Addicks and Barkers Reservoirs due to record level pool elevations. There was major flooding of hundreds of homes within numerous neighboring subdivisions along the San Jacinto River and the East Fork of the San Jacinto River. Lake Conroe's releases and backwater flow from Lake Houston also contributed to the widespread flooding across the northern and northeastern sectors of the county.","Harvey made landfall as a category 4 hurricane near Rockport, Texas during the evening of August 25th. The storm then weakened to a tropical storm and slowed,  looping back and tracking over SE Texas then back over the Gulf of Mexico making a second landfall along the Louisiana coast during the early morning hours of August 30th. Over that 5 day period over Southeast Texas TS Harvey produced catastrophic flooding with a large area of 30 to 60 inches of rain, 23 tornadoes, tropical storm force winds and a moderate storm surge near Matagorda Bay.  In some of the heavier bands rain fell at a rate of over 5 inches per hour. This copious record amount of rain over a  led to catastrophic flooding. Thousands of homes, businesses, and roads were flooded due to flash flooding and sheet flow from long duration intense rain. Main stem rivers and adjoining tributaries, creeks and bayous reached full capacity and came out of their banks and this also contributed to the massive flooding across southeastern Texas.",180
721102,CHAMBERS CO.,HANKAMER,08/28/2017,1045,Flash Flood, , ,0,0,0,0,TX,CST-6, ,119753,C,71,HGX,0,0,Department of Highways,Heavy Rain / Tropical System, , ,2,E,0,N,MONROE CITY,08/28/2017,1330,29.8457,-94.5895,29.7835,-94.5799,"Sections of FM 1724 south of I-10 were closed due to flooding.","Harvey made landfall as a category 4 hurricane near Rockport, Texas during the evening of August 25th. The storm then weakened to a tropical storm and slowed,  looping back and tracking over SE Texas then back over the Gulf of Mexico making a second landfall along the Louisiana coast during the early morning hours of August 30th. Over that 5 day period over Southeast Texas TS Harvey produced catastrophic flooding with a large area of 30 to 60 inches of rain, 23 tornadoes, tropical storm force winds and a moderate storm surge near Matagorda Bay.  In some of the heavier bands rain fell at a rate of over 5 inches per hour. This copious record amount of rain over a  led to catastrophic flooding. Thousands of homes, businesses, and roads were flooded due to flash flooding and sheet flow from long duration intense rain. Main stem rivers and adjoining tributaries, creeks and bayous reached full capacity and came out of their banks and this also contributed to the massive flooding across southeastern Texas.",181
719494,TYLER CO.,CHESTER,08/28/2017,1053,Flash Flood, , ,1,0,60000000,0,TX,CST-6, ,119746,C,457,LCH,0,0,Emergency Manager,Heavy Rain / Tropical System, , ,0,N,44,NE,DAM RES,08/30/2017,1600,30.92,-94.6,31.2036,-93.587,"Harvey produced 20 to 30 inches of rain which flooded 1,730 homes. Major flooding occurred  in Warren, Fred, and along the Neches River where it had the 4th highest crest at Town Bluff. 1 death was a result of the flooding.","Harvey moved across the Gulf of Mexico into the central Texas Coast during the last week of August. After the initial landfall, the cyclone moved back into the gulf a couple days later and then made another landfall in Southwest Louisiana during the morning of the 30th. The first rains from the system moved across the region during the afternoon of the 25th and finally ended during the morning of September 1. One to 5 feet of rain fell across Southeast Texas during the week which in some cases was slightly more than a normal yearly rainfall total. Widespread flooding occurred and a new rainfall record was set regarding the total for a tropical cyclone in the United States.",182
721105,BRAZORIA CO.,ANCHOR,08/28/2017,1130,Flash Flood, , ,0,0,0,0,TX,CST-6, ,119753,C,39,HGX,0,0,Department of Highways,Heavy Rain / Tropical System, , ,1,S,1,W,ANGLETON CAMERON ARP,08/28/2017,1515,29.2103,-95.4787,29.1675,-95.4709,"Sections of FM 523 near Highway 288 north of Angleton was closed due to flooding.||Major record flooding of the Brazos, San Bernard and Oyster Creek caused the flooding of hundreds to thousands of vicinity homes, vehicles and businesses.  Numerous Roads and homes were inundated with flood waters on east side of Oyster Creek including the  Columbia Lakes, Mallard Lakes, Great Lakes, Riverside Estates and Bar X subdivisions as well as homes along CR 39. Other county roads that became impassable due to high flood waters include, but are not limited to, FM 1462, Highways 35 and 90, FM 950, CR 25, 380A, CR 42 and FM 521. The Phillips refinery outside of the town of Sweeny took on water from the west near Little Linville Bayou. Hanson Riverside County Park along the San Bernard River southwest of West Columbia was inundated and water over-topped the Phillips Terminal.","Harvey made landfall as a category 4 hurricane near Rockport, Texas during the evening of August 25th. The storm then weakened to a tropical storm and slowed,  looping back and tracking over SE Texas then back over the Gulf of Mexico making a second landfall along the Louisiana coast during the early morning hours of August 30th. Over that 5 day period over Southeast Texas TS Harvey produced catastrophic flooding with a large area of 30 to 60 inches of rain, 23 tornadoes, tropical storm force winds and a moderate storm surge near Matagorda Bay.  In some of the heavier bands rain fell at a rate of over 5 inches per hour. This copious record amount of rain over a  led to catastrophic flooding. Thousands of homes, businesses, and roads were flooded due to flash flooding and sheet flow from long duration intense rain. Main stem rivers and adjoining tributaries, creeks and bayous reached full capacity and came out of their banks and this also contributed to the massive flooding across southeastern Texas.",183
721108,CHAMBERS CO.,ANAHUAC,08/28/2017,1215,Flash Flood, , ,0,0,0,0,TX,CST-6, ,119753,C,71,HGX,0,0,Department of Highways,Heavy Rain / Tropical System, , ,0,N,3,NE,ANAHUAC ARPT,08/28/2017,1500,29.77,-94.68,29.7951,-94.6283,"Parts of FM 562 south of Anahuac were closed due to flooding.","Harvey made landfall as a category 4 hurricane near Rockport, Texas during the evening of August 25th. The storm then weakened to a tropical storm and slowed,  looping back and tracking over SE Texas then back over the Gulf of Mexico making a second landfall along the Louisiana coast during the early morning hours of August 30th. Over that 5 day period over Southeast Texas TS Harvey produced catastrophic flooding with a large area of 30 to 60 inches of rain, 23 tornadoes, tropical storm force winds and a moderate storm surge near Matagorda Bay.  In some of the heavier bands rain fell at a rate of over 5 inches per hour. This copious record amount of rain over a  led to catastrophic flooding. Thousands of homes, businesses, and roads were flooded due to flash flooding and sheet flow from long duration intense rain. Main stem rivers and adjoining tributaries, creeks and bayous reached full capacity and came out of their banks and this also contributed to the massive flooding across southeastern Texas.",184
721110,BRAZORIA CO.,IOWA COLONY,08/28/2017,1300,Flash Flood, , ,0,0,0,0,TX,CST-6, ,119753,C,39,HGX,0,0,Department of Highways,Heavy Rain / Tropical System, , ,5,WSW,2,WSW,IOWA COLONY,08/28/2017,1645,29.46,-95.4993,29.4647,-95.454,"Sections of FM 521 near FM 1462 in the Rosharon area were closed due to flooding.||Major record flooding of the Brazos, San Bernard and Oyster Creek caused the flooding of hundreds to thousands of vicinity homes, vehicles and businesses.  Numerous Roads and homes were inundated with flood waters on east side of Oyster Creek including the  Columbia Lakes, Mallard Lakes, Great Lakes, Riverside Estates and Bar X subdivisions as well as homes along CR 39. Other county roads that became impassable due to high flood waters include, but are not limited to, FM 1462, Highways 35 and 90, FM 950, CR 25, 380A, CR 42 and FM 521. The Phillips refinery outside of the town of Sweeny took on water from the west near Little Linville Bayou. Hanson Riverside County Park along the San Bernard River southwest of West Columbia was inundated and water over-topped the Phillips Terminal.","Harvey made landfall as a category 4 hurricane near Rockport, Texas during the evening of August 25th. The storm then weakened to a tropical storm and slowed,  looping back and tracking over SE Texas then back over the Gulf of Mexico making a second landfall along the Louisiana coast during the early morning hours of August 30th. Over that 5 day period over Southeast Texas TS Harvey produced catastrophic flooding with a large area of 30 to 60 inches of rain, 23 tornadoes, tropical storm force winds and a moderate storm surge near Matagorda Bay.  In some of the heavier bands rain fell at a rate of over 5 inches per hour. This copious record amount of rain over a  led to catastrophic flooding. Thousands of homes, businesses, and roads were flooded due to flash flooding and sheet flow from long duration intense rain. Main stem rivers and adjoining tributaries, creeks and bayous reached full capacity and came out of their banks and this also contributed to the massive flooding across southeastern Texas.",185
721112,FORT BEND CO.,FULSHEAR,08/28/2017,1515,Flash Flood, , ,0,0,0,0,TX,CST-6, ,119753,C,157,HGX,0,0,Department of Highways,Heavy Rain / Tropical System, , ,3,NE,2,ESE,FULSHEAR,08/28/2017,1800,29.7102,-95.8708,29.6744,-95.8715,"Sections of FM 1463 and FM 359 between Fulshear and the Grand Parkway were closed due to flooding.||Major record level flooding of both the Brazos and San Bernard Rivers caused significant home flooding from Richmond to Rosharon. Massive flooding occurred in Tierra Grande subdivision along the San Bernard River in southwestern Fort Bend County. Home flooding occurred at Valley Lodge in Simonton, along Edgewood and Baudet Roads in Richmond, along Bar, Barker, Cumings, Sixth Street, Avenue B and Rio Brazos Roads in Rosenberg. Sections of FM 2759 as well as the Grand River, Rivers Edge and Pecan Estates in Thompsons flooded. Many countywide roads became inundated in flood waters including, but not limited to, Highway 90A, Pitts Road, FM 1489, FM 723, FM 1093, FM 359, SH 6 feeder roads, Sienna Parkway, Carrol Road, McKeever Road, Knights Court, Miller Road, river Oaks Road, Thompsons Ferry Road, Strange Drive, Greenwood Drive, Second Street and low lying roads in Quail Valley in Missouri City.  Due to record pool levels in Barker Reservoir, homes in Cinco Ranch flooded. Big Creek flooding in Needville caused the flooding of homes on Ansel Road.","Harvey made landfall as a category 4 hurricane near Rockport, Texas during the evening of August 25th. The storm then weakened to a tropical storm and slowed,  looping back and tracking over SE Texas then back over the Gulf of Mexico making a second landfall along the Louisiana coast during the early morning hours of August 30th. Over that 5 day period over Southeast Texas TS Harvey produced catastrophic flooding with a large area of 30 to 60 inches of rain, 23 tornadoes, tropical storm force winds and a moderate storm surge near Matagorda Bay.  In some of the heavier bands rain fell at a rate of over 5 inches per hour. This copious record amount of rain over a  led to catastrophic flooding. Thousands of homes, businesses, and roads were flooded due to flash flooding and sheet flow from long duration intense rain. Main stem rivers and adjoining tributaries, creeks and bayous reached full capacity and came out of their banks and this also contributed to the massive flooding across southeastern Texas.",186
721113,BRAZORIA CO.,BRAZORIA,08/28/2017,1700,Flash Flood, , ,0,0,0,0,TX,CST-6, ,119753,C,39,HGX,0,0,Department of Highways,Heavy Rain / Tropical System, , ,1,NW,2,SSW,BRAZORIA,08/28/2017,2245,29.0661,-95.5958,29.0286,-95.5962,"Parts of SH 36 and FM 521 around the town of Brazoria were closed due to flooding.||Major record flooding of the Brazos, San Bernard and Oyster Creek caused the flooding of hundreds to thousands of vicinity homes, vehicles and businesses.  Numerous Roads and homes were inundated with flood waters on east side of Oyster Creek including the  Columbia Lakes, Mallard Lakes, Great Lakes, Riverside Estates and Bar X subdivisions as well as homes along CR 39. Other county roads that became impassable due to high flood waters include, but are not limited to, FM 1462, Highways 35 and 90, FM 950, CR 25, 380A, CR 42 and FM 521. The Phillips refinery outside of the town of Sweeny took on water from the west near Little Linville Bayou. Hanson Riverside County Park along the San Bernard River southwest of West Columbia was inundated and water over-topped the Phillips Terminal.","Harvey made landfall as a category 4 hurricane near Rockport, Texas during the evening of August 25th. The storm then weakened to a tropical storm and slowed,  looping back and tracking over SE Texas then back over the Gulf of Mexico making a second landfall along the Louisiana coast during the early morning hours of August 30th. Over that 5 day period over Southeast Texas TS Harvey produced catastrophic flooding with a large area of 30 to 60 inches of rain, 23 tornadoes, tropical storm force winds and a moderate storm surge near Matagorda Bay.  In some of the heavier bands rain fell at a rate of over 5 inches per hour. This copious record amount of rain over a  led to catastrophic flooding. Thousands of homes, businesses, and roads were flooded due to flash flooding and sheet flow from long duration intense rain. Main stem rivers and adjoining tributaries, creeks and bayous reached full capacity and came out of their banks and this also contributed to the massive flooding across southeastern Texas.",187
798842,DE WITT CO.,LINDENAU,08/28/2017,1800,Flood, , ,0,0,3000000,0,TX,CST-6, ,120214,C,123,EWX,0,0,NWS Storm Survey,Heavy Rain / Tropical System, , ,2,SE,2,NNW,CUERO,08/31/2017,200,29.0967,-97.3492,29.122,-97.2928,"The maximum rainfall recorded in DeWitt County was 22.99 inches near Yoakum with multiple reports of 10-15 inches. This caused widespread flash flooding as well as river flooding on the Guadalupe River. As many as 100 houses were affected by high water in and around Cuero. The Guadalupe River at Cuero crested at 44.36 feet, it's second highest crest on record.  Damages due to flooding and river flooding is estimated from Emergency Management to be near 3 million dollars.","Hurricane Harvey moved onshore as a Category 4 hurricane over San Jose Island east of Rockport during the late evening of August 25th. Harvey moved inland entering southern DeWitt County during the morning of August 26th  as a Category 1 hurricane. It continued to weaken as it moved farther inland eventually reaching south central Gonzales County as a tropical storm during the late evening of August 26th. The center of the storm made a loop through Gonzales, Karnes, and DeWitt Counties before exiting our County Warning Area during the afternoon of August 27th moving into Victoria County. The maximum sustained winds were 46 mph recorded at Austin Bergstrom International Airport and two private weather stations, one near Yorktown and the other near Smiley. The maximum recorded wind gusts were 58 mph at New Braunfels Airport, Randolph AFB, and a private weather station near Smiley. The highest rainfall total was 29.19 inches outside of LaGrange in Fayette County. A number of places in Fayette, Lavaca, and Bastrop Counties received 20 or more inches of rain. In DeWitt County, estimated hurricane force winds knocked down large trees across the county and damaged some buildings and houses. The maximum rainfall recorded in DeWitt County was 22.99 inches near Yoakum with multiple reports of 10-15 inches. This caused widespread flash flooding as well as river flooding on the Guadalupe River. As many as 100 houses were affected by high water in and around Cuero. The Guadalupe River at Cuero crested at 44.36 feet, it's second highest crest on record.",188
721115,GALVESTON CO.,WALLIS,08/28/2017,1830,Flash Flood, , ,0,0,0,0,TX,CST-6, ,119753,C,167,HGX,0,0,Department of Highways,Heavy Rain / Tropical System, , ,57,E,57,E,WALLIS,08/28/2017,2115,29.5111,-95.1303,29.4937,-95.1262,"Sections of FM 518 in League City as well as parts of I-45 near the FM 518 exit were closed due to run off and Clear Creek flooding.||Approximately 7,000 homes and 125 businesses were impacted by flood waters across the county. Clear Creek measured record levels that lead to the widespread flooding throughout Friendswood and League City. Major flooding occurred along the Dickinson Bayou; from Cemetery Road to east of Highway 3 along FM 517. Flood waters inundated sections of Interstate 45, Bay Area Boulevard, FM 528, FM 518 and numerous primary and secondary county roads.","Harvey made landfall as a category 4 hurricane near Rockport, Texas during the evening of August 25th. The storm then weakened to a tropical storm and slowed,  looping back and tracking over SE Texas then back over the Gulf of Mexico making a second landfall along the Louisiana coast during the early morning hours of August 30th. Over that 5 day period over Southeast Texas TS Harvey produced catastrophic flooding with a large area of 30 to 60 inches of rain, 23 tornadoes, tropical storm force winds and a moderate storm surge near Matagorda Bay.  In some of the heavier bands rain fell at a rate of over 5 inches per hour. This copious record amount of rain over a  led to catastrophic flooding. Thousands of homes, businesses, and roads were flooded due to flash flooding and sheet flow from long duration intense rain. Main stem rivers and adjoining tributaries, creeks and bayous reached full capacity and came out of their banks and this also contributed to the massive flooding across southeastern Texas.",189
721129,LIBERTY CO.,CLEVELAND MUNI ARPT,08/28/2017,2220,Flash Flood, , ,0,0,0,0,TX,CST-6, ,119753,C,291,HGX,0,0,Department of Highways,Heavy Rain / Tropical System, , ,2,S,3,S,CLEVELAND MUNI ARPT,08/29/2017,300,30.3163,-94.9957,30.3053,-94.9921,"Sections of FM 163 in Tarkington Prairie were inundated with flood waters.","Harvey made landfall as a category 4 hurricane near Rockport, Texas during the evening of August 25th. The storm then weakened to a tropical storm and slowed,  looping back and tracking over SE Texas then back over the Gulf of Mexico making a second landfall along the Louisiana coast during the early morning hours of August 30th. Over that 5 day period over Southeast Texas TS Harvey produced catastrophic flooding with a large area of 30 to 60 inches of rain, 23 tornadoes, tropical storm force winds and a moderate storm surge near Matagorda Bay.  In some of the heavier bands rain fell at a rate of over 5 inches per hour. This copious record amount of rain over a  led to catastrophic flooding. Thousands of homes, businesses, and roads were flooded due to flash flooding and sheet flow from long duration intense rain. Main stem rivers and adjoining tributaries, creeks and bayous reached full capacity and came out of their banks and this also contributed to the massive flooding across southeastern Texas.",190
711059,ANGELINA CO.,DOLAN,08/29/2017,145,Flash Flood, , ,0,0,0,0,TX,CST-6, ,118330,C,5,SHV,0,0,Law Enforcement,Heavy Rain, , ,4,WNW,4,WNW,DOLAN,08/29/2017,1945,31.0925,-94.4929,31.0968,-94.4871,"Polly Branch Road was closed due to flooding.","Tropical Storm Harvey emerged back over the Northwest Gulf of Mexico during the morning hours of August 28th, and intensified slightly as drifted northwest just off the Southeast Texas coast, eventually making a 3rd landfall near Cameron, Louisiana during the early morning hours of August 30th. The persistent outer bands of Tropical Storm Harvey began consistently affecting Angelina County, Texas during the afternoon and evening of August 27th, with persistent training resulting in flash flooding. Breaks in the heavy rain were observed through much of the 28th before affecting Angelina County again during the late afternoon/evening hours, which continued through the early morning hours on August 29th. After Harvey made landfall in far Southwest Louisiana during the early morning hours of August 30th, the more concentrated bands of heavy rain were concentrated on the northwest side of the center, which slowly drifted northeast into Central Louisiana during the afternoon and evening hours. Thus, more significant reports of flash flooding were received across Deep East Texas and Westcentral Louisiana, before drier air had begun to wrap around the center, thus reducing rainfall rates as the center moved into Northeast Louisiana during the early morning hours of August 31st. In addition to the widespread flooding, reports of downed trees and power lines were received over portions of Deep East Texas and Northcentral Louisiana, as some of the stronger squalls produced wind gusts to 35-40 mph with locally higher gusts atop already saturated grounds.||Here are some of the 4 day cumulative rainfall reports across Deep East Texas from Tropical Storm Harvey: In Angelina County, 2 ESE Zavalla 20.27 inches, 2 ENE Zavalla 17.32 inches, Huntington 13.94 inches, Lufkin Angelina Airport 12.11 inches, 1 SSE Lufkin 11.96 inches, 3 SW Lufkin 11.74 inches, 8 W Lufkin 10.17 inches, 5 WNW Lufkin 10.00 inches, 7 W Lufkin 9.60 inches, 2 WSW Hudson 9.09 inches. In Nacogdoches County, 4 NW Appleby 9.91 inches, Nacogdoches Arbor Oaks 8.35 inches, 10 NE Nacogdoches 6.38 inches. In Sabine County, Pineland 15.67 inches, Sabine South RAWS 14.36 inches, 4 SSE Hemphill 8.77 inches. In San Augustine County, 15 SE Broaddus 19.01 inches, Ayish Bayou 15.45 inches. In Shelby County, 4 SSW Huxley 13.24 inches, Center 0.6 NW 6.62 inches, Center 4.26 inches. In addition, the Neches River gauge near Rockland recorded 21.93 inches, with Sam Rayburn Dam recording 18.21 inches.",191
711060,ANGELINA CO.,DOLAN,08/29/2017,150,Flash Flood, , ,0,0,0,0,TX,CST-6, ,118330,C,5,SHV,0,0,Law Enforcement,Heavy Rain, , ,1,S,1,E,DOLAN,08/29/2017,1945,31.0663,-94.427,31.0775,-94.4081,"Old Johnson School Road was closed due to flooding.","Tropical Storm Harvey emerged back over the Northwest Gulf of Mexico during the morning hours of August 28th, and intensified slightly as drifted northwest just off the Southeast Texas coast, eventually making a 3rd landfall near Cameron, Louisiana during the early morning hours of August 30th. The persistent outer bands of Tropical Storm Harvey began consistently affecting Angelina County, Texas during the afternoon and evening of August 27th, with persistent training resulting in flash flooding. Breaks in the heavy rain were observed through much of the 28th before affecting Angelina County again during the late afternoon/evening hours, which continued through the early morning hours on August 29th. After Harvey made landfall in far Southwest Louisiana during the early morning hours of August 30th, the more concentrated bands of heavy rain were concentrated on the northwest side of the center, which slowly drifted northeast into Central Louisiana during the afternoon and evening hours. Thus, more significant reports of flash flooding were received across Deep East Texas and Westcentral Louisiana, before drier air had begun to wrap around the center, thus reducing rainfall rates as the center moved into Northeast Louisiana during the early morning hours of August 31st. In addition to the widespread flooding, reports of downed trees and power lines were received over portions of Deep East Texas and Northcentral Louisiana, as some of the stronger squalls produced wind gusts to 35-40 mph with locally higher gusts atop already saturated grounds.||Here are some of the 4 day cumulative rainfall reports across Deep East Texas from Tropical Storm Harvey: In Angelina County, 2 ESE Zavalla 20.27 inches, 2 ENE Zavalla 17.32 inches, Huntington 13.94 inches, Lufkin Angelina Airport 12.11 inches, 1 SSE Lufkin 11.96 inches, 3 SW Lufkin 11.74 inches, 8 W Lufkin 10.17 inches, 5 WNW Lufkin 10.00 inches, 7 W Lufkin 9.60 inches, 2 WSW Hudson 9.09 inches. In Nacogdoches County, 4 NW Appleby 9.91 inches, Nacogdoches Arbor Oaks 8.35 inches, 10 NE Nacogdoches 6.38 inches. In Sabine County, Pineland 15.67 inches, Sabine South RAWS 14.36 inches, 4 SSE Hemphill 8.77 inches. In San Augustine County, 15 SE Broaddus 19.01 inches, Ayish Bayou 15.45 inches. In Shelby County, 4 SSW Huxley 13.24 inches, Center 0.6 NW 6.62 inches, Center 4.26 inches. In addition, the Neches River gauge near Rockland recorded 21.93 inches, with Sam Rayburn Dam recording 18.21 inches.",192
711063,ANGELINA CO.,PEAVY,08/29/2017,540,Flash Flood, , ,0,0,0,0,TX,CST-6, ,118330,C,5,SHV,0,0,Law Enforcement,Heavy Rain, , ,1,SSW,1,SSW,PEAVY,08/29/2017,1745,31.2635,-94.8304,31.269,-94.8242,"Farm to Market Road 2497 was closed due to flooding.","Tropical Storm Harvey emerged back over the Northwest Gulf of Mexico during the morning hours of August 28th, and intensified slightly as drifted northwest just off the Southeast Texas coast, eventually making a 3rd landfall near Cameron, Louisiana during the early morning hours of August 30th. The persistent outer bands of Tropical Storm Harvey began consistently affecting Angelina County, Texas during the afternoon and evening of August 27th, with persistent training resulting in flash flooding. Breaks in the heavy rain were observed through much of the 28th before affecting Angelina County again during the late afternoon/evening hours, which continued through the early morning hours on August 29th. After Harvey made landfall in far Southwest Louisiana during the early morning hours of August 30th, the more concentrated bands of heavy rain were concentrated on the northwest side of the center, which slowly drifted northeast into Central Louisiana during the afternoon and evening hours. Thus, more significant reports of flash flooding were received across Deep East Texas and Westcentral Louisiana, before drier air had begun to wrap around the center, thus reducing rainfall rates as the center moved into Northeast Louisiana during the early morning hours of August 31st. In addition to the widespread flooding, reports of downed trees and power lines were received over portions of Deep East Texas and Northcentral Louisiana, as some of the stronger squalls produced wind gusts to 35-40 mph with locally higher gusts atop already saturated grounds.||Here are some of the 4 day cumulative rainfall reports across Deep East Texas from Tropical Storm Harvey: In Angelina County, 2 ESE Zavalla 20.27 inches, 2 ENE Zavalla 17.32 inches, Huntington 13.94 inches, Lufkin Angelina Airport 12.11 inches, 1 SSE Lufkin 11.96 inches, 3 SW Lufkin 11.74 inches, 8 W Lufkin 10.17 inches, 5 WNW Lufkin 10.00 inches, 7 W Lufkin 9.60 inches, 2 WSW Hudson 9.09 inches. In Nacogdoches County, 4 NW Appleby 9.91 inches, Nacogdoches Arbor Oaks 8.35 inches, 10 NE Nacogdoches 6.38 inches. In Sabine County, Pineland 15.67 inches, Sabine South RAWS 14.36 inches, 4 SSE Hemphill 8.77 inches. In San Augustine County, 15 SE Broaddus 19.01 inches, Ayish Bayou 15.45 inches. In Shelby County, 4 SSW Huxley 13.24 inches, Center 0.6 NW 6.62 inches, Center 4.26 inches. In addition, the Neches River gauge near Rockland recorded 21.93 inches, with Sam Rayburn Dam recording 18.21 inches.",193
721130,GALVESTON CO.,HIGH IS,08/29/2017,700,Flash Flood, , ,0,0,0,0,TX,CST-6, ,119753,C,167,HGX,0,0,Department of Highways,Heavy Rain / Tropical System, , ,2,SE,2,SE,HIGH IS,08/30/2017,800,29.5527,-94.3775,29.5541,-94.3799,"Heavy rainfall exacerbated the the flooding of low lying areas along Highway 87 at Highway 124 on the eastern side of Bolivar Peninsula.||Approximately 7,000 homes and 125 businesses were impacted by flood waters across the county. Clear Creek measured record levels that lead to the widespread flooding throughout Friendswood and League City. Major flooding occurred along the Dickinson Bayou; from Cemetery Road to east of Highway 3 along FM 517. Flood waters inundated sections of Interstate 45, Bay Area Boulevard, FM 528, FM 518 and numerous primary and secondary county roads.","Harvey made landfall as a category 4 hurricane near Rockport, Texas during the evening of August 25th. The storm then weakened to a tropical storm and slowed,  looping back and tracking over SE Texas then back over the Gulf of Mexico making a second landfall along the Louisiana coast during the early morning hours of August 30th. Over that 5 day period over Southeast Texas TS Harvey produced catastrophic flooding with a large area of 30 to 60 inches of rain, 23 tornadoes, tropical storm force winds and a moderate storm surge near Matagorda Bay.  In some of the heavier bands rain fell at a rate of over 5 inches per hour. This copious record amount of rain over a  led to catastrophic flooding. Thousands of homes, businesses, and roads were flooded due to flash flooding and sheet flow from long duration intense rain. Main stem rivers and adjoining tributaries, creeks and bayous reached full capacity and came out of their banks and this also contributed to the massive flooding across southeastern Texas.",194
721131,LIBERTY CO.,LIBERTY,08/29/2017,1039,Flash Flood, , ,0,0,0,0,TX,CST-6, ,119753,C,291,HGX,0,0,Department of Highways,Heavy Rain / Tropical System, , ,1,S,1,W,AMES,08/30/2017,800,30.0513,-94.7959,30.0483,-94.7626,"Portions of FM 563 were covered with high water and had become impassable.","Harvey made landfall as a category 4 hurricane near Rockport, Texas during the evening of August 25th. The storm then weakened to a tropical storm and slowed,  looping back and tracking over SE Texas then back over the Gulf of Mexico making a second landfall along the Louisiana coast during the early morning hours of August 30th. Over that 5 day period over Southeast Texas TS Harvey produced catastrophic flooding with a large area of 30 to 60 inches of rain, 23 tornadoes, tropical storm force winds and a moderate storm surge near Matagorda Bay.  In some of the heavier bands rain fell at a rate of over 5 inches per hour. This copious record amount of rain over a  led to catastrophic flooding. Thousands of homes, businesses, and roads were flooded due to flash flooding and sheet flow from long duration intense rain. Main stem rivers and adjoining tributaries, creeks and bayous reached full capacity and came out of their banks and this also contributed to the massive flooding across southeastern Texas.",195
721133,GALVESTON CO.,GALVESTON,08/29/2017,1158,Flash Flood, , ,0,0,1000,0,TX,CST-6, ,119753,C,167,HGX,0,0,Department of Highways,Heavy Rain / Tropical System, , ,3,ENE,3,ENE,GALVESTON,08/30/2017,1200,29.3132,-94.7732,29.3146,-94.769,"Areas along Highway 87, or Ferry Drive south of Harborside Drive, were flooded and impassable.","Harvey made landfall as a category 4 hurricane near Rockport, Texas during the evening of August 25th. The storm then weakened to a tropical storm and slowed,  looping back and tracking over SE Texas then back over the Gulf of Mexico making a second landfall along the Louisiana coast during the early morning hours of August 30th. Over that 5 day period over Southeast Texas TS Harvey produced catastrophic flooding with a large area of 30 to 60 inches of rain, 23 tornadoes, tropical storm force winds and a moderate storm surge near Matagorda Bay.  In some of the heavier bands rain fell at a rate of over 5 inches per hour. This copious record amount of rain over a  led to catastrophic flooding. Thousands of homes, businesses, and roads were flooded due to flash flooding and sheet flow from long duration intense rain. Main stem rivers and adjoining tributaries, creeks and bayous reached full capacity and came out of their banks and this also contributed to the massive flooding across southeastern Texas.",196
721134,CHAMBERS CO.,HANKAMER,08/29/2017,1425,Flash Flood, , ,0,0,0,0,TX,CST-6, ,119753,C,71,HGX,0,0,Department of Highways,Heavy Rain / Tropical System, , ,2,ENE,4,NW,WINNIE,08/31/2017,1200,29.8598,-94.5992,29.8598,-94.4179,"Sections of Interstate 10 west of Winnie were inundated and closed due to high flood waters.","Harvey made landfall as a category 4 hurricane near Rockport, Texas during the evening of August 25th. The storm then weakened to a tropical storm and slowed,  looping back and tracking over SE Texas then back over the Gulf of Mexico making a second landfall along the Louisiana coast during the early morning hours of August 30th. Over that 5 day period over Southeast Texas TS Harvey produced catastrophic flooding with a large area of 30 to 60 inches of rain, 23 tornadoes, tropical storm force winds and a moderate storm surge near Matagorda Bay.  In some of the heavier bands rain fell at a rate of over 5 inches per hour. This copious record amount of rain over a  led to catastrophic flooding. Thousands of homes, businesses, and roads were flooded due to flash flooding and sheet flow from long duration intense rain. Main stem rivers and adjoining tributaries, creeks and bayous reached full capacity and came out of their banks and this also contributed to the massive flooding across southeastern Texas.",197
711054,ANGELINA CO.,BURKE,08/29/2017,1702,Flash Flood, , ,0,0,0,0,TX,CST-6, ,118330,C,5,SHV,0,0,Department of Highways,Heavy Rain, , ,2,S,2,S,BURKE,08/29/2017,2100,31.2063,-94.7819,31.2063,-94.7808,"Ryan Chapel Creek Road near Highway 59 was covered in high water and closed.","Tropical Storm Harvey emerged back over the Northwest Gulf of Mexico during the morning hours of August 28th, and intensified slightly as drifted northwest just off the Southeast Texas coast, eventually making a 3rd landfall near Cameron, Louisiana during the early morning hours of August 30th. The persistent outer bands of Tropical Storm Harvey began consistently affecting Angelina County, Texas during the afternoon and evening of August 27th, with persistent training resulting in flash flooding. Breaks in the heavy rain were observed through much of the 28th before affecting Angelina County again during the late afternoon/evening hours, which continued through the early morning hours on August 29th. After Harvey made landfall in far Southwest Louisiana during the early morning hours of August 30th, the more concentrated bands of heavy rain were concentrated on the northwest side of the center, which slowly drifted northeast into Central Louisiana during the afternoon and evening hours. Thus, more significant reports of flash flooding were received across Deep East Texas and Westcentral Louisiana, before drier air had begun to wrap around the center, thus reducing rainfall rates as the center moved into Northeast Louisiana during the early morning hours of August 31st. In addition to the widespread flooding, reports of downed trees and power lines were received over portions of Deep East Texas and Northcentral Louisiana, as some of the stronger squalls produced wind gusts to 35-40 mph with locally higher gusts atop already saturated grounds.||Here are some of the 4 day cumulative rainfall reports across Deep East Texas from Tropical Storm Harvey: In Angelina County, 2 ESE Zavalla 20.27 inches, 2 ENE Zavalla 17.32 inches, Huntington 13.94 inches, Lufkin Angelina Airport 12.11 inches, 1 SSE Lufkin 11.96 inches, 3 SW Lufkin 11.74 inches, 8 W Lufkin 10.17 inches, 5 WNW Lufkin 10.00 inches, 7 W Lufkin 9.60 inches, 2 WSW Hudson 9.09 inches. In Nacogdoches County, 4 NW Appleby 9.91 inches, Nacogdoches Arbor Oaks 8.35 inches, 10 NE Nacogdoches 6.38 inches. In Sabine County, Pineland 15.67 inches, Sabine South RAWS 14.36 inches, 4 SSE Hemphill 8.77 inches. In San Augustine County, 15 SE Broaddus 19.01 inches, Ayish Bayou 15.45 inches. In Shelby County, 4 SSW Huxley 13.24 inches, Center 0.6 NW 6.62 inches, Center 4.26 inches. In addition, the Neches River gauge near Rockland recorded 21.93 inches, with Sam Rayburn Dam recording 18.21 inches.",198
721135,CHAMBERS CO.,MONROE CITY,08/29/2017,1714,Flash Flood, , ,0,0,0,0,TX,CST-6, ,119753,C,71,HGX,0,0,Department of Highways,Heavy Rain / Tropical System, , ,2,SSE,3,N,MONROE CITY,08/31/2017,600,29.7551,-94.5676,29.824,-94.582,"Flooding occurred over Texas Roads 61 and 65 just east of Anahuac.","Harvey made landfall as a category 4 hurricane near Rockport, Texas during the evening of August 25th. The storm then weakened to a tropical storm and slowed,  looping back and tracking over SE Texas then back over the Gulf of Mexico making a second landfall along the Louisiana coast during the early morning hours of August 30th. Over that 5 day period over Southeast Texas TS Harvey produced catastrophic flooding with a large area of 30 to 60 inches of rain, 23 tornadoes, tropical storm force winds and a moderate storm surge near Matagorda Bay.  In some of the heavier bands rain fell at a rate of over 5 inches per hour. This copious record amount of rain over a  led to catastrophic flooding. Thousands of homes, businesses, and roads were flooded due to flash flooding and sheet flow from long duration intense rain. Main stem rivers and adjoining tributaries, creeks and bayous reached full capacity and came out of their banks and this also contributed to the massive flooding across southeastern Texas.",199
721136,HARRIS CO.,WESTFIELD,08/29/2017,1804,Flash Flood, , ,0,0,0,0,TX,CST-6, ,119753,C,201,HGX,0,0,Department of Highways,Heavy Rain / Tropical System, , ,2,WNW,2,W,WESTFIELD,08/31/2017,600,30.0342,-95.4334,30.0174,-95.4331,"FM 1960 at Interstate 45 and surrounding roadways within local neighborhoods were inundated with flood waters and impassable.||Catastrophic flooding occurred on nearly every one of the 22 watersheds in Harris County. 10 out of the 19 bayous in the county reached record crests and flooding. There was widespread flooding along Buffalo Bayou and upstream and downstream of both Addicks and Barkers Reservoirs due to record level pool elevations. There was major flooding of hundreds of homes within numerous neighboring subdivisions along the San Jacinto River and the East Fork of the San Jacinto River. Lake Conroe's releases and backwater flow from Lake Houston also contributed to the widespread flooding across the northern and northeastern sectors of the county.","Harvey made landfall as a category 4 hurricane near Rockport, Texas during the evening of August 25th. The storm then weakened to a tropical storm and slowed,  looping back and tracking over SE Texas then back over the Gulf of Mexico making a second landfall along the Louisiana coast during the early morning hours of August 30th. Over that 5 day period over Southeast Texas TS Harvey produced catastrophic flooding with a large area of 30 to 60 inches of rain, 23 tornadoes, tropical storm force winds and a moderate storm surge near Matagorda Bay.  In some of the heavier bands rain fell at a rate of over 5 inches per hour. This copious record amount of rain over a  led to catastrophic flooding. Thousands of homes, businesses, and roads were flooded due to flash flooding and sheet flow from long duration intense rain. Main stem rivers and adjoining tributaries, creeks and bayous reached full capacity and came out of their banks and this also contributed to the massive flooding across southeastern Texas.",200
719496,JASPER CO.,BEECH GROVE,08/29/2017,2229,Flash Flood, , ,0,0,85000000,0,TX,CST-6, ,119746,C,241,LCH,0,0,Emergency Manager,Heavy Rain / Tropical System, , ,28,W,19,ESE,GIST,08/30/2017,1600,30.9235,-94.5992,31.2083,-93.5815,"Harvey produced 20 to 40 inches of rain across a large portion of Jasper County. This resulted in over 4,000 homes being flooded. Worst hit areas were Kirbyville, Buna, and Weiss Bluff. The Neches River had its second highest crest at Evadale.","Harvey moved across the Gulf of Mexico into the central Texas Coast during the last week of August. After the initial landfall, the cyclone moved back into the gulf a couple days later and then made another landfall in Southwest Louisiana during the morning of the 30th. The first rains from the system moved across the region during the afternoon of the 25th and finally ended during the morning of September 1. One to 5 feet of rain fell across Southeast Texas during the week which in some cases was slightly more than a normal yearly rainfall total. Widespread flooding occurred and a new rainfall record was set regarding the total for a tropical cyclone in the United States.",201
719497,NEWTON CO.,BURKEVILLE,08/29/2017,2229,Flash Flood, , ,2,0,45000000,0,TX,CST-6, ,119746,C,351,LCH,0,0,Emergency Manager,Heavy Rain / Tropical System, , ,6,SE,13,S,HARTBURG,08/30/2017,1600,30.9449,-93.5458,30.0598,-93.7189,"Harvey produced 20 to 40 inches of rain across a large portion of the Newton County. This resulted in near 2,000 homes being flooded. Hardest hit areas were Trout Creek, Call, and along Big Cow Creek and the Sabine River. The Sabine River reached its 3rd, 4th, and 5th highest crests at Deweyville, Bon Weir, and Burkville respectively.","Harvey moved across the Gulf of Mexico into the central Texas Coast during the last week of August. After the initial landfall, the cyclone moved back into the gulf a couple days later and then made another landfall in Southwest Louisiana during the morning of the 30th. The first rains from the system moved across the region during the afternoon of the 25th and finally ended during the morning of September 1. One to 5 feet of rain fell across Southeast Texas during the week which in some cases was slightly more than a normal yearly rainfall total. Widespread flooding occurred and a new rainfall record was set regarding the total for a tropical cyclone in the United States.",202
721361,CALHOUN CO.,TIVOLI GULF CST ARPT,08/30/2017,0,Flood, , ,0,0,1000000,0,TX,CST-6, ,119859,C,57,CRP,0,0,Newspaper,Heavy Rain / Tropical System, , ,3,NNW,1,ENE,TIVOLI GULF CST ARPT,08/31/2017,2359,28.5048,-96.8874,28.4722,-96.8596,"Major flooding occurred along the Guadalupe River from Hurricane Harvey. Several homes were flooded in Calhoun County along River Road east of Tivoli. State Highway 35 was closed near Tivoli. Major flooding continued into the first few days of September.","Major Hurricane Harvey impacted the Middle Texas coast on August 25th and 26th. Harvey was the first category 4 hurricane to strike Texas since Hurricane Carla in 1961. Harvey severely affected the cities of Rockport, Fulton, Port Aransas, Aransas Pass, Ingleside, Holiday Beach, and Refugio. Minor to moderate damage occurred in cities of Portland, Corpus Christi, Seadrift, Woodsboro, Port Lavaca, Goliad, and Victoria.||Harvey weakened to a tropical wave as the system moved across the Caribbean Sea and the Yucatan peninsula from August 18th until the 22nd. Harvey formed into a tropical depression over the southern Gulf of Mexico on the morning of August 23rd. Harvey rapidly intensified from a tropical depression to a major hurricane in 40 hours as it moved northwest toward the Texas coast. Harvey continued to intensify as it approached the Middle Texas coast on August 25th and made landfall as a Category 4 hurricane during the evening hours. Harvey was the first major hurricane to make landfall on the Middle Texas coast since Hurricane Celia in August of 1970. ||Hurricane Harvey slowed down after landfall and weakened into a tropical storm on the afternoon of the 26th. Tropical Storm Harvey became nearly stationary west of Cuero from the evening of the 26th through the morning of the 27th. Harvey drifted southeastward across the Victoria Crossroads on the afternoon of the 27th. Harvey then moved into Matagorda Bay during the morning hours of the 28th and back into northwest Gulf of Mexico later that afternoon. Tropical storm conditions persisted near the northern portion of the Middle Texas coast into the early morning hours of the 29th.||Hurricane Harvey moved inland in Aransas County on San Jose Island around 830 PM CDT August 25th. Harvey had a minimum central pressure of 938 millibars and produced a maximum storm surge of 12.5 feet. Maximum sustained winds were estimated at 130 mph (115 knots) with gusts to 160 mph (140 knots).  In South Texas, the maximum recorded rainfall from Hurricane Harvey was 17.08 inches 4 miles northwest of Victoria. Radar estimates were close to 20 inches over eastern portions of Refugio County. The height of the storm tide, referenced to mean higher high water, ranged from 3 to 5 feet on northern Padre Island and around Port O'Connor to a maximum of 12.5 feet in northeast Aransas County in the Aransas National Wildlife Refuge near San Antonio Bay. Storm tide levels in the interior bays were generally from 5 to 8 feet with higher amounts near 10 feet on the south end of Copano Bay, the north end of Aransas Bay, and the north end of Lavaca Bay. ||There were no direct fatalities from Hurricane Harvey on the Middle Texas Coast. There were 2 indirect fatalities in Rockport and 1 near Bloomington. All of the associated affects from Hurricane Harvey in South Texas from August 25th to August 27th resulted in 14 injuries, $4.5 billion in property damage, and around $65 million in crop damage. Specifically in South Texas, Harvey's inland flooding resulted in $5 million in property damage. One tornado near Seadrift resulted in $10 thousand in property damage. The powerful winds resulted in 14 injuries, $4 billion in property damage, and $65 million in crop damage. The storm tide resulted in $530 million in property damage and a number of drowned livestock. Damage estimates to public property and infrastructure was $130 million in South Texas.||Hurricane Harvey blew down or damaged around 550 power transmission structures. American Electric Power (AEP) repaired or replaced around 5000 distribution poles that were blown down or damaged by Harvey. Almost four million total feet of transmission and distribution conductor were replaced, approximately 712 miles. Power was restored to around 200,000 customers within 2 weeks.||In Aransas County, widespread major damage occurred across the county with a few areas having catastrophic damage. Catastrophic damage was located across Copano Village, Holiday Beach, and Lamar with many homes, some elevated, with second stories completely collapsed. Nearly every structure was greatly impacted. A couple of brick homes were destroyed near Copano Village. Catastrophic damage occurred to homes in the Copano Ridge area. Nearly all the trees in the Holiday Beach, Lamar, and Goose Island State Park area were without leaves with many trees snapped or uprooted. Most of Rockport and Fulton experienced widespread major structural damage. Several homes in the Key Allegro subdivision collapsed. Exterior walls collapsed on the high school gymnasium, on several churches, and on several new hotels. Upper floors of several apartment buildings were removed. Mobile homes and recreational vehicles were demolished. Billboard signs were blown down. Numerous power poles were blown down or snapped. Six hangars were demolished at the Aransas County Airport along with many airplanes. The county remained without power for 2 to 3 weeks. A mesonet wind sensor at Aransas County Airport recorded sustained winds around 110 mph with a peak gust to 150 mph. Nearly 1500 homes were destroyed, almost 3800 homes suffered major damage, and 5350 homes suffered minor damage. There were 175 businesses with major damage. Storm surge greatly impacted Holiday Beach and Copano Village. The surge punched holes through walls and garage doors on the lower portions of most homes. The surge floated vehicles, recreational vehicles, and boats well inland. The surge approached and flowed across Egery Island Road and Farm to Market 136 in several locations south of Bayside in extreme western Aransas County. Numerous cattle were killed north of Holiday Beach. A large portion of Rattlesnake Point Road was eroded and washed away heading out to Redfish Lodge on Copano Bay. The pier south of the lodge was completely washed away. Storm surge of 4 to 5 feet was common across the county. The maximum storm surge of 12.5 feet occurred in the Aransas National Wildlife Refuge. There were 356 homes that received major damage from storm surge and there were 1126 homes that received minor damage from storm surge. There were 1200 homes that were affected by storm surge. From NOAA photos, there were 14 cuts formed on the southern end of San Jose Island.||In Nueces County, the most significant damage was in Port Aransas where widespread major damage occurred. There were 4170 homes that received major damage and 1036 homes destroyed. Most homes suffered major roof damage while some homes lost roofs and walls collapsed. There were 457 businesses with major damage and slightly more than 1100 homes with minor damage. Mobile homes and recreational vehicles were demolished. Numerous power poles were blown down or snapped. The roofs were damaged at the elementary, middle, and high schools for Port Aransas leading to water damage in the interior. In Corpus Christi, widespread minor property damage was common due to lost shingles and fences down. Some residences and businesses experienced moderate damage mainly across the northern part of the city. Taller buildings downtown suffered more significant damage and lost signs. A few highway signs were blown down. Minor roof damage was common to residences and business in North Padre Island with some areas with moderate damage. Peak wind gusts measured were around 130 mph in Port Aransas. Storm tides were from 6 to 8 feet in Port Aransas as the storm surge entered from the west from Corpus Christi and Redfish Bays. Numerous boats were damaged or destroyed and pushed out of their moorings onto high ground. A large drill boat broke loose, destroyed a pier, and became grounded along the jetty. Two tugs broke loose near the Gulf Intracoastal Waterway with one becoming grounded and the other sinking. Two ferries were damaged when they were pinned against the loading dock. The storm surge inundated Highway 361 along a 10 miles stretch from near the Mustang Island State Park to Port Aransas with the water several feet deep. A few boats became moored near Packery Channel. The Arnold Palmer designed golf course at Palmilla Beach south of Port Aransas was inundated by storm surge with water covering most of the course. Storm tide of 4 to 6 feet impacted residences and businesses in Padre Island from the Laguna Madre. Storm surge caused major damage to 520 homes and minor damage to 1327 homes. Storm surge affected an additional 2200 homes. The Port of Corpus Christi was shutdown for a record 6 days. Port Aransas Independent School District lost 8 buses due to damage from salt water.||In Calhoun County, minor to moderate property damage was common across the city of Port Lavaca with large areas of siding removed from a few well constructed homes. The tops of grain bins in Port Lavaca were peeled off. Numerous trees were blown down in the community of Seadrift. Many homes experienced minor to moderate roof and property damage. Some poorly constructed homes experienced major roof damage. In Port O'Connor, numerous trees were blown down with three quarters of the community experiencing minor roof damage. A few power poles were blown down. Minor to moderate roof damage occurred at Magnolia Beach, Alamo Beach, and Indianola. Over 2100 homes and 72 businesses received major damage while 421 homes were destroyed. There were 1865 homes with minor damage and 1575 homes affected. There was significant damage to the cotton crop in the county. Hundreds of acres unharvested cotton were ruined in the fields. Harvested cotton in modules and bales were damaged by the wind or blown into water filled ditches. The highest wind speed measured was 82 mph with gusts to 110 mph northwest of Seadrift. Storm tides averaged from 6 to 8 feet across Calhoun County with maximum tide levels around 10 feet recorded on the north end of Lavaca Bay while lower tides from 3 to 5 feet occurred from Port O'Connor to southeast of Seadrift next to Espiritu Santo Bay. In Port Lavaca, water from Chocolate Bay inundated the public boat ramp near Buren Road. The lower half of Buren Road was inundated. The entire marina along Lavaca Bay was strongly impacted with 16 boats declared a total loss with many of them sinking in the marina. Several boats were grounded next to the marina. The Bayfront Peninsula Park was inundated. Areas east of Broadway street were inundated with water reaching across Highway 35 in the area near Lighthouse Beach. Piers at Lighthouse Beach Park and Bayfront Peninsula Park were destroyed. Nearly the entire marina in Seadrift was inundated from storm surge with several boats grounded on the marina parking lot. Most of the wooden docks at the marina and a few wooden piers were destroyed. The storm surge reached Bay Avenue almost reaching the beachfront pavilion. Storm surge entered homes near the Bay Avenue and Orange Street intersection. In Magnolia Beach and Indianola, storm surge flooded nearly all of Magnolia Public Beach and crossed North Ocean Drive in a few spots. A few areas of South Ocean Drive near Indianola were inundated. Several older wooden docks and piers were destroyed. In Port O'Connor, storm surge from Matagorda Bay reached half of the way up Kingfisher Beach toward Park Street. The storm surge caused major damage to 56 homes, minor damage to 322 homes, and affected 446 homes across the county. A thousand foot cut was made through Matagorda Island.||In San Patricio County, the worst damage was confined to the eastern half of the county. Almost 8700 homes were affected by the hurricane. There were 155 homes destroyed, 425 homes with major damage, and slightly more than 3300 homes with minor damage. There were 72 businesses with major damage. The hardest hit areas were Aransas Pass and Ingleside where major damage occurred. Widespread roof damage and tree damage occurred in this area. Numerous large power poles were blown down across the eastern half of the county. The water tower in Aransas Pass was destroyed. Roof damage led to extensive interior damage to the Care Regional Medical Center in Aransas Pass. Power outage was widespread with some areas without power for over a week. There was widespread minor roof damage and fences blown down in Portland along with a few trees blown down. Minor roof damage occurred in Taft and a car wash was destroyed. A couple of grain silos at the Midway Gin near Taft were toppled over. Crop damage to cotton stored in modules occurred in the eastern part of the county. The peak wind recorded was in Aransas Pass with sustained wind speed of 100 mph with gusts to 135 mph at Conn Brown Harbor. Survey from the United States Geologic Survey (USGS) indicated a storm tide of around 4 feet impacted the area from Ingleside On-the-Bay to Aransas Pass. Numerous wooden piers and docks were damaged or destroyed. A couple of boats were damaged in the Conn Brown Harbor in Aransas Pass. Major flooding was experienced in the low part of Aransas Pass adjacent to the levee. One home suffered major damage from storm surge while 40 homes had minor damage. Around 540 homes were affected by storm surge.||In Refugio County, widespread moderate structural damage with pockets of major structural damage occurred in Refugio. Most homes and businesses had roof damage, broken windows, and damaged garage doors. Two motels received significant damage to their roofs. Gas station canopies and many signs were destroyed. A few brick structures experienced moderate damage. Numerous trees and power poles were blown down. Roof damage occurred to several churches, every school building in the district except for the athletic facility. The school gymnasiums and auditorium lost portion of their roofs. Several trailer homes and storage buildings were destroyed. There was widespread tree damage with a few very large trees completely uprooted. Widespread moderate structural damage occurred in Bayside, Austwell, and Tivoli. Numerous trees and power poles were blown down including some high tension power poles. In Woodsboro, widespread minor to moderate damage occurred with a few poorly constructed homes with major damage. The elementary gymnasium and auditorium roofs were blown off. Numerous trees and a few power poles were blown down. The Bayside Richardson Coop Gin near Woodsboro sustained major damage and 30 thousand bales of cotton in storage modules were damaged. A sensor deployed by Texas Tech measured sustained winds of 106 mph with gusts to 125 mph just west of Mission Bay before the sensor was hit by debris. Another sensor showed wind speed of 102 mph with gusts to 129 mph north of the intersection of Highway 35 and Farm to Market Road 774 in eastern Refugio County. Around 440 homes were destroyed, around 1050 homes experienced major damage, and 66 businesses suffered major damage. Around 750 homes had minor damage with another 310 homes affected. Storm tide varied across the bay areas of the county. The higher storm tides affected the northeast part of the county as the storm surge pushed in from San Antonio Bay. Storm surge reached 10 feet east of Tivoli near the mouth of the Guadalupe River. Storm tides were lower on the west side of Copano Bay with storm surge only reaching 3 to 4 feet. Water covered Farm to Market Road 136 near the Copano Bay Bridge. Only 2 homes were affected by storm surge in the county.||In Goliad County, widespread minor roof damage occurred in the city of Goliad. Numerous trees and a few power poles were blown down across the county. The roof of the old high school gymnasium was peeled off. A hole was punched in the roof of the new wing of the school. Some class rooms along with the weight room and dressing room suffered water damage. Three families were displaced from homes when roofs and walls collapsed. There was some minor structural damage to some homes in Goliad. Several barns were blown down throughout the county. Some livestock were injured.||In Victoria County, Widespread minor to moderate roof damage occurred in the city of Bloomington. Several mobile homes were destroyed. All but three facilities within the Bloomington school district suffered wind and water damage. Widespread minor roof damage occurred in the city of Victoria. Several trees and a few power poles were blown down. Fences and street signs were blown down across the city. The maximum wind gust recorded in Victoria was 85 mph. Maximum wind gusts in the southern part of the county were around 110 mph. Twenty seven homes were destroyed. Around 75 percent of residential and commercial properties in the county were damaged.   Hundreds of acres of unharvested cotton were damaged in the field. Harvested cotton in modules and bales were damaged also. A few barns and storage buildings were blown down across the county.",203
714371,ANGELINA (ZONE), ,08/30/2017,250,Tropical Storm, , ,0,0,0,0,TX,CST-6, ,118915,Z,165,SHV,0,0,Law Enforcement, , , , , , , , ,08/30/2017,1845, , , , ,"","Tropical Storm Harvey emerged back over the Northwest Gulf of Mexico during the morning hours of August 28th, and intensified slightly as drifted northwest just off the Southeast Texas coast, eventually making a 3rd landfall near Cameron, Louisiana during the early morning hours of August 30th. The persistent outer bands of Tropical Storm Harvey began consistently affecting Angelina, Nacogdoches, San Augustine, and Sabine Counties throughout the day on August 30th, resulting in reports of downed trees and power lines as some of the stronger squalls produced wind gusts to 35-40 mph with locally higher gusts atop already saturated grounds.  ||In Angelina County, trees were blown down on FM 1818 near Biloxi Creek about 5 miles east southeast of Diboll. In Nacogdoches County, power lines were blown down across FM 2259, 3 miles southeast of Highway 224 just southeast of Nacogdoches. A tree also fell across both lanes of FM 95 about 4 miles south of Martinsville. In San Augustine County, several trees and power lines were blown down in Broaddus. In Sabine County, a tree fell on FM 2024 just east of Bronson, causing a vehicle to crash. There were unknown injuries. In addition, trees were blown down across Highway 87 at Redhill Lake, Odis Lowe Road, and FM 1592 about 1 mile north of Highway 184 in Northern Sabine County.",204
714374,SABINE (ZONE), ,08/30/2017,250,Tropical Storm, , ,0,0,0,0,TX,CST-6, ,118915,Z,167,SHV,0,0,Law Enforcement, , , , , , , , ,08/30/2017,1845, , , , ,"","Tropical Storm Harvey emerged back over the Northwest Gulf of Mexico during the morning hours of August 28th, and intensified slightly as drifted northwest just off the Southeast Texas coast, eventually making a 3rd landfall near Cameron, Louisiana during the early morning hours of August 30th. The persistent outer bands of Tropical Storm Harvey began consistently affecting Angelina, Nacogdoches, San Augustine, and Sabine Counties throughout the day on August 30th, resulting in reports of downed trees and power lines as some of the stronger squalls produced wind gusts to 35-40 mph with locally higher gusts atop already saturated grounds.  ||In Angelina County, trees were blown down on FM 1818 near Biloxi Creek about 5 miles east southeast of Diboll. In Nacogdoches County, power lines were blown down across FM 2259, 3 miles southeast of Highway 224 just southeast of Nacogdoches. A tree also fell across both lanes of FM 95 about 4 miles south of Martinsville. In San Augustine County, several trees and power lines were blown down in Broaddus. In Sabine County, a tree fell on FM 2024 just east of Bronson, causing a vehicle to crash. There were unknown injuries. In addition, trees were blown down across Highway 87 at Redhill Lake, Odis Lowe Road, and FM 1592 about 1 mile north of Highway 184 in Northern Sabine County.",205
714373,SAN AUGUSTINE (ZONE), ,08/30/2017,250,Tropical Storm, , ,0,0,0,0,TX,CST-6, ,118915,Z,166,SHV,0,0,Law Enforcement, , , , , , , , ,08/30/2017,1845, , , , ,"","Tropical Storm Harvey emerged back over the Northwest Gulf of Mexico during the morning hours of August 28th, and intensified slightly as drifted northwest just off the Southeast Texas coast, eventually making a 3rd landfall near Cameron, Louisiana during the early morning hours of August 30th. The persistent outer bands of Tropical Storm Harvey began consistently affecting Angelina, Nacogdoches, San Augustine, and Sabine Counties throughout the day on August 30th, resulting in reports of downed trees and power lines as some of the stronger squalls produced wind gusts to 35-40 mph with locally higher gusts atop already saturated grounds.  ||In Angelina County, trees were blown down on FM 1818 near Biloxi Creek about 5 miles east southeast of Diboll. In Nacogdoches County, power lines were blown down across FM 2259, 3 miles southeast of Highway 224 just southeast of Nacogdoches. A tree also fell across both lanes of FM 95 about 4 miles south of Martinsville. In San Augustine County, several trees and power lines were blown down in Broaddus. In Sabine County, a tree fell on FM 2024 just east of Bronson, causing a vehicle to crash. There were unknown injuries. In addition, trees were blown down across Highway 87 at Redhill Lake, Odis Lowe Road, and FM 1592 about 1 mile north of Highway 184 in Northern Sabine County.",206
714372,NACOGDOCHES (ZONE), ,08/30/2017,250,Tropical Storm, , ,0,0,0,0,TX,CST-6, ,118915,Z,152,SHV,0,0,Law Enforcement, , , , , , , , ,08/30/2017,1845, , , , ,"","Tropical Storm Harvey emerged back over the Northwest Gulf of Mexico during the morning hours of August 28th, and intensified slightly as drifted northwest just off the Southeast Texas coast, eventually making a 3rd landfall near Cameron, Louisiana during the early morning hours of August 30th. The persistent outer bands of Tropical Storm Harvey began consistently affecting Angelina, Nacogdoches, San Augustine, and Sabine Counties throughout the day on August 30th, resulting in reports of downed trees and power lines as some of the stronger squalls produced wind gusts to 35-40 mph with locally higher gusts atop already saturated grounds.  ||In Angelina County, trees were blown down on FM 1818 near Biloxi Creek about 5 miles east southeast of Diboll. In Nacogdoches County, power lines were blown down across FM 2259, 3 miles southeast of Highway 224 just southeast of Nacogdoches. A tree also fell across both lanes of FM 95 about 4 miles south of Martinsville. In San Augustine County, several trees and power lines were blown down in Broaddus. In Sabine County, a tree fell on FM 2024 just east of Bronson, causing a vehicle to crash. There were unknown injuries. In addition, trees were blown down across Highway 87 at Redhill Lake, Odis Lowe Road, and FM 1592 about 1 mile north of Highway 184 in Northern Sabine County.",207
711072,SABINE CO.,HEMPHILL,08/30/2017,1205,Flash Flood, , ,0,0,0,0,TX,CST-6, ,118330,C,403,SHV,0,0,Law Enforcement,Heavy Rain, , ,1,NNW,1,N,HEMPHILL,08/31/2017,245,31.3501,-93.8588,31.3502,-93.8476,"Arnold and Barber Streets in Hemphill were closed due to high water.","Tropical Storm Harvey emerged back over the Northwest Gulf of Mexico during the morning hours of August 28th, and intensified slightly as drifted northwest just off the Southeast Texas coast, eventually making a 3rd landfall near Cameron, Louisiana during the early morning hours of August 30th. The persistent outer bands of Tropical Storm Harvey began consistently affecting Angelina County, Texas during the afternoon and evening of August 27th, with persistent training resulting in flash flooding. Breaks in the heavy rain were observed through much of the 28th before affecting Angelina County again during the late afternoon/evening hours, which continued through the early morning hours on August 29th. After Harvey made landfall in far Southwest Louisiana during the early morning hours of August 30th, the more concentrated bands of heavy rain were concentrated on the northwest side of the center, which slowly drifted northeast into Central Louisiana during the afternoon and evening hours. Thus, more significant reports of flash flooding were received across Deep East Texas and Westcentral Louisiana, before drier air had begun to wrap around the center, thus reducing rainfall rates as the center moved into Northeast Louisiana during the early morning hours of August 31st. In addition to the widespread flooding, reports of downed trees and power lines were received over portions of Deep East Texas and Northcentral Louisiana, as some of the stronger squalls produced wind gusts to 35-40 mph with locally higher gusts atop already saturated grounds.||Here are some of the 4 day cumulative rainfall reports across Deep East Texas from Tropical Storm Harvey: In Angelina County, 2 ESE Zavalla 20.27 inches, 2 ENE Zavalla 17.32 inches, Huntington 13.94 inches, Lufkin Angelina Airport 12.11 inches, 1 SSE Lufkin 11.96 inches, 3 SW Lufkin 11.74 inches, 8 W Lufkin 10.17 inches, 5 WNW Lufkin 10.00 inches, 7 W Lufkin 9.60 inches, 2 WSW Hudson 9.09 inches. In Nacogdoches County, 4 NW Appleby 9.91 inches, Nacogdoches Arbor Oaks 8.35 inches, 10 NE Nacogdoches 6.38 inches. In Sabine County, Pineland 15.67 inches, Sabine South RAWS 14.36 inches, 4 SSE Hemphill 8.77 inches. In San Augustine County, 15 SE Broaddus 19.01 inches, Ayish Bayou 15.45 inches. In Shelby County, 4 SSW Huxley 13.24 inches, Center 0.6 NW 6.62 inches, Center 4.26 inches. In addition, the Neches River gauge near Rockland recorded 21.93 inches, with Sam Rayburn Dam recording 18.21 inches.",208
711415,SABINE CO.,PINELAND,08/30/2017,1211,Flash Flood, , ,0,0,0,0,TX,CST-6, ,118330,C,403,SHV,0,0,Law Enforcement,Heavy Rain, , ,1,NNW,1,NNE,PINELAND,08/31/2017,245,31.2585,-93.9857,31.257,-93.9771,"Timberland Drive, Maple Street, and Yaupon Street in Pineland were closed due to high water.","Tropical Storm Harvey emerged back over the Northwest Gulf of Mexico during the morning hours of August 28th, and intensified slightly as drifted northwest just off the Southeast Texas coast, eventually making a 3rd landfall near Cameron, Louisiana during the early morning hours of August 30th. The persistent outer bands of Tropical Storm Harvey began consistently affecting Angelina County, Texas during the afternoon and evening of August 27th, with persistent training resulting in flash flooding. Breaks in the heavy rain were observed through much of the 28th before affecting Angelina County again during the late afternoon/evening hours, which continued through the early morning hours on August 29th. After Harvey made landfall in far Southwest Louisiana during the early morning hours of August 30th, the more concentrated bands of heavy rain were concentrated on the northwest side of the center, which slowly drifted northeast into Central Louisiana during the afternoon and evening hours. Thus, more significant reports of flash flooding were received across Deep East Texas and Westcentral Louisiana, before drier air had begun to wrap around the center, thus reducing rainfall rates as the center moved into Northeast Louisiana during the early morning hours of August 31st. In addition to the widespread flooding, reports of downed trees and power lines were received over portions of Deep East Texas and Northcentral Louisiana, as some of the stronger squalls produced wind gusts to 35-40 mph with locally higher gusts atop already saturated grounds.||Here are some of the 4 day cumulative rainfall reports across Deep East Texas from Tropical Storm Harvey: In Angelina County, 2 ESE Zavalla 20.27 inches, 2 ENE Zavalla 17.32 inches, Huntington 13.94 inches, Lufkin Angelina Airport 12.11 inches, 1 SSE Lufkin 11.96 inches, 3 SW Lufkin 11.74 inches, 8 W Lufkin 10.17 inches, 5 WNW Lufkin 10.00 inches, 7 W Lufkin 9.60 inches, 2 WSW Hudson 9.09 inches. In Nacogdoches County, 4 NW Appleby 9.91 inches, Nacogdoches Arbor Oaks 8.35 inches, 10 NE Nacogdoches 6.38 inches. In Sabine County, Pineland 15.67 inches, Sabine South RAWS 14.36 inches, 4 SSE Hemphill 8.77 inches. In San Augustine County, 15 SE Broaddus 19.01 inches, Ayish Bayou 15.45 inches. In Shelby County, 4 SSW Huxley 13.24 inches, Center 0.6 NW 6.62 inches, Center 4.26 inches. In addition, the Neches River gauge near Rockland recorded 21.93 inches, with Sam Rayburn Dam recording 18.21 inches.",209
711078,SAN AUGUSTINE CO.,CHINQUAPIN,08/30/2017,1212,Flash Flood, , ,0,0,0,0,TX,CST-6, ,118330,C,405,SHV,0,0,Law Enforcement,Heavy Rain, , ,10,SSE,10,SSE,CHINQUAPIN,08/31/2017,245,31.2535,-94.0606,31.2533,-94.0548,"High water over Highway 83 on Huckleberry Creek, just east of FM 1751.","Tropical Storm Harvey emerged back over the Northwest Gulf of Mexico during the morning hours of August 28th, and intensified slightly as drifted northwest just off the Southeast Texas coast, eventually making a 3rd landfall near Cameron, Louisiana during the early morning hours of August 30th. The persistent outer bands of Tropical Storm Harvey began consistently affecting Angelina County, Texas during the afternoon and evening of August 27th, with persistent training resulting in flash flooding. Breaks in the heavy rain were observed through much of the 28th before affecting Angelina County again during the late afternoon/evening hours, which continued through the early morning hours on August 29th. After Harvey made landfall in far Southwest Louisiana during the early morning hours of August 30th, the more concentrated bands of heavy rain were concentrated on the northwest side of the center, which slowly drifted northeast into Central Louisiana during the afternoon and evening hours. Thus, more significant reports of flash flooding were received across Deep East Texas and Westcentral Louisiana, before drier air had begun to wrap around the center, thus reducing rainfall rates as the center moved into Northeast Louisiana during the early morning hours of August 31st. In addition to the widespread flooding, reports of downed trees and power lines were received over portions of Deep East Texas and Northcentral Louisiana, as some of the stronger squalls produced wind gusts to 35-40 mph with locally higher gusts atop already saturated grounds.||Here are some of the 4 day cumulative rainfall reports across Deep East Texas from Tropical Storm Harvey: In Angelina County, 2 ESE Zavalla 20.27 inches, 2 ENE Zavalla 17.32 inches, Huntington 13.94 inches, Lufkin Angelina Airport 12.11 inches, 1 SSE Lufkin 11.96 inches, 3 SW Lufkin 11.74 inches, 8 W Lufkin 10.17 inches, 5 WNW Lufkin 10.00 inches, 7 W Lufkin 9.60 inches, 2 WSW Hudson 9.09 inches. In Nacogdoches County, 4 NW Appleby 9.91 inches, Nacogdoches Arbor Oaks 8.35 inches, 10 NE Nacogdoches 6.38 inches. In Sabine County, Pineland 15.67 inches, Sabine South RAWS 14.36 inches, 4 SSE Hemphill 8.77 inches. In San Augustine County, 15 SE Broaddus 19.01 inches, Ayish Bayou 15.45 inches. In Shelby County, 4 SSW Huxley 13.24 inches, Center 0.6 NW 6.62 inches, Center 4.26 inches. In addition, the Neches River gauge near Rockland recorded 21.93 inches, with Sam Rayburn Dam recording 18.21 inches.",210
711079,SABINE CO.,MILAM,08/30/2017,1301,Flash Flood, , ,0,0,0,0,TX,CST-6, ,118330,C,403,SHV,0,0,Law Enforcement,Heavy Rain, , ,2,SE,2,ESE,MILAM,08/31/2017,245,31.4088,-93.8332,31.4156,-93.8132,"Davidson Road was washed out and impassable.","Tropical Storm Harvey emerged back over the Northwest Gulf of Mexico during the morning hours of August 28th, and intensified slightly as drifted northwest just off the Southeast Texas coast, eventually making a 3rd landfall near Cameron, Louisiana during the early morning hours of August 30th. The persistent outer bands of Tropical Storm Harvey began consistently affecting Angelina County, Texas during the afternoon and evening of August 27th, with persistent training resulting in flash flooding. Breaks in the heavy rain were observed through much of the 28th before affecting Angelina County again during the late afternoon/evening hours, which continued through the early morning hours on August 29th. After Harvey made landfall in far Southwest Louisiana during the early morning hours of August 30th, the more concentrated bands of heavy rain were concentrated on the northwest side of the center, which slowly drifted northeast into Central Louisiana during the afternoon and evening hours. Thus, more significant reports of flash flooding were received across Deep East Texas and Westcentral Louisiana, before drier air had begun to wrap around the center, thus reducing rainfall rates as the center moved into Northeast Louisiana during the early morning hours of August 31st. In addition to the widespread flooding, reports of downed trees and power lines were received over portions of Deep East Texas and Northcentral Louisiana, as some of the stronger squalls produced wind gusts to 35-40 mph with locally higher gusts atop already saturated grounds.||Here are some of the 4 day cumulative rainfall reports across Deep East Texas from Tropical Storm Harvey: In Angelina County, 2 ESE Zavalla 20.27 inches, 2 ENE Zavalla 17.32 inches, Huntington 13.94 inches, Lufkin Angelina Airport 12.11 inches, 1 SSE Lufkin 11.96 inches, 3 SW Lufkin 11.74 inches, 8 W Lufkin 10.17 inches, 5 WNW Lufkin 10.00 inches, 7 W Lufkin 9.60 inches, 2 WSW Hudson 9.09 inches. In Nacogdoches County, 4 NW Appleby 9.91 inches, Nacogdoches Arbor Oaks 8.35 inches, 10 NE Nacogdoches 6.38 inches. In Sabine County, Pineland 15.67 inches, Sabine South RAWS 14.36 inches, 4 SSE Hemphill 8.77 inches. In San Augustine County, 15 SE Broaddus 19.01 inches, Ayish Bayou 15.45 inches. In Shelby County, 4 SSW Huxley 13.24 inches, Center 0.6 NW 6.62 inches, Center 4.26 inches. In addition, the Neches River gauge near Rockland recorded 21.93 inches, with Sam Rayburn Dam recording 18.21 inches.",211
711081,SABINE CO.,PINELAND,08/30/2017,1409,Flash Flood, , ,0,0,0,0,TX,CST-6, ,118330,C,403,SHV,0,0,Broadcast Media,Heavy Rain, , ,1,NE,3,ESE,PLAINVIEW,08/31/2017,245,31.2582,-93.9705,31.3026,-93.9304,"Highway 83 between Hemphill and Pineland was closed due to flooding.","Tropical Storm Harvey emerged back over the Northwest Gulf of Mexico during the morning hours of August 28th, and intensified slightly as drifted northwest just off the Southeast Texas coast, eventually making a 3rd landfall near Cameron, Louisiana during the early morning hours of August 30th. The persistent outer bands of Tropical Storm Harvey began consistently affecting Angelina County, Texas during the afternoon and evening of August 27th, with persistent training resulting in flash flooding. Breaks in the heavy rain were observed through much of the 28th before affecting Angelina County again during the late afternoon/evening hours, which continued through the early morning hours on August 29th. After Harvey made landfall in far Southwest Louisiana during the early morning hours of August 30th, the more concentrated bands of heavy rain were concentrated on the northwest side of the center, which slowly drifted northeast into Central Louisiana during the afternoon and evening hours. Thus, more significant reports of flash flooding were received across Deep East Texas and Westcentral Louisiana, before drier air had begun to wrap around the center, thus reducing rainfall rates as the center moved into Northeast Louisiana during the early morning hours of August 31st. In addition to the widespread flooding, reports of downed trees and power lines were received over portions of Deep East Texas and Northcentral Louisiana, as some of the stronger squalls produced wind gusts to 35-40 mph with locally higher gusts atop already saturated grounds.||Here are some of the 4 day cumulative rainfall reports across Deep East Texas from Tropical Storm Harvey: In Angelina County, 2 ESE Zavalla 20.27 inches, 2 ENE Zavalla 17.32 inches, Huntington 13.94 inches, Lufkin Angelina Airport 12.11 inches, 1 SSE Lufkin 11.96 inches, 3 SW Lufkin 11.74 inches, 8 W Lufkin 10.17 inches, 5 WNW Lufkin 10.00 inches, 7 W Lufkin 9.60 inches, 2 WSW Hudson 9.09 inches. In Nacogdoches County, 4 NW Appleby 9.91 inches, Nacogdoches Arbor Oaks 8.35 inches, 10 NE Nacogdoches 6.38 inches. In Sabine County, Pineland 15.67 inches, Sabine South RAWS 14.36 inches, 4 SSE Hemphill 8.77 inches. In San Augustine County, 15 SE Broaddus 19.01 inches, Ayish Bayou 15.45 inches. In Shelby County, 4 SSW Huxley 13.24 inches, Center 0.6 NW 6.62 inches, Center 4.26 inches. In addition, the Neches River gauge near Rockland recorded 21.93 inches, with Sam Rayburn Dam recording 18.21 inches.",212
711083,ANGELINA CO.,DUNAGAN STATION,08/30/2017,1538,Flash Flood, , ,0,0,0,0,TX,CST-6, ,118330,C,5,SHV,0,0,Law Enforcement,Heavy Rain, , ,1,WNW,1,WNW,DUNAGAN STATION,08/30/2017,1900,31.3536,-94.7998,31.3534,-94.7933,"FM 3150 at Jack Creek was washed out and closed.","Tropical Storm Harvey emerged back over the Northwest Gulf of Mexico during the morning hours of August 28th, and intensified slightly as drifted northwest just off the Southeast Texas coast, eventually making a 3rd landfall near Cameron, Louisiana during the early morning hours of August 30th. The persistent outer bands of Tropical Storm Harvey began consistently affecting Angelina County, Texas during the afternoon and evening of August 27th, with persistent training resulting in flash flooding. Breaks in the heavy rain were observed through much of the 28th before affecting Angelina County again during the late afternoon/evening hours, which continued through the early morning hours on August 29th. After Harvey made landfall in far Southwest Louisiana during the early morning hours of August 30th, the more concentrated bands of heavy rain were concentrated on the northwest side of the center, which slowly drifted northeast into Central Louisiana during the afternoon and evening hours. Thus, more significant reports of flash flooding were received across Deep East Texas and Westcentral Louisiana, before drier air had begun to wrap around the center, thus reducing rainfall rates as the center moved into Northeast Louisiana during the early morning hours of August 31st. In addition to the widespread flooding, reports of downed trees and power lines were received over portions of Deep East Texas and Northcentral Louisiana, as some of the stronger squalls produced wind gusts to 35-40 mph with locally higher gusts atop already saturated grounds.||Here are some of the 4 day cumulative rainfall reports across Deep East Texas from Tropical Storm Harvey: In Angelina County, 2 ESE Zavalla 20.27 inches, 2 ENE Zavalla 17.32 inches, Huntington 13.94 inches, Lufkin Angelina Airport 12.11 inches, 1 SSE Lufkin 11.96 inches, 3 SW Lufkin 11.74 inches, 8 W Lufkin 10.17 inches, 5 WNW Lufkin 10.00 inches, 7 W Lufkin 9.60 inches, 2 WSW Hudson 9.09 inches. In Nacogdoches County, 4 NW Appleby 9.91 inches, Nacogdoches Arbor Oaks 8.35 inches, 10 NE Nacogdoches 6.38 inches. In Sabine County, Pineland 15.67 inches, Sabine South RAWS 14.36 inches, 4 SSE Hemphill 8.77 inches. In San Augustine County, 15 SE Broaddus 19.01 inches, Ayish Bayou 15.45 inches. In Shelby County, 4 SSW Huxley 13.24 inches, Center 0.6 NW 6.62 inches, Center 4.26 inches. In addition, the Neches River gauge near Rockland recorded 21.93 inches, with Sam Rayburn Dam recording 18.21 inches.",213
720009,JEFFERSON CO.,VOTH,08/30/2017,1600,Flood, , ,0,0,0,0,TX,CST-6, ,119746,C,245,LCH,0,0,River/Stream Gage,Heavy Rain / Tropical System, , ,1,SSW,4,N,PINE CREST,08/31/2017,2359,30.1713,-94.1851,30.1731,-94.1123,"Record river stages were observed along Pine Island Bayou and the lower Neches during Harvey. This kept lower sections of Jefferson County flooded into early September which included some river side refineries. The high stream flow in the Neches at Beaumont caused an under water natural gas pipeline to rupture. The river also caused a lot of erosion.","Harvey moved across the Gulf of Mexico into the central Texas Coast during the last week of August. After the initial landfall, the cyclone moved back into the gulf a couple days later and then made another landfall in Southwest Louisiana during the morning of the 30th. The first rains from the system moved across the region during the afternoon of the 25th and finally ended during the morning of September 1. One to 5 feet of rain fell across Southeast Texas during the week which in some cases was slightly more than a normal yearly rainfall total. Widespread flooding occurred and a new rainfall record was set regarding the total for a tropical cyclone in the United States.",214
720010,ORANGE CO.,ROSE CITY,08/30/2017,1600,Flood, , ,0,0,0,0,TX,CST-6, ,119746,C,361,LCH,0,0,River/Stream Gage,Heavy Rain / Tropical System, , ,6,S,5,SW,BRIDGE CITY,08/31/2017,2359,30.0181,-94.0457,29.9669,-93.8974,"River levels hit record levels along the lower Neches and the Sabine hit the 2nd highest stage at Orange. This kept water in sections of Orange County into early September.","Harvey moved across the Gulf of Mexico into the central Texas Coast during the last week of August. After the initial landfall, the cyclone moved back into the gulf a couple days later and then made another landfall in Southwest Louisiana during the morning of the 30th. The first rains from the system moved across the region during the afternoon of the 25th and finally ended during the morning of September 1. One to 5 feet of rain fell across Southeast Texas during the week which in some cases was slightly more than a normal yearly rainfall total. Widespread flooding occurred and a new rainfall record was set regarding the total for a tropical cyclone in the United States.",215
711050,ANGELINA CO.,ZAVALLA,08/30/2017,1700,Flash Flood, , ,0,0,0,0,TX,CST-6, ,118330,C,5,SHV,0,0,Law Enforcement,Heavy Rain, , ,3,SW,3,SW,ZAVALLA,08/30/2017,1900,31.1188,-94.4607,31.1204,-94.457,"Farm to Market Road 1270 and Sandy Creek Road was closed due to high water.","Tropical Storm Harvey emerged back over the Northwest Gulf of Mexico during the morning hours of August 28th, and intensified slightly as drifted northwest just off the Southeast Texas coast, eventually making a 3rd landfall near Cameron, Louisiana during the early morning hours of August 30th. The persistent outer bands of Tropical Storm Harvey began consistently affecting Angelina County, Texas during the afternoon and evening of August 27th, with persistent training resulting in flash flooding. Breaks in the heavy rain were observed through much of the 28th before affecting Angelina County again during the late afternoon/evening hours, which continued through the early morning hours on August 29th. After Harvey made landfall in far Southwest Louisiana during the early morning hours of August 30th, the more concentrated bands of heavy rain were concentrated on the northwest side of the center, which slowly drifted northeast into Central Louisiana during the afternoon and evening hours. Thus, more significant reports of flash flooding were received across Deep East Texas and Westcentral Louisiana, before drier air had begun to wrap around the center, thus reducing rainfall rates as the center moved into Northeast Louisiana during the early morning hours of August 31st. In addition to the widespread flooding, reports of downed trees and power lines were received over portions of Deep East Texas and Northcentral Louisiana, as some of the stronger squalls produced wind gusts to 35-40 mph with locally higher gusts atop already saturated grounds.||Here are some of the 4 day cumulative rainfall reports across Deep East Texas from Tropical Storm Harvey: In Angelina County, 2 ESE Zavalla 20.27 inches, 2 ENE Zavalla 17.32 inches, Huntington 13.94 inches, Lufkin Angelina Airport 12.11 inches, 1 SSE Lufkin 11.96 inches, 3 SW Lufkin 11.74 inches, 8 W Lufkin 10.17 inches, 5 WNW Lufkin 10.00 inches, 7 W Lufkin 9.60 inches, 2 WSW Hudson 9.09 inches. In Nacogdoches County, 4 NW Appleby 9.91 inches, Nacogdoches Arbor Oaks 8.35 inches, 10 NE Nacogdoches 6.38 inches. In Sabine County, Pineland 15.67 inches, Sabine South RAWS 14.36 inches, 4 SSE Hemphill 8.77 inches. In San Augustine County, 15 SE Broaddus 19.01 inches, Ayish Bayou 15.45 inches. In Shelby County, 4 SSW Huxley 13.24 inches, Center 0.6 NW 6.62 inches, Center 4.26 inches. In addition, the Neches River gauge near Rockland recorded 21.93 inches, with Sam Rayburn Dam recording 18.21 inches.",216
711412,ANGELINA CO.,SHAWNEE,08/30/2017,1700,Flash Flood, , ,0,0,0,0,TX,CST-6, ,118330,C,5,SHV,0,0,Department of Highways,Heavy Rain, , ,6,WSW,5,SW,SHAWNEE,08/30/2017,1900,31.1766,-94.6086,31.1787,-94.5894,"FM 1818 at Biloxi Creek, Bear Creek, and Little Buck Creek was flooded.","Tropical Storm Harvey emerged back over the Northwest Gulf of Mexico during the morning hours of August 28th, and intensified slightly as drifted northwest just off the Southeast Texas coast, eventually making a 3rd landfall near Cameron, Louisiana during the early morning hours of August 30th. The persistent outer bands of Tropical Storm Harvey began consistently affecting Angelina County, Texas during the afternoon and evening of August 27th, with persistent training resulting in flash flooding. Breaks in the heavy rain were observed through much of the 28th before affecting Angelina County again during the late afternoon/evening hours, which continued through the early morning hours on August 29th. After Harvey made landfall in far Southwest Louisiana during the early morning hours of August 30th, the more concentrated bands of heavy rain were concentrated on the northwest side of the center, which slowly drifted northeast into Central Louisiana during the afternoon and evening hours. Thus, more significant reports of flash flooding were received across Deep East Texas and Westcentral Louisiana, before drier air had begun to wrap around the center, thus reducing rainfall rates as the center moved into Northeast Louisiana during the early morning hours of August 31st. In addition to the widespread flooding, reports of downed trees and power lines were received over portions of Deep East Texas and Northcentral Louisiana, as some of the stronger squalls produced wind gusts to 35-40 mph with locally higher gusts atop already saturated grounds.||Here are some of the 4 day cumulative rainfall reports across Deep East Texas from Tropical Storm Harvey: In Angelina County, 2 ESE Zavalla 20.27 inches, 2 ENE Zavalla 17.32 inches, Huntington 13.94 inches, Lufkin Angelina Airport 12.11 inches, 1 SSE Lufkin 11.96 inches, 3 SW Lufkin 11.74 inches, 8 W Lufkin 10.17 inches, 5 WNW Lufkin 10.00 inches, 7 W Lufkin 9.60 inches, 2 WSW Hudson 9.09 inches. In Nacogdoches County, 4 NW Appleby 9.91 inches, Nacogdoches Arbor Oaks 8.35 inches, 10 NE Nacogdoches 6.38 inches. In Sabine County, Pineland 15.67 inches, Sabine South RAWS 14.36 inches, 4 SSE Hemphill 8.77 inches. In San Augustine County, 15 SE Broaddus 19.01 inches, Ayish Bayou 15.45 inches. In Shelby County, 4 SSW Huxley 13.24 inches, Center 0.6 NW 6.62 inches, Center 4.26 inches. In addition, the Neches River gauge near Rockland recorded 21.93 inches, with Sam Rayburn Dam recording 18.21 inches.",217
711089,ANGELINA CO.,ZAVALLA,08/30/2017,1842,Flash Flood, , ,0,0,0,0,TX,CST-6, ,118330,C,5,SHV,0,0,Broadcast Media,Heavy Rain, , ,1,S,1,SSE,ZAVALLA,08/30/2017,1900,31.1372,-94.4287,31.1372,-94.4259,"One lane of Highway 69 near Hubert Cryer Road south of Zavalla was flooded.","Tropical Storm Harvey emerged back over the Northwest Gulf of Mexico during the morning hours of August 28th, and intensified slightly as drifted northwest just off the Southeast Texas coast, eventually making a 3rd landfall near Cameron, Louisiana during the early morning hours of August 30th. The persistent outer bands of Tropical Storm Harvey began consistently affecting Angelina County, Texas during the afternoon and evening of August 27th, with persistent training resulting in flash flooding. Breaks in the heavy rain were observed through much of the 28th before affecting Angelina County again during the late afternoon/evening hours, which continued through the early morning hours on August 29th. After Harvey made landfall in far Southwest Louisiana during the early morning hours of August 30th, the more concentrated bands of heavy rain were concentrated on the northwest side of the center, which slowly drifted northeast into Central Louisiana during the afternoon and evening hours. Thus, more significant reports of flash flooding were received across Deep East Texas and Westcentral Louisiana, before drier air had begun to wrap around the center, thus reducing rainfall rates as the center moved into Northeast Louisiana during the early morning hours of August 31st. In addition to the widespread flooding, reports of downed trees and power lines were received over portions of Deep East Texas and Northcentral Louisiana, as some of the stronger squalls produced wind gusts to 35-40 mph with locally higher gusts atop already saturated grounds.||Here are some of the 4 day cumulative rainfall reports across Deep East Texas from Tropical Storm Harvey: In Angelina County, 2 ESE Zavalla 20.27 inches, 2 ENE Zavalla 17.32 inches, Huntington 13.94 inches, Lufkin Angelina Airport 12.11 inches, 1 SSE Lufkin 11.96 inches, 3 SW Lufkin 11.74 inches, 8 W Lufkin 10.17 inches, 5 WNW Lufkin 10.00 inches, 7 W Lufkin 9.60 inches, 2 WSW Hudson 9.09 inches. In Nacogdoches County, 4 NW Appleby 9.91 inches, Nacogdoches Arbor Oaks 8.35 inches, 10 NE Nacogdoches 6.38 inches. In Sabine County, Pineland 15.67 inches, Sabine South RAWS 14.36 inches, 4 SSE Hemphill 8.77 inches. In San Augustine County, 15 SE Broaddus 19.01 inches, Ayish Bayou 15.45 inches. In Shelby County, 4 SSW Huxley 13.24 inches, Center 0.6 NW 6.62 inches, Center 4.26 inches. In addition, the Neches River gauge near Rockland recorded 21.93 inches, with Sam Rayburn Dam recording 18.21 inches.",218
711090,ANGELINA CO.,PEAVY,08/30/2017,1842,Flash Flood, , ,0,0,0,0,TX,CST-6, ,118330,C,5,SHV,0,0,Broadcast Media,Heavy Rain, , ,1,SW,1,SSW,PEAVY,08/30/2017,1900,31.2687,-94.8297,31.264,-94.8323,"Ryan's Chapel Road (FM 2497) was flooded and closed.","Tropical Storm Harvey emerged back over the Northwest Gulf of Mexico during the morning hours of August 28th, and intensified slightly as drifted northwest just off the Southeast Texas coast, eventually making a 3rd landfall near Cameron, Louisiana during the early morning hours of August 30th. The persistent outer bands of Tropical Storm Harvey began consistently affecting Angelina County, Texas during the afternoon and evening of August 27th, with persistent training resulting in flash flooding. Breaks in the heavy rain were observed through much of the 28th before affecting Angelina County again during the late afternoon/evening hours, which continued through the early morning hours on August 29th. After Harvey made landfall in far Southwest Louisiana during the early morning hours of August 30th, the more concentrated bands of heavy rain were concentrated on the northwest side of the center, which slowly drifted northeast into Central Louisiana during the afternoon and evening hours. Thus, more significant reports of flash flooding were received across Deep East Texas and Westcentral Louisiana, before drier air had begun to wrap around the center, thus reducing rainfall rates as the center moved into Northeast Louisiana during the early morning hours of August 31st. In addition to the widespread flooding, reports of downed trees and power lines were received over portions of Deep East Texas and Northcentral Louisiana, as some of the stronger squalls produced wind gusts to 35-40 mph with locally higher gusts atop already saturated grounds.||Here are some of the 4 day cumulative rainfall reports across Deep East Texas from Tropical Storm Harvey: In Angelina County, 2 ESE Zavalla 20.27 inches, 2 ENE Zavalla 17.32 inches, Huntington 13.94 inches, Lufkin Angelina Airport 12.11 inches, 1 SSE Lufkin 11.96 inches, 3 SW Lufkin 11.74 inches, 8 W Lufkin 10.17 inches, 5 WNW Lufkin 10.00 inches, 7 W Lufkin 9.60 inches, 2 WSW Hudson 9.09 inches. In Nacogdoches County, 4 NW Appleby 9.91 inches, Nacogdoches Arbor Oaks 8.35 inches, 10 NE Nacogdoches 6.38 inches. In Sabine County, Pineland 15.67 inches, Sabine South RAWS 14.36 inches, 4 SSE Hemphill 8.77 inches. In San Augustine County, 15 SE Broaddus 19.01 inches, Ayish Bayou 15.45 inches. In Shelby County, 4 SSW Huxley 13.24 inches, Center 0.6 NW 6.62 inches, Center 4.26 inches. In addition, the Neches River gauge near Rockland recorded 21.93 inches, with Sam Rayburn Dam recording 18.21 inches.",219
711092,SABINE CO.,GENEVA,08/30/2017,1842,Flash Flood, , ,0,0,0,0,TX,CST-6, ,118330,C,403,SHV,0,0,Broadcast Media,Heavy Rain, , ,1,NNW,1,N,GENEVA,08/31/2017,245,31.4817,-93.9389,31.4829,-93.933,"Water was over Highway 21 at the Maddux Creek bridge near FM 330 and FM 3448.","Tropical Storm Harvey emerged back over the Northwest Gulf of Mexico during the morning hours of August 28th, and intensified slightly as drifted northwest just off the Southeast Texas coast, eventually making a 3rd landfall near Cameron, Louisiana during the early morning hours of August 30th. The persistent outer bands of Tropical Storm Harvey began consistently affecting Angelina County, Texas during the afternoon and evening of August 27th, with persistent training resulting in flash flooding. Breaks in the heavy rain were observed through much of the 28th before affecting Angelina County again during the late afternoon/evening hours, which continued through the early morning hours on August 29th. After Harvey made landfall in far Southwest Louisiana during the early morning hours of August 30th, the more concentrated bands of heavy rain were concentrated on the northwest side of the center, which slowly drifted northeast into Central Louisiana during the afternoon and evening hours. Thus, more significant reports of flash flooding were received across Deep East Texas and Westcentral Louisiana, before drier air had begun to wrap around the center, thus reducing rainfall rates as the center moved into Northeast Louisiana during the early morning hours of August 31st. In addition to the widespread flooding, reports of downed trees and power lines were received over portions of Deep East Texas and Northcentral Louisiana, as some of the stronger squalls produced wind gusts to 35-40 mph with locally higher gusts atop already saturated grounds.||Here are some of the 4 day cumulative rainfall reports across Deep East Texas from Tropical Storm Harvey: In Angelina County, 2 ESE Zavalla 20.27 inches, 2 ENE Zavalla 17.32 inches, Huntington 13.94 inches, Lufkin Angelina Airport 12.11 inches, 1 SSE Lufkin 11.96 inches, 3 SW Lufkin 11.74 inches, 8 W Lufkin 10.17 inches, 5 WNW Lufkin 10.00 inches, 7 W Lufkin 9.60 inches, 2 WSW Hudson 9.09 inches. In Nacogdoches County, 4 NW Appleby 9.91 inches, Nacogdoches Arbor Oaks 8.35 inches, 10 NE Nacogdoches 6.38 inches. In Sabine County, Pineland 15.67 inches, Sabine South RAWS 14.36 inches, 4 SSE Hemphill 8.77 inches. In San Augustine County, 15 SE Broaddus 19.01 inches, Ayish Bayou 15.45 inches. In Shelby County, 4 SSW Huxley 13.24 inches, Center 0.6 NW 6.62 inches, Center 4.26 inches. In addition, the Neches River gauge near Rockland recorded 21.93 inches, with Sam Rayburn Dam recording 18.21 inches.",220
711093,SABINE CO.,FAIRMOUNT,08/30/2017,1842,Flash Flood, , ,0,0,0,0,TX,CST-6, ,118330,C,403,SHV,0,0,Broadcast Media,Heavy Rain, , ,0,WNW,0,WNW,FAIRMOUNT,08/31/2017,245,31.2018,-93.737,31.2026,-93.7364,"High water across Willow Oak Road near Toledo Bend Lake.","Tropical Storm Harvey emerged back over the Northwest Gulf of Mexico during the morning hours of August 28th, and intensified slightly as drifted northwest just off the Southeast Texas coast, eventually making a 3rd landfall near Cameron, Louisiana during the early morning hours of August 30th. The persistent outer bands of Tropical Storm Harvey began consistently affecting Angelina County, Texas during the afternoon and evening of August 27th, with persistent training resulting in flash flooding. Breaks in the heavy rain were observed through much of the 28th before affecting Angelina County again during the late afternoon/evening hours, which continued through the early morning hours on August 29th. After Harvey made landfall in far Southwest Louisiana during the early morning hours of August 30th, the more concentrated bands of heavy rain were concentrated on the northwest side of the center, which slowly drifted northeast into Central Louisiana during the afternoon and evening hours. Thus, more significant reports of flash flooding were received across Deep East Texas and Westcentral Louisiana, before drier air had begun to wrap around the center, thus reducing rainfall rates as the center moved into Northeast Louisiana during the early morning hours of August 31st. In addition to the widespread flooding, reports of downed trees and power lines were received over portions of Deep East Texas and Northcentral Louisiana, as some of the stronger squalls produced wind gusts to 35-40 mph with locally higher gusts atop already saturated grounds.||Here are some of the 4 day cumulative rainfall reports across Deep East Texas from Tropical Storm Harvey: In Angelina County, 2 ESE Zavalla 20.27 inches, 2 ENE Zavalla 17.32 inches, Huntington 13.94 inches, Lufkin Angelina Airport 12.11 inches, 1 SSE Lufkin 11.96 inches, 3 SW Lufkin 11.74 inches, 8 W Lufkin 10.17 inches, 5 WNW Lufkin 10.00 inches, 7 W Lufkin 9.60 inches, 2 WSW Hudson 9.09 inches. In Nacogdoches County, 4 NW Appleby 9.91 inches, Nacogdoches Arbor Oaks 8.35 inches, 10 NE Nacogdoches 6.38 inches. In Sabine County, Pineland 15.67 inches, Sabine South RAWS 14.36 inches, 4 SSE Hemphill 8.77 inches. In San Augustine County, 15 SE Broaddus 19.01 inches, Ayish Bayou 15.45 inches. In Shelby County, 4 SSW Huxley 13.24 inches, Center 0.6 NW 6.62 inches, Center 4.26 inches. In addition, the Neches River gauge near Rockland recorded 21.93 inches, with Sam Rayburn Dam recording 18.21 inches.",221
711405,SABINE CO.,PINELAND,08/30/2017,1842,Flash Flood, , ,0,0,0,0,TX,CST-6, ,118330,C,403,SHV,0,0,Social Media,Heavy Rain, , ,0,W,0,ENE,PINELAND,08/31/2017,245,31.25,-93.9855,31.2515,-93.9741,"FM 83 in Pineland between FM 1 and Highway 96 was flooded and closed.","Tropical Storm Harvey emerged back over the Northwest Gulf of Mexico during the morning hours of August 28th, and intensified slightly as drifted northwest just off the Southeast Texas coast, eventually making a 3rd landfall near Cameron, Louisiana during the early morning hours of August 30th. The persistent outer bands of Tropical Storm Harvey began consistently affecting Angelina County, Texas during the afternoon and evening of August 27th, with persistent training resulting in flash flooding. Breaks in the heavy rain were observed through much of the 28th before affecting Angelina County again during the late afternoon/evening hours, which continued through the early morning hours on August 29th. After Harvey made landfall in far Southwest Louisiana during the early morning hours of August 30th, the more concentrated bands of heavy rain were concentrated on the northwest side of the center, which slowly drifted northeast into Central Louisiana during the afternoon and evening hours. Thus, more significant reports of flash flooding were received across Deep East Texas and Westcentral Louisiana, before drier air had begun to wrap around the center, thus reducing rainfall rates as the center moved into Northeast Louisiana during the early morning hours of August 31st. In addition to the widespread flooding, reports of downed trees and power lines were received over portions of Deep East Texas and Northcentral Louisiana, as some of the stronger squalls produced wind gusts to 35-40 mph with locally higher gusts atop already saturated grounds.||Here are some of the 4 day cumulative rainfall reports across Deep East Texas from Tropical Storm Harvey: In Angelina County, 2 ESE Zavalla 20.27 inches, 2 ENE Zavalla 17.32 inches, Huntington 13.94 inches, Lufkin Angelina Airport 12.11 inches, 1 SSE Lufkin 11.96 inches, 3 SW Lufkin 11.74 inches, 8 W Lufkin 10.17 inches, 5 WNW Lufkin 10.00 inches, 7 W Lufkin 9.60 inches, 2 WSW Hudson 9.09 inches. In Nacogdoches County, 4 NW Appleby 9.91 inches, Nacogdoches Arbor Oaks 8.35 inches, 10 NE Nacogdoches 6.38 inches. In Sabine County, Pineland 15.67 inches, Sabine South RAWS 14.36 inches, 4 SSE Hemphill 8.77 inches. In San Augustine County, 15 SE Broaddus 19.01 inches, Ayish Bayou 15.45 inches. In Shelby County, 4 SSW Huxley 13.24 inches, Center 0.6 NW 6.62 inches, Center 4.26 inches. In addition, the Neches River gauge near Rockland recorded 21.93 inches, with Sam Rayburn Dam recording 18.21 inches.",222
711407,SABINE CO.,MAGASCO,08/30/2017,1842,Flash Flood, , ,0,0,0,0,TX,CST-6, ,118330,C,403,SHV,0,0,Broadcast Media,Heavy Rain, , ,3,WNW,3,WNW,MAGASCO,08/31/2017,245,31.2938,-94.0276,31.2928,-94.0271,"A section of FM 2866 was impassible due to flooding.","Tropical Storm Harvey emerged back over the Northwest Gulf of Mexico during the morning hours of August 28th, and intensified slightly as drifted northwest just off the Southeast Texas coast, eventually making a 3rd landfall near Cameron, Louisiana during the early morning hours of August 30th. The persistent outer bands of Tropical Storm Harvey began consistently affecting Angelina County, Texas during the afternoon and evening of August 27th, with persistent training resulting in flash flooding. Breaks in the heavy rain were observed through much of the 28th before affecting Angelina County again during the late afternoon/evening hours, which continued through the early morning hours on August 29th. After Harvey made landfall in far Southwest Louisiana during the early morning hours of August 30th, the more concentrated bands of heavy rain were concentrated on the northwest side of the center, which slowly drifted northeast into Central Louisiana during the afternoon and evening hours. Thus, more significant reports of flash flooding were received across Deep East Texas and Westcentral Louisiana, before drier air had begun to wrap around the center, thus reducing rainfall rates as the center moved into Northeast Louisiana during the early morning hours of August 31st. In addition to the widespread flooding, reports of downed trees and power lines were received over portions of Deep East Texas and Northcentral Louisiana, as some of the stronger squalls produced wind gusts to 35-40 mph with locally higher gusts atop already saturated grounds.||Here are some of the 4 day cumulative rainfall reports across Deep East Texas from Tropical Storm Harvey: In Angelina County, 2 ESE Zavalla 20.27 inches, 2 ENE Zavalla 17.32 inches, Huntington 13.94 inches, Lufkin Angelina Airport 12.11 inches, 1 SSE Lufkin 11.96 inches, 3 SW Lufkin 11.74 inches, 8 W Lufkin 10.17 inches, 5 WNW Lufkin 10.00 inches, 7 W Lufkin 9.60 inches, 2 WSW Hudson 9.09 inches. In Nacogdoches County, 4 NW Appleby 9.91 inches, Nacogdoches Arbor Oaks 8.35 inches, 10 NE Nacogdoches 6.38 inches. In Sabine County, Pineland 15.67 inches, Sabine South RAWS 14.36 inches, 4 SSE Hemphill 8.77 inches. In San Augustine County, 15 SE Broaddus 19.01 inches, Ayish Bayou 15.45 inches. In Shelby County, 4 SSW Huxley 13.24 inches, Center 0.6 NW 6.62 inches, Center 4.26 inches. In addition, the Neches River gauge near Rockland recorded 21.93 inches, with Sam Rayburn Dam recording 18.21 inches.",223
711408,SABINE CO.,FAIRMOUNT,08/30/2017,1842,Flash Flood, , ,0,0,0,0,TX,CST-6, ,118330,C,403,SHV,0,0,Broadcast Media,Heavy Rain, , ,0,W,0,WNW,FAIRMOUNT,08/31/2017,245,31.1998,-93.7363,31.2007,-93.7339,"Highway 87 near FM 3315 in the Fairmount community was closed due to high water.","Tropical Storm Harvey emerged back over the Northwest Gulf of Mexico during the morning hours of August 28th, and intensified slightly as drifted northwest just off the Southeast Texas coast, eventually making a 3rd landfall near Cameron, Louisiana during the early morning hours of August 30th. The persistent outer bands of Tropical Storm Harvey began consistently affecting Angelina County, Texas during the afternoon and evening of August 27th, with persistent training resulting in flash flooding. Breaks in the heavy rain were observed through much of the 28th before affecting Angelina County again during the late afternoon/evening hours, which continued through the early morning hours on August 29th. After Harvey made landfall in far Southwest Louisiana during the early morning hours of August 30th, the more concentrated bands of heavy rain were concentrated on the northwest side of the center, which slowly drifted northeast into Central Louisiana during the afternoon and evening hours. Thus, more significant reports of flash flooding were received across Deep East Texas and Westcentral Louisiana, before drier air had begun to wrap around the center, thus reducing rainfall rates as the center moved into Northeast Louisiana during the early morning hours of August 31st. In addition to the widespread flooding, reports of downed trees and power lines were received over portions of Deep East Texas and Northcentral Louisiana, as some of the stronger squalls produced wind gusts to 35-40 mph with locally higher gusts atop already saturated grounds.||Here are some of the 4 day cumulative rainfall reports across Deep East Texas from Tropical Storm Harvey: In Angelina County, 2 ESE Zavalla 20.27 inches, 2 ENE Zavalla 17.32 inches, Huntington 13.94 inches, Lufkin Angelina Airport 12.11 inches, 1 SSE Lufkin 11.96 inches, 3 SW Lufkin 11.74 inches, 8 W Lufkin 10.17 inches, 5 WNW Lufkin 10.00 inches, 7 W Lufkin 9.60 inches, 2 WSW Hudson 9.09 inches. In Nacogdoches County, 4 NW Appleby 9.91 inches, Nacogdoches Arbor Oaks 8.35 inches, 10 NE Nacogdoches 6.38 inches. In Sabine County, Pineland 15.67 inches, Sabine South RAWS 14.36 inches, 4 SSE Hemphill 8.77 inches. In San Augustine County, 15 SE Broaddus 19.01 inches, Ayish Bayou 15.45 inches. In Shelby County, 4 SSW Huxley 13.24 inches, Center 0.6 NW 6.62 inches, Center 4.26 inches. In addition, the Neches River gauge near Rockland recorded 21.93 inches, with Sam Rayburn Dam recording 18.21 inches.",224
711409,SABINE CO.,PLAINVIEW,08/30/2017,1842,Flash Flood, , ,0,0,0,0,TX,CST-6, ,118330,C,403,SHV,0,0,Broadcast Media,Heavy Rain, , ,2,ENE,3,NE,PLAINVIEW,08/31/2017,245,31.3292,-93.9402,31.3411,-93.9353,"FM 2024 was covered in high water in several locations.","Tropical Storm Harvey emerged back over the Northwest Gulf of Mexico during the morning hours of August 28th, and intensified slightly as drifted northwest just off the Southeast Texas coast, eventually making a 3rd landfall near Cameron, Louisiana during the early morning hours of August 30th. The persistent outer bands of Tropical Storm Harvey began consistently affecting Angelina County, Texas during the afternoon and evening of August 27th, with persistent training resulting in flash flooding. Breaks in the heavy rain were observed through much of the 28th before affecting Angelina County again during the late afternoon/evening hours, which continued through the early morning hours on August 29th. After Harvey made landfall in far Southwest Louisiana during the early morning hours of August 30th, the more concentrated bands of heavy rain were concentrated on the northwest side of the center, which slowly drifted northeast into Central Louisiana during the afternoon and evening hours. Thus, more significant reports of flash flooding were received across Deep East Texas and Westcentral Louisiana, before drier air had begun to wrap around the center, thus reducing rainfall rates as the center moved into Northeast Louisiana during the early morning hours of August 31st. In addition to the widespread flooding, reports of downed trees and power lines were received over portions of Deep East Texas and Northcentral Louisiana, as some of the stronger squalls produced wind gusts to 35-40 mph with locally higher gusts atop already saturated grounds.||Here are some of the 4 day cumulative rainfall reports across Deep East Texas from Tropical Storm Harvey: In Angelina County, 2 ESE Zavalla 20.27 inches, 2 ENE Zavalla 17.32 inches, Huntington 13.94 inches, Lufkin Angelina Airport 12.11 inches, 1 SSE Lufkin 11.96 inches, 3 SW Lufkin 11.74 inches, 8 W Lufkin 10.17 inches, 5 WNW Lufkin 10.00 inches, 7 W Lufkin 9.60 inches, 2 WSW Hudson 9.09 inches. In Nacogdoches County, 4 NW Appleby 9.91 inches, Nacogdoches Arbor Oaks 8.35 inches, 10 NE Nacogdoches 6.38 inches. In Sabine County, Pineland 15.67 inches, Sabine South RAWS 14.36 inches, 4 SSE Hemphill 8.77 inches. In San Augustine County, 15 SE Broaddus 19.01 inches, Ayish Bayou 15.45 inches. In Shelby County, 4 SSW Huxley 13.24 inches, Center 0.6 NW 6.62 inches, Center 4.26 inches. In addition, the Neches River gauge near Rockland recorded 21.93 inches, with Sam Rayburn Dam recording 18.21 inches.",225
711413,SHELBY CO.,CENTER,08/30/2017,2128,Flash Flood, , ,0,0,0,0,TX,CST-6, ,118330,C,419,SHV,0,0,Department of Highways,Heavy Rain, , ,4,W,4,W,CENTER,08/31/2017,245,31.7831,-94.2469,31.7825,-94.2457,"FM 138 over Bush Creek was covered in high water.","Tropical Storm Harvey emerged back over the Northwest Gulf of Mexico during the morning hours of August 28th, and intensified slightly as drifted northwest just off the Southeast Texas coast, eventually making a 3rd landfall near Cameron, Louisiana during the early morning hours of August 30th. The persistent outer bands of Tropical Storm Harvey began consistently affecting Angelina County, Texas during the afternoon and evening of August 27th, with persistent training resulting in flash flooding. Breaks in the heavy rain were observed through much of the 28th before affecting Angelina County again during the late afternoon/evening hours, which continued through the early morning hours on August 29th. After Harvey made landfall in far Southwest Louisiana during the early morning hours of August 30th, the more concentrated bands of heavy rain were concentrated on the northwest side of the center, which slowly drifted northeast into Central Louisiana during the afternoon and evening hours. Thus, more significant reports of flash flooding were received across Deep East Texas and Westcentral Louisiana, before drier air had begun to wrap around the center, thus reducing rainfall rates as the center moved into Northeast Louisiana during the early morning hours of August 31st. In addition to the widespread flooding, reports of downed trees and power lines were received over portions of Deep East Texas and Northcentral Louisiana, as some of the stronger squalls produced wind gusts to 35-40 mph with locally higher gusts atop already saturated grounds.||Here are some of the 4 day cumulative rainfall reports across Deep East Texas from Tropical Storm Harvey: In Angelina County, 2 ESE Zavalla 20.27 inches, 2 ENE Zavalla 17.32 inches, Huntington 13.94 inches, Lufkin Angelina Airport 12.11 inches, 1 SSE Lufkin 11.96 inches, 3 SW Lufkin 11.74 inches, 8 W Lufkin 10.17 inches, 5 WNW Lufkin 10.00 inches, 7 W Lufkin 9.60 inches, 2 WSW Hudson 9.09 inches. In Nacogdoches County, 4 NW Appleby 9.91 inches, Nacogdoches Arbor Oaks 8.35 inches, 10 NE Nacogdoches 6.38 inches. In Sabine County, Pineland 15.67 inches, Sabine South RAWS 14.36 inches, 4 SSE Hemphill 8.77 inches. In San Augustine County, 15 SE Broaddus 19.01 inches, Ayish Bayou 15.45 inches. In Shelby County, 4 SSW Huxley 13.24 inches, Center 0.6 NW 6.62 inches, Center 4.26 inches. In addition, the Neches River gauge near Rockland recorded 21.93 inches, with Sam Rayburn Dam recording 18.21 inches.",226
711414,SHELBY CO.,RATROON,08/30/2017,2130,Flash Flood, , ,0,0,0,0,TX,CST-6, ,118330,C,419,SHV,0,0,Department of Highways,Heavy Rain, , ,2,S,2,S,RATROON,08/31/2017,245,31.5947,-93.9785,31.5928,-93.9747,"FM 353 at Highway 87 near the Patroon community was closed due to flooding.","Tropical Storm Harvey emerged back over the Northwest Gulf of Mexico during the morning hours of August 28th, and intensified slightly as drifted northwest just off the Southeast Texas coast, eventually making a 3rd landfall near Cameron, Louisiana during the early morning hours of August 30th. The persistent outer bands of Tropical Storm Harvey began consistently affecting Angelina County, Texas during the afternoon and evening of August 27th, with persistent training resulting in flash flooding. Breaks in the heavy rain were observed through much of the 28th before affecting Angelina County again during the late afternoon/evening hours, which continued through the early morning hours on August 29th. After Harvey made landfall in far Southwest Louisiana during the early morning hours of August 30th, the more concentrated bands of heavy rain were concentrated on the northwest side of the center, which slowly drifted northeast into Central Louisiana during the afternoon and evening hours. Thus, more significant reports of flash flooding were received across Deep East Texas and Westcentral Louisiana, before drier air had begun to wrap around the center, thus reducing rainfall rates as the center moved into Northeast Louisiana during the early morning hours of August 31st. In addition to the widespread flooding, reports of downed trees and power lines were received over portions of Deep East Texas and Northcentral Louisiana, as some of the stronger squalls produced wind gusts to 35-40 mph with locally higher gusts atop already saturated grounds.||Here are some of the 4 day cumulative rainfall reports across Deep East Texas from Tropical Storm Harvey: In Angelina County, 2 ESE Zavalla 20.27 inches, 2 ENE Zavalla 17.32 inches, Huntington 13.94 inches, Lufkin Angelina Airport 12.11 inches, 1 SSE Lufkin 11.96 inches, 3 SW Lufkin 11.74 inches, 8 W Lufkin 10.17 inches, 5 WNW Lufkin 10.00 inches, 7 W Lufkin 9.60 inches, 2 WSW Hudson 9.09 inches. In Nacogdoches County, 4 NW Appleby 9.91 inches, Nacogdoches Arbor Oaks 8.35 inches, 10 NE Nacogdoches 6.38 inches. In Sabine County, Pineland 15.67 inches, Sabine South RAWS 14.36 inches, 4 SSE Hemphill 8.77 inches. In San Augustine County, 15 SE Broaddus 19.01 inches, Ayish Bayou 15.45 inches. In Shelby County, 4 SSW Huxley 13.24 inches, Center 0.6 NW 6.62 inches, Center 4.26 inches. In addition, the Neches River gauge near Rockland recorded 21.93 inches, with Sam Rayburn Dam recording 18.21 inches.",227
719740,JASPER CO.,JASPER,08/30/2017,2245,Thunderstorm Wind,39.00, ,2,0,5000,0,TX,CST-6,EG,119746,C,241,LCH,0,0,Broadcast Media, , , ,0,N,0,N,JASPER,08/30/2017,2245,30.92,-94,30.92,-94,"Tropical Storm Harvey moved into Cameron Parish with most sustained storm force winds confined to the coastal areas, however wind gusts of 35 to 45 mph were experienced well inland. These gusty winds combined with saturated soils produced conditions that allowed some trees to fall. One fell on a vehicle traveling along FM 777 near Jasper killing 2 occupants. The driver died instantly while the passenger a couple house later.","Harvey moved across the Gulf of Mexico into the central Texas Coast during the last week of August. After the initial landfall, the cyclone moved back into the gulf a couple days later and then made another landfall in Southwest Louisiana during the morning of the 30th. The first rains from the system moved across the region during the afternoon of the 25th and finally ended during the morning of September 1. One to 5 feet of rain fell across Southeast Texas during the week which in some cases was slightly more than a normal yearly rainfall total. Widespread flooding occurred and a new rainfall record was set regarding the total for a tropical cyclone in the United States.",228
