OBJECTID_1,GEOID,STATE,STUSAB,STATE_NAME,COUNTY,NAME,B25002EST1,B25002EST2,B25002EST2_PCT,B25002EST3,B25002EST3_PCT,B25009EST2,B25009EST2_PCT,B25009EST3,B25009EST3_PCT,B25009EST4,B25009EST4_PCT,B25009EST5,B25009EST5_PCT,B25009EST6,B25009EST6_PCT,B25009EST7,B25009EST7_PCT,B25009_OWNOCC_6PLUS,B25009_OWN_6PLUS_PCT,B25009EST10,B25009EST10_PCT,B25009EST11,B25009EST11_PCT,B25009EST12,B25009EST12_PCT,B25009EST13,B25009EST13_PCT,B25009EST14,B25009EST14_PCT,B25009EST15,B25009EST15_PCT,B25009_RENTOCC_6PLUS,B25009_RENT_6PLUS_PCT,B25009_TOT_1,B25009_TOT_1_PCT,B25009_TOT_2,B25009_TOT_2_PCT,B25009_TOT_3,B25009_TOT_3_PCT,B25009_TOT_4,B25009_TOT_4_PCT,B25009_TOT_5,B25009_TOT_5_PCT,B25009_TOT_6PLUS,B25009_TOT_6PLUS_PCT,B25037EST3,B25041EST2,B25041EST2_PCT,B25041EST3,B25041EST3_PCT,B25041EST4,B25041EST4_PCT,B25041_3PLUS_BDR,B25041_3PLUS_BDR_PCT,B25021EST1,B25021EST2,B25021EST3,B25024EST2,B25024EST2_PCT,B25024EST3,B25024EST3_PCT,B25024_2TO4,B25024_2TO4_PCT,B25024_5TO19,B25024_5TO19_PCT,B25024_20PLUS,B25024_20PLUS_PCT,B25024_OTHER,B25024_OTHER_PCT,B25032EST2,B25032EST3,B25032EST3_PCT,B25032EST4,B25032EST4_PCT,B25032_OWN_2TO4,B25032_OWN_2TO4_PCT,B25032_OWN_5TO19,B25032_OWN_5TO19_PCT,B25032_OWN_20PLUS,B25032_OWN_20PLUS_PCT,B25032_OWN_OTHER,B25032_OWN_OTHER_PCT,B25032EST13,B25032EST14,B25032EST14_PCT,B25032EST15,B25032EST15_PCT,B25032_RENT_2TO4,B25032_RENT_2TO4_PCT,B25032_RENT_5TO19,B25032_RENT_5TO19_PCT,B25032_RENT_20PLUS,B25032_RENT_20PLUS_PCT,B25032_RENT_OTHER,B25032_RENT_OTHER_PCT,B25036_OWN_2KPLUS,B25036_OWN_2KPLUS_PCT,B25036_OWN_80TO99,B25036_OWN_80TO99_PCT,B25036_OWN_50TO79,B25036_OWN_50TO79_PCT,B25036_OWN_49MINUS,B25036_OWN_49MINUS_PCT,B25036_RENT_2KPLUS,B25036_RENT_2KPLUS_PCT,B25036_RENT_80TO99,B25036_RENT_80TO99_PCT,B25036_RENT_50TO79,B25036_RENT_50TO79_PCT,B25036_RENT_49MINUS,B25036_RENT_49MINUS_PCT,B25036_RENT_80MINUS,B25036_RENT_80MINUS_PCT,B25036_TOT_2KPLUS,B25036_TOT_2KPLUS_PCT,B25036_TOT_80TO99,B25036_TOT_80TO99_PCT,B25036_TOT_50TO79,B25036_TOT_50TO79_PCT,B25036_TOT_49MINUS,B25036_TOT_49MINUS_PCT,B25068EST2,B25068EST2_PCT,B25068EST4,B25068EST4_PCT,B25068_0BDR_200TO499,B25068_0BDR_200TO499_PCT,B25068_0BDR_500TO999,B25068_0BDR_500TO999_PCT,B25068EST9,B25068EST9_PCT,B25068EST10,B25068EST10_PCT,B25068EST11,B25068EST11_PCT,B25068EST13,B25068EST13_PCT,B25068_1BDR_200TO499,B25068_1BDR_200TO499_PCT,B25068_1BDR_500TO999,B25068_1BDR_500TO999_PCT,B25068EST18,B25068EST18_PCT,B25068EST19,B25068EST19_PCT,B25068EST20,B25068EST20_PCT,B25068EST22,B25068EST22_PCT,B25068_2BDR_200TO499,B25068_2BDR_200TO499_PCT,B25068_2BDR_500TO999,B25068_2BDR_500TO999_PCT,B25068EST27,B25068EST27_PCT,B25068EST28,B25068EST28_PCT,B25068EST29,B25068EST29_PCT,B25068EST31,B25068EST31_PCT,B25068_3PLUSBDR_200TO499,B25068_3PLUSBDR_200TO499_PCT,B25068_3PLUSBDR_500TO999,B25068_3PLUSBDR_500TO999_PCT,B25068EST36,B25068EST36_PCT,B25068EST37,B25068EST37_PCT,B25056_500MINUS,B25056_500MINUS_PCT,B25056_500TO599,B25056_500TO599_PCT,B25056_600TO699,B25056_600TO699_PCT,B25056_700TO799,B25056_700TO799_PCT,B25056EST18,B25056EST18_PCT,B25056EST19,B25056EST19_PCT,B25056EST20,B25056EST20_PCT,B25056EST21,B25056EST21_PCT,B25056EST22,B25056EST22_PCT,B25056EST23,B25056EST23_PCT,B25056EST24,B25056EST24_PCT,B25058EST1,B25042EST3,B25042EST3_PCT,B25042EST4,B25042EST4_PCT,B25042EST5,B25042EST5_PCT,B25042_OWN_3PLUS_BDR,B25042_OWN_3PLUS_BDR_PCT,B25042EST10,B25042EST10_PCT,B25042EST11,B25042EST11_PCT,B25042EST12,B25042EST12_PCT,B25042_RENT_3PLUS_BDR,B25042_RENT_3PLUS_BDR_PCT,B25097EST1,B25097EST2,B25097EST3,B25123_TOT,B25123_TOT_1,B25123_TOT_2,B25123_TOT_3,B25123_TOT_4,B25123EST3,B25123EST3_PCT,B25123EST4,B25123EST4_PCT,B25123EST5,B25123EST5_PCT,B25123EST6,B25123EST6_PCT,B25123EST7,B25123EST7_PCT,B25123EST9,B25123EST9_PCT,B25123EST10,B25123EST10_PCT,B25123EST11,B25123EST11_PCT,B25123EST12,B25123EST12_PCT,B25123EST13,B25123EST13_PCT,Shape__Area,Shape__Length
1895,48229,48,TX,Texas,229,Hudspeth,1595,1127,70.66,468,29.34,828,73.47,216,26.09,357,43.12,95,11.47,77,9.3,62,7.49,21,2.54,299,26.53,157,52.51,104,34.78,6,2.01,24,8.03,8,2.68,0,0,373,33.1,461,40.91,101,8.96,101,8.96,70,6.21,21,1.86,1980,46,2.88,202,12.66,446,27.96,901,56.49,5.3,5.3,5.3,865,54.23,39,2.45,5,0.31,0,0,0,0,686,43.01,828,435,52.54,29,3.5,0,0,0,0,0,0,364,43.96,299,178,59.53,10,3.34,0,0,0,0,0,0,111,37.12,158,19.08,339,40.94,299,36.11,32,3.86,24,8.03,130,43.48,92,30.77,53,17.73,145,48.49,182,16.15,469,41.61,391,34.69,85,7.54,0,0,0,0,0,0,0,0,0,0,0,0,36,12.04,9,25,27,75,0,0,0,0,0,0,120,40.13,0,0,0,0,74,61.67,0,0,46,38.33,143,47.83,26,18.18,0,0,34,23.78,5,3.5,78,54.55,118,39.46,3,1,21,7.02,28,9.36,5,1.67,0,0,0,0,0,0,0,0,0,0,124,41.47,375,9,1.09,88,10.63,206,24.88,525,63.41,0,0,36,12.04,120,40.13,143,47.83,54500,65700,48100,772,317,38,0,0,282,34.06,13,1.57,0,0,0,0,533,64.37,35,11.71,25,8.36,0,0,0,0,239,79.93,16320374180,606052.1814
1896,48231,48,TX,Texas,231,Hunt,38119,33596,88.13,4523,11.87,23357,69.52,4862,20.82,9207,39.42,3738,16,2640,11.3,1911,8.18,999,4.28,10239,30.48,3417,33.37,2519,24.6,1845,18.02,1145,11.18,674,6.58,639,6.24,8279,24.64,11726,34.9,5583,16.62,3785,11.27,2585,7.69,1638,4.88,1982,1112,2.92,3016,7.91,8582,22.51,25409,66.66,5.3,5.8,4.3,25764,67.59,417,1.09,1404,3.68,3063,8.04,941,2.47,6530,17.13,23357,18901,80.92,187,0.8,35,0.15,0,0,25,0.11,4209,18.02,10239,4206,41.08,153,1.49,1223,11.94,2592,25.31,845,8.25,1220,11.92,6801,29.12,7816,33.46,7204,30.84,1536,6.58,1622,15.84,3862,37.72,4316,42.15,439,4.29,4755,46.44,8423,25.07,11678,34.76,11520,34.29,1975,5.88,616,6.02,11,1.79,53,8.6,382,62.01,159,13803.41,11,1.79,1888,18.44,68,3.6,122,6.46,1280,67.8,389,20.6,29,1.54,3593,35.09,83,2.31,80,2.23,2023,56.3,1262,35.12,145,4.04,4142,40.45,5,0.12,77,1.86,1188,28.68,2527,61.01,345,8.33,1488,14.53,1052,10.27,1424,13.91,1898,18.54,1194,11.66,918,8.97,1110,10.84,395,3.86,159,1.55,71,0.69,530,5.18,747,325,1.39,698,2.99,3471,14.86,18863,80.76,616,6.02,1888,18.44,3593,35.09,4142,40.45,135800,163400,103800,22971,9876,742,7,0,5431,23.25,289,1.24,0,0,0,0,17637,75.51,4445,43.41,453,4.42,7,0.07,0,0,5334,52.09,3265862251,251176.3161
1897,48233,48,TX,Texas,233,Hutchinson,10652,7074,66.41,3578,33.59,5658,79.98,1387,24.51,2267,40.07,987,17.44,555,9.81,371,6.56,91,1.61,1416,20.02,608,42.94,326,23.02,128,9.04,251,17.73,85,6,18,1.27,1995,28.2,2593,36.66,1115,15.76,806,11.39,456,6.45,109,1.54,1973,155,1.46,588,5.52,3287,30.86,6622,62.17,5.9,6.2,4.4,8450,79.33,109,1.02,545,5.12,489,4.59,69,0.65,990,9.29,5658,5080,89.78,17,0.3,4,0.07,4,0.07,0,0,553,9.77,1416,717,50.64,88,6.21,331,23.38,211,14.9,69,4.87,0,0,421,7.44,1657,29.29,2884,50.97,696,12.3,186,13.14,411,29.03,714,50.42,105,7.42,819,57.84,607,8.58,2068,29.23,3598,50.86,801,11.32,39,2.75,0,0,0,0,0,0,39,3900,0,0,272,19.21,81,29.78,65,23.9,111,40.81,15,5.51,0,0,548,38.7,73,13.32,51,9.31,284,51.82,108,19.71,32,5.84,557,39.34,0,0,23,4.13,289,51.89,141,25.31,104,18.67,424,29.94,153,10.81,191,13.49,152,10.73,147,10.38,69,4.87,42,2.97,71,5.01,11,0.78,20,1.41,136,9.6,624,34,0.6,89,1.57,1052,18.59,4483,79.23,39,2.75,272,19.21,548,38.7,557,39.34,81600,87800,73200,5777,1260,37,0,0,866,15.31,27,0.48,0,0,0,0,4765,84.22,394,27.82,10,0.71,0,0,0,0,1012,71.47,3534678755,237913.0183
1898,48235,48,TX,Texas,235,Irion,885,636,71.86,249,28.14,525,82.55,170,32.38,224,42.67,80,15.24,19,3.62,8,1.52,24,4.57,111,17.45,28,25.23,8,7.21,17,15.32,30,27.03,0,0,28,25.23,198,31.13,232,36.48,97,15.25,49,7.7,8,1.26,52,8.18,1982,31,3.5,63,7.12,274,30.96,517,58.42,5.3,5.4,4.6,750,84.75,7,0.79,0,0,12,1.36,0,0,116,13.11,525,465,88.57,0,0,0,0,0,0,0,0,60,11.43,111,92,82.88,0,0,0,0,12,10.81,0,0,7,6.31,57,10.86,245,46.67,117,22.29,106,20.19,0,0,64,57.66,26,23.42,21,18.92,47,42.34,57,8.96,309,48.58,143,22.48,127,19.97,0,0,0,0,0,0,0,0,0,0,0,0,5,4.5,0,0,0,0,5,100,0,0,0,0,46,41.44,0,0,0,0,26,56.52,12,26.09,8,17.39,60,54.05,0,0,0,0,18,30,42,70,0,0,8,7.21,0,0,44,39.64,12,10.81,12,10.81,0,0,27,24.32,0,0,0,0,0,0,8,7.21,649,14,2.67,32,6.1,129,24.57,350,66.67,0,0,5,4.5,46,41.44,60,54.05,122000,142900,112700,375,227,23,11,0,139,26.48,23,4.38,11,2.1,0,0,352,67.05,88,79.28,0,0,0,0,0,0,23,20.72,3742452333,244806.2161
1899,48237,48,TX,Texas,237,Jack,4177,3169,75.87,1008,24.13,2455,77.47,647,26.35,923,37.6,420,17.11,241,9.82,114,4.64,110,4.48,714,22.53,290,40.62,132,18.49,142,19.89,62,8.68,32,4.48,56,7.84,937,29.57,1055,33.29,562,17.73,303,9.56,146,4.61,166,5.24,1975,39,0.93,206,4.93,1321,31.63,2611,62.51,5.3,5.6,4.4,3136,75.08,23,0.55,208,4.98,66,1.58,20,0.48,724,17.33,2455,2071,84.36,23,0.94,0,0,0,0,3,0.12,358,14.58,714,293,41.04,0,0,205,28.71,66,9.24,0,0,150,21.01,513,20.9,401,16.33,1137,46.31,404,16.46,71,9.94,209,29.27,297,41.6,137,19.19,434,60.78,584,18.43,610,19.25,1434,45.25,541,17.07,2,0.28,0,0,2,100,0,0,0,0,0,0,112,15.69,42,37.5,0,0,35,31.25,35,31.25,0,0,258,36.13,21,8.14,108,41.86,87,33.72,11,4.26,31,12.02,342,47.9,71,20.76,8,2.34,146,42.69,49,14.33,68,19.88,329,46.08,23,3.22,136,19.05,44,6.16,26,3.64,7,0.98,8,1.12,7,0.98,0,0,35,4.9,99,13.87,457,20,0.81,79,3.22,645,26.27,1711,69.69,2,0.28,112,15.69,258,36.13,342,47.9,95200,139600,78600,2403,734,32,0,0,545,22.2,16,0.65,0,0,0,0,1894,77.15,189,26.47,16,2.24,0,0,0,0,509,71.29,3415404602,235378.3796
1924,48239,48,TX,Texas,239,Jackson,6737,4924,73.09,1813,26.91,3469,70.45,629,18.13,1462,42.14,567,16.34,483,13.92,169,4.87,159,4.58,1455,29.55,430,29.55,384,26.39,211,14.5,275,18.9,122,8.38,33,2.27,1059,21.51,1846,37.49,778,15.8,758,15.39,291,5.91,192,3.9,1979,20,0.3,461,6.84,1735,25.75,4521,67.11,5.6,6,4.7,4802,71.28,49,0.73,174,2.58,445,6.61,9,0.13,1258,18.67,3469,2795,80.57,12,0.35,27,0.78,0,0,0,0,635,18.3,1455,870,59.79,37,2.54,122,8.38,173,11.89,9,0.62,244,16.77,651,18.77,750,21.62,1511,43.56,557,16.06,132,9.07,580,39.86,461,31.68,282,19.38,743,51.07,783,15.9,1330,27.01,1972,40.05,839,17.04,0,0,0,0,0,0,0,0,0,0,0,0,153,10.52,6,3.92,0,0,106,69.28,0,0,41,26.8,643,44.19,51,7.93,23,3.58,494,76.83,44,6.84,31,4.82,659,45.29,0,0,0,0,249,37.78,282,42.79,128,19.42,227,15.6,269,18.49,296,20.34,170,11.68,125,8.59,56,3.85,103,7.08,9,0.62,0,0,0,0,200,13.75,629,20,0.58,92,2.65,541,15.6,2816,81.18,0,0,153,10.52,643,44.19,659,45.29,110100,142900,93300,3839,1028,57,0,0,508,14.64,20,0.58,0,0,0,0,2941,84.78,520,35.74,37,2.54,0,0,0,0,898,61.72,2889976653,302365.199
1925,48241,48,TX,Texas,241,Jasper,17375,13725,78.99,3650,21.01,10446,76.11,2760,26.42,3987,38.17,1750,16.75,1036,9.92,541,5.18,372,3.56,3279,23.89,1130,34.46,847,25.83,328,10,568,17.32,240,7.32,166,5.06,3890,28.34,4834,35.22,2078,15.14,1604,11.69,781,5.69,538,3.92,1982,259,1.49,1279,7.36,4678,26.92,11159,64.22,5.2,5.4,4.6,9911,57.04,1298,7.47,850,4.89,329,1.89,139,0.8,4848,27.9,10446,6659,63.75,686,6.57,129,1.23,9,0.09,0,0,2963,28.36,3279,1411,43.03,392,11.95,491,14.97,238,7.26,139,4.24,608,18.54,2671,25.57,3615,34.61,3632,34.77,528,5.05,458,13.97,1364,41.6,1260,38.43,197,6.01,1457,44.43,3129,22.8,4979,36.28,4892,35.64,725,5.28,84,2.56,42,50,0,0,42,50,0,0,0,0,528,16.1,71,13.45,57,10.8,310,58.71,0,0,90,17.05,1098,33.49,81,7.38,170,15.48,613,55.83,31,2.82,203,18.49,1569,47.85,49,3.12,57,3.63,761,48.5,413,26.32,289,18.42,1379,42.06,544,16.59,268,8.17,165,5.03,94,2.87,155,4.73,80,2.44,12,0.37,0,0,0,0,582,17.75,495,67,0.64,363,3.48,2007,19.21,8009,76.67,84,2.56,528,16.1,1098,33.49,1569,47.85,105200,124600,90400,10082,3461,182,0,0,1882,18.02,70,0.67,0,0,0,0,8494,81.31,1579,48.15,112,3.42,0,0,0,0,1588,48.43,3411068457,449751.1376
1926,48243,48,TX,Texas,243,Jeff Davis,1766,991,56.12,775,43.88,830,83.75,324,39.04,442,53.25,32,3.86,2,0.24,30,3.61,0,0,161,16.25,20,12.42,53,32.92,5,3.11,0,0,0,0,83,51.55,344,34.71,495,49.95,37,3.73,2,0.2,30,3.03,83,8.38,1983,45,2.55,360,20.39,511,28.94,850,48.13,5.4,5.5,2.5,1366,77.35,8,0.45,21,1.19,0,0,0,0,371,21.01,830,713,85.9,0,0,0,0,0,0,0,0,117,14.1,161,70,43.48,0,0,0,0,0,0,0,0,91,56.52,266,32.05,288,34.7,135,16.27,141,16.99,8,4.97,97,60.25,7,4.35,49,30.43,56,34.78,274,27.65,385,38.85,142,14.33,190,19.17,0,0,0,0,0,0,0,0,0,0,0,0,83,51.55,0,0,0,0,0,0,83,100,0,0,23,14.29,0,0,0,0,12,52.17,0,0,11,47.83,55,34.16,8,14.55,0,0,9,16.36,0,0,38,69.09,8,4.97,14,8.7,0,0,90,55.9,0,0,0,0,0,0,0,0,0,0,0,0,49,30.43,,0,0,155,18.67,296,35.66,379,45.66,0,0,83,51.55,23,14.29,55,34.16,134800,146400,,811,85,95,0,0,85,10.24,12,1.45,0,0,0,0,733,88.31,0,0,83,51.55,0,0,0,0,78,48.45,7961418869,395060.7803
1927,48245,48,TX,Texas,245,Jefferson,108947,94012,86.29,14935,13.71,57859,61.54,14116,24.4,21530,37.21,8912,15.4,7419,12.82,3656,6.32,2226,3.85,36153,38.46,14935,41.31,9461,26.17,5279,14.6,3545,9.81,1800,4.98,1133,3.13,29051,30.9,30991,32.96,14191,15.09,10964,11.66,5456,5.8,3359,3.57,1979,1613,1.48,13174,12.09,29518,27.09,64642,59.33,5.4,6,4.2,77667,71.29,2112,1.94,6091,5.59,14975,13.75,4380,4.02,3722,3.42,57859,53856,93.08,1381,2.39,198,0.34,8,0.01,89,0.15,2327,4.02,36153,13626,37.69,596,1.65,4714,13.04,12640,34.96,3863,10.69,714,1.97,10277,17.76,11206,19.37,30856,53.33,5520,9.54,8159,22.57,9229,25.53,15399,42.59,3366,9.31,18765,51.9,18436,19.61,20435,21.74,46255,49.2,8886,9.45,1019,2.82,239,23.45,97,9.52,619,60.75,57,4101.57,7,0.69,10162,28.11,1129,11.11,1030,10.14,6199,61,1584,15.59,220,2.16,14282,39.5,1008,7.06,1148,8.04,7156,50.11,4292,30.05,678,4.75,10690,29.57,238,2.23,605,5.66,2573,24.07,5878,54.99,1396,13.06,8019,22.18,3691,10.21,4479,12.39,4968,13.74,4314,11.93,2429,6.72,3609,9.98,1590,4.4,617,1.71,136,0.38,2301,6.36,713,256,0.44,868,1.5,10532,18.2,46203,79.85,1019,2.82,10162,28.11,14282,39.5,10690,29.57,120300,147100,92000,67742,24935,1287,41,7,9886,17.09,471,0.81,23,0.04,7,0.01,47472,82.05,15049,41.63,816,2.26,18,0.05,0,0,20270,56.07,3414043339,329592.2102
1928,48247,48,TX,Texas,247,Jim Hogg,2370,1545,65.19,825,34.81,1102,71.33,333,30.22,370,33.58,129,11.71,123,11.16,86,7.8,61,5.54,443,28.67,57,12.87,87,19.64,113,25.51,140,31.6,5,1.13,41,9.26,390,25.24,457,29.58,242,15.66,263,17.02,91,5.89,102,6.6,1979,78,3.29,117,4.94,843,35.57,1332,56.2,5.2,5.5,4.2,1831,77.26,34,1.43,223,9.41,4,0.17,0,0,278,11.73,1102,916,83.12,21,1.91,0,0,0,0,0,0,165,14.97,443,193,43.57,0,0,192,43.34,4,0.9,0,0,54,12.19,210,19.06,328,29.76,346,31.4,218,19.78,56,12.64,159,35.89,210,47.4,18,4.06,228,51.47,266,17.22,487,31.52,556,35.99,236,15.28,4,0.9,0,0,0,0,4,100,0,0,0,0,38,8.58,23,60.53,15,39.47,0,0,0,0,0,0,279,62.98,85,30.47,61,21.86,76,27.24,0,0,57,20.43,122,27.54,0,0,0,0,93,76.23,7,5.74,22,18.03,207,46.73,51,11.51,86,19.41,20,4.51,0,0,0,0,0,0,0,0,0,0,0,0,79,17.83,427,10,0.91,28,2.54,300,27.22,764,69.33,4,0.9,38,8.58,279,62.98,122,27.54,77000,108300,47500,1116,383,46,0,0,209,18.97,14,1.27,0,0,0,0,879,79.76,174,39.28,32,7.22,0,0,0,0,237,53.5,3724328319,269164.4299
1947,48171,48,TX,Texas,171,Gillespie,13218,10820,81.86,2398,18.14,7722,71.37,1760,22.79,4074,52.76,531,6.88,649,8.4,330,4.27,378,4.9,3098,28.63,1376,44.42,519,16.75,701,22.63,269,8.68,102,3.29,131,4.23,3136,28.98,4593,42.45,1232,11.39,918,8.48,432,3.99,509,4.7,1991,288,2.18,1016,7.69,3554,26.89,8360,63.25,5.6,6,4.5,10049,76.03,108,0.82,620,4.69,510,3.86,204,1.54,1727,13.07,7722,6606,85.55,54,0.7,37,0.48,8,0.1,0,0,1017,13.17,3098,1368,44.16,54,1.74,545,17.59,443,14.3,204,6.58,484,15.62,2294,29.71,2851,36.92,1644,21.29,933,12.08,836,26.99,1316,42.48,701,22.63,245,7.91,946,30.54,3130,28.93,4167,38.51,2345,21.67,1178,10.89,177,5.71,41,23.16,0,0,79,44.63,57,5700,0,0,432,13.94,0,0,23,5.32,385,89.12,24,5.56,0,0,1338,43.19,29,2.17,137,10.24,491,36.7,529,39.54,152,11.36,1151,37.15,0,0,0,0,129,11.21,665,57.78,357,31.02,301,9.72,282,9.1,131,4.23,439,14.17,252,8.13,439,14.17,428,13.82,138,4.45,79,2.55,100,3.23,509,16.43,856,39,0.51,220,2.85,1516,19.63,5947,77.01,177,5.71,432,13.94,1338,43.19,1151,37.15,311300,328700,304000,7717,2779,314,10,0,1722,22.3,60,0.78,0,0,0,0,5940,76.92,1057,34.12,254,8.2,10,0.32,0,0,1777,57.36,3702258835,252405.4889
1948,48173,48,TX,Texas,173,Glasscock,526,435,82.7,91,17.3,285,65.52,37,12.98,150,52.63,35,12.28,36,12.63,27,9.47,0,0,150,34.48,14,9.33,35,23.33,19,12.67,60,40,5,3.33,17,11.33,51,11.72,185,42.53,54,12.41,96,22.07,32,7.36,17,3.91,1967,10,1.9,10,1.9,90,17.11,416,79.09,5.4,6.2,4.8,472,89.73,0,0,0,0,4,0.76,0,0,50,9.51,285,267,93.68,0,0,0,0,0,0,0,0,18,6.32,150,145,96.67,0,0,0,0,0,0,0,0,5,3.33,74,25.96,57,20,142,49.82,12,4.21,20,13.33,22,14.67,94,62.67,14,9.33,108,72,94,21.61,79,18.16,236,54.25,26,5.98,0,0,0,0,0,0,0,0,0,0,0,0,10,6.67,0,0,0,0,0,0,0,0,10,100,5,3.33,0,0,0,0,5,100,0,0,0,0,135,90,0,0,9,6.67,15,11.11,13,9.63,98,72.59,9,6,23,15.33,0,0,0,0,0,0,10,6.67,0,0,0,0,0,0,0,0,108,72,533,0,0,0,0,53,18.6,232,81.4,0,0,10,6.67,5,3.33,135,90,303300,235300,308500,366,69,0,0,0,26,9.12,0,0,0,0,0,0,259,90.88,43,28.67,0,0,0,0,0,0,107,71.33,3245536433,227900.7706
1949,48175,48,TX,Texas,175,Goliad,3780,2840,75.13,940,24.87,2284,80.42,659,28.85,902,39.49,348,15.24,249,10.9,85,3.72,41,1.8,556,19.58,295,53.06,100,17.99,88,15.83,73,13.13,0,0,0,0,954,33.59,1002,35.28,436,15.35,322,11.34,85,2.99,41,1.44,1978,72,1.9,389,10.29,934,24.71,2385,63.1,5.6,5.8,4.9,2901,76.75,13,0.34,101,2.67,50,1.32,0,0,715,18.92,2284,1805,79.03,12,0.53,0,0,0,0,0,0,467,20.45,556,346,62.23,1,0.18,101,18.17,40,7.19,0,0,68,12.23,623,27.28,810,35.46,640,28.02,211,9.24,50,8.99,198,35.61,241,43.35,67,12.05,308,55.4,673,23.7,1008,35.49,881,31.02,278,9.79,10,1.8,10,100,0,0,0,0,0,0,0,0,80,14.39,2,2.5,70,87.5,8,10,0,0,0,0,160,28.78,25,15.63,24,15,28,17.5,0,0,83,51.88,306,55.04,30,9.8,0,0,50,16.34,76,24.84,150,49.02,215,38.67,4,0.72,12,2.16,31,5.58,19,3.42,1,0.18,40,7.19,0,0,1,0.18,0,0,233,41.91,,34,1.49,209,9.15,500,21.89,1541,67.47,10,1.8,80,14.39,160,28.78,306,55.04,129000,166800,96300,2327,513,0,0,0,301,13.18,0,0,0,0,0,0,1983,86.82,212,38.13,0,0,0,0,0,0,344,61.87,2901066447,258151.7636
1950,48177,48,TX,Texas,177,Gonzales,9048,7465,82.5,1583,17.5,5230,70.06,1134,21.68,1851,35.39,1059,20.25,515,9.85,359,6.86,312,5.97,2235,29.94,914,40.89,450,20.13,350,15.66,285,12.75,84,3.76,152,6.8,2048,27.43,2301,30.82,1409,18.87,800,10.72,443,5.93,464,6.22,1981,184,2.03,694,7.67,2607,28.81,5563,61.48,5,5.5,4,6115,67.58,35,0.39,570,6.3,103,1.14,65,0.72,2160,23.87,5230,3883,74.24,23,0.44,8,0.15,0,0,0,0,1316,25.16,2235,1040,46.53,12,0.54,476,21.3,103,4.61,65,2.91,539,24.12,1362,26.04,1379,26.37,1823,34.86,666,12.73,241,10.78,906,40.54,699,31.28,389,17.4,1088,48.68,1603,21.47,2285,30.61,2522,33.78,1055,14.13,35,1.57,0,0,32,91.43,0,0,3,300,0,0,407,18.21,78,19.16,55,13.51,227,55.77,10,2.46,37,9.09,929,41.57,51,5.49,178,19.16,405,43.6,132,14.21,163,17.55,864,38.66,24,2.78,24,2.78,456,52.78,206,23.84,154,17.82,799,35.75,200,8.95,387,17.32,236,10.56,165,7.38,20,0.89,40,1.79,0,0,34,1.52,0,0,354,15.84,566,104,1.99,100,1.91,1129,21.59,3897,74.51,35,1.57,407,18.21,929,41.57,864,38.66,113700,112700,114300,5500,1812,143,10,0,990,18.93,119,2.28,10,0.19,0,0,4111,78.6,822,36.78,24,1.07,0,0,0,0,1389,62.15,3667512435,253316.3843
1951,48179,48,TX,Texas,179,Gray,9995,7843,78.47,2152,21.53,5684,72.47,1503,26.44,1873,32.95,828,14.57,725,12.76,384,6.76,371,6.53,2159,27.53,757,35.06,593,27.47,446,20.66,132,6.11,150,6.95,81,3.75,2260,28.82,2466,31.44,1274,16.24,857,10.93,534,6.81,452,5.76,1961,116,1.16,949,9.49,2804,28.05,6126,61.29,5.4,5.7,4.6,8590,85.94,111,1.11,213,2.13,438,4.38,136,1.36,507,5.07,5684,5286,93,58,1.02,47,0.83,0,0,0,0,293,5.15,2159,1506,69.75,53,2.45,93,4.31,323,14.96,75,3.47,109,5.05,390,6.86,907,15.96,3168,55.74,1219,21.45,214,9.91,283,13.11,1198,55.49,464,21.49,1662,76.98,604,7.7,1190,15.17,4366,55.67,1683,21.46,25,1.16,0,0,20,80,5,20,0,0,0,0,348,16.12,87,25,91,26.15,149,42.82,15,4.31,6,1.72,829,38.4,13,1.57,10,1.21,547,65.98,129,15.56,130,15.68,957,44.33,10,1.04,36,3.76,455,47.54,202,21.11,254,26.54,713,33.02,471,21.82,204,9.45,202,9.36,110,5.09,43,1.99,5,0.23,6,0.28,0,0,15,0.69,390,18.06,527,47,0.83,210,3.69,1325,23.31,4102,72.17,25,1.16,348,16.12,829,38.4,957,44.33,79800,117400,67900,6118,1621,100,4,0,882,15.52,28,0.49,0,0,0,0,4774,83.99,739,34.23,72,3.33,4,0.19,0,0,1344,62.25,3630756760,241019.5707
1952,48181,48,TX,Texas,181,Grayson,56749,49327,86.92,7422,13.08,33648,68.21,7716,22.93,13277,39.46,5457,16.22,4364,12.97,1639,4.87,1195,3.55,15679,31.79,5335,34.03,4456,28.42,2913,18.58,1723,10.99,871,5.56,381,2.43,13051,26.46,17733,35.95,8370,16.97,6087,12.34,2510,5.09,1576,3.2,1982,984,1.73,4943,8.71,14960,26.36,35862,63.19,5.6,6.1,4.5,41070,72.37,788,1.39,3478,6.13,3252,5.73,1935,3.41,6226,10.97,33648,29652,88.12,224,0.67,24,0.07,88,0.26,0,0,3660,10.88,15679,6280,40.05,468,2.98,3061,19.52,2752,17.55,1844,11.76,1274,8.13,8637,25.67,8330,24.76,12145,36.09,4536,13.48,3101,19.78,5273,33.63,5523,35.23,1782,11.37,7305,46.59,11738,23.8,13603,27.58,17668,35.82,6318,12.81,491,3.13,27,5.5,91,18.53,312,63.54,28,5.7,33,6.72,3180,20.28,263,8.27,163,5.13,2128,66.92,536,16.86,90,2.83,6639,42.34,221,3.33,265,3.99,3735,56.26,2058,31,360,5.42,5369,34.24,46,0.86,50,0.93,1357,25.27,3342,62.25,574,10.69,1989,12.69,1353,8.63,2785,17.76,2726,17.39,1735,11.07,1093,6.97,1485,9.47,668,4.26,517,3.3,271,1.73,1057,6.74,736,186,0.55,791,2.35,6126,18.21,26545,78.89,491,3.13,3180,20.28,6639,42.34,5369,34.24,152400,167800,127700,36787,11967,536,37,0,5965,17.73,139,0.41,28,0.08,0,0,27516,81.78,6002,38.28,397,2.53,9,0.06,0,0,9271,59.13,3667461647,293379.2861
1953,48183,48,TX,Texas,183,Gregg,52256,46174,88.36,6082,11.64,27354,59.24,5327,19.47,10630,38.86,4437,16.22,4148,15.16,1823,6.66,989,3.62,18820,40.76,7299,38.78,5327,28.3,2791,14.83,1793,9.53,1081,5.74,529,2.81,12626,27.34,15957,34.56,7228,15.65,5941,12.87,2904,6.29,1518,3.29,1981,1025,1.96,5943,11.37,13751,26.31,31537,60.35,5.5,6.2,4.2,33902,64.88,1088,2.08,5525,10.57,4563,8.73,3211,6.14,3967,7.59,27354,24874,90.93,495,1.81,81,0.3,5,0.02,6,0.02,1893,6.92,18820,5686,30.21,429,2.28,4676,24.85,3928,20.87,2944,15.64,1157,6.15,4418,16.15,7869,28.77,12910,47.2,2157,7.89,3509,18.65,6146,32.66,8092,43,1073,5.7,9165,48.7,7927,17.17,14015,30.35,21002,45.48,3230,7,693,3.68,14,2.02,11,1.59,425,61.33,223,14211.69,20,2.89,4756,25.27,286,6.01,271,5.7,3386,71.19,686,14.42,127,2.67,8101,43.04,328,4.05,377,4.65,5233,64.6,1876,23.16,287,3.54,5270,28,0,0,111,2.11,1338,25.39,3391,64.35,430,8.16,2145,11.4,2792,14.84,3577,19.01,3051,16.21,1922,10.21,1112,5.91,1623,8.62,923,4.9,459,2.44,352,1.87,864,4.59,718,96,0.35,316,1.16,3266,11.94,23676,86.55,693,3.68,4756,25.27,8101,43.04,5270,28,144300,148400,137100,32801,12840,521,12,0,4568,16.7,125,0.46,12,0.04,0,0,22649,82.8,8272,43.95,396,2.1,0,0,0,0,10152,53.94,1006579862,163995.9582
1954,48185,48,TX,Texas,185,Grimes,11399,9206,80.76,2193,19.24,6999,76.03,1419,20.27,2897,41.39,1078,15.4,935,13.36,464,6.63,206,2.94,2207,23.97,575,26.05,566,25.65,446,20.21,307,13.91,172,7.79,141,6.39,1994,21.66,3463,37.62,1524,16.55,1242,13.49,636,6.91,347,3.77,1985,276,2.42,552,4.84,3220,28.25,7351,64.49,5.4,5.7,4.7,7812,68.53,184,1.61,378,3.32,206,1.81,238,2.09,2581,22.64,6999,5306,75.81,100,1.43,0,0,0,0,0,0,1593,22.76,2207,953,43.18,50,2.27,312,14.14,115,5.21,238,10.78,539,24.42,2725,38.93,2283,32.62,1476,21.09,515,7.36,270,12.23,1093,49.52,718,32.53,126,5.71,844,38.24,2995,32.53,3376,36.67,2194,23.83,641,6.96,80,3.62,0,0,9,11.25,52,65,0,0,19,23.75,111,5.03,40,36.04,31,27.93,23,20.72,0,0,17,15.32,837,37.92,25,2.99,178,21.27,415,49.58,86,10.27,133,15.89,1179,53.42,132,11.2,156,13.23,385,32.65,188,15.95,318,26.97,827,37.47,260,11.78,198,8.97,94,4.26,103,4.67,65,2.95,84,3.81,54,2.45,35,1.59,0,0,487,22.07,512,132,1.89,212,3.03,1588,22.69,5067,72.4,80,3.62,111,5.03,837,37.92,1179,53.42,163200,205300,142800,7018,1979,195,14,0,1088,15.55,71,1.01,14,0.2,0,0,5826,83.24,891,40.37,124,5.62,0,0,0,0,1192,54.01,2808170299,295869.1778
1979,48187,48,TX,Texas,187,Guadalupe,59964,55710,92.91,4254,7.09,43073,77.32,7653,17.77,14742,34.23,8095,18.79,6650,15.44,3845,8.93,2088,4.85,12637,22.68,3380,26.75,3624,28.68,1789,14.16,1738,13.75,1373,10.86,733,5.8,11033,19.8,18366,32.97,9884,17.74,8388,15.06,5218,9.37,2821,5.06,1992,965,1.61,2594,4.33,9669,16.12,46736,77.94,6.1,6.4,4.7,46687,77.86,381,0.64,1502,2.5,2195,3.66,875,1.46,8324,13.88,43073,37087,86.1,247,0.57,92,0.21,13,0.03,0,0,5634,13.08,12637,6560,51.91,134,1.06,1289,10.2,1813,14.35,816,6.46,2025,16.02,21337,49.54,12394,28.77,7353,17.07,1989,4.62,4420,34.98,4533,35.87,3060,24.21,624,4.94,3684,29.15,25757,46.23,16927,30.38,10413,18.69,2613,4.69,549,4.34,34,6.19,129,23.5,158,28.78,220,13814.94,8,1.46,1530,12.11,61,3.99,111,7.25,1038,67.84,245,16.01,75,4.9,3767,29.81,97,2.57,68,1.81,1601,42.5,1735,46.06,266,7.06,6791,53.74,34,0.5,64,0.94,879,12.94,5391,79.38,423,6.23,1205,9.54,629,4.98,1088,8.61,1516,12,1185,9.38,1166,9.23,1410,11.16,1350,10.68,1903,15.06,413,3.27,772,6.11,927,271,0.63,526,1.22,4868,11.3,37408,86.85,549,4.34,1530,12.11,3767,29.81,6791,53.74,207700,220500,177700,41603,13341,725,41,0,8385,19.47,302,0.7,41,0.1,0,0,34345,79.74,4956,39.22,423,3.35,0,0,0,0,7258,57.43,2456382437,286804.4116
1980,48189,48,TX,Texas,189,Hale,13382,10888,81.36,2494,18.64,6890,63.28,1544,22.41,2598,37.71,1265,18.36,679,9.85,616,8.94,188,2.73,3998,36.72,1448,36.22,601,15.03,627,15.68,655,16.38,475,11.88,192,4.8,2992,27.48,3199,29.38,1892,17.38,1334,12.25,1091,10.02,380,3.49,1968,221,1.65,1226,9.16,3936,29.41,7999,59.77,5.4,5.9,4.6,10059,75.17,297,2.22,786,5.87,731,5.46,424,3.17,1085,8.11,6890,6385,92.67,86,1.25,54,0.78,0,0,0,0,365,5.3,3998,2071,51.8,190,4.75,533,13.33,500,12.51,351,8.78,353,8.83,289,4.19,1198,17.39,4178,60.64,1225,17.78,235,5.88,756,18.91,2381,59.55,626,15.66,3007,75.21,524,4.81,1954,17.95,6559,60.24,1851,17,194,4.85,0,0,66,34.02,77,39.69,33,17.01,18,9.28,646,16.16,61,9.44,173,26.78,363,56.19,0,0,49,7.59,1596,39.92,15,0.94,168,10.53,1060,66.42,187,11.72,166,10.4,1562,39.07,44,2.82,153,9.8,725,46.41,354,22.66,286,18.31,1400,35.02,778,19.46,492,12.31,317,7.93,71,1.78,130,3.25,142,3.55,20,0.5,84,2.1,45,1.13,519,12.98,532,5,0.07,54,0.78,1551,22.51,5280,76.63,194,4.85,646,16.16,1596,39.92,1562,39.07,84500,110400,66700,8255,2416,217,0,0,989,14.35,9,0.13,0,0,0,0,5892,85.52,1427,35.69,208,5.2,0,0,0,0,2363,59.1,3802195204,247069.143
1981,48485,48,TX,Texas,485,Wichita,56064,48538,86.58,7526,13.42,29577,60.94,7285,24.63,11980,40.5,4654,15.74,3277,11.08,1614,5.46,767,2.59,18961,39.06,7466,39.38,5509,29.05,2677,14.12,1761,9.29,1013,5.34,535,2.82,14751,30.39,17489,36.03,7331,15.1,5038,10.38,2627,5.41,1302,2.68,1973,975,1.74,5355,9.55,15784,28.15,33950,60.56,5.5,6.1,4.6,40424,72.1,1039,1.85,4355,7.77,5270,9.4,2460,4.39,2516,4.49,29577,27815,94.04,409,1.38,133,0.45,0,0,34,0.11,1186,4.01,18961,8274,43.64,586,3.09,3372,17.78,3927,20.71,2236,11.79,566,2.99,3632,12.28,6185,20.91,15247,51.55,4513,15.26,2772,14.62,4559,24.04,9233,48.69,2397,12.64,11630,61.34,6404,13.19,10744,22.14,24480,50.43,6910,14.24,555,2.93,68,12.25,74,13.33,253,45.59,155,9410.99,5,0.9,4122,21.74,342,8.3,382,9.27,2997,72.71,357,8.66,44,1.07,7175,37.84,275,3.83,574,8,4666,65.03,1197,16.68,463,6.45,7109,37.49,96,1.35,224,3.15,2559,36,3523,49.56,707,9.95,4235,22.34,2480,13.08,3445,18.17,2509,13.23,1730,9.12,908,4.79,1092,5.76,577,3.04,534,2.82,232,1.22,1219,6.43,653,15,0.05,330,1.12,5604,18.95,23628,79.89,555,2.93,4122,21.74,7175,37.84,7109,37.49,103200,119700,86700,34700,13227,554,57,0,5389,18.22,112,0.38,0,0,0,0,24076,81.4,7838,41.34,442,2.33,57,0.3,0,0,10624,56.03,2390205489,226023.8266
1982,48487,48,TX,Texas,487,Wilbarger,6242,5008,80.23,1234,19.77,2973,59.37,1027,34.54,1137,38.24,325,10.93,264,8.88,108,3.63,112,3.77,2035,40.63,797,39.16,424,20.84,364,17.89,155,7.62,100,4.91,195,9.58,1824,36.42,1561,31.17,689,13.76,419,8.37,208,4.15,307,6.13,1967,152,2.44,760,12.18,2313,37.06,3017,48.33,5.1,5.6,4.4,4683,75.02,36,0.58,734,11.76,230,3.68,136,2.18,423,6.78,2973,2779,93.47,11,0.37,0,0,0,0,0,0,183,6.16,2035,1104,54.25,25,1.23,500,24.57,192,9.43,88,4.32,126,6.19,162,5.45,548,18.43,1615,54.32,648,21.8,232,11.4,354,17.4,970,47.67,479,23.54,1449,71.2,394,7.87,902,18.01,2585,51.62,1127,22.5,26,1.28,0,0,15,57.69,11,42.31,0,0,0,0,463,22.75,50,10.8,116,25.05,297,64.15,0,0,0,0,858,42.16,16,1.86,89,10.37,626,72.96,14,1.63,113,13.17,688,33.81,0,0,73,10.61,390,56.69,159,23.11,66,9.59,1117,54.89,188,9.24,326,16.02,186,9.14,20,0.98,0,0,3,0.15,9,0.44,5,0.25,2,0.1,179,8.8,458,11,0.37,83,2.79,876,29.47,2003,67.37,26,1.28,463,22.75,858,42.16,688,33.81,73200,80800,64800,3603,1249,156,0,0,621,20.89,47,1.58,0,0,0,0,2305,77.53,628,30.86,109,5.36,0,0,0,0,1298,63.78,3701666601,310117.2923
1983,48489,48,TX,Texas,489,Willacy,7391,5882,79.58,1509,20.42,3939,66.97,952,24.17,1337,33.94,451,11.45,517,13.13,387,9.82,295,7.49,1943,33.03,345,17.76,335,17.24,523,26.92,336,17.29,192,9.88,212,10.91,1297,22.05,1672,28.43,974,16.56,853,14.5,579,9.84,507,8.62,1988,282,3.82,633,8.56,2301,31.13,4175,56.49,5.1,5.5,4.5,5629,76.16,212,2.87,567,7.67,112,1.52,52,0.7,819,11.08,3939,3319,84.26,122,3.1,7,0.18,0,0,0,0,491,12.47,1943,1248,64.23,29,1.49,429,22.08,79,4.07,52,2.68,106,5.46,712,18.08,1150,29.2,1547,39.27,530,13.46,575,29.59,485,24.96,684,35.2,199,10.24,883,45.45,1287,21.88,1635,27.8,2231,37.93,729,12.39,142,7.31,43,30.28,0,0,99,69.72,0,0,0,0,248,12.76,67,27.02,120,48.39,44,17.74,14,5.65,3,1.21,675,34.74,70,10.37,39,5.78,469,69.48,0,0,97,14.37,878,45.19,0,0,19,2.16,549,62.53,106,12.07,204,23.23,899,46.27,249,12.82,135,6.95,278,14.31,7,0.36,29,1.49,28,1.44,14,0.72,0,0,0,0,304,15.65,468,8,0.2,195,4.95,1105,28.05,2631,66.79,142,7.31,248,12.76,675,34.74,878,45.19,62100,84000,53800,4113,1630,139,0,0,801,20.34,42,1.07,0,0,0,0,3096,78.6,829,42.67,97,4.99,0,0,0,0,1017,52.34,1961309225,642781.2137
1984,48491,48,TX,Texas,491,Williamson,199061,188113,94.5,10948,5.5,128240,68.17,21533,16.79,44618,34.79,23961,18.68,24013,18.73,9295,7.25,4820,3.76,59873,31.83,20222,33.77,16735,27.95,9594,16.02,7522,12.56,3780,6.31,2020,3.37,41755,22.2,61353,32.61,33555,17.84,31535,16.76,13075,6.95,6840,3.64,2000,2436,1.22,19670,9.88,32802,16.48,144153,72.42,6,6.7,4.3,146951,73.82,5186,2.61,7640,3.84,17847,8.97,17284,8.68,4153,2.09,128240,122317,95.38,2237,1.74,664,0.52,294,0.23,156,0.12,2572,2.01,59873,19835,33.13,2660,4.44,5891,9.84,15966,26.67,14266,23.83,1255,2.1,72358,56.42,41824,32.61,11115,8.67,2943,2.29,30372,50.73,21694,36.23,6714,11.21,1093,1.83,7807,13.04,102730,54.61,63518,33.77,17829,9.48,4036,2.15,1679,2.8,39,2.32,0,0,417,24.84,1204,84821.2,19,1.13,16419,27.42,332,2.02,343,2.09,3785,23.05,11882,72.37,77,0.47,18757,31.33,112,0.6,103,0.55,2208,11.77,16133,86.01,201,1.07,23018,38.44,95,0.41,142,0.62,1096,4.76,20850,90.58,835,3.63,1942,3.24,1160,1.94,973,1.63,1893,3.16,4057,6.78,5751,9.61,16315,27.25,11221,18.74,12180,20.34,3249,5.43,1132,1.89,1208,280,0.22,821,0.64,11027,8.6,116112,90.54,1679,2.8,16419,27.42,18757,31.33,23018,38.44,282700,284700,276900,135598,49856,2486,173,0,25326,19.75,579,0.45,27,0.02,0,0,102308,79.78,24530,40.97,1907,3.19,146,0.24,0,0,33290,55.6,3973627116,293729.5224
1985,48493,48,TX,Texas,493,Wilson,17676,15975,90.38,1701,9.62,13943,87.28,1820,13.05,5192,37.24,2384,17.1,2266,16.25,1412,10.13,869,6.23,2032,12.72,521,25.64,603,29.68,352,17.32,203,9.99,187,9.2,166,8.17,2341,14.65,5795,36.28,2736,17.13,2469,15.46,1599,10.01,1035,6.48,1987,214,1.21,630,3.56,3185,18.02,13647,77.21,5.9,6.1,4.4,12286,69.51,97,0.55,308,1.74,238,1.35,14,0.08,4733,26.78,13943,10260,73.59,37,0.27,39,0.28,0,0,0,0,3607,25.87,2032,982,48.33,60,2.95,240,11.81,221,10.88,14,0.69,515,25.34,6148,44.09,5094,36.53,2068,14.83,633,4.54,490,24.11,785,38.63,535,26.33,222,10.93,757,37.25,6638,41.55,5879,36.8,2603,16.29,855,5.35,20,0.98,0,0,7,35,13,65,0,0,0,0,229,11.27,25,10.92,22,9.61,115,50.22,15,6.55,52,22.71,888,43.7,15,1.69,12,1.35,543,61.15,222,25,96,10.81,895,44.05,0,0,51,5.7,153,17.09,424,47.37,267,29.83,351,17.27,215,10.58,170,8.37,217,10.68,150,7.38,85,4.18,219,10.78,104,5.12,98,4.82,8,0.39,415,20.42,753,115,0.82,304,2.18,1684,12.08,11840,84.92,20,0.98,229,11.27,888,43.7,895,44.05,210600,268300,135600,12330,3453,192,0,0,2814,20.18,38,0.27,0,0,0,0,11091,79.55,639,31.45,154,7.58,0,0,0,0,1239,60.97,2756103168,227557.008
1986,48495,48,TX,Texas,495,Winkler,3066,2618,85.39,448,14.61,2119,80.94,479,22.61,755,35.63,224,10.57,376,17.74,75,3.54,210,9.91,499,19.06,153,30.66,113,22.65,97,19.44,40,8.02,90,18.04,6,1.2,632,24.14,868,33.16,321,12.26,416,15.89,165,6.3,216,8.25,1969,45,1.47,24,0.78,886,28.9,2111,68.85,5.7,5.8,5.4,2501,81.57,132,4.31,45,1.47,117,3.82,0,0,271,8.84,2119,1849,87.26,96,4.53,0,0,0,0,0,0,174,8.21,499,311,62.32,36,7.21,17,3.41,68,13.63,0,0,67,13.43,107,5.05,252,11.89,1444,68.15,316,14.91,0,0,169,33.87,326,65.33,4,0.8,330,66.13,107,4.09,421,16.08,1770,67.61,320,12.22,0,0,0,0,0,0,0,0,0,0,0,0,0,0,0,0,0,0,0,0,0,0,0,0,244,48.9,0,0,11,4.51,129,52.87,53,21.72,51,20.9,255,51.1,7,2.75,0,0,162,63.53,61,23.92,25,9.8,130,26.05,131,26.25,33,6.61,53,10.62,28,5.61,0,0,48,9.62,0,0,0,0,0,0,76,15.23,560,2,0.09,2,0.09,451,21.28,1664,78.53,0,0,0,0,244,48.9,255,51.1,82800,121100,71400,2141,431,46,0,0,312,14.72,18,0.85,0,0,0,0,1789,84.43,119,23.85,28,5.61,0,0,0,0,352,70.54,3028849845,231640.3029
2011,48497,48,TX,Texas,497,Wise,24957,22254,89.17,2703,10.83,17720,79.63,3228,18.22,6817,38.47,2582,14.57,2640,14.9,1499,8.46,954,5.38,4534,20.37,986,21.75,1406,31.01,738,16.28,905,19.96,263,5.8,236,5.21,4214,18.94,8223,36.95,3320,14.92,3545,15.93,1762,7.92,1190,5.35,1985,218,0.87,1226,4.91,4263,17.08,19250,77.13,5.8,6,4.9,17206,68.94,213,0.85,637,2.55,384,1.54,154,0.62,6363,25.5,17720,13232,74.67,182,1.03,16,0.09,41,0.23,0,0,4249,23.98,4534,2551,56.26,25,0.55,524,11.56,250,5.51,141,3.11,1043,23,6383,36.02,6539,36.9,4104,23.16,694,3.92,883,19.48,1756,38.73,1455,32.09,440,9.7,1895,41.8,7266,32.65,8295,37.27,5559,24.98,1134,5.1,130,2.87,0,0,0,0,120,92.31,0,0,10,7.69,470,10.37,43,9.15,68,14.47,189,40.21,84,17.87,86,18.3,1351,29.8,17,1.26,116,8.59,643,47.59,312,23.09,263,19.47,2583,56.97,18,0.7,2,0.08,537,20.79,1611,62.37,415,16.07,623,13.74,382,8.43,347,7.65,598,13.19,580,12.79,264,5.82,521,11.49,163,3.6,279,6.15,3,0.07,774,17.07,787,42,0.24,418,2.36,2359,13.31,14901,84.09,130,2.87,470,10.37,1351,29.8,2583,56.97,178200,217900,141100,16875,4854,480,45,0,3576,20.18,169,0.95,45,0.25,0,0,13930,78.61,1278,28.19,311,6.86,0,0,0,0,2945,64.95,3423066500,234421.8926
2012,48499,48,TX,Texas,499,Wood,21384,16716,78.17,4668,21.83,13609,81.41,3370,24.76,6300,46.29,1935,14.22,1109,8.15,512,3.76,383,2.81,3107,18.59,1116,35.92,731,23.53,608,19.57,463,14.9,123,3.96,66,2.12,4486,26.84,7031,42.06,2543,15.21,1572,9.4,635,3.8,449,2.69,1984,572,2.67,1819,8.51,5422,25.36,13571,63.46,5.6,5.8,4.3,15834,74.05,227,1.06,870,4.07,296,1.38,318,1.49,3839,17.95,13609,10962,80.55,129,0.95,48,0.35,51,0.37,3,0.02,2416,17.75,3107,1565,50.37,98,3.15,538,17.32,182,5.86,226,7.27,498,16.03,4449,32.69,4795,35.23,3646,26.79,719,5.28,627,20.18,1223,39.36,1024,32.96,233,7.5,1257,40.46,5076,30.37,6018,36,4670,27.94,952,5.7,250,8.05,6,2.4,11,4.4,113,45.2,58,919.6,62,24.8,691,22.24,110,15.92,145,20.98,400,57.89,11,1.59,25,3.62,884,28.45,17,1.92,55,6.22,601,67.99,43,4.86,168,19,1282,41.26,7,0.55,23,1.79,514,40.09,385,30.03,353,27.54,832,26.78,358,11.52,462,14.87,286,9.21,163,5.25,79,2.54,203,6.53,59,1.9,8,0.26,49,1.58,608,19.57,611,100,0.73,630,4.63,3044,22.37,9835,72.27,250,8.05,691,22.24,884,28.45,1282,41.26,151400,157800,146100,12910,3571,235,0,0,2523,18.54,28,0.21,0,0,0,0,11058,81.26,1048,33.73,207,6.66,0,0,0,0,1852,59.61,2556624243,272636.6304
2013,48501,48,TX,Texas,501,Yoakum,3051,2601,85.25,450,14.75,2010,77.28,383,19.05,466,23.18,239,11.89,376,18.71,467,23.23,79,3.93,591,22.72,154,26.06,152,25.72,93,15.74,94,15.91,61,10.32,37,6.26,537,20.65,618,23.76,332,12.76,470,18.07,528,20.3,116,4.46,1986,8,0.26,293,9.6,559,18.32,2191,71.81,5.4,5.8,4.5,2555,83.74,7,0.23,11,0.36,0,0,32,1.05,446,14.62,2010,1729,86.02,0,0,0,0,0,0,0,0,281,13.98,591,461,78,0,0,11,1.86,0,0,32,5.41,87,14.72,301,14.98,531,26.42,930,46.27,248,12.34,74,12.52,302,51.1,182,30.8,33,5.58,215,36.38,375,14.42,833,32.03,1112,42.75,281,10.8,8,1.35,0,0,8,100,0,0,0,0,0,0,181,30.63,0,0,5,2.76,176,97.24,0,0,0,0,133,22.5,0,0,7,5.26,55,41.35,15,11.28,56,42.11,269,45.52,0,0,0,0,53,19.7,47,17.47,169,62.83,33,5.58,29,4.91,129,21.83,142,24.03,11,1.86,4,0.68,18,3.05,0,0,0,0,0,0,225,38.07,679,0,0,95,4.73,229,11.39,1686,83.88,8,1.35,181,30.63,133,22.5,269,45.52,152900,202100,108700,2121,459,21,0,0,286,14.23,13,0.65,0,0,0,0,1711,85.12,173,29.27,8,1.35,0,0,0,0,410,69.37,2964444759,217972.9968
2051,48249,48,TX,Texas,249,Jim Wells,16409,12924,78.76,3485,21.24,9172,70.97,1760,19.19,3202,34.91,1535,16.74,1407,15.34,747,8.14,521,5.68,3752,29.03,895,23.85,902,24.04,555,14.79,499,13.3,489,13.03,412,10.98,2655,20.54,4104,31.75,2090,16.17,1906,14.75,1236,9.56,933,7.22,1978,164,1,1024,6.24,4481,27.31,10740,65.45,5.4,5.7,4.7,12655,77.12,127,0.77,826,5.03,658,4.01,52,0.32,2091,12.74,9172,7860,85.7,110,1.2,19,0.21,0,0,0,0,1183,12.9,3752,2146,57.2,17,0.45,653,17.4,593,15.8,52,1.39,291,7.76,2387,26.02,2264,24.68,3654,39.84,867,9.45,425,11.33,1261,33.61,1791,47.73,275,7.33,2066,55.06,2812,21.76,3525,27.27,5445,42.13,1142,8.84,102,2.72,24,23.53,0,0,73,71.57,0,0,5,4.9,526,14.02,74,14.07,117,22.24,303,57.6,0,0,32,6.08,1149,30.62,75,6.53,97,8.44,612,53.26,62,5.4,303,26.37,1975,52.64,6,0.3,127,6.43,698,35.34,655,33.16,489,24.76,1075,28.65,374,9.97,562,14.98,303,8.08,166,4.42,87,2.32,97,2.59,259,6.9,0,0,0,0,829,22.09,601,16,0.17,65,0.71,1928,21.02,7163,78.1,102,2.72,526,14.02,1149,30.62,1975,52.64,76900,139400,63500,9633,3001,285,5,0,1613,17.59,145,1.58,5,0.05,0,0,7409,80.78,1388,36.99,140,3.73,0,0,0,0,2224,59.28,2882253978,293051.8558
2052,48251,48,TX,Texas,251,Johnson,62881,58270,92.67,4611,7.33,42693,73.27,7381,17.29,15825,37.07,6860,16.07,7142,16.73,3358,7.87,2127,4.98,15577,26.73,3858,24.77,4243,27.24,3311,21.26,2206,14.16,1327,8.52,632,4.06,11239,19.29,20068,34.44,10171,17.45,9348,16.04,4685,8.04,2759,4.73,1986,734,1.17,2620,4.17,9975,15.86,49552,78.8,5.4,5.7,4.7,43514,69.2,627,1,2952,4.69,2291,3.64,1260,2,12237,19.46,42693,34450,80.69,191,0.45,134,0.31,69,0.16,0,0,7849,18.38,15577,6331,40.64,436,2.8,2647,16.99,1915,12.29,1210,7.77,3038,19.5,15086,35.34,14866,34.82,11183,26.19,1558,3.65,3800,24.39,5903,37.9,5156,33.1,718,4.61,5874,37.71,18886,32.41,20769,35.64,16339,28.04,2276,3.91,354,2.27,25,7.06,9,2.54,193,54.52,12,1200,115,32.49,2049,13.15,93,4.54,205,10,1282,62.57,405,19.77,64,3.12,5075,32.58,100,1.97,248,4.89,2363,46.56,2121,41.79,243,4.79,8099,51.99,0,0,141,1.74,1864,23.02,5360,66.18,734,9.06,1483,9.52,1468,9.42,1395,8.96,1904,12.22,2228,14.3,1687,10.83,1727,11.09,1233,7.92,1206,7.74,90,0.58,1156,7.42,843,345,0.81,369,0.86,3497,8.19,38482,90.14,354,2.27,2049,13.15,5075,32.58,8099,51.99,168500,184000,143300,43143,14376,736,15,0,8013,18.77,282,0.66,6,0.01,0,0,34392,80.56,6363,40.85,454,2.91,9,0.06,0,0,8751,56.18,2673622337,219221.1651
2053,48253,48,TX,Texas,253,Jones,7054,5646,80.04,1408,19.96,4444,78.71,1145,25.77,1769,39.81,628,14.13,713,16.04,91,2.05,98,2.21,1202,21.29,300,24.96,419,34.86,131,10.9,178,14.81,48,3.99,126,10.48,1445,25.59,2188,38.75,759,13.44,891,15.78,139,2.46,224,3.97,1975,40,0.57,434,6.15,2221,31.49,4359,61.79,5.7,5.8,5,5951,84.36,73,1.03,106,1.5,31,0.44,31,0.44,862,12.22,4444,3888,87.49,14,0.32,0,0,0,0,0,0,542,12.2,1202,823,68.47,27,2.25,106,8.82,31,2.58,31,2.58,184,15.31,729,16.4,673,15.14,1835,41.29,1207,27.16,82,6.82,422,35.11,548,45.59,150,12.48,698,58.07,811,14.36,1095,19.39,2383,42.21,1357,24.03,18,1.5,5,27.78,3,16.67,8,44.44,0,0,2,11.11,105,8.74,7,6.67,21,20,58,55.24,7,6.67,12,11.43,467,38.85,1,0.21,51,10.92,305,65.31,0,0,110,23.55,612,50.92,9,1.47,38,6.21,151,24.67,267,43.63,147,24.02,419,34.86,199,16.56,117,9.73,72,5.99,41,3.41,19,1.58,64,5.32,0,0,0,0,0,0,271,22.55,522,22,0.5,156,3.51,1194,26.87,3072,69.13,18,1.5,105,8.74,467,38.85,612,50.92,80800,94800,69300,4564,1008,56,18,0,675,15.19,42,0.95,18,0.41,0,0,3709,83.46,333,27.7,14,1.16,0,0,0,0,855,71.13,3440233766,236001.1778
2054,48255,48,TX,Texas,255,Karnes,6063,4552,75.08,1511,24.92,3340,73.37,808,24.19,1350,40.42,545,16.32,470,14.07,58,1.74,109,3.26,1212,26.63,446,36.8,321,26.49,132,10.89,211,17.41,55,4.54,47,3.88,1254,27.55,1671,36.71,677,14.87,681,14.96,113,2.48,156,3.43,1986,346,5.71,504,8.31,1480,24.41,3733,61.57,5.2,5.4,4.3,4437,73.18,41,0.68,328,5.41,199,3.28,91,1.5,967,15.95,3340,2809,84.1,19,0.57,0,0,0,0,0,0,512,15.33,1212,563,46.45,13,1.07,291,24.01,142,11.72,60,4.95,143,11.8,755,22.6,653,19.55,1326,39.7,606,18.14,173,14.27,550,45.38,387,31.93,102,8.42,489,40.35,928,20.39,1203,26.43,1713,37.63,708,15.55,133,10.97,22,16.54,31,23.31,80,60.15,0,0,0,0,221,18.23,28,12.67,33,14.93,116,52.49,44,19.91,0,0,327,26.98,122,37.31,31,9.48,100,30.58,58,17.74,16,4.89,531,43.81,12,2.26,3,0.56,206,38.79,234,44.07,76,14.31,367,30.28,148,12.21,132,10.89,260,21.45,49,4.04,38,3.14,106,8.75,20,1.65,0,0,0,0,92,7.59,619,46,1.38,50,1.5,781,23.38,2463,73.74,133,10.97,221,18.23,327,26.98,531,43.81,109500,115200,104500,3604,923,25,0,0,557,16.68,0,0,0,0,0,0,2783,83.32,366,30.2,25,2.06,0,0,0,0,821,67.74,2555875957,233859.3573
2055,48257,48,TX,Texas,257,Kaufman,42292,39237,92.78,3055,7.22,30075,76.65,4320,14.36,10008,33.28,5017,16.68,5715,19,2757,9.17,2258,7.51,9162,23.35,3041,33.19,2119,23.13,1142,12.46,996,10.87,1233,13.46,631,6.89,7361,18.76,12127,30.91,6159,15.7,6711,17.1,3990,10.17,2889,7.36,1990,519,1.23,1618,3.83,6521,15.42,33634,79.53,6,6.4,4.7,32359,76.51,212,0.5,1590,3.76,1084,2.56,1307,3.09,5740,13.57,30075,26129,86.88,134,0.45,20,0.07,36,0.12,0,0,3756,12.49,9162,4247,46.35,72,0.79,1392,15.19,915,9.99,1243,13.57,1293,14.11,15060,50.07,8953,29.77,4897,16.28,1165,3.87,3250,35.47,2824,30.82,2591,28.28,497,5.42,3088,33.7,18310,46.67,11777,30.02,7488,19.08,1662,4.24,311,3.39,0,0,22,7.07,103,33.12,165,13709,21,6.75,1171,12.78,25,2.13,94,8.03,561,47.91,491,41.93,0,0,3032,33.09,31,1.02,49,1.62,1669,55.05,1161,38.29,122,4.02,4648,50.73,62,1.33,51,1.1,868,18.67,3455,74.33,212,4.56,1266,13.82,660,7.2,870,9.5,923,10.07,985,10.75,1024,11.18,1299,14.18,616,6.72,1014,11.07,150,1.64,355,3.87,869,183,0.61,245,0.81,2872,9.55,26775,89.03,311,3.39,1171,12.78,3032,33.09,4648,50.73,195400,212100,149900,27524,11254,435,24,0,6597,21.94,165,0.55,21,0.07,0,0,23292,77.45,4657,50.83,270,2.95,3,0.03,0,0,4232,46.19,2955549457,243622.5448
2056,48259,48,TX,Texas,259,Kendall,16488,14789,89.7,1699,10.3,11239,76,1876,16.69,4747,42.24,1706,15.18,1568,13.95,951,8.46,391,3.48,3550,24,1082,30.48,876,24.68,589,16.59,560,15.77,205,5.77,238,6.7,2958,20,5623,38.02,2295,15.52,2128,14.39,1156,7.82,629,4.25,1997,261,1.58,1184,7.18,2473,15,12570,76.24,6.4,6.9,5,13503,81.9,414,2.51,505,3.06,595,3.61,554,3.36,917,5.56,11239,10573,94.07,143,1.27,0,0,0,0,14,0.12,509,4.53,3550,1552,43.72,271,7.63,483,13.61,530,14.93,496,13.97,218,6.14,5837,51.94,3562,31.69,1411,12.55,429,3.82,1650,46.48,992,27.94,708,19.94,200,5.63,908,25.58,7487,50.63,4554,30.79,2119,14.33,629,4.25,168,4.73,0,0,0,0,94,55.95,53,3908.33,21,12.5,703,19.8,0,0,0,0,227,32.29,445,63.3,31,4.41,1010,28.45,0,0,0,0,70,6.93,869,86.04,71,7.03,1669,47.01,0,0,0,0,136,8.15,1335,79.99,198,11.86,145,4.08,91,2.56,35,0.99,223,6.28,145,4.08,408,11.49,1062,29.92,317,8.93,580,16.34,223,6.28,321,9.04,1134,29,0.26,242,2.15,1085,9.65,9883,87.93,168,4.73,703,19.8,1010,28.45,1669,47.01,378500,369400,392200,11298,3301,181,9,0,2072,18.44,9,0.08,0,0,0,0,9158,81.48,1229,34.62,172,4.85,9,0.25,0,0,2140,60.28,2294861175,191742.7726
2057,48261,48,TX,Texas,261,Kenedy,221,129,58.37,92,41.63,27,20.93,4,14.81,23,85.19,0,0,0,0,0,0,0,0,102,79.07,10,9.8,50,49.02,13,12.75,0,0,15,14.71,14,13.73,14,10.85,73,56.59,13,10.08,0,0,15,11.63,14,10.85,1953,3,1.36,36,16.29,112,50.68,70,31.67,4.7,4.3,4.8,210,95.02,0,0,0,0,0,0,0,0,11,4.98,27,27,100,0,0,0,0,0,0,0,0,0,0,102,102,100,0,0,0,0,0,0,0,0,0,0,11,40.74,0,0,12,44.44,4,14.81,14,13.73,0,0,50,49.02,38,37.25,88,86.27,25,19.38,0,0,62,48.06,42,32.56,0,0,0,0,0,0,0,0,0,0,0,0,0,0,0,0,0,0,0,0,0,0,0,0,62,60.78,0,0,0,0,10,16.13,0,0,52,83.87,40,39.22,0,0,0,0,14,35,0,0,26,65,10,9.8,14,13.73,0,0,0,0,0,0,0,0,0,0,0,0,0,0,0,0,78,76.47,,0,0,12,44.44,11,40.74,4,14.81,0,0,0,0,62,60.78,40,39.22,,,,115,14,0,0,0,0,0,0,0,0,0,0,0,27,100,14,13.73,0,0,0,0,0,0,88,86.27,4685226758,1645881.461
2058,48263,48,TX,Texas,263,Kent,517,286,55.32,231,44.68,233,81.47,90,38.63,89,38.2,8,3.43,39,16.74,7,3,0,0,53,18.53,9,16.98,12,22.64,20,37.74,0,0,12,22.64,0,0,99,34.62,101,35.31,28,9.79,39,13.64,19,6.64,0,0,1968,0,0,26,5.03,110,21.28,381,73.69,6.6,6.6,6.1,446,86.27,0,0,0,0,0,0,0,0,71,13.73,233,209,89.7,0,0,0,0,0,0,0,0,24,10.3,53,49,92.45,0,0,0,0,0,0,0,0,4,7.55,41,17.6,32,13.73,132,56.65,28,12.02,0,0,17,32.08,32,60.38,4,7.55,36,67.92,41,14.34,49,17.13,164,57.34,32,11.19,0,0,0,0,0,0,0,0,0,0,0,0,0,0,0,0,0,0,0,0,0,0,0,0,16,30.19,0,0,0,0,0,0,0,0,16,100,37,69.81,0,0,6,16.22,20,54.05,0,0,11,29.73,22,41.51,4,7.55,0,0,0,0,0,0,0,0,0,0,0,0,0,0,0,0,27,50.94,463,0,0,3,1.29,24,10.3,206,88.41,0,0,0,0,16,30.19,37,69.81,64700,317500,49300,250,36,0,0,0,36,15.45,0,0,0,0,0,0,197,84.55,0,0,0,0,0,0,0,0,53,100,3347589660,230644.7851
2081,48191,48,TX,Texas,191,Hall,1916,1252,65.34,664,34.66,858,68.53,169,19.7,402,46.85,134,15.62,63,7.34,37,4.31,53,6.18,394,31.47,196,49.75,43,10.91,62,15.74,46,11.68,23,5.84,24,6.09,365,29.15,445,35.54,196,15.65,109,8.71,60,4.79,77,6.15,1957,8,0.42,151,7.88,569,29.7,1188,62,5.5,5.8,5,1662,86.74,20,1.04,107,5.58,3,0.16,1,0.05,123,6.42,858,810,94.41,12,1.4,0,0,0,0,0,0,36,4.2,394,295,74.87,2,0.51,72,18.27,3,0.76,1,0.25,21,5.33,34,3.96,88,10.26,501,58.39,235,27.39,16,4.06,21,5.33,208,52.79,149,37.82,357,90.61,50,3.99,109,8.71,709,56.63,384,30.67,0,0,0,0,0,0,0,0,0,0,0,0,62,15.74,15,24.19,26,41.94,5,8.06,0,0,16,25.81,177,44.92,8,4.52,41,23.16,48,27.12,6,3.39,74,41.81,155,39.34,0,0,18,11.61,109,70.32,1,0.65,27,17.42,229,58.12,16,4.06,4,1.02,13,3.3,3,0.76,12,3.05,0,0,0,0,0,0,0,0,117,29.7,360,0,0,12,1.4,122,14.22,724,84.38,0,0,62,15.74,177,44.92,155,39.34,59900,85500,56700,984,257,11,0,0,110,12.82,11,1.28,0,0,0,0,737,85.9,147,37.31,0,0,0,0,0,0,247,62.69,3458565506,235277.2222
2082,48193,48,TX,Texas,193,Hamilton,4545,3007,66.16,1538,33.84,2518,83.74,708,28.12,1071,42.53,291,11.56,241,9.57,90,3.57,117,4.65,489,16.26,253,51.74,107,21.88,43,8.79,23,4.7,19,3.89,44,9,961,31.96,1178,39.18,334,11.11,264,8.78,109,3.62,161,5.35,1973,33,0.73,268,5.9,877,19.3,3367,74.08,5.9,6.1,4.4,4011,88.25,73,1.61,138,3.04,34,0.75,7,0.15,282,6.2,2518,2330,92.53,55,2.18,0,0,0,0,0,0,133,5.28,489,297,60.74,10,2.04,129,26.38,34,6.95,7,1.43,12,2.45,433,17.2,460,18.27,1103,43.8,522,20.73,28,5.73,99,20.25,302,61.76,60,12.27,362,74.03,461,15.33,559,18.59,1405,46.72,582,19.35,0,0,0,0,0,0,0,0,0,0,0,0,156,31.9,90,57.69,16,10.26,37,23.72,7,4.49,6,3.85,129,26.38,4,3.1,12,9.3,68,52.71,37,28.68,8,6.2,204,41.72,0,0,14,6.86,66,32.35,43,21.08,81,39.71,257,52.56,30,6.13,18,3.68,11,2.25,53,10.84,11,2.25,0,0,0,0,7,1.43,7,1.43,95,19.43,411,33,1.31,37,1.47,420,16.68,2028,80.54,0,0,156,31.9,129,26.38,204,41.72,123600,124700,123000,2316,647,44,0,0,486,19.3,10,0.4,0,0,0,0,2022,80.3,161,32.92,34,6.95,0,0,0,0,294,60.12,3001921281,236534.2069
2083,48265,48,TX,Texas,265,Kerr,24796,21278,85.81,3518,14.19,14561,68.43,3678,25.26,6846,47.02,2122,14.57,1074,7.38,484,3.32,357,2.45,6717,31.57,2023,30.12,1793,26.69,1109,16.51,706,10.51,691,10.29,395,5.88,5701,26.79,8639,40.6,3231,15.18,1780,8.37,1175,5.52,752,3.53,1986,426,1.72,2244,9.05,7250,29.24,14876,59.99,5.5,5.9,4.6,16253,65.55,453,1.83,1335,5.38,1010,4.07,703,2.84,5042,20.33,14561,10795,74.14,292,2.01,84,0.58,24,0.16,19,0.13,3347,22.99,6717,2823,42.03,144,2.14,1150,17.12,868,12.92,629,9.36,1103,16.42,3447,23.67,6101,41.9,3887,26.69,1126,7.73,1818,27.07,2263,33.69,2193,32.65,443,6.6,2636,39.24,5265,24.74,8364,39.31,6080,28.57,1569,7.37,176,2.62,0,0,49,27.84,44,25,83,8300,0,0,1057,15.74,70,6.62,112,10.6,701,66.32,124,11.73,50,4.73,2747,40.9,36,1.31,14,0.51,1729,62.94,831,30.25,137,4.99,2737,40.75,16,0.58,142,5.19,759,27.73,1431,52.28,389,14.21,748,11.14,501,7.46,908,13.52,1104,16.44,633,9.42,402,5.98,1176,17.51,338,5.03,210,3.13,121,1.8,576,8.58,789,77,0.53,407,2.8,3331,22.88,10746,73.8,176,2.62,1057,15.74,2747,40.9,2737,40.75,193900,188500,199900,15782,5159,310,27,0,2373,16.3,95,0.65,27,0.19,0,0,12066,82.87,2786,41.48,215,3.2,0,0,0,0,3716,55.32,3841430914,304590.4819
2084,48267,48,TX,Texas,267,Kimble,3318,1967,59.28,1351,40.72,1488,75.65,482,32.39,579,38.91,158,10.62,164,11.02,28,1.88,77,5.17,479,24.35,161,33.61,125,26.1,89,18.58,66,13.78,38,7.93,0,0,643,32.69,704,35.79,247,12.56,230,11.69,66,3.36,77,3.91,1974,70,2.11,365,11,975,29.39,1908,57.5,5.6,5.8,4.7,2544,76.67,16,0.48,74,2.23,39,1.18,21,0.63,624,18.81,1488,1258,84.54,9,0.6,5,0.34,0,0,0,0,216,14.52,479,259,54.07,7,1.46,69,14.41,39,8.14,21,4.38,84,17.54,331,22.24,314,21.1,554,37.23,289,19.42,7,1.46,195,40.71,257,53.65,20,4.18,277,57.83,338,17.18,509,25.88,811,41.23,309,15.71,15,3.13,4,26.67,0,0,6,40,0,0,5,33.33,58,12.11,17,29.31,9,15.52,32,55.17,0,0,0,0,185,38.62,26,14.05,16,8.65,134,72.43,9,4.86,0,0,221,46.14,0,0,5,2.26,102,46.15,29,13.12,85,38.46,259,54.07,69,14.41,43,8.98,11,2.3,7,1.46,0,0,0,0,0,0,0,0,0,0,90,18.79,464,0,0,86,5.78,379,25.47,1023,68.75,15,3.13,58,12.11,185,38.62,221,46.14,151700,193500,130700,1558,374,35,0,0,234,15.73,21,1.41,0,0,0,0,1233,82.86,140,29.23,14,2.92,0,0,0,0,325,67.85,4378033498,290302.2087
2107,48195,48,TX,Texas,195,Hansford,2342,1859,79.38,483,20.62,1428,76.82,327,22.9,504,35.29,95,6.65,292,20.45,192,13.45,18,1.26,431,23.18,200,46.4,54,12.53,62,14.39,80,18.56,21,4.87,14,3.25,527,28.35,558,30.02,157,8.45,372,20.01,213,11.46,32,1.72,1968,32,1.37,180,7.69,578,24.68,1552,66.27,5.9,6.2,4.3,2021,86.29,19,0.81,98,4.18,38,1.62,0,0,166,7.09,1428,1335,93.49,9,0.63,14,0.98,0,0,0,0,70,4.9,431,295,68.45,0,0,76,17.63,27,6.26,0,0,33,7.66,112,7.84,194,13.59,940,65.83,182,12.75,19,4.41,117,27.15,250,58,45,10.44,295,68.45,131,7.05,311,16.73,1190,64.01,227,12.21,0,0,0,0,0,0,0,0,0,0,0,0,94,21.81,36,38.3,12,12.77,39,41.49,0,0,7,7.45,177,41.07,0,0,38,21.47,113,63.84,18,10.17,8,4.52,160,37.12,0,0,0,0,109,68.13,21,13.13,30,18.75,130,30.16,92,21.35,70,16.24,80,18.56,14,3.25,0,0,0,0,0,0,0,0,0,0,45,10.44,541,3,0.21,44,3.08,236,16.53,1145,80.18,0,0,94,21.81,177,41.07,160,37.12,111300,176800,91900,1349,487,23,0,0,307,21.5,23,1.61,0,0,0,0,1098,76.89,180,41.76,0,0,0,0,0,0,251,58.24,3675500773,242479.6879
2108,48197,48,TX,Texas,197,Hardeman,2411,1672,69.35,739,30.65,1159,69.32,276,23.81,490,42.28,202,17.43,115,9.92,64,5.52,12,1.04,513,30.68,183,35.67,173,33.72,75,14.62,71,13.84,6,1.17,5,0.97,459,27.45,663,39.65,277,16.57,186,11.12,70,4.19,17,1.02,1965,46,1.91,315,13.07,888,36.83,1162,48.2,5.2,5.7,4,1862,77.23,68,2.82,168,6.97,20,0.83,44,1.82,249,10.33,1159,987,85.16,42,3.62,0,0,0,0,3,0.26,127,10.96,513,270,52.63,26,5.07,126,24.56,20,3.9,41,7.99,30,5.85,98,8.46,204,17.6,459,39.6,398,34.34,34,6.63,81,15.79,313,61.01,85,16.57,398,77.58,132,7.89,285,17.05,772,46.17,483,28.89,0,0,0,0,0,0,0,0,0,0,0,0,166,32.36,43,25.9,86,51.81,37,22.29,0,0,0,0,233,45.42,33,14.16,68,29.18,107,45.92,0,0,25,10.73,114,22.22,0,0,21,18.42,32,28.07,0,0,61,53.51,387,75.44,13,2.53,8,1.56,19,3.7,0,0,0,0,0,0,0,0,0,0,0,0,86,16.76,343,12,1.04,54,4.66,351,30.28,742,64.02,0,0,166,32.36,233,45.42,114,22.22,53100,56900,48800,1295,338,39,0,0,171,14.75,11,0.95,0,0,0,0,977,84.3,167,32.55,28,5.46,0,0,0,0,318,61.99,2650685898,243701.0509
2109,48199,48,TX,Texas,199,Hardin,25111,21188,84.38,3923,15.62,17197,81.16,3382,19.67,6692,38.91,2886,16.78,2212,12.86,1469,8.54,556,3.23,3991,18.84,1381,34.6,1209,30.29,481,12.05,544,13.63,298,7.47,78,1.95,4763,22.48,7901,37.29,3367,15.89,2756,13.01,1767,8.34,634,2.99,1990,300,1.19,1808,7.2,4543,18.09,18460,73.51,5.8,6,4.5,16417,65.38,187,0.74,279,1.11,850,3.38,327,1.3,7051,28.08,17197,12591,73.22,69,0.4,20,0.12,7,0.04,0,0,4510,26.23,3991,1454,36.43,60,1.5,118,2.96,703,17.61,277,6.94,1379,34.55,6321,36.76,4607,26.79,5334,31.02,935,5.44,1190,29.82,1478,37.03,1185,29.69,138,3.46,1323,33.15,7511,35.45,6085,28.72,6519,30.77,1073,5.06,110,2.76,0,0,49,44.55,61,55.45,0,0,0,0,670,16.79,23,3.43,84,12.54,462,68.96,16,2.39,85,12.69,1426,35.73,31,2.17,31,2.17,1043,73.14,147,10.31,174,12.2,1785,44.73,0,0,120,6.72,832,46.61,538,30.14,295,16.53,683,17.11,504,12.63,877,21.97,684,17.14,275,6.89,108,2.71,157,3.93,25,0.63,124,3.11,0,0,554,13.88,651,16,0.09,785,4.56,2215,12.88,14181,82.46,110,2.76,670,16.79,1426,35.73,1785,44.73,135600,166600,97200,16709,4267,188,24,0,2771,16.11,0,0,0,0,0,0,14426,83.89,1496,37.48,188,4.71,24,0.6,0,0,2283,57.2,3130834440,319854.0399
2110,48201,48,TX,Texas,201,Harris,1795219,1635749,91.12,159470,8.88,897913,54.89,166867,18.58,277112,30.86,162316,18.08,155914,17.36,80971,9.02,54733,6.1,737836,45.11,262873,35.63,192753,26.12,110883,15.03,88513,12,50308,6.82,32506,4.41,429740,26.27,469865,28.72,273199,16.7,244427,14.94,131279,8.03,87239,5.33,1985,47429,2.64,318380,17.73,400008,22.28,1029402,57.34,5.4,6.5,3.9,1032401,57.51,66720,3.72,81565,4.54,276812,15.42,289572,16.13,48149,2.68,897913,802952,89.42,40330,4.49,5724,0.64,10220,1.14,11821,1.32,26866,2.99,737836,169971,23.04,20761,2.81,66993,9.08,223481,30.29,239300,32.43,17330,2.35,296147,32.98,235900,26.27,311715,34.72,54151,6.03,198712,26.93,242837,32.91,258478,35.03,37809,5.12,296287,40.16,494859,30.25,478737,29.27,570193,34.86,91960,5.62,36517,4.95,1499,4.1,1805,4.94,19395,53.11,13016,970709.06,802,2.2,258451,35.03,6284,2.43,5586,2.16,135910,52.59,108432,41.95,2239,0.87,259650,35.19,3078,1.19,3781,1.46,79026,30.44,167806,64.63,5959,2.3,183218,24.83,1295,0.71,2343,1.28,22020,12.02,145390,79.35,12170,6.64,39547,5.36,32733,4.44,63555,8.61,89064,12.07,88417,11.98,77313,10.48,136413,18.49,90291,12.24,69975,9.48,29358,3.98,21170,2.87,958,4798,0.53,12967,1.44,90648,10.1,789500,87.93,36517,4.95,258451,35.03,259650,35.19,183218,24.83,189400,203900,166900,1051929,537142,44897,1694,87,201709,22.46,6640,0.74,563,0.06,25,0,688976,76.73,335433,45.46,38257,5.19,1131,0.15,62,0.01,362953,49.19,6141038442,462608.2157
2111,48203,48,TX,Texas,203,Harrison,28827,23841,82.7,4986,17.3,17460,73.24,3277,18.77,7043,40.34,2936,16.82,2340,13.4,1225,7.02,639,3.66,6381,26.76,2222,34.82,1738,27.24,869,13.62,846,13.26,323,5.06,383,6,5499,23.07,8781,36.83,3805,15.96,3186,13.36,1548,6.49,1022,4.29,1986,334,1.16,1962,6.81,6820,23.66,19711,68.38,5.6,6,4.4,19565,67.87,214,0.74,1916,6.65,819,2.84,237,0.82,6076,21.08,17460,13508,77.37,77,0.44,59,0.34,21,0.12,0,0,3795,21.74,6381,2744,43,137,2.15,1449,22.71,612,9.59,237,3.71,1202,18.84,4758,27.25,4961,28.41,5723,32.78,2018,11.56,1680,26.33,2003,31.39,1924,30.15,774,12.13,2698,42.28,6438,27,6964,29.21,7647,32.07,2792,11.71,187,2.93,40,21.39,40,21.39,107,57.22,0,0,0,0,904,14.17,248,27.43,176,19.47,419,46.35,41,4.54,20,2.21,2566,40.21,0,0,122,4.75,1658,64.61,627,24.43,159,6.2,2724,42.69,153,5.62,134,4.92,982,36.05,913,33.52,542,19.9,1471,23.05,860,13.48,839,13.15,766,12,788,12.35,384,6.02,347,5.44,87,1.36,106,1.66,12,0.19,721,11.3,647,26,0.15,361,2.07,2946,16.87,14127,80.91,187,2.93,904,14.17,2566,40.21,2724,42.69,137200,163900,104100,17599,5821,414,7,0,3220,18.44,197,1.13,0,0,0,0,14043,80.43,2601,40.76,217,3.4,7,0.11,0,0,3556,55.73,3347477250,309947.7339
2112,48205,48,TX,Texas,205,Hartley,1908,1691,88.63,217,11.37,1104,65.29,191,17.3,621,56.25,75,6.79,106,9.6,84,7.61,27,2.45,587,34.71,264,44.97,81,13.8,71,12.1,93,15.84,37,6.3,41,6.98,455,26.91,702,41.51,146,8.63,199,11.77,121,7.16,68,4.02,1987,0,0,91,4.77,438,22.96,1379,72.27,6.3,6.8,5.1,1327,69.55,45,2.36,98,5.14,79,4.14,23,1.21,336,17.61,1104,974,88.22,43,3.89,0,0,0,0,0,0,87,7.88,587,211,35.95,2,0.34,98,16.7,79,13.46,0,0,197,33.56,191,17.3,242,21.92,528,47.83,143,12.95,31,5.28,377,64.22,135,23,44,7.5,179,30.49,222,13.13,619,36.61,663,39.21,187,11.06,0,0,0,0,0,0,0,0,0,0,0,0,50,8.52,0,0,31,62,0,0,0,0,19,38,241,41.06,15,6.22,5,2.07,189,78.42,23,9.54,9,3.73,296,50.43,1,0.34,2,0.68,67,22.64,186,62.84,40,13.51,78,13.29,42,7.16,14,2.39,188,32.03,72,12.27,42,7.16,9,1.53,45,7.67,29,4.94,0,0,68,11.58,779,0,0,11,1,141,12.77,952,86.23,0,0,50,8.52,241,41.06,296,50.43,179200,181100,173700,1275,393,15,8,0,268,24.28,0,0,8,0.72,0,0,828,75,125,21.29,15,2.56,0,0,0,0,447,76.15,5778688425,313773.9831
2113,48207,48,TX,Texas,207,Haskell,3465,2162,62.4,1303,37.6,1551,71.74,390,25.15,773,49.84,87,5.61,117,7.54,61,3.93,123,7.93,611,28.26,251,41.08,164,26.84,86,14.08,26,4.26,69,11.29,15,2.45,641,29.65,937,43.34,173,8,143,6.61,130,6.01,138,6.38,1961,75,2.16,334,9.64,899,25.95,2157,62.25,5.6,5.8,5.2,2832,81.73,28,0.81,65,1.88,4,0.12,28,0.81,508,14.66,1551,1395,89.94,14,0.9,0,0,0,0,7,0.45,135,8.7,611,478,78.23,14,2.29,65,10.64,0,0,21,3.44,33,5.4,100,6.45,215,13.86,739,47.65,497,32.04,0,0,159,26.02,277,45.34,175,28.64,452,73.98,100,4.63,374,17.3,1016,46.99,672,31.08,6,0.98,0,0,0,0,0,0,6,600,0,0,59,9.66,12,20.34,43,72.88,0,0,0,0,4,6.78,175,28.64,45,25.71,25,14.29,85,48.57,3,1.71,17,9.71,371,60.72,5,1.35,9,2.43,209,56.33,68,18.33,80,21.56,318,52.05,78,12.77,21,3.44,59,9.66,19,3.11,0,0,15,2.45,0,0,0,0,0,0,101,16.53,425,3,0.19,77,4.96,290,18.7,1181,76.14,6,0.98,59,9.66,175,28.64,371,60.72,60500,82000,48200,1730,405,27,0,0,239,15.41,19,1.23,0,0,0,0,1293,83.37,166,27.17,8,1.31,0,0,0,0,437,71.52,3374577079,232300.3392
2114,48209,48,TX,Texas,209,Hays,81696,76724,93.91,4972,6.09,47715,62.19,7841,16.43,17734,37.17,8227,17.24,8482,17.78,3293,6.9,2138,4.48,29009,37.81,9479,32.68,9304,32.07,4738,16.33,2811,9.69,1605,5.53,1072,3.7,17320,22.57,27038,35.24,12965,16.9,11293,14.72,4898,6.38,3210,4.18,2002,1671,2.05,7603,9.31,14716,18.01,57706,70.64,5.4,6.2,4,52909,64.76,1217,1.49,3871,4.74,9157,11.21,7631,9.34,6911,8.46,47715,42671,89.43,400,0.84,134,0.28,34,0.07,70,0.15,4406,9.23,29009,7565,26.08,797,2.75,3533,12.18,8144,28.07,6965,24.01,2005,6.91,28578,59.89,12468,26.13,5710,11.97,959,2.01,15985,55.1,8477,29.22,3484,12.01,1063,3.66,4547,15.67,44563,58.08,20945,27.3,9194,11.98,2022,2.64,1219,4.2,16,1.31,0,0,455,37.33,708,68302.05,40,3.28,6418,22.12,135,2.1,234,3.65,2387,37.19,3640,56.72,22,0.34,9916,34.18,96,0.97,85,0.86,2789,28.13,6694,67.51,252,2.54,11456,39.49,11,0.1,223,1.95,2504,21.86,8049,70.26,669,5.84,1135,3.91,1637,5.64,2247,7.75,2003,6.9,2991,10.31,3050,10.51,6661,22.96,3811,13.14,3967,13.68,524,1.81,983,3.39,1036,162,0.34,534,1.12,3468,7.27,43551,91.27,1219,4.2,6418,22.12,9916,34.18,11456,39.49,258000,259100,254900,50372,24863,1419,49,21,10374,21.74,481,1.01,1,0,0,0,36859,77.25,14489,49.95,938,3.23,48,0.17,21,0.07,13513,46.58,2354756939,216238.2159
2139,48503,48,TX,Texas,503,Young,8730,7491,85.81,1239,14.19,5547,74.05,1382,24.91,2416,43.56,616,11.11,837,15.09,197,3.55,99,1.78,1944,25.95,676,34.77,505,25.98,312,16.05,240,12.35,208,10.7,3,0.15,2058,27.47,2921,38.99,928,12.39,1077,14.38,405,5.41,102,1.36,1971,143,1.64,530,6.07,2311,26.47,5746,65.82,5.8,6.1,4.7,6908,79.13,137,1.57,477,5.46,295,3.38,22,0.25,891,10.21,5547,5122,92.34,23,0.41,17,0.31,0,0,0,0,385,6.94,1944,1030,52.98,50,2.57,425,21.86,142,7.3,22,1.13,275,14.15,956,17.23,1189,21.44,2715,48.95,687,12.39,265,13.63,385,19.8,1123,57.77,171,8.8,1294,66.56,1221,16.3,1574,21.01,3838,51.23,858,11.45,84,4.32,0,0,0,0,84,100,0,0,0,0,334,17.18,57,17.07,74,22.16,200,59.88,0,0,3,0.9,843,43.36,46,5.46,67,7.95,539,63.94,10,1.19,181,21.47,683,35.13,36,5.27,34,4.98,283,41.43,196,28.7,134,19.62,790,40.64,297,15.28,244,12.55,158,8.13,61,3.14,4,0.21,32,1.65,0,0,40,2.06,0,0,318,16.36,506,59,1.06,98,1.77,986,17.78,4404,79.39,84,4.32,334,17.18,843,43.36,683,35.13,122100,156300,103800,6075,1321,65,30,0,824,14.85,21,0.38,0,0,0,0,4702,84.77,497,25.57,44,2.26,30,1.54,0,0,1373,70.63,3450810510,235351.5884
2140,48505,48,TX,Texas,505,Zapata,6468,4689,72.5,1779,27.5,3287,70.1,611,18.59,1235,37.57,389,11.83,711,21.63,131,3.99,210,6.39,1402,29.9,642,45.79,86,6.13,305,21.75,148,10.56,109,7.77,112,7.99,1253,26.72,1321,28.17,694,14.8,859,18.32,240,5.12,322,6.87,1991,125,1.93,630,9.74,2289,35.39,3424,52.94,4.7,5,3.5,4055,62.69,18,0.28,332,5.13,140,2.16,110,1.7,1813,28.03,3287,2679,81.5,18,0.55,0,0,0,0,0,0,590,17.95,1402,427,30.46,0,0,272,19.4,69,4.92,110,7.85,524,37.38,491,14.94,1729,52.6,1000,30.42,67,2.04,338,24.11,844,60.2,220,15.69,0,0,220,15.69,829,17.68,2573,54.87,1220,26.02,67,1.43,65,4.64,16,24.62,19,29.23,0,0,0,0,30,46.15,338,24.11,176,52.07,110,32.54,52,15.38,0,0,0,0,529,37.73,27,5.1,57,10.78,297,56.14,0,0,148,27.98,470,33.52,0,0,76,16.17,260,55.32,35,7.45,99,21.06,917,65.41,0,0,56,3.99,117,8.35,0,0,35,2.5,0,0,0,0,0,0,0,0,277,19.76,337,35,1.06,84,2.56,957,29.11,2211,67.26,65,4.64,338,24.11,529,37.73,470,33.52,88700,120000,79000,3131,1293,265,0,0,694,21.11,76,2.31,0,0,0,0,2517,76.57,599,42.72,189,13.48,0,0,0,0,614,43.79,3464378895,268015.899
2141,48507,48,TX,Texas,507,Zavala,4423,3674,83.07,749,16.93,2710,73.76,341,12.58,1083,39.96,592,21.85,277,10.22,239,8.82,178,6.57,964,26.24,208,21.58,191,19.81,270,28.01,126,13.07,154,15.98,15,1.56,549,14.94,1274,34.68,862,23.46,403,10.97,393,10.7,193,5.25,1973,177,4,180,4.07,839,18.97,3227,72.96,5.4,5.8,4.4,2777,62.79,60,1.36,477,10.78,17,0.38,6,0.14,1086,24.55,2710,1925,71.03,0,0,14,0.52,17,0.63,0,0,754,27.82,964,421,43.67,60,6.22,328,34.02,0,0,6,0.62,149,15.46,394,14.54,954,35.2,996,36.75,366,13.51,168,17.43,165,17.12,604,62.66,27,2.8,631,65.46,562,15.3,1119,30.46,1600,43.55,393,10.7,81,8.4,0,0,6,7.41,0,0,75,7500,0,0,124,12.86,28,22.58,32,25.81,35,28.23,14,11.29,15,12.1,305,31.64,75,24.59,0,0,185,60.66,0,0,45,14.75,454,47.1,84,18.5,19,4.19,260,57.27,28,6.17,63,13.88,443,45.95,91,9.44,190,19.71,0,0,89,9.23,0,0,0,0,28,2.9,0,0,0,0,123,12.76,480,8,0.3,43,1.59,189,6.97,2470,91.14,81,8.4,124,12.86,305,31.64,454,47.1,59400,64500,57000,2785,690,199,0,0,384,14.17,18,0.66,0,0,0,0,2308,85.17,306,31.74,181,18.78,0,0,0,0,477,49.48,4411887059,269389.5013
2184,48269,48,TX,Texas,269,King,151,90,59.6,61,40.4,35,38.89,7,20,6,17.14,19,54.29,3,8.57,0,0,0,0,55,61.11,12,21.82,17,30.91,10,18.18,14,25.45,2,3.64,0,0,19,21.11,23,25.56,29,32.22,17,18.89,2,2.22,0,0,2000,8,5.3,8,5.3,30,19.87,105,69.54,5.3,5.9,4.8,120,79.47,10,6.62,7,4.64,2,1.32,0,0,12,7.95,35,32,91.43,0,0,0,0,0,0,0,0,3,8.57,55,37,67.27,10,18.18,0,0,2,3.64,0,0,6,10.91,2,5.71,1,2.86,6,17.14,26,74.29,27,49.09,13,23.64,13,23.64,2,3.64,15,27.27,29,32.22,14,15.56,19,21.11,28,31.11,0,0,0,0,0,0,0,0,0,0,0,0,0,0,0,0,0,0,0,0,0,0,0,0,10,18.18,0,0,0,0,2,20,0,0,8,80,45,81.82,0,0,0,0,4,8.89,2,4.44,39,86.67,4,7.27,0,0,0,0,0,0,2,3.64,0,0,0,0,0,0,0,0,2,3.64,47,85.45,,0,0,2,5.71,0,0,33,94.29,0,0,0,0,10,18.18,45,81.82,22800,,23100,84,6,0,0,0,0,0,0,0,0,0,0,0,35,100,6,10.91,0,0,0,0,0,0,49,89.09,3419997856,233914.6663
2209,48271,48,TX,Texas,271,Kinney,2010,1475,73.38,535,26.62,1110,75.25,442,39.82,421,37.93,121,10.9,43,3.87,83,7.48,0,0,365,24.75,204,55.89,64,17.53,48,13.15,49,13.42,0,0,0,0,646,43.8,485,32.88,169,11.46,92,6.24,83,5.63,0,0,1979,32,1.59,278,13.83,558,27.76,1142,56.82,5.2,5.3,5,1449,72.09,9,0.45,105,5.22,31,1.54,0,0,416,20.7,1110,822,74.05,9,0.81,0,0,0,0,0,0,279,25.14,365,260,71.23,0,0,105,28.77,0,0,0,0,0,0,113,10.18,432,38.92,482,43.42,83,7.48,8,2.19,156,42.74,126,34.52,75,20.55,201,55.07,121,8.2,588,39.86,608,41.22,158,10.71,0,0,0,0,0,0,0,0,0,0,0,0,65,17.81,21,32.31,44,67.69,0,0,0,0,0,0,52,14.25,0,0,0,0,14,26.92,0,0,38,73.08,248,67.95,14,5.65,0,0,75,30.24,101,40.73,58,23.39,168,46.03,0,0,0,0,0,0,0,0,0,0,101,27.67,0,0,0,0,0,0,96,26.3,378,32,2.88,168,15.14,241,21.71,669,60.27,0,0,65,17.81,52,14.25,248,67.95,82000,111800,59000,1387,74,0,14,0,36,3.24,0,0,14,1.26,0,0,1060,95.5,38,10.41,0,0,0,0,0,0,327,89.59,4669443173,287758.1413
2210,48273,48,TX,Texas,273,Kleberg,13310,11140,83.7,2170,16.3,5815,52.2,1115,19.17,2308,39.69,602,10.35,1158,19.91,371,6.38,261,4.49,5325,47.8,1906,35.79,1456,27.34,948,17.8,577,10.84,272,5.11,166,3.12,3021,27.12,3764,33.79,1550,13.91,1735,15.57,643,5.77,427,3.83,1977,828,6.22,1100,8.26,3874,29.11,7508,56.41,5.2,5.9,4.4,8954,67.27,301,2.26,1291,9.7,1057,7.94,783,5.88,924,6.94,5815,5334,91.73,31,0.53,0,0,8,0.14,0,0,442,7.6,5325,2365,44.41,270,5.07,903,16.96,962,18.07,599,11.25,226,4.24,1174,20.19,1124,19.33,3026,52.04,491,8.44,1356,25.46,922,17.31,2533,47.57,514,9.65,3047,57.22,2530,22.71,2046,18.37,5559,49.9,1005,9.02,397,7.46,84,21.16,62,15.62,168,42.32,0,0,83,20.91,852,16,77,9.04,29,3.4,525,61.62,173,20.31,48,5.63,2124,39.89,147,6.92,156,7.34,1268,59.7,342,16.1,211,9.93,1952,36.66,138,7.07,15,0.77,785,40.22,977,50.05,37,1.9,1136,21.33,719,13.5,663,12.45,1018,19.12,307,5.77,159,2.99,294,5.52,510,9.58,131,2.46,9,0.17,379,7.12,690,114,1.96,81,1.39,1093,18.8,4527,77.85,397,7.46,852,16,2124,39.89,1952,36.66,98500,140100,82100,7092,3768,280,0,0,1217,20.93,19,0.33,0,0,0,0,4579,78.74,2551,47.91,261,4.9,0,0,0,0,2513,47.19,2910735331,771415.8313
2211,48275,48,TX,Texas,275,Knox,2030,1394,68.67,636,31.33,1180,84.65,291,24.66,524,44.41,52,4.41,177,15,95,8.05,41,3.47,214,15.35,91,42.52,65,30.37,23,10.75,1,0.47,12,5.61,22,10.28,382,27.4,589,42.25,75,5.38,178,12.77,107,7.68,63,4.52,1970,25,1.23,94,4.63,566,27.88,1345,66.26,5.5,5.7,4.8,1803,88.82,18,0.89,68,3.35,0,0,31,1.53,110,5.42,1180,1117,94.66,5,0.42,0,0,0,0,0,0,58,4.92,214,137,64.02,0,0,46,21.5,0,0,31,14.49,0,0,58,4.92,175,14.83,660,55.93,287,24.32,13,6.07,38,17.76,100,46.73,63,29.44,163,76.17,71,5.09,213,15.28,760,54.52,350,25.11,0,0,0,0,0,0,0,0,0,0,0,0,62,28.97,13,20.97,0,0,31,50,0,0,18,29.03,76,35.51,3,3.95,17,22.37,27,35.53,0,0,29,38.16,76,35.51,4,5.26,15,19.74,12,15.79,13,17.11,32,42.11,89,41.59,15,7.01,0,0,0,0,31,14.49,0,0,0,0,0,0,0,0,0,0,79,36.92,444,1,0.08,4,0.34,360,30.51,815,69.07,0,0,62,28.97,76,35.51,76,35.51,43300,40600,44500,1172,222,0,0,0,135,11.44,0,0,0,0,0,0,1045,88.56,87,40.65,0,0,0,0,0,0,127,59.35,3202572619,262919.3786
2212,48277,48,TX,Texas,277,Lamar,22807,19995,87.67,2812,12.33,12940,64.72,3081,23.81,5412,41.82,2000,15.46,1187,9.17,910,7.03,350,2.7,7055,35.28,2769,39.25,1883,26.69,1244,17.63,562,7.97,368,5.22,229,3.25,5850,29.26,7295,36.48,3244,16.22,1749,8.75,1278,6.39,579,2.9,1979,450,1.97,2376,10.42,6245,27.38,13736,60.23,5.9,6.3,5,16632,72.92,651,2.85,1613,7.07,1181,5.18,866,3.8,1864,8.17,12940,11434,88.36,382,2.95,14,0.11,0,0,0,0,1110,8.58,7055,3360,47.63,251,3.56,1416,20.07,849,12.03,680,9.64,499,7.07,2773,21.43,4486,34.67,4426,34.2,1255,9.7,1061,15.04,2328,33,3010,42.66,656,9.3,3666,51.96,3834,19.17,6814,34.08,7436,37.19,1911,9.56,189,2.68,5,2.65,85,44.97,56,29.63,43,22.75,0,0,1449,20.54,129,8.9,313,21.6,869,59.97,87,6,51,3.52,2643,37.46,118,4.46,307,11.62,1940,73.4,172,6.51,106,4.01,2774,39.32,61,2.2,77,2.78,1339,48.27,915,32.98,382,13.77,2689,38.11,1323,18.75,970,13.75,478,6.78,481,6.82,161,2.28,129,1.83,89,1.26,73,1.03,123,1.74,539,7.64,540,53,0.41,558,4.31,2495,19.28,9834,76,189,2.68,1449,20.54,2643,37.46,2774,39.32,108500,146000,90100,14219,5363,395,18,0,2472,19.1,108,0.83,18,0.14,0,0,10342,79.92,2891,40.98,287,4.07,0,0,0,0,3877,54.95,3498075630,330129.6102
2213,48279,48,TX,Texas,279,Lamb,6069,4706,77.54,1363,22.46,3441,73.12,1000,29.06,1034,30.05,443,12.87,491,14.27,243,7.06,230,6.68,1265,26.88,506,40,219,17.31,254,20.08,193,15.26,34,2.69,59,4.66,1506,32,1253,26.63,697,14.81,684,14.53,277,5.89,289,6.14,1974,45,0.74,224,3.69,1688,27.81,4112,67.75,5.6,6,4.9,5059,83.36,45,0.74,294,4.84,99,1.63,68,1.12,504,8.3,3441,3201,93.03,14,0.41,0,0,3,0.09,0,0,223,6.48,1265,787,62.21,16,1.26,236,18.66,86,6.8,68,5.38,72,5.69,253,7.35,507,14.73,2050,59.58,631,18.34,77,6.09,478,37.79,515,40.71,195,15.42,710,56.13,330,7.01,985,20.93,2565,54.5,826,17.55,0,0,0,0,0,0,0,0,0,0,0,0,111,8.77,7,6.31,61,54.95,24,21.62,12,10.81,7,6.31,631,49.88,24,3.8,37,5.86,375,59.43,74,11.73,121,19.18,523,41.34,0,0,25,4.78,263,50.29,26,4.97,209,39.96,527,41.66,179,14.15,67,5.3,80,6.32,37,2.92,0,0,38,3,0,0,0,0,0,0,337,26.64,478,11,0.32,35,1.02,630,18.31,2765,80.35,0,0,111,8.77,631,49.88,523,41.34,67900,102300,55200,3679,970,50,7,0,477,13.86,35,1.02,7,0.2,0,0,2922,84.92,493,38.97,15,1.19,0,0,0,0,757,59.84,3850992872,248594.6677
2214,48281,48,TX,Texas,281,Lampasas,9459,7823,82.7,1636,17.3,6245,79.83,1153,18.46,2530,40.51,1193,19.1,739,11.83,479,7.67,151,2.42,1578,20.17,676,42.84,479,30.35,182,11.53,118,7.48,32,2.03,91,5.77,1829,23.38,3009,38.46,1375,17.58,857,10.95,511,6.53,242,3.09,1979,148,1.56,500,5.29,1623,17.16,7188,75.99,6,6.3,4.1,7000,74,25,0.26,489,5.17,206,2.18,196,2.07,1543,16.31,6245,5359,85.81,23,0.37,3,0.05,0,0,0,0,860,13.77,1578,588,37.26,2,0.13,462,29.28,178,11.28,196,12.42,152,9.63,2302,36.86,1864,29.85,1648,26.39,431,6.9,295,18.69,438,27.76,746,47.28,99,6.27,845,53.55,2597,33.2,2302,29.43,2394,30.6,530,6.77,37,2.34,0,0,11,29.73,6,16.22,0,0,20,54.05,369,23.38,50,13.55,99,26.83,216,58.54,0,0,4,1.08,664,42.08,43,6.48,3,0.45,416,62.65,168,25.3,34,5.12,508,32.19,0,0,30,5.91,257,50.59,170,33.46,51,10.04,533,33.78,262,16.6,292,18.5,145,9.19,95,6.02,10,0.63,24,1.52,2,0.13,106,6.72,0,0,109,6.91,572,44,0.7,88,1.41,581,9.3,5532,88.58,37,2.34,369,23.38,664,42.08,508,32.19,166500,180600,151600,5636,2010,177,0,0,1390,22.26,54,0.86,0,0,0,0,4801,76.88,620,39.29,123,7.79,0,0,0,0,835,52.92,2533771279,236033.1322
2215,48283,48,TX,Texas,283,La Salle,2809,2142,76.25,667,23.75,1585,74,260,16.4,504,31.8,447,28.2,173,10.91,59,3.72,142,8.96,557,26,196,35.19,234,42.01,47,8.44,45,8.08,30,5.39,5,0.9,456,21.29,738,34.45,494,23.06,218,10.18,89,4.15,147,6.86,1987,137,4.88,215,7.65,808,28.76,1649,58.7,5.4,5.8,4.1,1864,66.36,40,1.42,130,4.63,0,0,46,1.64,729,25.95,1585,1245,78.55,40,2.52,0,0,0,0,0,0,300,18.93,557,231,41.47,0,0,74,13.29,0,0,46,8.26,206,36.98,183,11.55,316,19.94,725,45.74,361,22.78,120,21.54,273,49.01,124,22.26,40,7.18,164,29.44,303,14.15,589,27.5,849,39.64,401,18.72,0,0,0,0,0,0,0,0,0,0,0,0,129,23.16,65,50.39,27,20.93,37,28.68,0,0,0,0,241,43.27,0,0,2,0.83,156,64.73,0,0,83,34.44,187,33.57,0,0,0,0,17,9.09,33,17.65,137,73.26,145,26.03,159,28.55,5,0.9,28,5.03,0,0,0,0,0,0,0,0,0,0,0,0,220,39.5,508,0,0,33,2.08,335,21.14,1217,76.78,0,0,129,23.16,241,43.27,187,33.57,84000,167800,76400,1522,620,0,0,0,504,31.8,0,0,0,0,0,0,1081,68.2,116,20.83,0,0,0,0,0,0,441,79.17,5014860912,283536.2068
2216,48285,48,TX,Texas,285,Lavaca,10495,7904,75.31,2591,24.69,5973,75.57,1564,26.18,2507,41.97,689,11.54,749,12.54,329,5.51,135,2.26,1931,24.43,615,31.85,530,27.45,333,17.24,226,11.7,99,5.13,128,6.63,2179,27.57,3037,38.42,1022,12.93,975,12.34,428,5.41,263,3.33,1975,84,0.8,737,7.02,3082,29.37,6592,62.81,5,5.3,4,8262,78.72,60,0.57,275,2.62,77,0.73,159,1.52,1662,15.84,5973,5137,86,29,0.49,0,0,0,0,0,0,807,13.51,1931,1124,58.21,31,1.61,266,13.78,74,3.83,114,5.9,322,16.68,1371,22.95,1354,22.67,2133,35.71,1115,18.67,236,12.22,539,27.91,921,47.7,235,12.17,1156,59.87,1607,20.33,1893,23.95,3054,38.64,1350,17.08,38,1.97,23,60.53,15,39.47,0,0,0,0,0,0,290,15.02,64,22.07,22,7.59,137,47.24,22,7.59,45,15.52,895,46.35,50,5.59,23,2.57,615,68.72,98,10.95,109,12.18,708,36.66,19,2.68,15,2.12,215,30.37,139,19.63,320,45.2,358,18.54,329,17.04,256,13.26,235,12.17,175,9.06,11,0.57,55,2.85,26,1.35,3,0.16,9,0.47,474,24.55,617,35,0.59,127,2.13,1290,21.6,4521,75.69,38,1.97,290,15.02,895,46.35,708,36.66,171000,181200,165600,6401,1445,58,0,0,858,14.36,40,0.67,0,0,0,0,5075,84.97,587,30.4,18,0.93,0,0,0,0,1326,68.67,3322008185,228659.3706
2239,48211,48,TX,Texas,211,Hemphill,1744,1356,77.75,388,22.25,915,67.48,213,23.28,325,35.52,123,13.44,170,18.58,61,6.67,23,2.51,441,32.52,162,36.73,100,22.68,63,14.29,31,7.03,54,12.24,31,7.03,375,27.65,425,31.34,186,13.72,201,14.82,115,8.48,54,3.98,1989,2,0.11,31,1.78,503,28.84,1208,69.27,5.5,6.4,4.7,1219,69.9,42,2.41,122,7,54,3.1,13,0.75,294,16.86,915,743,81.2,0,0,15,1.64,0,0,0,0,157,17.16,441,197,44.67,42,9.52,59,13.38,54,12.24,13,2.95,76,17.23,134,14.64,226,24.7,344,37.6,211,23.06,174,39.46,108,24.49,72,16.33,87,19.73,159,36.05,308,22.71,334,24.63,416,30.68,298,21.98,0,0,0,0,0,0,0,0,0,0,0,0,22,4.99,0,0,0,0,22,100,0,0,0,0,174,39.46,27,15.52,0,0,76,43.68,61,35.06,10,5.75,245,55.56,2,0.82,3,1.22,93,37.96,62,25.31,85,34.69,82,18.59,49,11.11,24,5.44,80,18.14,39,8.84,0,0,17,3.85,0,0,55,12.47,0,0,95,21.54,754,2,0.22,9,0.98,193,21.09,711,77.7,0,0,22,4.99,174,39.46,245,55.56,180300,199600,166800,1063,291,0,2,0,163,17.81,0,0,2,0.22,0,0,750,81.97,128,29.02,0,0,0,0,0,0,313,70.98,3602408313,240202.4786
2240,48213,48,TX,Texas,213,Henderson,41502,31649,76.26,9853,23.74,24118,76.2,5501,22.81,10621,44.04,3813,15.81,2405,9.97,1132,4.69,646,2.68,7531,23.8,2387,31.7,1799,23.89,1514,20.1,752,9.99,690,9.16,389,5.17,7888,24.92,12420,39.24,5327,16.83,3157,9.98,1822,5.76,1035,3.27,1986,602,1.45,2765,6.66,11848,28.55,26287,63.34,5.4,5.6,4.4,26449,63.73,509,1.23,1013,2.44,1012,2.44,804,1.94,11715,28.23,24118,16809,69.69,153,0.63,86,0.36,10,0.04,29,0.12,7031,29.15,7531,2857,37.94,199,2.64,900,11.95,916,12.16,621,8.25,2038,27.06,7098,29.43,8333,34.55,7925,32.86,762,3.16,1929,25.61,2610,34.66,2684,35.64,308,4.09,2992,39.73,9027,28.52,10943,34.58,10609,33.52,1070,3.38,323,4.29,8,2.48,54,16.72,127,39.32,65,20.12,69,21.36,1181,15.68,199,16.85,150,12.7,688,58.26,73,6.18,71,6.01,2827,37.54,60,2.12,211,7.46,1921,67.95,276,9.76,359,12.7,3200,42.49,3,0.09,11,0.34,1354,42.31,1317,41.16,515,16.09,1891,25.11,1478,19.63,923,12.26,805,10.69,489,6.49,195,2.59,405,5.38,138,1.83,37,0.49,156,2.07,1014,13.46,592,87,0.36,899,3.73,6018,24.95,17114,70.96,323,4.29,1181,15.68,2827,37.54,3200,42.49,120700,156300,95000,23732,7240,611,66,0,4351,18.04,101,0.42,33,0.14,0,0,19633,81.4,2889,38.36,510,6.77,33,0.44,0,0,4099,54.43,3441478470,361757.1201
2241,48287,48,TX,Texas,287,Lee,7792,6159,79.04,1633,20.96,4958,80.5,1062,21.42,2020,40.74,792,15.97,494,9.96,441,8.89,149,3.01,1201,19.5,275,22.9,386,32.14,284,23.65,184,15.32,27,2.25,45,3.75,1337,21.71,2406,39.06,1076,17.47,678,11.01,468,7.6,194,3.15,1988,93,1.19,338,4.34,1858,23.84,5503,70.62,5.8,6.1,4.9,5503,70.62,87,1.12,285,3.66,122,1.57,79,1.01,1716,22.02,4958,3866,77.97,33,0.67,44,0.89,0,0,0,0,1015,20.47,1201,582,48.46,34,2.83,232,19.32,79,6.58,79,6.58,195,16.24,1451,29.27,1806,36.43,1318,26.58,383,7.72,264,21.98,467,38.88,365,30.39,105,8.74,470,39.13,1715,27.85,2273,36.91,1683,27.33,488,7.92,1,0.08,1,100,0,0,0,0,0,0,0,0,121,10.07,3,2.48,20,16.53,98,80.99,0,0,0,0,372,30.97,0,0,30,8.06,236,63.44,78,20.97,28,7.53,707,58.87,0,0,102,14.43,173,24.47,281,39.75,151,21.36,176,14.65,76,6.33,331,27.56,120,9.99,271,22.56,14,1.17,0,0,34,2.83,0,0,0,0,179,14.9,654,51,1.03,76,1.53,941,18.98,3890,78.46,1,0.08,121,10.07,372,30.97,707,58.87,162800,201900,144600,4487,1667,5,0,0,1134,22.87,5,0.1,0,0,0,0,3819,77.03,533,44.38,0,0,0,0,0,0,668,55.62,2210914028,267315.0411
2259,48151,48,TX,Texas,151,Fisher,2236,1676,74.96,560,25.04,1263,75.36,379,30.01,495,39.19,183,14.49,85,6.73,82,6.49,39,3.09,413,24.64,108,26.15,123,29.78,98,23.73,19,4.6,65,15.74,0,0,487,29.06,618,36.87,281,16.77,104,6.21,147,8.77,39,2.33,1969,19,0.85,64,2.86,707,31.62,1446,64.67,5.7,6,4.9,1922,85.96,26,1.16,107,4.79,9,0.4,0,0,172,7.69,1263,1162,92,4,0.32,6,0.48,0,0,0,0,91,7.21,413,274,66.34,22,5.33,86,20.82,9,2.18,0,0,22,5.33,109,8.63,121,9.58,749,59.3,284,22.49,4,0.97,65,15.74,304,73.61,40,9.69,344,83.29,113,6.74,186,11.1,1053,62.83,324,19.33,0,0,0,0,0,0,0,0,0,0,0,0,27,6.54,6,22.22,17,62.96,0,0,4,14.81,0,0,163,39.47,23,14.11,35,21.47,87,53.37,9,5.52,9,5.52,223,54,17,7.62,8,3.59,121,54.26,0,0,77,34.53,230,55.69,60,14.53,20,4.84,4,0.97,0,0,0,0,9,2.18,0,0,0,0,4,0.97,86,20.82,380,4,0.32,24,1.9,322,25.49,913,72.29,0,0,27,6.54,163,39.47,223,54,63900,98300,56200,1395,275,6,0,0,125,9.9,6,0.48,0,0,0,0,1132,89.63,150,36.32,0,0,0,0,0,0,263,63.68,3310553986,230096.3793
2260,48153,48,TX,Texas,153,Floyd,2966,2184,73.63,782,26.37,1631,74.68,380,23.3,614,37.65,255,15.63,109,6.68,181,11.1,92,5.64,553,25.32,149,26.94,132,23.87,116,20.98,77,13.92,79,14.29,0,0,529,24.22,746,34.16,371,16.99,186,8.52,260,11.9,92,4.21,1965,60,2.02,155,5.23,885,29.84,1866,62.91,5.7,6.1,4.6,2583,87.09,9,0.3,185,6.24,65,2.19,11,0.37,113,3.81,1631,1539,94.36,9,0.55,3,0.18,0,0,0,0,80,4.9,553,310,56.06,0,0,159,28.75,65,11.75,11,1.99,8,1.45,59,3.62,164,10.06,1016,62.29,392,24.03,16,2.89,163,29.48,266,48.1,108,19.53,374,67.63,75,3.43,327,14.97,1282,58.7,500,22.89,37,6.69,0,0,0,0,0,0,37,100,0,0,56,10.13,15,26.79,30,53.57,11,19.64,0,0,0,0,249,45.03,0,0,66,26.51,69,27.71,28,11.24,86,34.54,211,38.16,0,0,58,27.49,99,46.92,9,4.27,45,21.33,268,48.46,58,10.49,6,1.08,16,2.89,0,0,16,2.89,21,3.8,0,0,0,0,37,6.69,131,23.69,426,0,0,25,1.53,372,22.81,1234,75.66,37,6.69,56,10.13,249,45.03,211,38.16,70300,85000,55500,1820,364,0,0,0,218,13.37,0,0,0,0,0,0,1413,86.63,146,26.4,0,0,0,0,0,0,407,73.6,3755996700,245562.931
2261,48155,48,TX,Texas,155,Foard,829,509,61.4,320,38.6,420,82.51,133,31.67,180,42.86,64,15.24,25,5.95,15,3.57,3,0.71,89,17.49,23,25.84,61,68.54,0,0,0,0,5,5.62,0,0,156,30.65,241,47.35,64,12.57,25,4.91,20,3.93,3,0.59,1966,4,0.48,97,11.7,229,27.62,499,60.19,5.2,5.4,4.1,666,80.34,3,0.36,62,7.48,0,0,0,0,98,11.82,420,392,93.33,3,0.71,0,0,0,0,0,0,25,5.95,89,44,49.44,0,0,45,50.56,0,0,0,0,0,0,11,2.62,78,18.57,172,40.95,159,37.86,10,11.24,4,4.49,62,69.66,13,14.61,75,84.27,21,4.13,82,16.11,234,45.97,172,33.79,0,0,0,0,0,0,0,0,0,0,0,0,29,32.58,13,44.83,10,34.48,6,20.69,0,0,0,0,28,31.46,0,0,14,50,3,10.71,2,7.14,9,32.14,32,35.96,0,0,0,0,10,31.25,10,31.25,12,37.5,53,59.55,0,0,3,3.37,0,0,0,0,10,11.24,2,2.25,0,0,0,0,0,0,21,23.6,333,0,0,33,7.86,90,21.43,297,70.71,0,0,29,32.58,28,31.46,32,35.96,48500,85800,42100,396,113,0,0,0,85,20.24,0,0,0,0,0,0,335,79.76,28,31.46,0,0,0,0,0,0,61,68.54,2671964019,291134.5302
2262,48157,48,TX,Texas,157,Fort Bend,260936,248299,95.16,12637,4.84,192555,77.55,21538,11.19,57797,30.02,36961,19.2,45220,23.48,20298,10.54,10741,5.58,55744,22.45,14563,26.12,14193,25.46,10002,17.94,9176,16.46,4690,8.41,3120,5.6,36101,14.54,71990,28.99,46963,18.91,54396,21.91,24988,10.06,13861,5.58,1997,2645,1.01,13730,5.26,23725,9.09,220836,84.63,6.9,7.4,4.8,220905,84.66,5169,1.98,2730,1.05,11807,4.52,13173,5.05,7152,2.74,192555,184665,95.9,3137,1.63,298,0.15,117,0.06,160,0.08,4178,2.17,55744,27511,49.35,1477,2.65,2300,4.13,10411,18.68,11848,21.25,2197,3.94,107827,56,59845,31.08,23281,12.09,1602,0.83,24538,44.02,19918,35.73,9883,17.73,1405,2.52,11288,20.25,132365,53.31,79763,32.12,33164,13.36,3007,1.21,1603,2.88,14,0.87,5,0.31,262,16.34,1176,97712.41,146,9.11,11436,20.52,65,0.57,212,1.85,2542,22.23,8424,73.66,193,1.69,14332,25.71,90,0.63,189,1.32,2241,15.64,11078,77.3,734,5.12,28373,50.9,111,0.39,125,0.44,1739,6.13,23034,81.18,3364,11.86,1594,2.86,1009,1.81,1567,2.81,1827,3.28,3031,5.44,4486,8.05,10678,19.16,10290,18.46,10595,19.01,6230,11.18,4437,7.96,1286,821,0.43,774,0.4,6941,3.6,184019,95.57,1603,2.88,11436,20.52,14332,25.71,28373,50.9,277600,282300,267300,181070,63477,3586,157,9,40333,20.95,1208,0.63,149,0.08,9,0,150856,78.34,23144,41.52,2378,4.27,8,0.01,0,0,30214,54.2,3038872234,299258.0887
2263,48159,48,TX,Texas,159,Franklin,5841,3960,67.8,1881,32.2,3285,82.95,615,18.72,1547,47.09,418,12.72,406,12.36,184,5.6,115,3.5,675,17.05,223,33.04,144,21.33,124,18.37,75,11.11,59,8.74,50,7.41,838,21.16,1691,42.7,542,13.69,481,12.15,243,6.14,165,4.17,1985,173,2.96,277,4.74,1282,21.95,4109,70.35,5.6,5.9,4.7,4917,84.18,95,1.63,107,1.83,23,0.39,85,1.46,614,10.51,3285,2888,87.91,69,2.1,0,0,0,0,0,0,328,9.98,675,356,52.74,26,3.85,96,14.22,23,3.41,40,5.93,134,19.85,977,29.74,1220,37.14,810,24.66,278,8.46,92,13.63,323,47.85,204,30.22,56,8.3,260,38.52,1069,26.99,1543,38.96,1014,25.61,334,8.43,44,6.52,0,0,0,0,44,100,0,0,0,0,42,6.22,10,23.81,6,14.29,21,50,5,11.9,0,0,229,33.93,0,0,5,2.18,206,89.96,3,1.31,15,6.55,360,53.33,0,0,0,0,191,53.06,115,31.94,54,15,149,22.07,144,21.33,172,25.48,64,9.48,55,8.15,5,0.74,12,1.78,0,0,0,0,5,0.74,69,10.22,612,52,1.58,174,5.3,583,17.75,2476,75.37,44,6.52,42,6.22,229,33.93,360,53.33,144300,172000,134900,3100,806,46,8,0,547,16.65,6,0.18,8,0.24,0,0,2724,82.92,259,38.37,40,5.93,0,0,0,0,376,55.7,1092712677,177867.1332
2264,48161,48,TX,Texas,161,Freestone,9565,6736,70.42,2829,29.58,5208,77.32,1240,23.81,2040,39.17,682,13.1,631,12.12,378,7.26,237,4.55,1528,22.68,481,31.48,360,23.56,411,26.9,125,8.18,135,8.84,16,1.05,1721,25.55,2400,35.63,1093,16.23,756,11.22,513,7.62,253,3.76,1985,105,1.1,502,5.25,2331,24.37,6627,69.28,5.4,5.6,4.9,6727,70.33,20,0.21,175,1.83,137,1.43,21,0.22,2485,25.98,5208,3847,73.87,9,0.17,0,0,0,0,0,0,1352,25.96,1528,806,52.75,11,0.72,106,6.94,126,8.25,21,1.37,458,29.97,1415,27.17,1783,34.24,1657,31.82,353,6.78,173,11.32,761,49.8,328,21.47,266,17.41,594,38.87,1588,23.57,2544,37.77,1985,29.47,619,9.19,17,1.11,0,0,0,0,9,52.94,3,300,5,29.41,160,10.47,19,11.88,37,23.13,62,38.75,0,0,42,26.25,432,28.27,19,4.4,22,5.09,345,79.86,1,0.23,45,10.42,919,60.14,0,0,3,0.33,379,41.24,131,14.25,406,44.18,554,36.26,150,9.82,189,12.37,49,3.21,33,2.16,27,1.77,28,1.83,0,0,0,0,0,0,498,32.59,492,20,0.38,229,4.4,825,15.84,4134,79.38,17,1.11,160,10.47,432,28.27,919,60.14,116800,139300,104700,5106,1608,19,3,0,1050,20.16,10,0.19,2,0.04,0,0,4146,79.61,558,36.52,9,0.59,1,0.07,0,0,960,62.83,3201480705,298707.5345
2265,48215,48,TX,Texas,215,Hidalgo,281380,243878,86.67,37502,13.33,165793,67.98,23453,14.15,43585,26.29,27783,16.76,30156,18.19,21491,12.96,19325,11.66,78085,32.02,17655,22.61,18714,23.97,14226,18.22,12020,15.39,8393,10.75,7077,9.06,41108,16.86,62299,25.55,42009,17.23,42176,17.29,29884,12.25,26402,10.83,1997,6668,2.37,25581,9.09,78726,27.98,170405,60.56,5,5.3,4.1,185382,65.88,4452,1.58,25824,9.18,15263,5.42,6974,2.48,43485,15.45,165793,139365,84.06,2111,1.27,954,0.58,151,0.09,72,0.04,23140,13.96,78085,29237,37.44,1924,2.46,20920,26.79,12022,15.4,5998,7.68,7984,10.22,69428,41.88,62621,37.77,29690,17.91,4054,2.45,33715,43.18,27544,35.27,14897,19.08,1929,2.47,16826,21.55,103143,42.29,90165,36.97,44587,18.28,5983,2.45,3282,4.2,225,6.86,642,19.56,1797,54.75,334,31900.46,284,8.65,11706,14.99,1554,13.28,2827,24.15,6192,52.9,507,4.33,626,5.35,35466,45.42,1190,3.36,4070,11.48,23713,66.86,4240,11.96,2253,6.35,27631,35.39,457,1.65,2081,7.53,11261,40.75,9185,33.24,4647,16.82,22503,28.82,12806,16.4,10989,14.07,8914,11.42,5336,6.83,2284,2.93,4719,6.04,1694,2.17,707,0.91,323,0.41,7810,10,598,2181,1.32,5891,3.55,28844,17.4,128877,77.73,3282,4.2,11706,14.99,35466,45.42,27631,35.39,90000,121600,72500,151035,80349,11823,646,25,45850,27.65,5012,3.02,297,0.18,0,0,114634,69.14,34499,44.18,6811,8.72,349,0.45,25,0.03,36401,46.62,5128451349,388382.0603
2266,48217,48,TX,Texas,217,Hill,16409,13094,79.8,3315,20.2,9527,72.76,2184,22.92,3646,38.27,1416,14.86,1249,13.11,598,6.28,434,4.56,3567,27.24,1151,32.27,891,24.98,751,21.05,392,10.99,249,6.98,133,3.73,3335,25.47,4537,34.65,2167,16.55,1641,12.53,847,6.47,567,4.33,1980,452,2.75,1507,9.18,4563,27.81,9887,60.25,5.5,5.8,4.5,12182,74.24,138,0.84,656,4,416,2.54,222,1.35,2795,17.03,9527,7844,82.33,42,0.44,6,0.06,13,0.14,0,0,1622,17.03,3567,1752,49.12,96,2.69,559,15.67,362,10.15,189,5.3,609,17.07,2763,29,2973,31.21,2470,25.93,1321,13.87,613,17.19,1193,33.45,1437,40.29,324,9.08,1761,49.37,3376,25.78,4166,31.82,3907,29.84,1645,12.56,145,4.07,8,5.52,38,26.21,57,39.31,28,2800,14,9.66,689,19.32,49,7.11,215,31.2,362,52.54,7,1.02,56,8.13,1321,37.03,15,1.14,148,11.2,822,62.23,181,13.7,155,11.73,1412,39.59,26,1.84,38,2.69,573,40.58,448,31.73,327,23.16,955,26.77,595,16.68,645,18.08,322,9.03,227,6.36,151,4.23,105,2.94,15,0.42,0,0,0,0,552,15.48,590,119,1.25,462,4.85,2226,23.37,6720,70.54,145,4.07,689,19.32,1321,37.03,1412,39.59,112200,149500,88600,9628,3147,291,28,0,1881,19.74,108,1.13,25,0.26,0,0,7513,78.86,1266,35.49,183,5.13,3,0.08,0,0,2115,59.29,3559612206,306465.0317
2267,48219,48,TX,Texas,219,Hockley,9392,8071,85.93,1321,14.07,5901,73.11,1490,25.25,2021,34.25,903,15.3,768,13.01,355,6.02,364,6.17,2170,26.89,739,34.06,471,21.71,378,17.42,300,13.82,155,7.14,127,5.85,2229,27.62,2492,30.88,1281,15.87,1068,13.23,510,6.32,491,6.08,1976,77,0.82,609,6.48,2390,25.45,6316,67.25,5.3,5.6,4.3,6989,74.41,41,0.44,357,3.8,340,3.62,125,1.33,1540,16.4,5901,4839,82,27,0.46,8,0.14,18,0.31,44,0.75,965,16.35,2170,1214,55.94,14,0.65,317,14.61,237,10.92,72,3.32,316,14.56,851,14.42,1674,28.37,2838,48.09,538,9.12,279,12.86,636,29.31,1045,48.16,210,9.68,1255,57.83,1130,14,2310,28.62,3883,48.11,748,9.27,16,0.74,0,0,6,37.5,0,0,10,1000,0,0,359,16.54,56,15.6,70,19.5,213,59.33,0,0,20,5.57,908,41.84,43,4.74,100,11.01,582,64.1,51,5.62,132,14.54,887,40.88,0,0,28,3.16,304,34.27,386,43.52,169,19.05,842,38.8,364,16.77,143,6.59,216,9.95,147,6.77,17,0.78,102,4.7,1,0.05,17,0.78,0,0,321,14.79,515,6,0.1,107,1.81,1099,18.62,4689,79.46,16,0.74,359,16.54,908,41.84,887,40.88,92900,124900,70800,6206,1734,131,0,0,1085,18.39,32,0.54,0,0,0,0,4784,81.07,649,29.91,99,4.56,0,0,0,0,1422,65.53,3401412846,233316.4218
2268,48221,48,TX,Texas,221,Hood,26651,23215,87.11,3436,12.89,18462,79.53,3555,19.26,8673,46.98,2938,15.91,1909,10.34,872,4.72,515,2.79,4753,20.47,1833,38.57,1286,27.06,655,13.78,607,12.77,146,3.07,226,4.75,5388,23.21,9959,42.9,3593,15.48,2516,10.84,1018,4.39,741,3.19,1990,354,1.33,1408,5.28,5015,18.82,19874,74.57,5.5,5.9,4.5,18946,71.09,522,1.96,572,2.15,739,2.77,893,3.35,4979,18.68,18462,15340,83.09,109,0.59,16,0.09,48,0.26,0,0,2949,15.97,4753,1551,32.63,341,7.17,449,9.45,474,9.97,766,16.12,1172,24.66,7007,37.95,7510,40.68,3467,18.78,478,2.59,1541,32.42,2023,42.56,1032,21.71,157,3.3,1189,25.02,8548,36.82,9533,41.06,4499,19.38,635,2.74,146,3.07,62,42.47,12,8.22,16,10.96,46,2911.64,10,6.85,881,18.54,68,7.72,10,1.14,505,57.32,276,31.33,22,2.5,1618,34.04,47,2.9,30,1.85,547,33.81,924,57.11,70,4.33,2108,44.35,49,2.32,29,1.38,786,37.29,983,46.63,261,12.38,655,13.78,368,7.74,586,12.33,457,9.61,350,7.36,449,9.45,737,15.51,472,9.93,126,2.65,190,4,363,7.64,837,152,0.82,314,1.7,2346,12.71,15650,84.77,146,3.07,881,18.54,1618,34.04,2108,44.35,208700,223200,183700,17587,5312,247,69,0,3097,16.77,63,0.34,7,0.04,0,0,15295,82.85,2215,46.6,184,3.87,62,1.3,0,0,2292,48.22,1592612931,166526.9655
2269,48223,48,TX,Texas,223,Hopkins,15441,13514,87.52,1927,12.48,9347,69.17,2028,21.7,3634,38.88,1218,13.03,1791,19.16,418,4.47,258,2.76,4167,30.83,1234,29.61,1125,27,636,15.26,453,10.87,584,14.01,135,3.24,3262,24.14,4759,35.22,1854,13.72,2244,16.61,1002,7.41,393,2.91,1976,271,1.76,1367,8.85,3272,21.19,10531,68.2,5.5,5.8,4.7,11437,74.07,239,1.55,396,2.56,843,5.46,479,3.1,2047,13.26,9347,7789,83.33,80,0.86,0,0,8,0.09,0,0,1470,15.73,4167,2340,56.16,159,3.82,360,8.64,598,14.35,465,11.16,245,5.88,2517,26.93,2959,31.66,2814,30.11,1057,11.31,817,19.61,907,21.77,1831,43.94,612,14.69,2443,58.63,3334,24.67,3866,28.61,4645,34.37,1669,12.35,179,4.3,0,0,88,49.16,77,43.02,3,300,11,6.15,845,20.28,69,8.17,67,7.93,675,79.88,31,3.67,3,0.36,1297,31.13,24,1.85,44,3.39,895,69.01,93,7.17,241,18.58,1846,44.3,8,0.43,4,0.22,615,33.32,859,46.53,360,19.5,773,18.55,661,15.86,526,12.62,609,14.61,426,10.22,106,2.54,330,7.92,47,1.13,34,0.82,40,0.96,615,14.76,663,64,0.68,275,2.94,1486,15.9,7522,80.48,179,4.3,845,20.28,1297,31.13,1846,44.3,119600,128800,112000,10231,3161,112,10,0,1711,18.31,35,0.37,0,0,0,0,7601,81.32,1450,34.8,77,1.85,10,0.24,0,0,2630,63.11,2937098579,281677.0118
2270,48225,48,TX,Texas,225,Houston,11804,8234,69.76,3570,30.24,5797,70.4,1609,27.76,2364,40.78,748,12.9,749,12.92,252,4.35,75,1.29,2437,29.6,918,37.67,591,24.25,467,19.16,140,5.74,146,5.99,175,7.18,2527,30.69,2955,35.89,1215,14.76,889,10.8,398,4.83,250,3.04,1976,134,1.14,921,7.8,4092,34.67,6657,56.4,5.2,5.5,4.4,8336,70.62,74,0.63,432,3.66,126,1.07,124,1.05,2712,22.98,5797,4676,80.66,37,0.64,4,0.07,0,0,0,0,1080,18.63,2437,1349,55.35,0,0,383,15.72,105,4.31,124,5.09,476,19.53,1001,17.27,1641,28.31,2440,42.09,715,12.33,212,8.7,773,31.72,1203,49.36,249,10.22,1452,59.58,1213,14.73,2414,29.32,3643,44.24,964,11.71,36,1.48,23,63.89,0,0,13,36.11,0,0,0,0,467,19.16,20,4.28,130,27.84,215,46.04,45,9.64,57,12.21,1028,42.18,5,0.49,230,22.37,636,61.87,24,2.33,133,12.94,906,37.18,11,1.21,38,4.19,511,56.4,126,13.91,220,24.28,1127,46.25,356,14.61,263,10.79,213,8.74,23,0.94,0,0,7,0.29,0,0,0,0,38,1.56,410,16.82,458,39,0.67,50,0.86,1556,26.84,4152,71.62,36,1.48,467,19.16,1028,42.18,906,37.18,107500,134800,95900,5614,2405,200,15,0,1262,21.77,19,0.33,0,0,0,0,4516,77.9,1143,46.9,181,7.43,15,0.62,0,0,1098,45.06,4401983147,373814.9598
2271,48227,48,TX,Texas,227,Howard,13200,11354,86.02,1846,13.98,7536,66.37,2040,27.07,2430,32.25,1180,15.66,955,12.67,712,9.45,219,2.91,3818,33.63,1633,42.77,837,21.92,599,15.69,499,13.07,169,4.43,81,2.12,3673,32.35,3267,28.77,1779,15.67,1454,12.81,881,7.76,300,2.64,1969,133,1.01,1510,11.44,3464,26.24,8093,61.31,5.4,5.8,4.4,9986,75.65,298,2.26,349,2.64,648,4.91,852,6.45,1067,8.08,7536,6756,89.65,20,0.27,24,0.32,0,0,0,0,736,9.77,3818,1981,51.89,278,7.28,193,5.06,538,14.09,676,17.71,152,3.98,698,9.26,1120,14.86,4476,59.39,1242,16.48,394,10.32,677,17.73,2408,63.07,339,8.88,2747,71.95,1092,9.62,1797,15.83,6884,60.63,1581,13.92,77,2.02,8,10.39,0,0,35,45.45,30,1322.08,4,5.19,1061,27.79,84,7.92,220,20.74,619,58.34,89,8.39,49,4.62,1293,33.87,23,1.78,17,1.31,748,57.85,462,35.73,43,3.33,1387,36.33,17,1.23,58,4.18,527,38,543,39.15,242,17.45,734,19.22,538,14.09,370,9.69,351,9.19,646,16.92,356,9.32,233,6.1,135,3.54,77,2.02,40,1.05,338,8.85,726,19,0.25,121,1.61,1404,18.63,5992,79.51,77,2.02,1061,27.79,1293,33.87,1387,36.33,103500,145100,79500,8658,2601,89,6,0,1139,15.11,39,0.52,6,0.08,0,0,6352,84.29,1462,38.29,50,1.31,0,0,0,0,2306,60.4,3287752283,229339.5559
2289,48163,48,TX,Texas,163,Frio,5991,4673,78,1318,22,3123,66.83,797,25.52,1041,33.33,491,15.72,543,17.39,166,5.32,85,2.72,1550,33.17,509,32.84,432,27.87,202,13.03,195,12.58,191,12.32,21,1.35,1306,27.95,1473,31.52,693,14.83,738,15.79,357,7.64,106,2.27,1988,38,0.63,532,8.88,1546,25.81,3875,64.68,5.4,5.7,4.8,4143,69.15,130,2.17,231,3.86,67,1.12,118,1.97,1302,21.73,3123,2607,83.48,31,0.99,0,0,0,0,0,0,485,15.53,1550,692,44.65,56,3.61,162,10.45,49,3.16,118,7.61,473,30.52,531,17,938,30.04,1395,44.67,259,8.29,237,15.29,819,52.84,465,30,29,1.87,494,31.87,768,16.43,1757,37.6,1860,39.8,288,6.16,38,2.45,0,0,12,31.58,4,10.53,0,0,22,57.89,155,10,2,1.29,19,12.26,110,70.97,0,0,24,15.48,545,35.16,30,5.5,4,0.73,251,46.06,65,11.93,195,35.78,812,52.39,4,0.49,115,14.16,165,20.32,209,25.74,319,39.29,303,19.55,142,9.16,115,7.42,122,7.87,46,2.97,55,3.55,144,9.29,0,0,63,4.06,0,0,560,36.13,629,0,0,288,9.22,535,17.13,2300,73.65,38,2.45,155,10,545,35.16,812,52.39,86000,116700,68900,3639,957,77,0,0,538,17.23,3,0.1,0,0,0,0,2582,82.68,419,27.03,74,4.77,0,0,0,0,1057,68.19,3844690237,249239.7207
2290,48165,48,TX,Texas,165,Gaines,6505,5878,90.36,627,9.64,4248,72.27,675,15.89,1361,32.04,538,12.66,506,11.91,600,14.12,568,13.37,1630,27.73,462,28.34,634,38.9,173,10.61,269,16.5,18,1.1,74,4.54,1137,19.34,1995,33.94,711,12.1,775,13.18,618,10.51,642,10.92,1984,13,0.2,341,5.24,1867,28.7,4284,65.86,5.4,5.8,4.5,4589,70.55,2,0.03,275,4.23,112,1.72,105,1.61,1422,21.86,4248,3361,79.12,2,0.05,0,0,0,0,0,0,885,20.83,1630,804,49.33,0,0,240,14.72,112,6.87,105,6.44,369,22.64,857,20.17,1344,31.64,1775,41.78,272,6.4,476,29.2,476,29.2,668,40.98,10,0.61,678,41.6,1333,22.68,1820,30.96,2443,41.56,282,4.8,13,0.8,0,0,0,0,13,100,0,0,0,0,253,15.52,22,8.7,0,0,196,77.47,35,13.83,0,0,841,51.6,88,10.46,12,1.43,385,45.78,110,13.08,246,29.25,523,32.09,4,0.76,90,17.21,42,8.03,99,18.93,288,55.07,501,30.74,176,10.8,147,9.02,17,1.04,37,2.27,119,7.3,86,5.28,4,0.25,9,0.55,0,0,534,32.76,521,0,0,42,0.99,793,18.67,3413,80.34,13,0.8,253,15.52,841,51.6,523,32.09,141200,161200,104600,4495,1199,184,0,0,769,18.1,130,3.06,0,0,0,0,3349,78.84,430,26.38,54,3.31,0,0,0,0,1146,70.31,5517070569,306845.062
2291,48167,48,TX,Texas,167,Galveston,148527,125204,84.3,23323,15.7,84565,67.54,17431,20.61,29468,34.85,15571,18.41,13178,15.58,6035,7.14,2882,3.41,40639,32.46,15287,37.62,11814,29.07,6409,15.77,3845,9.46,1733,4.26,1551,3.82,32718,26.13,41282,32.97,21980,17.56,17023,13.6,7768,6.2,4433,3.54,1983,2543,1.71,17250,11.61,34426,23.18,94308,63.5,5.8,6.5,4.2,107274,72.23,2326,1.57,6465,4.35,13060,8.79,12226,8.23,7176,4.83,84565,78288,92.58,1021,1.21,325,0.38,523,0.62,394,0.47,4014,4.75,40639,13850,34.08,957,2.35,4570,11.25,9957,24.5,9132,22.47,2173,5.35,30366,35.91,24356,28.8,24723,29.24,5120,6.05,10754,26.46,11451,28.18,14556,35.82,3878,9.54,18434,45.36,41120,32.84,35807,28.6,39279,31.37,8998,7.19,1360,3.35,69,5.07,58,4.26,536,39.41,689,59906.62,8,0.59,11891,29.26,296,2.49,584,4.91,6487,54.55,4458,37.49,66,0.56,15274,37.58,232,1.52,466,3.05,4855,31.79,9276,60.73,445,2.91,12114,29.81,112,0.92,117,0.97,1709,14.11,9155,75.57,1021,8.43,3669,9.03,1993,4.9,3137,7.72,4865,11.97,4236,10.42,4550,11.2,7622,18.76,4632,11.4,2988,7.35,1407,3.46,1540,3.79,936,335,0.4,1898,2.24,11319,13.38,71013,83.97,1360,3.35,11891,29.26,15274,37.58,12114,29.81,212600,231700,177400,89584,33739,1723,158,0,15878,18.78,572,0.68,127,0.15,0,0,67988,80.4,17861,43.95,1151,2.83,31,0.08,0,0,21596,53.14,1416227230,777022.9483
2292,48169,48,TX,Texas,169,Garza,2187,1713,78.33,474,21.67,1171,68.36,255,21.78,519,44.32,181,15.46,144,12.3,25,2.13,47,4.01,542,31.64,113,20.85,145,26.75,109,20.11,67,12.36,21,3.87,87,16.05,368,21.48,664,38.76,290,16.93,211,12.32,46,2.69,134,7.82,1992,5,0.23,152,6.95,497,22.73,1533,70.1,5.7,6,5.2,1672,76.45,58,2.65,114,5.21,0,0,23,1.05,320,14.63,1171,1029,87.87,8,0.68,0,0,0,0,0,0,134,11.44,542,305,56.27,50,9.23,98,18.08,0,0,23,4.24,66,12.18,88,7.51,231,19.73,632,53.97,220,18.79,92,16.97,268,49.45,160,29.52,22,4.06,182,33.58,180,10.51,499,29.13,792,46.23,242,14.13,0,0,0,0,0,0,0,0,0,0,0,0,62,11.44,27,43.55,34,54.84,0,0,0,0,1,1.61,102,18.82,0,0,3,2.94,87,85.29,0,0,12,11.76,378,69.74,0,0,10,2.65,254,67.2,62,16.4,52,13.76,267,49.26,73,13.47,33,6.09,58,10.7,46,8.49,0,0,0,0,0,0,0,0,0,0,65,11.99,460,0,0,13,1.11,275,23.48,883,75.41,0,0,62,11.44,102,18.82,378,69.74,78200,76400,79100,1403,300,10,0,0,83,7.09,0,0,0,0,0,0,1088,92.91,217,40.04,10,1.85,0,0,0,0,315,58.12,3322564835,229946.5636
2293,48467,48,TX,Texas,467,Van Zandt,23528,20494,87.1,3034,12.9,16185,78.97,3007,18.58,6661,41.16,2713,16.76,1702,10.52,1324,8.18,778,4.81,4309,21.03,1199,27.83,1361,31.59,696,16.15,630,14.62,253,5.87,170,3.95,4206,20.52,8022,39.14,3409,16.63,2332,11.38,1577,7.69,948,4.63,1982,322,1.37,1623,6.9,5289,22.48,16294,69.25,5.6,5.9,4.9,16876,71.73,129,0.55,805,3.42,251,1.07,146,0.62,5321,22.62,16185,12832,79.28,59,0.36,4,0.02,26,0.16,0,0,3264,20.17,4309,2079,48.25,54,1.25,714,16.57,183,4.25,146,3.39,1133,26.29,4668,28.84,5464,33.76,5337,32.97,716,4.42,934,21.68,1307,30.33,1755,40.73,313,7.26,2068,47.99,5602,27.33,6771,33.04,7092,34.61,1029,5.02,77,1.79,0,0,37,48.05,27,35.06,11,1100,2,2.6,746,17.31,63,8.45,154,20.64,449,60.19,19,2.55,61,8.18,1597,37.06,39,2.44,202,12.65,952,59.61,171,10.71,233,14.59,1889,43.84,20,1.06,7,0.37,495,26.2,1048,55.48,319,16.89,949,22.02,420,9.75,698,16.2,725,16.83,301,6.99,261,6.06,233,5.41,46,1.07,48,1.11,13,0.3,615,14.27,662,170,1.05,544,3.36,2980,18.41,12491,77.18,77,1.79,746,17.31,1597,37.06,1889,43.84,152200,163200,134700,15742,4495,161,81,15,2968,18.34,80,0.49,44,0.27,15,0.09,13078,80.8,1527,35.44,81,1.88,37,0.86,0,0,2664,61.82,3143366773,292845.8134
2294,48469,48,TX,Texas,469,Victoria,37264,32520,87.27,4744,12.73,21872,67.26,4796,21.93,8534,39.02,3513,16.06,2394,10.95,1912,8.74,723,3.31,10648,32.74,3568,33.51,2960,27.8,1794,16.85,1285,12.07,542,5.09,499,4.69,8364,25.72,11494,35.34,5307,16.32,3679,11.31,2454,7.55,1222,3.76,1977,621,1.67,3968,10.65,9063,24.32,23612,63.36,5.5,6.1,4.3,25139,67.46,234,0.63,3331,8.94,2853,7.66,1358,3.64,4349,11.67,21872,19598,89.6,96,0.44,23,0.11,0,0,0,0,2155,9.85,10648,3728,35.01,116,1.09,2436,22.88,2101,19.73,1204,11.31,1063,9.98,4212,19.26,6230,28.48,9402,42.99,2028,9.27,2160,20.29,2707,25.42,4787,44.96,994,9.34,5781,54.29,6372,19.59,8937,27.48,14189,43.63,3022,9.29,329,3.09,39,11.85,20,6.08,158,48.02,56,5600,56,17.02,3013,28.3,149,4.95,317,10.52,1971,65.42,483,16.03,93,3.09,4082,38.34,141,3.45,152,3.72,1714,41.99,1838,45.03,237,5.81,3224,30.28,89,2.76,0,0,633,19.63,1972,61.17,530,16.44,1536,14.43,1056,9.92,1118,10.5,1375,12.91,1615,15.17,1002,9.41,1367,12.84,492,4.62,110,1.03,61,0.57,916,8.6,786,107,0.49,271,1.24,3224,14.74,18270,83.53,329,3.09,3013,28.3,4082,38.34,3224,30.28,152900,161300,138200,23625,8278,579,38,0,3750,17.15,94,0.43,12,0.05,0,0,18016,82.37,4528,42.52,485,4.55,26,0.24,0,0,5609,52.68,3005936673,332894.039
2295,48471,48,TX,Texas,471,Walker,26600,22515,84.64,4085,15.36,11677,51.86,2957,25.32,4645,39.78,1403,12.02,1246,10.67,868,7.43,558,4.78,10838,48.14,4058,37.44,3013,27.8,1417,13.07,1521,14.03,486,4.48,343,3.16,7015,31.16,7658,34.01,2820,12.52,2767,12.29,1354,6.01,901,4,1990,1067,4.01,3243,12.19,7271,27.33,15019,56.46,5,5.7,4.2,13031,48.99,351,1.32,2341,8.8,3289,12.36,2057,7.73,5531,20.79,11677,8250,70.65,141,1.21,58,0.5,0,0,0,0,3228,27.64,10838,2409,22.23,141,1.3,2086,19.25,2960,27.31,1987,18.33,1255,11.58,3226,27.63,4507,38.6,3409,29.19,535,4.58,3453,31.86,4340,40.04,2898,26.74,147,1.36,3045,28.1,6679,29.66,8847,39.29,6307,28.01,682,3.03,747,6.89,0,0,59,7.9,636,85.14,52,6.96,0,0,2560,23.62,188,7.34,141,5.51,2007,78.4,137,5.35,87,3.4,3592,33.14,54,1.5,20,0.56,1991,55.43,1388,38.64,139,3.87,3939,36.34,39,0.99,57,1.45,1223,31.05,2155,54.71,465,11.81,1108,10.22,1012,9.34,1429,13.19,2019,18.63,1861,17.17,600,5.54,937,8.65,260,2.4,591,5.45,330,3.04,691,6.38,781,41,0.35,110,0.94,2339,20.03,9187,78.68,747,6.89,2560,23.62,3592,33.14,3939,36.34,160100,188500,123100,14593,7602,320,0,0,2022,17.32,181,1.55,0,0,0,0,9474,81.13,5580,51.49,139,1.28,0,0,0,0,5119,47.23,2819058073,260613.0845
2296,48473,48,TX,Texas,473,Waller,17292,15586,90.13,1706,9.87,10798,69.28,1528,14.15,4480,41.49,1909,17.68,1708,15.82,647,5.99,526,4.87,4788,30.72,1445,30.18,1665,34.77,537,11.22,555,11.59,398,8.31,188,3.93,2973,19.07,6145,39.43,2446,15.69,2263,14.52,1045,6.7,714,4.58,1987,163,0.94,985,5.7,4263,24.65,11881,68.71,5.7,6.2,4.1,10886,62.95,269,1.56,965,5.58,1413,8.17,137,0.79,3622,20.95,10798,8405,77.84,68,0.63,20,0.19,0,0,0,0,2305,21.35,4788,1474,30.79,182,3.8,772,16.12,1374,28.7,137,2.86,849,17.73,4777,44.24,3352,31.04,2287,21.18,382,3.54,1121,23.41,2182,45.57,1216,25.4,269,5.62,1485,31.02,5898,37.84,5534,35.51,3503,22.48,651,4.18,111,2.32,0,0,0,0,97,87.39,14,1400,0,0,731,15.27,30,4.1,95,13,557,76.2,10,1.37,39,5.34,2233,46.64,7,0.31,117,5.24,839,37.57,1215,54.41,55,2.46,1713,35.78,0,0,49,2.86,545,31.82,1100,64.21,19,1.11,610,12.74,588,12.28,742,15.5,463,9.67,771,16.1,496,10.36,500,10.44,226,4.72,213,4.45,66,1.38,113,2.36,786,35,0.32,174,1.61,1610,14.91,8979,83.15,111,2.32,731,15.27,2233,46.64,1713,35.78,222700,245500,192600,10982,4379,185,40,0,2244,20.78,85,0.79,0,0,0,0,8469,78.43,2135,44.59,100,2.09,40,0.84,0,0,2513,52.49,1794779167,295476.926
2320,48475,48,TX,Texas,475,Ward,4835,4100,84.8,735,15.2,3058,74.59,678,22.17,1082,35.38,374,12.23,412,13.47,257,8.4,255,8.34,1042,25.41,298,28.6,298,28.6,108,10.36,217,20.83,34,3.26,87,8.35,976,23.8,1380,33.66,482,11.76,629,15.34,291,7.1,342,8.34,1985,90,1.86,229,4.74,1204,24.9,3312,68.5,5.6,6.1,4.7,3507,72.53,31,0.64,302,6.25,198,4.1,9,0.19,788,16.3,3058,2690,87.97,6,0.2,6,0.2,3,0.1,0,0,353,11.54,1042,378,36.28,25,2.4,183,17.56,195,18.71,9,0.86,252,24.18,250,8.18,514,16.81,1918,62.72,376,12.3,134,12.86,462,44.34,408,39.16,38,3.65,446,42.8,384,9.37,976,23.8,2326,56.73,414,10.1,35,3.36,0,0,35,100,0,0,0,0,0,0,113,10.84,6,5.31,1,0.88,106,93.81,0,0,0,0,386,37.04,0,0,28,7.25,187,48.45,95,24.61,76,19.69,508,48.75,3,0.59,0,0,195,38.39,242,47.64,68,13.39,273,26.2,96,9.21,102,9.79,123,11.8,55,5.28,99,9.5,107,10.27,43,4.13,0,0,0,0,144,13.82,671,10,0.33,46,1.5,541,17.69,2461,80.48,35,3.36,113,10.84,386,37.04,508,48.75,98700,121400,82000,3144,928,28,0,0,513,16.78,28,0.92,0,0,0,0,2517,82.31,415,39.83,0,0,0,0,0,0,627,60.17,2987499725,350086.1587
2321,48477,48,TX,Texas,477,Washington,16342,13321,81.51,3021,18.49,9817,73.7,2523,25.7,4458,45.41,1061,10.81,923,9.4,413,4.21,439,4.47,3504,26.3,1485,42.38,913,26.06,569,16.24,233,6.65,233,6.65,71,2.03,4008,30.09,5371,40.32,1630,12.24,1156,8.68,646,4.85,510,3.83,1984,630,3.86,999,6.11,4346,26.59,10367,63.44,5.4,5.9,4.1,12272,75.09,132,0.81,721,4.41,541,3.31,617,3.78,2059,12.6,9817,8437,85.94,53,0.54,11,0.11,41,0.42,0,0,1275,12.99,3504,1582,45.15,23,0.66,527,15.04,499,14.24,497,14.18,376,10.73,2869,29.22,3013,30.69,2914,29.68,1021,10.4,853,24.34,1058,30.19,1189,33.93,404,11.53,1593,45.46,3722,27.94,4071,30.56,4103,30.8,1425,10.7,354,10.1,94,26.55,23,6.5,140,39.55,44,12.43,53,14.97,595,16.98,23,3.87,48,8.07,402,67.56,94,15.8,28,4.71,1452,41.44,12,0.83,122,8.4,575,39.6,531,36.57,212,14.6,1103,31.48,0,0,58,5.26,419,37.99,362,32.82,264,23.93,519,14.81,180,5.14,570,16.27,494,14.1,258,7.36,383,10.93,312,8.9,48,1.37,68,1.94,115,3.28,557,15.9,750,88,0.9,310,3.16,2064,21.02,7355,74.92,354,10.1,595,16.98,1452,41.44,1103,31.48,193000,210100,184100,9904,3211,192,14,0,1878,19.13,20,0.2,0,0,0,0,7919,80.67,1333,38.04,172,4.91,14,0.4,0,0,1985,56.65,2163629989,307014.7903
2322,48479,48,TX,Texas,479,Webb,84553,76382,90.34,8171,9.66,48093,62.96,7263,15.1,10269,21.35,8404,17.47,9590,19.94,6767,14.07,5800,12.06,28289,37.04,5957,21.06,5646,19.96,4967,17.56,5494,19.42,3439,12.16,2786,9.85,13220,17.31,15915,20.84,13371,17.51,15084,19.75,10206,13.36,8586,11.24,1991,2708,3.2,7184,8.5,20012,23.67,54649,64.63,5.2,5.7,4.3,56502,66.82,2944,3.48,4842,5.73,5594,6.62,6647,7.86,8024,9.49,48093,41487,86.26,1062,2.21,291,0.61,246,0.51,425,0.88,4582,9.53,28289,10369,36.65,1440,5.09,3916,13.84,4659,16.47,5458,19.29,2447,8.65,18978,39.46,18338,38.13,8683,18.05,2094,4.35,8768,30.99,10112,35.75,7141,25.24,2268,8.02,9409,33.26,27746,36.33,28450,37.25,15824,20.72,4362,5.71,1234,4.36,168,13.61,164,13.29,679,55.02,149,11602.67,74,6,4691,16.58,533,11.36,517,11.02,3158,67.32,292,6.22,191,4.07,11765,41.59,184,1.56,631,5.36,7538,64.07,2985,25.37,427,3.63,10599,37.47,0,0,414,3.91,3894,36.74,4758,44.89,1533,14.46,5580,19.72,4168,14.73,4386,15.5,3788,13.39,2393,8.46,2005,7.09,2203,7.79,941,3.33,388,1.37,212,0.75,2225,7.87,664,777,1.62,1016,2.11,5665,11.78,40635,84.49,1234,4.36,4691,16.58,11765,41.59,10599,37.47,135000,156600,108000,46287,26644,3230,160,61,13958,29.02,825,1.72,11,0.02,0,0,33299,69.24,12686,44.84,2405,8.5,149,0.53,61,0.22,12988,45.91,11206038807,557521.8952
2323,48481,48,TX,Texas,481,Wharton,17727,15248,86.02,2479,13.98,10116,66.34,2114,20.9,3610,35.69,1397,13.81,1674,16.55,793,7.84,528,5.22,5132,33.66,2002,39.01,1184,23.07,751,14.63,582,11.34,314,6.12,299,5.83,4116,26.99,4794,31.44,2148,14.09,2256,14.8,1107,7.26,827,5.42,1976,344,1.94,1428,8.06,5536,31.23,10419,58.77,5.4,6,4.2,13219,74.57,149,0.84,837,4.72,1060,5.98,503,2.84,1959,11.05,10116,8926,88.24,94,0.93,25,0.25,10,0.1,20,0.2,1041,10.29,5132,2647,51.58,55,1.07,693,13.5,904,17.61,412,8.03,421,8.2,2217,21.92,2313,22.86,4045,39.99,1541,15.23,639,12.45,1547,30.14,1979,38.56,967,18.84,2946,57.4,2856,18.73,3860,25.31,6024,39.51,2508,16.45,252,4.91,26,10.32,28,11.11,198,78.57,0,0,0,0,1091,21.26,207,18.97,170,15.58,541,49.59,128,11.73,45,4.12,2129,41.48,57,2.68,207,9.72,1207,56.69,447,21,211,9.91,1660,32.35,17,1.02,19,1.14,639,38.49,727,43.8,258,15.54,1416,27.59,847,16.5,820,15.98,592,11.54,378,7.37,232,4.52,140,2.73,160,3.12,27,0.53,6,0.12,514,10.02,606,0,0,185,1.83,2199,21.74,7732,76.43,252,4.91,1091,21.26,2129,41.48,1660,32.35,148700,171100,117400,10917,3986,333,12,0,2288,22.62,13,0.13,0,0,0,0,7815,77.25,1698,33.09,320,6.24,12,0.23,0,0,3102,60.44,3738528838,293744.5465
2324,48483,48,TX,Texas,483,Wheeler,2715,2060,75.87,655,24.13,1449,70.34,388,26.78,668,46.1,99,6.83,185,12.77,72,4.97,37,2.55,611,29.66,185,30.28,99,16.2,62,10.15,88,14.4,16,2.62,161,26.35,573,27.82,767,37.23,161,7.82,273,13.25,88,4.27,198,9.61,1981,35,1.29,111,4.09,717,26.41,1852,68.21,5.6,5.9,5.1,2252,82.95,9,0.33,113,4.16,48,1.77,23,0.85,270,9.94,1449,1341,92.55,5,0.35,0,0,0,0,0,0,103,7.11,611,373,61.05,4,0.65,93,15.22,14,2.29,23,3.76,104,17.02,175,12.08,151,10.42,654,45.13,469,32.37,151,24.71,174,28.48,158,25.86,128,20.95,286,46.81,326,15.83,325,15.78,812,39.42,597,28.98,1,0.16,0,0,1,100,0,0,0,0,0,0,45,7.36,0,0,2,4.44,24,53.33,0,0,19,42.22,139,22.75,4,2.88,18,12.95,85,61.15,11,7.91,21,15.11,426,69.72,0,0,19,4.46,233,54.69,79,18.54,95,22.3,152,24.88,53,8.67,145,23.73,26,4.26,49,8.02,14,2.29,14,2.29,15,2.45,8,1.31,0,0,135,22.09,616,1,0.07,53,3.66,348,24.02,1047,72.26,1,0.16,45,7.36,139,22.75,426,69.72,83600,106100,76200,1638,384,33,5,0,144,9.94,0,0,5,0.35,0,0,1300,89.72,240,39.28,33,5.4,0,0,0,0,338,55.32,3576649446,239350.1258
2341,48289,48,TX,Texas,289,Leon,9880,6837,69.2,3043,30.8,5338,78.08,1373,25.72,2473,46.33,837,15.68,370,6.93,152,2.85,133,2.49,1499,21.92,416,27.75,381,25.42,171,11.41,301,20.08,208,13.88,22,1.47,1789,26.17,2854,41.74,1008,14.74,671,9.81,360,5.27,155,2.27,1985,207,2.1,648,6.56,2527,25.58,6498,65.77,5.5,5.7,4.9,5871,59.42,32,0.32,297,3.01,78,0.79,31,0.31,3571,36.14,5338,3157,59.14,9,0.17,8,0.15,0,0,0,0,2164,40.54,1499,798,53.24,14,0.93,215,14.34,59,3.94,31,2.07,382,25.48,1841,34.49,1973,36.96,1158,21.69,366,6.86,219,14.61,736,49.1,475,31.69,69,4.6,544,36.29,2060,30.13,2709,39.62,1633,23.88,435,6.36,37,2.47,0,0,28,75.68,9,24.32,0,0,0,0,83,5.54,2,2.41,54,65.06,8,9.64,13,15.66,6,7.23,319,21.28,11,3.45,17,5.33,237,74.29,29,9.09,25,7.84,1060,70.71,0,0,143,13.49,490,46.23,161,15.19,266,25.09,547,36.49,246,16.41,144,9.61,169,11.27,37,2.47,17,1.13,42,2.8,0,0,0,0,0,0,297,19.81,524,27,0.51,115,2.15,1164,21.81,4032,75.53,37,2.47,83,5.54,319,21.28,1060,70.71,120300,141900,114300,5504,1322,11,0,0,739,13.84,0,0,0,0,0,0,4599,86.16,583,38.89,11,0.73,0,0,0,0,905,60.37,3845086946,349693.6848
2342,48291,48,TX,Texas,291,Liberty,32033,27417,85.59,4616,14.41,21411,78.09,4649,21.71,7814,36.5,3295,15.39,2845,13.29,1697,7.93,1111,5.19,6006,21.91,2300,38.3,1333,22.19,875,14.57,883,14.7,401,6.68,214,3.56,6949,25.35,9147,33.36,4170,15.21,3728,13.6,2098,7.65,1325,4.83,1987,732,2.29,3011,9.4,6367,19.88,21923,68.44,5.5,5.8,4.3,19284,60.2,330,1.03,860,2.68,1249,3.9,441,1.38,9869,30.81,21411,13989,65.34,248,1.16,0,0,7,0.03,44,0.21,7123,33.27,6006,2187,36.41,51,0.85,758,12.62,1077,17.93,397,6.61,1536,25.57,6966,32.53,6739,31.47,6637,31,1069,4.99,1287,21.43,2594,43.19,1704,28.37,421,7.01,2125,35.38,8253,30.1,9333,34.04,8341,30.42,1490,5.43,194,3.23,0,0,26,13.4,131,67.53,37,3700,0,0,1523,25.36,236,15.5,190,12.48,933,61.26,46,3.02,118,7.75,1835,30.55,54,2.94,109,5.94,823,44.85,531,28.94,318,17.33,2454,40.86,8,0.33,37,1.51,936,38.14,1167,47.56,306,12.47,1300,21.65,713,11.87,898,14.95,563,9.37,598,9.96,555,9.24,261,4.35,287,4.78,89,1.48,0,0,742,12.35,652,243,1.13,858,4.01,3620,16.91,16690,77.95,194,3.23,1523,25.36,1835,30.55,2454,40.86,115300,150000,91400,19512,7462,372,71,0,4640,21.67,265,1.24,71,0.33,0,0,16435,76.76,2822,46.99,107,1.78,0,0,0,0,3077,51.23,4088451666,279351.4599
2343,48293,48,TX,Texas,293,Limestone,10766,8292,77.02,2474,22.98,6138,74.02,1451,23.64,2410,39.26,779,12.69,513,8.36,480,7.82,505,8.23,2154,25.98,863,40.06,540,25.07,298,13.83,256,11.88,149,6.92,48,2.23,2314,27.91,2950,35.58,1077,12.99,769,9.27,629,7.59,553,6.67,1978,318,2.95,521,4.84,2893,26.87,7034,65.34,5.3,5.7,4.3,7437,69.08,174,1.62,485,4.5,408,3.79,72,0.67,2190,20.34,6138,4754,77.45,32,0.52,0,0,0,0,0,0,1352,22.03,2154,988,45.87,117,5.43,460,21.36,304,14.11,72,3.34,213,9.89,1450,23.62,2005,32.67,1902,30.99,781,12.72,289,13.42,696,32.31,782,36.3,387,17.97,1169,54.27,1739,20.97,2701,32.57,2684,32.37,1168,14.09,186,8.64,68,36.56,42,22.58,55,29.57,0,0,21,11.29,265,12.3,60,22.64,76,28.68,91,34.34,19,7.17,19,7.17,984,45.68,48,4.88,93,9.45,576,58.54,155,15.75,112,11.38,719,33.38,25,3.48,7,0.97,385,53.55,117,16.27,185,25.73,820,38.07,382,17.73,273,12.67,102,4.74,55,2.55,24,1.11,115,5.34,1,0.05,36,1.67,9,0.42,337,15.65,525,84,1.37,143,2.33,1152,18.77,4759,77.53,186,8.64,265,12.3,984,45.68,719,33.38,115400,131700,104200,5894,2298,96,4,0,1472,23.98,50,0.81,4,0.07,0,0,4612,75.14,826,38.35,46,2.14,0,0,0,0,1282,59.52,3337909968,233201.5102
2368,48295,48,TX,Texas,295,Lipscomb,1468,1158,78.88,310,21.12,855,73.83,174,20.35,354,41.4,135,15.79,59,6.9,116,13.57,17,1.99,303,26.17,59,19.47,83,27.39,21,6.93,120,39.6,9,2.97,11,3.63,233,20.12,437,37.74,156,13.47,179,15.46,125,10.79,28,2.42,1976,14,0.95,42,2.86,359,24.46,1053,71.73,5.8,6.2,4.8,1274,86.78,1,0.07,91,6.2,12,0.82,0,0,90,6.13,855,813,95.09,1,0.12,0,0,0,0,0,0,41,4.8,303,197,65.02,0,0,65,21.45,3,0.99,0,0,38,12.54,86,10.06,200,23.39,393,45.96,176,20.58,66,21.78,47,15.51,131,43.23,59,19.47,190,62.71,152,13.13,247,21.33,524,45.25,235,20.29,0,0,0,0,0,0,0,0,0,0,0,0,9,2.97,0,0,0,0,9,100,0,0,0,0,106,34.98,3,2.83,0,0,59,55.66,13,12.26,31,29.25,188,62.05,0,0,14,7.45,79,42.02,65,34.57,30,15.96,73,24.09,56,18.48,32,10.56,38,12.54,5,1.65,2,0.66,3,0.99,26,8.58,7,2.31,0,0,61,20.13,550,7,0.82,14,1.64,149,17.43,685,80.12,0,0,9,2.97,106,34.98,188,62.05,106700,122500,94000,972,172,14,0,0,129,15.09,3,0.35,0,0,0,0,723,84.56,43,14.19,11,3.63,0,0,0,0,249,82.18,3723133772,244133.2362
2369,48297,48,TX,Texas,297,Live Oak,6273,3854,61.44,2419,38.56,3156,81.89,883,27.98,1311,41.54,352,11.15,341,10.8,218,6.91,51,1.62,698,18.11,222,31.81,209,29.94,99,14.18,51,7.31,76,10.89,41,5.87,1105,28.67,1520,39.44,451,11.7,392,10.17,294,7.63,92,2.39,1976,365,5.82,671,10.7,1731,27.59,3506,55.89,5.1,5.3,4.6,4481,71.43,24,0.38,243,3.87,36,0.57,22,0.35,1467,23.39,3156,2260,71.61,0,0,0,0,0,0,0,0,896,28.39,698,371,53.15,0,0,195,27.94,15,2.15,8,1.15,109,15.62,666,21.1,891,28.23,1415,44.84,184,5.83,12,1.72,222,31.81,387,55.44,77,11.03,464,66.48,678,17.59,1113,28.88,1802,46.76,261,6.77,15,2.15,0,0,0,0,15,100,0,0,0,0,76,10.89,54,71.05,14,18.42,8,10.53,0,0,0,0,329,47.13,0,0,8,2.43,240,72.95,32,9.73,49,14.89,278,39.83,9,3.24,0,0,122,43.88,103,37.05,44,15.83,190,27.22,162,23.21,89,12.75,57,8.17,60,8.6,14,2.01,24,3.44,0,0,9,1.29,0,0,93,13.32,577,144,4.56,127,4.02,613,19.42,2272,71.99,15,2.15,76,10.89,329,47.13,278,39.83,106200,125200,81500,3163,643,33,15,0,404,12.8,6,0.19,11,0.35,0,0,2735,86.66,239,34.24,27,3.87,4,0.57,0,0,428,61.32,3621296785,276163.6139
2370,48299,48,TX,Texas,299,Llano,15519,9031,58.19,6488,41.81,7009,77.61,1749,24.95,3777,53.89,585,8.35,503,7.18,342,4.88,53,0.76,2022,22.39,965,47.73,517,25.57,207,10.24,120,5.93,78,3.86,135,6.68,2714,30.05,4294,47.55,792,8.77,623,6.9,420,4.65,188,2.08,1986,264,1.7,1096,7.06,4608,29.69,9551,61.54,5.5,5.9,4.1,11331,73.01,435,2.8,884,5.7,691,4.45,334,2.15,1844,11.88,7009,5680,81.04,174,2.48,45,0.64,56,0.8,0,0,1054,15.04,2022,571,28.24,200,9.89,625,30.91,139,6.87,187,9.25,300,14.84,2221,31.69,2467,35.2,2026,28.91,295,4.21,496,24.53,745,36.84,707,34.97,74,3.66,781,38.63,2717,30.09,3212,35.57,2733,30.26,369,4.09,119,5.89,0,0,0,0,119,100,0,0,0,0,475,23.49,98,20.63,71,14.95,167,35.16,79,16.63,60,12.63,863,42.68,33,3.82,13,1.51,488,56.55,300,34.76,29,3.36,565,27.94,0,0,8,1.42,332,58.76,146,25.84,79,13.98,341,16.86,178,8.8,435,21.51,305,15.08,256,12.66,136,6.73,86,4.25,55,2.72,56,2.77,6,0.3,168,8.31,690,53,0.76,280,3.99,1697,24.21,4979,71.04,119,5.89,475,23.49,863,42.68,565,27.94,235700,219900,252300,6365,2605,61,0,0,1630,23.26,28,0.4,0,0,0,0,5351,76.34,975,48.22,33,1.63,0,0,0,0,1014,50.15,3394818663,273497.8491
2371,48301,48,TX,Texas,301,Loving,87,62,71.26,25,28.74,11,17.74,3,27.27,3,27.27,0,0,0,0,0,0,5,45.45,51,82.26,41,80.39,8,15.69,2,3.92,0,0,0,0,0,0,44,70.97,11,17.74,2,3.23,0,0,0,0,5,8.06,0,5,5.75,2,2.3,21,24.14,59,67.82,4.9,5.1,4.9,62,71.26,0,0,0,0,2,2.3,0,0,23,26.44,11,9,81.82,0,0,0,0,0,0,0,0,2,18.18,51,46,90.2,0,0,0,0,2,3.92,0,0,3,5.88,0,0,2,18.18,9,81.82,0,0,0,0,0,0,13,25.49,38,74.51,51,100,0,0,2,3.23,22,35.48,38,61.29,0,0,0,0,0,0,0,0,0,0,0,0,2,3.92,0,0,0,0,2,100,0,0,0,0,8,15.69,0,0,0,0,0,0,0,0,8,100,41,80.39,0,0,0,0,0,0,0,0,41,100,0,0,0,0,0,0,2,3.92,0,0,0,0,0,0,0,0,0,0,0,0,49,96.08,,0,0,0,0,3,27.27,8,72.73,0,0,2,3.92,8,15.69,41,80.39,,,,57,5,0,0,0,5,45.45,0,0,0,0,0,0,6,54.55,0,0,0,0,0,0,0,0,51,100,2435669471,254885.2506
2372,48303,48,TX,Texas,303,Lubbock,129032,116535,90.31,12497,9.69,64803,55.61,15136,23.36,23619,36.45,10652,16.44,9079,14.01,4152,6.41,2165,3.34,51732,44.39,18643,36.04,15295,29.57,7042,13.61,5898,11.4,2729,5.28,2125,4.11,33779,28.99,38914,33.39,17694,15.18,14977,12.85,6881,5.9,4290,3.68,1983,2745,2.13,15648,12.13,29176,22.61,81463,63.13,5.3,6.1,4.3,84910,65.81,3970,3.08,8991,6.97,13376,10.37,11444,8.87,6341,4.91,64803,59462,91.76,1065,1.64,276,0.43,223,0.34,35,0.05,3742,5.77,51732,19914,38.49,2400,4.64,7515,14.53,10745,20.77,9261,17.9,1897,3.67,16726,25.81,16471,25.42,27255,42.06,4351,6.71,13147,25.41,14598,28.22,21093,40.77,2894,5.59,23987,46.37,29873,25.63,31069,26.66,48348,41.49,7245,6.22,1781,3.44,8,0.45,311,17.46,1152,64.68,266,13807.19,44,2.47,12531,24.22,393,3.14,791,6.31,8960,71.5,2287,18.25,100,0.8,17773,34.36,245,1.38,479,2.7,10646,59.9,5728,32.23,675,3.8,19647,37.98,11,0.06,436,2.22,4756,24.21,13098,66.67,1346,6.85,6137,11.86,5646,10.91,7897,15.27,7394,14.29,5963,11.53,4130,7.98,6275,12.13,3416,6.6,1680,3.25,1029,1.99,2165,4.19,764,191,0.29,787,1.21,7285,11.24,56540,87.25,1781,3.44,12531,24.22,17773,34.36,19647,37.98,149200,168300,118100,77379,36981,2065,110,0,11887,18.34,457,0.71,21,0.03,0,0,52438,80.92,25094,48.51,1608,3.11,89,0.17,0,0,24941,48.21,3372179978,232339.7038
2373,48305,48,TX,Texas,305,Lynn,2661,2199,82.64,462,17.36,1521,69.17,313,20.58,607,39.91,164,10.78,261,17.16,111,7.3,65,4.27,678,30.83,254,37.46,158,23.3,113,16.67,97,14.31,32,4.72,24,3.54,567,25.78,765,34.79,277,12.6,358,16.28,143,6.5,89,4.05,1969,25,0.94,95,3.57,732,27.51,1809,67.98,5.7,6.1,4.9,2272,85.38,12,0.45,155,5.82,58,2.18,41,1.54,123,4.62,1521,1464,96.25,2,0.13,0,0,7,0.46,0,0,48,3.16,678,439,64.75,10,1.47,119,17.55,30,4.42,41,6.05,39,5.75,147,9.66,205,13.48,967,63.58,202,13.28,102,15.04,95,14.01,374,55.16,107,15.78,481,70.94,249,11.32,300,13.64,1341,60.98,309,14.05,6,0.88,0,0,0,0,0,0,6,100,0,0,44,6.49,0,0,0,0,14,31.82,30,68.18,0,0,263,38.79,38,14.45,57,21.67,78,29.66,11,4.18,79,30.04,365,53.83,8,2.19,33,9.04,157,43.01,75,20.55,92,25.21,224,33.04,40,5.9,48,7.08,40,5.9,74,10.91,0,0,3,0.44,37,5.46,7,1.03,34,5.01,171,25.22,577,17,1.12,19,1.25,273,17.95,1212,79.68,6,0.88,44,6.49,263,38.79,365,53.83,89900,101200,82300,1652,481,44,22,0,243,15.98,8,0.53,22,1.45,0,0,1248,82.05,238,35.1,36,5.31,0,0,0,0,404,59.59,3312241834,230426.7295
2374,48307,48,TX,Texas,307,McCulloch,4335,3151,72.69,1184,27.31,2200,69.82,597,27.14,960,43.64,362,16.45,187,8.5,94,4.27,0,0,951,30.18,481,50.58,226,23.76,124,13.04,102,10.73,4,0.42,14,1.47,1078,34.21,1186,37.64,486,15.42,289,9.17,98,3.11,14,0.44,1969,75,1.73,420,9.69,1480,34.14,2360,54.44,5.4,5.7,4.5,3480,80.28,60,1.38,332,7.66,22,0.51,67,1.55,374,8.63,2200,1934,87.91,42,1.91,13,0.59,0,0,0,0,211,9.59,951,521,54.78,16,1.68,304,31.97,22,2.31,49,5.15,39,4.1,253,11.5,485,22.05,855,38.86,607,27.59,154,16.19,271,28.5,289,30.39,237,24.92,526,55.31,407,12.92,756,23.99,1144,36.31,844,26.79,34,3.58,0,0,0,0,18,52.94,0,0,16,47.06,203,21.35,152,74.88,0,0,29,14.29,22,10.84,0,0,426,44.79,3,0.7,0,0,279,65.49,32,7.51,112,26.29,288,30.28,5,1.74,8,2.78,152,52.78,91,31.6,32,11.11,399,41.96,105,11.04,94,9.88,127,13.35,44,4.63,0,0,22,2.31,0,0,0,0,0,0,160,16.82,495,15,0.68,96,4.36,550,25,1539,69.95,34,3.58,203,21.35,426,44.79,288,30.28,96300,100400,90300,2379,760,12,0,0,472,21.45,12,0.55,0,0,0,0,1716,78,288,30.28,0,0,0,0,0,0,663,69.72,3811710096,298788.2386
2890,48035,48,TX,Texas,35,Bosque,9776,7255,74.21,2521,25.79,5524,76.14,1096,19.84,2407,43.57,681,12.33,793,14.36,362,6.55,185,3.35,1731,23.86,680,39.28,331,19.12,273,15.77,293,16.93,69,3.99,85,4.91,1776,24.48,2738,37.74,954,13.15,1086,14.97,431,5.94,270,3.72,1973,193,1.97,849,8.68,3191,32.64,5543,56.7,5.4,5.8,4.5,7571,77.44,147,1.5,266,2.72,87,0.89,81,0.83,1624,16.61,5524,4581,82.93,9,0.16,2,0.04,0,0,0,0,932,16.87,1731,1089,62.91,119,6.87,155,8.95,87,5.03,51,2.95,230,13.29,1043,18.88,1831,33.15,1930,34.94,720,13.03,232,13.4,459,26.52,657,37.95,383,22.13,1040,60.08,1275,17.57,2290,31.56,2587,35.66,1103,15.2,3,0.17,0,0,0,0,0,0,3,300,0,0,317,18.31,32,10.09,171,53.94,11,3.47,85,26.81,18,5.68,648,37.44,13,2.01,126,19.44,317,48.92,97,14.97,95,14.66,763,44.08,18,2.36,62,8.13,353,46.26,205,26.87,125,16.38,668,38.59,134,7.74,241,13.92,143,8.26,136,7.86,40,2.31,26,1.5,50,2.89,31,1.79,24,1.39,238,13.75,535,42,0.76,200,3.62,1596,28.89,3686,66.73,3,0.17,317,18.31,648,37.44,763,44.08,135500,140200,133200,5709,1470,76,0,0,933,16.89,39,0.71,0,0,0,0,4552,82.4,537,31.02,37,2.14,0,0,0,0,1157,66.84,3613379843,304704.1964
2891,48037,48,TX,Texas,37,Bowie,40011,34283,85.68,5728,14.32,21929,63.96,5971,27.23,7322,33.39,3977,18.14,2815,12.84,1117,5.09,727,3.32,12354,36.04,4512,36.52,2980,24.12,2101,17.01,1608,13.02,803,6.5,350,2.83,10483,30.58,10302,30.05,6078,17.73,4423,12.9,1920,5.6,1077,3.14,1983,1044,2.61,2643,6.61,9726,24.31,26598,66.48,5.4,6,4.5,27156,67.87,472,1.18,3257,8.14,2416,6.04,1446,3.61,5264,13.16,21929,18741,85.46,137,0.62,50,0.23,19,0.09,0,0,2982,13.6,12354,4503,36.45,304,2.46,2866,23.2,2045,16.55,1125,9.11,1511,12.23,4447,20.28,7574,34.54,8418,38.39,1490,6.79,2651,21.46,4106,33.24,4551,36.84,1046,8.47,5597,45.31,7098,20.7,11680,34.07,12969,37.83,2536,7.4,600,4.86,9,1.5,94,15.67,449,74.83,37,6.17,11,1.83,1894,15.33,254,13.41,255,13.46,1281,67.63,68,3.59,36,1.9,4744,38.4,225,4.74,360,7.59,2941,61.99,907,19.12,311,6.56,5116,41.41,79,1.54,270,5.28,2264,44.25,1705,33.33,798,15.6,3379,27.35,1833,14.84,2232,18.07,1372,11.11,708,5.73,472,3.82,604,4.89,219,1.77,209,1.69,170,1.38,1156,9.36,618,243,1.11,342,1.56,3046,13.89,18298,83.44,600,4.86,1894,15.33,4744,38.4,5116,41.41,123200,144100,105600,24817,8860,578,28,0,4056,18.5,111,0.51,0,0,0,0,17762,81,4804,38.89,467,3.78,28,0.23,0,0,7055,57.11,3442380762,492172.9789
2892,48039,48,TX,Texas,39,Brazoria,139462,124184,89.05,15278,10.95,91024,73.3,14632,16.07,28441,31.25,18110,19.9,17186,18.88,7812,8.58,4843,5.32,33160,26.7,11704,35.3,8714,26.28,5520,16.65,3842,11.59,2307,6.96,1073,3.24,26336,21.21,37155,29.92,23630,19.03,21028,16.93,10119,8.15,5916,4.76,1989,1859,1.33,12275,8.8,25105,18,100223,71.86,6,6.5,4.2,100474,72.04,2115,1.52,2506,1.8,12350,8.86,7415,5.32,14602,10.47,91024,80626,88.58,1306,1.43,216,0.24,42,0.05,0,0,8834,9.71,33160,11138,33.59,594,1.79,1964,5.92,9563,28.84,6469,19.51,3432,10.35,37393,41.08,27556,30.27,23662,26,2413,2.65,10635,32.07,10887,32.83,10117,30.51,1521,4.59,11638,35.1,48028,38.67,38443,30.96,33779,27.2,3934,3.17,795,2.4,31,3.9,123,15.47,362,45.53,279,26202.14,0,0,8886,26.8,183,2.06,335,3.77,3414,38.42,4758,53.54,196,2.21,11801,35.59,181,1.53,362,3.07,3904,33.08,6916,58.61,438,3.71,11678,35.22,49,0.42,164,1.4,1573,13.47,9033,77.35,859,7.36,2359,7.11,1831,5.52,1991,6,3088,9.31,3757,11.33,3130,9.44,6735,20.31,3850,11.61,3905,11.78,1021,3.08,1493,4.5,990,395,0.43,1378,1.51,8411,9.24,80840,88.81,795,2.4,8886,26.8,11801,35.59,11678,35.22,213100,238700,158100,92106,30707,1345,26,0,17174,18.87,664,0.73,14,0.02,0,0,73172,80.39,13533,40.81,681,2.05,12,0.04,0,0,18934,57.1,4915678636,542734.4981
2893,48041,48,TX,Texas,41,Brazos,91831,81514,88.77,10317,11.23,38290,46.97,7740,20.21,13863,36.21,5856,15.29,6172,16.12,2558,6.68,2101,5.49,43224,53.03,16534,38.25,11966,27.68,6808,15.75,5102,11.8,1738,4.02,1076,2.49,24274,29.78,25829,31.69,12664,15.54,11274,13.83,4296,5.27,3177,3.9,1990,2709,2.95,10839,11.8,24909,27.12,53374,58.12,5.2,6.3,4.2,45961,50.05,4220,4.6,13141,14.31,13839,15.07,8787,9.57,5883,6.41,38290,32910,85.95,1080,2.82,366,0.96,388,1.01,54,0.14,3492,9.12,43224,9923,22.96,2926,6.77,11010,25.47,10273,23.77,7413,17.15,1679,3.88,15816,41.31,12429,32.46,8596,22.45,1449,3.78,13084,30.27,17674,40.89,11674,27.01,792,1.83,12466,28.84,28900,35.45,30103,36.93,20270,24.87,2241,2.75,1842,4.26,5,0.27,209,11.35,1248,67.75,380,38000,0,0,8576,19.84,382,4.45,350,4.08,5255,61.28,2507,29.23,82,0.96,17619,40.76,241,1.37,354,2.01,10843,61.54,5836,33.12,345,1.96,15187,35.14,24,0.16,331,2.18,3534,23.27,10654,70.15,644,4.24,3823,8.84,3544,8.2,6440,14.9,7694,17.8,4933,11.41,3225,7.46,4815,11.14,3367,7.79,2698,6.24,1614,3.73,1071,2.48,795,312,0.81,412,1.08,3713,9.7,33853,88.41,1842,4.26,8576,19.84,17619,40.76,15187,35.14,217700,228500,203100,48405,31634,1473,2,0,7996,20.88,430,1.12,2,0.01,0,0,29862,77.99,23638,54.69,1043,2.41,0,0,0,0,18543,42.9,2076193245,342812.3732
2894,48043,48,TX,Texas,43,Brewster,5550,4292,77.33,1258,22.67,2507,58.41,862,34.38,919,36.66,282,11.25,225,8.97,175,6.98,44,1.76,1785,41.59,881,49.36,225,12.61,374,20.95,159,8.91,128,7.17,18,1.01,1743,40.61,1144,26.65,656,15.28,384,8.95,303,7.06,62,1.44,1978,185,3.33,1092,19.68,1855,33.42,2418,43.57,5,5.9,3.8,3573,64.38,139,2.5,347,6.25,255,4.59,184,3.32,1052,18.95,2507,2094,83.53,67,2.67,13,0.52,0,0,0,0,333,13.28,1785,648,36.3,45,2.52,219,12.27,252,14.12,119,6.67,502,28.12,450,17.95,537,21.42,1036,41.32,484,19.31,338,18.94,467,26.16,749,41.96,231,12.94,980,54.9,788,18.36,1004,23.39,1785,41.59,715,16.66,107,5.99,2,1.87,22,20.56,83,77.57,0,0,0,0,542,30.36,51,9.41,77,14.21,303,55.9,3,0.55,108,19.93,712,39.89,5,0.7,107,15.03,203,28.51,274,38.48,123,17.28,424,23.75,4,0.94,0,0,185,43.63,152,35.85,83,19.58,423,23.7,326,18.26,272,15.24,182,10.2,79,4.43,39,2.18,75,4.2,75,4.2,0,0,0,0,314,17.59,593,7,0.28,279,11.13,737,29.4,1484,59.19,107,5.99,542,30.36,712,39.89,424,23.75,171700,177600,159700,3112,1101,79,0,0,398,15.88,13,0.52,0,0,0,0,2096,83.61,703,39.38,66,3.7,0,0,0,0,1016,56.92,21375636857,727698.4006
2895,48045,48,TX,Texas,45,Briscoe,996,588,59.04,408,40.96,420,71.43,131,31.19,184,43.81,44,10.48,29,6.9,0,0,32,7.62,168,28.57,92,54.76,26,15.48,23,13.69,12,7.14,14,8.33,1,0.6,223,37.93,210,35.71,67,11.39,41,6.97,14,2.38,33,5.61,1962,16,1.61,28,2.81,421,42.27,531,53.31,5.6,6.1,4.6,855,85.84,10,1,10,1,14,1.41,1,0.1,106,10.64,420,397,94.52,5,1.19,0,0,6,1.43,0,0,12,2.86,168,146,86.9,0,0,10,5.95,4,2.38,1,0.6,7,4.17,27,6.43,24,5.71,249,59.29,120,28.57,1,0.6,30,17.86,106,63.1,31,18.45,137,81.55,28,4.76,54,9.18,355,60.37,151,25.68,3,1.79,0,0,0,0,0,0,0,0,3,100,4,2.38,0,0,0,0,0,0,4,100,0,0,95,56.55,0,0,40,42.11,17,17.89,16,16.84,22,23.16,66,39.29,0,0,0,0,29,43.94,11,16.67,26,39.39,61,36.31,13,7.74,3,1.79,17,10.12,0,0,0,0,3,1.79,0,0,1,0.6,19,11.31,51,30.36,440,0,0,4,0.95,104,24.76,312,74.29,3,1.79,4,2.38,95,56.55,66,39.29,72500,76000,72000,451,134,3,0,0,85,20.24,0,0,0,0,0,0,335,79.76,49,29.17,3,1.79,0,0,0,0,116,69.05,3448863162,234822.2711
2896,48441,48,TX,Texas,441,Taylor,57761,50396,87.25,7365,12.75,29409,58.36,5973,20.31,11606,39.46,4469,15.2,4426,15.05,1792,6.09,1143,3.89,20987,41.64,7244,34.52,6159,29.35,2849,13.58,2745,13.08,1290,6.15,700,3.34,13217,26.23,17765,35.25,7318,14.52,7171,14.23,3082,6.12,1843,3.66,1977,892,1.54,6300,10.91,14245,24.66,36324,62.89,5.5,6.2,4.4,40255,69.69,1567,2.71,4466,7.73,6027,10.43,2737,4.74,2709,4.69,29409,27633,93.96,359,1.22,63,0.21,14,0.05,0,0,1340,4.56,20987,8249,39.31,1100,5.24,3820,18.2,4809,22.91,2102,10.02,907,4.32,5298,18.01,6995,23.79,12938,43.99,4178,14.21,3651,17.4,5829,27.77,9268,44.16,2239,10.67,11507,54.83,8949,17.76,12824,25.45,22206,44.06,6417,12.73,586,2.79,0,0,46,7.85,415,70.82,125,3814.85,0,0,4878,23.24,183,3.75,543,11.13,3515,72.06,551,11.3,86,1.76,7349,35.02,26,0.35,431,5.86,4125,56.13,2382,32.41,385,5.24,8174,38.95,30,0.37,156,1.91,2241,27.42,4825,59.03,922,11.28,3034,14.46,2812,13.4,2983,14.21,2589,12.34,2507,11.95,1214,5.78,2666,12.7,805,3.84,563,2.68,421,2.01,1393,6.64,732,44,0.15,399,1.36,4076,13.86,24890,84.63,586,2.79,4878,23.24,7349,35.02,8174,38.95,137600,163700,98900,36291,13489,576,40,0,4733,16.09,98,0.33,8,0.03,0,0,24570,83.55,8756,41.72,478,2.28,32,0.15,0,0,11721,55.85,3342311373,231363.9047
2897,48443,48,TX,Texas,443,Terrell,746,419,56.17,327,43.83,404,96.42,194,48.02,153,37.87,19,4.7,11,2.72,25,6.19,2,0.5,15,3.58,0,0,11,73.33,0,0,4,26.67,0,0,0,0,194,46.3,164,39.14,19,4.53,15,3.58,25,5.97,2,0.48,0,8,1.07,32,4.29,214,28.69,492,65.95,5.7,5.7,5.9,692,92.76,6,0.8,0,0,0,0,0,0,48,6.43,404,398,98.51,6,1.49,0,0,0,0,0,0,0,0,15,15,100,0,0,0,0,0,0,0,0,0,0,0,0,19,4.7,169,41.83,216,53.47,0,0,0,0,5,33.33,10,66.67,15,100,0,0,19,4.53,174,41.53,226,53.94,0,0,0,0,0,0,0,0,0,0,0,0,0,0,0,0,0,0,0,0,0,0,0,0,0,0,0,0,0,0,0,0,0,0,0,0,15,100,0,0,0,0,6,40,0,0,9,60,0,0,6,40,0,0,0,0,0,0,0,0,0,0,0,0,0,0,0,0,9,60,,0,0,14,3.47,134,33.17,256,63.37,0,0,0,0,0,0,15,100,81400,111800,74800,373,46,0,0,0,40,9.9,0,0,0,0,0,0,364,90.1,6,40,0,0,0,0,0,0,9,60,8207092637,462756.0287
2898,48445,48,TX,Texas,445,Terry,4864,4101,84.31,763,15.69,2593,63.23,481,18.55,1116,43.04,364,14.04,298,11.49,217,8.37,117,4.51,1508,36.77,628,41.64,379,25.13,125,8.29,226,14.99,137,9.08,13,0.86,1109,27.04,1495,36.45,489,11.92,524,12.78,354,8.63,130,3.17,1969,38,0.78,219,4.5,1188,24.42,3419,70.29,5.4,5.9,4.9,3956,81.33,66,1.36,98,2.01,78,1.6,126,2.59,540,11.1,2593,2161,83.34,60,2.31,6,0.23,0,0,0,0,366,14.11,1508,1142,75.73,6,0.4,92,6.1,63,4.18,126,8.36,79,5.24,112,4.32,560,21.6,1727,66.6,194,7.48,86,5.7,417,27.65,659,43.7,346,22.94,1005,66.64,198,4.83,977,23.82,2386,58.18,540,13.17,11,0.73,0,0,0,0,11,100,0,0,0,0,147,9.75,9,6.12,66,44.9,61,41.5,11,7.48,0,0,507,33.62,32,6.31,17,3.35,384,75.74,51,10.06,23,4.54,843,55.9,65,7.71,9,1.07,391,46.38,124,14.71,254,30.13,506,33.55,323,21.42,198,13.13,111,7.36,24,1.59,0,0,69,4.58,0,0,0,0,0,0,277,18.37,519,0,0,54,2.08,499,19.24,2040,78.67,11,0.73,147,9.75,507,33.62,843,55.9,78500,116100,66700,2986,1100,15,0,0,407,15.7,15,0.58,0,0,0,0,2171,83.73,693,45.95,0,0,0,0,0,0,815,54.05,3302617568,229940.3091
2899,48447,48,TX,Texas,447,Throckmorton,1059,713,67.33,346,32.67,523,73.35,198,37.86,231,44.17,47,8.99,28,5.35,19,3.63,0,0,190,26.65,67,35.26,40,21.05,56,29.47,22,11.58,5,2.63,0,0,265,37.17,271,38.01,103,14.45,50,7.01,24,3.37,0,0,1977,5,0.47,101,9.54,366,34.56,587,55.43,5.4,5.7,4.2,804,75.92,14,1.32,62,5.85,42,3.97,9,0.85,128,12.09,523,460,87.95,0,0,0,0,0,0,0,0,63,12.05,190,48,25.26,6,3.16,57,30,42,22.11,9,4.74,28,14.74,42,8.03,93,17.78,215,41.11,173,33.08,39,20.53,31,16.32,119,62.63,1,0.53,120,63.16,81,11.36,124,17.39,334,46.84,174,24.4,0,0,0,0,0,0,0,0,0,0,0,0,52,27.37,24,46.15,0,0,10,19.23,0,0,18,34.62,74,38.95,18,24.32,6,8.11,50,67.57,0,0,0,0,64,33.68,0,0,5,7.81,8,12.5,6,9.38,45,70.31,72,37.89,17,8.95,22,11.58,16,8.42,0,0,0,0,0,0,0,0,0,0,0,0,63,33.16,395,0,0,13,2.49,194,37.09,316,60.42,0,0,52,27.37,74,38.95,64,33.68,58600,83100,52700,582,123,8,0,0,48,9.18,8,1.53,0,0,0,0,467,89.29,75,39.47,0,0,0,0,0,0,115,60.53,3393867010,233055.3324
2912,48047,48,TX,Texas,47,Brooks,3541,2475,69.9,1066,30.1,1487,60.08,555,37.32,358,24.08,219,14.73,243,16.34,111,7.46,1,0.07,988,39.92,451,45.65,110,11.13,187,18.93,126,12.75,66,6.68,48,4.86,1006,40.65,468,18.91,406,16.4,369,14.91,177,7.15,49,1.98,1981,144,4.07,178,5.03,872,24.63,2347,66.28,5.2,6,4.7,2621,74.02,25,0.71,340,9.6,102,2.88,59,1.67,394,11.13,1487,1341,90.18,14,0.94,0,0,0,0,0,0,132,8.88,988,461,46.66,11,1.11,289,29.25,87,8.81,59,5.97,81,8.2,306,20.58,290,19.5,592,39.81,299,20.11,327,33.1,188,19.03,326,33,147,14.88,473,47.87,633,25.58,478,19.31,918,37.09,446,18.02,26,2.63,0,0,0,0,0,0,0,0,26,100,58,5.87,13,22.41,23,39.66,0,0,0,0,22,37.93,330,33.4,30,9.09,76,23.03,83,25.15,19,5.76,122,36.97,574,58.1,178,31.01,63,10.98,148,25.78,10,1.74,175,30.49,479,48.48,7,0.71,64,6.48,74,7.49,19,1.92,0,0,0,0,0,0,0,0,0,0,345,34.92,298,0,0,70,4.71,257,17.28,1160,78.01,26,2.63,58,5.87,330,33.4,574,58.1,64200,92400,52100,1875,501,91,8,0,254,17.08,30,2.02,8,0.54,0,0,1195,80.36,247,25,61,6.17,0,0,0,0,680,68.83,3092469078,241987.5884
2913,48049,48,TX,Texas,49,Brown,19112,14614,76.47,4498,23.53,10449,71.5,2525,24.16,4002,38.3,1680,16.08,1222,11.69,570,5.46,450,4.31,4165,28.5,1740,41.78,1270,30.49,471,11.31,446,10.71,191,4.59,47,1.13,4265,29.18,5272,36.07,2151,14.72,1668,11.41,761,5.21,497,3.4,1975,505,2.64,1920,10.05,5567,29.13,11120,58.18,5.5,5.9,4.5,13620,71.26,202,1.06,828,4.33,761,3.98,472,2.47,3229,16.9,10449,8858,84.77,164,1.57,22,0.21,9,0.09,0,0,1396,13.36,4165,1994,47.88,26,0.62,676,16.23,576,13.83,444,10.66,449,10.78,1680,16.08,2562,24.52,4388,41.99,1819,17.41,516,12.39,1135,27.25,1684,40.43,830,19.93,2514,60.36,2196,15.03,3697,25.3,6072,41.55,2649,18.13,118,2.83,8,6.78,28,23.73,62,52.54,15,1500,5,4.24,910,21.85,139,15.27,233,25.6,411,45.16,82,9.01,45,4.95,1895,45.5,85,4.49,97,5.12,1234,65.12,286,15.09,193,10.18,1242,29.82,15,1.21,34,2.74,576,46.38,391,31.48,226,18.2,1218,29.24,737,17.7,672,16.13,383,9.2,264,6.34,88,2.11,270,6.48,21,0.5,37,0.89,6,0.14,469,11.26,587,15,0.14,474,4.54,2133,20.41,7827,74.91,118,2.83,910,21.85,1895,45.5,1242,29.82,109500,142400,87900,11162,3254,198,0,0,1803,17.26,94,0.9,0,0,0,0,8552,81.85,1451,34.84,104,2.5,0,0,0,0,2610,62.67,3439744469,255916.7845
2914,48051,48,TX,Texas,51,Burleson,9258,6931,74.86,2327,25.14,5386,77.71,1369,25.42,2289,42.5,649,12.05,650,12.07,263,4.88,166,3.08,1545,22.29,592,38.32,561,36.31,152,9.84,138,8.93,41,2.65,61,3.95,1961,28.29,2850,41.12,801,11.56,788,11.37,304,4.39,227,3.28,1984,139,1.5,800,8.64,2550,27.54,5769,62.31,5.4,5.6,4.5,5924,63.99,45,0.49,306,3.31,148,1.6,162,1.75,2673,28.87,5386,3793,70.42,35,0.65,0,0,0,0,0,0,1558,28.93,1545,743,48.09,0,0,285,18.45,112,7.25,162,10.49,243,15.73,1567,29.09,2029,37.67,1274,23.65,516,9.58,170,11,792,51.26,429,27.77,154,9.97,583,37.73,1737,25.06,2821,40.7,1703,24.57,670,9.67,98,6.34,13,13.27,65,66.33,20,20.41,0,0,0,0,337,21.81,43,12.76,131,38.87,49,14.54,108,32.05,6,1.78,448,29,18,4.02,12,2.68,287,64.06,87,19.42,44,9.82,662,42.85,0,0,16,2.42,165,24.92,284,42.9,197,29.76,487,31.52,127,8.22,159,10.29,56,3.62,62,4.01,174,11.26,161,10.42,30,1.94,42,2.72,0,0,247,15.99,611,21,0.39,272,5.05,1313,24.38,3780,70.18,98,6.34,337,21.81,448,29,662,42.85,126500,160100,110500,5752,1138,41,0,0,809,15.02,31,0.58,0,0,0,0,4546,84.4,329,21.29,10,0.65,0,0,0,0,1206,78.06,2368693718,301137.7945
2915,48369,48,TX,Texas,369,Parmer,3793,3213,84.71,580,15.29,2104,65.48,385,18.3,761,36.17,398,18.92,133,6.32,237,11.26,190,9.03,1109,34.52,299,26.96,330,29.76,159,14.34,113,10.19,165,14.88,43,3.88,684,21.29,1091,33.96,557,17.34,246,7.66,402,12.51,233,7.25,1974,48,1.27,215,5.67,801,21.12,2729,71.95,5.7,6.3,5,3092,81.52,21,0.55,70,1.85,214,5.64,32,0.84,364,9.6,2104,1871,88.93,21,1,0,0,0,0,0,0,212,10.08,1109,740,66.73,0,0,70,6.31,178,16.05,32,2.89,89,8.03,209,9.93,266,12.64,1434,68.16,195,9.27,133,11.99,262,23.62,640,57.71,74,6.67,714,64.38,342,10.64,528,16.43,2074,64.55,269,8.37,20,1.8,0,0,20,100,0,0,0,0,0,0,131,11.81,37,28.24,27,20.61,61,46.56,6,4.58,0,0,344,31.02,10,2.91,48,13.95,182,52.91,85,24.71,19,5.52,614,55.37,0,0,25,4.07,278,45.28,146,23.78,165,26.87,332,29.94,180,16.23,106,9.56,105,9.47,16,1.44,90,8.12,23,2.07,41,3.7,20,1.8,12,1.08,184,16.59,567,0,0,28,1.33,281,13.36,1795,85.31,20,1.8,131,11.81,344,31.02,614,55.37,110000,164600,79000,2419,784,10,0,0,446,21.2,10,0.48,0,0,0,0,1648,78.33,338,30.48,0,0,0,0,0,0,771,69.52,3386231298,232722.656
2916,48371,48,TX,Texas,371,Pecos,5784,4868,84.16,916,15.84,3614,74.24,953,26.37,1172,32.43,395,10.93,422,11.68,343,9.49,329,9.1,1254,25.76,529,42.19,371,29.59,113,9.01,109,8.69,44,3.51,88,7.02,1482,30.44,1543,31.7,508,10.44,531,10.91,387,7.95,417,8.57,1978,162,2.8,496,8.58,1089,18.83,4037,69.8,5.8,6.1,4.7,4105,70.97,22,0.38,292,5.05,160,2.77,146,2.52,1059,18.31,3614,2810,77.75,0,0,10,0.28,0,0,0,0,794,21.97,1254,607,48.41,22,1.75,218,17.38,160,12.76,146,11.64,101,8.05,443,12.26,884,24.46,1940,53.68,347,9.6,105,8.37,438,34.93,631,50.32,80,6.38,711,56.7,548,11.26,1322,27.16,2571,52.81,427,8.77,60,4.78,0,0,0,0,60,100,0,0,0,0,339,27.03,58,17.11,8,2.36,185,54.57,0,0,88,25.96,372,29.67,26,6.99,0,0,272,73.12,68,18.28,6,1.61,483,38.52,10,2.07,17,3.52,97,20.08,261,54.04,98,20.29,260,20.73,181,14.43,237,18.9,150,11.96,84,6.7,17,1.36,102,8.13,28,2.23,3,0.24,0,0,192,15.31,622,27,0.75,32,0.89,567,15.69,2988,82.68,60,4.78,339,27.03,372,29.67,483,38.52,106000,152000,53200,3754,1027,73,14,0,679,18.79,37,1.02,14,0.39,0,0,2884,79.8,348,27.75,36,2.87,0,0,0,0,870,69.38,16773834178,734647.666
2917,48373,48,TX,Texas,373,Polk,26135,17945,68.66,8190,31.34,13850,77.18,3365,24.3,5079,36.67,2136,15.42,1928,13.92,747,5.39,595,4.3,4095,22.82,1414,34.53,973,23.76,582,14.21,608,14.85,395,9.65,123,3,4779,26.63,6052,33.73,2718,15.15,2536,14.13,1142,6.36,718,4,1982,665,2.54,2094,8.01,7910,30.27,15466,59.18,5,5.3,4.2,17867,68.36,235,0.9,893,3.42,263,1.01,213,0.81,6664,25.5,13850,10364,74.83,83,0.6,71,0.51,0,0,8,0.06,3324,24,4095,1652,40.34,86,2.1,686,16.75,210,5.13,160,3.91,1301,31.77,3994,28.84,4405,31.81,4609,33.28,842,6.08,876,21.39,1324,32.33,1725,42.12,170,4.15,1895,46.28,4870,27.14,5729,31.93,6334,35.3,1012,5.64,257,6.28,17,6.61,67,26.07,150,58.37,0,0,23,8.95,576,14.07,158,27.43,53,9.2,212,36.81,75,13.02,78,13.54,1476,36.04,56,3.79,68,4.61,920,62.33,292,19.78,140,9.49,1786,43.61,27,1.51,67,3.75,988,55.32,505,28.28,199,11.14,1269,30.99,586,14.31,926,22.61,288,7.03,357,8.72,92,2.25,113,2.76,0,0,16,0.39,8,0.2,440,10.74,592,30,0.22,638,4.61,3448,24.9,9734,70.28,257,6.28,576,14.07,1476,36.04,1786,43.61,125500,142600,108000,13222,4399,317,0,7,2869,20.71,148,1.07,0,0,0,0,10833,78.22,1530,37.36,169,4.13,0,0,7,0.17,2389,58.34,3907262517,333467.3212
2918,48375,48,TX,Texas,375,Potter,50174,43957,87.61,6217,12.39,24037,54.68,5510,22.92,8089,33.65,3991,16.6,3164,13.16,1963,8.17,1320,5.49,19920,45.32,7718,38.74,4720,23.69,2945,14.78,2378,11.94,1475,7.4,684,3.43,13228,30.09,12809,29.14,6936,15.78,5542,12.61,3438,7.82,2004,4.56,1963,1123,2.24,7429,14.81,14917,29.73,26705,53.22,5.1,5.8,4.2,34274,68.31,901,1.8,3647,7.27,4226,8.42,3675,7.32,3451,6.88,24037,21458,89.27,390,1.62,224,0.93,33,0.14,65,0.27,1867,7.77,19920,9495,47.67,428,2.15,2728,13.69,3419,17.16,2820,14.16,1030,5.17,2915,12.13,3914,16.28,12040,50.09,5168,21.5,1876,9.42,2831,14.21,11067,55.56,4146,20.81,15213,76.37,4791,10.9,6745,15.34,23107,52.57,9314,21.19,779,3.91,92,11.81,140,17.97,470,60.33,65,1306.68,12,1.54,5461,27.41,249,4.56,498,9.12,4004,73.32,555,10.16,155,2.84,7436,37.33,134,1.8,330,4.44,5019,67.5,1682,22.62,271,3.64,6244,31.35,34,0.54,96,1.54,2536,40.61,3085,49.41,493,7.9,3534,17.74,3698,18.56,3438,17.26,3048,15.3,2175,10.92,1103,5.54,1026,5.15,305,1.53,328,1.65,334,1.68,931,4.67,666,136,0.57,585,2.43,4966,20.66,18350,76.34,779,3.91,5461,27.41,7436,37.33,6244,31.35,97000,109700,84500,29101,13789,1055,12,0,5068,21.08,132,0.55,0,0,0,0,18837,78.37,8721,43.78,923,4.63,12,0.06,0,0,10264,51.53,3602026117,240121.2444
2919,48377,48,TX,Texas,377,Presidio,4065,2580,63.47,1485,36.53,1392,53.95,459,32.97,506,36.35,181,13,185,13.29,36,2.59,25,1.8,1188,46.05,728,61.28,303,25.51,87,7.32,30,2.53,40,3.37,0,0,1187,46.01,809,31.36,268,10.39,215,8.33,76,2.95,25,0.97,1991,92,2.26,817,20.1,1448,35.62,1708,42.02,4.5,5.3,3.1,2727,67.08,0,0,421,10.36,73,1.8,0,0,844,20.76,1392,1048,75.29,0,0,0,0,0,0,0,0,344,24.71,1188,632,53.2,0,0,263,22.14,59,4.97,0,0,234,19.7,98,7.04,519,37.28,411,29.53,364,26.15,170,14.31,522,43.94,265,22.31,231,19.44,496,41.75,268,10.39,1041,40.35,676,26.2,595,23.06,61,5.13,0,0,25,40.98,36,59.02,0,0,0,0,496,41.75,87,17.54,321,64.72,75,15.12,0,0,13,2.62,427,35.94,128,29.98,172,40.28,115,26.93,0,0,12,2.81,204,17.17,0,0,26,12.75,60,29.41,30,14.71,88,43.14,843,70.96,36,3.03,28,2.36,116,9.76,22,1.85,0,0,30,2.53,0,0,0,0,0,0,113,9.51,291,0,0,87,6.25,390,28.02,915,65.73,61,5.13,496,41.75,427,35.94,204,17.17,77200,167900,58800,1831,713,36,0,0,288,20.69,0,0,0,0,0,0,1104,79.31,425,35.77,36,3.03,0,0,0,0,727,61.2,13359778566,640088.0469
2920,48379,48,TX,Texas,379,Rains,5416,4321,79.78,1095,20.22,3386,78.36,809,23.89,1639,48.41,450,13.29,291,8.59,181,5.35,16,0.47,935,21.64,278,29.73,258,27.59,209,22.35,121,12.94,62,6.63,7,0.75,1087,25.16,1897,43.9,659,15.25,412,9.53,243,5.62,23,0.53,1979,174,3.21,363,6.7,1568,28.95,3311,61.13,5.3,5.7,4.4,4131,76.27,22,0.41,103,1.9,73,1.35,31,0.57,1056,19.5,3386,2826,83.46,16,0.47,0,0,0,0,0,0,544,16.07,935,535,57.22,6,0.64,94,10.05,73,7.81,21,2.25,206,22.03,1147,33.87,1128,33.31,895,26.43,216,6.38,154,16.47,300,32.09,412,44.06,69,7.38,481,51.44,1301,30.11,1428,33.05,1307,30.25,285,6.6,19,2.03,0,0,0,0,0,0,5,500,14,73.68,121,12.94,23,19.01,9,7.44,69,57.02,8,6.61,12,9.92,373,39.89,3,0.8,39,10.46,275,73.73,18,4.83,38,10.19,422,45.13,0,0,22,5.21,146,34.6,110,26.07,144,34.12,320,34.22,146,15.61,77,8.24,50,5.35,56,5.99,39,4.17,39,4.17,0,0,0,0,0,0,208,22.25,521,113,3.34,166,4.9,867,25.61,2240,66.15,19,2.03,121,12.94,373,39.89,422,45.13,131100,173500,98300,3400,832,83,6,0,590,17.42,73,2.16,0,0,0,0,2723,80.42,242,25.88,10,1.07,6,0.64,0,0,677,72.41,952918268.7,163698.1383
2921,48381,48,TX,Texas,381,Randall,55057,50092,90.98,4965,9.02,34873,69.62,7952,22.8,13398,38.42,5690,16.32,5061,14.51,2253,6.46,519,1.49,15219,30.38,5799,38.1,4388,28.83,2178,14.31,1651,10.85,649,4.26,554,3.64,13751,27.45,17786,35.51,7868,15.71,6712,13.4,2902,5.79,1073,2.14,1981,849,1.54,5031,9.14,10042,18.24,39135,71.08,5.7,6.3,4.2,39298,71.38,2355,4.28,1643,2.98,4380,7.96,3936,7.15,3445,6.26,34873,31637,90.72,806,2.31,90,0.26,27,0.08,125,0.36,2188,6.27,15219,5200,34.17,1132,7.44,1415,9.3,3619,23.78,3102,20.38,751,4.93,10069,28.87,8282,23.75,14758,42.32,1764,5.06,4096,26.91,3790,24.9,6355,41.76,978,6.43,7333,48.18,14165,28.28,12072,24.1,21113,42.15,2742,5.47,626,4.11,54,8.63,55,8.79,468,74.76,49,1605.27,0,0,3998,26.27,135,3.38,200,5,3401,85.07,253,6.33,9,0.23,5206,34.21,77,1.48,173,3.32,2674,51.36,2113,40.59,169,3.25,5389,35.41,44,0.82,33,0.61,743,13.79,3988,74,581,10.78,1321,8.68,1317,8.65,2471,16.24,1908,12.54,2191,14.4,1399,9.19,2004,13.17,1026,6.74,578,3.8,245,1.61,759,4.99,810,139,0.4,227,0.65,3513,10.07,30994,88.88,626,4.11,3998,26.27,5206,34.21,5389,35.41,174100,176000,171000,37779,11830,465,18,0,6241,17.9,41,0.12,6,0.02,0,0,28585,81.97,5589,36.72,424,2.79,12,0.08,0,0,9194,60.41,3565774581,239088.4384
2922,48383,48,TX,Texas,383,Reagan,1331,1117,83.92,214,16.08,735,65.8,78,10.61,237,32.24,93,12.65,162,22.04,101,13.74,64,8.71,382,34.2,143,37.43,62,16.23,127,33.25,38,9.95,12,3.14,0,0,221,19.79,299,26.77,220,19.7,200,17.91,113,10.12,64,5.73,1984,12,0.9,93,6.99,434,32.61,792,59.5,5.3,6,4.2,848,63.71,26,1.95,51,3.83,67,5.03,0,0,339,25.47,735,516,70.2,3,0.41,0,0,0,0,0,0,216,29.39,382,186,48.69,5,1.31,51,13.35,67,17.54,0,0,73,19.11,69,9.39,259,35.24,341,46.39,66,8.98,130,34.03,98,25.65,146,38.22,8,2.09,154,40.31,199,17.82,357,31.96,487,43.6,74,6.62,0,0,0,0,0,0,0,0,0,0,0,0,68,17.8,0,0,0,0,0,0,54,79.41,14,20.59,233,60.99,0,0,8,3.43,153,65.67,32,13.73,40,17.17,81,21.2,0,0,0,0,51,62.96,24,29.63,6,7.41,65,17.02,29,7.59,128,33.51,4,1.05,42,10.99,0,0,14,3.66,40,10.47,0,0,0,0,60,15.71,630,0,0,25,3.4,125,17.01,585,79.59,0,0,68,17.8,233,60.99,81,21.2,98300,146100,94600,899,218,0,0,0,176,23.95,0,0,0,0,0,0,559,76.05,42,10.99,0,0,0,0,0,0,340,89.01,4190651119,261482.808
2923,48385,48,TX,Texas,385,Real,2671,1254,46.95,1417,53.05,901,71.85,251,27.86,451,50.06,120,13.32,40,4.44,7,0.78,32,3.55,353,28.15,126,35.69,129,36.54,67,18.98,12,3.4,3,0.85,16,4.53,377,30.06,580,46.25,187,14.91,52,4.15,10,0.8,48,3.83,1979,141,5.28,278,10.41,786,29.43,1466,54.89,5.3,5.7,4.4,1855,69.45,44,1.65,25,0.94,15,0.56,0,0,732,27.41,901,650,72.14,0,0,0,0,0,0,0,0,251,27.86,353,168,47.59,44,12.46,17,4.82,11,3.12,0,0,113,32.01,215,23.86,279,30.97,267,29.63,140,15.54,82,23.23,90,25.5,104,29.46,77,21.81,181,51.27,297,23.68,369,29.43,371,29.59,217,17.3,10,2.83,0,0,5,50,0,0,0,0,5,50,72,20.4,9,12.5,10,13.89,16,22.22,0,0,37,51.39,179,50.71,0,0,0,0,90,50.28,43,24.02,46,25.7,92,26.06,0,0,0,0,53,57.61,9,9.78,30,32.61,84,23.8,53,15.01,23,6.52,23,6.52,0,0,46,13.03,6,1.7,0,0,0,0,0,0,118,33.43,565,0,0,24,2.66,226,25.08,651,72.25,10,2.83,72,20.4,179,50.71,92,26.06,146900,260900,122400,959,282,8,5,0,140,15.54,8,0.89,0,0,0,0,753,83.57,142,40.23,0,0,5,1.42,0,0,206,58.36,2417613075,223244.6336
2924,48387,48,TX,Texas,387,Red River,6956,5143,73.94,1813,26.06,4014,78.05,1181,29.42,1683,41.93,467,11.63,442,11.01,210,5.23,31,0.77,1129,21.95,577,51.11,336,29.76,33,2.92,94,8.33,66,5.85,23,2.04,1758,34.18,2019,39.26,500,9.72,536,10.42,276,5.37,54,1.05,1975,134,1.93,726,10.44,1658,23.84,4438,63.8,5.4,5.6,4.8,5231,75.2,8,0.12,214,3.08,254,3.65,153,2.2,1096,15.76,4014,3276,81.61,0,0,0,0,0,0,0,0,738,18.39,1129,641,56.78,6,0.53,176,15.59,150,13.29,6,0.53,150,13.29,642,15.99,1175,29.27,1542,38.42,655,16.32,92,8.15,335,29.67,634,56.16,68,6.02,702,62.18,734,14.27,1510,29.36,2176,42.31,723,14.06,20,1.77,16,80,4,20,0,0,0,0,0,0,271,24,16,5.9,55,20.3,173,63.84,0,0,27,9.96,337,29.85,5,1.48,30,8.9,192,56.97,0,0,110,32.64,501,44.38,1,0.2,70,13.97,303,60.48,7,1.4,120,23.95,739,65.46,39,3.45,33,2.92,61,5.4,0,0,0,0,0,0,0,0,0,0,0,0,257,22.76,369,5,0.12,49,1.22,896,22.32,3064,76.33,20,1.77,271,24,337,29.85,501,44.38,77900,114200,67600,3795,1324,24,0,0,862,21.47,1,0.02,0,0,0,0,3151,78.5,462,40.92,23,2.04,0,0,0,0,644,57.04,3957321865,429932.173
2963,48309,48,TX,Texas,309,McLennan,102300,91422,89.37,10878,10.63,54151,59.23,11222,20.72,20134,37.18,8285,15.3,7819,14.44,4284,7.91,2407,4.44,37271,40.77,13506,36.24,10308,27.66,5622,15.08,4659,12.5,2034,5.46,1142,3.06,24728,27.05,30442,33.3,13907,15.21,12478,13.65,6318,6.91,3549,3.88,1979,1410,1.38,10385,10.15,25840,25.26,64665,63.21,5.5,6.1,4.5,69180,67.62,2385,2.33,7649,7.48,10071,9.84,7085,6.93,5930,5.8,54151,49943,92.23,523,0.97,101,0.19,80,0.15,88,0.16,3416,6.31,37271,13498,36.22,1749,4.69,6308,16.92,8169,21.92,6190,16.61,1357,3.64,12565,23.2,14139,26.11,21805,40.27,5642,10.42,7295,19.57,10390,27.88,16463,44.17,3123,8.38,19586,52.55,19860,21.72,24529,26.83,38268,41.86,8765,9.59,1011,2.71,84,8.31,84,8.31,638,63.11,182,13504.65,23,2.27,8580,23.02,507,5.91,890,10.37,5658,65.94,1410,16.43,115,1.34,13818,37.07,549,3.97,645,4.67,7947,57.51,3886,28.12,791,5.72,13862,37.19,208,1.5,484,3.49,4462,32.19,7348,53.01,1360,9.81,6642,17.82,4744,12.73,5174,13.88,5156,13.83,3752,10.07,2236,6,4155,11.15,1452,3.9,1263,3.39,408,1.09,2289,6.14,715,216,0.4,467,0.86,7851,14.5,45617,84.24,1011,2.71,8580,23.02,13818,37.07,13862,37.19,152700,168200,121900,61388,28957,1032,45,0,11164,20.62,416,0.77,21,0.04,0,0,42550,78.58,17793,47.74,616,1.65,24,0.06,0,0,18838,50.54,3793020279,248654.9148
2964,48311,48,TX,Texas,311,McMullen,462,229,49.57,233,50.43,194,84.72,34,17.53,66,34.02,68,35.05,18,9.28,1,0.52,7,3.61,35,15.28,0,0,7,20,21,60,0,0,7,20,0,0,34,14.85,73,31.88,89,38.86,18,7.86,8,3.49,7,3.06,1994,22,4.76,63,13.64,99,21.43,278,60.17,5.2,5.1,6.6,336,72.73,2,0.43,0,0,4,0.87,0,0,120,25.97,194,150,77.32,2,1.03,0,0,0,0,0,0,42,21.65,35,22,62.86,0,0,0,0,4,11.43,0,0,9,25.71,89,45.88,29,14.95,39,20.1,37,19.07,12,34.29,9,25.71,5,14.29,9,25.71,14,40,101,44.1,38,16.59,44,19.21,46,20.09,0,0,0,0,0,0,0,0,0,0,0,0,4,11.43,0,0,0,0,4,100,0,0,0,0,7,20,0,0,0,0,7,100,0,0,0,0,24,68.57,4,16.67,0,0,3,12.5,8,33.33,9,37.5,9,25.71,2,5.71,3,8.57,0,0,0,0,4,11.43,8,22.86,0,0,0,0,0,0,9,25.71,633,0,0,12,6.19,36,18.56,146,75.26,0,0,4,11.43,7,20,24,68.57,111300,250800,100500,172,57,0,0,0,50,25.77,0,0,0,0,0,0,144,74.23,7,20,0,0,0,0,0,0,28,80,3882873547,253408.7991
2965,48313,48,TX,Texas,313,Madison,5324,4205,78.98,1119,21.02,3196,76,711,22.25,1063,33.26,648,20.28,358,11.2,267,8.35,149,4.66,1009,24,427,42.32,163,16.15,97,9.61,141,13.97,101,10.01,80,7.93,1138,27.06,1226,29.16,745,17.72,499,11.87,368,8.75,229,5.45,1981,114,2.14,270,5.07,1314,24.68,3626,68.11,5.5,5.8,4.7,3668,68.9,68,1.28,140,2.63,35,0.66,94,1.77,1319,24.77,3196,2346,73.4,11,0.34,0,0,0,0,0,0,839,26.25,1009,541,53.62,22,2.18,140,13.88,35,3.47,67,6.64,204,20.22,850,26.6,987,30.88,1063,33.26,296,9.26,169,16.75,356,35.28,431,42.72,53,5.25,484,47.97,1019,24.23,1343,31.94,1494,35.53,349,8.3,85,8.42,18,21.18,0,0,42,49.41,0,0,25,29.41,39,3.87,18,46.15,13,33.33,0,0,0,0,8,20.51,360,35.68,59,16.39,24,6.67,205,56.94,39,10.83,33,9.17,525,52.03,15,2.86,71,13.52,220,41.9,73,13.9,146,27.81,331,32.8,70,6.94,214,21.21,102,10.11,33,3.27,19,1.88,10,0.99,18,1.78,0,0,0,0,212,21.01,550,2,0.06,125,3.91,599,18.74,2470,77.28,85,8.42,39,3.87,360,35.68,525,52.03,113200,201800,88600,3169,955,39,42,0,731,22.87,9,0.28,0,0,0,0,2456,76.85,224,22.2,30,2.97,42,4.16,0,0,713,70.66,1669439504,233713.8252
2966,48315,48,TX,Texas,315,Marion,6452,4535,70.29,1917,29.71,3535,77.95,1302,36.83,1437,40.65,332,9.39,242,6.85,170,4.81,52,1.47,1000,22.05,462,46.2,128,12.8,105,10.5,184,18.4,71,7.1,50,5,1764,38.9,1565,34.51,437,9.64,426,9.39,241,5.31,102,2.25,1984,151,2.34,667,10.34,2347,36.38,3287,50.95,5.2,5.4,4.4,4025,62.38,26,0.4,178,2.76,46,0.71,10,0.15,2167,33.59,3535,2217,62.72,18,0.51,6,0.17,0,0,0,0,1294,36.61,1000,535,53.5,8,0.8,146,14.6,28,2.8,10,1,273,27.3,422,11.94,1094,30.95,1666,47.13,353,9.99,191,19.1,344,34.4,410,41,55,5.5,465,46.5,613,13.52,1438,31.71,2076,45.78,408,9,4,0.4,0,0,0,0,0,0,4,100,0,0,158,15.8,39,24.68,18,11.39,84,53.16,0,0,17,10.76,443,44.3,90,20.32,78,17.61,239,53.95,9,2.03,27,6.09,395,39.5,0,0,7,1.77,194,49.11,113,28.61,81,20.51,473,47.3,151,15.1,73,7.3,70,7,52,5.2,15,1.5,16,1.6,12,1.2,13,1.3,0,0,125,12.5,480,74,2.09,183,5.18,1039,29.39,2239,63.34,4,0.4,158,15.8,443,44.3,395,39.5,98200,95300,99200,3571,936,24,4,0,505,14.29,0,0,0,0,0,0,3030,85.71,431,43.1,24,2.4,4,0.4,0,0,541,54.1,1544990484,237614.8739
2975,48113,48,TX,Texas,113,Dallas,1027813,945996,92.04,81817,7.96,476375,50.36,98629,20.7,153078,32.13,78659,16.51,74294,15.6,42035,8.82,29680,6.23,469621,49.64,177090,37.71,123258,26.25,68617,14.61,51670,11,30927,6.59,18059,3.85,275719,29.15,276336,29.21,147276,15.57,125964,13.32,72962,7.71,47739,5.05,1983,32387,3.15,209045,20.34,252232,24.54,534149,51.97,5.1,6.3,3.8,549045,53.42,37365,3.64,56500,5.5,178708,17.39,190331,18.52,15864,1.54,476375,426089,89.44,20344,4.27,5303,1.11,5996,1.26,8187,1.72,10456,2.19,469621,96419,20.53,15099,3.22,46380,9.88,148526,31.63,158656,33.78,4541,0.97,86740,18.21,124462,26.13,224509,47.13,40664,8.54,103147,21.96,161938,34.48,177175,37.73,27361,5.83,204536,43.55,189887,20.07,286400,30.27,401684,42.46,68025,7.19,25277,5.38,722,2.86,562,2.22,10979,43.43,12645,939212.87,369,1.46,173440,36.93,4022,2.32,3169,1.83,76350,44.02,88869,51.24,1030,0.59,164440,35.02,2058,1.25,2504,1.52,42107,25.61,115013,69.94,2758,1.68,106464,22.67,785,0.74,1095,1.03,14771,13.87,83273,78.22,6540,6.14,22405,4.77,15213,3.24,31063,6.61,49840,10.61,60456,12.87,51700,11.01,96713,20.59,61017,12.99,47743,10.17,22774,4.85,10697,2.28,998,3074,0.65,8050,1.69,62361,13.09,402890,84.57,25277,5.38,173440,36.93,164440,35.02,106464,22.67,193900,211200,170400,595863,322395,26960,778,0,118897,24.96,4903,1.03,130,0.03,0,0,352445,73.98,203498,43.33,22057,4.7,648,0.14,0,0,243418,51.83,3337221682,231041.911
2976,48115,48,TX,Texas,115,Dawson,5171,4430,85.67,741,14.33,3102,70.02,924,29.79,863,27.82,558,17.99,418,13.48,149,4.8,190,6.13,1328,29.98,543,40.89,273,20.56,246,18.52,192,14.46,20,1.51,54,4.07,1467,33.12,1136,25.64,804,18.15,610,13.77,169,3.81,244,5.51,1972,50,0.97,487,9.42,1518,29.36,3116,60.26,5.6,6,4.8,4570,88.38,26,0.5,86,1.66,111,2.15,37,0.72,341,6.59,3102,2949,95.07,7,0.23,0,0,0,0,0,0,146,4.71,1328,1009,75.98,19,1.43,86,6.48,79,5.95,37,2.79,98,7.38,106,3.42,483,15.57,1951,62.89,562,18.12,39,2.94,468,35.24,677,50.98,144,10.84,821,61.82,145,3.27,951,21.47,2628,59.32,706,15.94,33,2.48,11,33.33,12,36.36,0,0,0,0,10,30.3,274,20.63,4,1.46,82,29.93,163,59.49,25,9.12,0,0,401,30.2,14,3.49,29,7.23,275,68.58,2,0.5,81,20.2,620,46.69,76,12.26,10,1.61,243,39.19,177,28.55,114,18.39,565,42.55,175,13.18,117,8.81,97,7.3,87,6.55,44,3.31,19,1.43,0,0,19,1.43,0,0,205,15.44,498,17,0.55,79,2.55,855,27.56,2151,69.34,33,2.48,274,20.63,401,30.2,620,46.69,80100,121300,64400,3085,1323,19,0,3,690,22.24,8,0.26,0,0,0,0,2404,77.5,633,47.67,11,0.83,0,0,3,0.23,681,51.28,3311909672,230254.7929
2977,48117,48,TX,Texas,117,Deaf Smith,7079,6053,85.51,1026,14.49,3962,65.46,724,18.27,1512,38.16,600,15.14,454,11.46,222,5.6,450,11.36,2091,34.54,484,23.15,482,23.05,426,20.37,364,17.41,134,6.41,201,9.61,1208,19.96,1994,32.94,1026,16.95,818,13.51,356,5.88,651,10.75,1967,50,0.71,513,7.25,2264,31.98,4252,60.06,5.2,5.7,4.6,5379,75.99,61,0.86,446,6.3,413,5.83,61,0.86,719,10.16,3962,3608,91.07,4,0.1,0,0,0,0,0,0,350,8.83,2091,1108,52.99,21,1,404,19.32,302,14.44,61,2.92,195,9.33,282,7.12,567,14.31,2513,63.43,600,15.14,231,11.05,299,14.3,1237,59.16,324,15.49,1561,74.65,513,8.48,866,14.31,3750,61.95,924,15.27,27,1.29,0,0,0,0,27,100,0,0,0,0,278,13.3,30,10.79,119,42.81,103,37.05,4,1.44,22,7.91,928,44.38,32,3.45,64,6.9,668,71.98,84,9.05,80,8.62,858,41.03,54,6.29,7,0.82,349,40.68,206,24.01,242,28.21,525,25.11,331,15.83,353,16.88,172,8.23,212,10.14,55,2.63,16,0.77,19,0.91,44,2.1,20,0.96,344,16.45,605,0,0,120,3.03,963,24.31,2879,72.67,27,1.29,278,13.3,928,44.38,858,41.03,91800,112100,70900,4859,1051,143,0,0,523,13.2,61,1.54,0,0,0,0,3378,85.26,528,25.25,82,3.92,0,0,0,0,1481,70.83,5791975547,313257.929
2978,48119,48,TX,Texas,119,Delta,2496,2066,82.77,430,17.23,1670,80.83,510,30.54,661,39.58,146,8.74,161,9.64,170,10.18,22,1.32,396,19.17,130,32.83,112,28.28,33,8.33,70,17.68,8,2.02,43,10.86,640,30.98,773,37.42,179,8.66,231,11.18,178,8.62,65,3.15,1975,9,0.36,235,9.42,664,26.6,1588,63.62,5.5,5.6,5,2041,81.77,43,1.72,95,3.81,33,1.32,11,0.44,273,10.94,1670,1439,86.17,43,2.57,0,0,0,0,0,0,188,11.26,396,254,64.14,0,0,95,23.99,20,5.05,11,2.78,16,4.04,310,18.56,497,29.76,548,32.81,315,18.86,31,7.83,121,30.56,154,38.89,90,22.73,244,61.62,341,16.51,618,29.91,702,33.98,405,19.6,0,0,0,0,0,0,0,0,0,0,0,0,64,16.16,4,6.25,17,26.56,43,67.19,0,0,0,0,185,46.72,9,4.86,43,23.24,108,58.38,4,2.16,21,11.35,147,37.12,5,3.4,15,10.2,85,57.82,14,9.52,28,19.05,195,49.24,90,22.73,35,8.84,15,3.79,12,3.03,0,0,0,0,0,0,0,0,0,0,49,12.37,473,9,0.54,65,3.89,398,23.83,1198,71.74,0,0,64,16.16,185,46.72,147,37.12,107600,155000,85600,1642,410,12,2,0,268,16.05,4,0.24,2,0.12,0,0,1396,83.59,142,35.86,8,2.02,0,0,0,0,246,62.12,1035236760,284675.8403
2979,48121,48,TX,Texas,121,Denton,318269,300585,94.44,17684,5.56,196219,65.28,29523,15.05,65286,33.27,36350,18.53,40898,20.84,16384,8.35,7778,3.96,104366,34.72,40463,38.77,30624,29.34,15256,14.62,10317,9.89,4981,4.77,2725,2.61,69986,23.28,95910,31.91,51606,17.17,51215,17.04,21365,7.11,10503,3.49,1994,6279,1.97,41371,13,48902,15.36,221717,69.66,6.2,7.3,4,216756,68.1,6751,2.12,10591,3.33,38677,12.15,35229,11.07,10265,3.23,196219,184798,94.18,3964,2.02,159,0.08,225,0.11,155,0.08,6918,3.53,104366,25238,24.18,2415,2.31,9499,9.1,33858,32.44,30879,29.59,2477,2.37,101987,51.98,68989,35.16,23093,11.77,2150,1.1,39441,37.79,46331,44.39,16092,15.42,2502,2.4,18594,17.82,141428,47.05,115320,38.37,39185,13.04,4652,1.55,5260,5.04,0,0,12,0.23,2213,42.07,2841,223611.5,194,3.69,36097,34.59,237,0.66,469,1.3,12503,34.64,22688,62.85,200,0.55,33522,32.12,117,0.35,91,0.27,4042,12.06,28868,86.12,404,1.21,29487,28.25,124,0.42,90,0.31,2229,7.56,25118,85.18,1926,6.53,2098,2.01,1664,1.59,3913,3.75,6240,5.98,11193,10.72,13030,12.48,24278,23.26,17000,16.29,16532,15.84,5694,5.46,2724,2.61,1131,446,0.23,523,0.27,10773,5.49,184477,94.02,5260,5.04,36097,34.59,33522,32.12,29487,28.25,297100,307200,274200,214457,82159,3935,27,7,38797,19.77,666,0.34,27,0.01,7,0,156722,79.87,43362,41.55,3269,3.13,0,0,0,0,57735,55.32,3530229525,238141.6171
2980,48123,48,TX,Texas,123,DeWitt,9253,6823,73.74,2430,26.26,4900,71.82,1118,22.82,1865,38.06,732,14.94,645,13.16,399,8.14,141,2.88,1923,28.18,804,41.81,447,23.24,272,14.14,180,9.36,153,7.96,67,3.48,1922,28.17,2312,33.89,1004,14.71,825,12.09,552,8.09,208,3.05,1968,216,2.33,572,6.18,2560,27.67,5905,63.82,5.4,5.7,4.7,7186,77.66,27,0.29,307,3.32,113,1.22,75,0.81,1545,16.7,4900,4017,81.98,0,0,0,0,0,0,0,0,883,18.02,1923,1249,64.95,27,1.4,207,10.76,84,4.37,52,2.7,304,15.81,1009,20.59,1189,24.27,1583,32.31,1119,22.84,239,12.43,443,23.04,704,36.61,537,27.93,1241,64.53,1248,18.29,1632,23.92,2287,33.52,1656,24.27,34,1.77,0,0,8,23.53,26,76.47,0,0,0,0,383,19.92,56,14.62,116,30.29,120,31.33,62,16.19,29,7.57,653,33.96,41,6.28,94,14.4,284,43.49,54,8.27,180,27.57,853,44.36,26,3.05,45,5.28,288,33.76,349,40.91,145,17,482,25.07,265,13.78,207,10.76,155,8.06,188,9.78,96,4.99,98,5.1,78,4.06,0,0,0,0,354,18.41,612,27,0.55,116,2.37,1105,22.55,3652,74.53,34,1.77,383,19.92,653,33.96,853,44.36,121900,155800,108100,5221,1489,113,0,0,680,13.88,31,0.63,0,0,0,0,4189,85.49,809,42.07,82,4.26,0,0,0,0,1032,53.67,3098631908,243611.6352
2981,48125,48,TX,Texas,125,Dickens,1363,861,63.17,502,36.83,668,77.58,217,32.49,296,44.31,61,9.13,23,3.44,59,8.83,12,1.8,193,22.42,66,34.2,40,20.73,40,20.73,33,17.1,10,5.18,4,2.07,283,32.87,336,39.02,101,11.73,56,6.5,69,8.01,16,1.86,1959,17,1.25,29,2.13,489,35.88,828,60.75,5.9,6,5.1,1213,88.99,4,0.29,12,0.88,3,0.22,0,0,131,9.61,668,589,88.17,0,0,0,0,0,0,0,0,79,11.83,193,174,90.16,4,2.07,12,6.22,3,1.55,0,0,0,0,64,9.58,38,5.69,403,60.33,163,24.4,0,0,5,2.59,143,74.09,45,23.32,188,97.41,64,7.43,43,4.99,546,63.41,208,24.16,4,2.07,4,100,0,0,0,0,0,0,0,0,4,2.07,0,0,0,0,4,100,0,0,0,0,73,37.82,4,5.48,19,26.03,35,47.95,0,0,15,20.55,112,58.03,0,0,12,10.71,15,13.39,11,9.82,74,66.07,82,42.49,6,3.11,2,1.04,3,1.55,0,0,0,0,11,5.7,0,0,0,0,0,0,89,46.11,340,5,0.75,16,2.4,188,28.14,459,68.71,4,2.07,4,2.07,73,37.82,112,58.03,53100,96700,47200,675,181,2,3,0,142,21.26,2,0.3,0,0,0,0,524,78.44,39,20.21,0,0,3,1.55,0,0,151,78.24,3389598047,233072.5647
2982,48127,48,TX,Texas,127,Dimmit,4454,3178,71.35,1276,28.65,2227,70.08,461,20.7,689,30.94,204,9.16,348,15.63,124,5.57,401,18.01,951,29.92,212,22.29,242,25.45,250,26.29,22,2.31,106,11.15,119,12.51,673,21.18,931,29.3,454,14.29,370,11.64,230,7.24,520,16.36,1976,100,2.25,146,3.28,1085,24.36,3123,70.12,5.5,5.9,4.9,2952,66.28,94,2.11,193,4.33,8,0.18,121,2.72,1086,24.38,2227,1733,77.82,0,0,0,0,0,0,0,0,494,22.18,951,564,59.31,73,7.68,103,10.83,8,0.84,7,0.74,196,20.61,564,25.33,539,24.2,857,38.48,267,11.99,128,13.46,225,23.66,506,53.21,92,9.67,598,62.88,692,21.77,764,24.04,1363,42.89,359,11.3,24,2.52,24,100,0,0,0,0,0,0,0,0,95,9.99,56,58.95,8,8.42,24,25.26,7,7.37,0,0,255,26.81,0,0,62,24.31,120,47.06,14,5.49,59,23.14,577,60.67,0,0,81,14.04,140,24.26,169,29.29,187,32.41,319,33.54,58,6.1,172,18.09,56,5.89,79,8.31,0,0,14,1.47,7,0.74,0,0,0,0,246,25.87,529,34,1.53,30,1.35,360,16.17,1803,80.96,24,2.52,95,9.99,255,26.81,577,60.67,61300,,64100,2141,1037,0,0,0,722,32.42,0,0,0,0,0,0,1505,67.58,315,33.12,0,0,0,0,0,0,636,66.88,4485268263,272513.4505
2983,48317,48,TX,Texas,317,Martin,1976,1722,87.15,254,12.85,1202,69.8,229,19.05,618,51.41,169,14.06,119,9.9,25,2.08,42,3.49,520,30.2,108,20.77,75,14.42,55,10.58,115,22.12,107,20.58,60,11.54,337,19.57,693,40.24,224,13.01,234,13.59,132,7.67,102,5.92,1966,26,1.32,58,2.94,331,16.75,1561,79,5.9,6.2,5.2,1545,78.19,11,0.56,61,3.09,0,0,0,0,359,18.17,1202,973,80.95,11,0.92,0,0,0,0,0,0,218,18.14,520,399,76.73,0,0,33,6.35,0,0,0,0,88,16.92,297,24.71,211,17.55,587,48.84,107,8.9,105,20.19,73,14.04,298,57.31,44,8.46,342,65.77,402,23.34,284,16.49,885,51.39,151,8.77,15,2.88,0,0,15,100,0,0,0,0,0,0,50,9.62,0,0,0,0,50,100,0,0,0,0,102,19.62,13,12.75,17,16.67,30,29.41,0,0,42,41.18,353,67.88,0,0,7,1.98,82,23.23,100,28.33,164,46.46,195,37.5,15,2.88,18,3.46,0,0,2,0.38,22,4.23,18,3.46,15,2.88,23,4.42,6,1.15,206,39.62,469,9,0.75,2,0.17,135,11.23,1056,87.85,15,2.88,50,9.62,102,19.62,353,67.88,145700,159900,136700,1281,438,3,0,0,256,21.3,3,0.25,0,0,0,0,943,78.45,182,35,0,0,0,0,0,0,338,65,3329543771,230748.7288
2984,48319,48,TX,Texas,319,Mason,2755,1668,60.54,1087,39.46,1253,75.12,314,25.06,586,46.77,128,10.22,129,10.3,96,7.66,0,0,415,24.88,186,44.82,117,28.19,52,12.53,18,4.34,21,5.06,21,5.06,500,29.98,703,42.15,180,10.79,147,8.81,117,7.01,21,1.26,1963,90,3.27,327,11.87,841,30.53,1497,54.34,5.6,5.8,4.8,2429,88.17,24,0.87,26,0.94,0,0,9,0.33,267,9.69,1253,1143,91.22,0,0,0,0,0,0,0,0,110,8.78,415,328,79.04,24,5.78,12,2.89,0,0,9,2.17,42,10.12,285,22.75,215,17.16,404,32.24,349,27.85,8,1.93,68,16.39,237,57.11,102,24.58,339,81.69,293,17.57,283,16.97,641,38.43,451,27.04,0,0,0,0,0,0,0,0,0,0,0,0,75,18.07,24,32,20,26.67,9,12,0,0,22,29.33,133,32.05,0,0,0,0,44,33.08,10,7.52,79,59.4,207,49.88,0,0,0,0,72,34.78,39,18.84,96,46.38,53,12.77,60,14.46,20,4.82,46,11.08,28,6.75,0,0,0,0,0,0,0,0,11,2.65,197,47.47,547,0,0,50,3.99,321,25.62,882,70.39,0,0,75,18.07,133,32.05,207,49.88,219900,228700,204500,1323,345,0,0,0,236,18.83,0,0,0,0,0,0,1017,81.17,109,26.27,0,0,0,0,0,0,306,73.73,3277388116,230187.1528
2985,48321,48,TX,Texas,321,Matagorda,19714,13900,70.51,5814,29.49,9798,70.49,2633,26.87,3823,39.02,1470,15,892,9.1,488,4.98,492,5.02,4102,29.51,1771,43.17,794,19.36,595,14.51,414,10.09,370,9.02,158,3.85,4404,31.68,4617,33.22,2065,14.86,1306,9.4,858,6.17,650,4.68,1979,517,2.62,1728,8.77,6008,30.48,11461,58.14,5.6,5.9,4.7,13639,69.18,278,1.41,903,4.58,1469,7.45,290,1.47,3135,15.9,9798,7880,80.42,78,0.8,17,0.17,0,0,0,0,1823,18.61,4102,1400,34.13,200,4.88,704,17.16,1028,25.06,268,6.53,502,12.24,1757,17.93,3037,31,4263,43.51,741,7.56,384,9.36,1581,38.54,1844,44.95,293,7.14,2137,52.1,2141,15.4,4618,33.22,6107,43.94,1034,7.44,181,4.41,12,6.63,49,27.07,95,52.49,25,13.81,0,0,798,19.45,56,7.02,150,18.8,497,62.28,76,9.52,19,2.38,1499,36.54,72,4.8,70,4.67,874,58.31,273,18.21,210,14.01,1624,39.59,0,0,113,6.96,508,31.28,760,46.8,243,14.96,950,23.16,303,7.39,572,13.94,481,11.73,319,7.78,236,5.75,507,12.36,105,2.56,106,2.58,51,1.24,472,11.51,697,108,1.1,296,3.02,1538,15.7,7856,80.18,181,4.41,798,19.45,1499,36.54,1624,39.59,128100,151600,115500,10130,3586,184,0,0,1842,18.8,24,0.24,0,0,0,0,7932,80.96,1744,42.52,160,3.9,0,0,0,0,2198,53.58,3864989246,917663.1335
2986,48323,48,TX,Texas,323,Maverick,18511,16647,89.93,1864,10.07,11048,66.37,1453,13.15,3317,30.02,2105,19.05,1489,13.48,1395,12.63,1289,11.67,5599,33.63,1285,22.95,1556,27.79,1066,19.04,744,13.29,421,7.52,527,9.41,2738,16.45,4873,29.27,3171,19.05,2233,13.41,1816,10.91,1816,10.91,1989,541,2.92,1323,7.15,5135,27.74,11512,62.19,5.1,5.6,4,12512,67.59,531,2.87,1999,10.8,1199,6.48,491,2.65,1779,9.61,11048,9683,87.64,47,0.43,12,0.11,27,0.24,0,0,1279,11.58,5599,1807,32.27,358,6.39,1660,29.65,982,17.54,433,7.73,359,6.41,4057,36.72,3959,35.83,2662,24.09,370,3.35,1665,29.74,1915,34.2,1619,28.92,400,7.14,2019,36.06,5722,34.37,5874,35.29,4281,25.72,770,4.63,333,5.95,42,12.61,14,4.2,143,42.94,0,0,134,40.24,897,16.02,194,21.63,116,12.93,457,50.95,59,6.58,71,7.92,2747,49.06,181,6.59,376,13.69,1447,52.68,590,21.48,153,5.57,1622,28.97,86,5.3,250,15.41,733,45.19,338,20.84,215,13.26,2092,37.36,853,15.23,463,8.27,415,7.41,256,4.57,249,4.45,614,10.97,63,1.13,21,0.38,0,0,573,10.23,538,163,1.48,88,0.8,1682,15.22,9115,82.5,333,5.95,897,16.02,2747,49.06,1622,28.97,100900,141400,75900,10570,5666,396,15,0,3014,27.28,178,1.61,15,0.14,0,0,7841,70.97,2652,47.37,218,3.89,0,0,0,0,2729,48.74,4366492328,344149.0634
2987,48325,48,TX,Texas,325,Medina,18703,15978,85.43,2725,14.57,12780,79.98,2277,17.82,5082,39.77,1847,14.45,1904,14.9,1064,8.33,606,4.74,3198,20.02,949,29.67,712,22.26,647,20.23,460,14.38,157,4.91,273,8.54,3226,20.19,5794,36.26,2494,15.61,2364,14.8,1221,7.64,879,5.5,1985,407,2.18,949,5.07,4116,22.01,13231,70.74,5.8,6,4.9,12338,65.97,244,1.3,730,3.9,237,1.27,247,1.32,4907,26.24,12780,9380,73.4,67,0.52,0,0,0,0,0,0,3333,26.08,3198,1110,34.71,177,5.53,659,20.61,237,7.41,174,5.44,841,26.3,4487,35.11,4039,31.6,3300,25.82,954,7.46,561,17.54,1221,38.18,1081,33.8,335,10.48,1416,44.28,5048,31.59,5260,32.92,4381,27.42,1289,8.07,82,2.56,39,47.56,0,0,6,7.32,0,0,37,45.12,586,18.32,67,11.43,93,15.87,390,66.55,4,0.68,32,5.46,886,27.7,34,3.84,30,3.39,437,49.32,271,30.59,114,12.87,1644,51.41,41,2.49,21,1.28,722,43.92,627,38.14,233,14.17,580,18.14,497,15.54,209,6.54,602,18.82,392,12.26,329,10.29,82,2.56,38,1.19,37,1.16,16,0.5,416,13.01,716,213,1.67,293,2.29,2387,18.68,9887,77.36,82,2.56,586,18.32,886,27.7,1644,51.41,151600,190100,109800,12341,3405,232,0,0,2176,17.03,209,1.64,0,0,0,0,10395,81.34,1229,38.43,23,0.72,0,0,0,0,1946,60.85,4565857222,298989.9237
2988,48327,48,TX,Texas,327,Menard,1826,1035,56.68,791,43.32,636,61.45,259,40.72,291,45.75,34,5.35,24,3.77,11,1.73,17,2.67,399,38.55,202,50.63,94,23.56,56,14.04,18,4.51,0,0,29,7.27,461,44.54,385,37.2,90,8.7,42,4.06,11,1.06,46,4.44,1974,77,4.22,409,22.4,422,23.11,918,50.27,5.2,5.6,4.2,1385,75.85,17,0.93,53,2.9,0,0,65,3.56,306,16.76,636,587,92.3,0,0,0,0,0,0,0,0,49,7.7,399,216,54.14,0,0,40,10.03,0,0,65,16.29,78,19.55,69,10.85,115,18.08,255,40.09,197,30.97,26,6.52,110,27.57,159,39.85,104,26.07,263,65.91,95,9.18,225,21.74,414,40,301,29.08,10,2.51,0,0,0,0,10,100,0,0,0,0,114,28.57,26,22.81,33,28.95,46,40.35,0,0,9,7.89,112,28.07,5,4.46,0,0,46,41.07,0,0,61,54.46,163,40.85,0,0,0,0,79,48.47,11,6.75,73,44.79,161,40.35,56,14.04,17,4.26,22,5.51,0,0,0,0,0,0,0,0,0,0,0,0,143,35.84,442,0,0,62,9.75,142,22.33,432,67.92,10,2.51,114,28.57,112,28.07,163,40.85,87300,,101600,775,260,0,0,0,175,27.52,0,0,0,0,0,0,461,72.48,85,21.3,0,0,0,0,0,0,314,78.7,3183342869,238456.9728
2991,48053,48,TX,Texas,53,Burnet,23337,17384,74.49,5953,25.51,13704,78.83,2798,20.42,6410,46.77,1975,14.41,1428,10.42,579,4.23,514,3.75,3680,21.17,1200,32.61,926,25.16,627,17.04,214,5.82,174,4.73,539,14.65,3998,23,7336,42.2,2602,14.97,1642,9.45,753,4.33,1053,6.06,1992,541,2.32,972,4.17,4573,19.6,17251,73.92,5.7,6,4.6,17038,73.01,472,2.02,971,4.16,759,3.25,331,1.42,3766,16.14,13704,11119,81.14,220,1.61,4,0.03,15,0.11,0,0,2346,17.12,3680,1350,36.68,197,5.35,870,23.64,623,16.93,128,3.48,512,13.91,5357,39.09,4415,32.22,3431,25.04,501,3.66,1460,39.67,916,24.89,1152,31.3,152,4.13,1304,35.43,6817,39.21,5331,30.67,4583,26.36,653,3.76,303,8.23,38,12.54,103,33.99,56,18.48,106,10600,0,0,479,13.02,59,12.32,96,20.04,233,48.64,80,16.7,11,2.3,1106,30.05,15,1.36,36,3.25,783,70.8,247,22.33,25,2.26,1792,48.7,0,0,58,3.24,361,20.15,1088,60.71,285,15.9,674,18.32,474,12.88,310,8.42,373,10.14,300,8.15,552,15,388,10.54,153,4.16,43,1.17,92,2.5,321,8.72,751,144,1.05,321,2.34,2110,15.4,11129,81.21,303,8.23,479,13.02,1106,30.05,1792,48.7,203300,228600,186800,12391,4751,226,16,0,2933,21.4,123,0.9,16,0.12,0,0,10632,77.58,1818,49.4,103,2.8,0,0,0,0,1759,47.8,3597481044,297028.7843
2992,48055,48,TX,Texas,55,Caldwell,15269,13774,90.21,1495,9.79,9474,68.78,1956,20.65,3200,33.78,1680,17.73,1404,14.82,466,4.92,768,8.11,4300,31.22,1535,35.7,1248,29.02,485,11.28,509,11.84,357,8.3,166,3.86,3491,25.34,4448,32.29,2165,15.72,1913,13.89,823,5.98,934,6.78,1978,438,2.87,779,5.1,3992,26.14,10060,65.89,5.1,5.4,4.4,9187,60.17,169,1.11,1088,7.13,404,2.65,253,1.66,4168,27.3,9474,6632,70,44,0.46,22,0.23,0,0,0,0,2776,29.3,4300,1657,38.53,125,2.91,881,20.49,357,8.3,253,5.88,1027,23.88,3302,34.85,2879,30.39,2102,22.19,1191,12.57,674,15.67,1284,29.86,1931,44.91,411,9.56,2342,54.47,3976,28.87,4163,30.22,4033,29.28,1602,11.63,143,3.33,21,14.69,44,30.77,57,39.86,21,1106.99,0,0,360,8.37,36,10,51,14.17,168,46.67,61,16.94,44,12.22,1819,42.3,0,0,203,11.16,938,51.57,560,30.79,118,6.49,1978,46,0,0,72,3.64,665,33.62,1029,52.02,212,10.72,831,19.33,428,9.95,449,10.44,512,11.91,588,13.67,418,9.72,484,11.26,67,1.56,120,2.79,29,0.67,374,8.7,759,173,1.83,218,2.3,1603,16.92,7480,78.95,143,3.33,360,8.37,1819,42.3,1978,46,147200,166400,109700,9661,3859,245,9,0,1789,18.88,39,0.41,0,0,0,0,7646,80.71,2070,48.14,206,4.79,9,0.21,0,0,2015,46.86,1887305020,224459.1939
2993,48057,48,TX,Texas,57,Calhoun,12091,8027,66.39,4064,33.61,5917,73.71,1682,28.43,1846,31.2,840,14.2,692,11.7,499,8.43,358,6.05,2110,26.29,516,24.45,748,35.45,501,23.74,189,8.96,138,6.54,18,0.85,2198,27.38,2594,32.32,1341,16.71,881,10.98,637,7.94,376,4.68,1975,330,2.73,1151,9.52,3590,29.69,7020,58.06,5.3,5.6,4.4,8907,73.67,23,0.19,729,6.03,346,2.86,154,1.27,1932,15.98,5917,5027,84.96,0,0,16,0.27,0,0,0,0,874,14.77,2110,1124,53.27,23,1.09,513,24.31,178,8.44,131,6.21,141,6.68,1248,21.09,1453,24.56,2979,50.35,237,4.01,252,11.94,653,30.95,1120,53.08,85,4.03,1205,57.11,1500,18.69,2106,26.24,4099,51.07,322,4.01,93,4.41,0,0,53,56.99,37,39.78,0,0,3,3.23,328,15.55,0,0,0,0,319,97.26,9,2.74,0,0,1038,49.19,0,0,71,6.84,463,44.61,397,38.25,107,10.31,651,30.85,0,0,2,0.31,228,35.02,203,31.18,218,33.49,355,16.82,272,12.89,560,26.54,247,11.71,76,3.6,37,1.75,171,8.1,38,1.8,15,0.71,11,0.52,328,15.55,630,35,0.59,224,3.79,912,15.41,4746,80.21,93,4.41,328,15.55,1038,49.19,651,30.85,117400,140400,106400,5869,1819,339,0,0,1201,20.3,111,1.88,0,0,0,0,4605,77.83,618,29.29,228,10.81,0,0,0,0,1264,59.91,1834286819,1136726.986
2994,48059,48,TX,Texas,59,Callahan,6739,5372,79.72,1367,20.28,4481,83.41,1416,31.6,1718,38.34,739,16.49,339,7.57,162,3.62,107,2.39,891,16.59,257,28.84,228,25.59,115,12.91,166,18.63,84,9.43,41,4.6,1673,31.14,1946,36.22,854,15.9,505,9.4,246,4.58,148,2.76,1977,166,2.46,333,4.94,1933,28.68,4307,63.91,5.7,5.8,4.9,5177,76.82,32,0.47,122,1.81,53,0.79,0,0,1355,20.11,4481,3714,82.88,25,0.56,8,0.18,0,0,0,0,734,16.38,891,492,55.22,7,0.79,114,12.79,53,5.95,0,0,225,25.25,1001,22.34,1120,24.99,1614,36.02,746,16.65,43,4.83,357,40.07,421,47.25,70,7.86,491,55.11,1044,19.43,1477,27.49,2035,37.88,816,15.19,34,3.82,26,76.47,0,0,8,23.53,0,0,0,0,109,12.23,30,27.52,27,24.77,39,35.78,0,0,13,11.93,307,34.46,33,10.75,21,6.84,120,39.09,54,17.59,79,25.73,441,49.49,0,0,12,2.72,257,58.28,130,29.48,42,9.52,334,37.49,192,21.55,128,14.37,32,3.59,22,2.47,0,0,49,5.5,0,0,0,0,0,0,134,15.04,519,70,1.56,168,3.75,993,22.16,3250,72.53,34,3.82,109,12.23,307,34.46,441,49.49,100000,120200,85200,4485,863,24,0,0,711,15.87,15,0.33,0,0,0,0,3755,83.8,152,17.06,9,1.01,0,0,0,0,730,81.93,3276446155,228882.7543
2995,48061,48,TX,Texas,61,Cameron,152544,126968,83.23,25576,16.77,84054,66.2,15398,18.32,23991,28.54,13722,16.33,14873,17.69,8663,10.31,7407,8.81,42914,33.8,10200,23.77,9656,22.5,7530,17.55,7681,17.9,4693,10.94,3154,7.35,25598,20.16,33647,26.5,21252,16.74,22554,17.76,13356,10.52,10561,8.32,1988,4247,2.78,14094,9.24,43627,28.6,90576,59.38,5,5.4,4.1,97791,64.11,4264,2.8,12376,8.11,8771,5.75,11019,7.22,18323,12.01,84054,71530,85.1,1867,2.22,983,1.17,359,0.43,499,0.59,8816,10.49,42914,16848,39.26,1892,4.41,9041,21.07,6499,15.14,5838,13.6,2796,6.52,29236,34.78,28226,33.58,22207,26.42,4385,5.22,12410,28.92,14925,34.78,13226,30.82,2353,5.48,15579,36.3,41646,32.8,43151,33.99,35433,27.91,6738,5.31,2070,4.82,348,16.81,757,36.57,847,40.92,37,3300.19,81,3.91,7016,16.35,1548,22.06,1542,21.98,3299,47.02,281,4.01,346,4.93,18068,42.1,665,3.68,2061,11.41,12359,68.4,1808,10.01,1175,6.5,15760,36.72,437,2.77,816,5.18,7506,47.63,5395,34.23,1606,10.19,14070,32.79,7308,17.03,6535,15.23,4327,10.08,2276,5.3,2053,4.78,1587,3.7,927,2.16,383,0.89,240,0.56,3208,7.48,580,1055,1.26,2730,3.25,15688,18.66,64581,76.83,2070,4.82,7016,16.35,18068,42.1,15760,36.72,89700,115700,72900,81909,40001,4988,60,10,20783,24.73,1528,1.82,9,0.01,0,0,61734,73.45,19218,44.78,3460,8.06,51,0.12,10,0.02,20175,47.01,3063447591,925862.4293
2996,48063,48,TX,Texas,63,Camp,5814,4460,76.71,1354,23.29,3208,71.93,723,22.54,1540,48,403,12.56,350,10.91,91,2.84,101,3.15,1252,28.07,352,28.12,395,31.55,147,11.74,205,16.37,100,7.99,53,4.23,1075,24.1,1935,43.39,550,12.33,555,12.44,191,4.28,154,3.45,1983,96,1.65,274,4.71,1518,26.11,3926,67.53,5.4,5.8,4.7,4199,72.22,107,1.84,318,5.47,82,1.41,63,1.08,1045,17.97,3208,2569,80.08,33,1.03,0,0,0,0,0,0,606,18.89,1252,513,40.97,74,5.91,271,21.65,82,6.55,63,5.03,249,19.89,608,18.95,1290,40.21,1114,34.73,196,6.11,153,12.22,590,47.12,437,34.9,72,5.75,509,40.65,761,17.06,1880,42.15,1551,34.78,268,6.01,66,5.27,0,0,0,0,13,19.7,31,736.36,22,33.33,98,7.83,0,0,73,74.49,14,14.29,11,11.22,0,0,548,43.77,30,5.47,33,6.02,453,82.66,16,2.92,16,2.92,540,43.13,25,4.63,3,0.56,251,46.48,232,42.96,29,5.37,380,30.35,332,26.52,145,11.58,95,7.59,125,9.98,42,3.35,16,1.28,9,0.72,17,1.36,24,1.92,67,5.35,552,10,0.31,60,1.87,557,17.36,2581,80.46,66,5.27,98,7.83,548,43.77,540,43.13,109400,127700,102400,2968,1435,57,0,0,699,21.79,9,0.28,0,0,0,0,2500,77.93,736,58.79,48,3.83,0,0,0,0,468,37.38,749963057.7,168397.7094
2997,48065,48,TX,Texas,65,Carson,2787,2332,83.67,455,16.33,1964,84.22,559,28.46,858,43.69,233,11.86,206,10.49,99,5.04,9,0.46,368,15.78,88,23.91,94,25.54,70,19.02,51,13.86,25,6.79,40,10.87,647,27.74,952,40.82,303,12.99,257,11.02,124,5.32,49,2.1,1958,5,0.18,121,4.34,526,18.87,2135,76.61,5.6,5.7,4.9,2467,88.52,0,0,34,1.22,5,0.18,0,0,281,10.08,1964,1761,89.66,0,0,0,0,0,0,0,0,203,10.34,368,295,80.16,0,0,34,9.24,5,1.36,0,0,34,9.24,213,10.85,292,14.87,818,41.65,641,32.64,44,11.96,28,7.61,174,47.28,122,33.15,296,80.43,257,11.02,320,13.72,992,42.54,763,32.72,5,1.36,0,0,0,0,5,100,0,0,0,0,23,6.25,0,0,13,56.52,10,43.48,0,0,0,0,111,30.16,10,9.01,0,0,86,77.48,0,0,15,13.51,229,62.23,0,0,0,0,67,29.26,73,31.88,89,38.86,42,11.41,52,14.13,50,13.59,52,14.13,30,8.15,0,0,38,10.33,0,0,0,0,0,0,104,28.26,678,0,0,46,2.34,311,15.84,1607,81.82,5,1.36,23,6.25,111,30.16,229,62.23,108700,130900,93100,2059,238,35,0,0,203,10.34,12,0.61,0,0,0,0,1749,89.05,35,9.51,23,6.25,0,0,0,0,310,84.24,3610545300,240277.932
2998,48067,48,TX,Texas,67,Cass,14676,11962,81.51,2714,18.49,9534,79.7,2520,26.43,3461,36.3,1591,16.69,1165,12.22,555,5.82,242,2.54,2428,20.3,701,28.87,624,25.7,503,20.72,266,10.96,191,7.87,143,5.89,3221,26.93,4085,34.15,2094,17.51,1431,11.96,746,6.24,385,3.22,1980,228,1.55,1035,7.05,3943,26.87,9470,64.53,5.5,5.7,4.5,10385,70.76,89,0.61,802,5.46,91,0.62,108,0.74,3201,21.81,9534,7231,75.84,63,0.66,0,0,0,0,0,0,2240,23.49,2428,1213,49.96,26,1.07,609,25.08,77,3.17,108,4.45,395,16.27,1910,20.03,2918,30.61,4012,42.08,694,7.28,316,13.01,902,37.15,1007,41.47,203,8.36,1210,49.84,2226,18.61,3820,31.93,5019,41.96,897,7.5,106,4.37,4,3.77,24,22.64,55,51.89,14,13.21,9,8.49,364,14.99,66,18.13,92,25.27,83,22.8,42,11.54,81,22.25,967,39.83,105,10.86,85,8.79,604,62.46,97,10.03,76,7.86,991,40.82,10,1.01,105,10.6,516,52.07,197,19.88,163,16.45,1062,43.74,445,18.33,204,8.4,272,11.2,78,3.21,16,0.66,0,0,0,0,5,0.21,17,0.7,329,13.55,498,47,0.49,354,3.71,1827,19.16,7306,76.63,106,4.37,364,14.99,967,39.83,991,40.82,91100,110300,84700,9214,2564,172,12,0,1702,17.85,59,0.62,0,0,0,0,7773,81.53,862,35.5,113,4.65,12,0.49,0,0,1441,59.35,3552012077,329041.3516
2999,48129,48,TX,Texas,129,Donley,2150,1344,62.51,806,37.49,980,72.92,274,27.96,488,49.8,100,10.2,47,4.8,37,3.78,34,3.47,364,27.08,156,42.86,86,23.63,67,18.41,47,12.91,8,2.2,0,0,430,31.99,574,42.71,167,12.43,94,6.99,45,3.35,34,2.53,1963,18,0.84,161,7.49,570,26.51,1401,65.16,5.2,5.3,4.8,1634,76,18,0.84,75,3.49,36,1.67,0,0,387,18,980,884,90.2,5,0.51,3,0.31,0,0,0,0,88,8.98,364,232,63.74,13,3.57,62,17.03,16,4.4,0,0,41,11.26,64,6.53,165,16.84,428,43.67,323,32.96,16,4.4,51,14.01,194,53.3,103,28.3,297,81.59,80,5.95,216,16.07,622,46.28,426,31.7,16,4.4,0,0,0,0,16,100,0,0,0,0,23,6.32,4,17.39,16,69.57,3,13.04,0,0,0,0,132,36.26,7,5.3,35,26.52,82,62.12,0,0,8,6.06,193,53.02,13,6.74,15,7.77,98,50.78,6,3.11,61,31.61,161,44.23,42,11.54,57,15.66,10,2.75,3,0.82,16,4.4,0,0,6,1.65,0,0,0,0,69,18.96,447,2,0.2,57,5.82,222,22.65,699,71.33,16,4.4,23,6.32,132,36.26,193,53.02,70200,105900,57900,1061,268,15,0,0,150,15.31,12,1.22,0,0,0,0,818,83.47,118,32.42,3,0.82,0,0,0,0,243,66.76,3606727573,240333.2871
3000,48131,48,TX,Texas,131,Duval,5591,3407,60.94,2184,39.06,2359,69.24,668,28.32,781,33.11,387,16.41,252,10.68,209,8.86,62,2.63,1048,30.76,259,24.71,194,18.51,236,22.52,170,16.22,57,5.44,132,12.6,927,27.21,975,28.62,623,18.29,422,12.39,266,7.81,194,5.69,1974,117,2.09,420,7.51,1383,24.74,3671,65.66,5.2,5.5,4.7,4694,83.96,13,0.23,114,2.04,56,1,32,0.57,682,12.2,2359,2105,89.23,0,0,0,0,0,0,0,0,254,10.77,1048,806,76.91,13,1.24,78,7.44,46,4.39,32,3.05,73,6.97,319,13.52,541,22.93,1036,43.92,463,19.63,130,12.4,334,31.87,383,36.55,201,19.18,584,55.73,449,13.18,875,25.68,1419,41.65,664,19.49,0,0,0,0,0,0,0,0,0,0,0,0,97,9.26,84,86.6,9,9.28,0,0,0,0,4,4.12,347,33.11,82,23.63,20,5.76,204,58.79,0,0,41,11.82,604,57.63,15,2.48,51,8.44,267,44.21,98,16.23,173,28.64,486,46.37,179,17.08,93,8.87,14,1.34,58,5.53,0,0,0,0,0,0,0,0,0,0,218,20.8,410,20,0.85,146,6.19,447,18.95,1746,74.01,0,0,97,9.26,347,33.11,604,57.63,61800,104400,52200,2788,619,0,0,0,341,14.46,0,0,0,0,0,0,2018,85.54,278,26.53,0,0,0,0,0,0,770,73.47,5953244082,331775.0364
3001,48449,48,TX,Texas,449,Titus,12487,11064,88.6,1423,11.4,7525,68.01,1130,15.02,2413,32.07,1453,19.31,1098,14.59,677,9,754,10.02,3539,31.99,1165,32.92,1024,28.93,453,12.8,370,10.45,306,8.65,221,6.24,2295,20.74,3437,31.06,1906,17.23,1468,13.27,983,8.88,975,8.81,1986,431,3.45,936,7.5,3235,25.91,7885,63.15,5.2,5.7,4.3,8423,67.45,86,0.69,754,6.04,890,7.13,199,1.59,2135,17.1,7525,6259,83.18,22,0.29,5,0.07,0,0,0,0,1239,16.47,3539,1366,38.6,64,1.81,670,18.93,777,21.96,179,5.06,483,13.65,1845,24.52,2743,36.45,2583,34.33,354,4.7,835,23.59,1219,34.44,1227,34.67,258,7.29,1485,41.96,2680,24.22,3962,35.81,3810,34.44,612,5.53,279,7.88,13,4.66,34,12.19,187,67.03,39,13.98,6,2.15,552,15.6,146,26.45,158,28.62,232,42.03,7,1.27,9,1.63,1442,40.75,0,0,203,14.08,1041,72.19,60,4.16,138,9.57,1266,35.77,0,0,139,10.98,564,44.55,446,35.23,117,9.24,1461,41.28,569,16.08,449,12.69,362,10.23,169,4.78,109,3.08,72,2.03,25,0.71,14,0.4,39,1.1,270,7.63,533,50,0.66,216,2.87,1419,18.86,5840,77.61,279,7.88,552,15.6,1442,40.75,1266,35.77,99900,123300,87800,7818,2940,306,0,0,1736,23.07,182,2.42,0,0,0,0,5607,74.51,1204,34.02,124,3.5,0,0,0,0,2211,62.48,1579335971,246135.2298
3002,48451,48,TX,Texas,451,Tom Green,48785,42953,88.05,5832,11.95,28175,65.59,6621,23.5,11002,39.05,4249,15.08,3354,11.9,1873,6.65,1076,3.82,14778,34.41,6055,40.97,3727,25.22,2413,16.33,1387,9.39,720,4.87,476,3.22,12676,29.51,14729,34.29,6662,15.51,4741,11.04,2593,6.04,1552,3.61,1978,1140,2.34,5601,11.48,13078,26.81,28966,59.37,5.3,5.7,4.2,35025,71.79,1529,3.13,1922,3.94,2457,5.04,4783,9.8,3069,6.29,28175,25658,91.07,831,2.95,65,0.23,43,0.15,36,0.13,1542,5.47,14778,5882,39.8,544,3.68,1485,10.05,2025,13.7,4041,27.34,801,5.42,5150,18.28,7083,25.14,12723,45.16,3219,11.43,2147,14.53,4398,29.76,7345,49.7,888,6.01,8233,55.71,7297,16.99,11481,26.73,20068,46.72,4107,9.56,743,5.03,64,8.61,143,19.25,320,43.07,161,10807.13,55,7.4,3903,26.41,247,6.33,408,10.45,2870,73.53,360,9.22,18,0.46,4672,31.61,71,1.52,137,2.93,2858,61.17,1347,28.83,259,5.54,5460,36.95,72,1.32,121,2.22,1605,29.4,3146,57.62,516,9.45,2213,14.97,1732,11.72,2254,15.25,2191,14.83,1373,9.29,799,5.41,1492,10.1,1122,7.59,669,4.53,85,0.58,848,5.74,738,97,0.34,611,2.17,5987,21.25,21480,76.24,743,5.03,3903,26.41,4672,31.61,5460,36.95,149700,159900,132000,30931,11634,345,43,0,5425,19.25,71,0.25,28,0.1,0,0,22651,80.39,6209,42.02,274,1.85,15,0.1,0,0,8280,56.03,5494167827,414147.0731
3003,48453,48,TX,Texas,453,Travis,530125,491531,92.72,38594,7.28,260455,52.99,54768,21.03,92319,35.45,44710,17.17,41063,15.77,18208,6.99,9387,3.6,231076,47.01,95463,41.31,75375,32.62,27645,11.96,18397,7.96,8500,3.68,5696,2.46,150231,30.56,167694,34.12,72355,14.72,59460,12.1,26708,5.43,15083,3.07,1992,20350,3.84,102824,19.4,123061,23.21,283890,53.55,5,6.3,3.6,280444,52.9,24648,4.65,33043,6.23,76526,14.44,99206,18.71,16258,3.07,260455,225410,86.54,10986,4.22,3872,1.49,3321,1.28,6055,2.32,10811,4.15,231076,42250,18.28,11659,5.05,26383,11.42,66023,28.57,80329,34.76,4432,1.92,99530,38.21,85841,32.96,62448,23.98,12636,4.85,80628,34.89,85418,36.97,56782,24.57,8248,3.57,65030,28.14,180158,36.65,171259,34.84,119230,24.26,20884,4.25,16059,6.95,609,3.79,746,4.65,4499,28.02,9897,727416.33,308,1.92,84181,36.43,1576,1.87,1132,1.34,18304,21.74,62555,74.31,614,0.73,82188,35.57,1047,1.27,546,0.66,7480,9.1,72002,87.61,1113,1.35,48648,21.05,494,1.02,631,1.3,4462,9.17,41054,84.39,2007,4.13,9373,4.06,3127,1.35,4596,1.99,10150,4.39,18469,7.99,24412,10.56,56349,24.39,39805,17.23,40944,17.72,19809,8.57,4042,1.75,1193,1586,0.61,6633,2.55,29693,11.4,222543,85.44,16059,6.95,84181,36.43,82188,35.57,48648,21.05,347700,349700,343200,322317,159185,9722,184,123,59961,23.02,1447,0.56,19,0.01,0,0,199028,76.42,99224,42.94,8275,3.58,165,0.07,123,0.05,123289,53.35,3575637675,295188.5403
3004,48455,48,TX,Texas,455,Trinity,9079,6105,67.24,2974,32.76,4658,76.3,1010,21.68,2347,50.39,615,13.2,433,9.3,172,3.69,81,1.74,1447,23.7,420,29.03,495,34.21,311,21.49,63,4.35,116,8.02,42,2.9,1430,23.42,2842,46.55,926,15.17,496,8.12,288,4.72,123,2.01,1983,357,3.93,676,7.45,2710,29.85,5336,58.77,5.1,5.3,4.4,5588,61.55,129,1.42,414,4.56,20,0.22,3,0.03,2925,32.22,4658,3256,69.9,68,1.46,0,0,4,0.09,0,0,1330,28.55,1447,554,38.29,22,1.52,358,24.74,16,1.11,3,0.21,494,34.14,1040,22.33,1641,35.23,1600,34.35,377,8.09,124,8.57,699,48.31,443,30.62,181,12.51,624,43.12,1164,19.07,2340,38.33,2043,33.46,558,9.14,38,2.63,0,0,0,0,25,65.79,0,0,13,34.21,218,15.07,33,15.14,37,16.97,148,67.89,0,0,0,0,608,42.02,164,26.97,80,13.16,286,47.04,23,3.78,55,9.05,583,40.29,0,0,22,3.77,336,57.63,75,12.86,150,25.73,601,41.53,272,18.8,258,17.83,65,4.49,31,2.14,0,0,0,0,0,0,0,0,2,0.14,218,15.07,503,79,1.7,126,2.71,1086,23.31,3367,72.28,38,2.63,218,15.07,608,42.02,583,40.29,87500,126800,75800,4601,1369,103,0,32,827,17.75,45,0.97,0,0,0,0,3786,81.28,542,37.46,58,4.01,0,0,32,2.21,815,56.32,2529453950,268545.2799
3005,48457,48,TX,Texas,457,Tyler,10922,7109,65.09,3813,34.91,5895,82.92,1686,28.6,2364,40.1,707,11.99,649,11.01,226,3.83,263,4.46,1214,17.08,493,40.61,254,20.92,174,14.33,124,10.21,107,8.81,62,5.11,2179,30.65,2618,36.83,881,12.39,773,10.87,333,4.68,325,4.57,1976,288,2.64,983,9,3266,29.9,6385,58.46,5,5.1,4.5,8124,74.38,74,0.68,62,0.57,137,1.25,114,1.04,2411,22.07,5895,4490,76.17,70,1.19,6,0.1,0,0,0,0,1329,22.54,1214,647,53.29,4,0.33,56,4.61,122,10.05,66,5.44,319,26.28,1281,21.73,2074,35.18,2138,36.27,402,6.82,276,22.73,196,16.14,611,50.33,131,10.79,742,61.12,1557,21.9,2270,31.93,2749,38.67,533,7.5,6,0.49,3,50,0,0,3,50,0,0,0,0,172,14.17,27,15.7,28,16.28,82,47.67,18,10.47,17,9.88,436,35.91,0,0,50,11.47,253,58.03,11,2.52,122,27.98,600,49.42,0,0,65,10.83,325,54.17,115,19.17,95,15.83,356,29.32,248,20.43,134,11.04,126,10.38,46,3.79,31,2.55,11,0.91,1,0.08,9,0.74,18,1.48,234,19.28,541,98,1.66,278,4.72,1538,26.09,3981,67.53,6,0.49,172,14.17,436,35.91,600,49.42,91000,104900,84600,5412,1586,111,0,0,1127,19.12,53,0.9,0,0,0,0,4715,79.98,459,37.81,58,4.78,0,0,0,0,697,57.41,3292991954,318041.6655
3006,48459,48,TX,Texas,459,Upshur,17074,14392,84.29,2682,15.71,11087,77.04,2645,23.86,4453,40.16,1582,14.27,1401,12.64,666,6.01,340,3.07,3305,22.96,1067,32.28,672,20.33,543,16.43,515,15.58,226,6.84,282,8.53,3712,25.79,5125,35.61,2125,14.77,1916,13.31,892,6.2,622,4.32,1985,179,1.05,924,5.41,4014,23.51,11957,70.03,5.6,5.8,5,12270,71.86,199,1.17,649,3.8,263,1.54,50,0.29,3643,21.34,11087,9032,81.46,86,0.78,5,0.05,0,0,0,0,1964,17.71,3305,1544,46.72,106,3.21,547,16.55,194,5.87,50,1.51,864,26.14,3377,30.46,3654,32.96,3189,28.76,867,7.82,546,16.52,1335,40.39,1300,39.33,124,3.75,1424,43.09,3923,27.26,4989,34.67,4489,31.19,991,6.89,19,0.57,16,84.21,0,0,3,15.79,0,0,0,0,402,12.16,69,17.16,64,15.92,177,44.03,0,0,92,22.89,1049,31.74,27,2.57,44,4.19,706,67.3,146,13.92,126,12.01,1835,55.52,0,0,20,1.09,679,37,669,36.46,467,25.45,724,21.91,538,16.28,189,5.72,429,12.98,300,9.08,171,5.17,158,4.78,36,1.09,34,1.03,41,1.24,685,20.73,632,75,0.68,470,4.24,2077,18.73,8465,76.35,19,0.57,402,12.16,1049,31.74,1835,55.52,153800,161500,141800,11138,3110,129,15,0,1901,17.15,78,0.7,0,0,0,0,9108,82.15,1209,36.58,51,1.54,15,0.45,0,0,2030,61.42,2175201098,220462.2193
3015,48069,48,TX,Texas,69,Castro,3179,2557,80.43,622,19.57,1494,58.43,296,19.81,565,37.82,248,16.6,213,14.26,88,5.89,84,5.62,1063,41.57,370,34.81,257,24.18,40,3.76,175,16.46,124,11.67,97,9.13,666,26.05,822,32.15,288,11.26,388,15.17,212,8.29,181,7.08,1968,0,0,286,9,676,21.26,2217,69.74,5.2,6.1,4.5,2390,75.18,14,0.44,229,7.2,146,4.59,84,2.64,316,9.94,1494,1324,88.62,14,0.94,0,0,0,0,0,0,156,10.44,1063,597,56.16,0,0,161,15.15,119,11.19,84,7.9,102,9.6,112,7.5,224,14.99,954,63.86,204,13.65,52,4.89,336,31.61,560,52.68,115,10.82,675,63.5,164,6.41,560,21.9,1514,59.21,319,12.48,0,0,0,0,0,0,0,0,0,0,0,0,191,17.97,10,5.24,15,7.85,151,79.06,2,1.05,13,6.81,323,30.39,1,0.31,71,21.98,107,33.13,71,21.98,73,22.6,549,51.65,24,4.37,28,5.1,393,71.58,38,6.92,66,12.02,313,29.44,238,22.39,111,10.44,55,5.17,87,8.18,0,0,101,9.5,0,0,0,0,6,0.56,152,14.3,562,0,0,7,0.47,153,10.24,1334,89.29,0,0,191,17.97,323,30.39,549,51.65,83300,85600,78000,1920,633,4,0,0,319,21.35,0,0,0,0,0,0,1175,78.65,314,29.54,4,0.38,0,0,0,0,745,70.08,3440119495,234959.2753
3016,48071,48,TX,Texas,71,Chambers,16279,14266,87.63,2013,12.37,12245,85.83,1808,14.77,4036,32.96,2445,19.97,2324,18.98,1312,10.71,320,2.61,2021,14.17,570,28.2,285,14.1,330,16.33,355,17.57,267,13.21,214,10.59,2378,16.67,4321,30.29,2775,19.45,2679,18.78,1579,11.07,534,3.74,1987,148,0.91,694,4.26,2399,14.74,13038,80.09,6.5,6.7,4.8,12672,77.84,230,1.41,272,1.67,346,2.13,62,0.38,2697,16.57,12245,10716,87.51,131,1.07,10,0.08,0,0,0,0,1388,11.34,2021,847,41.91,69,3.41,147,7.27,254,12.57,62,3.07,642,31.77,6943,56.7,2639,21.55,2104,17.18,559,4.57,648,32.06,440,21.77,799,39.53,134,6.63,933,46.17,7591,53.21,3079,21.58,2903,20.35,693,4.86,25,1.24,0,0,0,0,23,92,2,200,0,0,371,18.36,25,6.74,0,0,154,41.51,107,28.84,85,22.91,554,27.41,0,0,9,1.62,300,54.15,68,12.27,177,31.95,1071,52.99,0,0,0,0,358,33.43,645,60.22,68,6.35,258,12.77,295,14.6,131,6.48,203,10.04,253,12.52,188,9.3,135,6.68,161,7.97,24,1.19,43,2.13,330,16.33,767,2,0.02,96,0.78,1091,8.91,11056,90.29,25,1.24,371,18.36,554,27.41,1071,52.99,224400,256900,161400,10672,3225,369,0,0,2442,19.94,177,1.45,0,0,0,0,9626,78.61,783,38.74,192,9.5,0,0,0,0,1046,51.76,2174241420,488892.8364
3017,48389,48,TX,Texas,389,Reeves,4652,3772,81.08,880,18.92,3002,79.59,982,32.71,803,26.75,424,14.12,560,18.65,144,4.8,89,2.96,770,20.41,278,36.1,227,29.48,87,11.3,141,18.31,12,1.56,25,3.25,1260,33.4,1030,27.31,511,13.55,701,18.58,156,4.14,114,3.02,1972,189,4.06,300,6.45,1097,23.58,3066,65.91,5.9,6.2,4.3,3412,73.34,53,1.14,440,9.46,17,0.37,31,0.67,699,15.03,3002,2392,79.68,49,1.63,40,1.33,0,0,0,0,521,17.36,770,329,42.73,4,0.52,362,47.01,4,0.52,25,3.25,46,5.97,494,16.46,204,6.8,2012,67.02,292,9.73,93,12.08,122,15.84,475,61.69,80,10.39,555,72.08,587,15.56,326,8.64,2487,65.93,372,9.86,71,9.22,0,0,0,0,40,56.34,0,0,31,43.66,161,20.91,38,23.6,9,5.59,52,32.3,30,18.63,32,19.88,265,34.42,0,0,14,5.28,175,66.04,59,22.26,17,6.42,273,35.45,0,0,7,2.56,104,38.1,81,29.67,81,29.67,125,16.23,134,17.4,57,7.4,198,25.71,0,0,25,3.25,40,5.19,30,3.9,0,0,0,0,161,20.91,652,32,1.07,40,1.33,565,18.82,2365,78.78,71,9.22,161,20.91,265,34.42,273,35.45,91600,106800,87800,2921,803,43,5,0,445,14.82,18,0.6,5,0.17,0,0,2534,84.41,358,46.49,25,3.25,0,0,0,0,387,50.26,9406544402,559023.9566
3018,48391,48,TX,Texas,391,Refugio,3725,2566,68.89,1159,31.11,1869,72.84,472,25.25,756,40.45,276,14.77,161,8.61,125,6.69,79,4.23,697,27.16,282,40.46,105,15.06,211,30.27,78,11.19,21,3.01,0,0,754,29.38,861,33.55,487,18.98,239,9.31,146,5.69,79,3.08,1974,24,0.64,266,7.14,1013,27.19,2422,65.02,5.4,5.7,4.4,3107,83.41,40,1.07,93,2.5,116,3.11,10,0.27,359,9.64,1869,1613,86.3,25,1.34,5,0.27,0,0,0,0,226,12.09,697,487,69.87,15,2.15,56,8.03,97,13.92,10,1.43,32,4.59,327,17.5,340,18.19,970,51.9,232,12.41,41,5.88,216,30.99,380,54.52,60,8.61,440,63.13,368,14.34,556,21.67,1350,52.61,292,11.38,0,0,0,0,0,0,0,0,0,0,0,0,113,16.21,66,58.41,0,0,18,15.93,0,0,29,25.66,312,44.76,48,15.38,18,5.77,173,55.45,21,6.73,52,16.67,272,39.02,3,1.1,19,6.99,127,46.69,47,17.28,76,27.94,284,40.75,119,17.07,70,10.04,22,3.16,7,1,13,1.87,13,1.87,12,1.72,0,0,0,0,157,22.53,475,1,0.05,51,2.73,389,20.81,1428,76.4,0,0,113,16.21,312,44.76,272,39.02,85500,87800,83800,1988,556,22,0,0,332,17.76,10,0.54,0,0,0,0,1527,81.7,224,32.14,12,1.72,0,0,0,0,461,66.14,2607395156,512076.0148
3019,48393,48,TX,Texas,393,Roberts,445,329,73.93,116,26.07,272,82.67,61,22.43,120,44.12,21,7.72,55,20.22,5,1.84,10,3.68,57,17.33,14,24.56,34,59.65,1,1.75,8,14.04,0,0,0,0,75,22.8,154,46.81,22,6.69,63,19.15,5,1.52,10,3.04,1974,0,0,11,2.47,105,23.6,329,73.93,6,5.9,6,370,83.15,0,0,11,2.47,0,0,0,0,64,14.38,272,228,83.82,0,0,0,0,0,0,0,0,44,16.18,57,44,77.19,0,0,5,8.77,0,0,0,0,8,14.04,55,20.22,38,13.97,95,34.93,84,30.88,5,8.77,11,19.3,22,38.6,19,33.33,41,71.93,60,18.24,49,14.89,117,35.56,103,31.31,0,0,0,0,0,0,0,0,0,0,0,0,5,8.77,0,0,0,0,5,100,0,0,0,0,12,21.05,0,0,0,0,3,25,4,33.33,5,41.67,40,70.18,0,0,7,17.5,15,37.5,0,0,18,45,15,26.32,1,1.75,14,24.56,0,0,4,7.02,0,0,0,0,0,0,0,0,0,0,23,40.35,604,0,0,0,0,42,15.44,230,84.56,0,0,5,8.77,12,21.05,40,70.18,134200,205400,116300,277,49,3,0,0,41,15.07,3,1.1,0,0,0,0,228,83.82,8,14.04,0,0,0,0,0,0,49,85.96,3650023933,241762.4249
3020,48395,48,TX,Texas,395,Robertson,8947,6749,75.43,2198,24.57,4960,73.49,1351,27.24,1731,34.9,788,15.89,573,11.55,252,5.08,265,5.34,1789,26.51,577,32.25,354,19.79,449,25.1,253,14.14,112,6.26,44,2.46,1928,28.57,2085,30.89,1237,18.33,826,12.24,364,5.39,309,4.58,1975,74,0.83,482,5.39,2760,30.85,5631,62.94,5.5,5.9,4.5,6600,73.77,48,0.54,522,5.83,95,1.06,33,0.37,1649,18.43,4960,4003,80.71,11,0.22,54,1.09,0,0,0,0,892,17.98,1789,895,50.03,32,1.79,434,24.26,80,4.47,33,1.84,315,17.61,930,18.75,1620,32.66,1810,36.49,600,12.1,227,12.69,460,25.71,789,44.1,313,17.5,1102,61.6,1157,17.14,2080,30.82,2599,38.51,913,13.53,0,0,0,0,0,0,0,0,0,0,0,0,191,10.68,29,15.18,102,53.4,45,23.56,0,0,15,7.85,846,47.29,59,6.97,78,9.22,555,65.6,130,15.37,24,2.84,752,42.03,91,12.1,111,14.76,255,33.91,146,19.41,149,19.81,733,40.97,353,19.73,81,4.53,135,7.55,299,16.71,0,0,0,0,0,0,0,0,0,0,188,10.51,513,32,0.65,140,2.82,1087,21.92,3701,74.62,0,0,191,10.68,846,47.29,752,42.03,121600,137500,108900,5264,1447,38,0,0,795,16.03,20,0.4,0,0,0,0,4145,83.57,652,36.44,18,1.01,0,0,0,0,1119,62.55,3063082447,302750.361
3021,48397,48,TX,Texas,397,Rockwall,35670,34457,96.6,1213,3.4,28734,83.39,3685,12.82,9859,34.31,4659,16.21,5699,19.83,3149,10.96,1683,5.86,5723,16.61,1417,24.76,1402,24.5,1093,19.1,964,16.84,482,8.42,365,6.38,5102,14.81,11261,32.68,5752,16.69,6663,19.34,3631,10.54,2048,5.94,2000,302,0.85,1530,4.29,2904,8.14,30934,86.72,7.3,7.6,5.3,31085,87.15,312,0.87,608,1.7,1045,2.93,1377,3.86,1243,3.48,28734,27480,95.64,186,0.65,37,0.13,86,0.3,33,0.11,912,3.17,5723,2705,47.27,126,2.2,526,9.19,861,15.04,1241,21.68,264,4.61,17336,60.33,8712,30.32,2458,8.55,228,0.79,2922,51.06,2176,38.02,560,9.79,65,1.14,625,10.92,20258,58.79,10888,31.6,3018,8.76,293,0.85,217,3.79,0,0,0,0,31,14.29,186,18600,0,0,1150,20.09,0,0,98,8.52,160,13.91,892,77.57,0,0,1399,24.45,0,0,0,0,351,25.09,1012,72.34,36,2.57,2957,51.67,18,0.61,14,0.47,85,2.87,2616,88.47,224,7.58,153,2.67,79,1.38,381,6.66,208,3.63,221,3.86,269,4.7,1315,22.98,765,13.37,1582,27.64,490,8.56,260,4.54,1284,32,0.11,102,0.35,1321,4.6,27279,94.94,217,3.79,1150,20.09,1399,24.45,2957,51.67,283000,291400,256900,26634,7353,462,8,0,5401,18.8,89,0.31,8,0.03,0,0,23236,80.87,1952,34.11,373,6.52,0,0,0,0,3398,59.37,548658012.2,94000.83075
3022,48399,48,TX,Texas,399,Runnels,5245,3891,74.18,1354,25.82,2838,72.94,818,28.82,1106,38.97,403,14.2,218,7.68,214,7.54,79,2.78,1053,27.06,340,32.29,274,26.02,182,17.28,190,18.04,49,4.65,18,1.71,1158,29.76,1380,35.47,585,15.03,408,10.49,263,6.76,97,2.49,1961,86,1.64,350,6.67,1760,33.56,3049,58.13,5.4,5.6,4.9,4626,88.2,61,1.16,181,3.45,19,0.36,0,0,358,6.83,2838,2656,93.59,15,0.53,4,0.14,0,0,0,0,163,5.74,1053,742,70.47,46,4.37,157,14.91,19,1.8,0,0,89,8.45,225,7.93,543,19.13,1193,42.04,877,30.9,47,4.46,181,17.19,523,49.67,302,28.68,825,78.35,272,6.99,724,18.61,1716,44.1,1179,30.3,27,2.56,19,70.37,8,29.63,0,0,0,0,0,0,73,6.93,7,9.59,22,30.14,28,38.36,12,16.44,4,5.48,486,46.15,15,3.09,28,5.76,271,55.76,97,19.96,75,15.43,467,44.35,2,0.43,66,14.13,267,57.17,59,12.63,73,15.63,442,41.98,187,17.76,184,17.47,47,4.46,29,2.75,0,0,12,1.14,0,0,0,0,0,0,152,14.43,506,15,0.53,122,4.3,755,26.6,1946,68.57,27,2.56,73,6.93,486,46.15,467,44.35,85200,119000,71500,2927,939,13,12,0,572,20.16,13,0.46,0,0,0,0,2253,79.39,367,34.85,0,0,12,1.14,0,0,674,64.01,3804330265,246826.7957
3023,48461,48,TX,Texas,461,Upton,1648,1344,81.55,304,18.45,1034,76.93,225,21.76,495,47.87,135,13.06,90,8.7,72,6.96,17,1.64,310,23.07,134,43.23,112,36.13,23,7.42,0,0,22,7.1,19,6.13,359,26.71,607,45.16,158,11.76,90,6.7,94,6.99,36,2.68,1960,65,3.94,77,4.67,357,21.66,1149,69.72,5.4,5.6,4.8,1314,79.73,12,0.73,13,0.79,48,2.91,0,0,261,15.84,1034,848,82.01,0,0,8,0.77,0,0,0,0,178,17.21,310,213,68.71,12,3.87,5,1.61,38,12.26,0,0,42,13.55,114,11.03,301,29.11,445,43.04,174,16.83,44,14.19,48,15.48,158,50.97,60,19.35,218,70.32,158,11.76,349,25.97,603,44.87,234,17.41,34,10.97,0,0,5,14.71,12,35.29,0,0,17,50,41,13.23,17,41.46,0,0,24,58.54,0,0,0,0,61,19.68,0,0,17,27.87,38,62.3,0,0,6,9.84,174,56.13,0,0,7,4.02,64,36.78,42,24.14,61,35.06,110,35.48,18,5.81,60,19.35,0,0,25,8.06,0,0,5,1.61,0,0,8,2.58,0,0,84,27.1,513,0,0,14,1.35,218,21.08,802,77.56,34,10.97,41,13.23,61,19.68,174,56.13,78900,86100,77500,1176,149,19,0,0,115,11.12,0,0,0,0,0,0,919,88.88,34,10.97,19,6.13,0,0,0,0,257,82.9,4424276722,267097.3659
3024,48463,48,TX,Texas,463,Uvalde,11194,8921,79.69,2273,20.31,6185,69.33,1495,24.17,2207,35.68,1095,17.7,657,10.62,467,7.55,264,4.27,2736,30.67,906,33.11,840,30.7,240,8.77,299,10.93,399,14.58,52,1.9,2401,26.91,3047,34.16,1335,14.96,956,10.72,866,9.71,316,3.54,1990,214,1.91,1159,10.35,3399,30.36,6422,57.37,5.2,5.5,4.4,7905,70.62,57,0.51,598,5.34,641,5.73,123,1.1,1870,16.71,6185,5139,83.09,25,0.4,0,0,0,0,0,0,1021,16.51,2736,1207,44.12,23,0.84,535,19.55,481,17.58,123,4.5,367,13.41,1106,17.88,2115,34.2,2430,39.29,534,8.63,715,26.13,1020,37.28,907,33.15,94,3.44,1001,36.59,1821,20.41,3135,35.14,3337,37.41,628,7.04,44,1.61,0,0,0,0,44,100,0,0,0,0,577,21.09,67,11.61,127,22.01,289,50.09,62,10.75,32,5.55,982,35.89,114,11.61,128,13.03,494,50.31,138,14.05,108,11,1133,41.41,19,1.68,32,2.82,362,31.95,525,46.34,195,17.21,794,29.02,323,11.81,216,7.89,532,19.44,180,6.58,116,4.24,217,7.93,9,0.33,3,0.11,11,0.4,335,12.24,636,43,0.7,419,6.77,1576,25.48,4147,67.05,44,1.61,577,21.09,982,35.89,1133,41.41,103000,147700,70300,6509,2268,136,8,0,1153,18.64,14,0.23,0,0,0,0,5018,81.13,1115,40.75,122,4.46,8,0.29,0,0,1491,54.5,5332743609,292751.2528
3025,48465,48,TX,Texas,465,Val Verde,19232,16388,85.21,2844,14.79,10623,64.82,1991,18.74,2859,26.91,1806,17,1866,17.57,1157,10.89,944,8.89,5765,35.18,1734,30.08,1266,21.96,893,15.49,642,11.14,701,12.16,529,9.18,3725,22.73,4125,25.17,2699,16.47,2508,15.3,1858,11.34,1473,8.99,1981,1036,5.39,1230,6.4,4546,23.64,12420,64.58,5.2,5.5,4.5,13172,68.49,770,4,1690,8.79,468,2.43,948,4.93,2184,11.36,10623,9159,86.22,158,1.49,57,0.54,0,0,0,0,1249,11.76,5765,2107,36.55,612,10.62,1395,24.2,450,7.81,918,15.92,283,4.91,2539,23.9,2914,27.43,4176,39.31,994,9.36,1273,22.08,1722,29.87,2419,41.96,351,6.09,2770,48.05,3812,23.26,4636,28.29,6595,40.24,1345,8.21,626,10.86,50,7.99,42,6.71,446,71.25,28,2800,60,9.58,775,13.44,282,36.39,182,23.48,247,31.87,0,0,64,8.26,2184,37.88,144,6.59,83,3.8,1417,64.88,383,17.54,157,7.19,2180,37.81,72,3.3,155,7.11,948,43.49,868,39.82,137,6.28,2096,36.36,634,11,757,13.13,531,9.21,213,3.69,375,6.5,350,6.07,169,2.93,215,3.73,7,0.12,418,7.25,591,216,2.03,273,2.57,1676,15.78,8458,79.62,626,10.86,775,13.44,2184,37.88,2180,37.81,105400,155500,88600,11370,4449,561,8,0,2469,23.24,65,0.61,8,0.08,0,0,8081,76.07,1980,34.35,496,8.6,0,0,0,0,3289,57.05,11174168641,532024.9367
3039,48401,48,TX,Texas,401,Rusk,21723,18056,83.12,3667,16.88,14298,79.19,3056,21.37,5755,40.25,1986,13.89,2136,14.94,838,5.86,527,3.69,3758,20.81,1131,30.1,921,24.51,765,20.36,577,15.35,179,4.76,185,4.92,4187,23.19,6676,36.97,2751,15.24,2713,15.03,1017,5.63,712,3.94,1971,207,0.95,1041,4.79,5128,23.61,15347,70.65,5.5,5.7,4.8,16074,74,208,0.96,895,4.12,154,0.71,164,0.75,4228,19.46,14298,11408,79.79,118,0.83,8,0.06,7,0.05,2,0.01,2755,19.27,3758,2148,57.16,20,0.53,814,21.66,142,3.78,130,3.46,504,13.41,3175,22.21,4022,28.13,5303,37.09,1798,12.58,260,6.92,987,26.26,1814,48.27,697,18.55,2511,66.82,3435,19.02,5009,27.74,7117,39.42,2495,13.82,47,1.25,0,0,32,68.09,15,31.91,0,0,0,0,439,11.68,90,20.5,104,23.69,155,35.31,26,5.92,64,14.58,1534,40.82,54,3.52,24,1.56,1072,69.88,57,3.72,327,21.32,1738,46.25,22,1.27,113,6.5,870,50.06,495,28.48,238,13.69,923,24.56,571,15.19,557,14.82,602,16.02,122,3.25,190,5.06,82,2.18,67,1.78,0,0,15,0.4,629,16.74,613,84,0.59,416,2.91,2516,17.6,11282,78.91,47,1.25,439,11.68,1534,40.82,1738,46.25,131200,152400,116700,14088,3852,116,0,0,2430,17,64,0.45,0,0,0,0,11804,82.56,1422,37.84,52,1.38,0,0,0,0,2284,60.78,3397992868,295680.4103
3040,48403,48,TX,Texas,403,Sabine,8372,4524,54.04,3848,45.96,3907,86.36,978,25.03,1992,50.99,491,12.57,278,7.12,124,3.17,44,1.13,617,13.64,242,39.22,189,30.63,71,11.51,43,6.97,59,9.56,13,2.11,1220,26.97,2181,48.21,562,12.42,321,7.1,183,4.05,57,1.26,1976,62,0.74,812,9.7,2975,35.54,4523,54.03,5.6,5.7,4.9,4796,57.29,68,0.81,151,1.8,30,0.36,3,0.04,3324,39.7,3907,2438,62.4,68,1.74,0,0,0,0,0,0,1401,35.86,617,318,51.54,0,0,127,20.58,21,3.4,3,0.49,148,23.99,751,19.22,1675,42.87,1271,32.53,210,5.37,14,2.27,218,35.33,303,49.11,82,13.29,385,62.4,765,16.91,1893,41.84,1574,34.79,292,6.45,0,0,0,0,0,0,0,0,0,0,0,0,118,19.12,63,53.39,35,29.66,18,15.25,0,0,2,1.69,269,43.6,14,5.2,54,20.07,146,54.28,0,0,55,20.45,230,37.28,0,0,17,7.39,88,38.26,85,36.96,40,17.39,296,47.97,81,13.13,68,11.02,4,0.65,31,5.02,0,0,40,6.48,0,0,0,0,0,0,97,15.72,434,0,0,171,4.38,954,24.42,2782,71.21,0,0,118,19.12,269,43.6,230,37.28,99900,135600,96500,3450,1062,12,0,0,783,20.04,12,0.31,0,0,0,0,3112,79.65,279,45.22,0,0,0,0,0,0,338,54.78,2053783480,243451.5081
3041,48405,48,TX,Texas,405,San Augustine,5471,3712,67.85,1759,32.15,2711,73.03,596,21.98,1199,44.23,452,16.67,381,14.05,72,2.66,11,0.41,1001,26.97,371,37.06,281,28.07,101,10.09,138,13.79,0,0,110,10.99,967,26.05,1480,39.87,553,14.9,519,13.98,72,1.94,121,3.26,1980,209,3.82,467,8.54,1930,35.28,2865,52.37,5.1,5.2,4.3,3550,64.89,20,0.37,224,4.09,18,0.33,79,1.44,1580,28.88,2711,1886,69.57,20,0.74,8,0.3,0,0,0,0,797,29.4,1001,476,47.55,0,0,172,17.18,18,1.8,46,4.6,289,28.87,597,22.02,951,35.08,836,30.84,327,12.06,80,7.99,410,40.96,424,42.36,87,8.69,511,51.05,677,18.24,1361,36.66,1260,33.94,414,11.15,98,9.79,0,0,0,0,98,100,0,0,0,0,171,17.08,58,33.92,14,8.19,26,15.2,24,14.04,49,28.65,350,34.97,18,5.14,72,20.57,75,21.43,47,13.43,138,39.43,382,38.16,17,4.45,93,24.35,146,38.22,21,5.5,105,27.49,390,38.96,122,12.19,105,10.49,21,2.1,9,0.9,15,1.5,6,0.6,6,0.6,0,0,35,3.5,292,29.17,429,18,0.66,90,3.32,848,31.28,1755,64.74,98,9.79,171,17.08,350,34.97,382,38.16,75500,79500,72200,2951,717,44,0,0,320,11.8,15,0.55,0,0,0,0,2376,87.64,397,39.66,29,2.9,0,0,0,0,575,57.44,2111871196,308379.7039
3042,48407,48,TX,Texas,407,San Jacinto,14274,10143,71.06,4131,28.94,8066,79.52,2090,25.91,3210,39.8,1291,16.01,736,9.12,408,5.06,331,4.1,2077,20.48,519,24.99,729,35.1,142,6.84,387,18.63,219,10.54,81,3.9,2609,25.72,3939,38.83,1433,14.13,1123,11.07,627,6.18,412,4.06,1999,253,1.77,1055,7.39,4526,31.71,8440,59.13,5.2,5.4,5,10174,71.28,243,1.7,193,1.35,264,1.85,13,0.09,3387,23.73,8066,5801,71.92,114,1.41,9,0.11,0,0,0,0,2142,26.56,2077,1439,69.28,42,2.02,99,4.77,107,5.15,13,0.63,377,18.15,2742,33.99,2737,33.93,2336,28.96,251,3.11,1001,48.19,608,29.27,432,20.8,36,1.73,468,22.53,3743,36.9,3345,32.98,2768,27.29,287,2.83,12,0.58,0,0,3,25,4,33.33,0,0,5,41.67,336,16.18,93,27.68,25,7.44,112,33.33,0,0,106,31.55,439,21.14,40,9.11,22,5.01,283,64.46,26,5.92,68,15.49,1290,62.11,5,0.39,5,0.39,387,30,654,50.7,239,18.53,407,19.6,259,12.47,112,5.39,396,19.07,86,4.14,89,4.29,283,13.63,0,0,27,1.3,0,0,418,20.13,707,79,0.98,409,5.07,2126,26.36,5452,67.59,12,0.58,336,16.18,439,21.14,1290,62.11,126700,153300,114800,7237,2805,101,0,0,1883,23.34,56,0.69,0,0,0,0,6127,75.96,922,44.39,45,2.17,0,0,0,0,1110,53.44,2201305437,263414.3438
3059,48001,48,TX,Texas,1,Anderson,20639,16555,80.21,4084,19.79,11844,71.54,2730,23.05,4536,38.3,2237,18.89,1360,11.48,677,5.72,304,2.57,4711,28.46,1544,32.77,1181,25.07,769,16.32,770,16.34,279,5.92,168,3.57,4274,25.82,5717,34.53,3006,18.16,2130,12.87,956,5.77,472,2.85,1983,341,1.65,1519,7.36,5446,26.39,13333,64.6,5.4,5.9,4.5,13437,65.1,410,1.99,466,2.26,972,4.71,251,1.22,5103,24.73,11844,8766,74.01,246,2.08,2,0.02,0,0,0,0,2830,23.89,4711,2014,42.75,164,3.48,403,8.55,913,19.38,225,4.78,992,21.06,2840,23.98,3692,31.17,3918,33.08,1394,11.77,943,20.02,1699,36.06,1816,38.55,253,5.37,2069,43.92,3783,22.85,5391,32.56,5734,34.64,1647,9.95,308,6.54,0,0,0,0,274,88.96,34,11.04,0,0,676,14.35,32,4.73,143,21.15,432,63.91,5,0.74,64,9.47,1784,37.87,84,4.71,113,6.33,973,54.54,304,17.04,310,17.38,1943,41.24,56,2.88,48,2.47,932,47.97,607,31.24,300,15.44,958,20.34,795,16.88,723,15.35,556,11.8,327,6.94,394,8.36,88,1.87,146,3.1,45,0.96,5,0.11,674,14.31,632,0,0,398,3.36,2301,19.43,9145,77.21,308,6.54,676,14.35,1784,37.87,1943,41.24,110000,104600,116200,11745,4477,333,0,0,2634,22.24,7,0.06,0,0,0,0,9203,77.7,1843,39.12,326,6.92,0,0,0,0,2542,53.96,3878086344,441115.3366
3060,48003,48,TX,Texas,3,Andrews,6347,5649,89,698,11,4220,74.7,774,18.34,1503,35.62,511,12.11,817,19.36,487,11.54,128,3.03,1429,25.3,254,17.77,245,17.14,366,25.61,336,23.51,109,7.63,119,8.33,1028,18.2,1748,30.94,877,15.52,1153,20.41,596,10.55,247,4.37,1977,37,0.58,285,4.49,1352,21.3,4673,73.63,5.9,6.2,5,4450,70.11,93,1.47,191,3.01,152,2.39,111,1.75,1350,21.27,4220,3252,77.06,80,1.9,3,0.07,0,0,0,0,885,20.97,1429,764,53.46,13,0.91,145,10.15,108,7.56,78,5.46,321,22.46,1007,23.86,902,21.37,2194,51.99,117,2.77,236,16.52,405,28.34,703,49.2,85,5.95,788,55.14,1243,22,1307,23.14,2897,51.28,202,3.58,0,0,0,0,0,0,0,0,0,0,0,0,195,13.65,10,5.13,0,0,94,48.21,91,46.67,0,0,505,35.34,0,0,26,5.15,143,28.32,198,39.21,138,27.33,729,51.01,0,0,0,0,134,18.38,411,56.38,184,25.24,96,6.72,38,2.66,145,10.15,146,10.22,159,11.13,170,11.9,279,19.52,33,2.31,6,0.42,35,2.45,322,22.53,881,37,0.88,78,1.85,456,10.81,3649,86.47,0,0,195,13.65,505,35.34,729,51.01,153200,167900,104400,4336,1291,22,0,0,760,18.01,0,0,0,0,0,0,3460,81.99,531,37.16,22,1.54,0,0,0,0,876,61.3,5457935047,304887.5036
3061,48005,48,TX,Texas,5,Angelina,37087,31368,84.58,5719,15.42,20617,65.73,3977,19.29,7869,38.17,3360,16.3,2930,14.21,1569,7.61,912,4.42,10751,34.27,3460,32.18,2623,24.4,1932,17.97,1434,13.34,810,7.53,492,4.58,7437,23.71,10492,33.45,5292,16.87,4364,13.91,2379,7.58,1404,4.48,1985,602,1.62,3720,10.03,8804,23.74,23961,64.61,5.3,5.7,4.3,24081,64.93,322,0.87,2082,5.61,1955,5.27,1066,2.87,7581,20.44,20617,16227,78.71,76,0.37,21,0.1,0,0,7,0.03,4286,20.79,10751,4562,42.43,246,2.29,1832,17.04,1507,14.02,940,8.74,1664,15.48,4586,22.24,7620,36.96,7041,34.15,1370,6.65,2381,22.15,3913,36.4,3494,32.5,963,8.96,4457,41.46,6967,22.21,11533,36.77,10535,33.59,2333,7.44,308,2.86,23,7.47,16,5.19,231,75,19,6.17,19,6.17,2222,20.67,181,8.15,312,14.04,1376,61.93,215,9.68,138,6.21,3518,32.72,171,4.86,279,7.93,2129,60.52,682,19.39,257,7.31,4703,43.74,154,3.27,244,5.19,2185,46.46,1631,34.68,489,10.4,2929,27.24,1441,13.4,1313,12.21,1908,17.75,937,8.72,367,3.41,575,5.35,32,0.3,186,1.73,160,1.49,903,8.4,649,57,0.28,737,3.57,3324,16.12,16499,80.03,308,2.86,2222,20.67,3518,32.72,4703,43.74,110500,145600,86500,22451,8593,324,0,0,3649,17.7,116,0.56,0,0,0,0,16852,81.74,4944,45.99,208,1.93,0,0,0,0,5599,52.08,3074368247,404227.622
3062,48007,48,TX,Texas,7,Aransas,16249,9917,61.03,6332,38.97,8117,81.85,2221,27.36,4275,52.67,646,7.96,409,5.04,173,2.13,393,4.84,1800,18.15,823,45.72,513,28.5,222,12.33,54,3,161,8.94,27,1.5,3044,30.69,4788,48.28,868,8.75,463,4.67,334,3.37,420,4.24,1989,653,4.02,2077,12.78,4929,30.33,8590,52.86,5,5.3,3.7,10751,66.16,91,0.56,644,3.96,1349,8.3,356,2.19,3058,18.82,8117,6057,74.62,43,0.53,130,1.6,9,0.11,37,0.46,1841,22.68,1800,420,23.33,48,2.67,225,12.5,576,32,119,6.61,412,22.89,3163,38.97,2666,32.84,2070,25.5,218,2.69,508,28.22,910,50.56,382,21.22,0,0,382,21.22,3671,37.02,3576,36.06,2452,24.73,218,2.2,155,8.61,0,0,17,10.97,41,26.45,0,0,97,62.58,582,32.33,20,3.44,24,4.12,317,54.47,170,29.21,51,8.76,897,49.83,21,2.34,14,1.56,434,48.38,348,38.8,80,8.92,166,9.22,0,0,45,27.11,22,13.25,75,45.18,24,14.46,270,15,59,3.28,267,14.83,280,15.56,194,10.78,260,14.44,102,5.67,24,1.33,89,4.94,3,0.17,252,14,740,205,2.53,850,10.47,1911,23.54,5151,63.46,155,8.61,582,32.33,897,49.83,166,9.22,183200,231900,146200,6883,2830,185,19,0,2205,27.17,93,1.15,19,0.23,0,0,5800,71.45,625,34.72,92,5.11,0,0,0,0,1083,60.17,881399041.9,1064960.964
3078,48133,48,TX,Texas,133,Eastland,10413,7017,67.39,3396,32.61,5388,76.78,1768,32.81,2319,43.04,595,11.04,304,5.64,206,3.82,196,3.64,1629,23.22,663,40.7,308,18.91,218,13.38,179,10.99,149,9.15,112,6.88,2431,34.64,2627,37.44,813,11.59,483,6.88,355,5.06,308,4.39,1965,252,2.42,675,6.48,3235,31.07,6251,60.03,5.6,5.8,4.8,7884,75.71,131,1.26,594,5.7,39,0.37,129,1.24,1636,15.71,5388,4713,87.47,27,0.5,11,0.2,0,0,17,0.32,620,11.51,1629,772,47.39,104,6.38,470,28.85,39,2.39,112,6.88,132,8.1,812,15.07,1000,18.56,1812,33.63,1764,32.74,125,7.67,315,19.34,820,50.34,369,22.65,1189,72.99,937,13.35,1315,18.74,2632,37.51,2133,30.4,77,4.73,18,23.38,49,63.64,0,0,0,0,10,12.99,245,15.04,53,21.63,60,24.49,111,45.31,13,5.31,8,3.27,526,32.29,64,12.17,104,19.77,231,43.92,17,3.23,110,20.91,781,47.94,16,2.05,8,1.02,334,42.77,142,18.18,281,35.98,617,37.88,135,8.29,234,14.36,175,10.74,3,0.18,18,1.1,17,1.04,0,0,17,1.04,4,0.25,409,25.11,492,20,0.37,181,3.36,1504,27.91,3683,68.36,77,4.73,245,15.04,526,32.29,781,47.94,82600,124000,74500,5453,1543,9,12,0,1056,19.6,4,0.07,12,0.22,0,0,4316,80.1,487,29.9,5,0.31,0,0,0,0,1137,69.8,3390049906,236342.68
3079,48009,48,TX,Texas,9,Archer,4176,3513,84.12,663,15.88,2941,83.72,710,24.14,1182,40.19,396,13.46,474,16.12,118,4.01,61,2.07,572,16.28,184,32.17,166,29.02,94,16.43,52,9.09,54,9.44,22,3.85,894,25.45,1348,38.37,490,13.95,526,14.97,172,4.9,83,2.36,1978,39,0.93,243,5.82,755,18.08,3139,75.17,6,6.1,4.7,3576,85.63,11,0.26,139,3.33,16,0.38,9,0.22,425,10.18,2941,2711,92.18,8,0.27,0,0,0,0,0,0,222,7.55,572,337,58.92,0,0,120,20.98,6,1.05,9,1.57,100,17.48,582,19.79,874,29.72,1197,40.7,288,9.79,77,13.46,196,34.27,227,39.69,72,12.59,299,52.27,659,18.76,1070,30.46,1424,40.54,360,10.25,0,0,0,0,0,0,0,0,0,0,0,0,109,19.06,18,16.51,37,33.94,51,46.79,0,0,3,2.75,226,39.51,0,0,60,26.55,118,52.21,12,5.31,36,15.93,237,41.43,0,0,0,0,123,51.9,62,26.16,52,21.94,223,38.99,123,21.5,50,8.74,49,8.57,9,1.57,13,2.27,5,0.87,1,0.17,8,1.4,0,0,91,15.91,509,21,0.71,57,1.94,388,13.19,2475,84.16,0,0,109,19.06,226,39.51,237,41.43,152000,176800,134700,2708,752,53,0,0,542,18.43,36,1.22,0,0,0,0,2363,80.35,210,36.71,17,2.97,0,0,0,0,345,60.31,3465775787,235507.6413
3080,48011,48,TX,Texas,11,Armstrong,913,720,78.86,193,21.14,595,82.64,102,17.14,293,49.24,101,16.97,62,10.42,28,4.71,9,1.51,125,17.36,10,8,72,57.6,21,16.8,2,1.6,0,0,20,16,112,15.56,365,50.69,122,16.94,64,8.89,28,3.89,29,4.03,1948,0,0,47,5.15,189,20.7,677,74.15,5.5,5.7,4.5,752,82.37,2,0.22,44,4.82,5,0.55,0,0,110,12.05,595,534,89.75,2,0.34,0,0,0,0,0,0,59,9.92,125,66,52.8,0,0,44,35.2,5,4,0,0,10,8,56,9.41,85,14.29,256,43.03,198,33.28,8,6.4,27,21.6,26,20.8,64,51.2,90,72,64,8.89,112,15.56,282,39.17,262,36.39,0,0,0,0,0,0,0,0,0,0,0,0,44,35.2,0,0,0,0,44,100,0,0,0,0,26,20.8,0,0,0,0,21,80.77,5,19.23,0,0,55,44,0,0,0,0,28,50.91,25,45.45,2,3.64,13,10.4,29,23.2,47,37.6,16,12.8,0,0,0,0,18,14.4,0,0,0,0,0,0,2,1.6,669,0,0,3,0.5,122,20.5,470,78.99,0,0,44,35.2,26,20.8,55,44,156100,163900,150000,624,96,0,0,0,66,11.09,0,0,0,0,0,0,529,88.91,30,24,0,0,0,0,0,0,95,76,3532393880,237830.9803
3081,48013,48,TX,Texas,13,Atascosa,18638,15798,84.76,2840,15.24,12279,77.73,2388,19.45,4019,32.73,1918,15.62,1757,14.31,1278,10.41,919,7.48,3519,22.27,848,24.1,816,23.19,631,17.93,565,16.06,231,6.56,428,12.16,3236,20.48,4835,30.61,2549,16.13,2322,14.7,1509,9.55,1347,8.53,1989,410,2.2,1345,7.22,4599,24.68,12284,65.91,5.2,5.4,4.1,11483,61.61,113,0.61,529,2.84,281,1.51,86,0.46,6146,32.98,12279,8272,67.37,82,0.67,0,0,0,0,0,0,3925,31.97,3519,1420,40.35,31,0.88,529,15.03,167,4.75,86,2.44,1286,36.54,3985,32.45,4160,33.88,3306,26.92,828,6.74,751,21.34,1672,47.51,864,24.55,232,6.59,1096,31.15,4736,29.98,5832,36.92,4170,26.4,1060,6.71,136,3.86,8,5.88,48,35.29,24,17.65,30,3000,26,19.12,564,16.03,6,1.06,14,2.48,400,70.92,52,9.22,92,16.31,1262,35.86,20,1.58,48,3.8,620,49.13,245,19.41,329,26.07,1557,44.25,17,1.09,49,3.15,488,31.34,638,40.98,365,23.44,626,17.79,436,12.39,302,8.58,371,10.54,529,15.03,140,3.98,191,5.43,60,1.71,52,1.48,0,0,812,23.07,695,161,1.31,585,4.76,2144,17.46,9389,76.46,136,3.86,564,16.03,1262,35.86,1557,44.25,106000,119100,94300,11851,3541,406,0,0,2501,20.37,217,1.77,0,0,0,0,9561,77.86,1040,29.55,189,5.37,0,0,0,0,2290,65.08,4142014674,269160.5146
3082,48329,48,TX,Texas,329,Midland,62327,57917,92.92,4410,7.08,38643,66.72,8000,20.7,11803,30.54,6491,16.8,7293,18.87,3125,8.09,1931,5,19274,33.28,7531,39.07,4308,22.35,3142,16.3,1861,9.66,1748,9.07,684,3.55,15531,26.82,16111,27.82,9633,16.63,9154,15.81,4873,8.41,2615,4.52,1989,2914,4.68,6406,10.28,11946,19.17,41061,65.88,5.5,6.2,4,39627,63.58,2280,3.66,3479,5.58,6930,11.12,3824,6.14,6187,9.93,38643,33512,86.72,953,2.47,152,0.39,41,0.11,80,0.21,3905,10.11,19274,4431,22.99,1222,6.34,3127,16.22,5479,28.43,3366,17.46,1649,8.56,11521,29.81,11046,28.58,14499,37.52,1577,4.08,5197,26.96,7506,38.94,6004,31.15,567,2.94,6571,34.09,16718,28.87,18552,32.03,20503,35.4,2144,3.7,2169,11.25,43,1.98,31,1.43,570,26.28,1423,122409.17,102,4.7,5403,28.03,127,2.35,40,0.74,1737,32.15,3328,61.6,171,3.16,6599,34.24,0,0,80,1.21,1539,23.32,4716,71.47,264,4,5103,26.48,0,0,210,4.12,800,15.68,3585,70.25,508,9.95,1100,5.71,405,2.1,819,4.25,2155,11.18,1346,6.98,1967,10.21,4188,21.73,3017,15.65,1947,10.1,1285,6.67,1045,5.42,1079,195,0.5,281,0.73,4226,10.94,33941,87.83,2169,11.25,5403,28.03,6599,34.24,5103,26.48,233200,256500,195900,40774,16007,1052,84,0,7341,19,178,0.46,75,0.19,0,0,31049,80.35,8666,44.96,874,4.53,9,0.05,0,0,9725,50.46,3248811717,228039.5952
3083,48331,48,TX,Texas,331,Milam,11484,9468,82.45,2016,17.55,6972,73.64,1700,24.38,2872,41.19,963,13.81,667,9.57,364,5.22,406,5.82,2496,26.36,978,39.18,543,21.75,414,16.59,421,16.87,78,3.13,62,2.48,2678,28.28,3415,36.07,1377,14.54,1088,11.49,442,4.67,468,4.94,1978,77,0.67,1040,9.06,3492,30.41,6875,59.87,5.6,5.9,4.5,8944,77.88,122,1.06,391,3.4,212,1.85,108,0.94,1707,14.86,6972,5856,83.99,18,0.26,0,0,48,0.69,0,0,1050,15.06,2496,1484,59.46,88,3.53,344,13.78,148,5.93,108,4.33,324,12.98,1419,20.35,1931,27.7,2856,40.96,766,10.99,478,19.15,633,25.36,1277,51.16,108,4.33,1385,55.49,1897,20.04,2564,27.08,4133,43.65,874,9.23,17,0.68,0,0,17,100,0,0,0,0,0,0,570,22.84,122,21.4,99,17.37,312,54.74,9,1.58,28,4.91,852,34.13,13,1.53,99,11.62,624,73.24,24,2.82,92,10.8,1057,42.35,0,0,15,1.42,454,42.95,178,16.84,410,38.79,792,31.73,419,16.79,456,18.27,155,6.21,72,2.88,0,0,19,0.76,41,1.64,12,0.48,0,0,530,21.23,548,26,0.37,197,2.83,1725,24.74,5024,72.06,17,0.68,570,22.84,852,34.13,1057,42.35,111900,154200,90800,6974,2362,132,0,0,1390,19.94,91,1.31,0,0,0,0,5491,78.76,972,38.94,41,1.64,0,0,0,0,1483,59.42,3594325555,275316.6198
3084,48333,48,TX,Texas,333,Mills,2913,1752,60.14,1161,39.86,1545,88.18,432,27.96,599,38.77,213,13.79,232,15.02,50,3.24,19,1.23,207,11.82,86,41.55,50,24.15,31,14.98,13,6.28,27,13.04,0,0,518,29.57,649,37.04,244,13.93,245,13.98,77,4.39,19,1.08,1974,63,2.16,72,2.47,859,29.49,1919,65.88,5.6,5.6,5,2547,87.44,35,1.2,69,2.37,0,0,4,0.14,258,8.86,1545,1396,90.36,14,0.91,0,0,0,0,0,0,135,8.74,207,129,62.32,21,10.14,43,20.77,0,0,4,1.93,10,4.83,328,21.23,364,23.56,558,36.12,295,19.09,27,13.04,39,18.84,83,40.1,58,28.02,141,68.12,355,20.26,403,23,641,36.59,353,20.15,0,0,0,0,0,0,0,0,0,0,0,0,47,22.71,0,0,14,29.79,29,61.7,4,8.51,0,0,45,21.74,0,0,5,11.11,22,48.89,15,33.33,3,6.67,115,55.56,4,3.48,15,13.04,41,35.65,26,22.61,29,25.22,109,52.66,8,3.86,51,24.64,3,1.45,0,0,0,0,0,0,0,0,0,0,4,1.93,32,15.46,477,18,1.17,17,1.1,420,27.18,1090,70.55,0,0,47,22.71,45,21.74,115,55.56,141700,97500,163100,1347,405,0,0,0,314,20.32,0,0,0,0,0,0,1231,79.68,91,43.96,0,0,0,0,0,0,116,56.04,2679075990,291087.4925
3085,48335,48,TX,Texas,335,Mitchell,4077,2419,59.33,1658,40.67,1964,81.19,492,25.05,719,36.61,168,8.55,243,12.37,135,6.87,207,10.54,455,18.81,357,78.46,42,9.23,32,7.03,14,3.08,10,2.2,0,0,849,35.1,761,31.46,200,8.27,257,10.62,145,5.99,207,8.56,1966,71,1.74,324,7.95,1809,44.37,1873,45.94,5.2,5.4,4.2,3272,80.26,0,0,123,3.02,1,0.02,143,3.51,538,13.2,1964,1738,88.49,0,0,0,0,0,0,0,0,226,11.51,455,195,42.86,0,0,103,22.64,1,0.22,143,31.43,13,2.86,146,7.43,389,19.81,773,39.36,656,33.4,6,1.32,170,37.36,109,23.96,170,37.36,279,61.32,152,6.28,559,23.11,882,36.46,826,34.15,0,0,0,0,0,0,0,0,0,0,0,0,139,30.55,0,0,14,10.07,124,89.21,1,0.72,0,0,263,57.8,54,20.53,18,6.84,190,72.24,0,0,1,0.38,53,11.65,8,15.09,0,0,11,20.75,6,11.32,28,52.83,265,58.24,150,32.97,0,0,10,2.2,0,0,0,0,0,0,0,0,0,0,1,0.22,29,6.37,482,0,0,36,1.83,557,28.36,1371,69.81,0,0,139,30.55,263,57.8,53,11.65,67900,87000,62100,1957,462,0,0,0,441,22.45,0,0,0,0,0,0,1523,77.55,21,4.62,0,0,0,0,0,0,434,95.38,3330321505,230951.3971
3086,48337,48,TX,Texas,337,Montague,10285,7969,77.48,2316,22.52,6101,76.56,1327,21.75,2738,44.88,745,12.21,851,13.95,287,4.7,153,2.51,1868,23.44,491,26.28,466,24.95,406,21.73,245,13.12,122,6.53,138,7.39,1818,22.81,3204,40.21,1151,14.44,1096,13.75,409,5.13,291,3.65,1971,122,1.19,823,8,2692,26.17,6648,64.64,5.4,5.7,4.8,8193,79.66,85,0.83,299,2.91,57,0.55,42,0.41,1609,15.64,6101,5013,82.17,61,1,8,0.13,0,0,0,0,1019,16.7,1868,1277,68.36,24,1.28,278,14.88,46,2.46,42,2.25,201,10.76,1626,26.65,1284,21.05,2227,36.5,964,15.8,356,19.06,303,16.22,961,51.45,248,13.28,1209,64.72,1982,24.87,1587,19.91,3188,40.01,1212,15.21,32,1.71,18,56.25,0,0,11,34.38,0,0,3,9.38,303,16.22,38,12.54,81,26.73,155,51.16,29,9.57,0,0,667,35.71,74,11.09,12,1.8,344,51.57,74,11.09,163,24.44,866,46.36,17,1.96,38,4.39,228,26.33,427,49.31,156,18.01,579,31,251,13.44,269,14.4,91,4.87,144,7.71,19,1.02,118,6.32,73,3.91,0,0,2,0.11,322,17.24,584,39,0.64,331,5.43,1440,23.6,4291,70.33,32,1.71,303,16.22,667,35.71,866,46.36,120100,131000,110500,6193,1639,137,0,0,1002,16.42,45,0.74,0,0,0,0,5054,82.84,637,34.1,92,4.93,0,0,0,0,1139,60.97,3518150339,266682.6643
3095,48135,48,TX,Texas,135,Ector,59155,53602,90.61,5553,9.39,35106,65.49,7703,21.94,11239,32.01,5907,16.83,5039,14.35,3394,9.67,1824,5.2,18496,34.51,6261,33.85,4462,24.12,3582,19.37,2086,11.28,1226,6.63,879,4.75,13964,26.05,15701,29.29,9489,17.7,7125,13.29,4620,8.62,2703,5.04,1979,1706,2.88,6460,10.92,13989,23.65,37000,62.55,5.2,5.8,4.2,37115,62.74,1211,2.05,1820,3.08,6682,11.3,3546,5.99,8781,14.84,35106,28534,81.28,564,1.61,254,0.72,44,0.13,35,0.1,5675,16.17,18496,6003,32.46,504,2.72,1358,7.34,5226,28.25,3202,17.31,2203,11.91,7698,21.93,7332,20.89,18260,52.01,1816,5.17,3151,17.04,5823,31.48,8900,48.12,622,3.36,9522,51.48,10849,20.24,13155,24.54,27160,50.67,2438,4.55,877,4.74,39,4.45,69,7.87,309,35.23,406,22420.75,54,6.16,4513,24.4,472,10.46,295,6.54,2548,56.46,1120,24.82,78,1.73,6622,35.8,28,0.42,184,2.78,1746,26.37,4312,65.12,352,5.32,6484,35.06,26,0.4,642,9.9,816,12.58,4275,65.93,725,11.18,2418,13.07,944,5.1,1356,7.33,2074,11.21,2076,11.22,1811,9.79,3331,18.01,1973,10.67,1168,6.31,136,0.74,1209,6.54,889,361,1.03,723,2.06,5809,16.55,28213,80.37,877,4.74,4513,24.4,6622,35.8,6484,35.06,147900,176900,111300,38548,13969,1052,33,0,6250,17.8,291,0.83,33,0.09,0,0,28532,81.27,7719,41.73,761,4.11,0,0,0,0,10016,54.15,3248158529,227973.2523
3096,48137,48,TX,Texas,137,Edwards,1658,787,47.47,871,52.53,581,73.82,234,40.28,178,30.64,39,6.71,76,13.08,36,6.2,18,3.1,206,26.18,59,28.64,5,2.43,110,53.4,0,0,32,15.53,0,0,293,37.23,183,23.25,149,18.93,76,9.66,68,8.64,18,2.29,1966,109,6.57,237,14.29,460,27.74,852,51.39,5.8,5.6,6.1,1202,72.5,0,0,10,0.6,0,0,0,0,446,26.9,581,423,72.81,0,0,0,0,0,0,0,0,158,27.19,206,198,96.12,0,0,0,0,0,0,0,0,8,3.88,117,20.14,178,30.64,186,32.01,100,17.21,0,0,52,25.24,139,67.48,15,7.28,154,74.76,117,14.87,230,29.22,325,41.3,115,14.61,0,0,0,0,0,0,0,0,0,0,0,0,0,0,0,0,0,0,0,0,0,0,0,0,42,20.39,0,0,0,0,8,19.05,0,0,34,80.95,164,79.61,0,0,34,20.73,130,79.27,0,0,0,0,132,64.08,8,3.88,32,15.53,0,0,0,0,0,0,0,0,0,0,0,0,0,0,34,16.5,330,36,6.2,54,9.29,139,23.92,352,60.59,0,0,0,0,42,20.39,164,79.61,71800,101800,65000,608,168,11,0,0,148,25.47,11,1.89,0,0,0,0,422,72.63,20,9.71,0,0,0,0,0,0,186,90.29,7342871828,397818.2734
3097,48139,48,TX,Texas,139,Ellis,63684,59399,93.27,4285,6.73,44454,74.84,6599,14.84,15450,34.76,7163,16.11,8271,18.61,4116,9.26,2855,6.42,14945,25.16,4165,27.87,3606,24.13,2854,19.1,2495,16.69,1226,8.2,599,4.01,10764,18.12,19056,32.08,10017,16.86,10766,18.12,5342,8.99,3454,5.81,1989,773,1.21,2426,3.81,11168,17.54,49317,77.44,6.1,6.6,4.6,49387,77.55,1122,1.76,2102,3.3,2768,4.35,2387,3.75,5918,9.29,44454,39926,89.81,321,0.72,43,0.1,0,0,2,0,4162,9.36,14945,6447,43.14,739,4.94,1936,12.95,2539,16.99,2056,13.76,1228,8.22,19731,44.39,14291,32.15,7953,17.89,2479,5.58,5515,36.9,4464,29.87,3839,25.69,1127,7.54,4966,33.23,25246,42.5,18755,31.57,11792,19.85,3606,6.07,388,2.6,0,0,11,2.84,199,51.29,133,12801.29,45,11.6,1934,12.94,82,4.24,77,3.98,1088,56.26,617,31.9,70,3.62,6374,42.65,121,1.9,159,2.49,2618,41.07,3212,50.39,264,4.14,6249,41.81,0,0,111,1.78,1184,18.95,4465,71.45,489,7.83,1321,8.84,806,5.39,1068,7.15,1603,10.73,2267,15.17,1436,9.61,2522,16.88,1650,11.04,1298,8.69,106,0.71,868,5.81,899,328,0.74,313,0.7,3502,7.88,40311,90.68,388,2.6,1934,12.94,6374,42.65,6249,41.81,214500,236100,172500,43554,15089,715,41,0,8736,19.65,178,0.4,11,0.02,0,0,35529,79.92,6353,42.51,537,3.59,30,0.2,0,0,8025,53.7,3464572194,267559.2532
3098,48141,48,TX,Texas,141,El Paso,299067,273662,91.51,25405,8.49,170433,62.28,33052,19.39,49560,29.08,31187,18.3,29486,17.3,16875,9.9,10273,6.03,103229,37.72,31999,31,25546,24.75,16934,16.4,16333,15.82,7612,7.37,4805,4.65,65051,23.77,75106,27.44,48121,17.58,45819,16.74,24487,8.95,15078,5.51,1984,9483,3.17,25371,8.48,57951,19.38,206262,68.97,5.5,6,4.3,202042,67.56,10970,3.67,20675,6.91,31148,10.42,17878,5.98,16354,5.47,170433,154714,90.78,3670,2.15,970,0.57,445,0.26,327,0.19,10307,6.05,103229,35160,34.06,6619,6.41,17352,16.81,24898,24.12,14572,14.12,4628,4.48,51256,30.07,49198,28.87,59228,34.75,10751,6.31,26230,25.41,31488,30.5,36090,34.96,9421,9.13,45511,44.09,77486,28.31,80686,29.48,95318,34.83,20172,7.37,5230,5.07,442,8.45,1592,30.44,2402,45.93,761,60203.04,33,0.63,19672,19.06,2105,10.7,2794,14.2,12632,64.21,1706,8.67,435,2.21,35532,34.42,1271,3.58,2833,7.97,23561,66.31,6587,18.54,1280,3.6,42795,41.46,860,2.01,1940,4.53,13206,30.86,23344,54.55,3445,8.05,19978,19.35,10597,10.27,13998,13.56,14583,14.13,11968,11.59,7404,7.17,10878,10.54,4913,4.76,3067,2.97,650,0.63,5193,5.03,728,2480,1.46,1912,1.12,15558,9.13,150483,88.29,5230,5.07,19672,19.06,35532,34.42,42795,41.46,126500,142000,109900,178307,89463,5735,157,0,42831,25.13,1446,0.85,108,0.06,0,0,126048,73.96,46632,45.17,4289,4.15,49,0.05,0,0,52259,50.62,3648332314,292752.3167
3099,48143,48,TX,Texas,143,Erath,18422,14263,77.42,4159,22.58,9261,64.93,1868,20.17,3928,42.41,1596,17.23,1004,10.84,596,6.44,269,2.9,5002,35.07,1663,33.25,1715,34.29,720,14.39,386,7.72,422,8.44,96,1.92,3531,24.76,5643,39.56,2316,16.24,1390,9.75,1018,7.14,365,2.56,1981,496,2.69,1831,9.94,4019,21.82,12076,65.55,5.5,5.9,4.6,12373,67.16,178,0.97,565,3.07,1309,7.11,1132,6.14,2865,15.55,9261,7819,84.43,30,0.32,80,0.86,0,0,0,0,1332,14.38,5002,2414,48.26,148,2.96,437,8.74,887,17.73,669,13.37,447,8.94,2982,32.2,2537,27.39,2491,26.9,1251,13.51,997,19.93,1602,32.03,1768,35.35,635,12.69,2403,48.04,3979,27.9,4139,29.02,4259,29.86,1886,13.22,234,4.68,18,7.69,25,10.68,119,50.85,72,2022.22,0,0,1078,21.55,117,10.85,37,3.43,787,73.01,132,12.24,5,0.46,1415,28.29,0,0,166,11.73,944,66.71,248,17.53,57,4.03,2275,45.48,0,0,37,1.63,272,11.96,1774,77.98,192,8.44,768,15.35,355,7.1,845,16.89,488,9.76,460,9.2,360,7.2,623,12.46,563,11.26,80,1.6,206,4.12,254,5.08,787,113,1.22,89,0.96,1546,16.69,7513,81.13,234,4.68,1078,21.55,1415,28.29,2275,45.48,166300,165800,167200,9618,4387,258,0,0,1884,20.34,45,0.49,0,0,0,0,7332,79.17,2503,50.04,213,4.26,0,0,0,0,2286,45.7,3956579325,256317.7035
3100,48145,48,TX,Texas,145,Falls,7779,5552,71.37,2227,28.63,4197,75.59,1344,32.02,1519,36.19,539,12.84,351,8.36,216,5.15,228,5.43,1355,24.41,716,52.84,248,18.3,160,11.81,63,4.65,51,3.76,117,8.63,2060,37.1,1767,31.83,699,12.59,414,7.46,267,4.81,345,6.21,1974,91,1.17,746,9.59,2169,27.88,4773,61.36,5.3,5.5,4.5,6196,79.65,117,1.5,139,1.79,213,2.74,241,3.1,873,11.22,4197,3597,85.7,100,2.38,0,0,0,0,0,0,500,11.91,1355,853,62.95,17,1.25,74,5.46,147,10.85,213,15.72,51,3.76,1029,24.52,889,21.18,1742,41.51,537,12.79,105,7.75,270,19.93,733,54.1,247,18.23,980,72.32,1134,20.43,1159,20.88,2475,44.58,784,14.12,31,2.29,18,58.06,13,41.94,0,0,0,0,0,0,277,20.44,44,15.88,149,53.79,50,18.05,0,0,34,12.27,571,42.14,40,7.01,126,22.07,203,35.55,65,11.38,137,23.99,476,35.13,5,1.05,18,3.78,165,34.66,127,26.68,161,33.82,656,48.41,130,9.59,79,5.83,59,4.35,50,3.69,6,0.44,43,3.17,0,0,0,0,0,0,332,24.5,429,9,0.21,203,4.84,790,18.82,3195,76.13,31,2.29,277,20.44,571,42.14,476,35.13,76900,88500,66000,3902,1442,208,0,0,843,20.09,155,3.69,0,0,0,0,3199,76.22,599,44.21,53,3.91,0,0,0,0,703,51.88,2751099054,213954.0245
3101,48147,48,TX,Texas,147,Fannin,14478,12391,85.59,2087,14.41,9205,74.29,2293,24.91,3493,37.95,1316,14.3,1045,11.35,604,6.56,454,4.93,3186,25.71,1233,38.7,631,19.81,400,12.55,457,14.34,334,10.48,131,4.11,3526,28.46,4124,33.28,1716,13.85,1502,12.12,938,7.57,585,4.72,1981,205,1.42,921,6.36,3629,25.07,9723,67.16,5.6,5.9,4.9,11152,77.03,148,1.02,608,4.2,377,2.6,110,0.76,2083,14.39,9205,7901,85.83,20,0.22,10,0.11,0,0,0,0,1274,13.84,3186,1742,54.68,128,4.02,483,15.16,347,10.89,110,3.45,376,11.8,2643,28.71,2661,28.91,2607,28.32,1294,14.06,516,16.2,1110,34.84,1140,35.78,420,13.18,1560,48.96,3159,25.49,3771,30.43,3747,30.24,1714,13.83,79,2.48,19,24.05,7,8.86,14,17.72,27,34.18,12,15.19,526,16.51,41,7.79,180,34.22,216,41.06,17,3.23,72,13.69,1114,34.97,60,5.39,87,7.81,664,59.61,109,9.78,194,17.41,1467,46.05,29,1.98,83,5.66,419,28.56,766,52.22,170,11.59,910,28.56,346,10.86,353,11.08,342,10.73,328,10.3,64,2.01,234,7.34,72,2.26,45,1.41,44,1.38,448,14.06,628,107,1.16,211,2.29,1919,20.85,6968,75.7,79,2.48,526,16.51,1114,34.97,1467,46.05,139200,157600,112400,9654,2606,124,7,0,1563,16.98,62,0.67,0,0,0,0,7580,82.35,1043,32.74,62,1.95,7,0.22,0,0,2074,65.1,3364105755,280917.563
3102,48149,48,TX,Texas,149,Fayette,14010,9033,64.48,4977,35.52,7537,83.44,1700,22.56,3715,49.29,771,10.23,735,9.75,428,5.68,188,2.49,1496,16.56,612,40.91,379,25.33,190,12.7,183,12.23,76,5.08,56,3.74,2312,25.6,4094,45.32,961,10.64,918,10.16,504,5.58,244,2.7,1976,284,2.03,1198,8.55,4463,31.86,8065,57.57,6,6.2,5.1,11248,80.29,83,0.59,217,1.55,72,0.51,385,2.75,2005,14.31,7537,6271,83.2,55,0.73,3,0.04,0,0,0,0,1208,16.03,1496,909,60.76,10,0.67,154,10.29,62,4.14,209,13.97,152,10.16,2103,27.9,1964,26.06,2135,28.33,1335,17.71,262,17.51,319,21.32,628,41.98,287,19.18,915,61.16,2365,26.18,2283,25.27,2763,30.59,1622,17.96,75,5.01,6,8,4,5.33,0,0,47,62.67,18,24,168,11.23,92,54.76,35,20.83,8,4.76,33,19.64,0,0,703,46.99,74,10.53,108,15.36,301,42.82,118,16.79,102,14.51,550,36.76,4,0.73,32,5.82,209,38,182,33.09,123,22.36,479,32.02,121,8.09,169,11.3,166,11.1,94,6.28,6,0.4,99,6.62,32,2.14,28,1.87,59,3.94,243,16.24,617,28,0.37,189,2.51,1624,21.55,5696,75.57,75,5.01,168,11.23,703,46.99,550,36.76,193200,222100,173400,7262,1723,43,5,0,1319,17.5,38,0.5,3,0.04,0,0,6177,81.96,404,27.01,5,0.33,2,0.13,0,0,1085,72.53,3317578646,241137.4147
3103,48339,48,TX,Texas,339,Montgomery,223599,205719,92,17880,8,147027,71.47,22653,15.41,53534,36.41,27219,18.51,24666,16.78,12977,8.83,5978,4.07,58692,28.53,19081,32.51,17721,30.19,7930,13.51,7656,13.04,3930,6.7,2374,4.04,41734,20.29,71255,34.64,35149,17.09,32322,15.71,16907,8.22,8352,4.06,2000,3120,1.4,21988,9.83,33571,15.01,164920,73.76,6.1,6.9,4.2,149008,66.64,5438,2.43,3663,1.64,17582,7.86,17332,7.75,30576,13.67,147027,124041,84.37,3198,2.18,190,0.13,491,0.33,574,0.39,18533,12.61,58692,17086,29.11,1928,3.28,3192,5.44,14126,24.07,14403,24.54,7957,13.56,76595,52.1,47367,32.22,22013,14.97,1052,0.72,30042,51.19,19401,33.06,8673,14.78,576,0.98,9249,15.76,106637,51.84,66768,32.46,30686,14.92,1628,0.79,1850,3.15,68,3.68,123,6.65,616,33.3,1043,68419.41,0,0,16491,28.1,614,3.72,461,2.8,5325,32.29,9813,59.51,278,1.69,17085,29.11,211,1.24,304,1.78,3649,21.36,12035,70.44,886,5.19,23266,39.64,26,0.11,344,1.48,2846,12.23,18206,78.25,1844,7.93,3189,5.43,2068,3.52,2532,4.31,3603,6.14,5621,9.58,6490,11.06,12145,20.69,8061,13.73,8338,14.21,3637,6.2,3008,5.13,1089,621,0.42,2167,1.47,12197,8.3,132042,89.81,1850,3.15,16491,28.1,17085,29.11,23266,39.64,248100,267800,208500,151886,50470,3225,132,6,27602,18.77,992,0.67,80,0.05,6,0,118347,80.49,22868,38.96,2233,3.8,52,0.09,0,0,33539,57.14,3753942508,323212.2061
3104,48341,48,TX,Texas,341,Moore,8119,6659,82.02,1460,17.98,4383,65.82,790,18.02,1137,25.94,944,21.54,779,17.77,488,11.13,245,5.59,2276,34.18,769,33.79,517,22.72,423,18.59,234,10.28,138,6.06,195,8.57,1559,23.41,1654,24.84,1367,20.53,1013,15.21,626,9.4,440,6.61,1975,144,1.77,812,10,1737,21.39,5426,66.83,5.3,5.6,4.6,5461,67.26,56,0.69,684,8.42,445,5.48,123,1.51,1350,16.63,4383,3579,81.66,11,0.25,19,0.43,0,0,0,0,774,17.66,2276,1072,47.1,45,1.98,387,17,342,15.03,99,4.35,331,14.54,492,11.23,1308,29.84,2316,52.84,267,6.09,494,21.7,479,21.05,1109,48.73,194,8.52,1303,57.25,986,14.81,1787,26.84,3425,51.43,461,6.92,47,2.07,0,0,0,0,37,78.72,0,0,10,21.28,517,22.72,0,0,202,39.07,303,58.61,0,0,12,2.32,639,28.08,0,0,22,3.44,529,82.79,51,7.98,37,5.79,1073,47.14,0,0,18,1.68,480,44.73,530,49.39,45,4.19,530,23.29,641,28.16,205,9.01,262,11.51,157,6.9,178,7.82,111,4.88,80,3.51,8,0.35,0,0,104,4.57,589,39,0.89,39,0.89,553,12.62,3752,85.6,47,2.07,517,22.72,639,28.08,1073,47.14,113100,134900,78800,5007,1582,70,0,0,956,21.81,25,0.57,0,0,0,0,3402,77.62,626,27.5,45,1.98,0,0,0,0,1605,70.52,3592404505,239711.5724
3105,48343,48,TX,Texas,343,Morris,6046,5170,85.51,876,14.49,3789,73.29,1100,29.03,1417,37.4,538,14.2,377,9.95,215,5.67,142,3.75,1381,26.71,457,33.09,259,18.75,295,21.36,228,16.51,66,4.78,76,5.5,1557,30.12,1676,32.42,833,16.11,605,11.7,281,5.44,218,4.22,1971,141,2.33,232,3.84,1515,25.06,4158,68.77,5.6,5.8,5,4864,80.45,42,0.69,368,6.09,85,1.41,43,0.71,644,10.65,3789,3362,88.73,11,0.29,6,0.16,0,0,0,0,410,10.82,1381,787,56.99,31,2.24,305,22.09,50,3.62,43,3.11,165,11.95,451,11.9,988,26.08,1974,52.1,376,9.92,39,2.82,414,29.98,830,60.1,98,7.1,928,67.2,490,9.48,1402,27.12,2804,54.24,474,9.17,36,2.61,0,0,23,63.89,0,0,13,36.11,0,0,141,10.21,41,29.08,62,43.97,35,24.82,3,2.13,0,0,460,33.31,14,3.04,84,18.26,241,52.39,20,4.35,101,21.96,744,53.87,0,0,54,7.26,504,67.74,50,6.72,136,18.28,645,46.71,197,14.27,148,10.72,89,6.44,25,1.81,15,1.09,1,0.07,5,0.36,3,0.22,16,1.16,237,17.16,471,63,1.66,68,1.79,628,16.57,3030,79.97,36,2.61,141,10.21,460,33.31,744,53.87,92100,116600,81800,3955,1164,51,0,0,612,16.15,7,0.18,0,0,0,0,3170,83.66,552,39.97,44,3.19,0,0,0,0,785,56.84,957667507.4,192656.8983
3106,48345,48,TX,Texas,345,Motley,781,496,63.51,285,36.49,352,70.97,87,24.72,172,48.86,23,6.53,35,9.94,17,4.83,18,5.11,144,29.03,63,43.75,25,17.36,36,25,13,9.03,7,4.86,0,0,150,30.24,197,39.72,59,11.9,48,9.68,24,4.84,18,3.63,0,4,0.51,85,10.88,289,37,403,51.6,5.2,5.4,4.8,727,93.09,0,0,0,0,4,0.51,0,0,50,6.4,352,337,95.74,0,0,0,0,0,0,0,0,15,4.26,144,130,90.28,0,0,0,0,4,2.78,0,0,10,6.94,21,5.97,36,10.23,156,44.32,139,39.49,4,2.78,14,9.72,43,29.86,83,57.64,126,87.5,25,5.04,50,10.08,199,40.12,222,44.76,0,0,0,0,0,0,0,0,0,0,0,0,7,4.86,0,0,0,0,7,100,0,0,0,0,84,58.33,6,7.14,0,0,54,64.29,0,0,24,28.57,53,36.81,0,0,5,9.43,35,66.04,0,0,13,24.53,76,52.78,27,18.75,0,0,0,0,0,0,4,2.78,0,0,0,0,0,0,0,0,37,25.69,405,0,0,26,7.39,123,34.94,203,57.67,0,0,7,4.86,84,58.33,53,36.81,60000,76900,57400,417,76,3,0,0,45,12.78,3,0.85,0,0,0,0,304,86.36,31,21.53,0,0,0,0,0,0,113,78.47,3745895121,245229.0815
3107,48347,48,TX,Texas,347,Nacogdoches,28465,23765,83.49,4700,16.51,13713,57.7,2619,19.1,5590,40.76,2453,17.89,1659,12.1,700,5.1,692,5.05,10052,42.3,3552,35.34,2956,29.41,1775,17.66,896,8.91,542,5.39,331,3.29,6171,25.97,8546,35.96,4228,17.79,2555,10.75,1242,5.23,1023,4.3,1984,700,2.46,2734,9.6,8941,31.41,16090,56.53,5.1,6,4.2,16896,59.36,382,1.34,2116,7.43,2342,8.23,1768,6.21,4961,17.43,13713,10715,78.14,171,1.25,9,0.07,83,0.61,7,0.05,2728,19.89,10052,3677,36.58,106,1.05,1780,17.71,1824,18.15,1379,13.72,1286,12.79,3263,23.79,4994,36.42,4551,33.19,905,6.6,2010,20,3910,38.9,3568,35.5,564,5.61,4132,41.11,5273,22.19,8904,37.47,8119,34.16,1469,6.18,348,3.46,19,5.46,45,12.93,271,77.87,11,3.16,2,0.57,1857,18.47,246,13.25,247,13.3,1259,67.8,62,3.34,43,2.32,4452,44.29,213,4.78,282,6.33,3175,71.32,541,12.15,241,5.41,3395,33.77,82,2.42,189,5.57,1342,39.53,1383,40.74,399,11.75,2779,27.65,1662,16.53,1482,14.74,1568,15.6,583,5.8,238,2.37,550,5.47,401,3.99,59,0.59,45,0.45,685,6.81,612,119,0.87,300,2.19,2307,16.82,10987,80.12,348,3.46,1857,18.47,4452,44.29,3395,33.77,137300,154000,117100,15423,7868,474,0,0,2632,19.19,73,0.53,0,0,0,0,11008,80.27,5236,52.09,401,3.99,0,0,0,0,4415,43.92,3514165604,483010.9747
3111,48073,48,TX,Texas,73,Cherokee,21345,18540,86.86,2805,13.14,13345,71.98,2541,19.04,5730,42.94,1972,14.78,1426,10.69,1048,7.85,628,4.71,5195,28.02,1542,29.68,1165,22.43,1255,24.16,576,11.09,506,9.74,151,2.91,4083,22.02,6895,37.19,3227,17.41,2002,10.8,1554,8.38,779,4.2,1982,371,1.74,1384,6.48,5868,27.49,13722,64.29,5.3,5.6,4.6,15371,72.01,184,0.86,836,3.92,559,2.62,277,1.3,4118,19.29,13345,10738,80.46,89,0.67,16,0.12,0,0,0,0,2502,18.75,5195,2728,52.51,49,0.94,645,12.42,491,9.45,242,4.66,1040,20.02,3476,26.05,4441,33.28,4087,30.63,1341,10.05,853,16.42,1980,38.11,1663,32.01,699,13.46,2362,45.47,4329,23.35,6421,34.63,5750,31.01,2040,11,122,2.35,34,27.87,56,45.9,32,26.23,0,0,0,0,619,11.92,95,15.35,180,29.08,273,44.1,17,2.75,54,8.72,1976,38.04,129,6.53,245,12.4,1065,53.9,39,1.97,498,25.2,2478,47.7,48,1.94,83,3.35,782,31.56,963,38.86,602,24.29,1506,28.99,798,15.36,532,10.24,304,5.85,368,7.08,133,2.56,150,2.89,70,1.35,42,0.81,138,2.66,1154,22.21,554,117,0.88,399,2.99,2936,22,9893,74.13,122,2.35,619,11.92,1976,38.04,2478,47.7,111600,138200,92800,13571,4655,314,0,0,2883,21.6,100,0.75,0,0,0,0,10362,77.65,1772,34.11,214,4.12,0,0,0,0,3209,61.77,3823103943,441468.5088
3112,48075,48,TX,Texas,75,Childress,2860,2308,80.7,552,19.3,1365,59.14,198,14.51,706,51.72,159,11.65,178,13.04,99,7.25,25,1.83,943,40.86,406,43.05,229,24.28,159,16.86,139,14.74,10,1.06,0,0,604,26.17,935,40.51,318,13.78,317,13.73,109,4.72,25,1.08,1964,49,1.71,252,8.81,1090,38.11,1469,51.36,5.6,6.1,4.3,2229,77.94,11,0.38,262,9.16,130,4.55,0,0,228,7.97,1365,1241,90.92,0,0,14,1.03,0,0,0,0,110,8.06,943,592,62.78,3,0.32,248,26.3,78,8.27,0,0,22,2.33,206,15.09,287,21.03,499,36.56,373,27.33,26,2.76,212,22.48,300,31.81,405,42.95,705,74.76,232,10.05,499,21.62,799,34.62,778,33.71,45,4.77,0,0,3,6.67,42,93.33,0,0,0,0,185,19.62,0,0,0,0,132,71.35,53,28.65,0,0,466,49.42,15,3.22,14,3,368,78.97,65,13.95,4,0.86,247,26.19,16,6.48,19,7.69,131,53.04,7,2.83,74,29.96,254,26.94,203,21.53,145,15.38,129,13.68,92,9.76,0,0,2,0.21,40,4.24,0,0,0,0,78,8.27,548,4,0.29,15,1.1,286,20.95,1060,77.66,45,4.77,185,19.62,466,49.42,247,26.19,86800,115300,77800,1767,541,0,0,0,229,16.78,0,0,0,0,0,0,1136,83.22,312,33.09,0,0,0,0,0,0,631,66.91,2730172071,210792.0106
3113,48077,48,TX,Texas,77,Clay,5272,4159,78.89,1113,21.11,3385,81.39,812,23.99,1456,43.01,504,14.89,414,12.23,104,3.07,95,2.81,774,18.61,268,34.63,207,26.74,125,16.15,101,13.05,37,4.78,36,4.65,1080,25.97,1663,39.99,629,15.12,515,12.38,141,3.39,131,3.15,1971,99,1.88,216,4.1,1582,30.01,3375,64.02,5.7,5.9,5.2,4196,79.59,84,1.59,97,1.84,16,0.3,8,0.15,871,16.52,3385,2960,87.44,32,0.95,0,0,0,0,0,0,393,11.61,774,545,70.41,33,4.26,86,11.11,16,2.07,8,1.03,86,11.11,810,23.93,842,24.87,1224,36.16,509,15.04,74,9.56,171,22.09,344,44.44,185,23.9,529,68.35,884,21.26,1013,24.36,1568,37.7,694,16.69,0,0,0,0,0,0,0,0,0,0,0,0,42,5.43,0,0,0,0,12,28.57,16,38.1,14,33.33,284,36.69,13,4.58,29,10.21,168,59.15,11,3.87,63,22.18,448,57.88,9,2.01,27,6.03,201,44.87,67,14.96,144,32.14,241,31.14,101,13.05,52,6.72,52,6.72,45,5.81,0,0,23,2.97,39,5.04,0,0,0,0,221,28.55,541,22,0.65,84,2.48,852,25.17,2427,71.7,0,0,42,5.43,284,36.69,448,57.88,110000,137900,85900,3351,753,46,9,0,518,15.3,46,1.36,9,0.27,0,0,2812,83.07,235,30.36,0,0,0,0,0,0,539,69.64,4198038946,306380.0063
3114,48079,48,TX,Texas,79,Cochran,1351,1026,75.94,325,24.06,738,71.93,157,21.27,248,33.6,130,17.62,117,15.85,48,6.5,38,5.15,288,28.07,136,47.22,19,6.6,38,13.19,58,20.14,3,1.04,34,11.81,293,28.56,267,26.02,168,16.37,175,17.06,51,4.97,72,7.02,1965,16,1.18,32,2.37,381,28.2,922,68.25,5.2,5.3,4.8,1191,88.16,5,0.37,47,3.48,0,0,0,0,108,7.99,738,659,89.3,3,0.41,1,0.14,0,0,0,0,75,10.16,288,238,82.64,2,0.69,44,15.28,0,0,0,0,4,1.39,29,3.93,140,18.97,472,63.96,97,13.14,42,14.58,32,11.11,208,72.22,6,2.08,214,74.31,71,6.92,172,16.76,680,66.28,103,10.04,0,0,0,0,0,0,0,0,0,0,0,0,18,6.25,18,100,0,0,0,0,0,0,0,0,107,37.15,0,0,24,22.43,57,53.27,3,2.8,23,21.5,163,56.6,0,0,9,5.52,73,44.79,14,8.59,67,41.1,137,47.57,40,13.89,0,0,4,1.39,0,0,3,1.04,12,4.17,0,0,0,0,2,0.69,90,31.25,401,7,0.95,3,0.41,184,24.93,544,73.71,0,0,18,6.25,107,37.15,163,56.6,38000,82000,28800,810,184,32,0,0,89,12.06,15,2.03,0,0,0,0,634,85.91,95,32.99,17,5.9,0,0,0,0,176,61.11,2901791894,216238.4702
3115,48081,48,TX,Texas,81,Coke,2687,1625,60.48,1062,39.52,1085,66.77,381,35.12,457,42.12,116,10.69,83,7.65,36,3.32,12,1.11,540,33.23,199,36.85,150,27.78,55,10.19,58,10.74,61,11.3,17,3.15,580,35.69,607,37.35,171,10.52,141,8.68,97,5.97,29,1.78,1970,84,3.13,239,8.89,864,32.15,1500,55.82,5.1,5.4,4.5,1823,67.85,55,2.05,70,2.61,55,2.05,13,0.48,671,24.97,1085,870,80.18,16,1.47,0,0,0,0,0,0,199,18.34,540,334,61.85,39,7.22,60,11.11,55,10.19,13,2.41,39,7.22,66,6.08,298,27.47,580,53.46,141,13,0,0,229,42.41,158,29.26,153,28.33,311,57.59,66,4.06,527,32.43,738,45.42,294,18.09,59,10.93,55,93.22,4,6.78,0,0,0,0,0,0,74,13.7,5,6.76,30,40.54,8,10.81,0,0,31,41.89,172,31.85,0,0,14,8.14,70,40.7,9,5.23,79,45.93,235,43.52,0,0,0,0,166,70.64,7,2.98,62,26.38,263,48.7,57,10.56,32,5.93,9,1.67,0,0,1,0.19,6,1.11,0,0,0,0,0,0,172,31.85,444,20,1.84,47,4.33,278,25.62,740,68.2,59,10.93,74,13.7,172,31.85,235,43.52,74100,115200,62800,1416,204,5,0,0,92,8.48,0,0,0,0,0,0,993,91.52,112,20.74,5,0.93,0,0,0,0,423,78.33,3343813860,233203.0011
3116,48083,48,TX,Texas,83,Coleman,5547,3492,62.95,2055,37.05,2623,75.11,635,24.21,1244,47.43,329,12.54,236,9,144,5.49,35,1.33,869,24.89,290,33.37,201,23.13,184,21.17,142,16.34,13,1.5,39,4.49,925,26.49,1445,41.38,513,14.69,378,10.82,157,4.5,74,2.12,1970,77,1.39,344,6.2,2041,36.79,3085,55.62,5.7,5.8,5.3,4406,79.43,58,1.05,129,2.33,57,1.03,16,0.29,881,15.88,2623,2229,84.98,58,2.21,0,0,0,0,0,0,336,12.81,869,625,71.92,0,0,100,11.51,57,6.56,16,1.84,71,8.17,340,12.96,623,23.75,815,31.07,845,32.22,29,3.34,211,24.28,393,45.22,236,27.16,629,72.38,369,10.57,834,23.88,1208,34.59,1081,30.96,13,1.5,0,0,2,15.38,11,84.62,0,0,0,0,101,11.62,16,15.84,46,45.54,39,38.61,0,0,0,0,333,38.32,0,0,26,7.81,164,49.25,66,19.82,77,23.12,422,48.56,14,3.32,30,7.11,195,46.21,74,17.54,109,25.83,410,47.18,122,14.04,32,3.68,6,0.69,40,4.6,24,2.76,46,5.29,3,0.35,0,0,0,0,186,21.4,461,18,0.69,125,4.77,772,29.43,1708,65.12,13,1.5,101,11.62,333,38.32,422,48.56,83100,123500,72100,2820,651,21,0,0,545,20.78,13,0.5,0,0,0,0,2065,78.73,106,12.2,8,0.92,0,0,0,0,755,86.88,4605991160,329106.7017
3117,48085,48,TX,Texas,85,Collin,376186,353491,93.97,22695,6.03,229049,64.8,29777,13,74165,32.38,44803,19.56,49081,21.43,21114,9.22,10109,4.41,124442,35.2,45153,36.28,34592,27.8,19824,15.93,15473,12.43,6243,5.02,3157,2.54,74930,21.2,108757,30.77,64627,18.28,64554,18.26,27357,7.74,13266,3.75,1997,6911,1.84,49767,13.23,54033,14.36,265475,70.57,6.7,7.8,4,259617,69.01,9338,2.48,9353,2.49,43187,11.48,48924,13.01,5767,1.53,229049,217710,95.05,5688,2.48,873,0.38,594,0.26,399,0.17,3785,1.65,124442,32220,25.89,3459,2.78,8041,6.46,36911,29.66,42204,33.91,1607,1.29,112668,49.19,86369,37.71,26354,11.51,3658,1.6,52392,42.1,55731,44.78,14902,11.98,1417,1.14,16319,13.11,165060,46.69,142100,40.2,41256,11.67,5075,1.44,5736,4.61,36,0.63,133,2.32,1432,24.97,4049,348309.87,86,1.5,42383,34.06,427,1.01,287,0.68,8129,19.18,33423,78.86,117,0.28,38328,30.8,168,0.44,240,0.63,2974,7.76,34453,89.89,493,1.29,37995,30.53,0,0,305,0.8,1728,4.55,34096,89.74,1866,4.91,2666,2.14,798,0.64,2818,2.26,4080,3.28,7419,5.96,11428,9.18,29509,23.71,23022,18.5,30541,24.54,9599,7.71,2562,2.06,1274,328,0.14,988,0.43,10034,4.38,217699,95.04,5736,4.61,42383,34.06,38328,30.8,37995,30.53,337200,344200,319100,253664,95596,3884,344,3,44772,19.55,1114,0.49,11,0,0,0,183152,79.96,50824,40.84,2770,2.23,333,0.27,3,0,70512,56.66,3284865353,233696.9782
3118,48087,48,TX,Texas,87,Collingsworth,1467,1029,70.14,438,29.86,773,75.12,139,17.98,314,40.62,75,9.7,122,15.78,54,6.99,69,8.93,256,24.88,111,43.36,94,36.72,25,9.77,0,0,26,10.16,0,0,250,24.3,408,39.65,100,9.72,122,11.86,80,7.77,69,6.71,1962,16,1.09,226,15.41,394,26.86,831,56.65,5.3,5.6,4,1216,82.89,28,1.91,77,5.25,0,0,28,1.91,118,8.04,773,686,88.75,28,3.62,0,0,0,0,0,0,59,7.63,256,151,58.98,0,0,77,30.08,0,0,28,10.94,0,0,62,8.02,92,11.9,411,53.17,208,26.91,5,1.95,6,2.34,151,58.98,94,36.72,245,95.7,67,6.51,98,9.52,562,54.62,302,29.35,0,0,0,0,0,0,0,0,0,0,0,0,121,47.27,25,20.66,33,27.27,54,44.63,0,0,9,7.44,71,27.73,14,19.72,8,11.27,49,69.01,0,0,0,0,64,25,1,1.56,14,21.88,3,4.69,4,6.25,42,65.63,152,59.38,0,0,49,19.14,0,0,0,0,4,1.56,0,0,0,0,0,0,0,0,51,19.92,416,6,0.78,17,2.2,155,20.05,595,76.97,0,0,121,47.27,71,27.73,64,25,57500,63400,48000,756,252,21,0,0,130,16.82,17,2.2,0,0,0,0,626,80.98,122,47.66,4,1.56,0,0,0,0,130,50.78,3553625486,238582.3588
3126,48089,48,TX,Texas,89,Colorado,10755,7442,69.2,3313,30.8,6222,83.61,1496,24.04,2609,41.93,962,15.46,531,8.53,376,6.04,248,3.99,1220,16.39,493,40.41,216,17.7,221,18.11,150,12.3,123,10.08,17,1.39,1989,26.73,2825,37.96,1183,15.9,681,9.15,499,6.71,265,3.56,1985,230,2.14,818,7.61,3099,28.81,6608,61.44,5.6,5.8,4.1,8053,74.88,77,0.72,233,2.17,315,2.93,141,1.31,1936,18,6222,5165,83.01,32,0.51,5,0.08,0,0,0,0,1020,16.39,1220,518,42.46,13,1.07,175,14.34,304,24.92,52,4.26,158,12.95,1576,25.33,1552,24.94,1890,30.38,1204,19.35,113,9.26,659,54.02,233,19.1,215,17.62,448,36.72,1689,22.7,2211,29.71,2123,28.53,1419,19.07,40,3.28,7,17.5,0,0,33,82.5,0,0,0,0,363,29.75,104,28.65,110,30.3,22,6.06,40,11.02,87,23.97,607,49.75,14,2.31,67,11.04,447,73.64,9,1.48,70,11.53,210,17.21,0,0,0,0,97,46.19,89,42.38,24,11.43,407,33.36,225,18.44,166,13.61,160,13.11,6,0.49,40,3.28,21,1.72,14,1.15,0,0,0,0,181,14.84,533,44,0.71,155,2.49,1347,21.65,4676,75.15,40,3.28,363,29.75,607,49.75,210,17.21,131400,161200,118300,5687,1652,97,6,0,1172,18.84,54,0.87,0,0,0,0,4996,80.3,480,39.34,43,3.52,6,0.49,0,0,691,56.64,3348580673,283756.1978
3127,48091,48,TX,Texas,91,Comal,60661,54586,89.99,6075,10.01,40865,74.86,6904,16.89,17872,43.73,6733,16.48,5712,13.98,2484,6.08,1160,2.84,13721,25.14,5113,37.26,3748,27.32,2286,16.66,1616,11.78,622,4.53,336,2.45,12017,22.01,21620,39.61,9019,16.52,7328,13.42,3106,5.69,1496,2.74,1998,686,1.13,4816,7.94,12348,20.36,42811,70.57,6,6.7,4.1,44034,72.59,1151,1.9,2091,3.45,3554,5.86,4030,6.64,5801,9.56,40865,36767,89.97,333,0.81,112,0.27,142,0.35,43,0.11,3468,8.49,13721,3578,26.08,706,5.15,1621,11.81,2900,21.14,3214,23.42,1702,12.4,21918,53.64,11428,27.97,5697,13.94,1822,4.46,6574,47.91,3944,28.74,2632,19.18,571,4.16,3203,23.34,28492,52.2,15372,28.16,8329,15.26,2393,4.38,552,4.02,66,11.96,0,0,67,12.14,388,34008.7,31,5.62,3596,26.21,0,0,63,1.75,1274,35.43,2199,61.15,60,1.67,5313,38.72,59,1.11,192,3.61,1240,23.34,3690,69.45,132,2.48,4260,31.05,0,0,79,1.85,628,14.74,3266,76.67,287,6.74,968,7.05,601,4.38,611,4.45,802,5.85,1420,10.35,1496,10.9,3542,25.81,2222,16.19,1216,8.86,333,2.43,510,3.72,1050,105,0.26,592,1.45,4411,10.79,35757,87.5,552,4.02,3596,26.21,5313,38.72,4260,31.05,293600,309400,266900,41130,12918,483,55,0,7842,19.19,155,0.38,26,0.06,0,0,32842,80.37,5076,36.99,328,2.39,29,0.21,0,0,8288,60.4,1984373535,230237.666
3128,48409,48,TX,Texas,409,San Patricio,28652,23422,81.75,5230,18.25,15887,67.83,3301,20.78,5537,34.85,2717,17.1,2252,14.18,1388,8.74,692,4.36,7535,32.17,2182,28.96,1549,20.56,1424,18.9,941,12.49,739,9.81,700,9.29,5483,23.41,7086,30.25,4141,17.68,3193,13.63,2127,9.08,1392,5.94,1979,690,2.41,2089,7.29,7167,25.01,18706,65.29,5.5,5.8,4.5,21091,73.61,382,1.33,2630,9.18,1296,4.52,515,1.8,2738,9.56,15887,14172,89.21,84,0.53,7,0.04,2,0.01,0,0,1622,10.21,7535,3494,46.37,298,3.95,1897,25.18,1047,13.9,370,4.91,429,5.69,3689,23.22,3685,23.2,7276,45.8,1237,7.79,1830,24.29,1701,22.57,3389,44.98,615,8.16,4004,53.14,5519,23.56,5386,23,10665,45.53,1852,7.91,205,2.72,0,0,0,0,101,49.27,25,609.27,79,38.54,1271,16.87,472,37.14,193,15.18,388,30.53,159,12.51,59,4.64,2592,34.4,151,5.83,178,6.87,936,36.11,1040,40.12,287,11.07,3467,46.01,17,0.49,126,3.63,544,15.69,2383,68.73,397,11.45,1610,21.37,438,5.81,729,9.67,578,7.67,595,7.9,422,5.6,1057,14.03,375,4.98,769,10.21,140,1.86,822,10.91,800,187,1.18,319,2.01,2716,17.1,12665,79.72,205,2.72,1271,16.87,2592,34.4,3467,46.01,129400,154800,89400,16476,6239,574,133,0,2929,18.44,108,0.68,68,0.43,0,0,12782,80.46,3310,43.93,466,6.18,65,0.86,0,0,3694,49.02,2348075499,394712.6389
3129,48411,48,TX,Texas,411,San Saba,3198,2134,66.73,1064,33.27,1512,70.85,456,30.16,720,47.62,114,7.54,171,11.31,51,3.37,0,0,622,29.15,195,31.35,165,26.53,70,11.25,95,15.27,41,6.59,56,9,651,30.51,885,41.47,184,8.62,266,12.46,92,4.31,56,2.62,1966,49,1.53,191,5.97,1078,33.71,1880,58.79,5.4,5.6,5,2635,82.4,34,1.06,117,3.66,31,0.97,0,0,381,11.91,1512,1333,88.16,15,0.99,3,0.2,0,0,0,0,161,10.65,622,484,77.81,5,0.8,51,8.2,27,4.34,0,0,55,8.84,295,19.51,387,25.6,557,36.84,273,18.06,55,8.84,164,26.37,242,38.91,161,25.88,403,64.79,350,16.4,551,25.82,799,37.44,434,20.34,0,0,0,0,0,0,0,0,0,0,0,0,60,9.65,14,23.33,29,48.33,15,25,0,0,2,3.33,174,27.97,0,0,6,3.45,43,24.71,55,31.61,70,40.23,388,62.38,0,0,19,4.9,167,43.04,43,11.08,159,40.98,103,16.56,225,36.17,13,2.09,9,1.45,34,5.47,0,0,0,0,6,0.96,0,0,1,0.16,231,37.14,524,9,0.6,50,3.31,450,29.76,1003,66.34,0,0,60,9.65,174,27.97,388,62.38,119400,121800,117500,1586,488,56,4,0,340,22.49,4,0.26,0,0,0,0,1168,77.25,148,23.79,52,8.36,4,0.64,0,0,418,67.2,4039129749,374605.7783
3130,48413,48,TX,Texas,413,Schleicher,1505,1036,68.84,469,31.16,808,77.99,219,27.1,300,37.13,121,14.98,54,6.68,82,10.15,32,3.96,228,22.01,117,51.32,66,28.95,11,4.82,22,9.65,9,3.95,3,1.32,336,32.43,366,35.33,132,12.74,76,7.34,91,8.78,35,3.38,1978,74,4.92,80,5.32,278,18.47,1073,71.3,5.6,5.9,4.7,1178,78.27,0,0,25,1.66,50,3.32,17,1.13,235,15.61,808,699,86.51,0,0,0,0,0,0,0,0,109,13.49,228,119,52.19,0,0,17,7.46,37,16.23,17,7.46,38,16.67,49,6.06,263,32.55,402,49.75,94,11.63,30,13.16,75,32.89,86,37.72,37,16.23,123,53.95,79,7.63,338,32.63,488,47.1,131,12.64,43,18.86,21,48.84,22,51.16,0,0,0,0,0,0,31,13.6,17,54.84,0,0,9,29.03,5,16.13,0,0,40,17.54,16,40,9,22.5,7,17.5,0,0,8,20,114,50,0,0,23,20.18,41,35.96,0,0,50,43.86,148,64.91,0,0,22,9.65,0,0,0,0,0,0,0,0,0,0,0,0,0,0,58,25.44,294,0,0,16,1.98,175,21.66,617,76.36,43,18.86,31,13.6,40,17.54,114,50,80900,84000,78300,778,242,16,0,0,151,18.69,16,1.98,0,0,0,0,641,79.33,91,39.91,0,0,0,0,0,0,137,60.09,4625027626,286127.6849
3131,48415,48,TX,Texas,415,Scurry,7205,6115,84.87,1090,15.13,4799,78.48,1372,28.59,1592,33.17,521,10.86,789,16.44,326,6.79,199,4.15,1316,21.52,610,46.35,204,15.5,250,19,111,8.43,73,5.55,68,5.17,1982,32.41,1796,29.37,771,12.61,900,14.72,399,6.52,267,4.37,1968,38,0.53,932,12.94,1639,22.75,4596,63.79,5.4,5.7,4.3,5976,82.94,52,0.72,374,5.19,132,1.83,88,1.22,583,8.09,4799,4440,92.52,6,0.13,0,0,1,0.02,0,0,352,7.33,1316,891,67.71,46,3.5,204,15.5,88,6.69,37,2.81,50,3.8,307,6.4,1046,21.8,2953,61.53,493,10.27,148,11.25,357,27.13,757,57.52,54,4.1,811,61.63,455,7.44,1403,22.94,3710,60.67,547,8.95,14,1.06,0,0,0,0,14,100,0,0,0,0,437,33.21,55,12.59,114,26.09,260,59.5,0,0,8,1.83,383,29.1,3,0.78,12,3.13,238,62.14,23,6.01,107,27.94,482,36.63,0,0,31,6.43,120,24.9,248,51.45,83,17.22,380,28.88,147,11.17,218,16.57,107,8.13,72,5.47,91,6.91,103,7.83,0,0,0,0,0,0,198,15.05,610,1,0.02,190,3.96,915,19.07,3693,76.95,14,1.06,437,33.21,383,29.1,482,36.63,87600,113700,71300,4669,1339,107,0,0,918,19.13,107,2.23,0,0,0,0,3774,78.64,421,31.99,0,0,0,0,0,0,895,68.01,3332070785,230615.1615
3132,48417,48,TX,Texas,417,Shackelford,1775,1367,77.01,408,22.99,1090,79.74,288,26.42,428,39.27,134,12.29,123,11.28,102,9.36,15,1.38,277,20.26,108,38.99,68,24.55,80,28.88,7,2.53,1,0.36,13,4.69,396,28.97,496,36.28,214,15.65,130,9.51,103,7.53,28,2.05,1977,3,0.17,168,9.46,601,33.86,1003,56.51,5.5,5.9,4.4,1366,76.96,3,0.17,17,0.96,38,2.14,18,1.01,333,18.76,1090,883,81.01,0,0,0,0,0,0,0,0,207,18.99,277,156,56.32,3,1.08,13,4.69,31,11.19,18,6.5,56,20.22,264,24.22,172,15.78,387,35.5,267,24.5,31,11.19,90,32.49,120,43.32,36,13,156,56.32,295,21.58,262,19.17,507,37.09,303,22.17,0,0,0,0,0,0,0,0,0,0,0,0,88,31.77,0,0,42,47.73,46,52.27,0,0,0,0,107,38.63,13,12.15,22,20.56,24,22.43,12,11.21,36,33.64,82,29.6,0,0,0,0,53,64.63,6,7.32,23,28.05,117,42.24,56,20.22,12,4.33,21,7.58,0,0,0,0,12,4.33,0,0,0,0,0,0,59,21.3,377,3,0.28,25,2.29,328,30.09,734,67.34,0,0,88,31.77,107,38.63,82,29.6,110000,137800,89200,1066,300,1,0,0,157,14.4,1,0.09,0,0,0,0,932,85.5,143,51.62,0,0,0,0,0,0,134,48.38,3360685119,231997.232
3133,48419,48,TX,Texas,419,Shelby,12358,9486,76.76,2872,23.24,7115,75.01,1782,25.05,2698,37.92,833,11.71,790,11.1,535,7.52,477,6.7,2371,24.99,577,24.34,604,25.47,435,18.35,350,14.76,232,9.78,173,7.3,2359,24.87,3302,34.81,1268,13.37,1140,12.02,767,8.09,650,6.85,1977,186,1.51,882,7.14,3599,29.12,7691,62.23,5.4,5.7,4.4,7510,60.77,35,0.28,465,3.76,207,1.68,59,0.48,4082,33.03,7115,4786,67.27,8,0.11,0,0,12,0.17,0,0,2309,32.45,2371,940,39.65,23,0.97,425,17.92,150,6.33,30,1.27,803,33.87,1954,27.46,2411,33.89,2132,29.96,618,8.69,426,17.97,615,25.94,832,35.09,498,21,1330,56.09,2380,25.09,3026,31.9,2964,31.25,1116,11.76,30,1.27,0,0,30,100,0,0,0,0,0,0,345,14.55,77,22.32,82,23.77,97,28.12,28,8.12,61,17.68,987,41.63,173,17.53,183,18.54,471,47.72,17,1.72,143,14.49,1009,42.56,20,1.98,71,7.04,407,40.34,231,22.89,280,27.75,980,41.33,415,17.5,224,9.45,29,1.22,184,7.76,28,1.18,27,1.14,0,0,0,0,0,0,484,20.41,486,35,0.49,237,3.33,1369,19.24,5474,76.94,30,1.27,345,14.55,987,41.63,1009,42.56,81800,100900,76900,6998,2271,204,13,0,1506,21.17,98,1.38,0,0,0,0,5511,77.46,765,32.26,106,4.47,13,0.55,0,0,1487,62.72,3001160103,315931.9547
3142,48421,48,TX,Texas,421,Sherman,1397,1070,76.59,327,23.41,780,72.9,153,19.62,273,35,152,19.49,136,17.44,53,6.79,13,1.67,290,27.1,61,21.03,59,20.34,69,23.79,10,3.45,48,16.55,43,14.83,214,20,332,31.03,221,20.65,146,13.64,101,9.44,56,5.23,1958,2,0.14,125,8.95,244,17.47,1026,73.44,6.1,6.3,5.2,1219,87.26,4,0.29,0,0,40,2.86,3,0.21,131,9.38,780,715,91.67,4,0.51,0,0,0,0,0,0,61,7.82,290,231,79.66,0,0,0,0,32,11.03,3,1.03,24,8.28,41,5.26,140,17.95,441,56.54,158,20.26,10,3.45,30,10.34,144,49.66,106,36.55,250,86.21,51,4.77,170,15.89,585,54.67,264,24.67,0,0,0,0,0,0,0,0,0,0,0,0,65,22.41,0,0,0,0,45,69.23,6,9.23,14,21.54,95,32.76,0,0,12,12.63,60,63.16,0,0,23,24.21,130,44.83,0,0,0,0,55,42.31,47,36.15,28,21.54,73,25.17,54,18.62,32,11.03,25,8.62,13,4.48,0,0,18,6.21,3,1.03,0,0,7,2.41,65,22.41,537,0,0,24,3.08,44,5.64,712,91.28,0,0,65,22.41,95,32.76,130,44.83,93900,93200,94400,864,193,13,0,0,125,16.03,0,0,0,0,0,0,655,83.97,68,23.45,13,4.48,0,0,0,0,209,72.07,3685968930,242897.1997
3143,48423,48,TX,Texas,423,Smith,91122,77809,85.39,13313,14.61,52300,67.22,10944,20.93,20566,39.32,8573,16.39,6865,13.13,3163,6.05,2189,4.19,25509,32.78,9016,35.34,6730,26.38,4137,16.22,3127,12.26,1760,6.9,739,2.9,19960,25.65,27296,35.08,12710,16.33,9992,12.84,4923,6.33,2928,3.76,1981,1851,2.03,6568,7.21,20808,22.84,61895,67.93,5.6,6.1,4.5,63760,69.97,1935,2.12,4245,4.66,7527,8.26,3599,3.95,10056,11.04,52300,45916,87.79,675,1.29,195,0.37,87,0.17,125,0.24,5302,10.14,25509,10432,40.9,1157,4.54,3470,13.6,5368,21.04,3023,11.85,2059,8.07,15165,29,15946,30.49,17766,33.97,3423,6.54,5705,22.36,7638,29.94,10056,39.42,2110,8.27,12166,47.69,20870,26.82,23584,30.31,27822,35.76,5533,7.11,1150,4.51,58,5.04,152,13.22,671,58.35,239,18005.13,30,2.61,4450,17.44,183,4.11,373,8.38,3141,70.58,654,14.7,99,2.22,9173,35.96,83,0.9,339,3.7,5027,54.8,3286,35.82,438,4.77,10736,42.09,13,0.12,262,2.44,2713,25.27,6311,58.78,1437,13.38,3141,12.31,2191,8.59,3475,13.62,3170,12.43,2785,10.92,2351,9.22,3511,13.76,1870,7.33,711,2.79,300,1.18,2004,7.86,792,320,0.61,608,1.16,6811,13.02,44561,85.2,1150,4.51,4450,17.44,9173,35.96,10736,42.09,164200,169600,156200,56136,20651,894,119,9,10511,20.1,264,0.5,50,0.1,9,0.02,41466,79.28,10140,39.75,630,2.47,69,0.27,0,0,14670,57.51,3458466137,354799.9479
3144,48425,48,TX,Texas,425,Somervell,3851,3145,81.67,706,18.33,2635,83.78,579,21.97,997,37.84,355,13.47,475,18.03,116,4.4,113,4.29,510,16.22,152,29.8,117,22.94,123,24.12,118,23.14,0,0,0,0,731,23.24,1114,35.42,478,15.2,593,18.86,116,3.69,113,3.59,1976,27,0.7,179,4.65,1050,27.27,2595,67.39,5.6,5.9,4.8,3061,79.49,7,0.18,78,2.03,156,4.05,2,0.05,547,14.2,2635,2303,87.4,7,0.27,0,0,0,0,0,0,325,12.33,510,278,54.51,0,0,58,11.37,109,21.37,2,0.39,63,12.35,1047,39.73,828,31.42,603,22.88,157,5.96,10,1.96,182,35.69,294,57.65,24,4.71,318,62.35,1057,33.61,1010,32.11,897,28.52,181,5.76,27,5.29,27,100,0,0,0,0,0,0,0,0,70,13.73,11,15.71,0,0,59,84.29,0,0,0,0,226,44.31,7,3.1,20,8.85,156,69.03,25,11.06,18,7.96,187,36.67,0,0,28,14.97,13,6.95,133,71.12,13,6.95,209,40.98,32,6.27,70,13.73,10,1.96,78,15.29,17,3.33,27,5.29,36,7.06,0,0,0,0,31,6.08,596,0,0,70,2.66,731,27.74,1834,69.6,27,5.29,70,13.73,226,44.31,187,36.67,205800,231300,174300,2432,658,55,0,0,553,20.99,47,1.78,0,0,0,0,2035,77.23,105,20.59,8,1.57,0,0,0,0,397,77.84,696350028.8,108731.8677
3145,48427,48,TX,Texas,427,Starr,19865,16281,81.96,3584,18.04,12177,74.79,2343,19.24,3092,25.39,2542,20.88,2028,16.65,1377,11.31,795,6.53,4104,25.21,973,23.71,1009,24.59,732,17.84,747,18.2,371,9.04,272,6.63,3316,20.37,4101,25.19,3274,20.11,2775,17.04,1748,10.74,1067,6.55,1990,567,2.85,1512,7.61,5382,27.09,12404,62.44,5,5.2,4,15996,80.52,200,1.01,1018,5.12,689,3.47,59,0.3,1903,9.58,12177,10829,88.93,84,0.69,32,0.26,65,0.53,0,0,1167,9.58,4104,2395,58.36,17,0.41,708,17.25,504,12.28,59,1.44,421,10.26,4033,33.12,4972,40.83,2905,23.86,267,2.19,1156,28.17,1832,44.64,981,23.9,135,3.29,1116,27.19,5189,31.87,6804,41.79,3886,23.87,402,2.47,52,1.27,12,23.08,33,63.46,0,0,0,0,7,13.46,643,15.67,105,16.33,456,70.92,43,6.69,0,0,39,6.07,1859,45.3,97,5.22,473,25.44,916,49.27,0,0,373,20.06,1550,37.77,0,0,48,3.1,825,53.23,272,17.55,405,26.13,2375,57.87,415,10.11,227,5.53,47,1.15,152,3.7,0,0,64,1.56,0,0,0,0,0,0,824,20.08,385,154,1.26,403,3.31,2352,19.32,9268,76.11,52,1.27,643,15.67,1859,45.3,1550,37.77,76900,110600,68800,11179,4510,575,17,0,3010,24.72,161,1.32,17,0.14,0,0,8989,73.82,1500,36.55,414,10.09,0,0,0,0,2190,53.36,3994517057,302545.2731
3151,48015,48,TX,Texas,15,Austin,13335,11569,86.76,1766,13.24,9075,78.44,1684,18.56,3871,42.66,1490,16.42,1053,11.6,533,5.87,444,4.89,2494,21.56,903,36.21,399,16,542,21.73,362,14.51,188,7.54,100,4.01,2587,22.36,4270,36.91,2032,17.56,1415,12.23,721,6.23,544,4.7,1984,100,0.75,1099,8.24,3361,25.2,8775,65.8,5.8,6.2,4.3,9545,71.58,165,1.24,653,4.9,229,1.72,158,1.18,2585,19.39,9075,7138,78.66,55,0.61,23,0.25,0,0,0,0,1859,20.48,2494,973,39.01,110,4.41,542,21.73,174,6.98,158,6.34,537,21.53,3091,34.06,3139,34.59,1803,19.87,1042,11.48,380,15.24,1210,48.52,611,24.5,293,11.75,904,36.25,3471,30,4349,37.59,2414,20.87,1335,11.54,82,3.29,0,0,69,84.15,13,15.85,0,0,0,0,515,20.65,122,23.69,46,8.93,306,59.42,37,7.18,4,0.78,1185,47.51,0,0,22,1.86,671,56.62,334,28.19,158,13.33,712,28.55,2,0.28,22,3.09,201,28.23,428,60.11,59,8.29,748,29.99,239,9.58,214,8.58,292,11.71,214,8.58,178,7.14,284,11.39,92,3.69,12,0.48,0,0,221,8.86,679,13,0.14,341,3.76,1607,17.71,7114,78.39,82,3.29,515,20.65,1185,47.51,712,28.55,197200,235600,169600,8389,2961,148,71,0,1875,20.66,16,0.18,48,0.53,0,0,7136,78.63,1086,43.54,132,5.29,23,0.92,0,0,1253,50.24,2269233159,298574.7871
3152,48017,48,TX,Texas,17,Bailey,2677,2056,76.8,621,23.2,1592,77.43,357,22.42,647,40.64,136,8.54,334,20.98,64,4.02,54,3.39,464,22.57,207,44.61,140,30.17,27,5.82,28,6.03,29,6.25,33,7.11,564,27.43,787,38.28,163,7.93,362,17.61,93,4.52,87,4.23,1974,0,0,351,13.11,765,28.58,1561,58.31,5.4,6,3.9,1945,72.66,132,4.93,279,10.42,0,0,44,1.64,277,10.35,1592,1416,88.94,132,8.29,0,0,0,0,0,0,44,2.76,464,189,40.73,0,0,157,33.84,0,0,22,4.74,96,20.69,97,6.09,136,8.54,1240,77.89,119,7.47,64,13.79,122,26.29,278,59.91,0,0,278,59.91,161,7.83,258,12.55,1518,73.83,119,5.79,0,0,0,0,0,0,0,0,0,0,0,0,191,41.16,24,12.57,49,25.65,58,30.37,0,0,60,31.41,72,15.52,0,0,28,38.89,44,61.11,0,0,0,0,201,43.32,0,0,0,0,87,43.28,32,15.92,82,40.8,211,45.47,59,12.72,9,1.94,20,4.31,23,4.96,0,0,0,0,0,0,0,0,0,0,142,30.6,464,0,0,0,0,449,28.2,1143,71.8,0,0,191,41.16,72,15.52,201,43.32,75200,85800,73400,1624,370,62,0,0,303,19.03,62,3.89,0,0,0,0,1227,77.07,67,14.44,0,0,0,0,0,0,397,85.56,3131813507,226955.7071
3153,48019,48,TX,Texas,19,Bandera,12003,8697,72.46,3306,27.54,7540,86.7,1794,23.79,3710,49.2,1022,13.55,622,8.25,140,1.86,252,3.34,1157,13.3,285,24.63,355,30.68,275,23.77,162,14,28,2.42,52,4.49,2079,23.9,4065,46.74,1297,14.91,784,9.01,168,1.93,304,3.5,1989,501,4.17,1253,10.44,3206,26.71,7043,58.68,5.6,5.7,4.9,8501,70.82,60,0.5,70,0.58,49,0.41,0,0,3323,27.68,7540,5396,71.56,51,0.68,0,0,0,0,0,0,2093,27.76,1157,545,47.1,9,0.78,61,5.27,49,4.24,0,0,493,42.61,2598,34.46,3237,42.93,1270,16.84,435,5.77,260,22.47,537,46.41,279,24.11,81,7,360,31.11,2858,32.86,3774,43.39,1549,17.81,516,5.93,11,0.95,0,0,0,0,11,100,0,0,0,0,147,12.71,0,0,17,11.56,46,31.29,33,22.45,51,34.69,374,32.32,0,0,43,11.5,189,50.53,51,13.64,91,24.33,625,54.02,0,0,72,11.52,83,13.28,261,41.76,209,33.44,149,12.88,117,10.11,117,10.11,54,4.67,125,10.8,49,4.24,92,7.95,33,2.85,70,6.05,0,0,351,30.34,723,129,1.71,537,7.12,1896,25.15,4978,66.02,11,0.95,147,12.71,374,32.32,625,54.02,202000,239900,163400,6760,1895,42,0,0,1516,20.11,31,0.41,0,0,0,0,5993,79.48,379,32.76,11,0.95,0,0,0,0,767,66.29,2750071139,245265.2185
3154,48021,48,TX,Texas,21,Bastrop,30435,26173,86,4262,14,20557,78.54,4035,19.63,7621,37.07,3142,15.28,2994,14.56,1828,8.89,937,4.56,5616,21.46,1950,34.72,1063,18.93,880,15.67,696,12.39,558,9.94,469,8.35,5985,22.87,8684,33.18,4022,15.37,3690,14.1,2386,9.12,1406,5.37,1988,750,2.46,2203,7.24,6475,21.27,21007,69.02,5.7,6,4.7,20401,67.03,419,1.38,1077,3.54,416,1.37,453,1.49,7669,25.2,20557,15082,73.37,280,1.36,98,0.48,0,0,29,0.14,5068,24.65,5616,2746,48.9,139,2.48,881,15.69,352,6.27,331,5.89,1167,20.78,8329,40.52,7388,35.94,3221,15.67,1619,7.88,1422,25.32,2370,42.2,1184,21.08,640,11.4,1824,32.48,9751,37.26,9758,37.28,4405,16.83,2259,8.63,206,3.67,0,0,67,32.52,134,65.05,0,0,5,2.43,759,13.51,0,0,173,22.79,296,39,188,24.77,102,13.44,2141,38.12,106,4.95,85,3.97,541,25.27,1102,51.47,307,14.34,2510,44.69,20,0.8,40,1.59,515,20.52,1661,66.18,274,10.92,716,12.75,532,9.47,386,6.87,451,8.03,416,7.41,410,7.3,1140,20.3,644,11.47,233,4.15,0,0,688,12.25,891,184,0.9,708,3.44,2947,14.34,16718,81.33,206,3.67,759,13.51,2141,38.12,2510,44.69,199300,214400,166900,18907,6623,588,55,0,4470,21.74,277,1.35,22,0.11,0,0,15788,76.8,2153,38.34,311,5.54,33,0.59,0,0,3119,55.54,3109567948,220264.5494
3155,48023,48,TX,Texas,23,Baylor,2601,1621,62.32,980,37.68,1196,73.78,295,24.67,538,44.98,151,12.63,191,15.97,0,0,21,1.76,425,26.22,225,52.94,112,26.35,13,3.06,33,7.76,21,4.94,21,4.94,520,32.08,650,40.1,164,10.12,224,13.82,21,1.3,42,2.59,1961,84,3.23,211,8.11,753,28.95,1553,59.71,5.7,5.9,4.5,2236,85.97,23,0.88,95,3.65,0,0,10,0.38,237,9.11,1196,1078,90.13,14,1.17,0,0,0,0,0,0,104,8.7,425,302,71.06,9,2.12,95,22.35,0,0,10,2.35,9,2.12,52,4.35,151,12.63,707,59.11,286,23.91,0,0,83,19.53,216,50.82,126,29.65,342,80.47,52,3.21,234,14.44,923,56.94,412,25.42,20,4.71,12,60,8,40,0,0,0,0,0,0,106,24.94,23,21.7,83,78.3,0,0,0,0,0,0,143,33.65,0,0,47,32.87,73,51.05,0,0,23,16.08,156,36.71,0,0,8,5.13,85,54.49,16,10.26,47,30.13,238,56,72,16.94,40,9.41,5,1.18,0,0,0,0,0,0,0,0,0,0,0,0,70,16.47,378,33,2.76,38,3.18,284,23.75,841,70.32,20,4.71,106,24.94,143,33.65,156,36.71,69100,,64500,1249,357,15,0,0,214,17.89,0,0,0,0,0,0,982,82.11,143,33.65,15,3.53,0,0,0,0,267,62.82,3374036059,232386.008
3156,48025,48,TX,Texas,25,Bee,10723,8499,79.26,2224,20.74,5503,64.75,1341,24.37,1816,33,809,14.7,778,14.14,480,8.72,279,5.07,2996,35.25,1081,36.08,872,29.11,451,15.05,239,7.98,148,4.94,205,6.84,2422,28.5,2688,31.63,1260,14.83,1017,11.97,628,7.39,484,5.69,1976,91,0.85,941,8.78,3420,31.89,6271,58.48,5.3,5.5,4.9,7980,74.42,85,0.79,678,6.32,463,4.32,99,0.92,1418,13.22,5503,4575,83.14,27,0.49,0,0,0,0,0,0,901,16.37,2996,1766,58.95,58,1.94,544,18.16,372,12.42,99,3.3,157,5.24,974,17.7,1472,26.75,2641,47.99,416,7.56,286,9.55,924,30.84,1428,47.66,358,11.95,1786,59.61,1260,14.83,2396,28.19,4069,47.88,774,9.11,0,0,0,0,0,0,0,0,0,0,0,0,454,15.15,103,22.69,76,16.74,271,59.69,4,0.88,0,0,1450,48.4,123,8.48,86,5.93,719,49.59,346,23.86,176,12.14,1092,36.45,21,1.92,27,2.47,290,26.56,566,51.83,188,17.22,821,27.4,108,3.6,254,8.48,293,9.78,392,13.08,115,3.84,504,16.82,79,2.64,44,1.47,22,0.73,364,12.15,751,21,0.38,283,5.14,1137,20.66,4062,73.81,0,0,454,15.15,1450,48.4,1092,36.45,88700,119000,76500,6295,2046,158,0,0,984,17.88,49,0.89,0,0,0,0,4470,81.23,1062,35.45,109,3.64,0,0,0,0,1825,60.91,2958507154,265729.408
3157,48027,48,TX,Texas,27,Bell,142110,125747,88.49,16363,11.51,67893,53.99,13816,20.35,26362,38.83,10223,15.06,9569,14.09,4961,7.31,2962,4.36,57854,46.01,20047,34.65,15504,26.8,9086,15.71,6913,11.95,4295,7.42,2009,3.47,33863,26.93,41866,33.29,19309,15.36,16482,13.11,9256,7.36,4971,3.95,1989,2265,1.59,13581,9.56,27990,19.7,98274,69.15,5.4,6.1,4.4,91352,64.28,6262,4.41,16033,11.28,13301,9.36,6001,4.22,9161,6.45,67893,62603,92.21,763,1.12,286,0.42,10,0.01,73,0.11,4158,6.12,57854,21886,37.83,2943,5.09,13904,24.03,10822,18.71,5060,8.75,3239,5.6,30641,45.13,19103,28.14,15459,22.77,2690,3.96,17500,30.25,21285,36.79,17232,29.79,1837,3.18,19069,32.96,48141,38.28,40388,32.12,32691,26,4527,3.6,1489,2.57,8,0.54,215,14.44,953,64,258,20503.56,55,3.69,10355,17.9,476,4.6,1516,14.64,6898,66.62,1397,13.49,68,0.66,18351,31.72,123,0.67,1024,5.58,12715,69.29,4026,21.94,463,2.52,27659,47.81,130,0.47,408,1.48,7401,26.76,18465,66.76,1255,4.54,8361,14.45,6643,11.48,7857,13.58,7200,12.45,7222,12.48,5467,9.45,7830,13.53,3620,6.26,1406,2.43,407,0.7,1841,3.18,769,228,0.34,782,1.15,5301,7.81,61582,90.7,1489,2.57,10355,17.9,18351,31.72,27659,47.81,153500,162500,129300,85596,37780,2316,55,0,13629,20.07,492,0.72,15,0.02,0,0,53757,79.18,24151,41.74,1824,3.15,40,0.07,0,0,31839,55.03,3858465721,258176.6424
3166,48029,48,TX,Texas,29,Bexar,699646,644561,92.13,55085,7.87,377055,58.5,80945,21.47,120702,32.01,66284,17.58,58546,15.53,30508,8.09,20070,5.32,267506,41.5,103575,38.72,69197,25.87,37526,14.03,29584,11.06,16677,6.23,10947,4.09,184520,28.63,189899,29.46,103810,16.11,88130,13.67,47185,7.32,31017,4.81,1986,20657,2.95,102726,14.68,150489,21.51,425774,60.86,5.4,6.3,4.1,455918,65.16,16152,2.31,43809,6.26,98192,14.03,68066,9.73,17509,2.5,377055,352413,93.46,7432,1.97,2722,0.72,1797,0.48,1789,0.47,10902,2.89,267506,79349,29.66,7714,2.88,36209,13.54,82380,30.8,57310,21.42,4544,1.7,113284,30.04,103714,27.51,123023,32.63,37034,9.82,77476,28.96,84922,31.75,83578,31.24,21530,8.05,105108,39.29,190760,29.6,188636,29.27,206601,32.05,58564,9.09,15616,5.84,584,3.74,1010,6.47,8820,56.48,4687,396804.6,515,3.3,83416,31.18,4338,5.2,3608,4.33,49097,58.86,25510,30.58,863,1.03,87975,32.89,2024,2.3,2465,2.8,27646,31.42,52427,59.59,3413,3.88,80499,30.09,695,0.86,1732,2.15,14453,17.95,57211,71.07,6408,7.96,24869,9.3,14067,5.26,27298,10.2,33194,12.41,32666,12.21,28538,10.67,45317,16.94,27009,10.1,16250,6.07,7099,2.65,11199,4.19,888,2044,0.54,5534,1.47,45436,12.05,324041,85.94,15616,5.84,83416,31.18,87975,32.89,80499,30.09,171200,190000,137300,425614,204927,13450,570,0,84938,22.53,2547,0.68,151,0.04,0,0,289419,76.76,119989,44.85,10903,4.08,419,0.16,0,0,136195,50.91,4305232064,327941.9279
3167,48031,48,TX,Texas,31,Blanco,5834,4665,79.96,1169,20.04,3643,78.09,702,19.27,1893,51.96,453,12.43,299,8.21,187,5.13,109,2.99,1022,21.91,367,35.91,356,34.83,100,9.78,105,10.27,91,8.9,3,0.29,1069,22.92,2249,48.21,553,11.85,404,8.66,278,5.96,112,2.4,1982,179,3.07,546,9.36,1031,17.67,4078,69.9,5.8,6.3,4.4,4586,78.61,7,0.12,145,2.49,135,2.31,16,0.27,945,16.2,3643,2930,80.43,7,0.19,0,0,0,0,0,0,706,19.38,1022,551,53.91,0,0,128,12.52,128,12.52,16,1.57,199,19.47,1191,32.69,1414,38.81,519,14.25,519,14.25,330,32.29,206,20.16,304,29.75,182,17.81,486,47.55,1521,32.6,1620,34.73,823,17.64,701,15.03,16,1.57,0,0,0,0,16,100,0,0,0,0,337,32.97,14,4.15,140,41.54,114,33.83,3,0.89,66,19.58,367,35.91,3,0.82,0,0,226,61.58,99,26.98,39,10.63,302,29.55,0,0,15,4.97,72,23.84,118,39.07,97,32.12,212,20.74,85,8.32,92,9,81,7.93,172,16.83,30,2.94,48,4.7,10,0.98,90,8.81,0,0,202,19.77,713,97,2.66,69,1.89,394,10.82,3083,84.63,16,1.57,337,32.97,367,35.91,302,29.55,261300,269500,254500,3608,1024,33,0,0,688,18.89,30,0.82,0,0,0,0,2925,80.29,336,32.88,3,0.29,0,0,0,0,683,66.83,2485260948,204294.792
3168,48033,48,TX,Texas,33,Borden,371,223,60.11,148,39.89,155,69.51,28,18.06,90,58.06,4,2.58,30,19.35,3,1.94,0,0,68,30.49,18,26.47,18,26.47,3,4.41,14,20.59,2,2.94,13,19.12,46,20.63,108,48.43,7,3.14,44,19.73,5,2.24,13,5.83,1985,13,3.5,15,4.04,99,26.68,244,65.77,5.4,5.4,5.3,301,81.13,0,0,5,1.35,0,0,0,0,65,17.52,155,131,84.52,0,0,0,0,0,0,0,0,24,15.48,68,50,73.53,0,0,0,0,0,0,0,0,18,26.47,25,16.13,24,15.48,100,64.52,6,3.87,12,17.65,22,32.35,34,50,0,0,34,50,37,16.59,46,20.63,134,60.09,6,2.69,0,0,0,0,0,0,0,0,0,0,0,0,0,0,0,0,0,0,0,0,0,0,0,0,10,14.71,3,30,0,0,0,0,0,0,7,70,58,85.29,0,0,0,0,8,13.79,3,5.17,47,81.03,11,16.18,0,0,0,0,0,0,0,0,0,0,3,4.41,0,0,0,0,0,0,54,79.41,425,8,5.16,0,0,18,11.61,129,83.23,0,0,0,0,10,14.71,58,85.29,156300,211800,130400,194,21,0,8,0,8,5.16,0,0,8,5.16,0,0,139,89.68,13,19.12,0,0,0,0,0,0,55,80.88,3326399735,230859.8018
3169,48349,48,TX,Texas,349,Navarro,21182,17509,82.66,3673,17.34,12191,69.63,2133,17.5,4718,38.7,1643,13.48,1913,15.69,896,7.35,888,7.28,5318,30.37,1861,34.99,1650,31.03,824,15.49,511,9.61,134,2.52,338,6.36,3994,22.81,6368,36.37,2467,14.09,2424,13.84,1030,5.88,1226,7,1978,357,1.69,1208,5.7,5035,23.77,14582,68.84,5.5,5.9,4.6,15035,70.98,304,1.44,1063,5.02,391,1.85,616,2.91,3773,17.81,12191,9556,78.39,171,1.4,56,0.46,30,0.25,14,0.11,2364,19.39,5318,2893,54.4,89,1.67,843,15.85,275,5.17,544,10.23,674,12.67,3500,28.71,3305,27.11,3773,30.95,1613,13.23,558,10.49,1800,33.85,2439,45.86,521,9.8,2960,55.66,4058,23.18,5105,29.16,6212,35.48,2134,12.19,204,3.84,0,0,74,36.27,129,63.24,0,0,1,0.49,771,14.5,48,6.23,205,26.59,503,65.24,0,0,15,1.95,1756,33.02,108,6.15,206,11.73,1042,59.34,275,15.66,125,7.12,2587,48.65,26,1.01,54,2.09,939,36.3,1089,42.1,479,18.52,1258,23.66,923,17.36,722,13.58,612,11.51,544,10.23,142,2.67,391,7.35,59,1.11,0,0,47,0.88,620,11.66,617,49,0.4,266,2.18,2048,16.8,9828,80.62,204,3.84,771,14.5,1756,33.02,2587,48.65,109700,134100,92200,12220,5023,265,1,0,2667,21.88,148,1.21,1,0.01,0,0,9375,76.9,2356,44.3,117,2.2,0,0,0,0,2845,53.5,3926571282,293811.8526
3170,48351,48,TX,Texas,351,Newton,7402,5124,69.22,2278,30.78,4228,82.51,786,18.59,1929,45.62,682,16.13,577,13.65,171,4.04,83,1.96,896,17.49,234,26.12,176,19.64,195,21.76,116,12.95,141,15.74,34,3.79,1020,19.91,2105,41.08,877,17.12,693,13.52,312,6.09,117,2.28,1984,155,2.09,778,10.51,2327,31.44,4142,55.96,5,5.2,4.1,4099,55.38,395,5.34,65,0.88,9,0.12,41,0.55,2793,37.73,4228,2461,58.21,164,3.88,0,0,0,0,0,0,1603,37.91,896,274,30.58,76,8.48,65,7.25,9,1,41,4.58,431,48.1,1552,36.71,1357,32.1,1102,26.06,217,5.13,87,9.71,431,48.1,278,31.03,100,11.16,378,42.19,1639,31.99,1788,34.89,1380,26.93,317,6.19,38,4.24,0,0,0,0,13,34.21,0,0,25,65.79,123,13.73,4,3.25,18,14.63,21,17.07,0,0,80,65.04,415,46.32,6,1.45,73,17.59,141,33.98,13,3.13,182,43.86,320,35.71,0,0,13,4.06,99,30.94,34,10.63,174,54.38,241,26.9,109,12.17,48,5.36,37,4.13,0,0,0,0,0,0,0,0,0,0,0,0,461,51.45,442,0,0,173,4.09,1028,24.31,3027,71.59,38,4.24,123,13.73,415,46.32,320,35.71,80700,121900,63300,3750,1170,204,0,0,874,20.67,68,1.61,0,0,0,0,3286,77.72,296,33.04,136,15.18,0,0,0,0,464,51.79,3308530734,420952.3593
3171,48353,48,TX,Texas,353,Nolan,7075,5516,77.96,1559,22.04,3748,67.95,983,26.23,1485,39.62,524,13.98,467,12.46,148,3.95,141,3.76,1768,32.05,598,33.82,246,13.91,305,17.25,279,15.78,217,12.27,123,6.96,1581,28.66,1731,31.38,829,15.03,746,13.52,365,6.62,264,4.79,1968,117,1.65,610,8.62,2125,30.04,4223,59.69,5.3,5.6,4.7,5571,78.74,37,0.52,392,5.54,324,4.58,189,2.67,562,7.94,3748,3476,92.74,14,0.37,0,0,0,0,0,0,258,6.88,1768,1083,61.26,19,1.07,232,13.12,173,9.79,189,10.69,72,4.07,246,6.56,728,19.42,1959,52.27,815,21.74,96,5.43,304,17.19,1089,61.6,279,15.78,1368,77.38,342,6.2,1032,18.71,3048,55.26,1094,19.83,45,2.55,0,0,28,62.22,6,13.33,11,708.89,0,0,217,12.27,55,25.35,63,29.03,69,31.8,30,13.82,0,0,769,43.5,44,5.72,135,17.56,465,60.47,51,6.63,74,9.62,737,41.69,52,7.06,22,2.99,188,25.51,296,40.16,179,24.29,620,35.07,267,15.1,176,9.95,135,7.64,152,8.6,47,2.66,92,5.2,12,0.68,10,0.57,4,0.23,253,14.31,546,17,0.45,125,3.34,789,21.05,2817,75.16,45,2.55,217,12.27,769,43.5,737,41.69,80300,112900,62200,4142,1327,47,0,0,683,18.22,36,0.96,0,0,0,0,3029,80.82,644,36.43,11,0.62,0,0,0,0,1113,62.95,3322982306,230340.3548
3172,48355,48,TX,Texas,355,Nueces,150133,130482,86.91,19651,13.09,76550,58.67,16415,21.44,27612,36.07,12746,16.65,10724,14.01,5682,7.42,3371,4.4,53932,41.33,17969,33.32,14154,26.24,8951,16.6,7451,13.82,3234,6,2173,4.03,34384,26.35,41766,32.01,21697,16.63,18175,13.93,8916,6.83,5544,4.25,1980,3493,2.33,18012,12,41523,27.66,87105,58.02,5.1,5.7,4.2,100099,66.67,3364,2.24,12885,8.58,18862,12.56,9892,6.59,5031,3.35,76550,70647,92.29,1672,2.18,756,0.99,343,0.45,935,1.22,2197,2.87,53932,19620,36.38,1471,2.73,9880,18.32,14662,27.19,6337,11.75,1962,3.64,14989,19.58,21442,28.01,33130,43.28,6989,9.13,11747,21.78,15487,28.72,22103,40.98,4595,8.52,26698,49.5,26736,20.49,36929,28.3,55233,42.33,11584,8.88,2628,4.87,121,4.6,186,7.08,1726,65.68,574,39306.89,21,0.8,13223,24.52,889,6.72,813,6.15,8095,61.22,3213,24.3,213,1.61,21157,39.23,627,2.96,676,3.2,6449,30.48,12395,58.59,1010,4.77,16924,31.38,223,1.32,349,2.06,3393,20.05,12146,71.77,813,4.8,6746,12.51,3654,6.78,4494,8.33,6867,12.73,6527,12.1,5684,10.54,8630,16,4213,7.81,3810,7.06,1250,2.32,2057,3.81,864,343,0.45,1355,1.77,11994,15.67,62858,82.11,2628,4.87,13223,24.52,21157,39.23,16924,31.38,148100,167200,118300,87310,40466,2638,68,0,17062,22.29,618,0.81,47,0.06,0,0,58823,76.84,23404,43.4,2020,3.75,21,0.04,0,0,28487,52.82,2801517477,1098130.327
3173,48357,48,TX,Texas,357,Ochiltree,4152,3391,81.67,761,18.33,2483,73.22,478,19.25,719,28.96,306,12.32,396,15.95,344,13.85,240,9.67,908,26.78,287,31.61,246,27.09,79,8.7,95,10.46,76,8.37,125,13.77,765,22.56,965,28.46,385,11.35,491,14.48,420,12.39,365,10.76,1968,34,0.82,99,2.38,1065,25.65,2954,71.15,5.4,5.8,4.7,3041,73.24,39,0.94,193,4.65,114,2.75,110,2.65,655,15.78,2483,2092,84.25,27,1.09,0,0,0,0,8,0.32,356,14.34,908,540,59.47,12,1.32,106,11.67,65,7.16,102,11.23,83,9.14,212,8.54,668,26.9,1300,52.36,303,12.2,92,10.13,162,17.84,565,62.22,89,9.8,654,72.03,304,8.96,830,24.48,1865,55,392,11.56,21,2.31,0,0,0,0,21,100,0,0,0,0,41,4.52,19,46.34,0,0,7,17.07,0,0,15,36.59,432,47.58,0,0,0,0,330,76.39,61,14.12,41,9.49,414,45.59,0,0,0,0,264,63.77,50,12.08,100,24.15,126,13.88,224,24.67,157,17.29,127,13.99,53,5.84,34,3.74,25,2.75,6,0.66,0,0,0,0,156,17.18,609,0,0,0,0,412,16.59,2071,83.41,21,2.31,41,4.52,432,47.58,414,45.59,104300,148100,90300,2535,796,60,0,0,536,21.59,30,1.21,0,0,0,0,1917,77.2,260,28.63,30,3.3,0,0,0,0,618,68.06,3666768406,242296.1406
3182,48359,48,TX,Texas,359,Oldham,794,646,81.36,148,18.64,472,73.07,93,19.7,189,40.04,68,14.41,60,12.71,14,2.97,48,10.17,174,26.93,41,23.56,39,22.41,20,11.49,28,16.09,43,24.71,3,1.72,134,20.74,228,35.29,88,13.62,88,13.62,57,8.82,51,7.89,1963,16,2.02,24,3.02,124,15.62,630,79.35,5.9,6.2,5.3,583,73.43,4,0.5,63,7.93,16,2.02,2,0.25,126,15.87,472,374,79.24,0,0,0,0,0,0,2,0.42,96,20.34,174,109,62.64,4,2.3,50,28.74,11,6.32,0,0,0,0,78,16.53,86,18.22,228,48.31,80,16.95,17,9.77,12,6.9,122,70.11,23,13.22,145,83.33,95,14.71,98,15.17,350,54.18,103,15.94,0,0,0,0,0,0,0,0,0,0,0,0,16,9.2,0,0,0,0,8,50,0,0,8,50,42,24.14,0,0,0,0,18,42.86,10,23.81,14,33.33,116,66.67,0,0,0,0,15,12.93,4,3.45,97,83.62,0,0,28,16.09,7,4.02,2,1.15,4,2.3,0,0,10,5.75,4,2.3,0,0,0,0,119,68.39,549,0,0,7,1.48,51,10.81,414,87.71,0,0,16,9.2,42,24.14,116,66.67,103800,152500,78000,588,54,4,0,0,42,8.9,0,0,0,0,0,0,430,91.1,12,6.9,4,2.3,0,0,0,0,158,90.8,5866395762,315973.4416
3183,48361,48,TX,Texas,361,Orange,37883,31570,83.34,6313,16.66,23449,74.28,4955,21.13,8973,38.27,3687,15.72,3476,14.82,1407,6,951,4.06,8121,25.72,2592,31.92,2189,26.95,1498,18.45,968,11.92,520,6.4,354,4.36,7547,23.91,11162,35.36,5185,16.42,4444,14.08,1927,6.1,1305,4.13,1979,636,1.68,2805,7.4,7633,20.15,26809,70.77,5.6,6,4.6,26024,68.7,424,1.12,1091,2.88,2643,6.98,573,1.51,7128,18.82,23449,18685,79.68,172,0.73,17,0.07,44,0.19,19,0.08,4512,19.24,8121,3669,45.18,172,2.12,891,10.97,1784,21.97,395,4.86,1210,14.9,6095,25.99,6476,27.62,9415,40.15,1463,6.24,1923,23.68,2019,24.86,3629,44.69,550,6.77,4179,51.46,8018,25.4,8495,26.91,13044,41.32,2013,6.38,310,3.82,6,1.94,67,21.61,137,44.19,0,0,100,32.26,1440,17.73,78,5.42,222,15.42,1026,71.25,53,3.68,61,4.24,2614,32.19,56,2.14,237,9.07,1723,65.91,353,13.5,245,9.37,3757,46.26,123,3.27,118,3.14,1221,32.5,1668,44.4,627,16.69,1668,20.54,1228,15.12,981,12.08,1227,15.11,421,5.18,631,7.77,831,10.23,0,0,101,1.24,0,0,1033,12.72,659,151,0.64,733,3.13,3314,14.13,19251,82.1,310,3.82,1440,17.73,2614,32.19,3757,46.26,116100,142400,96100,25565,5500,472,33,0,2797,11.93,275,1.17,33,0.14,0,0,20344,86.76,2703,33.28,197,2.43,0,0,0,0,5221,64.29,1318253644,223709.7858
3184,48363,48,TX,Texas,363,Palo Pinto,15522,10334,66.58,5188,33.42,7703,74.54,1655,21.49,3598,46.71,979,12.71,761,9.88,439,5.7,271,3.52,2631,25.46,907,34.47,627,23.83,539,20.49,332,12.62,152,5.78,74,2.81,2562,24.79,4225,40.88,1518,14.69,1093,10.58,591,5.72,345,3.34,1967,559,3.6,1022,6.58,4157,26.78,9784,63.03,5.7,6,4.8,11008,70.92,167,1.08,807,5.2,547,3.52,410,2.64,2583,16.64,7703,6438,83.58,61,0.79,20,0.26,33,0.43,0,0,1151,14.94,2631,1153,43.82,79,3,403,15.32,266,10.11,239,9.08,491,18.66,1359,17.64,1775,23.04,3496,45.38,1073,13.93,370,14.06,541,20.56,1233,46.86,487,18.51,1720,65.37,1729,16.73,2316,22.41,4729,45.76,1560,15.1,100,3.8,0,0,19,19,35,35,46,4600,0,0,363,13.8,35,9.64,129,35.54,147,40.5,0,0,52,14.33,1041,39.57,35,3.36,45,4.32,802,77.04,93,8.93,66,6.34,1127,42.84,26,2.31,4,0.35,488,43.3,477,42.32,132,11.71,587,22.31,480,18.24,390,14.82,366,13.91,321,12.2,54,2.05,145,5.51,21,0.8,0,0,17,0.65,250,9.5,624,122,1.58,171,2.22,1668,21.65,5742,74.54,100,3.8,363,13.8,1041,39.57,1127,42.84,115700,132100,104000,7719,2564,51,0,0,1501,19.49,20,0.26,0,0,0,0,6182,80.25,1063,40.4,31,1.18,0,0,0,0,1537,58.42,3618877637,244912.14
3185,48365,48,TX,Texas,365,Panola,11338,8662,76.4,2676,23.6,6688,77.21,1597,23.88,2631,39.34,958,14.32,748,11.18,367,5.49,387,5.79,1974,22.79,662,33.54,512,25.94,365,18.49,193,9.78,149,7.55,93,4.71,2259,26.08,3143,36.28,1323,15.27,941,10.86,516,5.96,480,5.54,1982,237,2.09,966,8.52,2927,25.82,7208,63.57,5.7,6.1,4.4,7258,64.01,17,0.15,423,3.73,158,1.39,83,0.73,3399,29.98,6688,4751,71.04,17,0.25,0,0,0,0,0,0,1920,28.71,1974,818,41.44,0,0,359,18.19,158,8,83,4.2,556,28.17,1886,28.2,2047,30.61,2360,35.29,395,5.91,573,29.03,475,24.06,815,41.29,111,5.62,926,46.91,2459,28.39,2522,29.12,3175,36.65,506,5.84,41,2.08,0,0,0,0,0,0,0,0,41,100,394,19.96,50,12.69,0,0,284,72.08,12,3.05,48,12.18,815,41.29,6,0.74,193,23.68,360,44.17,123,15.09,133,16.32,724,36.68,0,0,9,1.24,438,60.5,119,16.44,158,21.82,674,34.14,256,12.97,327,16.57,169,8.56,103,5.22,8,0.41,14,0.71,43,2.18,0,0,0,0,380,19.25,560,62,0.93,205,3.07,1111,16.61,5310,79.4,41,2.08,394,19.96,815,41.29,724,36.68,117000,157100,99100,6983,1576,103,0,0,1042,15.58,58,0.87,0,0,0,0,5588,83.55,534,27.05,45,2.28,0,0,0,0,1395,70.67,2977026451,248129.1645
3186,48367,48,TX,Texas,367,Parker,50780,45848,90.29,4932,9.71,36917,80.52,5912,16.01,14155,38.34,7553,20.46,5644,15.29,2214,6,1439,3.9,8931,19.48,3061,34.27,1936,21.68,1278,14.31,1436,16.08,945,10.58,275,3.08,8973,19.57,16091,35.1,8831,19.26,7080,15.44,3159,6.89,1714,3.74,1992,916,1.8,2223,4.38,8037,15.83,39604,77.99,6.2,6.5,4.8,37787,74.41,883,1.74,1797,3.54,1195,2.35,597,1.18,8521,16.78,36917,31571,85.52,230,0.62,75,0.2,37,0.1,0,0,5004,13.55,8931,3337,37.36,613,6.86,1570,17.58,881,9.86,597,6.68,1933,21.64,16625,45.03,11744,31.81,7016,19,1532,4.15,3070,34.37,3088,34.58,2301,25.76,472,5.28,2773,31.05,19695,42.96,14832,32.35,9317,20.32,2004,4.37,339,3.8,127,37.46,32,9.44,121,35.69,57,16.81,2,0.59,1210,13.55,156,12.89,244,20.17,548,45.29,227,18.76,35,2.89,2830,31.69,41,1.45,222,7.84,1162,41.06,1168,41.27,237,8.37,4552,50.97,0,0,148,3.25,897,19.71,3046,66.92,461,10.13,1549,17.34,561,6.28,627,7.02,666,7.46,1113,12.46,883,9.89,1414,15.83,457,5.12,636,7.12,290,3.25,735,8.23,862,352,0.95,563,1.53,3963,10.73,32039,86.79,339,3.8,1210,13.55,2830,31.69,4552,50.97,236300,261700,180100,34804,10743,272,29,0,7021,19.02,105,0.28,29,0.08,0,0,29762,80.62,3722,41.68,167,1.87,0,0,0,0,5042,56.46,3343767043,231540.2686
3190,48093,48,TX,Texas,93,Comanche,7399,5416,73.2,1983,26.8,4446,82.09,1111,24.99,1878,42.24,477,10.73,563,12.66,205,4.61,212,4.77,970,17.91,537,55.36,207,21.34,138,14.23,67,6.91,6,0.62,15,1.55,1648,30.43,2085,38.5,615,11.36,630,11.63,211,3.9,227,4.19,1981,28,0.38,459,6.2,1716,23.19,5196,70.23,5.7,5.9,4.7,5881,79.48,54,0.73,172,2.32,156,2.11,22,0.3,1114,15.06,4446,3798,85.43,42,0.94,9,0.2,0,0,0,0,597,13.43,970,547,56.39,8,0.82,163,16.8,127,13.09,22,2.27,103,10.62,670,15.07,1436,32.3,1463,32.91,877,19.73,73,7.53,427,44.02,270,27.84,200,20.62,470,48.45,743,13.72,1863,34.4,1733,32,1077,19.89,19,1.96,0,0,0,0,0,0,19,100,0,0,250,25.77,28,11.2,172,68.8,50,20,0,0,0,0,263,27.11,0,0,79,30.04,82,31.18,19,7.22,83,31.56,438,45.15,28,6.39,37,8.45,208,47.49,26,5.94,139,31.74,543,55.98,71,7.32,72,7.42,17,1.75,21,2.16,0,0,5,0.52,0,0,0,0,19,1.96,222,22.89,395,9,0.2,147,3.31,918,20.65,3372,75.84,19,1.96,250,25.77,263,27.11,438,45.15,110900,102500,113900,4283,1105,28,0,0,856,19.25,13,0.29,0,0,0,0,3577,80.45,249,25.67,15,1.55,0,0,0,0,706,72.78,3419151437,250873.1768
3191,48095,48,TX,Texas,95,Concho,1659,876,52.8,783,47.2,713,81.39,195,27.35,376,52.73,47,6.59,63,8.84,12,1.68,20,2.81,163,18.61,95,58.28,36,22.09,19,11.66,7,4.29,6,3.68,0,0,290,33.11,412,47.03,66,7.53,70,7.99,18,2.05,20,2.28,1971,61,3.68,175,10.55,516,31.1,907,54.67,5.3,5.5,4.8,1283,77.34,10,0.6,16,0.96,2,0.12,7,0.42,341,20.55,713,587,82.33,0,0,0,0,2,0.28,0,0,124,17.39,163,101,61.96,5,3.07,16,9.82,0,0,7,4.29,34,20.86,137,19.21,200,28.05,163,22.86,213,29.87,10,6.13,29,17.79,79,48.47,45,27.61,124,76.07,147,16.78,229,26.14,242,27.63,258,29.45,1,0.61,0,0,1,100,0,0,0,0,0,0,42,25.77,19,45.24,0,0,7,16.67,7,16.67,9,21.43,42,25.77,0,0,1,2.38,33,78.57,0,0,8,19.05,78,47.85,0,0,16,20.51,20,25.64,2,2.56,40,51.28,63,38.65,22,13.5,12,7.36,0,0,2,1.23,0,0,0,0,7,4.29,0,0,0,0,57,34.97,388,4,0.56,30,4.21,200,28.05,479,67.18,1,0.61,42,25.77,42,25.77,78,47.85,107700,112000,102900,733,134,5,4,0,64,8.98,0,0,4,0.56,0,0,645,90.46,70,42.94,5,3.07,0,0,0,0,88,53.99,3538015488,261025.6135
3192,48097,48,TX,Texas,97,Cooke,16986,15530,91.43,1456,8.57,10869,69.99,2171,19.97,4754,43.74,1354,12.46,1570,14.44,607,5.58,413,3.8,4661,30.01,1542,33.08,1143,24.52,823,17.66,503,10.79,359,7.7,291,6.24,3713,23.91,5897,37.97,2177,14.02,2073,13.35,966,6.22,704,4.53,1973,306,1.8,1083,6.38,3781,22.26,11816,69.56,5.5,5.9,4.7,13393,78.85,209,1.23,778,4.58,293,1.72,312,1.84,2001,11.78,10869,9369,86.2,123,1.13,32,0.29,0,0,0,0,1345,12.37,4661,2804,60.16,70,1.5,694,14.89,293,6.29,295,6.33,505,10.83,2944,27.09,3434,31.59,3403,31.31,1088,10.01,824,17.68,1064,22.83,2298,49.3,475,10.19,2773,59.49,3768,24.26,4498,28.96,5701,36.71,1563,10.06,123,2.64,0,0,0,0,98,79.67,12,1200,13,10.57,748,16.05,86,11.5,101,13.5,421,56.28,29,3.88,111,14.84,1577,33.83,111,7.04,43,2.73,773,49.02,497,31.52,153,9.7,2213,47.48,35,1.58,0,0,688,31.09,1073,48.49,417,18.84,662,14.2,573,12.29,723,15.51,749,16.07,365,7.83,343,7.36,399,8.56,124,2.66,19,0.41,10,0.21,694,14.89,703,152,1.4,203,1.87,1849,17.01,8665,79.72,123,2.64,748,16.05,1577,33.83,2213,47.48,166700,194900,132600,11507,3779,244,0,0,2137,19.66,83,0.76,0,0,0,0,8649,79.57,1642,35.23,161,3.45,0,0,0,0,2858,61.32,3366186486,359925.6954
3193,48099,48,TX,Texas,99,Coryell,26879,22324,83.05,4555,16.95,13590,60.88,2767,20.36,4901,36.06,2372,17.45,1802,13.26,1041,7.66,707,5.2,8734,39.12,2794,31.99,2175,24.9,1352,15.48,1514,17.33,532,6.09,367,4.2,5561,24.91,7076,31.7,3724,16.68,3316,14.85,1573,7.05,1074,4.81,1986,283,1.05,1979,7.36,5038,18.74,19579,72.84,5.7,6.2,4.8,17301,64.37,2885,10.73,2890,10.75,1426,5.31,629,2.34,1748,6.5,13590,12221,89.93,71,0.52,73,0.54,0,0,3,0.02,1222,8.99,8734,3115,35.67,1406,16.1,2097,24.01,1213,13.89,562,6.43,341,3.9,4331,31.87,4410,32.45,4139,30.46,710,5.22,2128,24.36,2885,33.03,3239,37.08,482,5.52,3721,42.6,6459,28.93,7295,32.68,7378,33.05,1192,5.34,192,2.2,0,0,65,33.85,117,60.94,10,5.21,0,0,1229,14.07,73,5.94,412,33.52,702,57.12,32,2.6,10,0.81,2661,30.47,18,0.68,113,4.25,2003,75.27,490,18.41,37,1.39,4652,53.26,9,0.19,108,2.32,1220,26.23,2994,64.36,321,6.9,1975,22.61,1191,13.64,893,10.22,715,8.19,620,7.1,632,7.24,1563,17.9,630,7.21,124,1.42,23,0.26,368,4.21,716,23,0.17,221,1.63,1277,9.4,12069,88.81,192,2.2,1229,14.07,2661,30.47,4652,53.26,120700,133000,105000,15934,6288,102,0,0,2673,19.67,59,0.43,0,0,0,0,10858,79.9,3615,41.39,43,0.49,0,0,0,0,5076,58.12,3767869885,245853.6732
3194,48101,48,TX,Texas,101,Cottle,1100,703,63.91,397,36.09,438,62.3,141,32.19,169,38.58,47,10.73,27,6.16,32,7.31,22,5.02,265,37.7,151,56.98,9,3.4,56,21.13,11,4.15,38,14.34,0,0,292,41.54,178,25.32,103,14.65,38,5.41,70,9.96,22,3.13,1964,9,0.82,106,9.64,374,34,611,55.55,5.3,5.7,4.5,879,79.91,0,0,169,15.36,11,1,9,0.82,32,2.91,438,436,99.54,0,0,0,0,0,0,0,0,2,0.46,265,110,41.51,0,0,135,50.94,11,4.15,9,3.4,0,0,42,9.59,88,20.09,177,40.41,131,29.91,17,6.42,3,1.13,163,61.51,82,30.94,245,92.45,59,8.39,91,12.94,340,48.36,213,30.3,0,0,0,0,0,0,0,0,0,0,0,0,25,9.43,10,40,15,60,0,0,0,0,0,0,121,45.66,39,32.23,44,36.36,11,9.09,0,0,27,22.31,119,44.91,26,21.85,25,21.01,37,31.09,9,7.56,22,18.49,200,75.47,0,0,16,6.04,0,0,0,0,0,0,0,0,0,0,0,0,0,0,49,18.49,251,0,0,19,4.34,80,18.26,339,77.4,0,0,25,9.43,121,45.66,119,44.91,44000,55000,43100,575,128,0,0,0,53,12.1,0,0,0,0,0,0,385,87.9,75,28.3,0,0,0,0,0,0,190,71.7,3412394158,247933.269
3195,48103,48,TX,Texas,103,Crane,1684,1500,89.07,184,10.93,1329,88.6,365,27.46,449,33.78,109,8.2,154,11.59,150,11.29,102,7.67,171,11.4,49,28.65,27,15.79,39,22.81,37,21.64,19,11.11,0,0,414,27.6,476,31.73,148,9.87,191,12.73,169,11.27,102,6.8,1986,14,0.83,237,14.07,301,17.87,1132,67.22,5.7,5.8,4.9,1197,71.08,0,0,19,1.13,28,1.66,0,0,440,26.13,1329,970,72.99,0,0,0,0,0,0,0,0,359,27.01,171,93,54.39,0,0,19,11.11,19,11.11,0,0,40,23.39,269,20.24,230,17.31,718,54.03,112,8.43,19,11.11,87,50.88,59,34.5,6,3.51,65,38.01,288,19.2,317,21.13,777,51.8,118,7.87,0,0,0,0,0,0,0,0,0,0,0,0,19,11.11,0,0,0,0,19,100,0,0,0,0,68,39.77,0,0,0,0,60,88.24,8,11.76,0,0,84,49.12,0,0,0,0,48,57.14,23,27.38,13,15.48,11,6.43,53,30.99,23,13.45,21,12.28,19,11.11,0,0,8,4.68,13,7.6,10,5.85,0,0,13,7.6,633,14,1.05,136,10.23,188,14.15,991,74.57,0,0,19,11.11,68,39.77,84,49.12,89000,155200,72700,1243,257,0,0,0,214,16.1,0,0,0,0,0,0,1115,83.9,43,25.15,0,0,0,0,0,0,128,74.85,2803566002,295048.1161
3196,48105,48,TX,Texas,105,Crockett,1963,1394,71.01,569,28.99,923,66.21,214,23.19,479,51.9,88,9.53,73,7.91,53,5.74,16,1.73,471,33.79,185,39.28,155,32.91,49,10.4,76,16.14,6,1.27,0,0,399,28.62,634,45.48,137,9.83,149,10.69,59,4.23,16,1.15,1982,0,0,126,6.42,473,24.1,1364,69.49,5.1,5.3,4.7,1526,77.74,15,0.76,23,1.17,101,5.15,0,0,298,15.18,923,707,76.6,15,1.63,0,0,0,0,0,0,201,21.78,471,356,75.58,0,0,23,4.88,77,16.35,0,0,15,3.18,231,25.03,160,17.33,360,39,172,18.63,59,12.53,203,43.1,124,26.33,85,18.05,209,44.37,290,20.8,363,26.04,484,34.72,257,18.44,0,0,0,0,0,0,0,0,0,0,0,0,72,15.29,0,0,0,0,72,100,0,0,0,0,145,30.79,23,15.86,0,0,81,55.86,26,17.93,15,10.34,254,53.93,0,0,0,0,77,30.31,15,5.91,162,63.78,220,46.71,33,7.01,15,3.18,0,0,0,0,0,0,0,0,0,0,26,5.52,0,0,177,37.58,399,0,0,0,0,171,18.53,752,81.47,0,0,72,15.29,145,30.79,254,53.93,102200,88300,102800,1094,286,14,0,0,184,19.93,0,0,0,0,0,0,739,80.07,102,21.66,14,2.97,0,0,0,0,355,75.37,9870989347,600876.2839
3197,48107,48,TX,Texas,107,Crosby,2909,2107,72.43,802,27.57,1530,72.62,306,20,569,37.19,225,14.71,230,15.03,135,8.82,65,4.25,577,27.38,247,42.81,73,12.65,56,9.71,67,11.61,61,10.57,73,12.65,553,26.25,642,30.47,281,13.34,297,14.1,196,9.3,138,6.55,1969,11,0.38,211,7.25,737,25.34,1950,67.03,5.7,6,4.8,2307,79.31,72,2.48,179,6.15,15,0.52,9,0.31,327,11.24,1530,1378,90.07,45,2.94,0,0,0,0,0,0,107,6.99,577,338,58.58,16,2.77,139,24.09,15,2.6,9,1.56,60,10.4,71,4.64,201,13.14,1071,70,187,12.22,24,4.16,136,23.57,313,54.25,104,18.02,417,72.27,95,4.51,337,15.99,1384,65.69,291,13.81,11,1.91,5,45.45,0,0,0,0,0,0,6,54.55,147,25.48,21,14.29,60,40.82,66,44.9,0,0,0,0,159,27.56,11,6.92,14,8.81,106,66.67,0,0,28,17.61,260,45.06,9,3.46,20,7.69,132,50.77,42,16.15,57,21.92,359,62.22,64,11.09,6,1.04,11,1.91,17,2.95,10,1.73,5,0.87,0,0,14,2.43,0,0,91,15.77,348,0,0,4,0.26,312,20.39,1214,79.35,11,1.91,147,25.48,159,27.56,260,45.06,61300,82300,53200,1600,479,28,0,0,244,15.95,7,0.46,0,0,0,0,1279,83.59,235,40.73,21,3.64,0,0,0,0,321,55.63,3376234574,232423.1957
3206,48109,48,TX,Texas,109,Culberson,1037,668,64.42,369,35.58,442,66.17,169,38.24,159,35.97,36,8.14,42,9.5,6,1.36,30,6.79,226,33.83,99,43.81,15,6.64,41,18.14,17,7.52,43,19.03,11,4.87,268,40.12,174,26.05,77,11.53,59,8.83,49,7.34,41,6.14,1975,6,0.58,104,10.03,296,28.54,631,60.85,5.2,5.4,4.8,741,71.46,9,0.87,54,5.21,17,1.64,0,0,216,20.83,442,335,75.79,0,0,9,2.04,0,0,0,0,98,22.17,226,132,58.41,9,3.98,32,14.16,17,7.52,0,0,36,15.93,21,4.75,77,17.42,287,64.93,57,12.9,27,11.95,49,21.68,139,61.5,11,4.87,150,66.37,48,7.19,126,18.86,426,63.77,68,10.18,0,0,0,0,0,0,0,0,0,0,0,0,51,22.57,19,37.25,20,39.22,12,23.53,0,0,0,0,41,18.14,0,0,0,0,13,31.71,0,0,28,68.29,134,59.29,6,4.48,10,7.46,54,40.3,23,17.16,41,30.6,134,59.29,0,0,0,0,0,0,6,2.65,0,0,9,3.98,0,0,8,3.54,0,0,69,30.53,447,0,0,12,2.71,110,24.89,320,72.4,0,0,51,22.57,41,18.14,134,59.29,63700,105300,61300,568,89,11,0,0,62,14.03,0,0,0,0,0,0,380,85.97,27,11.95,11,4.87,0,0,0,0,188,83.19,13608915803,499816.7146
3207,48111,48,TX,Texas,111,Dallam,2952,2344,79.4,608,20.6,1795,76.58,413,23.01,595,33.15,148,8.25,233,12.98,263,14.65,143,7.97,549,23.42,169,30.78,200,36.43,71,12.93,9,1.64,4,0.73,96,17.49,582,24.83,795,33.92,219,9.34,242,10.32,267,11.39,239,10.2,1971,18,0.61,154,5.22,736,24.93,2044,69.24,5.4,5.6,4.7,2321,78.62,8,0.27,60,2.03,56,1.9,56,1.9,451,15.28,1795,1475,82.17,0,0,0,0,0,0,14,0.78,306,17.05,549,326,59.38,8,1.46,60,10.93,56,10.2,42,7.65,57,10.38,289,16.1,598,33.31,451,25.13,457,25.46,130,23.68,72,13.11,221,40.26,126,22.95,347,63.21,419,17.88,670,28.58,672,28.67,583,24.87,16,2.91,0,0,0,0,5,31.25,11,1100,0,0,130,23.68,0,0,10,7.69,89,68.46,11,8.46,20,15.38,147,26.78,0,0,0,0,118,80.27,10,6.8,19,12.93,256,46.63,0,0,10,3.91,103,40.23,67,26.17,76,29.69,107,19.49,63,11.48,110,20.04,100,18.21,1,0.18,34,6.19,13,2.37,6,1.09,0,0,0,0,115,20.95,634,2,0.11,18,1,485,27.02,1290,71.87,16,2.91,130,23.68,147,26.78,256,46.63,95000,99700,81900,2008,300,36,0,0,129,7.19,0,0,0,0,0,0,1666,92.81,171,31.15,36,6.56,0,0,0,0,342,62.3,6010574659,318615.041
3208,48429,48,TX,Texas,429,Stephens,4956,3408,68.77,1548,31.23,2527,74.15,546,21.61,1084,42.9,498,19.71,266,10.53,91,3.6,42,1.66,881,25.85,486,55.16,176,19.98,152,17.25,19,2.16,48,5.45,0,0,1032,30.28,1260,36.97,650,19.07,285,8.36,139,4.08,42,1.23,1972,0,0,266,5.37,1484,29.94,3206,64.69,5.8,6,4.8,3943,79.56,52,1.05,141,2.85,176,3.55,180,3.63,464,9.36,2527,2287,90.5,33,1.31,11,0.44,0,0,0,0,196,7.76,881,416,47.22,19,2.16,113,12.83,142,16.12,160,18.16,31,3.52,218,8.63,598,23.66,1319,52.2,392,15.51,54,6.13,273,30.99,350,39.73,204,23.16,554,62.88,272,7.98,871,25.56,1669,48.97,596,17.49,0,0,0,0,0,0,0,0,0,0,0,0,74,8.4,0,0,28,37.84,30,40.54,0,0,16,21.62,485,55.05,69,14.23,136,28.04,238,49.07,0,0,42,8.66,322,36.55,0,0,0,0,80,24.84,63,19.57,179,55.59,299,33.94,59,6.7,62,7.04,216,24.52,8,0.91,0,0,0,0,0,0,0,0,0,0,237,26.9,529,0,0,14,0.55,517,20.46,1996,78.99,0,0,74,8.4,485,55.05,322,36.55,81300,79100,82500,2473,911,13,11,0,599,23.7,13,0.51,11,0.44,0,0,1904,75.35,312,35.41,0,0,0,0,0,0,569,64.59,3382485062,232464.6241
3209,48431,48,TX,Texas,431,Sterling,574,405,70.56,169,29.44,354,87.41,55,15.54,153,43.22,46,12.99,59,16.67,32,9.04,9,2.54,51,12.59,17,33.33,24,47.06,3,5.88,7,13.73,0,0,0,0,72,17.78,177,43.7,49,12.1,66,16.3,32,7.9,9,2.22,1984,13,2.26,22,3.83,146,25.44,393,68.47,5.1,5.1,4.3,426,74.22,7,1.22,5,0.87,0,0,0,0,136,23.69,354,262,74.01,0,0,0,0,0,0,0,0,92,25.99,51,23,45.1,0,0,5,9.8,0,0,0,0,23,45.1,26,7.34,120,33.9,165,46.61,43,12.15,0,0,40,78.43,11,21.57,0,0,11,21.57,26,6.42,160,39.51,176,43.46,43,10.62,5,9.8,0,0,0,0,5,100,0,0,0,0,0,0,0,0,0,0,0,0,0,0,0,0,12,23.53,0,0,9,75,3,25,0,0,0,0,34,66.67,0,0,0,0,21,61.76,0,0,13,38.24,12,23.53,10,19.61,11,21.57,5,9.8,0,0,0,0,0,0,0,0,0,0,0,0,13,25.49,535,0,0,8,2.26,107,30.23,239,67.51,5,9.8,0,0,12,23.53,34,66.67,75000,87100,48100,380,25,0,0,0,13,3.67,0,0,0,0,0,0,341,96.33,12,23.53,0,0,0,0,0,0,39,76.47,3323364393,237698.441
3210,48433,48,TX,Texas,433,Stonewall,837,529,63.2,308,36.8,424,80.15,81,19.1,169,39.86,61,14.39,46,10.85,34,8.02,33,7.78,105,19.85,64,60.95,6,5.71,0,0,21,20,14,13.33,0,0,145,27.41,175,33.08,61,11.53,67,12.67,48,9.07,33,6.24,1972,0,0,75,8.96,210,25.09,552,65.95,5.7,5.9,4.9,691,82.56,26,3.11,16,1.91,0,0,0,0,104,12.43,424,378,89.15,9,2.12,0,0,0,0,0,0,37,8.73,105,55,52.38,9,8.57,16,15.24,0,0,0,0,25,23.81,13,3.07,44,10.38,301,70.99,66,15.57,0,0,24,22.86,63,60,18,17.14,81,77.14,13,2.46,68,12.85,364,68.81,84,15.88,0,0,0,0,0,0,0,0,0,0,0,0,31,29.52,5,16.13,12,38.71,0,0,0,0,14,45.16,11,10.48,2,18.18,6,54.55,3,27.27,0,0,0,0,63,60,0,0,0,0,22,34.92,0,0,41,65.08,28,26.67,18,17.14,4,3.81,0,0,0,0,0,0,0,0,0,0,0,0,0,0,55,52.38,475,0,0,0,0,93,21.93,331,78.07,0,0,31,29.52,11,10.48,63,60,53200,56700,52000,449,68,12,0,0,58,13.68,12,2.83,0,0,0,0,354,83.49,10,9.52,0,0,0,0,0,0,95,90.48,3411642329,233704.8069
3211,48435,48,TX,Texas,435,Sutton,1936,1282,66.22,654,33.78,873,68.1,146,16.72,382,43.76,100,11.45,113,12.94,98,11.23,34,3.89,409,31.9,179,43.77,43,10.51,75,18.34,80,19.56,25,6.11,7,1.71,325,25.35,425,33.15,175,13.65,193,15.05,123,9.59,41,3.2,1976,64,3.31,205,10.59,321,16.58,1346,69.52,5.5,5.7,4.5,1425,73.61,12,0.62,111,5.73,74,3.82,17,0.88,297,15.34,873,718,82.25,5,0.57,0,0,0,0,0,0,150,17.18,409,150,36.67,7,1.71,111,27.14,44,10.76,17,4.16,80,19.56,58,6.64,248,28.41,470,53.84,97,11.11,59,14.43,132,32.27,127,31.05,91,22.25,218,53.3,117,9.13,380,29.64,597,46.57,188,14.66,0,0,0,0,0,0,0,0,0,0,0,0,143,34.96,18,12.59,26,18.18,40,27.97,0,0,59,41.26,99,24.21,33,33.33,9,9.09,25,25.25,9,9.09,23,23.23,167,40.83,11,6.59,0,0,55,32.93,35,20.96,66,39.52,163,39.85,29,7.09,28,6.85,0,0,0,0,21,5.13,20,4.89,0,0,0,0,0,0,148,36.19,399,0,0,19,2.18,127,14.55,727,83.28,0,0,143,34.96,99,24.21,167,40.83,101000,143500,86500,955,318,9,0,0,218,24.97,9,1.03,0,0,0,0,646,74,100,24.45,0,0,0,0,0,0,309,75.55,5090432889,296302.8817
3212,48437,48,TX,Texas,437,Swisher,3181,2599,81.7,582,18.3,1881,72.37,603,32.06,627,33.33,144,7.66,322,17.12,90,4.78,95,5.05,718,27.63,254,35.38,144,20.06,143,19.92,85,11.84,68,9.47,24,3.34,857,32.97,771,29.67,287,11.04,407,15.66,158,6.08,119,4.58,1965,32,1.01,160,5.03,927,29.14,2062,64.82,5.3,5.6,4.9,2754,86.58,2,0.06,145,4.56,7,0.22,7,0.22,266,8.36,1881,1675,89.05,0,0,6,0.32,1,0.05,0,0,199,10.58,718,537,74.79,0,0,139,19.36,6,0.84,7,0.97,29,4.04,82,4.36,216,11.48,1256,66.77,327,17.38,21,2.92,146,20.33,466,64.9,85,11.84,551,76.74,103,3.96,362,13.93,1722,66.26,412,15.85,0,0,0,0,0,0,0,0,0,0,0,0,107,14.9,20,18.69,39,36.45,10,9.35,0,0,38,35.51,194,27.02,0,0,64,32.99,84,43.3,0,0,46,23.71,417,58.08,0,0,10,2.4,245,58.75,37,8.87,125,29.98,256,35.65,80,11.14,119,16.57,17,2.37,0,0,0,0,37,5.15,0,0,0,0,0,0,209,29.11,494,5,0.27,27,1.44,470,24.99,1379,73.31,0,0,107,14.9,194,27.02,417,58.08,78600,86500,70000,1974,557,68,0,0,363,19.3,61,3.24,0,0,0,0,1457,77.46,194,27.02,7,0.97,0,0,0,0,517,72.01,3445506779,234875.7684
3213,48439,48,TX,Texas,439,Tarrant,780381,722446,92.58,57935,7.42,435543,60.29,75784,17.4,148251,34.04,80141,18.4,72337,16.61,34903,8.01,24127,5.54,286903,39.71,103890,36.21,75930,26.47,43223,15.07,33726,11.76,18158,6.33,11976,4.17,179674,24.87,224181,31.03,123364,17.08,106063,14.68,53061,7.34,36103,5,1986,18236,2.34,103265,13.23,151190,19.37,507690,65.06,5.6,6.5,4.1,523192,67.04,24910,3.19,40664,5.21,106430,13.64,69959,8.96,15226,1.95,435543,413186,94.87,9450,2.17,2332,0.54,1358,0.31,1448,0.33,7769,1.78,286903,85292,29.73,13613,4.74,34454,12.01,89585,31.22,58381,20.35,5578,1.94,144692,33.22,133375,30.62,129891,29.82,27585,6.33,67441,23.51,115294,40.19,89139,31.07,15029,5.24,104168,36.31,212133,29.36,248669,34.42,219030,30.32,42614,5.9,13798,4.81,335,2.43,292,2.12,7274,52.72,5727,456908.39,170,1.23,84143,29.33,1869,2.22,2213,2.63,43818,52.08,35488,42.18,755,0.9,96494,33.63,1403,1.45,1899,1.97,28135,29.16,63443,65.75,1614,1.67,92468,32.23,509,0.55,824,0.89,11675,12.63,74228,80.27,5232,5.66,15345,5.35,10464,3.65,21228,7.4,32736,11.41,38225,13.32,32278,11.25,55008,19.17,36501,12.72,27917,9.73,9430,3.29,7771,2.71,967,2055,0.47,3954,0.91,37162,8.53,392372,90.09,13798,4.81,84143,29.33,96494,33.63,92468,32.23,209600,224700,175700,488750,220384,12829,483,0,91536,21.02,2544,0.58,51,0.01,0,0,341412,78.39,128848,44.91,10285,3.58,432,0.15,0,0,147338,51.35,3320258095,230755.7561