INSPECTION_ID,PROPERTY_ID,PROPERTY_NAME,ADDRESS,CITY,CBSA_NAME,CBSA_CODE,COUNTY_NAME,COUNTY_CODE,STATE_NAME,STATE_CODE,ZIP,LATITUDE,LONGITUDE,LOCATION_QUALITY,INSPECTION_SCORE,INSPECTION_DATE
500202,800020943,HOUSTON HEIGHTS TOWERS,330 W 19th St,Houston,"Houston-The Woodlands-Sugar Land, TX Metropolitan Statistical Area",26420,Harris,201,TX,48,77008,29.802731,-95.402271,R,90,3/11/2013
500215,800219268,ALEMEDA VILLAS,2950 Alemeda St,Fort Worth,"Fort Worth-Arlington, TX Metropolitan Division",23104,Tarrant,439,TX,48,76108,32.732178,-97.48509,R,98,4/9/2013
500216,800216487,VISTAS of PINNACLE PARK,4599 W Davis St,Dallas,"Dallas-Plano-Irving, TX Metropolitan Division",19124,Dallas,113,TX,48,75211,32.749934,-96.897882,R,99,4/22/2013
500220,800021399,SUNSET HILLS APARTMENTS,900 Sunset Hls,San Augustine,,99999,San Augustine,405,TX,48,75972,31.539601,-94.121389,R,92,4/11/2013
500303,800226778,EAGLEBROOK,10855 Eagle Dr,Mont Belvieu,"Houston-The Woodlands-Sugar Land, TX Metropolitan Statistical Area",26420,Chambers,071,TX,48,77523,29.850617,-94.860692,R,98,1/22/2013
500544,800218285,DEER PARK APTS,5403 Sayle St,Greenville,"Dallas-Plano-Irving, TX Metropolitan Division",19124,Hunt,231,TX,48,75402,33.115132,-96.11597,R,93,12/10/2013
500556,800021331,SETTEGAST HEIGHTS,7373 N Wayside Dr,Houston,"Houston-The Woodlands-Sugar Land, TX Metropolitan Statistical Area",26420,Harris,201,TX,48,77028,29.828492,-95.284703,R,93,12/27/2013
500603,800217185,Villa Rodriguez,3270 Nacogdoches Rd,San Antonio,"San Antonio-New Braunfels, TX Metropolitan Statistical Area",41700,Bexar,029,TX,48,78217,29.527592,-98.435403,R,94,9/16/2013
500745,800217460,Springdale Estates Apts,1046 Springdale Rd,Austin,"Austin-Round Rock, TX Metropolitan Statistical Area",12420,Travis,453,TX,48,78721,30.270265,-97.692739,R,92,11/25/2013
500830,800020749,CRICKET COURT,1102 58th St,Lubbock,"Lubbock, TX Metropolitan Statistical Area",31180,Lubbock,303,TX,48,79412,33.541747,-101.847703,R,91,10/24/2013
500941,800220981,BRADFORD PLACE APTS,3501 Fm 3218,Commerce,"Dallas-Plano-Irving, TX Metropolitan Division",19124,Hunt,231,TX,48,75428,33.225166,-95.889303,R,96,9/5/2013
500993,800213179,SILVER CREEK II,8359 Harwood Rd,North Richland Hills,"Fort Worth-Arlington, TX Metropolitan Division",23104,Tarrant,439,TX,48,76180,32.842671,-97.204825,R,93,7/11/2013
501461,800220901,"NORTH PARK APTS, PHASE II",5603 Central Fwy,Wichita Falls,"Wichita Falls, TX Metropolitan Statistical Area",48660,Wichita,485,TX,48,76305,33.984565,-98.539865,R,92,9/3/2013
501484,800227184,ENCORE ON ALSBURY APTS,1350 SW Alsbury Blvd,Burleson,"Fort Worth-Arlington, TX Metropolitan Division",23104,Johnson,251,TX,48,76028,32.536832,-97.363472,R,99,6/18/2013
501840,800073899,TIMBERS OF TERRELL APTS.,201 Timber Ct,Terrell,"Dallas-Plano-Irving, TX Metropolitan Division",19124,Kaufman,257,TX,48,75160,32.744757,-96.300294,R,93,2/20/2014
501955,800073897,CREEKWOOD PLACE APARTMENTS,485 Rolling Hills Pl,Lancaster,"Dallas-Plano-Irving, TX Metropolitan Division",19124,Dallas,113,TX,48,75146,32.599694,-96.818446,R,90,5/14/2013
501971,800214067,INWOOD ON THE PARK,5720 Forest Park Rd,Dallas,"Dallas-Plano-Irving, TX Metropolitan Division",19124,Dallas,113,TX,48,75235,32.819705,-96.840218,R,95,5/15/2013
502058,800074310,DAYTON PARK APARTMENTS,4490 N Cleveland St,Dayton,"Houston-The Woodlands-Sugar Land, TX Metropolitan Statistical Area",26420,Liberty,291,TX,48,77535,30.080423,-94.911409,R,93,8/19/2013
502091,800020772,CHRISTIAN VILLAGE,4225 Billie Bolin Dr,San Angelo,"San Angelo, TX Metropolitan Statistical Area",41660,Tom Green,451,TX,48,76904,31.421347,-100.48019,R,85,1/9/2014
502122,800073844,CLAREMONT APARTMENTS,2472 Highland Rd,Dallas,"Dallas-Plano-Irving, TX Metropolitan Division",19124,Dallas,113,TX,48,75228,32.797854,-96.709602,R,90,9/11/2013
502279,800020646,ALICE VILLAGE APARTMENTS,123 Terrell St,Alice,"Alice, TX Micropolitan Statistical Area",10860,Jim Wells,249,TX,48,78332,27.761311,-98.077275,R,92,11/20/2013
502291,800216496,WEDGEWOOD SOUTH ASSISTED LIVING FACILITY,9812 Vinton Ave,Lubbock,"Lubbock, TX Metropolitan Statistical Area",31180,Lubbock,303,TX,48,79424,33.504631,-101.918086,R,92,10/21/2013
502344,800074071,SILVER CREEK,8359 Harwood Rd,North Richland Hills,"Fort Worth-Arlington, TX Metropolitan Division",23104,Tarrant,439,TX,48,76180,32.842671,-97.204825,R,91,7/11/2013
502377,800021140,NORTHRIDGE RET CENTER,100 NE 27th St,Lamesa,"Lamesa, TX Micropolitan Statistical Area",29500,Dawson,115,TX,48,79331,32.758921,-101.946552,R,94,10/25/2013
502393,800227499,Blanco Park Apartments,,SAN MARCOS,"Austin-Round Rock, TX Metropolitan Statistical Area",12420,Hays,209,TX,48,78666,29.8809,-97.9435,T,94,3/26/2014
502544,800021329,Sea Gulf Villa,416 N Chaparral St,Corpus Christi,"Corpus Christi, TX Metropolitan Statistical Area",18580,Nueces,355,TX,48,78401,27.795258,-97.393952,R,86,12/9/2015
502611,800231335,THE POINTE AT TIMBERGLEN,3737 Timberglen Rd,Dallas,"Dallas-Plano-Irving, TX Metropolitan Division",19124,Denton,121,TX,48,75287,33.004697,-96.851296,R,90,6/21/2013
502647,800231716,Dieter Commons II,1531 George Dieter Dr,El Paso,"El Paso, TX Metropolitan Statistical Area",21340,El Paso,141,TX,48,79936,31.74802,-106.302056,R,92,3/10/2014
502648,800227443,RESERVE AT SANDSTONE RANCH,11200 Sean Haggerty Dr,El Paso,"El Paso, TX Metropolitan Statistical Area",21340,El Paso,141,TX,48,79934,31.935133,-106.424736,R,83,12/3/2013
502657,800226767,Stoney Brook of Belton,,BELTON,"Killeen-Temple, TX Metropolitan Statistical Area",28660,Bell,027,TX,48,76513,31.0732,-97.4909,T,94,6/19/2013
502749,800046124,COLLINS PARK AT BEAR CREEK,2001 Highway 360,Euless,"Fort Worth-Arlington, TX Metropolitan Division",23104,Tarrant,439,TX,48,76039,32.862682,-97.065213,R,66,10/13/2015
502761,800021309,ROYAL PALMS APARTMENTS,5601 Royal Palms St,Houston,"Houston-The Woodlands-Sugar Land, TX Metropolitan Statistical Area",26420,Harris,201,TX,48,77021,29.697744,-95.33117,R,90,11/1/2013
502780,800020684,BAYSHORE TOWERS,3219 Burke Rd,Pasadena,"Houston-The Woodlands-Sugar Land, TX Metropolitan Statistical Area",26420,Harris,201,TX,48,77504,29.663162,-95.186187,R,98,8/20/2013
502784,800226884,FRANKLIN AT STONE OAK,,SAN ANTONIO,"San Antonio-New Braunfels, TX Metropolitan Statistical Area",41700,Bexar,029,TX,48,78259,29.6239,-98.4329,T,81,11/29/2013
502794,800218902,SPHINX AT MURDEAUX VILLAS,125 S Murdeaux Ln,Dallas,"Dallas-Plano-Irving, TX Metropolitan Division",19124,Dallas,113,TX,48,75217,32.712043,-96.693412,R,99,5/29/2013
503205,800021346,Sinton West Apts,111 S Chiltipin St,Sinton,"Corpus Christi, TX Metropolitan Statistical Area",18580,San Patricio,409,TX,48,78387,28.03661,-97.518159,R,98,3/5/2013
503206,800021560,Wurzbach Manor Apts/115-N1010,4363 W Dean Pannill Dr Apt E,San Antonio,"San Antonio-New Braunfels, TX Metropolitan Statistical Area",41700,Bexar,029,TX,48,78229,29.522767,-98.569198,R,91,11/15/2013
503217,800021210,PARKVIEW PLACE,6402 Hartford Ave,Lubbock,"Lubbock, TX Metropolitan Statistical Area",31180,Lubbock,303,TX,48,79413,33.535675,-101.885746,R,100,8/8/2013
503230,800046288,PRINCE HALL GARDENS 2,4820 E Berry St,Fort Worth,"Fort Worth-Arlington, TX Metropolitan Division",23104,Tarrant,439,TX,48,76105,32.711826,-97.249693,R,99,5/30/2013
503392,800021298,Rockwell Manor,2735 Rockwell Cir,Brownsville,"Brownsville-Harlingen, TX Metropolitan Statistical Area",15180,Cameron,061,TX,48,78521,25.929972,-97.483315,R,98,6/17/2013
503393,800020790,RIVERPOINTE APTS,1173 Benedict Dr,San Angelo,"San Angelo, TX Metropolitan Statistical Area",41660,Tom Green,451,TX,48,76903,31.45912,-100.419413,R,95,8/9/2013
503423,800234037,Bay Vista Apartments Phase I,522 Hancock Ave,Corpus Christi,"Corpus Christi, TX Metropolitan Statistical Area",18580,Nueces,355,TX,48,78404,27.7829,-97.396046,R,56,3/22/2016
503540,800020662,PALOMINO PLACE APARTMENTS,4400 W Airport Blvd,Houston,"Houston-The Woodlands-Sugar Land, TX Metropolitan Statistical Area",26420,Harris,201,TX,48,77045,29.642686,-95.44114,R,70,3/25/2013
503671,800020697,BLUE WATER GARDEN,612 Irving St,Hereford,"Hereford, TX Micropolitan Statistical Area",25820,Deaf Smith,117,TX,48,79045,34.827611,-102.385493,R,95,12/4/2013
503713,800233899,WELLINGTON PLACE APTS,230 S Macarthur Blvd,Coppell,"Dallas-Plano-Irving, TX Metropolitan Division",19124,Dallas,113,TX,48,75019,32.966793,-96.958668,R,96,7/12/2013
503747,800218975,Lakes at Westview Apartments,1900 Westview Blvd,Conroe,"Houston-The Woodlands-Sugar Land, TX Metropolitan Statistical Area",26420,Montgomery,339,TX,48,77304,30.326405,-95.481272,R,94,8/19/2015
503753,800226843,Lookout Hollow Apts.Phase 1(One),16505 Lookout Hollow Cir,Selma,"San Antonio-New Braunfels, TX Metropolitan Statistical Area",41700,Bexar,029,TX,48,78154,29.5719,-98.3084,B,94,9/27/2013
503803,800021104,MISSIONARY VILLAGE APARTMENTS,4002 Corder St,Houston,"Houston-The Woodlands-Sugar Land, TX Metropolitan Statistical Area",26420,Harris,201,TX,48,77021,29.685465,-95.36235,R,83,4/12/2013
503824,800231679,The Esplanade,5813 Esplanade Dr,Corpus Christi,"Corpus Christi, TX Metropolitan Statistical Area",18580,Nueces,355,TX,48,78414,27.687172,-97.377286,R,54,4/18/2016
503852,800021518,Weslaco Village Apts,1601 S Bridge Ave,Weslaco,"McAllen-Edinburg-Mission, TX Metropolitan Statistical Area",32580,Hidalgo,215,TX,48,78596,26.143123,-97.982122,R,98,10/29/2013
503859,800020753,CEDAR GREEN LIVING CENTER,1020 Pecan Crossing Dr,Desoto,"Dallas-Plano-Irving, TX Metropolitan Division",19124,Dallas,113,TX,48,75115,32.607136,-96.827228,R,91,4/22/2013
503937,800210849,Seven Pines Apts,8027 S Zarzamora St,San Antonio,"San Antonio-New Braunfels, TX Metropolitan Statistical Area",41700,Bexar,029,TX,48,78224,29.346672,-98.534324,R,92,3/29/2013
503991,800046511,STONECREEK APARTMENTS,20000 Saums Rd,Katy,"Houston-The Woodlands-Sugar Land, TX Metropolitan Statistical Area",26420,Harris,201,TX,48,77449,29.801224,-95.723955,R,90,11/15/2013
504079,800224412,CHADWICK APARTMENTS,13900 Chadwick Pkwy,Northlake,"Dallas-Plano-Irving, TX Metropolitan Division",19124,Denton,121,TX,48,76262,33.020782,-97.263769,R,99,6/21/2013
504081,800210532,MAPLE TRAIL APTS,315 N Greenville Ave,Allen,"Dallas-Plano-Irving, TX Metropolitan Division",19124,Collin,085,TX,48,75002,33.105719,-96.658454,R,81,4/24/2013
504087,800219330,BRIDGES ON KINSEY,4411 Kinsey Dr,Tyler,"Tyler, TX Metropolitan Statistical Area",46340,Smith,423,TX,48,75703,32.301596,-95.315308,R,99,6/12/2013
504088,800216951,BLUE LAKE VILLAS,155 Lakeside Dr,Waxahachie,"Dallas-Plano-Irving, TX Metropolitan Division",19124,Ellis,139,TX,48,75165,32.427675,-96.844673,R,83,9/26/2013
504105,800219139,DAKOTA ARMS APTS,6703 82nd St,Lubbock,"Lubbock, TX Metropolitan Statistical Area",31180,Lubbock,303,TX,48,79424,33.519607,-101.962216,R,96,5/22/2013
504118,800223043,CITY PARK LOFTS,1703 S Ervay St,Dallas,"Dallas-Plano-Irving, TX Metropolitan Division",19124,Dallas,113,TX,48,75215,32.770632,-96.788445,R,99,12/9/2013
504144,800020740,CASA INC.,3201 Sondra Dr,Fort Worth,"Fort Worth-Arlington, TX Metropolitan Division",23104,Tarrant,439,TX,48,76107,32.756928,-97.36341,R,100,12/11/2013
504155,800215629,FLATS at FIVE MILE CREEK,423 E Ledbetter Dr,Dallas,"Dallas-Plano-Irving, TX Metropolitan Division",19124,Dallas,113,TX,48,75216,32.68533,-96.818986,R,93,9/4/2013
504175,800021318,Samuel Place,4315 Carroll Ln,Corpus Christi,"Corpus Christi, TX Metropolitan Statistical Area",18580,Nueces,355,TX,48,78411,27.737826,-97.398149,R,99,7/24/2013
504208,800021429,THE PINEMONT (aka) GOOD SHEPHERD VILLAGE,6000 Pinemont Dr,Houston,"Houston-The Woodlands-Sugar Land, TX Metropolitan Statistical Area",26420,Harris,201,TX,48,77092,29.840558,-95.478176,R,99,2/1/2013
504213,800233554,"HORIZONS AT FOSSIL CREEK, THE",5800 Sandshell Dr,Fort Worth,"Fort Worth-Arlington, TX Metropolitan Division",23104,Tarrant,439,TX,48,76137,32.851787,-97.310486,R,97,5/15/2013
504247,800046851,"Oak Terrace Apts, Phase II",902 S Loop 499,Harlingen,"Brownsville-Harlingen, TX Metropolitan Statistical Area",15180,Cameron,061,TX,48,78550,26.186769,-97.664833,R,92,10/29/2013
504259,800225846,LEGACY LANDING APTS,2200 Legacy Ln,Belton,"Killeen-Temple, TX Metropolitan Statistical Area",28660,Bell,027,TX,48,76513,31.0863,-97.4779,B,92,6/11/2013
504307,800221952,GREY WOLF ESTATES,11211 Gray Wolf Trl,College Station,"College Station-Bryan, TX Metropolitan Statistical Area",17780,Brazos,041,TX,48,77845,30.569654,-96.34924,R,91,9/24/2013
504333,800234464,Prestonwood Rehabilitation,2460 Marsh Ln,Plano,"Dallas-Plano-Irving, TX Metropolitan Division",19124,Denton,121,TX,48,75093,33.034589,-96.850824,R,83,12/16/2013
504371,800021134,NORTHCREST APARTMENTS,1002 N Main St,Big Spring,"Big Spring, TX Micropolitan Statistical Area",13700,Howard,227,TX,48,79720,32.262624,-101.48148,R,77,8/20/2013
504382,800216891,THE BOULDERS,575 NE Loop 820,Hurst,"Fort Worth-Arlington, TX Metropolitan Division",23104,Tarrant,439,TX,48,76053,32.816491,-97.207208,R,90,7/12/2013
504457,800222470,WOODLANDS APARTMENTS,150 Medical Dr,Boerne,"San Antonio-New Braunfels, TX Metropolitan Statistical Area",41700,Kendall,259,TX,48,78006,29.799305,-98.720424,R,84,12/5/2013
504474,800234717,Royal Oaks Apartments,3101 N 8th St,McAllen,"McAllen-Edinburg-Mission, TX Metropolitan Statistical Area",32580,Hidalgo,215,TX,48,78501,26.231053,-98.223777,R,99,11/19/2013
504522,800021080,MANOR CREST APARTMENTS,1401 San Andres Dr,Odessa,"Odessa, TX Metropolitan Statistical Area",36220,Ector,135,TX,48,79763,31.862311,-102.398444,R,93,8/21/2013
504587,800020932,HAPPY HARBOR APARTMENTS,900 Parkway St,La Porte,"Houston-The Woodlands-Sugar Land, TX Metropolitan Statistical Area",26420,Harris,201,TX,48,77571,29.659479,-95.0093,R,58,12/10/2013
504686,800227716,The Ranch at SH 123 Apts.,3063 N Hwy 123 Byp,Seguin,"San Antonio-New Braunfels, TX Metropolitan Statistical Area",41700,Guadalupe,187,TX,48,78155,29.604213,-97.954703,4,96,1/10/2014
504718,800216856,"ARBORS ON WINTERGREEN, THE",400 E Wintergreen Rd,Desoto,"Dallas-Plano-Irving, TX Metropolitan Division",19124,Dallas,113,TX,48,75115,32.618342,-96.84959,R,99,9/12/2013
504754,800221054,THE AVENUE APTS,,NEDERLAND,"Beaumont-Port Arthur, TX Metropolitan Statistical Area",13140,Jefferson,245,TX,48,77627,29.9679,-94.0063,T,92,3/25/2014
504792,800227588,The Huntington @ Buda,,BUDA,"Austin-Round Rock, TX Metropolitan Statistical Area",12420,Hays,209,TX,48,78610,30.0619,-97.7972,T,99,9/13/2013
504794,800211095,The Trails of White Rock,1111 Beachview St,Dallas,"Dallas-Plano-Irving, TX Metropolitan Division",19124,Dallas,113,TX,48,75218,32.831663,-96.706071,R,100,9/12/2013
504859,800210533,AUSTIN BLUFF APTS,7070 W Camp Wisdom Rd,Dallas,"Dallas-Plano-Irving, TX Metropolitan Division",19124,Dallas,113,TX,48,75236,32.664101,-96.947079,R,91,9/25/2014
504869,800227272,CAMBRIDGE VILLAGE APARTMENTS,12945 S Post Oak Rd,Houston,"Houston-The Woodlands-Sugar Land, TX Metropolitan Statistical Area",26420,Harris,201,TX,48,77045,29.639729,-95.463347,R,96,4/1/2014
504955,800226986,LAFAYETTE GREEN APARTMENTS,8327 W Tidwell Rd,Houston,"Houston-The Woodlands-Sugar Land, TX Metropolitan Statistical Area",26420,Harris,201,TX,48,77040,29.850658,-95.519737,R,95,1/13/2014
505025,800223242,NAVIGATION POINTE APARTMENTS,909 S Navigation Blvd,Corpus Christi,"Corpus Christi, TX Metropolitan Statistical Area",18580,Nueces,355,TX,48,78405,27.771631,-97.452865,R,99,10/21/2013
505042,800234256,STONE CREEK APARTMENTS,3035 Lake Arthur Dr,Port Arthur,"Beaumont-Port Arthur, TX Metropolitan Statistical Area",13140,Jefferson,245,TX,48,77642,29.936437,-93.974931,R,98,10/28/2013
505073,800217033,"Claremont, The",971 E Sanford St,Arlington,"Fort Worth-Arlington, TX Metropolitan Division",23104,Tarrant,439,TX,48,76011,32.742921,-97.092409,R,93,4/9/2013
505079,800216212,MARIPOSA VILLAS,1531 Duncanville Rd,Dallas,"Dallas-Plano-Irving, TX Metropolitan Division",19124,Dallas,113,TX,48,75211,32.729177,-96.909846,R,97,5/29/2013
505121,800020673,GOLDBERG B'NAI B'RITH TOWERS,10909 Fondren Rd,Houston,"Houston-The Woodlands-Sugar Land, TX Metropolitan Statistical Area",26420,Harris,201,TX,48,77096,29.662188,-95.508218,R,97,9/22/2014
505149,800221060,HILLTOP OAKS APARTMENTS,6130 Ingram Rd,San Antonio,"San Antonio-New Braunfels, TX Metropolitan Statistical Area",41700,Bexar,029,TX,48,78238,29.46619,-98.606032,R,91,11/13/2013
505674,800215807,VERANDAS at CITY VIEW,7301 Oakmont Blvd,Fort Worth,"Fort Worth-Arlington, TX Metropolitan Division",23104,Tarrant,439,TX,48,76132,32.661887,-97.419337,R,94,6/1/2013
507356,800021158,OAK HAVEN APTS. (ELDERLY),11211 Resource Pkwy,Houston,"Houston-The Woodlands-Sugar Land, TX Metropolitan Statistical Area",26420,Harris,201,TX,48,77089,29.587876,-95.207108,R,98,7/19/2013
507912,800024190,WOODSIDE VILLAGE,703 Bumpas St,McKinney,"Dallas-Plano-Irving, TX Metropolitan Division",19124,Collin,085,TX,48,75069,33.189116,-96.603166,R,100,8/27/2013
507994,800021232,PINE CREEK APTS,1511 Gay Ave,Jacksonville,"Jacksonville, TX Micropolitan Statistical Area",27380,Cherokee,073,TX,48,75766,31.945651,-95.264871,R,90,8/29/2013
508122,800020913,GRANADA TERRACE,1301 Avenue A,South Houston,"Houston-The Woodlands-Sugar Land, TX Metropolitan Statistical Area",26420,Harris,201,TX,48,77587,29.666717,-95.216657,R,98,9/12/2013
508264,800021110,Mount Carmel Village,2504 New York Dr,Austin,"Austin-Round Rock, TX Metropolitan Statistical Area",12420,Travis,453,TX,48,78702,30.27312,-97.713881,R,94,9/24/2013
508344,800021531,WESTWOOD MANOR APTS.,116 N Western Hills Dr,Howe,"Sherman-Denison, TX Metropolitan Statistical Area",43300,Grayson,181,TX,48,75459,33.507334,-96.62295,R,96,8/26/2013
508432,800020944,HENDERSON HEIGHTS,9401 Stonewall Rd,El Paso,"El Paso, TX Metropolitan Statistical Area",21340,El Paso,141,TX,48,79924,31.878053,-106.427876,R,97,1/15/2014
508498,800020720,Candleridge Apartments,7979 W Military Dr,San Antonio,"San Antonio-New Braunfels, TX Metropolitan Statistical Area",41700,Bexar,029,TX,48,78227,29.425644,-98.625383,R,96,9/6/2013
508550,800020876,Farm Labor Housing,400 4th St,Poteet,"San Antonio-New Braunfels, TX Metropolitan Statistical Area",41700,Atascosa,013,TX,48,78065,29.040019,-98.576388,R,96,9/4/2013
508608,800021303,Roseville Apts,4139 E Houston St,San Antonio,"San Antonio-New Braunfels, TX Metropolitan Statistical Area",41700,Bexar,029,TX,48,78220,29.424976,-98.416108,R,96,9/17/2013
508661,800021202,PARK TERRACE,2400 McCurdy St,Fort Worth,"Fort Worth-Arlington, TX Metropolitan Division",23104,Tarrant,439,TX,48,76104,32.717405,-97.298696,R,96,8/22/2013
508804,800021522,West Durango Plaza,5635 W Cesar E Chavez Blvd,San Antonio,"San Antonio-New Braunfels, TX Metropolitan Statistical Area",41700,Bexar,029,TX,48,78237,29.427845,-98.563587,R,97,9/19/2013
509099,800020660,ARBOR COURT  aka SKYWAY APARTMENTS,802 Seminar Dr,Houston,"Houston-The Woodlands-Sugar Land, TX Metropolitan Statistical Area",26420,Harris,201,TX,48,77060,29.949475,-95.387866,R,93,9/18/2013
509122,800020802,COUNTRY PLACE,1300 Courtland Rd,Atlanta,,99999,Cass,067,TX,48,75551,33.133837,-94.17751,R,82,2/24/2014
509279,800021012,La Hacienda Apartments,,ELSA,"McAllen-Edinburg-Mission, TX Metropolitan Statistical Area",32580,Hidalgo,215,TX,48,78543,26.300972,-97.987545,R,90,8/14/2013
509285,800021524,HIGHLAND WEST,302 W Main St,Olney,,99999,Young,503,TX,48,76374,33.370766,-98.756168,R,94,3/5/2014
509363,800020803,NUEVA VISTA,2401 Lillie St,San Angelo,"San Angelo, TX Metropolitan Statistical Area",41660,Tom Green,451,TX,48,76903,31.478391,-100.461841,R,95,3/4/2014
509391,800020948,HERVEY HEIGHTS,4949 Alps Dr,El Paso,"El Paso, TX Metropolitan Statistical Area",21340,El Paso,141,TX,48,79904,31.865332,-106.424912,R,97,1/14/2014
509489,800021264,Crockett Pine Ridge Manor,1100 S Commerce St,Crockett,,99999,Houston,225,TX,48,75835,31.299828,-95.472443,R,97,10/29/2013
509512,800079740,CORONA DEL VALLE,5453 Ridge St,El Paso,"El Paso, TX Metropolitan Statistical Area",21340,El Paso,141,TX,48,79932,31.857884,-106.57884,R,93,8/12/2013
509575,800020664,Armory Housing Project,101 Armory Rd,Mercedes,"McAllen-Edinburg-Mission, TX Metropolitan Statistical Area",32580,Hidalgo,215,TX,48,78570,26.162308,-97.920726,R,94,8/13/2013
509582,800020923,Guild Park Apartments,779 W Mayfield Blvd,San Antonio,"San Antonio-New Braunfels, TX Metropolitan Statistical Area",41700,Bexar,029,TX,48,78211,29.361776,-98.537185,R,95,9/16/2013
509626,800020687,BELLE OAKS,1100 Shady Ln,Belton,"Killeen-Temple, TX Metropolitan Statistical Area",28660,Bell,027,TX,48,76513,31.042766,-97.453181,R,90,9/27/2013
509631,800021079,MAGNOLIA ACRES,108 Deborah Dr,Angleton,"Houston-The Woodlands-Sugar Land, TX Metropolitan Statistical Area",26420,Brazoria,039,TX,48,77515,29.182261,-95.407051,R,100,9/11/2013
509728,800021002,COURTWOOD APTS,400 S Austin Rd,Eagle Lake,,99999,Colorado,089,TX,48,77434,29.59003,-96.344297,R,99,9/9/2013
509803,800021538,William Booth Gardens,2710 W Ashby Pl,San Antonio,"San Antonio-New Braunfels, TX Metropolitan Statistical Area",41700,Bexar,029,TX,48,78201,29.451655,-98.537514,R,92,9/23/2013
510048,800021430,"VILLAGES OF WACO, THE",1100 N 6th St,Waco,"Waco, TX Metropolitan Statistical Area",47380,McLennan,309,TX,48,76707,31.562265,-97.140875,R,90,9/11/2013
510088,800021334,Shady Oaks Apartments,501 E Janis Dr,Georgetown,"Austin-Round Rock, TX Metropolitan Statistical Area",12420,Williamson,491,TX,48,78628,30.659293,-97.679338,R,100,9/25/2013
510112,800021347,SITGRAVES COMPLEX,10100 Hedgerow Ct,El Paso,"El Paso, TX Metropolitan Statistical Area",21340,El Paso,141,TX,48,79925,31.794247,-106.345792,R,94,1/16/2014
510139,800021358,SOUTHGATE VILLAGE,134 Luther St,College Station,"College Station-Bryan, TX Metropolitan Statistical Area",17780,Brazos,041,TX,48,77840,30.600382,-96.334661,R,92,9/10/2013
510224,800046871,La Luz Apts,240 S King St,Raymondville,"Raymondville, TX Micropolitan Statistical Area",39700,Willacy,489,TX,48,78580,26.480343,-97.793721,R,96,6/17/2013
510255,800233082,La Vista Apartments,1615 Redwood Rd,San Marcos,"Austin-Round Rock, TX Metropolitan Statistical Area",12420,Hays,209,TX,48,78666,29.844989,-97.939285,R,92,6/28/2013
510975,800024175,CEDAR GLEN APARTMENTS,2906 E Kiest Blvd,Dallas,"Dallas-Plano-Irving, TX Metropolitan Division",19124,Dallas,113,TX,48,75216,32.726751,-96.786046,R,52,8/28/2013
510978,800213978,Villas At Costa Brava Apts,7333 Potranco Rd,San Antonio,"San Antonio-New Braunfels, TX Metropolitan Statistical Area",41700,Bexar,029,TX,48,78251,29.455311,-98.63411,R,90,11/8/2013
511756,800212877,CLIFF VIEW VILLAGE II,2425 Simpson Stuart Rd,Dallas,"Dallas-Plano-Irving, TX Metropolitan Division",19124,Dallas,113,TX,48,75241,32.663382,-96.782611,R,89,1/16/2014
511785,800215233,"WOODLANDS, TEXAS SUPPORTIVE HOUSING",8500 N Windvale Cir,Conroe,"Houston-The Woodlands-Sugar Land, TX Metropolitan Statistical Area",26420,Montgomery,339,TX,48,77384,30.22705,-95.507864,R,98,12/12/2013
511842,800223965,DISCIPLES PLACE VILLAGE,3055 State Highway 31 E,Tyler,"Tyler, TX Metropolitan Statistical Area",46340,Smith,423,TX,48,75702,32.348058,-95.261144,R,98,12/9/2013
511843,800211504,Ernest M. Olivares Senior Community Residences,1003 Vera Cruz,San Antonio,"San Antonio-New Braunfels, TX Metropolitan Statistical Area",41700,Bexar,029,TX,48,78207,29.416416,-98.51383,R,93,1/30/2014
511934,800021242,PLANO COMMUNITY HOMES III,3905 American Dr,Plano,"Dallas-Plano-Irving, TX Metropolitan Division",19124,Collin,085,TX,48,75075,33.024516,-96.767828,R,98,1/13/2014
511939,800225003,PILGRIM PLACE III,5055 Sunflower St,Houston,"Houston-The Woodlands-Sugar Land, TX Metropolitan Statistical Area",26420,Harris,201,TX,48,77033,29.66907,-95.350867,R,92,12/30/2013
511966,800074926,Mosaic Housing Corporation IX,13122 Humphrey Dr,Austin,"Austin-Round Rock, TX Metropolitan Statistical Area",12420,Williamson,491,TX,48,78729,30.451778,-97.76233,R,90,1/7/2014
511986,800213176,Oak Springs Villas,3001 Oak Springs Dr,Austin,"Austin-Round Rock, TX Metropolitan Statistical Area",12420,Travis,453,TX,48,78702,30.272897,-97.700981,R,95,12/4/2013
512017,800021289,Rio Manor,600 W Cantu Rd,Del Rio,"Del Rio, TX Micropolitan Statistical Area",19620,Val Verde,465,TX,48,78840,29.386043,-100.923769,R,94,1/15/2014
512025,800217768,VOA PAMELA/MARBLE FALLS,1701 Pamela Ln,Fort Worth,"Fort Worth-Arlington, TX Metropolitan Division",23104,Tarrant,439,TX,48,76112,32.754328,-97.204397,R,90,12/2/2013
512029,800222661,DENTON AFFORDABLE HOUSING III,3401 Paisley St,Denton,"Dallas-Plano-Irving, TX Metropolitan Division",19124,Denton,121,TX,48,76209,33.220285,-97.095659,R,95,12/11/2013
512076,800021552,WOODCREST APTS,2550 W 8th St,Odessa,"Odessa, TX Metropolitan Statistical Area",36220,Ector,135,TX,48,79763,31.839625,-102.399836,R,91,11/13/2013
512216,800074927,Henry Harbour,2421 Cimarron Blvd,Corpus Christi,"Corpus Christi, TX Metropolitan Statistical Area",18580,Nueces,355,TX,48,78414,27.685852,-97.364727,R,97,1/9/2014
512296,800021542,WIN LIN VILLAGE,5700 Wabash St,Amarillo,"Amarillo, TX Metropolitan Statistical Area",11100,Randall,381,TX,48,79109,35.158494,-101.899393,R,90,1/16/2014
512315,800224057,BAYVIEW SENIOR APARTMENTS,1111 Bayshore Dr,La Porte,"Houston-The Woodlands-Sugar Land, TX Metropolitan Statistical Area",26420,Harris,201,TX,48,77571,29.658299,-95.007774,R,94,12/13/2013
512493,800074006,"VOA SCATTERED SITE DUPLEXES/FT. WORTH, INC",6861 S Creek Dr,Fort Worth,"Fort Worth-Arlington, TX Metropolitan Division",23104,Tarrant,439,TX,48,76133,32.644681,-97.362221,R,95,12/2/2013
512497,800224038,PILGRIM PLACE II,4663 Aldine Mail Rte,Houston,"Houston-The Woodlands-Sugar Land, TX Metropolitan Statistical Area",26420,Harris,201,TX,48,77039,29.902752,-95.324149,4,93,12/23/2013
512526,800221788,ESCT Austin Housing,1201 Grove Blvd Apt 504,Austin,"Austin-Round Rock, TX Metropolitan Statistical Area",12420,Travis,453,TX,48,78741,30.234708,-97.70425,R,93,12/5/2013
512553,800217711,INDEPENDENCE VILLAGE,7041 Highway 75 S,Huntsville,"Huntsville, TX Micropolitan Statistical Area",26660,Walker,471,TX,48,77340,30.676654,-95.519184,R,93,11/25/2013
512597,800020823,Del Rio Rotary Housing,309 N Bedell Ave,Del Rio,"Del Rio, TX Micropolitan Statistical Area",19620,Val Verde,465,TX,48,78840,29.370755,-100.888585,R,97,1/13/2014
512623,800020838,East 12th Street Apartments,3005 E 12th St,Austin,"Austin-Round Rock, TX Metropolitan Statistical Area",12420,Travis,453,TX,48,78702,30.276244,-97.703274,R,94,12/2/2013
512684,800224916,FRANKLIN GARDENS,3522 E Martin Luther King Jr Blvd,Austin,"Austin-Round Rock, TX Metropolitan Statistical Area",12420,Travis,453,TX,48,78721,30.28368,-97.697711,R,97,12/3/2013
512686,800074930,Wagon Crossing,1474 Kitty Hawk Rd,Universal City,"San Antonio-New Braunfels, TX Metropolitan Statistical Area",41700,Bexar,029,TX,48,78148,29.53892,-98.326754,R,91,2/27/2014
512699,800020743,Casa Real IV,1001 S Tovar St,San Diego,,99999,Duval,131,TX,48,78384,27.757885,-98.245393,R,97,1/7/2014
512731,800020638,ACCESSIBLE RESIDENCES,7404 Camelot Rd,Fort Worth,"Fort Worth-Arlington, TX Metropolitan Division",23104,Tarrant,439,TX,48,76134,32.639434,-97.340146,R,95,12/4/2013
512747,800074007,IRIS PLACE,13321 Emily Rd,Dallas,"Dallas-Plano-Irving, TX Metropolitan Division",19124,Dallas,113,TX,48,75240,32.92809,-96.764716,R,96,1/17/2014
512754,800226144,COMMONS ON MYRTLE,1314 Myrtle Ave,El Paso,"El Paso, TX Metropolitan Statistical Area",21340,El Paso,141,TX,48,79901,31.764779,-106.475846,R,96,1/22/2014
512774,800222674,BROOK OAKS SENIOR RESIDENCES,1725 Colcord Ave,Waco,"Waco, TX Metropolitan Statistical Area",47380,McLennan,309,TX,48,76707,31.557465,-97.153229,R,90,11/8/2013
512962,800213159,AHEPA 29-III APARTMENTS,13830 Canyon Hill Dr,Houston,"Houston-The Woodlands-Sugar Land, TX Metropolitan Statistical Area",26420,Harris,201,TX,48,77083,29.690618,-95.627627,R,94,11/1/2013
512963,800020744,Casa Real V,,FREER,,99999,Duval,131,TX,48,78357,27.8896,-98.6356,T,96,1/10/2014
512976,800224928,"1602 SOUTH STAPLES HOUSING, INC.",1602 S Staples St,Corpus Christi,"Corpus Christi, TX Metropolitan Statistical Area",18580,Nueces,355,TX,48,78404,27.775355,-97.401133,R,90,1/10/2014
512997,800112211,MABEL MESHACK WHITE MANOR,3260 Bickers St,Dallas,"Dallas-Plano-Irving, TX Metropolitan Division",19124,Dallas,113,TX,48,75212,32.785261,-96.873098,R,90,12/17/2013
513038,800214895,FOWLER CHRISTIAN APARTMENTS II,105 Juliette Fowler St,Dallas,"Dallas-Plano-Irving, TX Metropolitan Division",19124,Dallas,113,TX,48,75214,32.803854,-96.753428,R,93,12/9/2013
513049,800226066,"ESCT Austin Housing III, Inc.",3204 Manchaca Rd,Austin,"Austin-Round Rock, TX Metropolitan Statistical Area",12420,Travis,453,TX,48,78704,30.240859,-97.782391,R,87,12/5/2013
513110,800211408,DISCIPLES VILLAGE,2430 E 11th St,Odessa,"Odessa, TX Metropolitan Statistical Area",36220,Ector,135,TX,48,79761,31.864377,-102.344961,R,91,1/21/2014
513316,800112397,Viceroy Apartments,5802 Pecan Valley Dr,San Antonio,"San Antonio-New Braunfels, TX Metropolitan Statistical Area",41700,Bexar,029,TX,48,78223,29.368277,-98.436495,R,93,1/22/2014
513317,800074397,"AHEPA  29, INCORPORATED",13830 Canyon Hill Dr,Houston,"Houston-The Woodlands-Sugar Land, TX Metropolitan Statistical Area",26420,Harris,201,TX,48,77083,29.690618,-95.627627,R,96,1/3/2014
513323,800215132,COLLIN COUNTY COMMUNITY HOMES,3020 Dartmouth Dr,Plano,"Dallas-Plano-Irving, TX Metropolitan Division",19124,Collin,085,TX,48,75075,33.012526,-96.75122,R,94,12/18/2013
513355,800215342,Mosaic Housing Corp XXIII - Austin,2404 Roehampton Dr,Austin,"Austin-Round Rock, TX Metropolitan Statistical Area",12420,Travis,453,TX,48,78745,30.196981,-97.816846,R,96,11/20/2013
513380,800074777,Cobblestone,2101 Davis Ln,Austin,"Austin-Round Rock, TX Metropolitan Statistical Area",12420,Travis,453,TX,48,78745,30.186558,-97.818063,R,99,11/19/2013
513438,800219382,ESTATES OF BRIDGEPORT PHASE III,316 Cuba Rd,Bridgeport,"Fort Worth-Arlington, TX Metropolitan Division",23104,Wise,497,TX,48,76426,33.209078,-97.733686,R,92,11/4/2013
513516,800219442,MAGNOLIA HEIGHTS,1005 Magnolia St,Mansfield,"Fort Worth-Arlington, TX Metropolitan Division",23104,Tarrant,439,TX,48,76063,32.568122,-97.13375,R,90,1/8/2014
513517,800112201,OLEANDER COMMONS,12805 Bissonnet St,Houston,"Houston-The Woodlands-Sugar Land, TX Metropolitan Statistical Area",26420,Harris,201,TX,48,77099,29.678625,-95.605598,R,95,3/10/2014
513605,800021384,SUN RAY COMMUNITY,2129 E Arapaho Rd,Richardson,"Dallas-Plano-Irving, TX Metropolitan Division",19124,Dallas,113,TX,48,75081,32.96077,-96.68447,R,97,1/14/2014
513716,800211521,Okeefe Garden Brook,8734 Garden Brk,San Antonio,"San Antonio-New Braunfels, TX Metropolitan Statistical Area",41700,Bexar,029,TX,48,78245,29.42085,-98.656657,R,91,1/29/2014
513783,800074416,LEWIS TORAN RETIREMENT COMMUNITY,1012 Kurth Dr,Lufkin,"Lufkin, TX Micropolitan Statistical Area",31260,Angelina,005,TX,48,75904,31.356079,-94.730599,R,95,12/10/2013
513803,800211548,Manor House,5905 Manor Rd,Austin,"Austin-Round Rock, TX Metropolitan Statistical Area",12420,Travis,453,TX,48,78723,30.306626,-97.679753,R,94,12/4/2013
513914,800215152,CRESTVIEW UNITY,2507 E Villa Maria Rd,Bryan,"College Station-Bryan, TX Metropolitan Statistical Area",17780,Brazos,041,TX,48,77802,30.660933,-96.348397,R,96,10/18/2013
514004,800211669,RAINBOW VILLAGE II,6338 Corporate Dr,Houston,"Houston-The Woodlands-Sugar Land, TX Metropolitan Statistical Area",26420,Harris,201,TX,48,77036,29.708647,-95.551692,R,98,12/20/2013
514009,800112203,CORNERSTONE GARDENS,14522 Cornerstone Village Dr,Houston,"Houston-The Woodlands-Sugar Land, TX Metropolitan Statistical Area",26420,Harris,201,TX,48,77014,29.990802,-95.486,R,96,11/8/2013
514089,800213171,DEL RIO ROTARY II,309 N Bedell Ave,Del Rio,"Del Rio, TX Micropolitan Statistical Area",19620,Val Verde,465,TX,48,78840,29.370755,-100.888585,R,92,1/14/2014
514090,800021119,LENNOX HOUSE,110 NW 2nd St,Grand Prairie,"Dallas-Plano-Irving, TX Metropolitan Division",19124,Dallas,113,TX,48,75050,32.74604,-97.004935,R,91,1/6/2014
514203,800020902,Georgetown Square,206 Royal Dr,Georgetown,"Austin-Round Rock, TX Metropolitan Statistical Area",12420,Williamson,491,TX,48,78626,30.655315,-97.671823,R,84,12/6/2013
514536,800020886,Fourth Street Apartments,2402 S 4th St,Austin,"Austin-Round Rock, TX Metropolitan Statistical Area",12420,Travis,453,TX,48,78704,30.243367,-97.763338,R,99,2/19/2014
514645,800021478,VILLA MADRE APARTMENTS,200 E Railroad Ave,Port Isabel,"Brownsville-Harlingen, TX Metropolitan Statistical Area",15180,Cameron,061,TX,48,78578,26.074976,-97.208596,R,92,1/24/2014
514668,800021123,Manchaca Road Apts,3810 Manchaca Rd,Austin,"Austin-Round Rock, TX Metropolitan Statistical Area",12420,Travis,453,TX,48,78704,30.235321,-97.785023,R,97,2/18/2014
514698,800020887,"FORT WORTH COMMUNITY HOMES, INC.",1905 San Rafael St,Fort Worth,"Fort Worth-Arlington, TX Metropolitan Division",23104,Tarrant,439,TX,48,76134,32.632269,-97.346959,R,95,1/22/2014
514742,800217702,VISTA VILLA APARTMENTS,3600 Pansy St,Pasadena,"Houston-The Woodlands-Sugar Land, TX Metropolitan Statistical Area",26420,Harris,201,TX,48,77505,29.657855,-95.163239,R,96,2/25/2014
514791,800021364,SPRING TERRACE,2600 S Spring St,Amarillo,"Amarillo, TX Metropolitan Statistical Area",11100,Potter,375,TX,48,79103,35.185853,-101.79082,R,93,1/13/2014
514868,800021171,Odem Housing Authority,500 E Turner,Odem,"Corpus Christi, TX Metropolitan Statistical Area",18580,San Patricio,409,TX,48,78370,27.942931,-97.581014,R,83,2/28/2014
514934,800074544,TOMBALL PINES,525 School St,Tomball,"Houston-The Woodlands-Sugar Land, TX Metropolitan Statistical Area",26420,Harris,201,TX,48,77375,30.088909,-95.61886,R,100,1/27/2014
515004,800021009,Kinney Avenue Apartments,1703 Kinney Ave,Austin,"Austin-Round Rock, TX Metropolitan Statistical Area",12420,Travis,453,TX,48,78704,30.252895,-97.767608,R,99,2/18/2014
515017,800020890,FOX RUN APARTMENTS,2600 Allie Payne Rd,Orange,"Beaumont-Port Arthur, TX Metropolitan Statistical Area",13140,Orange,361,TX,48,77632,30.14185,-93.762294,R,96,11/26/2013
515037,800021033,Las Palmas Villa,2211 Del Rio Blvd,Eagle Pass,"Eagle Pass, TX Micropolitan Statistical Area",20580,Maverick,323,TX,48,78852,28.734111,-100.495494,R,91,2/5/2014
515087,800112398,DENTON AFFORDABLE HOUSING,3821 Camelot St,Denton,"Dallas-Plano-Irving, TX Metropolitan Division",19124,Denton,121,TX,48,76209,33.255556,-97.123412,R,96,1/14/2014
515107,800021226,Gonzales Independence Homes,3621 Highway 90A E,Gonzales,,99999,Gonzales,177,TX,48,78629,29.5825,-97.3623,B,97,1/8/2014
515229,800020947,HERITAGE SQUARE,520 3rd Ave N,Texas City,"Houston-The Woodlands-Sugar Land, TX Metropolitan Statistical Area",26420,Galveston,167,TX,48,77590,29.387228,-94.901932,R,84,2/27/2014
515290,800021129,North Plaza Apts,9125 North Plz,Austin,"Austin-Round Rock, TX Metropolitan Statistical Area",12420,Travis,453,TX,48,78753,30.353699,-97.685932,R,93,1/17/2014
515306,800021279,Regal Village,3400 Camino Real,San Antonio,"San Antonio-New Braunfels, TX Metropolitan Statistical Area",41700,Bexar,029,TX,48,78238,29.467966,-98.605263,R,91,1/6/2014
515324,800021416,"TARRANT COUNTY COMMUNITY HOMES, INC",6525 Oak Forest Ct,Fort Worth,"Fort Worth-Arlington, TX Metropolitan Division",23104,Tarrant,439,TX,48,76112,32.743659,-97.217395,R,84,1/13/2014
515341,800021427,The Palms Apartments,200 S Avenue A,Aransas Pass,"Corpus Christi, TX Metropolitan Statistical Area",18580,San Patricio,409,TX,48,78336,27.916312,-97.163849,R,96,1/21/2014
515366,800219928,Huebner Creek Villas I,8527 Huebner Rd,San Antonio,"San Antonio-New Braunfels, TX Metropolitan Statistical Area",41700,Bexar,029,TX,48,78240,29.517677,-98.606102,R,99,1/7/2014
515491,800021036,Lasker Village Apts,2106 S Ww White Rd,San Antonio,"San Antonio-New Braunfels, TX Metropolitan Statistical Area",41700,Bexar,029,TX,48,78222,29.393639,-98.404393,R,99,1/6/2014
515495,800223952,ESCT Austin Housing II,7685 Northcross Dr,Austin,"Austin-Round Rock, TX Metropolitan Statistical Area",12420,Travis,453,TX,48,78757,30.35404,-97.735732,R,96,1/17/2014
515498,800021547,WINWOOD OF PLAINVIEW,2812 Houston St,Plainview,"Plainview, TX Micropolitan Statistical Area",38380,Hale,189,TX,48,79072,34.210117,-101.71388,R,93,1/27/2014
515549,800021216,PATMAN SWITCH,PO Box 9,Hughes Springs,,99999,Cass,067,TX,48,75656,33.0735,-94.5984,B,98,2/12/2014
515553,800021461,VILLA SANTA MARIA,1830 Bennett Ave,Dallas,"Dallas-Plano-Irving, TX Metropolitan Division",19124,Dallas,113,TX,48,75206,32.808587,-96.776765,R,95,1/15/2014
515634,800020642,Alamo Village Apartments,504 N 9th St,Alamo,"McAllen-Edinburg-Mission, TX Metropolitan Statistical Area",32580,Hidalgo,215,TX,48,78516,26.188043,-98.118238,R,85,1/23/2014
515652,800074138,WINDY MEADOWS,262 N Magdalen St,San Angelo,"San Angelo, TX Metropolitan Statistical Area",41660,Tom Green,451,TX,48,76903,31.468571,-100.435058,R,93,6/10/2014
515713,800021230,VALLEY AT COBB PARK,1707 E Robert St,Fort Worth,"Fort Worth-Arlington, TX Metropolitan Division",23104,Tarrant,439,TX,48,76104,32.714963,-97.301226,R,96,1/23/2014
515829,800215268,LONE STAR GARDENS,497 Twin St,Jasper,,99999,Jasper,241,TX,48,75951,30.901543,-94.025746,R,98,1/13/2014
515844,800021083,Marshall Apartments,1157 Salina St,Austin,"Austin-Round Rock, TX Metropolitan Statistical Area",12420,Travis,453,TX,48,78702,30.270592,-97.720039,R,93,2/21/2014
515882,800021376,Stassney Apartments,5600 Nancy Dr,Austin,"Austin-Round Rock, TX Metropolitan Statistical Area",12420,Travis,453,TX,48,78745,30.20906,-97.784029,R,100,2/19/2014
515889,800020989,JH (Jim) Gonzales Homes,508 N Dagmar Ave,Hebbronville,,99999,Jim Hogg,247,TX,48,78361,27.312262,-98.687939,R,80,1/22/2014
515896,800074922,Oak Forest Heights,11100 Toepperwein Rd,Live Oak,"San Antonio-New Braunfels, TX Metropolitan Statistical Area",41700,Bexar,029,TX,48,78233,29.538729,-98.336982,R,100,2/28/2014
515904,800218107,Cedar Elm Place,900 Paschal St,Kerrville,"Kerrville, TX Micropolitan Statistical Area",28500,Kerr,265,TX,48,78028,30.058136,-99.140533,R,98,2/6/2014
515913,800219705,VILLAS AT BAYOU PARK,,HOUSTON,"Houston-The Woodlands-Sugar Land, TX Metropolitan Statistical Area",26420,Harris,201,TX,48,77021,29.6917,-95.3575,T,98,12/31/2013
516230,800020920,Ridge at Trinity Apartments,7203 S Loop 12,Dallas,"Dallas-Plano-Irving, TX Metropolitan Division",19124,Dallas,113,TX,48,75217,32.713267,-96.69681,4,18,5/1/2014
516326,800226614,CLEARPOINTE CROSSING APARTMENTS,,HOUSTON,"Houston-The Woodlands-Sugar Land, TX Metropolitan Statistical Area",26420,Harris,201,TX,48,77059,29.5955,-95.1129,T,96,12/30/2013
516328,800226781,Stoney Brook of Copperas Cove,,COPPERAS COVE,"Killeen-Temple, TX Metropolitan Statistical Area",28660,Coryell,099,TX,48,76522,31.1285,-97.9291,T,96,3/3/2014
516501,800210357,FOUNTAINS AT BURLESON APTS,,BURLESON,"Fort Worth-Arlington, TX Metropolitan Division",23104,Johnson,251,TX,48,76028,32.5144,-97.2999,T,99,4/23/2014
516531,800021380,STONEGATE MANOR,4121 Turtle Creek Dr,Port Arthur,"Beaumont-Port Arthur, TX Metropolitan Statistical Area",13140,Jefferson,245,TX,48,77642,29.955176,-93.976364,R,91,4/24/2014
516661,800222041,PEGASUS VILLAS SENIOR LIVING,7200 N Stemmons Fwy,Dallas,"Dallas-Plano-Irving, TX Metropolitan Division",19124,Dallas,113,TX,48,75247,32.816524,-96.867277,R,100,4/25/2014
516721,800220749,BRIDADOON APARTMENTS,3550 S Gevers St,San Antonio,"San Antonio-New Braunfels, TX Metropolitan Statistical Area",41700,Bexar,029,TX,48,78210,29.385198,-98.456619,R,82,3/21/2014
516771,800052271,STONEGATE APARTMENTS,6400 Bell St,Amarillo,"Amarillo, TX Metropolitan Statistical Area",11100,Randall,381,TX,48,79109,35.144889,-101.902234,R,88,5/29/2014
516796,800223422,PECAN POINTE,463 Westfield Blvd,Temple,"Killeen-Temple, TX Metropolitan Statistical Area",28660,Bell,027,TX,48,76502,31.121334,-97.422763,R,91,5/5/2014
516806,800021455,UNIQUE GARDENS,5388 Village Ln,Fort Worth,"Fort Worth-Arlington, TX Metropolitan Division",23104,Tarrant,439,TX,48,76119,32.6785,-97.260096,R,99,9/11/2014
516812,800045847,MCKINNEY ORCHID APTS.,2700 N Brook Dr,McKinney,"Dallas-Plano-Irving, TX Metropolitan Division",19124,Collin,085,TX,48,75070,33.192996,-96.652417,R,93,3/20/2014
516833,800219980,Cienega Linda Apartments,7614 Laguna Del Mar Ct,Laredo,"Laredo, TX Metropolitan Statistical Area",29700,Webb,479,TX,48,78041,27.576738,-99.462494,R,92,8/13/2014
516883,800210487,WATERS EDGE VILLAS at ROWLETT,5501 Lakeview Pkwy,Rowlett,"Dallas-Plano-Irving, TX Metropolitan Division",19124,Dallas,113,TX,48,75088,32.908081,-96.549095,R,99,9/8/2014
516969,800232965,Casa Adobe Apartmens,74 Lyerly St,Houston,"Houston-The Woodlands-Sugar Land, TX Metropolitan Statistical Area",26420,Harris,201,TX,48,77022,29.834531,-95.379386,R,82,8/7/2014
516976,800020959,Highview Retirement Village,200 Highway 1431,Marble Falls,,99999,Burnet,053,TX,48,78654,30.575313,-98.26622,R,86,5/7/2014
517021,800236634,Gardens at Sienna,6210 Sienna Trl,Beaumont,"Beaumont-Port Arthur, TX Metropolitan Statistical Area",13140,Jefferson,245,TX,48,77708,30.132956,-94.158547,R,98,7/21/2014
517092,800021229,PILGRIM SENIOR CITIZEN HOUSING,4655 Aldine Mail Rd,Houston,"Houston-The Woodlands-Sugar Land, TX Metropolitan Statistical Area",26420,Harris,201,TX,48,77039,29.902887,-95.324352,R,86,8/6/2014
517161,800020682,BAY TERRACE,1502 Nolan Rd,Baytown,"Houston-The Woodlands-Sugar Land, TX Metropolitan Statistical Area",26420,Harris,201,TX,48,77520,29.745729,-94.952232,R,85,5/28/2014
517194,800231440,SONOMA COURT APTS,970 W Yellow Jacket Ln,Rockwall,"Dallas-Plano-Irving, TX Metropolitan Division",19124,Rockwall,397,TX,48,75087,32.910229,-96.455432,4,95,3/4/2014
517205,800021513,STARCREST APARTMENTS,3255 Elmira St,Beaumont,"Beaumont-Port Arthur, TX Metropolitan Statistical Area",13140,Jefferson,245,TX,48,77705,30.047778,-94.122442,R,80,5/2/2014
517215,800211133,Windsor Place,2447 Monarch Dr,Laredo,"Laredo, TX Metropolitan Statistical Area",29700,Webb,479,TX,48,78045,27.608309,-99.470965,R,99,8/14/2014
517348,800221045,MISSION OAKS APTS,7575 Callaghan Rd,San Antonio,"San Antonio-New Braunfels, TX Metropolitan Statistical Area",41700,Bexar,029,TX,48,78229,29.505747,-98.558033,R,84,1/12/2015
517359,800234988,The Hamptons at Pine Forest,4250 Old Omen Rd,Tyler,"Tyler, TX Metropolitan Statistical Area",46340,Smith,423,TX,48,75707,32.304883,-95.237187,R,94,7/22/2014
517398,800073902,"TOWNHOMES AT PARKSIDE, THE",4000 Parkside Center Blvd,Farmers Branch,"Dallas-Plano-Irving, TX Metropolitan Division",19124,Dallas,113,TX,48,75244,32.938058,-96.841039,R,86,6/3/2014
517610,800020757,CENTER RIDGE APARTMENTS,700 W Center St,Duncanville,"Dallas-Plano-Irving, TX Metropolitan Division",19124,Dallas,113,TX,48,75116,32.651513,-96.923249,R,83,9/5/2014
517697,800046453,COLUMBUS VILLAGE,830 S Riley St,Hearne,"College Station-Bryan, TX Metropolitan Statistical Area",17780,Robertson,395,TX,48,77859,30.879693,-96.586684,R,82,9/4/2014
517711,800236687,SOUTH ACRES RANCH,11409 Scott St,Houston,"Houston-The Woodlands-Sugar Land, TX Metropolitan Statistical Area",26420,Harris,201,TX,48,77047,29.635221,-95.36796,R,89,10/9/2014
517771,800214417,The Lodge at Lost Pines,3950 Highway 71 E,Bastrop,"Austin-Round Rock, TX Metropolitan Statistical Area",12420,Bastrop,021,TX,48,78602,30.103468,-97.287171,R,92,8/26/2014
517782,800226821,Palm at Cinco Ranch,23600 Fm 1093 Rd,Richmond,"Houston-The Woodlands-Sugar Land, TX Metropolitan Statistical Area",26420,Fort Bend,157,TX,48,77406,29.699866,-95.785395,R,79,8/29/2014
517789,800226636,"Reserve at Towne Crossing, The",3401 US Highway 259 N,Longview,"Longview, TX Metropolitan Statistical Area",30980,Gregg,183,TX,48,75605,32.558478,-94.731378,R,89,5/21/2014
517812,800224610,TERRACES ON CREEK STREET,707 S Creek St,Fredericksburg,"Fredericksburg, TX Micropolitan Statistical Area",23240,Gillespie,171,TX,48,78624,30.258367,-98.864716,R,85,10/6/2014
517944,800021314,Sacred Heart Villa,120 S Trinity St,San Antonio,"San Antonio-New Braunfels, TX Metropolitan Statistical Area",41700,Bexar,029,TX,48,78207,29.42707,-98.517672,R,100,2/28/2014
517969,800216428,Oak Terrace Apts. Phase IV,902 S Loop 499,Harlingen,"Brownsville-Harlingen, TX Metropolitan Statistical Area",15180,Cameron,061,TX,48,78550,26.186769,-97.664833,R,86,11/20/2014
517973,800021027,Lantana Square Apts,5802 Academy Dr,Corpus Christi,"Corpus Christi, TX Metropolitan Statistical Area",18580,Nueces,355,TX,48,78407,27.8077,-97.473532,R,99,8/7/2014
518025,800218998,LAGUNA VISTA APTS,1580 Mira Lago Blvd,Farmers Branch,"Dallas-Plano-Irving, TX Metropolitan Division",19124,Dallas,113,TX,48,75234,32.904266,-96.922047,R,96,3/21/2014
518030,800222272,Savoy of Garland,608 Rowlett Rd,Garland,"Dallas-Plano-Irving, TX Metropolitan Division",19124,Dallas,113,TX,48,75043,32.847799,-96.592988,R,98,3/21/2014
518049,800233689,Windermere Townhomes Apartments,15906 Windermere Dr,Pflugerville,"Austin-Round Rock, TX Metropolitan Statistical Area",12420,Travis,453,TX,48,78660,30.44762,-97.648366,R,94,10/29/2014
518068,800231346,Oak Manor/Oak Village Apts.,2330 Austin Hwy,San Antonio,"San Antonio-New Braunfels, TX Metropolitan Statistical Area",41700,Bexar,029,TX,48,78218,29.507747,-98.410942,R,94,5/6/2014
518074,800020861,Elliott Grant Homes,901 N Alameda St,Corpus Christi,"Corpus Christi, TX Metropolitan Statistical Area",18580,Nueces,355,TX,48,78401,27.798744,-97.40426,R,91,9/2/2014
518080,800233682,GRACELAKE TOWNE HOMES,3985 Sarah St,Beaumont,"Beaumont-Port Arthur, TX Metropolitan Statistical Area",13140,Jefferson,245,TX,48,77705,30.045423,-94.12599,R,91,5/27/2014
518089,800021352,SOUTH HOUSTON VISTA APARTMENTS,7800 Easthaven Blvd,Houston,"Houston-The Woodlands-Sugar Land, TX Metropolitan Statistical Area",26420,Harris,201,TX,48,77017,29.656191,-95.249453,R,95,4/2/2014
518156,800219003,CYPRESS VIEW VILLAS,200 Atwood Ct,Weatherford,"Fort Worth-Arlington, TX Metropolitan Division",23104,Parker,367,TX,48,76086,32.747474,-97.745609,R,98,8/27/2014
518167,800231519,Historic Dallas Post Office,400 N Ervay St,Dallas,"Dallas-Plano-Irving, TX Metropolitan Division",19124,Dallas,113,TX,48,75201,32.78334,-96.79819,R,99,7/23/2014
518213,800237104,La Plaza Apts.,9578 Sims Dr,El Paso,"El Paso, TX Metropolitan Statistical Area",21340,El Paso,141,TX,48,79925,31.764113,-106.359654,R,52,12/11/2014
518252,800235261,Lakeside Manor Senior Apt Homes,902 W Eldorado Pkwy,Little Elm,"Dallas-Plano-Irving, TX Metropolitan Division",19124,Denton,121,TX,48,75068,33.154901,-96.946195,R,91,3/19/2014
518254,800223086,LONGFELLOW ARMS,115 E Hawkins Pkwy,Longview,"Longview, TX Metropolitan Statistical Area",30980,Gregg,183,TX,48,75605,32.54695,-94.74705,R,96,3/26/2014
518257,800020729,CASA BRENDAN II,1400 W Hyman St,Stephenville,"Stephenville, TX Micropolitan Statistical Area",44500,Erath,143,TX,48,76401,32.207716,-98.210888,R,93,4/24/2014
518319,800021209,PARKVIEW PLACE,1110 Avenue N,Huntsville,"Huntsville, TX Micropolitan Statistical Area",26660,Walker,471,TX,48,77340,30.723686,-95.554545,R,97,10/8/2014
518429,800020745,CASA TREVINO,1901 W Davis St,Dallas,"Dallas-Plano-Irving, TX Metropolitan Division",19124,Dallas,113,TX,48,75208,32.749791,-96.849838,R,96,9/26/2014
518434,800021300,ROLAND HILLIARD APARTMENTS,1408 Whitson St,Bay City,"Bay City, TX Micropolitan Statistical Area",13060,Matagorda,321,TX,48,77414,28.969248,-95.972657,R,90,9/11/2014
518461,800227785,SEDONA SENIORS,6101 Old Denton Rd,Fort Worth,"Fort Worth-Arlington, TX Metropolitan Division",23104,Tarrant,439,TX,48,76131,32.854266,-97.316132,R,99,11/6/2014
518511,800213824,The Waters At Bluff Springs,7707 S Ih 35,Austin,"Austin-Round Rock, TX Metropolitan Statistical Area",12420,Travis,453,TX,48,78744,30.179582,-97.777315,4,95,9/3/2014
518535,800216536,OAKBRIDGE APTS,1710 Old Alvin Rd,Pearland,"Houston-The Woodlands-Sugar Land, TX Metropolitan Statistical Area",26420,Brazoria,039,TX,48,77581,29.578592,-95.277865,R,85,4/21/2014
518602,800233455,TAYLOR FARMS APARTMENTS,1150 Pinnacle Park Blvd,Dallas,"Dallas-Plano-Irving, TX Metropolitan Division",19124,Dallas,113,TX,48,75211,32.755602,-96.876837,R,98,4/22/2014
518656,800046832,Ingleside I,2969 Atlantic Blvd,Ingleside,"Corpus Christi, TX Metropolitan Statistical Area",18580,San Patricio,409,TX,48,78362,27.880016,-97.202009,R,83,12/22/2014
518784,800224635,OAKCREEK APARTMENTS,2213 N Frazier St,Conroe,"Houston-The Woodlands-Sugar Land, TX Metropolitan Statistical Area",26420,Montgomery,339,TX,48,77303,30.336248,-95.46789,R,91,8/6/2014
518789,800236575,The Estates of Coppell,253 Club Circle Dr,Coppell,"Dallas-Plano-Irving, TX Metropolitan Division",19124,Dallas,113,TX,48,75019,32.982,-96.9809,B,92,9/10/2014
518844,800073901,THE GATES of CEDAR HILL,201 S Joe Wilson Rd,Cedar Hill,"Dallas-Plano-Irving, TX Metropolitan Division",19124,Dallas,113,TX,48,75104,32.587289,-96.925686,R,85,12/16/2014
518856,800220460,Riversquare Apartments,10342 River Run Blvd,Corpus Christi,"Corpus Christi, TX Metropolitan Statistical Area",18580,Nueces,355,TX,48,78410,27.846873,-97.567597,R,99,12/4/2014
518866,800237506,BELLAGIO TERRACE APARTMENTS,5038 Old Jacksboro Hwy,Wichita Falls,"Wichita Falls, TX Metropolitan Statistical Area",48660,Wichita,485,TX,48,76302,33.855052,-98.49493,R,84,11/3/2014
518873,800021258,PRAIRIE RIDGE APTS.,313 Freetown Rd,Grand Prairie,"Dallas-Plano-Irving, TX Metropolitan Division",19124,Dallas,113,TX,48,75051,32.713219,-97.009507,R,96,11/6/2014
518880,800222024,HUNTINGTON RIDGE,821 S Polk St,Desoto,"Dallas-Plano-Irving, TX Metropolitan Division",19124,Dallas,113,TX,48,75115,32.577452,-96.840161,R,84,6/11/2014
518884,800233824,SKYTOP APARTMENTS,2455 N Frazier St,Conroe,"Houston-The Woodlands-Sugar Land, TX Metropolitan Statistical Area",26420,Montgomery,339,TX,48,77303,30.34263,-95.469693,R,87,7/18/2014
518968,800214563,RIDGE PARC APTS,6968 Clarkridge Dr,Dallas,"Dallas-Plano-Irving, TX Metropolitan Division",19124,Dallas,113,TX,48,75236,32.666839,-96.945112,R,88,11/10/2014
518997,800236190,Grove Place Apartments,1881 Grove Blvd,Austin,"Austin-Round Rock, TX Metropolitan Statistical Area",12420,Travis,453,TX,48,78741,30.22795,-97.707075,R,92,8/27/2014
518998,800227353,Boardwalk at Med Center,7838 Huebner Rd,San Antonio,"San Antonio-New Braunfels, TX Metropolitan Statistical Area",41700,Bexar,029,TX,48,78240,29.510802,-98.612486,R,87,8/15/2014
519061,800236455,Reserve at the Fountains,10502 Fountain Lake Dr,Stafford,"Houston-The Woodlands-Sugar Land, TX Metropolitan Statistical Area",26420,Fort Bend,157,TX,48,77477,29.638721,-95.592063,R,80,12/18/2014
519066,800074707,CADILLAC LOFTS,317 Lexington Ave,San Antonio,"San Antonio-New Braunfels, TX Metropolitan Statistical Area",41700,Bexar,029,TX,48,78215,29.433583,-98.490543,R,83,12/23/2014
519081,800213690,CHARTERHOUSE at LAKE POINTE,959 Charterhouse Cir,Granbury,"Fort Worth-Arlington, TX Metropolitan Division",23104,Hood,221,TX,48,76048,32.429659,-97.777603,R,96,11/14/2014
519110,800218175,THE FRANKLIN APTS,,HOUSTON,"Houston-The Woodlands-Sugar Land, TX Metropolitan Statistical Area",26420,Harris,201,TX,48,77064,29.9132,-95.5472,T,92,12/5/2014
519232,800236604,HILLCREST MANOR,1102 N Memphis Ave,Lubbock,"Lubbock, TX Metropolitan Statistical Area",31180,Lubbock,303,TX,48,79415,33.612434,-101.896601,R,87,8/26/2014
519237,800020704,BRAZOS BEND VILLA,2020 Rocky Falls Rd,Richmond,"Houston-The Woodlands-Sugar Land, TX Metropolitan Statistical Area",26420,Fort Bend,157,TX,48,77469,29.583904,-95.778109,R,94,8/28/2014
519239,800236949,HICKORY MANOR,1626 Old Hickory Trl,Desoto,"Dallas-Plano-Irving, TX Metropolitan Division",19124,Dallas,113,TX,48,75115,32.62254,-96.86547,R,89,9/24/2014
519284,800222311,Hearthstone Apartments,,MCALLEN,"McAllen-Edinburg-Mission, TX Metropolitan Statistical Area",32580,Hidalgo,215,TX,48,78503,26.180452,-98.212537,R,90,12/5/2014
519328,800216958,THE FALLS AT BOROUGH PARK,25455 Borough Park Dr,Spring,"Houston-The Woodlands-Sugar Land, TX Metropolitan Statistical Area",26420,Montgomery,339,TX,48,77380,30.131719,-95.446753,R,82,12/15/2014
519339,800227418,ZANG TRIANGLE,390 E Oakenwald St,Dallas,"Dallas-Plano-Irving, TX Metropolitan Division",19124,Dallas,113,TX,48,75203,32.760222,-96.818524,R,90,12/12/2014
519352,800237035,Autumn Leaves of Arlington,514 Central Park Dr,Arlington,"Fort Worth-Arlington, TX Metropolitan Division",23104,Tarrant,439,TX,48,76014,32.695304,-97.113051,R,99,9/24/2014
519354,800231461,BLUE RIDGE APTS,2818 W Loop 250 N,Midland,"Midland, TX Metropolitan Statistical Area",33260,Midland,329,TX,48,79705,32.035834,-102.124051,R,92,3/12/2014
519369,800217015,HOTEL WOOTEN,1102 N 3rd St,Abilene,"Abilene, TX Metropolitan Statistical Area",10180,Taylor,441,TX,48,79601,32.45173,-99.734139,R,82,8/28/2015
519378,800224734,Twin Rivers Senior Apartments,201 S Glenville Dr,Richardson,"Dallas-Plano-Irving, TX Metropolitan Division",19124,Dallas,113,TX,48,75081,32.943917,-96.704472,R,99,9/8/2014
519382,800222261,"HOMES OF MOUNTAIN CREEK, THE",1350 Skyline Rd,Grand Prairie,"Dallas-Plano-Irving, TX Metropolitan Division",19124,Dallas,113,TX,48,75051,32.735098,-96.98678,R,93,9/9/2014
519383,800223585,VILLAGE CREEK,5151 Mansfield Hwy,Forest Hill,"Fort Worth-Arlington, TX Metropolitan Division",23104,Tarrant,439,TX,48,76119,32.667334,-97.244941,R,86,9/19/2014
519392,800227416,Hebron 121 Station Apartments,880 Union Station Pkwy,Lewisville,"Dallas-Plano-Irving, TX Metropolitan Division",19124,Denton,121,TX,48,75057,33.0109,-96.9634,B,99,3/19/2014
519399,800223485,LODGE AT PECAN CREEK,6503 W Shady Shores Rd,Denton,"Dallas-Plano-Irving, TX Metropolitan Division",19124,Denton,121,TX,48,76208,33.163353,-97.068015,R,91,7/25/2014
519414,800021206,PARK VILLAGE - BIG SPRING,1905 Wasson Rd,Big Spring,"Big Spring, TX Micropolitan Statistical Area",13700,Howard,227,TX,48,79720,32.216483,-101.488735,R,95,5/23/2014
519417,800045745,CENTERPOINT APARTMENTS,2626 Frankford Rd,Dallas,"Dallas-Plano-Irving, TX Metropolitan Division",19124,Denton,121,TX,48,75287,32.996797,-96.867687,R,88,9/25/2014
519439,800021468,VEGA PLACE APTS,6154 Community Ln,Fort Worth,"Fort Worth-Arlington, TX Metropolitan Division",23104,Tarrant,439,TX,48,76133,32.654224,-97.371975,R,91,3/7/2014
519440,800224432,SIENNA TRAILS APARTMENTS,6155 Sienna Trl,Beaumont,"Beaumont-Port Arthur, TX Metropolitan Statistical Area",13140,Jefferson,245,TX,48,77708,30.132233,-94.158805,R,87,11/4/2014
519441,800227188,HOUSTON HOUSE,1617 Fannin St,Houston,"Houston-The Woodlands-Sugar Land, TX Metropolitan Statistical Area",26420,Harris,201,TX,48,77002,29.751719,-95.367521,R,78,8/7/2014
519444,800231450,WATERCREST PLACE,5016 Watercrest Rd,Killeen,"Killeen-Temple, TX Metropolitan Statistical Area",28660,Bell,027,TX,48,76549,31.114853,-97.794339,R,88,3/31/2016
519564,800020791,TIMES SQUARE ON THE HILL,2100 Southcrest Dr,Fort Worth,"Fort Worth-Arlington, TX Metropolitan Division",23104,Tarrant,439,TX,48,76115,32.670734,-97.349425,R,98,4/25/2014
519661,800021089,Meadow Park Village,1200 Meadow Park,Lockhart,"Austin-Round Rock, TX Metropolitan Statistical Area",12420,Caldwell,055,TX,48,78644,29.870106,-97.672392,R,94,3/14/2014
519665,800020786,COLONIAL PARK APARTMENTS,1120 34th St N,Texas City,"Houston-The Woodlands-Sugar Land, TX Metropolitan Statistical Area",26420,Galveston,167,TX,48,77590,29.394876,-94.946671,R,94,9/10/2014
519687,800021561,YALE VILLAGE,5673 Yale St,Houston,"Houston-The Woodlands-Sugar Land, TX Metropolitan Statistical Area",26420,Harris,201,TX,48,77076,29.848933,-95.403264,R,92,4/2/2014
519716,800020751,CATHEDRAL GARDEN APTS.,1500 N Garrett Ave,Dallas,"Dallas-Plano-Irving, TX Metropolitan Division",19124,Dallas,113,TX,48,75206,32.807315,-96.772795,R,80,9/8/2014
519833,800021126,Nolan Terrace,221 Peach St,Luling,"Austin-Round Rock, TX Metropolitan Statistical Area",12420,Caldwell,055,TX,48,78648,29.669017,-97.646251,R,95,5/5/2014
519837,800210341,CHESTERFIELD APTS,5700 Median Way,Arlington,"Fort Worth-Arlington, TX Metropolitan Division",23104,Tarrant,439,TX,48,76017,32.656478,-97.194111,R,80,9/9/2014
519850,800046298,MANHATTAN PARK TOWNHOMES,2225 New York Ave,Arlington,"Fort Worth-Arlington, TX Metropolitan Division",23104,Tarrant,439,TX,48,76010,32.708903,-97.080171,R,97,10/30/2014
519918,800020799,Country Club Village,3500 Magic Dr,San Antonio,"San Antonio-New Braunfels, TX Metropolitan Statistical Area",41700,Bexar,029,TX,48,78229,29.501659,-98.557818,R,96,5/8/2014
520090,800225491,Lakeview Apartments,,GANADO,,99999,Jackson,239,TX,48,77962,29.030189,-96.505098,R,98,8/4/2014
520135,800225045,GARDENS OF LIVINGSTON,501 Garden Ridge Dr,Livingston,,99999,Polk,373,TX,48,77351,30.726082,-94.94667,R,91,6/5/2014
520136,800214542,Sendero Ridge Apts,2424 Gold Canyon Dr,San Antonio,"San Antonio-New Braunfels, TX Metropolitan Statistical Area",41700,Bexar,029,TX,48,78259,29.61188,-98.443894,R,98,9/30/2014
520189,800046122,WELLINGTON ON THE LAKE,3919 Barnett Rd,Wichita Falls,"Wichita Falls, TX Metropolitan Statistical Area",48660,Wichita,485,TX,48,76310,33.872647,-98.577634,R,87,10/1/2014
520225,800020850,EDINBURG VILLAGE APTS,701 S 4th Ave,Edinburg,"McAllen-Edinburg-Mission, TX Metropolitan Statistical Area",32580,Hidalgo,215,TX,48,78539,26.296586,-98.171329,R,98,10/27/2014
520226,800021447,Trinity Place,1203 Cushing Dr,Round Rock,"Austin-Round Rock, TX Metropolitan Statistical Area",12420,Williamson,491,TX,48,78664,30.497572,-97.674787,R,86,7/3/2014
520227,800020957,HIGH POINT VILLAGE PHASE II APTS,5550 Professional Dr,Wichita Falls,"Wichita Falls, TX Metropolitan Statistical Area",48660,Wichita,485,TX,48,76302,33.844608,-98.500788,R,83,11/6/2014
520415,800021567,911 Glenoak Apts,711 Glenoak Dr,Corpus Christi,"Corpus Christi, TX Metropolitan Statistical Area",18580,Nueces,355,TX,48,78418,27.643973,-97.300417,R,99,8/6/2014
520460,800073838,RIVERBEND APTS.,1000 River Bend Dr,Lancaster,"Dallas-Plano-Irving, TX Metropolitan Division",19124,Dallas,113,TX,48,75146,32.603897,-96.779406,R,98,10/6/2014
520733,800021052,"REACH UNLIMITED I, INC.",12335 White River Dr,Tomball,"Houston-The Woodlands-Sugar Land, TX Metropolitan Statistical Area",26420,Harris,201,TX,48,77375,30.043994,-95.606182,R,96,1/30/2014
520821,800020845,ECHAD APTS.,2620 Ruidosa Ave,Dallas,"Dallas-Plano-Irving, TX Metropolitan Division",19124,Dallas,113,TX,48,75228,32.845923,-96.669154,R,71,3/26/2014
520828,800020722,CANTERBURY APTS,1700 S Lancaster St,Big Spring,"Big Spring, TX Micropolitan Statistical Area",13700,Howard,227,TX,48,79720,32.237799,-101.474363,R,96,5/22/2014
520861,800218291,Oak Grove Apartments,10810 Barely Ln,Houston,"Houston-The Woodlands-Sugar Land, TX Metropolitan Statistical Area",26420,Harris,201,TX,48,77070,29.941647,-95.582162,R,91,4/22/2014
521007,800215633,SETTLER'S RANCH,11100 Fuqua St,Houston,"Houston-The Woodlands-Sugar Land, TX Metropolitan Statistical Area",26420,Harris,201,TX,48,77089,29.612332,-95.221816,R,61,7/24/2014
521143,800046120,COUNTRY PLACE APARTMENTS,3316 E Rancier Ave,Killeen,"Killeen-Temple, TX Metropolitan Statistical Area",28660,Bell,027,TX,48,76543,31.117901,-97.697133,R,80,4/24/2015
521183,800216095,VILLAGE ON THE CREEK APTS,2921 Mustang Dr,Grapevine,"Fort Worth-Arlington, TX Metropolitan Division",23104,Tarrant,439,TX,48,76051,32.91986,-97.110419,R,93,9/10/2014
521298,800220468,CRYSTAL CREEK PARK APTS,8101 Honeywood Trl,Port Arthur,"Beaumont-Port Arthur, TX Metropolitan Statistical Area",13140,Jefferson,245,TX,48,77642,29.949639,-93.97812,R,94,7/23/2014
521304,800225498,Village Apartments,600 Village Rd,Port Lavaca,"Port Lavaca, TX Micropolitan Statistical Area",38920,Calhoun,057,TX,48,77979,28.638662,-96.634839,R,61,4/25/2016
521382,800210411,ENCLAVE @ CORNERSTONE VILLAGE,15330 Bammel North Houston Rd,Houston,"Houston-The Woodlands-Sugar Land, TX Metropolitan Statistical Area",26420,Harris,201,TX,48,77014,29.994337,-95.481587,R,84,5/1/2014
521410,800213727,VILLA of WOLFFORTH,301 E 5th St,Wolfforth,"Lubbock, TX Metropolitan Statistical Area",31180,Lubbock,303,TX,48,79382,33.505184,-102.009424,4,73,11/6/2014
521508,800224487,Walnut Ridge Apartments,,BASTROP,"Austin-Round Rock, TX Metropolitan Statistical Area",12420,Bastrop,021,TX,48,78602,30.108,-97.3018,T,91,3/6/2015
522893,800020874,FAIRWAY VILLAGE,6118 Fairway St,Austin,"Austin-Round Rock, TX Metropolitan Statistical Area",12420,Travis,453,TX,48,78741,30.229117,-97.703392,R,68,6/12/2014
522906,800021065,Los Encinos,1210 S Center St,Falfurrias,,99999,Brooks,047,TX,48,78355,27.215386,-98.151035,R,95,5/20/2014
522913,800020934,HARMON ELLIOTT COMPLEX,901 W Avenue K,Muleshoe,,99999,Bailey,017,TX,48,79347,34.222265,-102.739358,R,89,6/13/2014
522916,800021093,Memorial Apartments,501 E Jasmine Ave,McAllen,"McAllen-Edinburg-Mission, TX Metropolitan Statistical Area",32580,Hidalgo,215,TX,48,78501,26.211686,-98.215142,R,95,3/26/2014
522922,800021290,RISING STAR HOUSING AUTHORITY,108 W Mills St,Rising Star,,99999,Eastland,133,TX,48,76471,32.097064,-98.964045,R,99,7/9/2014
522924,800021040,Lavaca Landing,1134 Donna Dr,Hallettsville,,99999,Lavaca,285,TX,48,77964,29.440407,-96.957868,R,90,6/20/2014
522925,800020793,TEXAS COPPERTREE VILLAGE,1415 W Gulf Bank Rd,Houston,"Houston-The Woodlands-Sugar Land, TX Metropolitan Statistical Area",26420,Harris,201,TX,48,77088,29.887601,-95.422457,R,92,5/30/2014
522928,800021396,Sunrise Village,2106 Silver Ave,Donna,"McAllen-Edinburg-Mission, TX Metropolitan Statistical Area",32580,Hidalgo,215,TX,48,78537,26.164169,-98.041293,R,98,3/25/2014
522931,800021294,Riverview Apartments,601 River Rd,San Marcos,"Austin-Round Rock, TX Metropolitan Statistical Area",12420,Hays,209,TX,48,78666,29.873685,-97.928452,R,94,5/22/2014
522935,800020817,CUMBY HOUSING AUTHORITY,402 Odom St,Cumby,"Sulphur Springs, TX Micropolitan Statistical Area",44860,Hopkins,223,TX,48,75433,33.131236,-95.838794,R,88,5/13/2014
522938,800021414,TAYLOR-WITTA SENIOR COMPLEX.,125 S Main St,Loraine,,99999,Mitchell,335,TX,48,79532,32.410915,-100.711913,R,86,5/1/2014
522982,800079741,Corona Del Valle,5453 Ridge St,El Paso,"El Paso, TX Metropolitan Statistical Area",21340,El Paso,141,TX,48,79932,31.857884,-106.57884,R,91,5/15/2014
522995,800079619,Casa De Oro,200 Tooter Newlin Dr,Sinton,"Corpus Christi, TX Metropolitan Statistical Area",18580,San Patricio,409,TX,48,78387,28.037765,-97.493548,R,96,3/24/2014
522998,800024178,PANOLA APARTMENTS,1100 S Adams St,Carthage,,99999,Panola,365,TX,48,75633,32.140835,-94.347985,R,83,5/14/2014
523002,800079620,OAK GROVE II,1910 Wilson St,Bastrop,"Austin-Round Rock, TX Metropolitan Statistical Area",12420,Bastrop,021,TX,48,78602,30.121949,-97.322963,R,81,6/19/2014
523958,800236444,Lebanon Ridge,2355 Lebanon Rd,Frisco,"Dallas-Plano-Irving, TX Metropolitan Division",19124,Denton,121,TX,48,75034,33.12073,-96.87048,R,98,4/9/2014
524171,800236296,Cobblestone Park II Apartments,3800 County Road 94,Manvel,"Houston-The Woodlands-Sugar Land, TX Metropolitan Statistical Area",26420,Brazoria,039,TX,48,77578,29.533521,-95.38374,R,97,9/23/2014
524356,800020891,Quail Park Apartments,9920 Quail Blvd,Austin,"Austin-Round Rock, TX Metropolitan Statistical Area",12420,Travis,453,TX,48,78758,30.372361,-97.700074,R,92,7/29/2014
524360,800021472,VILLA BRAZOS APARTMENTS,850 N Avenue J,Freeport,"Houston-The Woodlands-Sugar Land, TX Metropolitan Statistical Area",26420,Brazoria,039,TX,48,77541,28.971584,-95.364471,R,85,7/18/2014
524487,800020784,COLLEGE HEIGHTS,934 E 14th St,Littlefield,,99999,Lamb,279,TX,48,79339,33.913532,-102.326129,R,95,9/26/2014
524516,800024189,PARK GARDENS NORTH,320 Stone Ave,Paris,"Paris, TX Micropolitan Statistical Area",37580,Lamar,277,TX,48,75460,33.691507,-95.552152,R,95,8/29/2014
524686,800021005,KINGS ARMS APARTMENTS,1317 Mahlmann St,Rosenberg,"Houston-The Woodlands-Sugar Land, TX Metropolitan Statistical Area",26420,Fort Bend,157,TX,48,77471,29.554968,-95.787612,R,81,10/23/2014
524692,800021398,SUNSET APARTMENTS,1601 Allen Ln,Texarkana,"Texarkana, TX-AR Metropolitan Statistical Area",45500,Bowie,037,TX,48,75501,33.40589,-94.073333,R,82,10/17/2014
524742,800021299,"ROGERS HOUSING AUTHORITY, CITY OF",704A Rogers Cemetery Rd,Rogers,"Killeen-Temple, TX Metropolitan Statistical Area",28660,Bell,027,TX,48,76569,30.92419,-97.223421,4,86,5/21/2014
524799,800021324,MIRA VISTA,,SANTA ANNA,,99999,Coleman,083,TX,48,76878,31.7236,-99.3078,B,90,5/19/2014
524808,800024176,COTTON CREEK,1027 S Belt Line Rd,Grand Prairie,"Dallas-Plano-Irving, TX Metropolitan Division",19124,Dallas,113,TX,48,75051,32.734691,-96.994063,R,97,10/1/2014
524810,800021562,Seguin Manor,800 N Highway 123 Byp,Seguin,"San Antonio-New Braunfels, TX Metropolitan Statistical Area",41700,Guadalupe,187,TX,48,78155,29.575991,-97.942223,R,90,8/12/2014
524858,800020690,BELLSHIRE II & III,907 Bellshire Dr,Conroe,"Houston-The Woodlands-Sugar Land, TX Metropolitan Statistical Area",26420,Montgomery,339,TX,48,77301,30.297616,-95.462969,R,82,10/20/2014
524865,800020969,Houston House,103 Cornwall Dr,Victoria,"Victoria, TX Metropolitan Statistical Area",47020,Victoria,469,TX,48,77904,28.843197,-96.988752,R,95,9/22/2014
524927,800020992,JAYCOM APTS,849 Lafayette Dr,El Paso,"El Paso, TX Metropolitan Statistical Area",21340,El Paso,141,TX,48,79907,31.737866,-106.341767,R,96,8/28/2014
524965,800020635,"ABILENE NORTH APT, LTD",2411 N Willis St,Abilene,"Abilene, TX Metropolitan Statistical Area",10180,Taylor,441,TX,48,79603,32.476861,-99.765566,R,95,9/24/2014
524986,800020765,Cherry Hills Apartments,1300 E Calton Rd,Laredo,"Laredo, TX Metropolitan Statistical Area",29700,Webb,479,TX,48,78041,27.541084,-99.480053,R,99,8/13/2014
525030,800021200,TIMBERS EDGE/PARK SHADOWS APTS.,1075 Pinchback Rd,Beaumont,"Beaumont-Port Arthur, TX Metropolitan Statistical Area",13140,Jefferson,245,TX,48,77707,30.066752,-94.175286,R,86,10/21/2014
525044,800021444,TRENDWOOD APARTMENTS,1700 Dallas Cir,Waco,"Waco, TX Metropolitan Statistical Area",47380,McLennan,309,TX,48,76704,31.576974,-97.138661,R,80,7/30/2014
525053,800020680,BAY BREEZE,800 Avenue F,Bay City,"Bay City, TX Micropolitan Statistical Area",13060,Matagorda,321,TX,48,77414,28.996353,-95.971097,R,88,10/24/2014
525158,800045993,ROYAL CREST,3558 Wilhurt Ave,Dallas,"Dallas-Plano-Irving, TX Metropolitan Division",19124,Dallas,113,TX,48,75216,32.713434,-96.763717,R,91,9/29/2014
525167,800021092,MEADOWS APARTMENTS,501 Willow Ln,Wharton,"El Campo, TX Micropolitan Statistical Area",20900,Wharton,481,TX,48,77488,29.327293,-96.096445,R,90,10/23/2014
525208,800021400,Sunshine Plaza,455 E Sunshine Dr,San Antonio,"San Antonio-New Braunfels, TX Metropolitan Statistical Area",41700,Bexar,029,TX,48,78228,29.472882,-98.550342,R,93,8/6/2014
525277,800021061,LONG DRIVE TOWNHOMES,6767 Long Dr,Houston,"Houston-The Woodlands-Sugar Land, TX Metropolitan Statistical Area",26420,Harris,201,TX,48,77087,29.685846,-95.3073,R,91,4/7/2015
525356,800021223,Pecan Village Apartments,2200 Pecan Blvd,McAllen,"McAllen-Edinburg-Mission, TX Metropolitan Statistical Area",32580,Hidalgo,215,TX,48,78501,26.218871,-98.23996,R,99,8/11/2014
525445,800020767,CHILDRESS MANOR,1300 7th St NW,Childress,,99999,Childress,075,TX,48,79201,34.436033,-100.208256,R,70,9/23/2014
525720,800021292,River Terrace,210 S King St,Seguin,"San Antonio-New Braunfels, TX Metropolitan Statistical Area",41700,Guadalupe,187,TX,48,78155,29.567829,-97.949998,R,95,6/18/2014
525725,800021534,Whitefield Place,4622 Clark Ave,San Antonio,"San Antonio-New Braunfels, TX Metropolitan Statistical Area",41700,Bexar,029,TX,48,78223,29.36623,-98.447941,R,95,9/24/2014
525802,800021048,LIBERTY ARMS APTS.,2601 N Broadway Ave,Tyler,"Tyler, TX Metropolitan Statistical Area",46340,Smith,423,TX,48,75702,32.375964,-95.301808,R,86,8/7/2014
525867,800020963,HILLTOP VILLAGE,4919 Timberview Dr,Sherman,"Sherman-Denison, TX Metropolitan Statistical Area",43300,Grayson,181,TX,48,75090,33.686269,-96.580955,R,96,9/12/2014
525873,800021368,Cottage Creek,4840 Ray Bon Dr,San Antonio,"San Antonio-New Braunfels, TX Metropolitan Statistical Area",41700,Bexar,029,TX,48,78218,29.491689,-98.386029,R,87,9/22/2014
525901,800021249,Pleasant Hill,2501 Anken Dr,Austin,"Austin-Round Rock, TX Metropolitan Statistical Area",12420,Travis,453,TX,48,78741,30.229938,-97.7273,R,81,8/5/2014
525932,800020998,JULIAWOOD HOMES,,GLADEWATER,"Longview, TX Metropolitan Statistical Area",30980,Gregg,183,TX,48,75647,32.533151,-94.950959,R,91,9/26/2014
525966,800020759,CHAI MANOR,406 Wallenberg Dr,El Paso,"El Paso, TX Metropolitan Statistical Area",21340,El Paso,141,TX,48,79912,31.815959,-106.522776,R,97,8/29/2014
525996,800020650,AMARILLO GARDENS APARTMENTS,1223 S Roberts St,Amarillo,"Amarillo, TX Metropolitan Statistical Area",11100,Potter,375,TX,48,79102,35.198072,-101.820968,R,92,9/24/2014
525997,800020769,Chisholm Trail Apartments,1525 Chisholm Trl,Round Rock,"Austin-Round Rock, TX Metropolitan Statistical Area",12420,Williamson,491,TX,48,78681,30.52121,-97.692111,R,94,6/10/2014
526017,800024170,PECAN CREEK VILLAGE,1100 Lawrence St,Gainesville,"Gainesville, TX Micropolitan Statistical Area",23620,Cooke,097,TX,48,76240,33.636849,-97.137492,R,82,8/6/2014
526025,800020780,CLIFTON HOUSING AUTHORITY,608 N Avenue I,Clifton,,99999,Bosque,035,TX,48,76634,31.786737,-97.581406,R,83,7/28/2014
526164,800020985,INEZ TIMS VILLAGE,800 N Chestnut St,Lufkin,"Lufkin, TX Micropolitan Statistical Area",31260,Angelina,005,TX,48,75901,31.344127,-94.722716,R,98,9/18/2014
526351,800024182,HIGH POINTE VILLAGE II,201 S Clark Rd,Cedar Hill,"Dallas-Plano-Irving, TX Metropolitan Division",19124,Dallas,113,TX,48,75104,32.587352,-96.942749,R,93,9/4/2014
526421,800020708,Briarwood Apartments,1701 Thames Dr,Corpus Christi,"Corpus Christi, TX Metropolitan Statistical Area",18580,Nueces,355,TX,48,78412,27.693437,-97.352415,R,99,8/5/2014
526440,800021483,Villa San Luis,201 E Plum St,Laredo,"Laredo, TX Metropolitan Statistical Area",29700,Webb,479,TX,48,78040,27.52397,-99.494788,R,81,8/4/2014
526454,800020986,Ingram Square Apts,5901 Flynn Dr,San Antonio,"San Antonio-New Braunfels, TX Metropolitan Statistical Area",41700,Bexar,029,TX,48,78228,29.468826,-98.600744,R,99,9/26/2014
526515,800020881,Figueroa Square Apartments,303 W Avenue J,Robstown,"Corpus Christi, TX Metropolitan Statistical Area",18580,Nueces,355,TX,48,78380,27.800858,-97.674109,R,98,8/8/2014
526569,800024173,MANNING PARK PLAZA,200 Mauk Cir,Denison,"Sherman-Denison, TX Metropolitan Statistical Area",43300,Grayson,181,TX,48,75020,33.764271,-96.570616,R,100,9/29/2014
526610,800020939,"HAVERSTOCK HILLS PHASE I, II, & III",5621 Aldine Bender Rd,Houston,"Houston-The Woodlands-Sugar Land, TX Metropolitan Statistical Area",26420,Harris,201,TX,48,77032,29.930747,-95.305393,R,83,10/3/2014
526614,800021066,Los Laureles Apts,,EDCOUCH,"McAllen-Edinburg-Mission, TX Metropolitan Statistical Area",32580,Hidalgo,215,TX,48,78538,26.3319,-98.0089,T,99,8/13/2014
526776,800021148,NORTHWEST VILLAGE,6101 W Interstate 40,Amarillo,"Amarillo, TX Metropolitan Statistical Area",11100,Potter,375,TX,48,79106,35.189318,-101.907519,R,97,9/25/2014
526834,800021176,Oso Bay Apartments,7502 McArdle Rd,Corpus Christi,"Corpus Christi, TX Metropolitan Statistical Area",18580,Nueces,355,TX,48,78412,27.69383,-97.333901,R,91,8/5/2014
526878,800021333,SEVILLE APARTMENTS,4325 Crow Rd,Beaumont,"Beaumont-Port Arthur, TX Metropolitan Statistical Area",13140,Jefferson,245,TX,48,77706,30.122157,-94.156277,R,99,10/22/2014
526959,800020967,HOLLY CREEK II,333 Holly Creek Ct,The Woodlands,"Houston-The Woodlands-Sugar Land, TX Metropolitan Statistical Area",26420,Montgomery,339,TX,48,77381,30.1655,-95.500571,R,92,1/16/2015
527135,800219169,"BLUE LAKE VILLAS, PHASE II",155 Lakeside Dr,Waxahachie,"Dallas-Plano-Irving, TX Metropolitan Division",19124,Ellis,139,TX,48,75165,32.427675,-96.844673,R,98,7/24/2014
527138,800217297,WHEATLEY MANOR APTS,5201 Market St,Houston,"Houston-The Woodlands-Sugar Land, TX Metropolitan Statistical Area",26420,Harris,201,TX,48,77020,29.773111,-95.318817,R,80,8/25/2014
528578,800020856,GATEWAY EAST,1222 Giles Rd,El Paso,"El Paso, TX Metropolitan Statistical Area",21340,El Paso,141,TX,48,79915,31.756589,-106.355551,R,98,9/9/2014
528579,800021051,CIEN PALMAS,7845 Lilac Way,El Paso,"El Paso, TX Metropolitan Statistical Area",21340,El Paso,141,TX,48,79915,31.736732,-106.350303,R,97,9/8/2014
528580,800020930,Hampton Port,6130 Wooldridge Rd,Corpus Christi,"Corpus Christi, TX Metropolitan Statistical Area",18580,Nueces,355,TX,48,78414,27.68573,-97.3671,R,94,8/8/2014
528581,800020903,GHOLSON HOTEL,215 W Main St,Ranger,,99999,Eastland,133,TX,48,76470,32.470575,-98.681299,R,96,8/20/2014
528584,800021462,VILLAGE OF KAUFMAN,421 E 7th St,Kaufman,"Dallas-Plano-Irving, TX Metropolitan Division",19124,Kaufman,257,TX,48,75142,32.580188,-96.305455,R,96,8/21/2014
528646,800220676,"HAMPTONS AT GREENRIDGE, THE",4200 Old Omen Rd,Tyler,"Tyler, TX Metropolitan Statistical Area",46340,Smith,423,TX,48,75707,32.305258,-95.237635,R,48,11/13/2015
528659,800021186,"The Palms Retirement Center, Inc",525 E Davis St,Harlingen,"Brownsville-Harlingen, TX Metropolitan Statistical Area",15180,Cameron,061,TX,48,78550,26.212778,-97.689527,R,65,5/5/2016
528679,800021028,LAPROMESA,4590 N Texas Ave,Odessa,"Odessa, TX Metropolitan Statistical Area",36220,Ector,135,TX,48,79762,31.887366,-102.385085,R,90,3/30/2016
528690,800020862,Elm Ridge Apartments,1161 Harvey St,Austin,"Austin-Round Rock, TX Metropolitan Statistical Area",12420,Travis,453,TX,48,78702,30.275273,-97.702038,R,92,10/15/2015
528745,800215722,DESOTO RANCH - 2,801 S Polk St,Desoto,"Dallas-Plano-Irving, TX Metropolitan Division",19124,Dallas,113,TX,48,75115,32.579589,-96.840184,R,71,8/11/2015
528746,800216642,Marble Falls Assisted Living,800 Claremont Pkwy,Marble Falls,,99999,Burnet,053,TX,48,78654,30.583012,-98.26889,R,89,5/19/2015
528769,800211078,Lago Del Mar Apts,7550 Country Club Dr,Laredo,"Laredo, TX Metropolitan Statistical Area",29700,Webb,479,TX,48,78041,27.589313,-99.465304,R,82,8/6/2015
528845,800233083,Palacio Residencial & El Paraiso Apts.,1757 Gollihar Rd,Corpus Christi,"Corpus Christi, TX Metropolitan Statistical Area",18580,Nueces,355,TX,48,78416,27.750899,-97.433543,R,95,4/19/2016
528849,800234086,Emeritus at Amber Oaks,4415 Rio D Oro,San Antonio,"San Antonio-New Braunfels, TX Metropolitan Statistical Area",41700,Bexar,029,TX,48,78233,29.551818,-98.404528,R,80,3/5/2015
528970,800214064,SADDLEBROOK WEST,9821 Chapel Rd,Waco,"Waco, TX Metropolitan Statistical Area",47380,McLennan,309,TX,48,76712,31.478081,-97.221418,R,93,12/16/2015
528974,800216308,ECHO STATION APARTMENTS,1213 Waters Dairy Rd,Temple,"Killeen-Temple, TX Metropolitan Statistical Area",28660,Bell,027,TX,48,76502,31.052445,-97.371799,R,96,7/2/2015
528991,800021217,PEBBLE CREEK APARTMENTS,4261 Jimmy Johnson Blvd,Port Arthur,"Beaumont-Port Arthur, TX Metropolitan Statistical Area",13140,Jefferson,245,TX,48,77642,29.95103,-93.970198,R,86,11/5/2015
529030,800220843,MANOR AT JERSEY VILLAGE,12400 Castlebridge Dr,Jersey Village,"Houston-The Woodlands-Sugar Land, TX Metropolitan Statistical Area",26420,Harris,201,TX,48,77065,29.905136,-95.597942,R,65,5/27/2016
529041,800220168,MONTGOMERY TRACE,19788 Highway 105 W,Montgomery,"Houston-The Woodlands-Sugar Land, TX Metropolitan Statistical Area",26420,Montgomery,339,TX,48,77356,30.38723,-95.675005,R,86,7/29/2015
529065,800234365,Villa Verona Apartments,13330 Noel Rd,Dallas,"Dallas-Plano-Irving, TX Metropolitan Division",19124,Dallas,113,TX,48,75240,32.929778,-96.817805,R,92,9/24/2015
529175,800021316,SAINT FRANCIS VILLAGE,4070 Saint Francis Village Rd,Crowley,"Fort Worth-Arlington, TX Metropolitan Division",23104,Tarrant,439,TX,48,76036,32.613891,-97.450599,R,89,12/2/2015
529210,800225458,Dieter Commons I,1531 George Dieter Dr,El Paso,"El Paso, TX Metropolitan Statistical Area",21340,El Paso,141,TX,48,79936,31.74802,-106.302056,R,89,2/4/2016
529306,800234917,ENCLAVE ON GOLDEN TRIANGLE,5001 Golden Triangle Blvd,Fort Worth,"Fort Worth-Arlington, TX Metropolitan Division",23104,Tarrant,439,TX,48,76244,32.931833,-97.272209,R,92,6/26/2015
529313,800235089,Parsons House LaPorte,8727 W Fairmont Pkwy,La Porte,"Houston-The Woodlands-Sugar Land, TX Metropolitan Statistical Area",26420,Harris,201,TX,48,77571,29.650882,-95.105382,4,71,6/29/2015
529354,800020730,Casa De Amigos I,455 El Paso Rd,Brownsville,"Brownsville-Harlingen, TX Metropolitan Statistical Area",15180,Cameron,061,TX,48,78520,25.938353,-97.523297,R,92,3/23/2016
529376,800218963,VISTAS OF VANCE JACKSON,12436 Vance Jackson Rd,San Antonio,"San Antonio-New Braunfels, TX Metropolitan Statistical Area",41700,Bexar,029,TX,48,78230,29.558765,-98.575582,R,83,4/1/2016
529401,800219291,Gulf Breeze Apartments,6533 Patti,Corpus Christi,"Corpus Christi, TX Metropolitan Statistical Area",18580,Nueces,355,TX,48,78414,27.681017,-97.380431,R,91,4/17/2015
529402,800210531,Waters At Elm Creek,11910 Orsinger Ln,San Antonio,"San Antonio-New Braunfels, TX Metropolitan Statistical Area",41700,Bexar,029,TX,48,78230,29.551264,-98.56481,R,98,3/13/2015
529571,800215664,HEATHER CREEK APTS,1540 N Galloway Ave,Mesquite,"Dallas-Plano-Irving, TX Metropolitan Division",19124,Dallas,113,TX,48,75149,32.784696,-96.603103,R,93,12/7/2015
529586,800212691,Chateau DeVille,4040 Spring Valley Rd,Farmers Branch,"Dallas-Plano-Irving, TX Metropolitan Division",19124,Dallas,113,TX,48,75244,32.939685,-96.842241,R,96,7/27/2015
529599,800231704,Villa Residential Care of Harlingen,105 Al Conway Dr,Harlingen,"Brownsville-Harlingen, TX Metropolitan Statistical Area",15180,Cameron,061,TX,48,78550,26.2304,-97.6194,B,32,3/24/2016
529666,800235765,SUNSET SHADOWS APARTMENTS,9850 Meadowglen Ln,Houston,"Houston-The Woodlands-Sugar Land, TX Metropolitan Statistical Area",26420,Harris,201,TX,48,77042,29.733034,-95.545424,R,81,7/16/2015
529713,800020666,Aurora Apartments,509 Howard St,San Antonio,"San Antonio-New Braunfels, TX Metropolitan Statistical Area",41700,Bexar,029,TX,48,78212,29.440738,-98.495644,R,89,2/25/2016
529775,800045844,CLIFFS OF ELDORADO,1300 Eldorado Pkwy,McKinney,"Dallas-Plano-Irving, TX Metropolitan Division",19124,Collin,085,TX,48,75069,33.177524,-96.63535,R,76,6/2/2015
529779,800213921,LANDINGS AT CARRIER PARKWAY,915 Desco Ln,Grand Prairie,"Dallas-Plano-Irving, TX Metropolitan Division",19124,Dallas,113,TX,48,75051,32.733356,-97.015179,R,98,11/25/2015
529781,800215278,MARQUIS at VISTA RIDGE APTS,501 Highland Dr,Lewisville,"Dallas-Plano-Irving, TX Metropolitan Division",19124,Denton,121,TX,48,75067,32.995025,-96.976204,R,99,11/16/2015
529786,800046506,BRIARSTONE APARTMENTS,4719 Reading Rd,Rosenberg,"Houston-The Woodlands-Sugar Land, TX Metropolitan Statistical Area",26420,Fort Bend,157,TX,48,77471,29.565426,-95.778418,R,69,2/18/2016
529811,800074316,WESTLAKE APARTMENTS,6520 Broadway St,Pearland,"Houston-The Woodlands-Sugar Land, TX Metropolitan Statistical Area",26420,Brazoria,039,TX,48,77581,29.559249,-95.320488,R,60,4/4/2016
529812,800216516,Carrington Place Apts,825 Johns Rd,Boerne,"San Antonio-New Braunfels, TX Metropolitan Statistical Area",41700,Kendall,259,TX,48,78006,29.795026,-98.747663,R,90,7/21/2015
529836,800220435,TURTLE CREEK APTS PHASE II,,BELTON,"Killeen-Temple, TX Metropolitan Statistical Area",28660,Bell,027,TX,48,76513,31.074311,-97.460014,R,84,4/12/2016
529900,800222381,Rosemont Assisted Living of Kingwood,6450 Kings Park Way,Kingwood,"Houston-The Woodlands-Sugar Land, TX Metropolitan Statistical Area",26420,Harris,201,TX,48,77346,30.00659,-95.172763,R,90,9/30/2015
529991,800021527,Western Trails,2422 Western Trails Blvd,Austin,"Austin-Round Rock, TX Metropolitan Statistical Area",12420,Travis,453,TX,48,78745,30.230263,-97.795615,R,99,10/9/2015
529994,800218738,STONEBRIDGE AT CITY PARK,11800 City Park Central Ln,Houston,"Houston-The Woodlands-Sugar Land, TX Metropolitan Statistical Area",26420,Harris,201,TX,48,77047,29.626735,-95.390392,R,94,8/27/2015
530027,800231753,The Boulevard,2010 S Corinth St,Corinth,"Dallas-Plano-Irving, TX Metropolitan Division",19124,Denton,121,TX,48,76210,33.147177,-97.061381,R,92,6/17/2015
530113,800236531,Silver Oak Apts.,1710 SE 34th Ave,Amarillo,"Amarillo, TX Metropolitan Statistical Area",11100,Randall,381,TX,48,79118,35.178265,-101.818181,R,82,4/4/2016
530198,800210748,RESERVE AT WHITE ROCK MIDRISE,9211 Garland Rd,Dallas,"Dallas-Plano-Irving, TX Metropolitan Division",19124,Dallas,113,TX,48,75218,32.830319,-96.70694,R,99,12/4/2015
530208,800216849,RESERVE BY THE LAKE,18600 S Parkview Dr,Houston,"Houston-The Woodlands-Sugar Land, TX Metropolitan Statistical Area",26420,Harris,201,TX,48,77084,29.794465,-95.696937,R,70,10/14/2015
530261,800224653,NORTHSHORE MEADOWS APARTMENTS,333 Uvalde Rd,Houston,"Houston-The Woodlands-Sugar Land, TX Metropolitan Statistical Area",26420,Harris,201,TX,48,77015,29.793789,-95.186198,R,74,8/21/2015
530264,800220179,WILDFLOWER VILLAS,5227 W Adams Ave,Temple,"Killeen-Temple, TX Metropolitan Statistical Area",28660,Bell,027,TX,48,76502,31.112061,-97.395972,R,89,3/9/2016
530266,800224580,ESTATE VILLAS OF KRUM,4891 Masch Branch Rd,Krum,"Dallas-Plano-Irving, TX Metropolitan Division",19124,Denton,121,TX,48,76249,33.258575,-97.208612,R,91,3/18/2016
530270,800224691,Lakeshore Villas,19800 Atascocita Shores Dr,Humble,"Houston-The Woodlands-Sugar Land, TX Metropolitan Statistical Area",26420,Harris,201,TX,48,77346,30.006956,-95.143099,R,93,8/17/2015
530297,800235324,Terrazzo Apartment Homes,8585 Spicewood Springs Rd,Austin,"Austin-Round Rock, TX Metropolitan Statistical Area",12420,Williamson,491,TX,48,78759,30.432184,-97.77705,R,79,9/29/2015
530300,800232908,STONELEIGH HARLINGEN APARTMENTS,905 N Loop 499,Harlingen,"Brownsville-Harlingen, TX Metropolitan Statistical Area",15180,Cameron,061,TX,48,78550,26.199746,-97.662963,R,72,8/11/2015
530464,800020647,Alician Manor Apartments,110 S Duval St,Alice,"Alice, TX Micropolitan Statistical Area",10860,Jim Wells,249,TX,48,78332,27.748337,-98.09037,R,98,12/5/2014
530466,800020688,BELLFORT PARK APARTMENTS,4135 W Bellfort Ave,Houston,"Houston-The Woodlands-Sugar Land, TX Metropolitan Statistical Area",26420,Harris,201,TX,48,77025,29.673033,-95.445636,R,98,12/22/2014
530467,800020766,Cheyenne Village Apartments,147 Cheyenne Ave,San Antonio,"San Antonio-New Braunfels, TX Metropolitan Statistical Area",41700,Bexar,029,TX,48,78207,29.414349,-98.544013,R,80,11/10/2014
530469,800020773,CHURCH VILLAGE APARTMENTS,2902 Deats Rd,Dickinson,"Houston-The Woodlands-Sugar Land, TX Metropolitan Statistical Area",26420,Galveston,167,TX,48,77539,29.469684,-95.057144,R,94,12/3/2014
530470,800020787,COLONY OF HUMBLE APARTMENTS,831 Wilson Rd,Humble,"Houston-The Woodlands-Sugar Land, TX Metropolitan Statistical Area",26420,Harris,201,TX,48,77338,29.988164,-95.249594,R,94,11/14/2014
530473,800020825,Artisan at Dilley,400 Ann St,Dilley,,99999,Frio,163,TX,48,78017,28.675145,-99.178002,R,95,11/3/2014
530475,800020833,ESTELLE VILLAGE,5969 Highland Village Dr,Dallas,"Dallas-Plano-Irving, TX Metropolitan Division",19124,Dallas,113,TX,48,75241,32.674527,-96.762235,R,69,1/7/2015
530477,800020864,EMPIRE VILLAGE APARTMENTS,1100 Burke Rd,Pasadena,"Houston-The Woodlands-Sugar Land, TX Metropolitan Statistical Area",26420,Harris,201,TX,48,77506,29.695044,-95.183018,R,59,1/15/2015
530478,800020854,EL NIDO,204 Alicia Dr,El Paso,"El Paso, TX Metropolitan Statistical Area",21340,El Paso,141,TX,48,79905,31.766569,-106.430387,R,93,9/18/2014
530479,800020884,FOREST GREEN MANOR,9730 Shepherd Rd,Dallas,"Dallas-Plano-Irving, TX Metropolitan Division",19124,Dallas,113,TX,48,75243,32.908496,-96.750067,R,84,1/6/2015
530480,800020897,GARDEN APARTMENTS,1340 65th Dr,Lubbock,"Lubbock, TX Metropolitan Statistical Area",31180,Lubbock,303,TX,48,79412,33.536285,-101.851302,R,82,10/1/2014
530483,800020968,HOMESTEAD APARTMENTS,5401 56th St,Lubbock,"Lubbock, TX Metropolitan Statistical Area",31180,Lubbock,303,TX,48,79414,33.543375,-101.928449,R,99,10/3/2014
530484,800020972,Hyatt Manor Apts II,1702 Waco St,Gonzales,,99999,Gonzales,177,TX,48,78629,29.515166,-97.440216,R,83,9/16/2014
530486,800021019,Lake June Village Apartments,1246 N Masters Dr,Dallas,"Dallas-Plano-Irving, TX Metropolitan Division",19124,Dallas,113,TX,48,75217,32.733052,-96.648089,R,83,12/18/2014
530489,800021356,SOUTH PLAINS REGIONAL HOUSING AUTHORITY,104 E Hill St,Brownfield,,99999,Terry,445,TX,48,79316,33.180124,-102.274825,R,99,10/6/2014
530490,800021082,MARINE PARK APARTMENTS,3144 NW 33rd St,Fort Worth,"Fort Worth-Arlington, TX Metropolitan Division",23104,Tarrant,439,TX,48,76106,32.808648,-97.37738,R,86,12/9/2014
530493,800021024,LANDMARK,1101 N Kelly Ave,Odessa,"Odessa, TX Metropolitan Statistical Area",36220,Ector,135,TX,48,79763,31.845973,-102.388528,R,95,10/7/2014
530494,800021139,NORTHRIDGE MANOR,4155 Maida Rd,Beaumont,"Beaumont-Port Arthur, TX Metropolitan Statistical Area",13140,Jefferson,245,TX,48,77708,30.139751,-94.146278,R,81,10/22/2014
530496,800021136,NORTHILL MANOR,3615 Kearney Ave,Fort Worth,"Fort Worth-Arlington, TX Metropolitan Division",23104,Tarrant,439,TX,48,76106,32.806311,-97.370736,R,83,12/11/2014
530497,800021032,Las Palmas Gardens,,SAN ANTONIO,"San Antonio-New Braunfels, TX Metropolitan Statistical Area",41700,Bexar,029,TX,48,78237,29.416496,-98.559954,R,93,11/12/2014
530498,800021031,Las Palmas Apts,601 E Ebony Ave,McAllen,"McAllen-Edinburg-Mission, TX Metropolitan Statistical Area",32580,Hidalgo,215,TX,48,78501,26.206562,-98.214923,R,97,12/11/2014
530502,800021313,SABINE PLACE APTS,1215 Terminal Rd,Fort Worth,"Fort Worth-Arlington, TX Metropolitan Division",23104,Tarrant,439,TX,48,76106,32.817711,-97.341816,R,80,12/11/2014
530504,800021328,SCOTT PLAZA APARTMENTS,9703 Scott St,Houston,"Houston-The Woodlands-Sugar Land, TX Metropolitan Statistical Area",26420,Harris,201,TX,48,77051,29.651514,-95.368262,R,83,11/19/2014
530507,800021296,ROBINS GARDEN APTS,,ARCHER CITY,"Wichita Falls, TX Metropolitan Statistical Area",48660,Archer,009,TX,48,76351,33.5404,-98.5629,T,70,12/17/2014
530508,800021268,PYTHIAN MANOR APTS.,2719 E Illinois Ave,Dallas,"Dallas-Plano-Irving, TX Metropolitan Division",19124,Dallas,113,TX,48,75216,32.716998,-96.780927,R,85,12/18/2014
530513,800021523,West End Baptist Manor,934 SW 35th St,San Antonio,"San Antonio-New Braunfels, TX Metropolitan Statistical Area",41700,Bexar,029,TX,48,78237,29.413992,-98.571696,R,92,9/17/2014
530516,800021519,WESLEY SQUARE APARTMENTS,7402 Calhoun Rd,Houston,"Houston-The Woodlands-Sugar Land, TX Metropolitan Statistical Area",26420,Harris,201,TX,48,77033,29.67851,-95.352445,R,97,11/12/2014
530519,800021485,VILLAGE APARTMENTS,4601 Village Ln,Baytown,"Houston-The Woodlands-Sugar Land, TX Metropolitan Statistical Area",26420,Harris,201,TX,48,77521,29.773245,-95.004401,R,92,12/2/2014
530520,800021402,SWEET UNION APTS.,1011 N Jackson St,Jacksonville,"Jacksonville, TX Micropolitan Statistical Area",27380,Cherokee,073,TX,48,75766,31.977836,-95.273647,R,87,12/8/2014
530679,800046033,SAINT JAMES MANOR,3119 Easter Ave,Dallas,"Dallas-Plano-Irving, TX Metropolitan Division",19124,Dallas,113,TX,48,75216,32.711746,-96.796216,R,56,1/5/2015
532352,800211298,AYA SENIOR VILLAGE,2607 Jeffries St,Dallas,"Dallas-Plano-Irving, TX Metropolitan Division",19124,Dallas,113,TX,48,75215,32.773607,-96.771392,R,82,8/21/2014
532705,800074145,RIO CONCHO MANOR (SH020),401 Rio Concho Dr,San Angelo,"San Angelo, TX Metropolitan Statistical Area",41660,Tom Green,451,TX,48,76903,31.461907,-100.4241,R,98,1/6/2015
532708,800073949,FAIROAKS OF DENTON,1950 Lattimore St,Denton,"Dallas-Plano-Irving, TX Metropolitan Division",19124,Denton,121,TX,48,76209,33.225175,-97.110127,R,96,1/12/2015
532713,800074406,AHEPA 29-II,13830 Canyon Hill Dr,Houston,"Houston-The Woodlands-Sugar Land, TX Metropolitan Statistical Area",26420,Harris,201,TX,48,77083,29.690618,-95.627627,R,100,1/14/2015
532714,800074784,Frio Crossing,3500 Camino Real,San Antonio,"San Antonio-New Braunfels, TX Metropolitan Statistical Area",41700,Bexar,029,TX,48,78238,29.46901,-98.605263,R,96,10/22/2014
532727,800074929,Riley Gardens,5834 Riley Dr,Corpus Christi,"Corpus Christi, TX Metropolitan Statistical Area",18580,Nueces,355,TX,48,78412,27.712563,-97.361753,R,94,1/15/2015
532728,800074424,WEST OAKS TERRACE aka BROADWAY TOWERS INC,15025 Caseta Dr,Houston,"Houston-The Woodlands-Sugar Land, TX Metropolitan Statistical Area",26420,Harris,201,TX,48,77082,29.728879,-95.654257,R,99,1/14/2015
532730,800073940,CLIFF VIEW VILLAGE,2424 Simpson Stuart Rd,Dallas,"Dallas-Plano-Irving, TX Metropolitan Division",19124,Dallas,113,TX,48,75241,32.662981,-96.78237,R,91,1/6/2015
532732,800074102,FAIRVIEW RETIREMENT COMMUNITY,7832 Chapin Rd,Fort Worth,"Fort Worth-Arlington, TX Metropolitan Division",23104,Tarrant,439,TX,48,76116,32.716425,-97.450834,R,99,1/7/2015
532738,800074429,JOHN GOLDBERG APTS FOR SENIORS,114 Eastwood St,Houston,"Houston-The Woodlands-Sugar Land, TX Metropolitan Statistical Area",26420,Harris,201,TX,48,77011,29.747588,-95.330461,R,83,12/29/2014
532740,800073947,GARLAND ESTATES SENIOR HSG,2100 W Buckingham Rd,Garland,"Dallas-Plano-Irving, TX Metropolitan Division",19124,Dallas,113,TX,48,75042,32.930177,-96.658855,R,97,12/3/2014
532741,800074141,VOA RIVERSIDE TEN,3401 Rock Island St,Fort Worth,"Fort Worth-Arlington, TX Metropolitan Division",23104,Tarrant,439,TX,48,76106,32.809688,-97.378937,R,95,1/15/2015
532748,800074766,"VILLAS DE ARNALDO RAMIREZ, SR",1305 Matamoros St,Mission,"McAllen-Edinburg-Mission, TX Metropolitan Statistical Area",32580,Hidalgo,215,TX,48,78572,26.208086,-98.312663,R,99,12/11/2014
532791,800078051,CASA BIENVIVIR,950 N Carolina Dr,El Paso,"El Paso, TX Metropolitan Statistical Area",21340,El Paso,141,TX,48,79915,31.739925,-106.349699,R,92,11/21/2014
532801,800078079,"COMMUNITY OPTIONS EL PASO, INC.",1909 Ratner Cir,El Paso,"El Paso, TX Metropolitan Statistical Area",21340,El Paso,141,TX,48,79936,31.769703,-106.315645,R,94,10/10/2014
532803,800112202,EL REDENTOR APARTMENTS II,8815 Frey Rd,Houston,"Houston-The Woodlands-Sugar Land, TX Metropolitan Statistical Area",26420,Harris,201,TX,48,77034,29.633546,-95.227687,R,91,12/24/2014
532827,800112401,LAS PUERTAS ABIERTAS,10095 McCombs St,El Paso,"El Paso, TX Metropolitan Statistical Area",21340,El Paso,141,TX,48,79924,31.902049,-106.407153,R,93,11/21/2014
532844,800112396,MOSAIC HOUSING CORPORATION X,9803 Willers Way,Austin,"Austin-Round Rock, TX Metropolitan Statistical Area",12420,Travis,453,TX,48,78748,30.178326,-97.829805,R,97,10/23/2014
532855,800112399,COMMUNITY OPTIONS AMARILLO,4205 Vance Ave,Amarillo,"Amarillo, TX Metropolitan Statistical Area",11100,Randall,381,TX,48,79110,35.141811,-101.884745,R,95,9/24/2014
532865,800112400,COMMUNITY OPTIONS EL PASO II,4405 N Stanton St,El Paso,"El Paso, TX Metropolitan Statistical Area",21340,El Paso,141,TX,48,79902,31.80181,-106.504545,R,89,10/10/2014
532881,800211304,BIVINS VILLAGE,3201 Tee Anchor Blvd,Amarillo,"Amarillo, TX Metropolitan Statistical Area",11100,Potter,375,TX,48,79104,35.195776,-101.802852,R,99,10/31/2014
532885,800211547,MOSAIC HOUSING CORPORATION XI,3015 Jubilee Trl,Austin,"Austin-Round Rock, TX Metropolitan Statistical Area",12420,Travis,453,TX,48,78748,30.177691,-97.842226,R,88,10/23/2014
532944,800213060,TREMONT TERRACE,8017 Calmont Ave,Fort Worth,"Fort Worth-Arlington, TX Metropolitan Division",23104,Tarrant,439,TX,48,76116,32.733517,-97.452857,R,95,1/14/2015
532983,800213133,NUEVA VIDA,2950 Broadway St,Houston,"Houston-The Woodlands-Sugar Land, TX Metropolitan Statistical Area",26420,Harris,201,TX,48,77017,29.698523,-95.278068,R,99,12/30/2014
532995,800214920,PAGE PLACE II,1903 Page Rd,Longview,"Longview, TX Metropolitan Statistical Area",30980,Gregg,183,TX,48,75601,32.517833,-94.704533,R,87,1/29/2015
533027,800215210,INDEPENDENT HEIGHTS,109 E Whitney St,Houston,"Houston-The Woodlands-Sugar Land, TX Metropolitan Statistical Area",26420,Harris,201,TX,48,77022,29.830706,-95.398583,R,89,12/23/2014
533039,800215323,Rosewood Senior Gardens,2720 Lyons Rd,Austin,"Austin-Round Rock, TX Metropolitan Statistical Area",12420,Travis,453,TX,48,78702,30.264744,-97.709634,R,98,10/15/2014
533097,800217652,WILLOW BEND CREEK APARTMENTS,3637 Williams Rd,Fort Worth,"Fort Worth-Arlington, TX Metropolitan Division",23104,Tarrant,439,TX,48,76116,32.71925,-97.451887,R,96,1/16/2015
533767,800020640,CARVER PLAZA,233 Washington Blvd,Abilene,"Abilene, TX Metropolitan Statistical Area",10180,Taylor,441,TX,48,79601,32.450124,-99.711141,R,99,1/5/2015
533769,800020718,CAMELOT PINES,200 Camelot St,Conroe,"Houston-The Woodlands-Sugar Land, TX Metropolitan Statistical Area",26420,Montgomery,339,TX,48,77304,30.319344,-95.483635,R,99,1/12/2015
533777,800020656,Anos De Oro,1220 W Kenedy Ave,Kingsville,"Kingsville, TX Micropolitan Statistical Area",28780,Kleberg,273,TX,48,78363,27.514497,-97.884118,R,99,12/5/2014
533779,800020734,Casa De Amigos V,2100 W 6th St,Weslaco,"McAllen-Edinburg-Mission, TX Metropolitan Statistical Area",32580,Hidalgo,215,TX,48,78596,26.155193,-98.013089,R,99,12/10/2014
533785,800020746,Casa Trinidad,1009 Lincoln St,Zapata,"Zapata, TX Micropolitan Statistical Area",49820,Zapata,505,TX,48,78076,26.90328,-99.272636,R,88,11/25/2014
533789,800020735,Casa De Amigos VI,200 E Helmer St,Pharr,"McAllen-Edinburg-Mission, TX Metropolitan Statistical Area",32580,Hidalgo,215,TX,48,78577,26.185034,-98.184104,R,99,12/10/2014
533795,800020809,CRESCENT MANOR,1409 Range Dr,Mesquite,"Dallas-Plano-Irving, TX Metropolitan Division",19124,Dallas,113,TX,48,75149,32.784263,-96.601523,R,82,11/3/2014
533797,800020671,TARRANT COUNTY B'NAI B'RITH PHASE II,6565 Dan Danciger Rd,Fort Worth,"Fort Worth-Arlington, TX Metropolitan Division",23104,Tarrant,439,TX,48,76133,32.652707,-97.406855,R,96,1/13/2015
533798,800020851,Miracle Manor,1207 Miracle Dr,Edna,,99999,Jackson,239,TX,48,77957,28.961242,-96.650545,R,88,12/1/2014
533799,800020738,Casa Del Mar Apartments,2575 Russell Dr,Brownsville,"Brownsville-Harlingen, TX Metropolitan Statistical Area",15180,Cameron,061,TX,48,78520,25.936345,-97.512658,R,98,12/10/2014
533800,800020911,GOOD SAMARITAN TOWERS,7750 Lilac Way,El Paso,"El Paso, TX Metropolitan Statistical Area",21340,El Paso,141,TX,48,79915,31.740082,-106.350508,R,89,11/20/2014
533801,800021026,LANGTRY VILLAGE,2200 N Pecos St,Midland,"Midland, TX Metropolitan Statistical Area",33260,Midland,329,TX,48,79705,32.0196,-102.084542,R,96,1/8/2015
533804,800021098,MIDLAND PARKER PLACE,508 E Parker Ave,Midland,"Midland, TX Metropolitan Statistical Area",33260,Midland,329,TX,48,79701,32.01318,-102.071256,R,99,1/8/2015
533806,800020821,DALLAS COUNTY VOA LIVING CENTER,4333 Coventry Dr,Grand Prairie,"Fort Worth-Arlington, TX Metropolitan Division",23104,Tarrant,439,TX,48,75052,32.664574,-97.038161,R,99,4/13/2015
533807,800020715,Buckingham Gardens,209 Buckingham Ln,Navasota,,99999,Grimes,185,TX,48,77868,30.37704,-96.090186,R,96,1/13/2015
533808,800020857,EL REDENTOR APARTMENTS,8800 Frey Rd,Houston,"Houston-The Woodlands-Sugar Land, TX Metropolitan Statistical Area",26420,Harris,201,TX,48,77034,29.633532,-95.227683,R,99,1/15/2015
533810,800020915,GREATER BETHLEHEM PLAZA,7835 Military Pkwy,Dallas,"Dallas-Plano-Irving, TX Metropolitan Division",19124,Dallas,113,TX,48,75227,32.770561,-96.686598,R,83,6/3/2015
533811,800021218,PECAN GROVE MANOR,600 E Rogers St,Houston,"Houston-The Woodlands-Sugar Land, TX Metropolitan Statistical Area",26420,Harris,201,TX,48,77022,29.843341,-95.390171,R,90,12/31/2014
533812,800021035,Lasker O. Hereford Apts,8911 Timberwilde St,San Antonio,"San Antonio-New Braunfels, TX Metropolitan Statistical Area",41700,Bexar,029,TX,48,78250,29.485424,-98.661057,R,97,10/17/2014
533813,800020885,FORT BEND GARDENS,313 Lane Dr,Rosenberg,"Houston-The Woodlands-Sugar Land, TX Metropolitan Statistical Area",26420,Fort Bend,157,TX,48,77471,29.570701,-95.773412,R,99,1/3/2015
533814,800021118,EVENING STAR VILLA,11800 S Glen Dr,Houston,"Houston-The Woodlands-Sugar Land, TX Metropolitan Statistical Area",26420,Harris,201,TX,48,77099,29.671537,-95.585814,R,97,11/14/2014
533815,800021443,TRAVIS TOWERS,100 Travis Towers,Jacksonville,"Jacksonville, TX Micropolitan Statistical Area",27380,Cherokee,073,TX,48,75766,31.959482,-95.270455,R,99,1/5/2015
533817,800020865,ENNIS SENIOR CITIZENS CENTER I,600 S Clay St,Ennis,"Dallas-Plano-Irving, TX Metropolitan Division",19124,Ellis,139,TX,48,75119,32.320239,-96.629166,R,83,1/7/2015
533818,800021530,WESTSIDE SENIOR HOUSING,225 McClintock Dr,El Paso,"El Paso, TX Metropolitan Statistical Area",21340,El Paso,141,TX,48,79932,31.844781,-106.578508,R,99,11/24/2014
533820,800020979,Independence Square,8708 Mission Rd,San Antonio,"San Antonio-New Braunfels, TX Metropolitan Statistical Area",41700,Bexar,029,TX,48,78214,29.335363,-98.461261,R,83,10/22/2014
533823,800021310,GOLDEN ACRES,311 Clarksville St,Paris,"Paris, TX Micropolitan Statistical Area",37580,Lamar,277,TX,48,75460,33.660763,-95.553599,R,94,1/12/2015
533824,800021049,LIGHTHOUSE LIVING CENTER I,10600 Hazen St,Houston,"Houston-The Woodlands-Sugar Land, TX Metropolitan Statistical Area",26420,Harris,201,TX,48,77072,29.692662,-95.567183,R,99,1/15/2015
533826,800020834,EVERGREEN VILLAGE,8600 Wednesbury Ln,Houston,"Houston-The Woodlands-Sugar Land, TX Metropolitan Statistical Area",26420,Harris,201,TX,48,77074,29.686647,-95.526182,R,99,3/13/2015
533827,800021536,CATHERINE BOOTH GARDENS,2001 Stewart Dr,Waco,"Waco, TX Metropolitan Statistical Area",47380,McLennan,309,TX,48,76708,31.583461,-97.176303,R,97,12/4/2014
533830,800020981,INDEPENDENT LIVING CENTER,652 Castleglen Dr,Garland,"Dallas-Plano-Irving, TX Metropolitan Division",19124,Dallas,113,TX,48,75043,32.84636,-96.592459,R,89,12/16/2014
533832,800021172,DESERT HAVEN,2250 W 15th St,Odessa,"Odessa, TX Metropolitan Statistical Area",36220,Ector,135,TX,48,79763,31.849164,-102.395538,R,93,1/8/2015
533833,800021053,LINCOLN RIDGE,705 McAnear St,Cleburne,"Fort Worth-Arlington, TX Metropolitan Division",23104,Johnson,251,TX,48,76033,32.343773,-97.405476,R,98,1/8/2015
533834,800021322,SANDSTONE FOOTHILLS,402 Brazos Dr,Mineral Wells,"Mineral Wells, TX Micropolitan Statistical Area",33420,Palo Pinto,363,TX,48,76067,32.811241,-98.088658,R,94,1/6/2015
533837,800021564,VALLE HERMOSO APTS,250 Ysleta Ln,El Paso,"El Paso, TX Metropolitan Statistical Area",21340,El Paso,141,TX,48,79907,31.692923,-106.334177,R,97,11/25/2014
533840,800021018,LAKE COMO,5617 Fletcher Ave,Fort Worth,"Fort Worth-Arlington, TX Metropolitan Division",23104,Tarrant,439,TX,48,76107,32.724341,-97.407492,R,99,1/12/2015
533844,800021072,LULAC OAK HILL,1105 Anderson St,College Station,"College Station-Bryan, TX Metropolitan Statistical Area",17780,Brazos,041,TX,48,77840,30.607778,-96.31859,R,89,1/13/2015
533846,800021473,Villa De Amistad,814 Pleasanton Rd,San Antonio,"San Antonio-New Braunfels, TX Metropolitan Statistical Area",41700,Bexar,029,TX,48,78214,29.376548,-98.504091,R,92,10/21/2014
533852,800021433,THOMAS SQUARE APTS,551 SW Thomas St,Burleson,"Fort Worth-Arlington, TX Metropolitan Division",23104,Johnson,251,TX,48,76028,32.539245,-97.337927,R,99,1/9/2015
533856,800021494,Villas Residencial,334 E 5th St,Mercedes,"McAllen-Edinburg-Mission, TX Metropolitan Statistical Area",32580,Hidalgo,215,TX,48,78570,26.147086,-97.905111,R,94,12/9/2014
535150,800021325,Santa Maria Village,8071 N Lamar Blvd,Austin,"Austin-Round Rock, TX Metropolitan Statistical Area",12420,Travis,453,TX,48,78753,30.34841,-97.71132,R,98,12/18/2014
536529,800213889,"Stone Brook Assisted Living, LLC",1616 Lifesearch Way,Denison,"Sherman-Denison, TX Metropolitan Statistical Area",43300,Grayson,181,TX,48,75020,33.772952,-96.550046,R,62,2/18/2015
540148,800046503,ENCLAVE AT QUAIL CROSSING I APARTMENTS,5000 Watkins Way,Friendswood,"Houston-The Woodlands-Sugar Land, TX Metropolitan Statistical Area",26420,Harris,201,TX,48,77546,29.546273,-95.191838,R,68,1/14/2016
540161,800021448,CEDAR RIDGE APARTMENTS,7601 9th Ave,Port Arthur,"Beaumont-Port Arthur, TX Metropolitan Statistical Area",13140,Jefferson,245,TX,48,77642,29.945426,-93.973892,R,79,8/25/2015
540166,800216912,PUERTA VILLA,12220 Pellicano Dr,El Paso,"El Paso, TX Metropolitan Statistical Area",21340,El Paso,141,TX,48,79936,31.72641,-106.273586,R,89,2/23/2015
540194,800215497,CANTERA CROSSING APTS,2727 W Jefferson Blvd,Dallas,"Dallas-Plano-Irving, TX Metropolitan Division",19124,Dallas,113,TX,48,75211,32.747506,-96.863836,R,99,3/23/2015
540214,800074704,The Cottages At Gateway Park,506 Gateway Pkwy,Marble Falls,,99999,Burnet,053,TX,48,78654,30.560582,-98.2726,R,86,6/17/2016
540239,800235317,U Lofts Apartments,1001 University Ave,Lubbock,"Lubbock, TX Metropolitan Statistical Area",31180,Lubbock,303,TX,48,79401,33.586434,-101.870348,R,83,3/18/2015
540334,800217251,Holland Lake Apartments,1650 Holland Lake Dr,Weatherford,"Fort Worth-Arlington, TX Metropolitan Division",23104,Parker,367,TX,48,76086,32.735257,-97.773996,R,80,3/2/2015
540347,800021354,LAGO de PLATA,1600 E 13th Ave,Corsicana,"Corsicana, TX Micropolitan Statistical Area",18620,Navarro,349,TX,48,75110,32.093658,-96.446728,R,98,7/7/2015
540405,800224210,Thompson Place,1727 Thompson Pl,San Antonio,"San Antonio-New Braunfels, TX Metropolitan Statistical Area",41700,Bexar,029,TX,48,78226,29.396347,-98.556833,R,91,2/3/2015
540408,800224395,STONE CREEK RANCH,5021 Taft Blvd,Wichita Falls,"Wichita Falls, TX Metropolitan Statistical Area",48660,Wichita,485,TX,48,76308,33.855364,-98.521768,R,96,6/16/2015
540417,800224420,NORTHSIDE ON TRAVIS,5111 N Travis St,Sherman,"Sherman-Denison, TX Metropolitan Statistical Area",43300,Grayson,181,TX,48,75092,33.686723,-96.62303,R,99,3/24/2015
540510,800020895,Frio Apartments,1200 E Frio St,Pearsall,,99999,Frio,163,TX,48,78061,28.884451,-99.08724,R,83,2/13/2015
540543,800212655,The Ravinia Apts,19500 US Highway 281 N,San Antonio,"San Antonio-New Braunfels, TX Metropolitan Statistical Area",41700,Bexar,029,TX,48,78258,29.623741,-98.463299,R,85,9/15/2015
540549,800215799,Stablewood Farms Apts,8301 Lake Vis,San Antonio,"San Antonio-New Braunfels, TX Metropolitan Statistical Area",41700,Bexar,029,TX,48,78227,29.39439,-98.650084,R,76,7/31/2015
540563,800226589,Kensington Park Apts,3150 Garrison Rd,Corinth,"Dallas-Plano-Irving, TX Metropolitan Division",19124,Denton,121,TX,48,76210,33.131345,-97.047164,R,89,5/7/2015
540577,800224604,"Turtle Creek Village, Phase III",,BELTON,"Killeen-Temple, TX Metropolitan Statistical Area",28660,Bell,027,TX,48,76513,31.0732,-97.4909,T,84,5/22/2015
540633,800236895,Quail Creek Apts.,7306 Aberdeen Ave,Lubbock,"Lubbock, TX Metropolitan Statistical Area",31180,Lubbock,303,TX,48,79424,33.526257,-101.924663,R,75,10/26/2015
540660,800020702,Larkspur Place,500 Rockingham Dr,Richardson,"Dallas-Plano-Irving, TX Metropolitan Division",19124,Dallas,113,TX,48,75080,32.965229,-96.734444,R,95,6/16/2015
540797,800236112,Lakes at Westview II Apartments,1900 Westview Blvd,Conroe,"Houston-The Woodlands-Sugar Land, TX Metropolitan Statistical Area",26420,Montgomery,339,TX,48,77304,30.326405,-95.481272,R,98,11/20/2015
540804,800234886,The Bridges at Edinburg,5208 S Sugar Rd,Edinburg,"McAllen-Edinburg-Mission, TX Metropolitan Statistical Area",32580,Hidalgo,215,TX,48,78539,26.254255,-98.185975,R,67,8/13/2015
540807,800225338,Country Place Village,2103 Chandler St,Kilgore,"Longview, TX Metropolitan Statistical Area",30980,Gregg,183,TX,48,75662,32.371274,-94.862305,R,85,2/25/2016
540817,800020764,CHEROKEE VILLAGE II APARTMENTS,7200 Elam Rd,Dallas,"Dallas-Plano-Irving, TX Metropolitan Division",19124,Dallas,113,TX,48,75217,32.719575,-96.697799,R,66,10/7/2015
540830,800237634,River Falls Apartments,6040 Belpree Rd,Amarillo,"Amarillo, TX Metropolitan Statistical Area",11100,Potter,375,TX,48,79106,35.187716,-101.904997,R,90,3/15/2016
540892,800079695,Independence Hill Assisted Living,20500 Huebner Rd,San Antonio,"San Antonio-New Braunfels, TX Metropolitan Statistical Area",41700,Bexar,029,TX,48,78258,29.625888,-98.490348,R,96,9/17/2015
540912,800215951,PARK AT WOODWIND LAKES,14333 Philippine St,Houston,"Houston-The Woodlands-Sugar Land, TX Metropolitan Statistical Area",26420,Harris,201,TX,48,77040,29.88569,-95.53856,R,77,4/29/2015
540915,800074703,Stone Haven Apts,,EDINBURG,"McAllen-Edinburg-Mission, TX Metropolitan Statistical Area",32580,Hidalgo,215,TX,48,78539,26.2708,-98.1881,T,85,6/8/2016
540917,800209957,WINDSOR ESTATES APARTMENTS,,TEXAS CITY,"Houston-The Woodlands-Sugar Land, TX Metropolitan Statistical Area",26420,Galveston,167,TX,48,77591,29.3881,-94.9898,T,95,12/15/2015
540919,800231711,Point Royale Apartments,4106 John Stockbauer Dr,Victoria,"Victoria, TX Metropolitan Statistical Area",47020,Victoria,469,TX,48,77904,28.822028,-96.949761,R,90,6/7/2016
540947,800220184,MANSIONS OF MANSFIELD,,MANSFIELD,"Fort Worth-Arlington, TX Metropolitan Division",23104,Tarrant,439,TX,48,76063,32.5722,-97.1319,T,99,3/23/2015
540956,800225186,THE RESIDENCES OF LAKE JACKSON APARTMENTS,101 Eucalyptus St,Lake Jackson,"Houston-The Woodlands-Sugar Land, TX Metropolitan Statistical Area",26420,Brazoria,039,TX,48,77566,29.044437,-95.468297,R,81,8/3/2015
540984,800236919,Las Colinas/Parkridge Place,5301 51st St,Lubbock,"Lubbock, TX Metropolitan Statistical Area",31180,Lubbock,303,TX,48,79414,33.547726,-101.924628,R,72,12/3/2015
540993,800237641,Canterbury Apartments,2027 S Austin St,Amarillo,"Amarillo, TX Metropolitan Statistical Area",11100,Potter,375,TX,48,79109,35.191999,-101.862002,R,78,3/14/2016
541038,800046406,CASA CARIBE APARTMENTS,515 1st St,Galveston,"Houston-The Woodlands-Sugar Land, TX Metropolitan Statistical Area",26420,Galveston,167,TX,48,77550,29.31093,-94.768471,R,86,4/10/2015
541091,800212559,Enclave at Buckhorn Crossing,6650 Prue Rd,San Antonio,"San Antonio-New Braunfels, TX Metropolitan Statistical Area",41700,Bexar,029,TX,48,78240,29.544414,-98.616544,R,90,3/25/2015
541150,800222332,The Reserve @ Cimarron Apartments,2417 Colorado St,Mission,"McAllen-Edinburg-Mission, TX Metropolitan Statistical Area",32580,Hidalgo,215,TX,48,78572,26.192893,-98.289643,R,93,6/9/2016
541206,800046835,Ingleside II,2969 Atlantic Blvd,Ingleside,"Corpus Christi, TX Metropolitan Statistical Area",18580,San Patricio,409,TX,48,78362,27.880016,-97.202009,R,95,6/5/2015
541233,800021391,SUNFLOWER TERRACE,5050 Sunflower St,Houston,"Houston-The Woodlands-Sugar Land, TX Metropolitan Statistical Area",26420,Harris,201,TX,48,77033,29.668969,-95.351719,R,95,8/27/2015
541262,800074070,TURTLE CREEK VILLAGE APTS,201 Rabern Ct,Belton,"Killeen-Temple, TX Metropolitan Statistical Area",28660,Bell,027,TX,48,76513,31.074977,-97.457641,R,71,5/16/2016
541281,800224548,Timbercreek Apartments,3609 Jimmy Johnson Blvd,Port Arthur,"Beaumont-Port Arthur, TX Metropolitan Statistical Area",13140,Jefferson,245,TX,48,77642,29.94532,-93.975964,R,96,12/11/2015
541310,800225167,TIVOLI APARTMENTS,18950 Lina St,Dallas,"Dallas-Plano-Irving, TX Metropolitan Division",19124,Denton,121,TX,48,75287,33.009938,-96.847012,R,81,5/8/2015
541311,800223257,Vista Verde Apartments,810 N Frio St,San Antonio,"San Antonio-New Braunfels, TX Metropolitan Statistical Area",41700,Bexar,029,TX,48,78207,29.433879,-98.505569,R,87,3/30/2015
541322,800236272,University Trails Apartments,24444 Richards Rd Apt 111,Hempstead,"Houston-The Woodlands-Sugar Land, TX Metropolitan Statistical Area",26420,Waller,473,TX,48,77445,30.096369,-96.004184,R,98,9/4/2015
541487,800046213,Westchester Plaza,554 S Summit Ave,Fort Worth,"Fort Worth-Arlington, TX Metropolitan Division",23104,Tarrant,439,TX,48,76104,32.739657,-97.342433,R,34,10/21/2015
541492,800214524,COLONIAL LODGE of PLANO,5217 Village Creek Dr,Plano,"Dallas-Plano-Irving, TX Metropolitan Division",19124,Collin,085,TX,48,75093,33.013929,-96.806448,R,73,9/21/2015
541530,800224698,Greenbriar Mansion / Heritage Square,500 S Beach St,Fort Worth,"Fort Worth-Arlington, TX Metropolitan Division",23104,Tarrant,439,TX,48,76105,32.738767,-97.28983,R,80,4/9/2015
541546,800021525,WESTERN HEIGHTS APARTMENTS,1416 W Elm St,Olney,,99999,Young,503,TX,48,76374,33.372045,-98.771665,R,92,9/23/2015
541587,800236449,Greenbriar Apartments,2406 W Frank Ave,Lufkin,"Lufkin, TX Micropolitan Statistical Area",31260,Angelina,005,TX,48,75904,31.33256,-94.763881,R,96,8/6/2015
541605,800213421,Georgetown Place Apts,805 Quail Valley Dr,Georgetown,"Austin-Round Rock, TX Metropolitan Statistical Area",12420,Williamson,491,TX,48,78626,30.62272,-97.667955,R,97,12/18/2015
541614,800021348,Smithville Gardens Apts,1002 SE Martin Luther King Rd,Smithville,"Austin-Round Rock, TX Metropolitan Statistical Area",12420,Bastrop,021,TX,48,78957,30.000019,-97.152904,R,68,11/18/2015
541615,800021511,WARE MEADOWS APTS.,901 S High St,Longview,"Longview, TX Metropolitan Statistical Area",30980,Gregg,183,TX,48,75602,32.482091,-94.743752,R,66,10/2/2015
541686,800073845,TOWNE CENTER APARTMENTS,8620 Park Ln,Dallas,"Dallas-Plano-Irving, TX Metropolitan Division",19124,Dallas,113,TX,48,75231,32.869842,-96.75353,R,66,11/3/2015
541705,800218575,LAKE FOREST APARTMENTS,19780 Atascocita Shores Dr,Humble,"Houston-The Woodlands-Sugar Land, TX Metropolitan Statistical Area",26420,Harris,201,TX,48,77346,30.006592,-95.143204,R,96,8/20/2015
541710,800236438,Bridgeport Apartments,5440 N Jim Miller Rd,Dallas,"Dallas-Plano-Irving, TX Metropolitan Division",19124,Dallas,113,TX,48,75227,32.790173,-96.699749,R,88,11/13/2015
541746,800021321,COMPASS POINTE APARMENTS TEXAS,3916 Winnie St,Galveston,"Houston-The Woodlands-Sugar Land, TX Metropolitan Statistical Area",26420,Galveston,167,TX,48,77550,29.297998,-94.811866,R,40,8/18/2015
541788,800215861,San Mateo Apts,3787 Perrin Central Blvd,San Antonio,"San Antonio-New Braunfels, TX Metropolitan Statistical Area",41700,Bexar,029,TX,48,78217,29.534039,-98.412982,R,84,11/2/2015
541820,800052330,CHAPARRAL APTS,4201 N Garfield St,Midland,"Midland, TX Metropolitan Statistical Area",33260,Midland,329,TX,48,79705,32.032751,-102.111466,R,91,7/15/2015
541858,800021546,CORNERSTONE HOMES,222 Redbud Ave,Lubbock,"Lubbock, TX Metropolitan Statistical Area",31180,Lubbock,303,TX,48,79403,33.594574,-101.81575,R,89,10/21/2015
541886,800219072,SYCAMORE CENTER VILLAS,7901 Chandra Ln,Fort Worth,"Fort Worth-Arlington, TX Metropolitan Division",23104,Tarrant,439,TX,48,76134,32.634689,-97.352325,R,82,5/20/2015
541972,800021460,PECAN VILLAGE dba UNIVERSITY PLACE APTS.,310 University St,Wharton,"El Campo, TX Micropolitan Statistical Area",20900,Wharton,481,TX,48,77488,29.326442,-96.091381,R,70,6/23/2015
541975,800020742,Casa Real,1300 Wyoming St,Alice,"Alice, TX Micropolitan Statistical Area",10860,Jim Wells,249,TX,48,78332,27.757297,-98.091334,R,80,11/16/2015
541986,800020813,CRESTVIEW PLACE,2503 E Villa Maria Rd,Bryan,"College Station-Bryan, TX Metropolitan Statistical Area",17780,Brazos,041,TX,48,77802,30.658546,-96.348608,R,99,12/14/2015
541987,800020814,CRESTVIEW TERRACE,2501 E Villa Maria Rd,Bryan,"College Station-Bryan, TX Metropolitan Statistical Area",17780,Brazos,041,TX,48,77802,30.658531,-96.348609,R,90,12/14/2015
541993,800232174,The Palms on Lamar,8600 N Lamar Blvd,Austin,"Austin-Round Rock, TX Metropolitan Statistical Area",12420,Travis,453,TX,48,78753,30.354616,-97.704171,R,97,10/1/2015
542012,800074697,Toscana,18700 Stone Oak Pkwy,San Antonio,"San Antonio-New Braunfels, TX Metropolitan Statistical Area",41700,Bexar,029,TX,48,78258,29.609567,-98.492585,R,87,11/3/2015
542032,800046400,230 WEST ALABAMA,230 W Alabama St,Houston,"Houston-The Woodlands-Sugar Land, TX Metropolitan Statistical Area",26420,Harris,201,TX,48,77006,29.739103,-95.382698,R,87,9/2/2015
542046,800079085,OAK TERRACE APARTMENTS I,902 S Loop 499,Harlingen,"Brownsville-Harlingen, TX Metropolitan Statistical Area",15180,Cameron,061,TX,48,78550,26.186769,-97.664833,R,78,10/8/2015
542074,800225583,SUNSET GARDENS APARTMENTS,2999 Lindburgh Cir,Eagle Pass,"Eagle Pass, TX Micropolitan Statistical Area",20580,Maverick,323,TX,48,78852,28.683422,-100.464129,R,98,6/25/2015
542088,800210891,"Oak Terrace Apts, Phase III",902 S Loop 499,Harlingen,"Brownsville-Harlingen, TX Metropolitan Statistical Area",15180,Cameron,061,TX,48,78550,26.186769,-97.664833,R,85,10/9/2015
542124,800021184,Palacio Del Sol,400 N Frio St,San Antonio,"San Antonio-New Braunfels, TX Metropolitan Statistical Area",41700,Bexar,029,TX,48,78207,29.428856,-98.503285,R,73,3/10/2015
542139,800216717,PARKWAY SENIORS APTS,3663 Fairmont Pkwy,Pasadena,"Houston-The Woodlands-Sugar Land, TX Metropolitan Statistical Area",26420,Harris,201,TX,48,77504,29.65142,-95.187222,R,91,7/23/2015
542144,800212345,VILLA OF TYLER,3323 Garden Valley Rd,Tyler,"Tyler, TX Metropolitan Statistical Area",46340,Smith,423,TX,48,75702,32.367882,-95.341557,R,67,5/18/2015
542166,800021273,RAINTREE TOWERS APARTMENTS,3030 French Rd,Beaumont,"Beaumont-Port Arthur, TX Metropolitan Statistical Area",13140,Jefferson,245,TX,48,77706,30.110138,-94.142991,R,91,6/9/2015
542180,800221959,NUECES BEND at TWO RIVERS PLACE,3503 Camino Real,San Antonio,"San Antonio-New Braunfels, TX Metropolitan Statistical Area",41700,Bexar,029,TX,48,78238,29.46813,-98.605575,R,95,7/30/2015
542226,800233601,THE VINEYARDS APTS,8850 Ferguson Rd,Dallas,"Dallas-Plano-Irving, TX Metropolitan Division",19124,Dallas,113,TX,48,75228,32.812767,-96.69824,R,61,7/24/2015
542227,800221697,2100 MEMORIAL APTS,2100 Memorial Dr,Houston,"Houston-The Woodlands-Sugar Land, TX Metropolitan Statistical Area",26420,Harris,201,TX,48,77007,29.763808,-95.378292,R,87,2/16/2016
542270,800234355,"ASPENS AT CENTRAL PARK, THE",2155 Arkansas Ln,Grand Prairie,"Dallas-Plano-Irving, TX Metropolitan Division",19124,Dallas,113,TX,48,75052,32.705849,-97.034759,R,85,8/10/2015
542272,800234315,Britain Way Apartments,333 Lane St,Irving,"Dallas-Plano-Irving, TX Metropolitan Division",19124,Dallas,113,TX,48,75061,32.833482,-96.949089,R,89,3/24/2015
542298,800232814,ENCORE AT WAGGONER,6210 Gibson Ln,Texarkana,"Texarkana, TX-AR Metropolitan Statistical Area",45500,Bowie,037,TX,48,75503,33.4674,-94.1055,B,99,6/22/2015
542299,800232689,Encore Landing,764 Marlandwood Rd,Temple,"Killeen-Temple, TX Metropolitan Statistical Area",28660,Bell,027,TX,48,76502,31.061533,-97.361344,R,93,3/3/2015
542304,800232331,TRINITY BELL GARDEN APARTMENTS,,FORT WORTH,"Fort Worth-Arlington, TX Metropolitan Division",23104,Tarrant,439,TX,48,76118,32.80196,-97.166968,R,90,11/5/2015
542305,800235055,HILLSIDE WEST APARTMENTS,,DALLAS,"Dallas-Plano-Irving, TX Metropolitan Division",19124,Dallas,113,TX,48,75211,32.7385,-96.8868,T,99,12/7/2015
542309,800231627,The Lofts at Crossroads Centre,411 Alliance Blvd,Waxahachie,"Dallas-Plano-Irving, TX Metropolitan Division",19124,Ellis,139,TX,48,75165,32.420945,-96.862079,R,85,7/8/2015
542316,800236401,SUNFLOWER ESTATES APARTMENTS,404 Lions Villa Ave,La Feria,"Brownsville-Harlingen, TX Metropolitan Statistical Area",15180,Cameron,061,TX,48,78559,26.1507,-97.829,B,99,12/22/2015
542319,800236117,La Posada del Ray,3135 Roosevelt Ave,San Antonio,"San Antonio-New Braunfels, TX Metropolitan Statistical Area",41700,Bexar,029,TX,48,78214,29.365138,-98.481458,R,97,8/4/2015
542327,800233948,THE BROWNSTONES APARTMENTS,2224 E Main St,Uvalde,"Uvalde, TX Micropolitan Statistical Area",46620,Uvalde,463,TX,48,78801,29.220085,-99.76593,R,71,9/11/2015
542329,800233162,Lotus Village Apartments,300 Ferguson Dr,Austin,"Austin-Round Rock, TX Metropolitan Statistical Area",12420,Travis,453,TX,48,78753,30.376268,-97.685307,R,97,9/1/2015
542336,800227159,THE CONTINENTAL,1810 Commerce St,Dallas,"Dallas-Plano-Irving, TX Metropolitan Division",19124,Dallas,113,TX,48,75201,32.780366,-96.796019,R,64,10/2/2015
542338,800233161,Reserve at Jones Road,2101 N Frontage Rd,Beeville,"Beeville, TX Micropolitan Statistical Area",13300,Bee,025,TX,48,78102,28.427846,-97.740373,R,86,5/22/2015
542351,800073894,ENCLAVE AT STONEBROOK,8083 Stonebrook Pkwy,Frisco,"Dallas-Plano-Irving, TX Metropolitan Division",19124,Collin,085,TX,48,75034,33.139766,-96.813933,R,77,8/31/2015
542354,800236649,OAKS OF REDLAND APARTMENTS,18979 Redland Rd,San Antonio,"San Antonio-New Braunfels, TX Metropolitan Statistical Area",41700,Bexar,029,TX,48,78259,29.61612,-98.453392,R,86,11/20/2015
542376,800222615,BROOKSIDE APTS,3604 S W S Young Dr,Killeen,"Killeen-Temple, TX Metropolitan Statistical Area",28660,Bell,027,TX,48,76542,31.0789,-97.723336,4,95,11/17/2015
542421,800222871,STONEBROOK,5058 Paluxy Dr,Tyler,"Tyler, TX Metropolitan Statistical Area",46340,Smith,423,TX,48,75703,32.294732,-95.278603,R,93,5/21/2015
542447,800021106,MOLLIE & MAX BARNETT,6555 Dan Danciger Rd,Fort Worth,"Fort Worth-Arlington, TX Metropolitan Division",23104,Tarrant,439,TX,48,76133,32.653033,-97.406891,R,84,3/6/2015
542451,800237499,Carrington Place Apartments Phase II,825 Johns Rd,Boerne,"San Antonio-New Braunfels, TX Metropolitan Statistical Area",41700,Kendall,259,TX,48,78006,29.795026,-98.747663,R,82,11/4/2015
542461,800232885,LEGACY AT PLEASANT GROVE,5911 Richmond Rd,Texarkana,"Texarkana, TX-AR Metropolitan Statistical Area",45500,Bowie,037,TX,48,75503,33.477538,-94.104255,R,94,6/23/2015
542472,800218286,SPRINGFIELD APARTMENTS,902 Milwaukee Ave,Lubbock,"Lubbock, TX Metropolitan Statistical Area",31180,Lubbock,303,TX,48,79416,33.609188,-101.956948,R,88,3/17/2015
542490,800020760,Woodlawn Ranch Apartments,330 W Cheryl Dr,San Antonio,"San Antonio-New Braunfels, TX Metropolitan Statistical Area",41700,Bexar,029,TX,48,78228,29.462056,-98.567178,R,96,3/4/2015
542497,800021074,Lulac West Park Apts,10702 Ih 37,Corpus Christi,"Corpus Christi, TX Metropolitan Statistical Area",18580,Nueces,355,TX,48,78410,27.848245,-97.576019,R,99,6/21/2016
542511,800021068,LOUIS MANOR APTS.,1300 Joe Louis Ave,Port Arthur,"Beaumont-Port Arthur, TX Metropolitan Statistical Area",13140,Jefferson,245,TX,48,77640,29.872526,-93.947526,R,84,5/7/2015
542514,800046434,CAMBRIDGE COURT APARTMENTS,5222 Northway Dr,Nacogdoches,"Nacogdoches, TX Micropolitan Statistical Area",34860,Nacogdoches,347,TX,48,75965,31.655684,-94.64626,R,83,6/10/2015
542518,800046972,Fox Run Apts,2008 Sam Houston Dr,Victoria,"Victoria, TX Metropolitan Statistical Area",47020,Victoria,469,TX,48,77901,28.83234,-96.984998,R,96,7/7/2015
542522,800237098,"Vintage at Legacy, The",3700 Legacy Dr,Frisco,"Dallas-Plano-Irving, TX Metropolitan Division",19124,Collin,085,TX,48,75034,33.109972,-96.840128,R,60,7/10/2015
542531,800021517,WEBBER GARDENS APARTMENTS,4830 Virgil St,Fort Worth,"Fort Worth-Arlington, TX Metropolitan Division",23104,Tarrant,439,TX,48,76119,32.708037,-97.251535,R,88,7/10/2015
542561,800021189,AUTUMN CHASE PARK APTS,4207 Lake Arthur Dr,Port Arthur,"Beaumont-Port Arthur, TX Metropolitan Statistical Area",13140,Jefferson,245,TX,48,77642,29.946125,-93.963423,R,72,5/13/2015
542590,800220597,DEER RUN APTS,6500 Jack Finney Blvd,Greenville,"Dallas-Plano-Irving, TX Metropolitan Division",19124,Hunt,231,TX,48,75402,33.104123,-96.088169,R,90,6/1/2015
542591,800236851,Cobblestone Manor Senior Apts.,8201 Sartain Dr,Fort Worth,"Fort Worth-Arlington, TX Metropolitan Division",23104,Tarrant,439,TX,48,76120,32.766694,-97.176497,R,85,6/9/2015
542593,800218785,SPICEWOOD CROSSING APTS,2925 Keller Springs Rd,Carrollton,"Dallas-Plano-Irving, TX Metropolitan Division",19124,Dallas,113,TX,48,75006,32.971052,-96.853292,R,94,2/17/2015
542617,800238041,Marquis at Caprock Canyon,4411 Spicewood Springs Rd,Austin,"Austin-Round Rock, TX Metropolitan Statistical Area",12420,Travis,453,TX,48,78759,30.373174,-97.758853,R,69,3/24/2015
542619,800226260,WINDSOR CREEK APTS,5301 Chicago Ave,Lubbock,"Lubbock, TX Metropolitan Statistical Area",31180,Lubbock,303,TX,48,79414,33.545764,-101.930816,R,78,3/29/2016
542620,800222112,SPRING OAKS APT HOMES,4317 Shepherd Ln,Balch Springs,"Dallas-Plano-Irving, TX Metropolitan Division",19124,Dallas,113,TX,48,75180,32.710664,-96.614374,R,90,6/3/2015
542698,800021452,UNION ACRES TRUST,818 Cotton Ford Rd,Center,,99999,Shelby,419,TX,48,75935,31.804231,-94.176506,R,96,8/5/2015
542713,800046869,North Star Village Apts,411 Lozano St,Harlingen,"Brownsville-Harlingen, TX Metropolitan Statistical Area",15180,Cameron,061,TX,48,78550,26.206356,-97.699667,R,90,7/21/2015
542768,800218817,WEATHERFORD TOWN CENTER  APTS,2024 Tin Top Rd,Weatherford,"Fort Worth-Arlington, TX Metropolitan Division",23104,Parker,367,TX,48,76086,32.729607,-97.798461,R,87,5/4/2016
542787,800021214,PASADENA INTERFAITH MANOR,2112 Easthaven Dr,Pasadena,"Houston-The Woodlands-Sugar Land, TX Metropolitan Statistical Area",26420,Harris,201,TX,48,77506,29.693621,-95.184574,R,95,7/27/2015
542822,800020818,Cunningham Manor,2835 Rockwell Dr,Brownsville,"Brownsville-Harlingen, TX Metropolitan Statistical Area",15180,Cameron,061,TX,48,78521,25.933056,-97.479183,R,78,8/12/2015
542831,800210679,The Vistas Apts,125 Crosspoint,Boerne,"San Antonio-New Braunfels, TX Metropolitan Statistical Area",41700,Kendall,259,TX,48,78006,29.772354,-98.722046,R,90,6/12/2015
542844,800074078,THE RESERVE ON LAKE GRANBURY,1220 Crawford Ct,Granbury,"Fort Worth-Arlington, TX Metropolitan Division",23104,Hood,221,TX,48,76048,32.437826,-97.770789,R,88,10/27/2015
542845,800237918,LA COSTA VILLAS,12500 Merit Dr,Dallas,"Dallas-Plano-Irving, TX Metropolitan Division",19124,Dallas,113,TX,48,75251,32.9178,-96.77265,R,84,6/18/2015
542846,800233250,CIENEGA LINDA II APARTMENTS,7614 Laguna Del Mar Ct,Laredo,"Laredo, TX Metropolitan Statistical Area",29700,Webb,479,TX,48,78041,27.576738,-99.462494,R,82,4/8/2015
542848,800226939,Oyster Creek Manor,3505 Fm 1092 Rd,Missouri City,"Houston-The Woodlands-Sugar Land, TX Metropolitan Statistical Area",26420,Fort Bend,157,TX,48,77459,29.569292,-95.563726,R,85,5/8/2015
542849,800231731,CROWN FOREST APARTMENTS,,LUFKIN,"Lufkin, TX Micropolitan Statistical Area",31260,Angelina,005,TX,48,75904,31.3419,-94.7488,T,96,5/28/2015
542850,800225496,Trinity Oaks of Pearland,3033 Pearland Pkwy,Pearland,"Houston-The Woodlands-Sugar Land, TX Metropolitan Statistical Area",26420,Brazoria,039,TX,48,77581,29.554068,-95.264786,R,76,8/4/2015
542853,800234805,Fairmont on San Felipe Apartments,6363 San Felipe St,Houston,"Houston-The Woodlands-Sugar Land, TX Metropolitan Statistical Area",26420,Harris,201,TX,48,77057,29.749748,-95.497044,R,75,6/8/2015
542854,800220978,LEGENDS OF EL PASO,200 Desert Pass St,El Paso,"El Paso, TX Metropolitan Statistical Area",21340,El Paso,141,TX,48,79912,31.835025,-106.559437,R,90,10/19/2015
542875,800226686,Retreat at North Bluff Apartments,6212 Crow Ln,Austin,"Austin-Round Rock, TX Metropolitan Statistical Area",12420,Travis,453,TX,48,78745,30.197225,-97.772402,R,87,4/28/2015
542912,800021141,NORTHSIDE TERRACE,1901 Northview Circle Dr,Brenham,"Brenham, TX Micropolitan Statistical Area",14780,Washington,477,TX,48,77833,30.185112,-96.402128,R,84,9/8/2015
542950,800233378,Windfield Townhouses,5010 Grove West Blvd,Stafford,"Houston-The Woodlands-Sugar Land, TX Metropolitan Statistical Area",26420,Fort Bend,157,TX,48,77477,29.644022,-95.588999,R,93,5/6/2016
543028,800220006,NORTH FOREST TRAILS,9550 N Wayside Dr,Houston,"Houston-The Woodlands-Sugar Land, TX Metropolitan Statistical Area",26420,Harris,201,TX,48,77028,29.850693,-95.283776,R,73,11/9/2015
543037,800216225,VILLAS of EASTWOOD TERRACE,4700 E Berry St,Fort Worth,"Fort Worth-Arlington, TX Metropolitan Division",23104,Tarrant,439,TX,48,76105,32.712753,-97.251892,R,89,5/13/2015
543043,800231729,Madison Park,9801 Meadowglen Ln,Houston,"Houston-The Woodlands-Sugar Land, TX Metropolitan Statistical Area",26420,Harris,201,TX,48,77042,29.732339,-95.544274,R,87,9/21/2015
543046,800214331,Bandera Commons Apts,8120 Mainland Dr,San Antonio,"San Antonio-New Braunfels, TX Metropolitan Statistical Area",41700,Bexar,029,TX,48,78240,29.516499,-98.632643,R,72,11/5/2015
543052,800220815,PRAIRIE RANCH APTS,4950 Prairie Ranch Dr,Grand Prairie,"Fort Worth-Arlington, TX Metropolitan Division",23104,Tarrant,439,TX,48,75052,32.652286,-97.060497,R,75,7/9/2015
543091,800226483,Encore Crossings,,CORPUS CHRISTI,"Corpus Christi, TX Metropolitan Statistical Area",18580,Nueces,355,TX,48,78414,27.690398,-97.367628,R,95,6/22/2015
543105,800021196,GROVE PARK TERRACE APTS.,400 Peters St,Waxahachie,"Dallas-Plano-Irving, TX Metropolitan Division",19124,Ellis,139,TX,48,75165,32.382078,-96.826826,R,86,6/1/2015
543108,800217420,"WINDSOR ESTATES, PHASE II",,TEXAS CITY,"Houston-The Woodlands-Sugar Land, TX Metropolitan Statistical Area",26420,Galveston,167,TX,48,77591,29.3881,-94.9898,T,94,5/29/2015
543112,800238533,HIDDEN LAKES,5333 Fossil Creek Blvd,Haltom City,"Fort Worth-Arlington, TX Metropolitan Division",23104,Tarrant,439,TX,48,76137,32.843115,-97.28386,R,89,6/4/2015
543242,800225235,SUNCHASE SQUARE APARTMENTS,1001 S Guadalupe St,Lockhart,"Austin-Round Rock, TX Metropolitan Statistical Area",12420,Caldwell,055,TX,48,78644,29.873373,-97.67316,R,99,8/31/2015
543252,800225390,The Residence at Eagle Pass,3477 Bob Rogers Dr,Eagle Pass,"Eagle Pass, TX Micropolitan Statistical Area",20580,Maverick,323,TX,48,78852,28.71559,-100.455582,R,93,8/24/2015
543269,800235753,LA RISA APARTMENTS,800 Babcock Rd,San Antonio,"San Antonio-New Braunfels, TX Metropolitan Statistical Area",41700,Bexar,029,TX,48,78201,29.479149,-98.5521,R,98,9/30/2015
543272,800218954,Rancho Sierra,1327 Mission Grande,San Antonio,"San Antonio-New Braunfels, TX Metropolitan Statistical Area",41700,Bexar,029,TX,48,78221,29.294185,-98.475273,R,50,2/22/2016
543280,800219131,CHAMPIONS COVE,1600 S Main St,Duncanville,"Dallas-Plano-Irving, TX Metropolitan Division",19124,Dallas,113,TX,48,75137,32.629803,-96.908153,R,96,5/12/2015
543292,800225417,RIVERBEND APARTMENTS,2500 Junior College Blvd,Wharton,"El Campo, TX Micropolitan Statistical Area",20900,Wharton,481,TX,48,77488,29.330258,-96.08157,R,73,9/28/2015
543300,800239007,THE VINTAGE,7733 Louis Pasteur Dr,San Antonio,"San Antonio-New Braunfels, TX Metropolitan Statistical Area",41700,Bexar,029,TX,48,78229,29.509413,-98.568903,R,93,7/29/2015
543359,800020750,Castle Manor Apartments,655 Castle Park Dr,Corpus Christi,"Corpus Christi, TX Metropolitan Statistical Area",18580,Nueces,355,TX,48,78418,27.651892,-97.29378,R,95,8/20/2015
543360,800021029,Laredo Manor,300 E Mann Rd,Laredo,"Laredo, TX Metropolitan Statistical Area",29700,Webb,479,TX,48,78041,27.558856,-99.498333,R,90,2/6/2015
543372,800210401,ENCLAVE AT COPPERFIELD,15503 Fm 529 Rd,Houston,"Houston-The Woodlands-Sugar Land, TX Metropolitan Statistical Area",26420,Harris,201,TX,48,77095,29.879064,-95.641253,R,95,3/11/2015
543373,800212551,ENCLAVE AT QUAIL CROSSING II APARTMENTS,5000 Watkins Way,Friendswood,"Houston-The Woodlands-Sugar Land, TX Metropolitan Statistical Area",26420,Harris,201,TX,48,77546,29.546273,-95.191838,R,88,6/5/2015
543466,800238558,PARK AVENUE AT BOULDER CREEK,11575 Pearland Pkwy,Houston,"Houston-The Woodlands-Sugar Land, TX Metropolitan Statistical Area",26420,Harris,201,TX,48,77089,29.596564,-95.265964,R,93,8/26/2015
543496,800216082,The Villas of Costa Dorada Apts,3007 SE Military Dr,San Antonio,"San Antonio-New Braunfels, TX Metropolitan Statistical Area",41700,Bexar,029,TX,48,78223,29.351967,-98.445328,R,48,6/11/2015
543528,800216354,NORTH PARK APTS,5601 Central Fwy,Wichita Falls,"Wichita Falls, TX Metropolitan Statistical Area",48660,Wichita,485,TX,48,76305,33.984492,-98.539829,R,75,10/1/2015
543631,800238925,ASHBY PLACE TOWNHOMES,1350 Wonder World Dr,San Marcos,"Austin-Round Rock, TX Metropolitan Statistical Area",12420,Hays,209,TX,48,78666,29.849721,-97.944932,R,89,9/10/2015
543676,800214349,Dominion Park Apts,9835 Fredericksburg Rd,San Antonio,"San Antonio-New Braunfels, TX Metropolitan Statistical Area",41700,Bexar,029,TX,48,78240,29.531256,-98.576449,R,88,8/28/2015
543690,800238576,"RANCH at FOSSIL CREEK, The",5350 Fossil Creek Blvd,Haltom City,"Fort Worth-Arlington, TX Metropolitan Division",23104,Tarrant,439,TX,48,76137,32.843355,-97.282955,R,97,6/8/2015
543725,800238567,GREENHOUSE VILLAGE APARTMENTS,19015 West Rd,Cypress,"Houston-The Woodlands-Sugar Land, TX Metropolitan Statistical Area",26420,Harris,201,TX,48,77433,29.90744,-95.699062,R,96,7/28/2015
543763,800237645,The Homestead of Sherman,1000 Sara Swamy Dr,Sherman,"Sherman-Denison, TX Metropolitan Statistical Area",43300,Grayson,181,TX,48,75090,33.677938,-96.603611,R,99,12/8/2015
543768,800238662,STONEHAVEN APARTMENTS,15301 Northwest Fwy,Houston,"Houston-The Woodlands-Sugar Land, TX Metropolitan Statistical Area",26420,Harris,201,TX,48,77040,29.870844,-95.551538,R,82,11/19/2015
543814,800238231,Graceland at Garden Ridge,,SAN ANTONIO,"San Antonio-New Braunfels, TX Metropolitan Statistical Area",41700,Comal,091,TX,48,78266,29.6612,-98.3273,T,89,9/8/2015
543817,800237716,Hidden Creek Apartments,300 S Watters Rd,Allen,"Dallas-Plano-Irving, TX Metropolitan Division",19124,Collin,085,TX,48,75013,33.097882,-96.685126,R,92,3/4/2015
543822,800237633,Cobblestone Park 1 Apartment,3800 County Road 94,Manvel,"Houston-The Woodlands-Sugar Land, TX Metropolitan Statistical Area",26420,Brazoria,039,TX,48,77578,29.533521,-95.38374,R,91,5/4/2015
543826,800232780,Waterford at Summer Park,1250 Minonite Rd,Rosenberg,"Houston-The Woodlands-Sugar Land, TX Metropolitan Statistical Area",26420,Fort Bend,157,TX,48,77469,29.528573,-95.750267,R,99,10/2/2015
543828,800219430,PRESERVE AT PRAIRIE POINTE,8217 Avenue U,Lubbock,"Lubbock, TX Metropolitan Statistical Area",31180,Lubbock,303,TX,48,79423,33.519217,-101.861539,R,82,10/22/2015
543842,800221985,O.W. COLLINS APARTMENTS,4440 Gulfway Dr,Port Arthur,"Beaumont-Port Arthur, TX Metropolitan Statistical Area",13140,Jefferson,245,TX,48,77642,29.915565,-93.912847,R,84,12/10/2015
543857,800238222,THE MADISON,5348 Old Jacksonville Hwy,Tyler,"Tyler, TX Metropolitan Statistical Area",46340,Smith,423,TX,48,75703,32.290189,-95.327339,R,74,11/12/2015
543867,800239170,ANDALUSIAN GATE APARTMENTS,3653 Briargrove Ln,Dallas,"Dallas-Plano-Irving, TX Metropolitan Division",19124,Denton,121,TX,48,75287,32.993375,-96.853165,R,97,11/23/2015
543878,800216083,LOS PRADOS APARTMENTS,125 Dyna Dr,Houston,"Houston-The Woodlands-Sugar Land, TX Metropolitan Statistical Area",26420,Harris,201,TX,48,77060,29.922543,-95.406683,R,64,12/8/2015
543880,800238497,VILLAS OF PRESTON CREEK,6900 Preston Rd,Plano,"Dallas-Plano-Irving, TX Metropolitan Division",19124,Collin,085,TX,48,75024,33.06776,-96.795834,R,90,10/15/2015
543886,800239216,The Franciscan at Bear Creek,1600 Village Dr,Euless,"Fort Worth-Arlington, TX Metropolitan Division",23104,Tarrant,439,TX,48,76039,32.860861,-97.071471,R,73,10/14/2015
543896,800237951,AUTUMN LEAVES OF CARROLLTON,1800 King Arthur Blvd,Carrollton,"Dallas-Plano-Irving, TX Metropolitan Division",19124,Denton,121,TX,48,75010,33.035964,-96.887159,R,94,11/24/2015
543907,800239002,THE WATERFORD AT VALLEY RANCH,151 Cowboys Pkwy,Irving,"Dallas-Plano-Irving, TX Metropolitan Division",19124,Dallas,113,TX,48,75063,32.941375,-96.944584,R,43,9/23/2015
543908,800238593,Estancia At Ridgeview Ranch,10200 Independence Pkwy,Plano,"Dallas-Plano-Irving, TX Metropolitan Division",19124,Collin,085,TX,48,75025,33.118423,-96.750479,R,85,9/2/2015
543923,800235334,MEXIA GARDENS,1000 E Grayson St,Mexia,,99999,Limestone,293,TX,48,76667,31.688096,-96.472851,R,97,10/27/2015
543925,800237747,Porter Plaza Ltd.,23473 Partners Way,Porter,"Houston-The Woodlands-Sugar Land, TX Metropolitan Statistical Area",26420,Montgomery,339,TX,48,77365,30.106986,-95.246224,R,91,5/5/2015
544099,800021274,RAMPART APARTMENTS,1602 Village East Blvd,Port Arthur,"Beaumont-Port Arthur, TX Metropolitan Statistical Area",13140,Jefferson,245,TX,48,77642,29.927212,-93.902023,R,91,9/28/2015
544100,800021100,MIDTOWN MANOR INC.,400 Burnett St,Wichita Falls,"Wichita Falls, TX Metropolitan Statistical Area",48660,Wichita,485,TX,48,76301,33.913255,-98.499873,R,81,9/24/2015
544115,800021401,Sutton Square Duplexes,919 Sutton Dr,San Antonio,"San Antonio-New Braunfels, TX Metropolitan Statistical Area",41700,Bexar,029,TX,48,78228,29.471003,-98.55949,R,73,3/27/2015
545474,800020779,ROSEBUD OAKS APARTMENTS,306 W Avenue D,Rosebud,"Waco, TX Metropolitan Statistical Area",47380,Falls,145,TX,48,76570,31.0714,-96.9802,B,92,3/17/2015
545476,800112208,Palacio Del Sol II,400 N Frio St,San Antonio,"San Antonio-New Braunfels, TX Metropolitan Statistical Area",41700,Bexar,029,TX,48,78207,29.428856,-98.503285,R,94,2/26/2015
545570,800020649,ALVIN MEMORIAL GARDENS,916 S Gordon St,Alvin,"Houston-The Woodlands-Sugar Land, TX Metropolitan Statistical Area",26420,Brazoria,039,TX,48,77511,29.416794,-95.244056,R,99,12/3/2015
545573,800020732,Casa De Amigos III,402 E New Hampshire St,Harlingen,"Brownsville-Harlingen, TX Metropolitan Statistical Area",15180,Cameron,061,TX,48,78550,26.166906,-97.686204,R,96,6/10/2016
545575,800020654,ANDOVER PLACE,14175 Cypress North Houston Rd,Cypress,"Houston-The Woodlands-Sugar Land, TX Metropolitan Statistical Area",26420,Harris,201,TX,48,77429,29.947068,-95.637449,R,95,10/2/2015
545576,800020848,EDEN PLACE,327 Eden Dr,Longview,"Longview, TX Metropolitan Statistical Area",30980,Gregg,183,TX,48,75605,32.52319,-94.737295,R,99,11/19/2015
545578,800020801,COUNTRY PARK Apts,5282 Professional Dr,Wichita Falls,"Wichita Falls, TX Metropolitan Statistical Area",48660,Wichita,485,TX,48,76302,33.848863,-98.501891,R,90,10/8/2015
545579,800020880,Fifty Oaks Apartments,501 E 2nd St,Rockport,"Corpus Christi, TX Metropolitan Statistical Area",18580,Aransas,007,TX,48,78382,28.008166,-97.062071,R,99,10/20/2015
545580,800020958,"HIGH POINT VILLAGE APTS., PHASE I",5500 Professional Dr,Wichita Falls,"Wichita Falls, TX Metropolitan Statistical Area",48660,Wichita,485,TX,48,76302,33.845482,-98.500844,R,85,10/9/2015
545581,800020940,HEATHERBROOK APARTMENTS,7900 Heatherbrook Trl,Port Arthur,"Beaumont-Port Arthur, TX Metropolitan Statistical Area",13140,Jefferson,245,TX,48,77642,29.952033,-93.974085,R,94,8/21/2015
545582,800021099,MIDPARK TOWERS,8550 Midpark Rd,Dallas,"Dallas-Plano-Irving, TX Metropolitan Division",19124,Dallas,113,TX,48,75240,32.936328,-96.756717,R,97,12/3/2015
545583,800021006,Kings Row Apartments,4141 Barberry Dr,Houston,"Houston-The Woodlands-Sugar Land, TX Metropolitan Statistical Area",26420,Harris,201,TX,48,77051,29.651809,-95.366337,R,56,7/22/2015
545584,800021113,Mt. Zion Sheltering Arms,3238 Martin Luther King Dr,San Antonio,"San Antonio-New Braunfels, TX Metropolitan Statistical Area",41700,Bexar,029,TX,48,78220,29.413285,-98.428852,R,98,4/2/2015
545585,800021174,OPTIMIST VILLAGE,3650 Optimist Way,Orange,"Beaumont-Port Arthur, TX Metropolitan Statistical Area",13140,Orange,361,TX,48,77630,30.106428,-93.776897,R,96,7/30/2015
545586,800020926,Gulfway Manor Apartments,1702 Treyway Ln,Corpus Christi,"Corpus Christi, TX Metropolitan Statistical Area",18580,Nueces,355,TX,48,78412,27.700833,-97.364697,R,89,11/30/2015
545587,800021073,Lulac Village Park,1417 Horne Rd,Corpus Christi,"Corpus Christi, TX Metropolitan Statistical Area",18580,Nueces,355,TX,48,78416,27.75985,-97.434985,R,98,11/10/2015
545588,800021150,NUESTRO HOGAR APTS,709 Magnolia St,Arlington,"Fort Worth-Arlington, TX Metropolitan Division",23104,Tarrant,439,TX,48,76012,32.743273,-97.119823,R,99,5/29/2015
545590,800021323,Sandy Oaks,401 W Highland Ave,Aransas Pass,"Corpus Christi, TX Metropolitan Statistical Area",18580,San Patricio,409,TX,48,78336,27.891819,-97.158374,R,97,9/18/2015
545591,800021244,PLANO COMMUNITY HOMES,,PLANO,"Dallas-Plano-Irving, TX Metropolitan Division",19124,Collin,085,TX,48,75074,33.023276,-96.697482,4,97,9/25/2015
545594,800021344,SILVER VILLAGE,5401 54th St,Lubbock,"Lubbock, TX Metropolitan Statistical Area",31180,Lubbock,303,TX,48,79414,33.5448,-101.93026,R,99,5/22/2015
545597,800021502,W. LEO DANIELS TOWERS,8826 Harrell St,Houston,"Houston-The Woodlands-Sugar Land, TX Metropolitan Statistical Area",26420,Harris,201,TX,48,77093,29.841236,-95.34471,R,98,7/9/2015
545598,800021204,PARK VIEW TERRACE,1301 Holland Lake Dr,Weatherford,"Fort Worth-Arlington, TX Metropolitan Division",23104,Parker,367,TX,48,76086,32.74265,-97.775313,R,98,5/29/2015
545701,800046873,Robinhood Apts,615 S F St,Harlingen,"Brownsville-Harlingen, TX Metropolitan Statistical Area",15180,Cameron,061,TX,48,78550,26.187181,-97.702009,R,85,8/10/2015
545727,800074309,PARK AT WOODMOOR,8787 Shenandoah Park Dr,Shenandoah,"Houston-The Woodlands-Sugar Land, TX Metropolitan Statistical Area",26420,Montgomery,339,TX,48,77385,30.191801,-95.450037,R,91,6/18/2015
545790,800214525,COLONIAL LODGE of McKINNEY,2301 N Brook Dr,McKinney,"Dallas-Plano-Irving, TX Metropolitan Division",19124,Collin,085,TX,48,75070,33.189765,-96.643215,R,80,9/22/2015
545821,800217363,Northstar Apts,13800 Goyo Garcia Rd,Raymondville,"Raymondville, TX Micropolitan Statistical Area",39700,Willacy,489,TX,48,78580,26.5224,-97.917,B,73,7/16/2015
545858,800220318,WRIGHT SENIOR APTS,840 S Carrier Pkwy,Grand Prairie,"Dallas-Plano-Irving, TX Metropolitan Division",19124,Dallas,113,TX,48,75051,32.734949,-97.014831,R,82,9/15/2015
545906,800222777,LINDBERGH PARC SENIOR,5600 Azle Ave,Fort Worth,"Fort Worth-Arlington, TX Metropolitan Division",23104,Tarrant,439,TX,48,76106,32.811443,-97.403861,R,99,6/15/2015
545935,800224345,HOME TOWNE AT MATADOR RANCH,9000 Crowley Rd,Fort Worth,"Fort Worth-Arlington, TX Metropolitan Division",23104,Tarrant,439,TX,48,76134,32.622987,-97.348755,R,92,8/7/2015
545974,800227198,Patriot Ridge Apartments,4810 Spur 408,Dallas,"Dallas-Plano-Irving, TX Metropolitan Division",19124,Dallas,113,TX,48,75236,32.6929,-96.9549,B,97,1/11/2016
545978,800226985,CHATEAU ON WILDBRIAR LAKE,1515 Hard Rock Rd,Irving,"Dallas-Plano-Irving, TX Metropolitan Division",19124,Dallas,113,TX,48,75061,32.82705,-97.01335,R,77,5/2/2016
545985,800227756,Oak Hollow Apartments,1439 Barnes Dr,Seguin,"San Antonio-New Braunfels, TX Metropolitan Statistical Area",41700,Guadalupe,187,TX,48,78155,29.557393,-97.942533,R,99,9/18/2015
546005,800233495,Trinity Courtyard,6150 Oakmont Trl,Fort Worth,"Fort Worth-Arlington, TX Metropolitan Division",23104,Tarrant,439,TX,48,76132,32.659644,-97.409111,R,78,5/17/2016
546018,800234022,THE RESIDENCE AT EDINBURG,4590 S Professional Dr,Edinburg,"McAllen-Edinburg-Mission, TX Metropolitan Statistical Area",32580,Hidalgo,215,TX,48,78539,26.2801,-98.1589,B,80,1/5/2016
546038,800235311,Orchard Park4-of Kyle,,KYLE,"Austin-Round Rock, TX Metropolitan Statistical Area",12420,Hays,209,TX,48,78640,29.9663,-97.8282,T,82,4/20/2016
546049,800236894,THE FOUNTAINS OF WOODMEADOW,10950 Woodmeadow Pkwy,Dallas,"Dallas-Plano-Irving, TX Metropolitan Division",19124,Dallas,113,TX,48,75228,32.848242,-96.642551,R,59,6/14/2016
546175,800238701,THE RENAISSANCE at CANYON SPRINGS,24245 Wilderness Oak,San Antonio,"San Antonio-New Braunfels, TX Metropolitan Statistical Area",41700,Bexar,029,TX,48,78258,29.666526,-98.478817,R,84,4/13/2016
546326,800239552,Pebblebend Apartments,4315 Esmond Dr,Odessa,"Odessa, TX Metropolitan Statistical Area",36220,Ector,135,TX,48,79762,31.895804,-102.344313,R,72,2/5/2016
546341,800239654,Walnut Ridge Phase II,625 Pitt St,Bastrop,"Austin-Round Rock, TX Metropolitan Statistical Area",12420,Bastrop,021,TX,48,78602,30.110796,-97.304822,R,99,1/14/2016
546490,800215134,MILLEN HOMES,2751 N Hampton Dr,Grand Prairie,"Fort Worth-Arlington, TX Metropolitan Division",23104,Tarrant,439,TX,48,75052,32.671705,-97.049565,R,96,2/9/2015
546690,800021087,McMullen Square,537 N General McMullen Dr,San Antonio,"San Antonio-New Braunfels, TX Metropolitan Statistical Area",41700,Bexar,029,TX,48,78228,29.439457,-98.553209,R,96,3/24/2015
548655,800021250,Creekside Apartments,378 S Jim Miller Rd,Dallas,"Dallas-Plano-Irving, TX Metropolitan Division",19124,Dallas,113,TX,48,75217,32.709687,-96.699821,R,83,5/1/2015
548657,800021446,TRINITY OAKS APTS.,600 Woodlawn St,Sulphur Springs,"Sulphur Springs, TX Micropolitan Statistical Area",44860,Hopkins,223,TX,48,75482,33.14266,-95.608248,R,65,4/1/2015
548664,800240712,HIGH POINT SENIOR LIVING,1615 S Zang Blvd,Dallas,"Dallas-Plano-Irving, TX Metropolitan Division",19124,Dallas,113,TX,48,75224,32.723737,-96.830521,R,95,5/19/2015
548665,800021212,PARKWAY VILLAS,4800 Brookdale Dr,Wichita Falls,"Wichita Falls, TX Metropolitan Statistical Area",48660,Wichita,485,TX,48,76310,33.855964,-98.563855,R,70,5/1/2015
548667,800021438,TOWN NORTH,4624 Elizabeth St,Texarkana,"Texarkana, TX-AR Metropolitan Statistical Area",45500,Bowie,037,TX,48,75503,33.463211,-94.049432,R,89,7/9/2015
548670,800241255,Fair Oaks Apartments (RAD),4401 Quail Trl,Fort Worth,"Fort Worth-Arlington, TX Metropolitan Division",23104,Tarrant,439,TX,48,76114,32.780663,-97.385599,R,89,6/18/2015
548674,800020824,DICKINSON PLACE APTS.,911 Saint Joseph St,Dallas,"Dallas-Plano-Irving, TX Metropolitan Division",19124,Dallas,113,TX,48,75246,32.792322,-96.778908,R,81,7/20/2015
548676,800021516,WAYMAN MANOR APARTMENTS,1811 E Avenue K,Temple,"Killeen-Temple, TX Metropolitan Statistical Area",28660,Bell,027,TX,48,76501,31.080024,-97.328313,R,80,4/15/2015
548680,800241259,Fair Park Apartments (RAD),4400 Fair Park Blvd,Fort Worth,"Fort Worth-Arlington, TX Metropolitan Division",23104,Tarrant,439,TX,48,76115,32.683705,-97.313121,R,90,6/19/2015
548686,800021456,UNIVERSITY APTS-WACO,2900 Primrose Dr,Waco,"Waco, TX Metropolitan Statistical Area",47380,McLennan,309,TX,48,76706,31.519554,-97.132348,R,97,7/22/2015
548687,800021235,PINE TERRACE,1601 Amy Dr,Mount Pleasant,"Mount Pleasant, TX Micropolitan Statistical Area",34420,Titus,449,TX,48,75455,33.169657,-94.9816,R,49,7/8/2015
548690,800021385,SUN VALLEY,1315 Central Fwy E,Wichita Falls,"Wichita Falls, TX Metropolitan Statistical Area",48660,Wichita,485,TX,48,76302,33.884979,-98.467557,R,80,8/3/2015
548694,800021539,WILLIAM BOOTH TOWERS,4200 N 19th St,Waco,"Waco, TX Metropolitan Statistical Area",47380,McLennan,309,TX,48,76708,31.583883,-97.175769,R,95,7/24/2015
548696,800024180,POINT HOUSING AUTHORITY,212 Avenue A,Point,,99999,Rains,379,TX,48,75472,32.932182,-95.869166,R,97,6/23/2015
548697,800020710,Brookhollow Apartments,612 Travis St,Kerrville,"Kerrville, TX Micropolitan Statistical Area",28500,Kerr,265,TX,48,78028,30.041925,-99.126294,R,78,6/3/2015
548699,800021219,Pecan Hill Apts,1600 W Lawndale Dr,San Antonio,"San Antonio-New Braunfels, TX Metropolitan Statistical Area",41700,Bexar,029,TX,48,78209,29.509582,-98.468784,R,82,5/13/2015
548700,800020983,INDIAN FALLS APTS,4540 Barnett Rd,Wichita Falls,"Wichita Falls, TX Metropolitan Statistical Area",48660,Wichita,485,TX,48,76310,33.86432,-98.578084,R,87,5/29/2015
548702,800021320,San Juan Village,400 N Iowa Ave,San Juan,"McAllen-Edinburg-Mission, TX Metropolitan Statistical Area",32580,Hidalgo,215,TX,48,78589,26.195543,-98.151138,R,66,4/13/2015
548703,800020762,CHAPARRAL VILLAGE,1451 S Grant Ave,Odessa,"Odessa, TX Metropolitan Statistical Area",36220,Ector,135,TX,48,79761,31.83106,-102.357038,R,90,4/15/2015
548706,800020777,CLEME MANOR APTS,5300 Coke St,Houston,"Houston-The Woodlands-Sugar Land, TX Metropolitan Statistical Area",26420,Harris,201,TX,48,77020,29.768126,-95.318581,R,72,9/9/2015
548707,800021372,St Francis Villa Apts,715 Trade,Pleasanton,"San Antonio-New Braunfels, TX Metropolitan Statistical Area",41700,Atascosa,013,TX,48,78064,28.967071,-98.474683,R,87,4/27/2015
548708,800020924,GULF COAST ARMS,6603 Hirsch Rd,Houston,"Houston-The Woodlands-Sugar Land, TX Metropolitan Statistical Area",26420,Harris,201,TX,48,77026,29.819274,-95.328937,R,94,6/30/2015
548709,800021283,Ridgecrest Apartments,8222 Gault Ln,San Antonio,"San Antonio-New Braunfels, TX Metropolitan Statistical Area",41700,Bexar,029,TX,48,78209,29.512091,-98.469578,R,87,5/18/2015
548712,800046796,Rebekah Baines Johnson,21 Waller St,Austin,"Austin-Round Rock, TX Metropolitan Statistical Area",12420,Travis,453,TX,48,78702,30.253585,-97.735315,R,86,6/22/2015
548715,800021439,Town Oaks Of Kenedy,120 Water St,Kenedy,,99999,Karnes,255,TX,48,78119,28.809169,-97.85758,R,71,5/7/2015
548716,800021515,WAVERLY VILLAGE APARTMENTS,155 Tafelski Rd,New Waverly,"Huntsville, TX Micropolitan Statistical Area",26660,Walker,471,TX,48,77358,30.546919,-95.482007,R,90,12/4/2015
548719,800021454,Union Pines Apartments,1707 Pleasanton Rd,San Antonio,"San Antonio-New Braunfels, TX Metropolitan Statistical Area",41700,Bexar,029,TX,48,78221,29.36566,-98.504205,R,91,4/30/2015
548721,800021017,Laguna Apartments,1318 Waldron Rd,Corpus Christi,"Corpus Christi, TX Metropolitan Statistical Area",18580,Nueces,355,TX,48,78418,27.665149,-97.28466,R,77,6/8/2015
548722,800021084,Mason Manor,1137 Gunter St,Austin,"Austin-Round Rock, TX Metropolitan Statistical Area",12420,Travis,453,TX,48,78721,30.269967,-97.696348,R,92,8/4/2015
548727,800020756,CENTENNIAL SQUARE APARTMENTS,805 Schilling St,Baytown,"Houston-The Woodlands-Sugar Land, TX Metropolitan Statistical Area",26420,Harris,201,TX,48,77520,29.748692,-94.977407,R,89,6/15/2015
548729,800020768,Chisolm Trace,10503 Huebner Rd,San Antonio,"San Antonio-New Braunfels, TX Metropolitan Statistical Area",41700,Bexar,029,TX,48,78240,29.541135,-98.582157,R,62,5/11/2015
548731,800020859,El Santander,3604 Boca Chica Blvd,Brownsville,"Brownsville-Harlingen, TX Metropolitan Statistical Area",15180,Cameron,061,TX,48,78521,25.91959,-97.463752,R,47,6/5/2015
548732,800020727,Whispering Trees,,CARRIZO SPRINGS,,99999,Dimmit,127,TX,48,78834,28.4229,-100.0258,T,83,5/29/2015
548735,800000075,VIRGINIA MANOR APARTMENTS,2250 W Virginia St,Beaumont,"Beaumont-Port Arthur, TX Metropolitan Statistical Area",13140,Jefferson,245,TX,48,77705,30.04234,-94.106946,R,76,7/23/2015
548737,800020921,Guadalupe Haciendas Apts,2015 S Cameron St,Alice,"Alice, TX Micropolitan Statistical Area",10860,Jim Wells,249,TX,48,78332,27.732346,-98.06963,R,70,7/20/2015
548738,800021302,Rosalyn Heights,602 E Rosemary Dr,Seguin,"San Antonio-New Braunfels, TX Metropolitan Statistical Area",41700,Guadalupe,187,TX,48,78155,29.591534,-97.958948,R,91,4/28/2015
548741,800020858,El Rosario Homes,1802 N Nicholson Ave,Mission,"McAllen-Edinburg-Mission, TX Metropolitan Statistical Area",32580,Hidalgo,215,TX,48,78572,26.226088,-98.331005,R,73,4/15/2015
548743,800020770,CHRISTIAN MANOR,813 W 8th St,Plainview,"Plainview, TX Micropolitan Statistical Area",38380,Hale,189,TX,48,79072,34.18802,-101.71199,R,89,6/15/2015
549910,800021470,Villa Alegre,6902 Marbach Rd,San Antonio,"San Antonio-New Braunfels, TX Metropolitan Statistical Area",41700,Bexar,029,TX,48,78227,29.41757,-98.625481,R,83,4/28/2015
550151,800021377,STERLINGSHIRE,9002 Sterlingshire St,Houston,"Houston-The Woodlands-Sugar Land, TX Metropolitan Statistical Area",26420,Harris,201,TX,48,77078,29.854097,-95.257518,R,46,5/13/2015
550269,800218185,BREAKWATER BAY APARTMENTS,4375 N Major Dr,Beaumont,"Beaumont-Port Arthur, TX Metropolitan Statistical Area",13140,Jefferson,245,TX,48,77713,30.122479,-94.19038,R,93,7/10/2015
552784,800224027,Putnam Place,310 N 37th St,Orange,"Beaumont-Port Arthur, TX Metropolitan Statistical Area",13140,Orange,361,TX,48,77630,30.090169,-93.776818,4,78,8/21/2015
552787,800211558,Bud O'Keefe Village,8634 Garden Brk,San Antonio,"San Antonio-New Braunfels, TX Metropolitan Statistical Area",41700,Bexar,029,TX,48,78245,29.420939,-98.656279,R,89,6/26/2015
552788,800232463,VILLAGE AT HICKORY GLEN,3911 Hickory Glen Ct,Kingwood,"Houston-The Woodlands-Sugar Land, TX Metropolitan Statistical Area",26420,Harris,201,TX,48,77339,30.070205,-95.212967,R,99,6/1/2015
552789,800074919,Elena C. Diaz Homes for Special Citizens,,CRYSTAL CITY,,99999,Zavala,507,TX,48,78839,28.695744,-99.83191,R,87,7/9/2015
552790,800219557,CHERBONAY @ MARSALIS INDEPENDENT LC,412 N Marsalis Ave,Dallas,"Dallas-Plano-Irving, TX Metropolitan Division",19124,Dallas,113,TX,48,75203,32.753256,-96.815442,R,91,5/22/2015
552794,800219882,VILLA DE LUCAS,1005 E Lucas Dr,Beaumont,"Beaumont-Port Arthur, TX Metropolitan Statistical Area",13140,Jefferson,245,TX,48,77703,30.125491,-94.106654,R,98,8/28/2015
552796,800217671,OMNI,,LUFKIN,"Lufkin, TX Micropolitan Statistical Area",31260,Angelina,005,TX,48,75904,31.3419,-94.7488,T,88,7/2/2015
552800,800225014,INDEPENDENCE PLACE,2510 Lone Star Pkwy,Montgomery,"Houston-The Woodlands-Sugar Land, TX Metropolitan Statistical Area",26420,Montgomery,339,TX,48,77356,30.4015,-95.6763,B,99,6/1/2015
552801,800235865,Easter Seals Central Texas,3204 Manchaca Rd,Austin,"Austin-Round Rock, TX Metropolitan Statistical Area",12420,Travis,453,TX,48,78704,30.240859,-97.782391,R,94,6/11/2015
552806,800219346,Denton Affordable Housing II,406 Mockingbird Ln,Denton,"Dallas-Plano-Irving, TX Metropolitan Division",19124,Denton,121,TX,48,76209,33.21971,-97.096201,R,97,5/21/2015
552810,800021063,PECAN HILLS,13000 Hymeadow Dr,Austin,"Austin-Round Rock, TX Metropolitan Statistical Area",12420,Williamson,491,TX,48,78729,30.461592,-97.789306,R,85,7/21/2015
552811,800226169,CROSSROADS VILLAS,4706 Airport Ave,Rosenberg,"Houston-The Woodlands-Sugar Land, TX Metropolitan Statistical Area",26420,Fort Bend,157,TX,48,77471,29.542704,-95.778443,R,100,8/11/2015
552816,800074140,CANDLELIGHT APTS,15 E 31st St,San Angelo,"San Angelo, TX Metropolitan Statistical Area",41660,Tom Green,451,TX,48,76903,31.4916,-100.455328,R,54,7/2/2015
552819,800219936,Guadalupe I & II,7102 Guadalupe St,Austin,"Austin-Round Rock, TX Metropolitan Statistical Area",12420,Travis,453,TX,48,78752,30.336832,-97.715281,R,96,6/9/2015
552822,800225009,GRACEMONT HOUSE APARTMENTS,105 Ward Rd,Baytown,"Houston-The Woodlands-Sugar Land, TX Metropolitan Statistical Area",26420,Harris,201,TX,48,77520,29.742558,-94.963236,R,98,6/12/2015
552824,800211522,Oxford Trace,6491 Oxford Trace St,San Antonio,"San Antonio-New Braunfels, TX Metropolitan Statistical Area",41700,Bexar,029,TX,48,78240,29.526995,-98.615467,R,67,7/22/2015
552827,800222549,ACRES HOMES GARDENS APARTMENTS,1909 W Little York Rd,Houston,"Houston-The Woodlands-Sugar Land, TX Metropolitan Statistical Area",26420,Harris,201,TX,48,77091,29.863339,-95.439883,R,93,6/12/2015
552828,800074547,Rollingbrook Apartments,730 Rollingbrook St,Baytown,"Houston-The Woodlands-Sugar Land, TX Metropolitan Statistical Area",26420,Harris,201,TX,48,77521,29.761537,-94.971629,R,100,8/12/2015
552832,800221790,Benjamin Todd Apts.,1507 W 39th 1/2 St,Austin,"Austin-Round Rock, TX Metropolitan Statistical Area",12420,Travis,453,TX,48,78756,30.309219,-97.746734,R,96,7/30/2015
553435,800020713,BROWNWOOD MANOR,300 Center Ave,Brownwood,"Brownwood, TX Micropolitan Statistical Area",15220,Brown,049,TX,48,76801,31.720737,-98.981831,R,77,7/24/2015
553437,800021109,MORNING STAR APARTMENTS,1520 Barfield Rd,Wharton,"El Campo, TX Micropolitan Statistical Area",20900,Wharton,481,TX,48,77488,29.324938,-96.077817,R,98,5/19/2015
553439,800021477,VILLA FELIZ,810 8th St,Anthony,"El Paso, TX Metropolitan Statistical Area",21340,El Paso,141,TX,48,79821,31.994262,-106.598593,R,98,9/4/2015
553440,800020877,Fr. Ed Kircher Apartments,1406 Calle Del Norte,Laredo,"Laredo, TX Metropolitan Statistical Area",29700,Webb,479,TX,48,78041,27.556261,-99.481162,4,93,7/28/2015
553441,800020843,Eberthart Place,808 Eberhart Ln,Austin,"Austin-Round Rock, TX Metropolitan Statistical Area",12420,Travis,453,TX,48,78745,30.201783,-97.787926,R,92,7/28/2015
553443,800020820,CYPRESS MANOR,1512 Indian Springs Rd,Marshall,"Marshall, TX Micropolitan Statistical Area",32220,Harrison,203,TX,48,75672,32.524634,-94.329546,R,93,8/27/2015
553445,800020941,HEIGHTS HOUSE APARTMENTS,1950 Heights Blvd,Houston,"Houston-The Woodlands-Sugar Land, TX Metropolitan Statistical Area",26420,Harris,201,TX,48,77008,29.803691,-95.397638,R,85,6/3/2015
553448,800021213,PASADENA COTTAGES,2122B Wichita St,Pasadena,"Houston-The Woodlands-Sugar Land, TX Metropolitan Statistical Area",26420,Harris,201,TX,48,77502,29.680656,-95.17802,4,92,6/2/2015
553449,800021373,"St. George's Senior Housing, Inc.",1443 Coronado Hills Dr,Austin,"Austin-Round Rock, TX Metropolitan Statistical Area",12420,Travis,453,TX,48,78752,30.328011,-97.689114,R,80,6/10/2015
553450,800020846,Eden Cross Apartments,1240 Jefferson Ave,Seguin,"San Antonio-New Braunfels, TX Metropolitan Statistical Area",41700,Guadalupe,187,TX,48,78155,29.566416,-97.984975,R,94,6/25/2015
553451,800021394,SUNNYSIDE APTS,4635 Atlas Ave,El Paso,"El Paso, TX Metropolitan Statistical Area",21340,El Paso,141,TX,48,79904,31.851864,-106.435405,R,71,8/20/2015
553453,800021236,PINEHURST APARTMENTS,122 Kickapoo St,Palestine,"Palestine, TX Micropolitan Statistical Area",37300,Anderson,001,TX,48,75803,31.775014,-95.631426,R,96,8/26/2015
553455,800021050,LIGHTHOUSE LIVING CENTER II,8650 Wednesbury Ln,Houston,"Houston-The Woodlands-Sugar Land, TX Metropolitan Statistical Area",26420,Harris,201,TX,48,77074,29.686437,-95.526182,R,99,6/4/2015
553458,800021411,TARC GROUP HOME 5 APARTMENTS,802 Tovrea Rd,Alvin,"Houston-The Woodlands-Sugar Land, TX Metropolitan Statistical Area",26420,Brazoria,039,TX,48,77511,29.417427,-95.233545,R,89,7/22/2015
553459,800021486,Brentwood Oaks Christian,7925 Rockwood Ln,Austin,"Austin-Round Rock, TX Metropolitan Statistical Area",12420,Travis,453,TX,48,78757,30.361352,-97.737403,R,98,6/9/2015
553460,800021480,Villa O'Keefe,2130 S Ww White Rd,San Antonio,"San Antonio-New Braunfels, TX Metropolitan Statistical Area",41700,Bexar,029,TX,48,78222,29.392916,-98.404388,R,72,7/23/2015
553463,800020977,INDEPENDENCE MANOR I,1501 Pruitt Hill Dr,Nacogdoches,"Nacogdoches, TX Micropolitan Statistical Area",34860,Nacogdoches,347,TX,48,75961,31.607211,-94.638727,R,80,7/8/2015
553465,800020936,HARVESTWOOD APARTMENTS,4550 S Panther Creek Dr,Spring,"Houston-The Woodlands-Sugar Land, TX Metropolitan Statistical Area",26420,Montgomery,339,TX,48,77381,30.163453,-95.506107,R,99,6/5/2015
553466,800020893,FRIENDSHIP TOWER,3033 S Cockrell Hill Rd,Dallas,"Dallas-Plano-Irving, TX Metropolitan Division",19124,Dallas,113,TX,48,75236,32.707026,-96.891719,R,98,5/28/2015
553468,800020945,HERITAGE CENTER OF ORANGE,100 College St,Orange,"Beaumont-Port Arthur, TX Metropolitan Statistical Area",13140,Orange,361,TX,48,77630,30.090069,-93.73866,R,70,8/21/2015
553469,800020695,"BETHESDA MANOR , INC.",1407 Wayland St,Plainview,"Plainview, TX Micropolitan Statistical Area",38380,Hale,189,TX,48,79072,34.196181,-101.731886,R,86,7/31/2015
553470,800020771,Christian Village Apartments,5800 Wurzbach Rd,San Antonio,"San Antonio-New Braunfels, TX Metropolitan Statistical Area",41700,Bexar,029,TX,48,78238,29.486369,-98.603194,R,97,7/2/2015
553475,800021500,CHUPIK HOUSE,2808 Chupik St,Rosenberg,"Houston-The Woodlands-Sugar Land, TX Metropolitan Statistical Area",26420,Fort Bend,157,TX,48,77471,29.538093,-95.803731,R,95,5/21/2015
553478,800021469,Bretton Village,1503 Victoria Station Dr,Victoria,"Victoria, TX Metropolitan Statistical Area",47020,Victoria,469,TX,48,77901,28.834845,-96.990528,R,98,7/9/2015
553479,800020731,Casa De Amigos II,1100 E Dallas Ave,McAllen,"McAllen-Edinburg-Mission, TX Metropolitan Statistical Area",32580,Hidalgo,215,TX,48,78501,26.196323,-98.209857,R,94,9/25/2015
553481,800021097,"MID-TULE VILLAGE, INC.",321 SE 7th St,Tulia,,99999,Swisher,437,TX,48,79088,34.529576,-101.76137,R,92,8/4/2015
553630,800224296,Amelia Parc Senior Apts,6100 E Loop 820 S,Fort Worth,"Fort Worth-Arlington, TX Metropolitan Division",23104,Tarrant,439,TX,48,76119,32.670523,-97.241322,R,99,8/28/2015
553632,800020815,CROSBY PLAZA,6616 Fm 2100 Rd,Crosby,"Houston-The Woodlands-Sugar Land, TX Metropolitan Statistical Area",26420,Harris,201,TX,48,77532,29.9174,-95.0808,B,99,7/10/2015
553633,800021266,PRINCE HALL VILLAGE,934 W 14th St,Port Arthur,"Beaumont-Port Arthur, TX Metropolitan Statistical Area",13140,Jefferson,245,TX,48,77640,29.868479,-93.954008,R,92,7/23/2015
553727,800021559,WOODSTOCK SQUARE APTS,528 N Main St,Joshua,"Fort Worth-Arlington, TX Metropolitan Division",23104,Johnson,251,TX,48,76058,32.46427,-97.388361,R,86,8/17/2015
553875,800221425,"EVANGELINE BOOTH FRIENDSHIP HOUSE, INC.",1901 E Seminary Dr,Fort Worth,"Fort Worth-Arlington, TX Metropolitan Division",23104,Tarrant,439,TX,48,76119,32.684762,-97.303543,R,40,6/10/2015
554093,800112321,COMMUNITY OPTIONS CARROLLTON,3702 Fairfield Dr,Carrollton,"Dallas-Plano-Irving, TX Metropolitan Division",19124,Denton,121,TX,48,75007,33.011775,-96.898888,R,67,12/16/2015
556527,800217748,PIONEER PLACE SENIOR HOUSING,,PLANO,"Dallas-Plano-Irving, TX Metropolitan Division",19124,Collin,085,TX,48,75074,33.027313,-96.699075,4,90,9/24/2015
556529,800020685,BELAIRE MANOR OF LONGVIEW,1501 E Young St,Longview,"Longview, TX Metropolitan Statistical Area",30980,Gregg,183,TX,48,75602,32.484748,-94.709608,R,87,10/30/2015
556532,800021450,ROSE VALLEY,1007 N Northwest Loop 323,Tyler,"Tyler, TX Metropolitan Statistical Area",46340,Smith,423,TX,48,75702,32.363174,-95.343171,R,80,9/30/2015
556534,800215159,PEACEFUL HAVEN,1501 Lakeview St,Lufkin,"Lufkin, TX Micropolitan Statistical Area",31260,Angelina,005,TX,48,75904,31.355376,-94.730657,R,88,10/7/2015
556537,800073944,PLANO COMMUNITY HOME PHASE V,3915 American Dr,Plano,"Dallas-Plano-Irving, TX Metropolitan Division",19124,Collin,085,TX,48,75075,33.024527,-96.768051,R,96,9/29/2015
556538,800021127,NORMANDALE PLACE APARTMENTS,8713 S Normandale St,Fort Worth,"Fort Worth-Arlington, TX Metropolitan Division",23104,Tarrant,439,TX,48,76116,32.728938,-97.468412,R,88,10/7/2015
556539,800021062,LONGVIEW SQUARE APTS.,1600 Pine Tree Rd,Longview,"Longview, TX Metropolitan Statistical Area",30980,Gregg,183,TX,48,75604,32.522643,-94.802992,R,88,8/25/2015
556542,800021421,GRAND MANOR APTS,2700 N Grand Ave,Tyler,"Tyler, TX Metropolitan Statistical Area",46340,Smith,423,TX,48,75702,32.377105,-95.311113,R,94,9/22/2015
556543,800020807,COVE VILLAGE APTS,1102 Golf Course Rd,Copperas Cove,"Killeen-Temple, TX Metropolitan Statistical Area",28660,Coryell,099,TX,48,76522,31.126422,-97.88802,R,96,8/24/2015
556545,800021239,PINEWOOD PARK,120 Kirksey Dr,Lufkin,"Lufkin, TX Micropolitan Statistical Area",31260,Angelina,005,TX,48,75904,31.361493,-94.722811,R,67,10/9/2015
556546,800217689,EASTPOINTE STATION,2750 Broadway Blvd,Garland,"Dallas-Plano-Irving, TX Metropolitan Division",19124,Dallas,113,TX,48,75041,32.883688,-96.62661,R,86,9/14/2015
556547,800021183,PLANO COMMUNITY HOME IV,3925 American Dr,Plano,"Dallas-Plano-Irving, TX Metropolitan Division",19124,Collin,085,TX,48,75075,33.024541,-96.76822,R,96,9/29/2015
556548,800021335,SHADY OAKS MANOR,6148 San Villa Dr,Fort Worth,"Fort Worth-Arlington, TX Metropolitan Division",23104,Tarrant,439,TX,48,76135,32.804247,-97.416402,R,77,9/9/2015
556549,800024181,OLE TOWN APTS,501 N Ferris St,Jefferson,,99999,Marion,315,TX,48,75657,32.765082,-94.358753,R,72,10/1/2015
556552,800021431,WEST HYLANDS,737 W College St,Athens,"Athens, TX Micropolitan Statistical Area",11980,Henderson,213,TX,48,75751,32.200443,-95.872494,R,90,9/28/2015
556553,800021291,RIVER PARK VILLAGE EAST,1309 Central Texas Expy,Lampasas,"Killeen-Temple, TX Metropolitan Statistical Area",28660,Lampasas,281,TX,48,76550,31.060837,-98.166308,R,99,8/26/2015
556554,800217682,"Garland VOA Elderly Housing, Inc",750 Castleglen Dr,Garland,"Dallas-Plano-Irving, TX Metropolitan Division",19124,Dallas,113,TX,48,75043,32.84552,-96.592052,R,95,8/26/2015
556556,800021145,NORTHWAY LANDING/VOA,5301 Northway Dr,Nacogdoches,"Nacogdoches, TX Micropolitan Statistical Area",34860,Nacogdoches,347,TX,48,75965,31.654999,-94.646656,R,96,10/7/2015
556558,800021341,SHILOH VILLAGE APTS.,8702 Shiloh Rd,Dallas,"Dallas-Plano-Irving, TX Metropolitan Division",19124,Dallas,113,TX,48,75228,32.810703,-96.668255,R,84,10/8/2015
556559,800021233,PINE HAVEN APTS,2500 E End Blvd S,Marshall,"Marshall, TX Micropolitan Statistical Area",32220,Harrison,203,TX,48,75672,32.52296,-94.352146,R,84,10/6/2015
556561,800020826,PLAZA DEL SOL,4375 Oak Grove Blvd,San Angelo,"San Angelo, TX Metropolitan Statistical Area",41660,Tom Green,451,TX,48,76904,31.423169,-100.5004,R,82,10/20/2015
556563,800020783,HILLSIDE APTS. II,605 W 2nd St,Coleman,,99999,Coleman,083,TX,48,76834,31.823484,-99.428337,R,66,8/5/2015
556564,800226148,PIONEER PLACE SENIOR HOUSING 2,,PLANO,"Dallas-Plano-Irving, TX Metropolitan Division",19124,Collin,085,TX,48,75074,33.027245,-96.699075,4,91,9/24/2015
556565,800021262,GARDENS AT COBB PARK,1832 E Robert St,Fort Worth,"Fort Worth-Arlington, TX Metropolitan Division",23104,Tarrant,439,TX,48,76104,32.716695,-97.298724,R,86,9/10/2015
556567,800226012,"Catherine Booth Gardens of Tyler, Texas",602 Golden Rd,Tyler,"Tyler, TX Metropolitan Statistical Area",46340,Smith,423,TX,48,75701,32.344234,-95.272565,R,90,10/1/2015
556568,800021117,NEW BOSTON HOUSING AUTHORITY,303 Rice St,New Boston,"Texarkana, TX-AR Metropolitan Statistical Area",45500,Bowie,037,TX,48,75570,33.461542,-94.414073,R,93,10/5/2015
556569,800021504,WASHINGTON COURT/WALNUT LANE,715 E California St,Gainesville,"Gainesville, TX Micropolitan Statistical Area",23620,Cooke,097,TX,48,76240,33.624454,-97.139432,R,59,9/15/2015
556570,800020792,COOLWOOD OAKS I,777 Coolwood Dr,Houston,"Houston-The Woodlands-Sugar Land, TX Metropolitan Statistical Area",26420,Harris,201,TX,48,77013,29.776954,-95.224054,R,91,9/30/2015
556571,800021128,NORTH MACGREGOR ARMS APARTMENTS,3533 N Macgregor Way,Houston,"Houston-The Woodlands-Sugar Land, TX Metropolitan Statistical Area",26420,Harris,201,TX,48,77004,29.710746,-95.360712,R,82,8/17/2015
556572,800020782,HILLSIDE APARTMENTS I,605 W 2nd St,Coleman,,99999,Coleman,083,TX,48,76834,31.823484,-99.428337,R,89,8/7/2015
556573,800020637,ACADEMY APTS,1905 E Murchison St,Palestine,"Palestine, TX Micropolitan Statistical Area",37300,Anderson,001,TX,48,75801,31.767909,-95.607267,R,91,9/21/2015
556574,800020971,HUDMAN ADDITION,100 Hudman Dr,Livingston,,99999,Polk,373,TX,48,77351,30.720928,-94.929344,R,95,9/10/2015
556575,800021419,TELEPHONE ROAD APARTMENTS,6000 Telephone Rd,Houston,"Houston-The Woodlands-Sugar Land, TX Metropolitan Statistical Area",26420,Harris,201,TX,48,77087,29.678978,-95.292552,R,98,9/17/2015
556576,800024188,VILLAS ON THE HILL,4744 Horne St,Fort Worth,"Fort Worth-Arlington, TX Metropolitan Division",23104,Tarrant,439,TX,48,76107,32.714306,-97.408358,R,93,10/13/2015
556577,800020982,INDEPENDENT MISSIONARY VILLAGE,6607 Prino Rd,Hitchcock,"Houston-The Woodlands-Sugar Land, TX Metropolitan Statistical Area",26420,Galveston,167,TX,48,77563,29.347818,-95.005457,R,61,11/4/2015
556579,800020966,HOLLY CREEK APTS. I,333 Holly Creek Ct,The Woodlands,"Houston-The Woodlands-Sugar Land, TX Metropolitan Statistical Area",26420,Montgomery,339,TX,48,77381,30.1655,-95.500571,R,91,10/20/2015
556580,800020942,HEIGHTS MANOR,1127 Herkimer St,Houston,"Houston-The Woodlands-Sugar Land, TX Metropolitan Statistical Area",26420,Harris,201,TX,48,77008,29.791047,-95.406371,R,68,8/4/2015
556581,800217885,NORTHVALE APARTMENTS,14422 Cornerstone Village Dr,Houston,"Houston-The Woodlands-Sugar Land, TX Metropolitan Statistical Area",26420,Harris,201,TX,48,77014,29.990121,-95.485456,R,55,8/6/2015
556582,800021042,Leatherwood Terrace Apartments,105 Ellen May Rd,Yoakum,,99999,Dewitt,123,TX,48,77995,29.300107,-97.158902,R,67,8/18/2015
556583,800074101,"PLAZA DEL SOL, PHASE II",4359 Oak Grove Blvd,San Angelo,"San Angelo, TX Metropolitan Statistical Area",41660,Tom Green,451,TX,48,76904,31.423651,-100.500388,R,85,10/19/2015
556584,800021406,TALL TIMBERS APARTMENTS,1101 S 7th St,Conroe,"Houston-The Woodlands-Sugar Land, TX Metropolitan Statistical Area",26420,Montgomery,339,TX,48,77301,30.301584,-95.441812,R,96,9/18/2015
556585,800020794,COPPERWOOD I,4407 S Panther Creek Dr,Spring,"Houston-The Woodlands-Sugar Land, TX Metropolitan Statistical Area",26420,Montgomery,339,TX,48,77381,30.162522,-95.507327,R,99,10/22/2015
556586,800021392,SUNLIGHT MANOR APARTMENTS,2950 S 8th St,Beaumont,"Beaumont-Port Arthur, TX Metropolitan Statistical Area",13140,Jefferson,245,TX,48,77701,30.05778,-94.124847,R,90,9/28/2015
556588,800218073,Oak Knoll Villas,4438 Callaghan Rd,San Antonio,"San Antonio-New Braunfels, TX Metropolitan Statistical Area",41700,Bexar,029,TX,48,78228,29.468921,-98.602334,R,96,9/21/2015
556589,800020973,Hyatt Manor I,1701 Waco St,Gonzales,,99999,Gonzales,177,TX,48,78629,29.515464,-97.440375,R,99,9/18/2015
556590,800021471,VILLA AMERICANA,5901 Selinsky Rd,Houston,"Houston-The Woodlands-Sugar Land, TX Metropolitan Statistical Area",26420,Harris,201,TX,48,77048,29.637715,-95.327713,R,75,10/26/2015
556591,800021535,WILLIAM BOOTH GARDEN APARTMENTS,808 Frawley St,Houston,"Houston-The Woodlands-Sugar Land, TX Metropolitan Statistical Area",26420,Harris,201,TX,48,77009,29.801529,-95.360669,R,59,7/28/2015
556592,800021508,Walnut Creek,6409 Springdale Rd,Austin,"Austin-Round Rock, TX Metropolitan Statistical Area",12420,Travis,453,TX,48,78723,30.306702,-97.669616,R,86,10/15/2015
556593,800079040,EL AZTECA HOUSING DEVELOPMENT,200 Zaragoza St,Laredo,"Laredo, TX Metropolitan Statistical Area",29700,Webb,479,TX,48,78040,27.502254,-99.498003,R,75,10/28/2015
556594,800226078,Casitas de Villa Corona,339 SW 39th St,San Antonio,"San Antonio-New Braunfels, TX Metropolitan Statistical Area",41700,Bexar,029,TX,48,78237,29.426539,-98.579428,R,78,8/27/2015
556595,800020705,BRENHAM HSG.COMPLEX,600 Pleasantview Ave,Brenham,"Brenham, TX Micropolitan Statistical Area",14780,Washington,477,TX,48,77833,30.170152,-96.40627,R,81,9/15/2015
556596,800046872,Travis Park,1110 E Oltorf St,Austin,"Austin-Round Rock, TX Metropolitan Statistical Area",12420,Travis,453,TX,48,78704,30.235272,-97.74449,R,87,10/30/2015
556597,800021259,PRAIRIE VILLAGE,1915 N Wharton St,El Campo,"El Campo, TX Micropolitan Statistical Area",20900,Wharton,481,TX,48,77437,29.214233,-96.281699,R,95,11/3/2015
556598,800021199,PARK PLACE APARTMENTS,100 Campbell St,Cleveland,"Houston-The Woodlands-Sugar Land, TX Metropolitan Statistical Area",26420,Liberty,291,TX,48,77327,30.346322,-95.074352,R,98,9/18/2015
556599,800020795,COPPERWOOD II,4407 S Panther Creek Dr,The Woodlands,"Houston-The Woodlands-Sugar Land, TX Metropolitan Statistical Area",26420,Montgomery,339,TX,48,77381,30.162522,-95.507327,R,99,10/22/2015
556601,800221647,LAS VILLAS DE MAGNOLIA,7123 Harrisburg Blvd,Houston,"Houston-The Woodlands-Sugar Land, TX Metropolitan Statistical Area",26420,Harris,201,TX,48,77011,29.734973,-95.299471,R,94,8/14/2015
556602,800020641,Alamo Apartments,,FLORESVILLE,"San Antonio-New Braunfels, TX Metropolitan Statistical Area",41700,Wilson,493,TX,48,78114,29.1426,-98.1812,T,94,10/9/2015
556604,800021458,The Heights on Congress/115-N1001,2707 S Congress Ave,Austin,"Austin-Round Rock, TX Metropolitan Statistical Area",12420,Travis,453,TX,48,78704,30.235628,-97.756038,R,88,10/16/2015
556605,800021521,BROOKS MANOR,444 Jefferson St,West Columbia,"Houston-The Woodlands-Sugar Land, TX Metropolitan Statistical Area",26420,Brazoria,039,TX,48,77486,29.145778,-95.642236,R,90,9/25/2015
556606,800021317,Salem Village,5201 John Stockbauer Dr,Victoria,"Victoria, TX Metropolitan Statistical Area",47020,Victoria,469,TX,48,77904,28.822216,-96.950284,R,93,10/19/2015
556607,800219756,TANGLE BRUSH VILLA,3300 Tangle Brush Dr,The Woodlands,"Houston-The Woodlands-Sugar Land, TX Metropolitan Statistical Area",26420,Montgomery,339,TX,48,77381,30.151085,-95.49463,R,96,8/5/2015
556608,800219902,Huebner Creek Villas II,8503 Huebner Rd,San Antonio,"San Antonio-New Braunfels, TX Metropolitan Statistical Area",41700,Bexar,029,TX,48,78240,29.517217,-98.606564,R,99,9/4/2015
556609,800219754,AHEPA 29 IV,,HOUSTON,"Houston-The Woodlands-Sugar Land, TX Metropolitan Statistical Area",26420,Harris,201,TX,48,77083,29.695,-95.6516,T,100,8/13/2015
556610,800020669,AZALEA TERRACE,121 Peach Ave,Cleveland,"Houston-The Woodlands-Sugar Land, TX Metropolitan Statistical Area",26420,Liberty,291,TX,48,77327,30.341823,-95.077668,R,99,9/17/2015
556611,800021187,PAM APARTMENTS,1200 N Wells St,Pampa,"Pampa, TX Micropolitan Statistical Area",37420,Gray,179,TX,48,79065,35.545694,-100.977512,R,95,10/23/2015
556613,800221774,VILLA DE REPOSO,201 W Nopal St,Carrizo Springs,,99999,Dimmit,127,TX,48,78834,28.523438,-99.857572,R,88,10/29/2015
556614,800021241,"PLAINS VILLAGE, LTD.",2601 Joliet St,Plainview,"Plainview, TX Micropolitan Statistical Area",38380,Hale,189,TX,48,79072,34.207099,-101.716379,R,92,10/22/2015
556615,800021046,LEXINGTON SQUARE APARTMENTS,1324 Hospital Dr,Angleton,"Houston-The Woodlands-Sugar Land, TX Metropolitan Statistical Area",26420,Brazoria,039,TX,48,77515,29.184909,-95.412615,R,94,9/21/2015
556617,800020805,COUNTRYSIDE VILLAGE APARTMENT HOMES,615 Wilson Rd,Humble,"Houston-The Woodlands-Sugar Land, TX Metropolitan Statistical Area",26420,Harris,201,TX,48,77338,29.990907,-95.249616,R,90,11/2/2015
556620,800020928,Hallettsville Village,103 Village Dr,Hallettsville,,99999,Lavaca,285,TX,48,77964,29.446574,-96.949119,R,100,9/22/2015
556621,800021549,WOOD GLEN APARTMENTS,3451 Tangle Brush Dr,The Woodlands,"Houston-The Woodlands-Sugar Land, TX Metropolitan Statistical Area",26420,Montgomery,339,TX,48,77381,30.150278,-95.49542,R,85,10/21/2015
556622,800020706,Brian Place Apartments,231 Stagecoach Dr,Hondo,"San Antonio-New Braunfels, TX Metropolitan Statistical Area",41700,Medina,325,TX,48,78861,29.3282,-99.1249,B,89,11/3/2015
556623,800215314,Newell Retirement,6918 E Sunbelt Dr,San Antonio,"San Antonio-New Braunfels, TX Metropolitan Statistical Area",41700,Bexar,029,TX,48,78218,29.492349,-98.427425,R,72,9/9/2015
556624,800020758,CENTRAL VILLAGE APARTMENTS,910 W 28th St,Plainview,"Plainview, TX Micropolitan Statistical Area",38380,Hale,189,TX,48,79072,34.208895,-101.714336,R,85,10/21/2015
556626,800219904,Mary Lee Flagship,1312 Lamar Square Dr,Austin,"Austin-Round Rock, TX Metropolitan Statistical Area",12420,Travis,453,TX,48,78704,30.254716,-97.763157,R,59,9/17/2015
556629,800021157,Oak Grove I,1910 Wilson St,Bastrop,"Austin-Round Rock, TX Metropolitan Statistical Area",12420,Bastrop,021,TX,48,78602,30.121949,-97.322963,R,90,8/3/2015
556630,800021349,SOCORRO VILLAGE,148 Buford Rd,Socorro,"El Paso, TX Metropolitan Statistical Area",21340,El Paso,141,TX,48,79927,31.650466,-106.289315,R,94,8/21/2015
556633,800021011,Klesel Street Apartments,702 Baumgarten St,Schulenburg,,99999,Fayette,149,TX,48,78956,29.676587,-96.907842,R,85,8/3/2015
556634,800021548,WINWOOD OF AMARILLO,4421 Ridgecrest Cir,Amarillo,"Amarillo, TX Metropolitan Statistical Area",11100,Randall,381,TX,48,79109,35.164074,-101.890364,R,99,9/1/2015
556644,800021355,SOUTH PLAINS APTS,5520 58th St,Lubbock,"Lubbock, TX Metropolitan Statistical Area",31180,Lubbock,303,TX,48,79414,33.541407,-101.931153,R,92,9/2/2015
557831,800226628,Magoffin Park Villas,900 Myrtle Ave,El Paso,"El Paso, TX Metropolitan Statistical Area",21340,El Paso,141,TX,48,79901,31.761796,-106.48048,R,87,9/10/2015
559332,800078055,GOLDEN TERRACE IV,1911 Martha Ann Blvd,Snyder,"Snyder, TX Micropolitan Statistical Area",43660,Scurry,415,TX,48,79549,32.686488,-100.918818,R,99,11/16/2015
559340,800021434,Sunset Place Apartments,100 Sunset St,Malakoff,"Athens, TX Micropolitan Statistical Area",11980,Henderson,213,TX,48,75148,32.1744,-96.016299,R,67,1/14/2016
559341,800046507,SOUTH LAKE VILLAS,12355 Tidwell Rd,Houston,"Houston-The Woodlands-Sugar Land, TX Metropolitan Statistical Area",26420,Harris,201,TX,48,77044,29.85039,-95.214985,R,89,11/10/2015
559343,800021238,HOPE VILLAGE dba PINEVIEW APARTMENTS,700 Pollard St,Jasper,,99999,Jasper,241,TX,48,75951,30.914826,-93.992997,R,64,12/4/2015
559345,800211549,WEST OAKS TERRACE II,15025 Caseta Dr,Houston,"Houston-The Woodlands-Sugar Land, TX Metropolitan Statistical Area",26420,Harris,201,TX,48,77082,29.728879,-95.654257,R,88,11/23/2015
559347,800020907,GOLDEN HAVEN APTS,505 N 2nd St,Temple,"Killeen-Temple, TX Metropolitan Statistical Area",28660,Bell,027,TX,48,76501,31.101316,-97.338188,R,97,11/4/2015
559348,800020755,CEDARWOOD APARTMENTS,2201 Bobby K Marks Dr,Huntsville,"Huntsville, TX Micropolitan Statistical Area",26660,Walker,471,TX,48,77340,30.708923,-95.545563,R,72,11/2/2015
559349,800021479,VILLA MAIN APARTMENTS,901 Main Ave,Port Arthur,"Beaumont-Port Arthur, TX Metropolitan Statistical Area",13140,Jefferson,245,TX,48,77642,29.924961,-93.891941,R,90,12/2/2015
559351,800217580,Faith Village,1580 Greensmark Dr,Houston,"Houston-The Woodlands-Sugar Land, TX Metropolitan Statistical Area",26420,Harris,201,TX,48,77067,29.942735,-95.447225,R,92,10/26/2015
559353,800214012,Pan American League Homes,143 NW 36th St,San Antonio,"San Antonio-New Braunfels, TX Metropolitan Statistical Area",41700,Bexar,029,TX,48,78237,29.433847,-98.571806,R,66,11/30/2015
559354,800214914,CATHERINE BOOTH FRIENDSHIP HOUSE RESIDENCE,1901 E Seminary Dr,Fort Worth,"Fort Worth-Arlington, TX Metropolitan Division",23104,Tarrant,439,TX,48,76119,32.684762,-97.303543,R,93,11/12/2015
559356,800021070,Lulac Hacienda Apartments,2625 Greenwood Dr,Corpus Christi,"Corpus Christi, TX Metropolitan Statistical Area",18580,Nueces,355,TX,48,78405,27.776071,-97.421273,R,80,12/18/2015
559357,800020871,EXCHANGE SUNSHINE HOME,1103 Leonhard St,Copperas Cove,"Killeen-Temple, TX Metropolitan Statistical Area",28660,Coryell,099,TX,48,76522,31.113333,-97.900625,R,74,11/6/2015
559359,800074389,SENIOR CITIZENS Y-HOUSE OF BEAUMONT,930 Calder St,Beaumont,"Beaumont-Port Arthur, TX Metropolitan Statistical Area",13140,Jefferson,245,TX,48,77701,30.086286,-94.102982,R,98,12/4/2015
559360,800219380,CLIFF VIEW VILLAGE THREE,2628 Simpson Stuart Rd,Dallas,"Dallas-Plano-Irving, TX Metropolitan Division",19124,Dallas,113,TX,48,75241,32.664527,-96.779127,R,96,10/14/2015
559361,800223013,AHEPA/ DOP 54  INC.,8100 Creekbend Dr,Houston,"Houston-The Woodlands-Sugar Land, TX Metropolitan Statistical Area",26420,Harris,201,TX,48,77071,29.665659,-95.520731,R,99,10/28/2015
559362,800074773,Casa De Esperanza,8886 Abe Lincoln,San Antonio,"San Antonio-New Braunfels, TX Metropolitan Statistical Area",41700,Bexar,029,TX,48,78240,29.525041,-98.617193,R,83,12/17/2015
559363,800021520,West Avenue Apartments,3437 West Ave,San Antonio,"San Antonio-New Braunfels, TX Metropolitan Statistical Area",41700,Bexar,029,TX,48,78213,29.493358,-98.526163,R,84,11/6/2015
559367,800225883,FULTON GARDENS,3724 Fulton St,Houston,"Houston-The Woodlands-Sugar Land, TX Metropolitan Statistical Area",26420,Harris,201,TX,48,77009,29.794173,-95.364061,R,91,10/27/2015
559368,800020878,FAWN RIDGE APTS.,12420 Sawmill Rd,The Woodlands,"Houston-The Woodlands-Sugar Land, TX Metropolitan Statistical Area",26420,Montgomery,339,TX,48,77380,30.127506,-95.465992,R,88,11/5/2015
559369,800021410,Tanis Valdez Village,300 Allende St,Laredo,"Laredo, TX Metropolitan Statistical Area",29700,Webb,479,TX,48,78041,27.538072,-99.49348,R,86,11/13/2015
559370,800020984,INEZ TIMS,800 N Chestnut St,Lufkin,"Lufkin, TX Micropolitan Statistical Area",31260,Angelina,005,TX,48,75901,31.344127,-94.722716,R,95,12/9/2015
559371,800021138,NORTHLINE POINT,7313 Northline Dr,Houston,"Houston-The Woodlands-Sugar Land, TX Metropolitan Statistical Area",26420,Harris,201,TX,48,77076,29.867991,-95.397998,R,45,11/4/2015
559373,800232530,Edwards Association Senior Housing,1600 Robertson St,Gonzales,,99999,Gonzales,177,TX,48,78629,29.516516,-97.442077,R,97,11/24/2015
559374,800021369,Springhill II,4830 Ray Bon Dr,San Antonio,"San Antonio-New Braunfels, TX Metropolitan Statistical Area",41700,Bexar,029,TX,48,78218,29.491302,-98.386031,R,74,11/13/2015
559376,800021484,RESIDENCES AT BUTTERCUP,3828 Stalcup Rd,Fort Worth,"Fort Worth-Arlington, TX Metropolitan Division",23104,Tarrant,439,TX,48,76119,32.707832,-97.238117,R,79,11/19/2015
559377,800021237,PINES OF WOODFOREST APARTMENTS,90 Uvalde Rd,Houston,"Houston-The Woodlands-Sugar Land, TX Metropolitan Statistical Area",26420,Harris,201,TX,48,77015,29.802864,-95.182604,R,62,11/9/2015
559379,800020812,Crestview Apartments,PO Box 1299,Poteet,"San Antonio-New Braunfels, TX Metropolitan Statistical Area",41700,Atascosa,013,TX,48,78065,29.0694,-98.6453,B,90,11/17/2015
559380,800021155,OAK BLUFF VILLAGE,1513 Montezuma St,Columbus,,99999,Colorado,089,TX,48,78934,29.698826,-96.5603,R,91,11/16/2015
559381,800020832,DYERSDALE VILLAGE APARTMENTS,9700 Mesa Dr,Houston,"Houston-The Woodlands-Sugar Land, TX Metropolitan Statistical Area",26420,Harris,201,TX,48,77078,29.853677,-95.262119,R,48,11/3/2015
559383,800021293,Rivercrest Apartments,1102 Avenue K,Marble Falls,,99999,Burnet,053,TX,48,78654,30.580098,-98.274767,R,89,11/12/2015
559385,800232450,COURTYARD AT KING'S DOMINION,910 Martin Luther King Blvd,Lubbock,"Lubbock, TX Metropolitan Statistical Area",31180,Lubbock,303,TX,48,79403,33.587041,-101.818567,R,99,11/17/2015
559386,800021453,Union Park Apartments,4622 S Hackberry,San Antonio,"San Antonio-New Braunfels, TX Metropolitan Statistical Area",41700,Bexar,029,TX,48,78223,29.376866,-98.473217,R,84,11/20/2015
559387,800211487,"COMMUNITY OPTIONS EL PASO III, INC.",11245 Ivanhoe Dr,El Paso,"El Paso, TX Metropolitan Statistical Area",21340,El Paso,141,TX,48,79936,31.78732,-106.306993,R,89,11/23/2015
559388,800021540,WILLOW SPRINGS,4433 5th St,Brookshire,"Houston-The Woodlands-Sugar Land, TX Metropolitan Statistical Area",26420,Waller,473,TX,48,77423,29.785094,-95.956963,R,72,12/1/2015
559389,800020847,Eden Heights,627 Lakeview Blvd,New Braunfels,"San Antonio-New Braunfels, TX Metropolitan Statistical Area",41700,Comal,091,TX,48,78130,29.723234,-98.128488,R,82,11/18/2015
559392,800021130,The Palms at Leopard,2725 Leopard St,Corpus Christi,"Corpus Christi, TX Metropolitan Statistical Area",18580,Nueces,355,TX,48,78408,27.796526,-97.420479,R,92,12/2/2015
559393,800210982,Springdale Gardens,,AUSTIN,"Austin-Round Rock, TX Metropolitan Statistical Area",12420,Travis,453,TX,48,78721,30.273522,-97.69288,R,84,11/9/2015
559395,800021474,Villa De Valencia,13656 Oconnor Rd,San Antonio,"San Antonio-New Braunfels, TX Metropolitan Statistical Area",41700,Bexar,029,TX,48,78233,29.5652,-98.383182,R,84,11/16/2015
559396,800020950,HIGH PLAINS-LUBBOCK,1607 Iola Ave,Lubbock,"Lubbock, TX Metropolitan Statistical Area",31180,Lubbock,303,TX,48,79416,33.580666,-101.948266,R,78,11/18/2015
559400,800221606,BIVINS VILLAGE PHASE II,3201 Tee Anchor Blvd,Amarillo,"Amarillo, TX Metropolitan Statistical Area",11100,Potter,375,TX,48,79104,35.195776,-101.802852,R,98,11/19/2015
559406,800225996,EL PASO GOOD SAMARITAN HOUSING,7740 Lilac Way,El Paso,"El Paso, TX Metropolitan Statistical Area",21340,El Paso,141,TX,48,79915,31.739533,-106.350791,R,89,11/23/2015
559415,800020788,COLUMBIA APARTMENTS,7900 Knights Dr,El Paso,"El Paso, TX Metropolitan Statistical Area",21340,El Paso,141,TX,48,79915,31.726311,-106.37326,R,89,11/24/2015
559426,800213069,MISSIONS SENIOR COMMUNITY,561 Three Missions Dr,El Paso,"El Paso, TX Metropolitan Statistical Area",21340,El Paso,141,TX,48,79927,31.656282,-106.272963,R,96,11/25/2015
560304,800209962,MAGNOLIA CREEK APARTMENTS,799 Normandy St,Houston,"Houston-The Woodlands-Sugar Land, TX Metropolitan Statistical Area",26420,Harris,201,TX,48,77015,29.781039,-95.205286,R,86,2/17/2016
560315,800020655,ANNA DUPREE APARTMENTS,10012 Cullen Blvd,Houston,"Houston-The Woodlands-Sugar Land, TX Metropolitan Statistical Area",26420,Harris,201,TX,48,77051,29.651398,-95.356023,R,69,2/24/2016
560330,800046791,Riverside Ranch Apartments,1805 Aquarena Springs Dr,San Marcos,"Austin-Round Rock, TX Metropolitan Statistical Area",12420,Hays,209,TX,48,78666,29.891427,-97.907953,R,83,4/11/2016
560334,800215855,NORTHBROOKE APARTMENTS,17111 Hafer Rd,Houston,"Houston-The Woodlands-Sugar Land, TX Metropolitan Statistical Area",26420,Harris,201,TX,48,77090,30.013848,-95.436297,R,72,4/26/2016
560390,800220487,Elmhurst Place Apartments,130 Elmhurst Ave,San Antonio,"San Antonio-New Braunfels, TX Metropolitan Statistical Area",41700,Bexar,029,TX,48,78209,29.459249,-98.466953,R,97,1/15/2016
560400,800021252,Poesta Creek,1301 S Tyler St,Beeville,"Beeville, TX Micropolitan Statistical Area",13300,Bee,025,TX,48,78102,28.393185,-97.735512,R,74,1/7/2016
560410,800218903,Providence Estates,6298 Lockhill Rd,San Antonio,"San Antonio-New Braunfels, TX Metropolitan Statistical Area",41700,Bexar,029,TX,48,78240,29.540517,-98.611357,R,67,1/8/2016
560413,800020935,Harrison Manor,601 S 17th St,Harlingen,"Brownsville-Harlingen, TX Metropolitan Statistical Area",15180,Cameron,061,TX,48,78550,26.187905,-97.677769,R,89,1/6/2016
560433,800220641,PARAMOUNT TERRACE,4210 Paramount Blvd,Amarillo,"Amarillo, TX Metropolitan Statistical Area",11100,Randall,381,TX,48,79109,35.165381,-101.884706,R,81,4/19/2016
560551,800233892,CANYONS RETIREMENT COMMUNITY,2200 SW 7th Ave,Amarillo,"Amarillo, TX Metropolitan Statistical Area",11100,Potter,375,TX,48,79106,35.209975,-101.860879,R,46,3/14/2016
560597,800220333,Bentley Place Apartments,8004 Bentley Dr,San Antonio,"San Antonio-New Braunfels, TX Metropolitan Statistical Area",41700,Bexar,029,TX,48,78218,29.509053,-98.377413,R,95,2/19/2016
560602,800224758,Limestone Canyon Apartments,12118 Walnut Park Xing,Austin,"Austin-Round Rock, TX Metropolitan Statistical Area",12420,Travis,453,TX,48,78753,30.392644,-97.675784,R,86,4/15/2016
560623,800237160,THE RESORT TOWNHOMES,4930 Sugar Grove Blvd,Stafford,"Houston-The Woodlands-Sugar Land, TX Metropolitan Statistical Area",26420,Fort Bend,157,TX,48,77477,29.643987,-95.588354,R,67,5/31/2016
560635,800212289,Parkside Crossing Apts,3400 Shoreline Dr,Austin,"Austin-Round Rock, TX Metropolitan Statistical Area",12420,Travis,453,TX,48,78728,30.455159,-97.685358,R,95,2/26/2016
560687,800021023,Lakeview Place,8950 Hammerly Blvd,Houston,"Houston-The Woodlands-Sugar Land, TX Metropolitan Statistical Area",26420,Harris,201,TX,48,77080,29.811127,-95.512947,R,94,2/18/2016
560704,800234025,THE RESIDENCE at EAGLE PASS II,3477 Bob Rogers Dr,Eagle Pass,"Eagle Pass, TX Micropolitan Statistical Area",20580,Maverick,323,TX,48,78852,28.71559,-100.455582,R,81,1/27/2016
561487,800021304,ROXTON ARMS APTS.,,ROXTON,"Paris, TX Micropolitan Statistical Area",37580,Lamar,277,TX,48,75477,33.5233,-95.6607,T,96,3/17/2016
561506,800021432,THE WILLOWS,7924 Willowood Ln,Port Arthur,"Beaumont-Port Arthur, TX Metropolitan Statistical Area",13140,Jefferson,245,TX,48,77642,29.953411,-93.968941,R,94,4/29/2016
561531,800021417,CHARLES HADDOCK MANOR,11900 Quail Dr,Balch Springs,"Dallas-Plano-Irving, TX Metropolitan Division",19124,Dallas,113,TX,48,75180,32.724586,-96.622637,R,95,5/19/2016
561551,800046870,La Quinta Apts,735 Evans St,Uvalde,"Uvalde, TX Micropolitan Statistical Area",46620,Uvalde,463,TX,48,78801,29.195779,-99.79192,R,94,6/16/2016
561564,800073840,CARRERA RUN APARTMENTS,3425 Hwy 80 E,Mesquite,"Dallas-Plano-Irving, TX Metropolitan Division",19124,Dallas,113,TX,48,75150,32.792706,-96.650129,4,88,6/21/2016
561641,800021103,Mission Village Apts,320 E Griffin Pkwy,Mission,"McAllen-Edinburg-Mission, TX Metropolitan Statistical Area",32580,Hidalgo,215,TX,48,78572,26.229255,-98.321632,R,97,5/3/2016
561673,800021251,PLYMOUTH VILLAGE,5080 Helbig Rd,Beaumont,"Beaumont-Port Arthur, TX Metropolitan Statistical Area",13140,Jefferson,245,TX,48,77708,30.125989,-94.139405,R,85,5/25/2016
561694,800225895,Bell Oaks Village II,600 Bending Oaks Dr,Bellville,"Houston-The Woodlands-Sugar Land, TX Metropolitan Statistical Area",26420,Austin,015,TX,48,77418,29.929588,-96.25028,R,97,6/3/2016
561714,800213726,OAKS of GRANBURY,1017 Lipan Dr,Granbury,"Fort Worth-Arlington, TX Metropolitan Division",23104,Hood,221,TX,48,76048,32.452854,-97.792019,R,70,5/3/2016
561715,800021108,Monarch Place Apts,169 De Chantle Rd,San Antonio,"San Antonio-New Braunfels, TX Metropolitan Statistical Area",41700,Bexar,029,TX,48,78201,29.479102,-98.543196,R,90,5/6/2016
561761,800223400,CASTLE ROCK ASSISTED LIVING,5519 S Collins St,Arlington,"Fort Worth-Arlington, TX Metropolitan Division",23104,Tarrant,439,TX,48,76018,32.656498,-97.087749,R,89,5/18/2016
561802,800020692,BENT TREE VILLAGE,7201 Lake Arthur Dr,Port Arthur,"Beaumont-Port Arthur, TX Metropolitan Statistical Area",13140,Jefferson,245,TX,48,77642,29.950036,-93.965477,R,79,5/24/2016
561808,800222185,PRESERVE AT PECAN CREEK,6303 W Shady Shores Rd,Corinth,"Dallas-Plano-Irving, TX Metropolitan Division",19124,Denton,121,TX,48,76208,33.163313,-97.066803,R,91,5/5/2016
561823,800237700,Hunters Crossing,2801 Bill Owens Pkwy,Longview,"Longview, TX Metropolitan Statistical Area",30980,Gregg,183,TX,48,75605,32.537657,-94.76804,R,86,6/27/2016
561836,800238040,Spring Hollow,4803 Loyola Ln,Austin,"Austin-Round Rock, TX Metropolitan Statistical Area",12420,Travis,453,TX,48,78723,30.308942,-97.665979,R,63,5/2/2016
561844,800223322,HACIENDA DEL SOL,6710 Babcock Rd,San Antonio,"San Antonio-New Braunfels, TX Metropolitan Statistical Area",41700,Bexar,029,TX,48,78249,29.557035,-98.617444,R,66,3/21/2016
561847,800220818,Converse Ranch Apartments,8355 Crestway Dr,Converse,"San Antonio-New Braunfels, TX Metropolitan Statistical Area",41700,Bexar,029,TX,48,78109,29.516778,-98.330182,R,76,3/28/2016
561985,800234614,Esperanza Senior Living of Carrollton,1029 Seminole Trl,Carrollton,"Dallas-Plano-Irving, TX Metropolitan Division",19124,Denton,121,TX,48,75007,33.013145,-96.914655,R,70,5/20/2016
562390,800231469,"Broadstone New Territory, Phase II",5556 New Territory Blvd,Sugar Land,"Houston-The Woodlands-Sugar Land, TX Metropolitan Statistical Area",26420,Fort Bend,157,TX,48,77479,29.588523,-95.680314,R,81,5/11/2016
562394,800210666,BALA WOODS APARTMENTS,23200 Forest North Dr,Kingwood,"Houston-The Woodlands-Sugar Land, TX Metropolitan Statistical Area",26420,Montgomery,339,TX,48,77339,30.061162,-95.246334,R,78,6/15/2016
562432,800235235,Kensington Crossing Apartments,14651 Philippine St,Houston,"Houston-The Woodlands-Sugar Land, TX Metropolitan Statistical Area",26420,Harris,201,TX,48,77040,29.88662,-95.547409,R,95,5/26/2016
562571,800240320,MIRAMONTE APARTMENTS,929 Saint Paul Dr,Richardson,"Dallas-Plano-Irving, TX Metropolitan Division",19124,Dallas,113,TX,48,75080,32.94118,-96.747888,R,93,6/22/2016
562579,800238246,Woodway Village Apartments,4600 Nuckols Crossing Rd,Austin,"Austin-Round Rock, TX Metropolitan Statistical Area",12420,Travis,453,TX,48,78744,30.199739,-97.734993,R,65,6/6/2016
562621,800020678,BATEN ARMS,4340 Westridge Ln,Beaumont,"Beaumont-Port Arthur, TX Metropolitan Statistical Area",13140,Jefferson,245,TX,48,77706,30.120891,-94.161925,R,69,5/16/2016
562709,800073842,HUNTER'S CREEK APARTMENTS,1100 River Bend Dr,Lancaster,"Dallas-Plano-Irving, TX Metropolitan Division",19124,Dallas,113,TX,48,75146,32.603283,-96.780572,R,86,6/23/2016
564648,800020882,"FOREST DALE, INC.",11851 High Dale Dr,Dallas,"Dallas-Plano-Irving, TX Metropolitan Division",19124,Dallas,113,TX,48,75234,32.910737,-96.860858,R,61,12/24/2015
564655,800020901,GATES,700 E Scott St,Gilmer,"Longview, TX Metropolitan Statistical Area",30980,Upshur,459,TX,48,75644,32.733474,-94.938018,R,68,1/5/2016
564667,800021276,Reagan West,6503 W Commerce St,San Antonio,"San Antonio-New Braunfels, TX Metropolitan Statistical Area",41700,Bexar,029,TX,48,78227,29.434245,-98.589395,R,88,12/15/2015
564677,800021228,Pete Dressen Housing,101 Post Road Cir,Kyle,"Austin-Round Rock, TX Metropolitan Statistical Area",12420,Hays,209,TX,48,78640,29.996633,-97.875765,R,89,12/8/2015
564683,800213235,CALDWELL HOUSE,1323 Caldwell St,Dallas,"Dallas-Plano-Irving, TX Metropolitan Division",19124,Dallas,113,TX,48,75223,32.784798,-96.754026,R,62,1/6/2016
564818,800237618,Lakefront Villas,900 W Spring Valley Rd,Richardson,"Dallas-Plano-Irving, TX Metropolitan Division",19124,Dallas,113,TX,48,75080,32.940251,-96.753475,R,90,11/2/2015
564826,800209936,SOUTH SIDE ON LAMAR,1409 S Lamar St,Dallas,"Dallas-Plano-Irving, TX Metropolitan Division",19124,Dallas,113,TX,48,75215,32.76756,-96.795673,R,86,9/29/2015
564828,800021343,SILVER LAKE RETIREMENT COMMUNITY,801 Main St,Sealy,"Houston-The Woodlands-Sugar Land, TX Metropolitan Statistical Area",26420,Austin,015,TX,48,77474,29.779807,-96.164333,R,90,10/28/2015
564869,800021566,200 Oblate Inc. Murray Manor,7550 S Sea Ln,San Antonio,"San Antonio-New Braunfels, TX Metropolitan Statistical Area",41700,Bexar,029,TX,48,78216,29.503267,-98.505481,R,82,12/9/2015
567085,800224996,NOTRE DAME COURT,801 S Madison Ave,Dallas,"Dallas-Plano-Irving, TX Metropolitan Division",19124,Dallas,113,TX,48,75208,32.73798,-96.826666,R,91,2/23/2016
567086,800211820,COMMUNITY OPTIONS LEWISVILLE,232 Teakwood Ln,Lewisville,"Dallas-Plano-Irving, TX Metropolitan Division",19124,Denton,121,TX,48,75067,33.012661,-96.997303,R,44,2/2/2016
567087,800021020,LAKELAND MANOR,3105 Peavy Rd,Dallas,"Dallas-Plano-Irving, TX Metropolitan Division",19124,Dallas,113,TX,48,75228,32.807831,-96.685593,R,85,3/1/2016
567094,800021234,PINE LAKE ESTATES,2012 Durst St,Nacogdoches,"Nacogdoches, TX Micropolitan Statistical Area",34860,Nacogdoches,347,TX,48,75964,31.60113,-94.676713,R,63,2/19/2016
567095,800021284,RIDGECREST TERRACE,526 Cold Town Ln,Dallas,"Dallas-Plano-Irving, TX Metropolitan Division",19124,Dallas,113,TX,48,75211,32.741015,-96.916231,R,45,4/8/2016
567096,800020894,FRIENDSHIP TOWER (CORSICANA),2512 W 7th Ave,Corsicana,"Corsicana, TX Micropolitan Statistical Area",18620,Navarro,349,TX,48,75110,32.080029,-96.488071,R,88,2/26/2016
567097,800021135,NORTHGATE VILLAGE APTS.,12303 Plano Rd,Dallas,"Dallas-Plano-Irving, TX Metropolitan Division",19124,Dallas,113,TX,48,75243,32.914548,-96.700625,R,90,3/16/2016
567099,800235822,The Cottages at Spindletop,2835 S 8th St,Beaumont,"Beaumont-Port Arthur, TX Metropolitan Statistical Area",13140,Jefferson,245,TX,48,77701,30.058813,-94.124511,R,95,3/1/2016
567100,800021085,Mathis Housing Authority,300 W Fulton St,Mathis,"Corpus Christi, TX Metropolitan Statistical Area",18580,San Patricio,409,TX,48,78368,28.097285,-97.828596,R,62,2/26/2016
567101,800232440,AHEPA DOP 54 PHASE II,8113 Creekbend Dr,Houston,"Houston-The Woodlands-Sugar Land, TX Metropolitan Statistical Area",26420,Harris,201,TX,48,77071,29.665301,-95.523495,R,99,3/11/2016
567102,800020970,BARAK APARTMENTS,285 S Center St,Tenaha,,99999,Shelby,419,TX,48,75974,31.941701,-94.242178,R,70,3/10/2016
567104,800074139,"ACCESSIBLE HOMES, INC.",6112 Walraven Cir,Fort Worth,"Fort Worth-Arlington, TX Metropolitan Division",23104,Tarrant,439,TX,48,76133,32.659126,-97.398587,R,64,1/22/2016
567105,800020831,DUNCANVILLE INDEPENDENT LIVING,,DUNCANVILLE,"Dallas-Plano-Irving, TX Metropolitan Division",19124,Dallas,113,TX,48,75116,32.659839,-96.915527,R,96,2/18/2016
567106,800020888,FOWLER CHRISTIAN APARTMENTS,105 Juliette Fowler St,Dallas,"Dallas-Plano-Irving, TX Metropolitan Division",19124,Dallas,113,TX,48,75214,32.803854,-96.753428,R,92,2/29/2016
567107,800020962,HILLSIDE,205 W Whaley St,Longview,"Longview, TX Metropolitan Statistical Area",30980,Gregg,183,TX,48,75601,32.498378,-94.741547,R,99,3/9/2016
567109,800021413,"FORT WORTH VOA LIVING CENTER, INC.",2008 Oakwood Ct,Arlington,"Fort Worth-Arlington, TX Metropolitan Division",23104,Tarrant,439,TX,48,76012,32.738839,-97.141901,R,77,1/21/2016
567110,800021395,Sunrise Villa,782 S Saunders St,Seguin,"San Antonio-New Braunfels, TX Metropolitan Statistical Area",41700,Guadalupe,187,TX,48,78155,29.561912,-97.970801,R,78,2/4/2016
567111,800021175,Orange Grove Housing Associates,700 Thiel,Orange Grove,"Alice, TX Micropolitan Statistical Area",10860,Jim Wells,249,TX,48,78372,27.956338,-97.946498,R,89,2/26/2016
567112,800112209,"MEADOWS OF WESLEY VILLAGE, THE",2800 Loy Lake Rd,Denison,"Sherman-Denison, TX Metropolitan Statistical Area",43300,Grayson,181,TX,48,75020,33.732762,-96.578752,R,98,2/2/2016
567113,800215222,VILLAS AT BAYOU PARK APARTMENTS,10955 Kipp Way Dr,Houston,"Houston-The Woodlands-Sugar Land, TX Metropolitan Statistical Area",26420,Harris,201,TX,48,77099,29.671044,-95.570482,R,88,2/8/2016
567115,800021076,MABANK HOUSING AUTHORITY,200 E Jack St,Mabank,"Dallas-Plano-Irving, TX Metropolitan Division",19124,Kaufman,257,TX,48,75147,32.371321,-96.097658,R,96,2/22/2016
567116,800073849,PEOPLES EL SHADDAI VILLAGE,2836 E Overton Rd,Dallas,"Dallas-Plano-Irving, TX Metropolitan Division",19124,Dallas,113,TX,48,75216,32.713657,-96.779064,R,81,3/2/2016
567117,800021415,TEAGUE HOUSING AUTHORITY,102 Spruce St,Teague,,99999,Freestone,161,TX,48,75860,31.632323,-96.286942,R,74,2/16/2016
567118,800020663,ARLINGTON VOA LIVING CENTER,2310 Sharpshire Ln,Arlington,"Fort Worth-Arlington, TX Metropolitan Division",23104,Tarrant,439,TX,48,76014,32.687964,-97.068113,R,98,1/21/2016
567119,800021278,Refugio Apartments,405 Osage St,Refugio,,99999,Refugio,391,TX,48,78377,28.301373,-97.273099,R,63,2/11/2016
567122,800217754,VOA APPLETREE/DALGREEN COMMUNITY HOMES,917 Apple Tree Ct,Irving,"Dallas-Plano-Irving, TX Metropolitan Division",19124,Dallas,113,TX,48,75061,32.823776,-96.931495,R,98,2/1/2016
567123,800074421,RAINBOW VILLAGE,6300 Corporate Dr,Houston,"Houston-The Woodlands-Sugar Land, TX Metropolitan Statistical Area",26420,Harris,201,TX,48,77036,29.709501,-95.551702,R,83,2/5/2016
567125,800021330,SEAGOVILLE SENIOR CITIZENS HOME,205 Mathis St,Seagoville,"Dallas-Plano-Irving, TX Metropolitan Division",19124,Dallas,113,TX,48,75159,32.646565,-96.551307,R,84,2/17/2016
567126,800222859,Umphress Terrace,7242 Umphress Rd,Dallas,"Dallas-Plano-Irving, TX Metropolitan Division",19124,Dallas,113,TX,48,75217,32.741348,-96.69664,R,89,3/15/2016
567129,800021467,"Vaqueros Apartments, Ltd",305 W 2nd St,San Diego,,99999,Duval,131,TX,48,78384,27.757708,-98.24298,R,78,1/27/2016
567130,800020665,Arrowsmith Apartments,5701 Williams Dr,Corpus Christi,"Corpus Christi, TX Metropolitan Statistical Area",18580,Nueces,355,TX,48,78412,27.703284,-97.369744,R,96,2/12/2016
567132,800021418,TEJAS COVE ak NCR OF BAY CITY,1900 Palm Village Blvd,Bay City,"Bay City, TX Micropolitan Statistical Area",13060,Matagorda,321,TX,48,77414,28.95703,-95.965826,R,90,3/12/2016
567133,800020700,BOYD SOUTH,400 S Allen St,Boyd,"Fort Worth-Arlington, TX Metropolitan Division",23104,Wise,497,TX,48,76023,33.075538,-97.565328,R,55,2/2/2016
567136,800241797,Aloysius A. Ochoa Apartments (RAD),8820 Old County Dr,El Paso,"El Paso, TX Metropolitan Statistical Area",21340,El Paso,141,TX,48,79907,31.695783,-106.333789,R,89,1/27/2016
567137,800021342,SIERRA VISTA,10501 Montwood Dr,El Paso,"El Paso, TX Metropolitan Statistical Area",21340,El Paso,141,TX,48,79935,31.772321,-106.336468,R,91,3/3/2016
567138,800241801,Juan Hart Memorial Apartments (RAD),4861 Atlas Ave,El Paso,"El Paso, TX Metropolitan Statistical Area",21340,El Paso,141,TX,48,79904,31.851974,-106.42801,R,86,1/26/2016
567139,800021003,King Manor,1700 E Kenedy Ave,Kingsville,"Kingsville, TX Micropolitan Statistical Area",28780,Kleberg,273,TX,48,78363,27.514937,-97.844923,R,81,2/5/2016
567140,800020781,Coastal Haven,4710 Middlecoff Rd,Corpus Christi,"Corpus Christi, TX Metropolitan Statistical Area",18580,Nueces,355,TX,48,78413,27.691215,-97.401376,R,84,3/31/2016
567142,800020736,Casa De Manana,4702 Old Brownsville Rd,Corpus Christi,"Corpus Christi, TX Metropolitan Statistical Area",18580,Nueces,355,TX,48,78405,27.766303,-97.446597,R,86,1/12/2016
567143,800241798,Kennedy Communities (RAD),400 S Zaragoza Rd,El Paso,"El Paso, TX Metropolitan Statistical Area",21340,El Paso,141,TX,48,79907,31.685544,-106.331888,R,89,2/3/2016
567144,800217812,WESTOVER COVE APARTMENTS,2200 Mustang Rd,Alvin,"Houston-The Woodlands-Sugar Land, TX Metropolitan Statistical Area",26420,Brazoria,039,TX,48,77511,29.405008,-95.242204,R,99,3/4/2016
567145,800241793,Harry S. Truman Apartments (RAD),7919 Meraz Ave,El Paso,"El Paso, TX Metropolitan Statistical Area",21340,El Paso,141,TX,48,79907,31.745885,-106.344601,R,75,1/25/2016
567148,800241802,Lt. Palmer Baird Memorial Apartments (RAD),4747 Atlas Ave,El Paso,"El Paso, TX Metropolitan Statistical Area",21340,El Paso,141,TX,48,79904,31.851902,-106.431842,R,76,1/19/2016
567150,800241791,"Rafael Marmolejo, Jr. Apartments (RAD)",600 N Carolina Dr,El Paso,"El Paso, TX Metropolitan Statistical Area",21340,El Paso,141,TX,48,79915,31.742617,-106.361799,R,74,3/2/2016
567156,800241794,J.E. Anderson Apartments (RAD),741 Lafayette Dr,El Paso,"El Paso, TX Metropolitan Statistical Area",21340,El Paso,141,TX,48,79907,31.735293,-106.343123,R,80,1/27/2016
567158,800241803,Lyndon B. Johnson Apartments (RAD),9000 Roanoke Dr,El Paso,"El Paso, TX Metropolitan Statistical Area",21340,El Paso,141,TX,48,79904,31.867733,-106.411984,R,85,2/2/2016
567160,800021115,MUNOZ MANOR,10040 Audobon St,El Paso,"El Paso, TX Metropolitan Statistical Area",21340,El Paso,141,TX,48,79924,31.900748,-106.415039,R,94,1/21/2016
567161,800241795,George Webber Memorial Apartments (RAD),110 Whittier Dr,El Paso,"El Paso, TX Metropolitan Statistical Area",21340,El Paso,141,TX,48,79907,31.709145,-106.346433,R,73,1/28/2016
567168,800020996,JOSE ANTONIO ESCAJEDA,204 Alicia Dr,El Paso,"El Paso, TX Metropolitan Statistical Area",21340,El Paso,141,TX,48,79905,31.766569,-106.430387,R,81,5/20/2016
567170,800241799,Dwight D. Eisenhower Apartments (RAD),5628 Eisenhower Ave,El Paso,"El Paso, TX Metropolitan Statistical Area",21340,El Paso,141,TX,48,79924,31.89127,-106.409565,R,80,1/20/2016
567172,800241796,Raymond Telles Manor (RAD),295 Jesuit Dr,El Paso,"El Paso, TX Metropolitan Statistical Area",21340,El Paso,141,TX,48,79907,31.694139,-106.341662,R,88,1/22/2016
568043,800020978,INDEPENDENCE MANOR II,836 Ridge View Dr,Nacogdoches,"Nacogdoches, TX Micropolitan Statistical Area",34860,Nacogdoches,347,TX,48,75961,31.608489,-94.638388,R,72,1/27/2016
568044,800214852,FOUNTAINS OF ROSENBERG,3419 Fountains Dr,Rosenberg,"Houston-The Woodlands-Sugar Land, TX Metropolitan Statistical Area",26420,Fort Bend,157,TX,48,77471,29.530932,-95.797377,R,85,2/1/2016
568093,800227330,VINEYARD TRACE APARTMENTS,15414 Kuykendahl Rd,Houston,"Houston-The Woodlands-Sugar Land, TX Metropolitan Statistical Area",26420,Harris,201,TX,48,77090,30.003209,-95.460159,R,62,1/29/2016
568131,800021555,WOODLAND CHRISTIAN TOWER,600 E Tidwell Rd,Houston,"Houston-The Woodlands-Sugar Land, TX Metropolitan Statistical Area",26420,Harris,201,TX,48,77022,29.845299,-95.390822,R,10,1/14/2016
568222,800021064,Los Ebanos Apts,2133 Barnard Rd,Brownsville,"Brownsville-Harlingen, TX Metropolitan Statistical Area",15180,Cameron,061,TX,48,78520,25.93518,-97.503531,R,75,2/12/2016
568228,800021095,MERIDIAN HOUSING AUTHORITY,PO Box 363,Meridian,,99999,Bosque,035,TX,48,76665,31.9203,-97.658,B,99,6/13/2016
568231,800020721,Candlewick Town Homes,1155 Paredes Line Rd,Brownsville,"Brownsville-Harlingen, TX Metropolitan Statistical Area",15180,Cameron,061,TX,48,78521,25.940749,-97.48886,R,95,2/16/2016
568234,800021340,Sherwood Apts,801 Greenbriar Dr,Edinburg,"McAllen-Edinburg-Mission, TX Metropolitan Statistical Area",32580,Hidalgo,215,TX,48,78539,26.290279,-98.172314,R,93,6/9/2016
568312,800045842,COOPER GLEN APARTMENTS,3232 N Locust St,Denton,"Dallas-Plano-Irving, TX Metropolitan Division",19124,Denton,121,TX,48,76207,33.245835,-97.131633,R,65,6/22/2016
569521,800020849,LEGACY POINTE APTS,238 S Barnes Dr,Garland,"Dallas-Plano-Irving, TX Metropolitan Division",19124,Dallas,113,TX,48,75042,32.912825,-96.679064,R,82,5/18/2016
569522,800024184,HIGH POINTE VILLAGE,139 S Clark Rd,Cedar Hill,"Dallas-Plano-Irving, TX Metropolitan Division",19124,Dallas,113,TX,48,75104,32.587817,-96.942749,R,46,5/4/2016
569527,800112210,PAGE PLACE I,1907 Page Rd,Longview,"Longview, TX Metropolitan Statistical Area",30980,Gregg,183,TX,48,75601,32.517838,-94.704412,R,99,5/11/2016
569531,800020866,ENNIS SENIOR CITIZENS CENTER II,501 W Lampasas St,Ennis,"Dallas-Plano-Irving, TX Metropolitan Division",19124,Ellis,139,TX,48,75119,32.321863,-96.628085,R,84,5/5/2016
569532,800020808,CLAYTON'S MARK APTS,504 SW 23rd St,Grand Prairie,"Fort Worth-Arlington, TX Metropolitan Division",23104,Tarrant,439,TX,48,75051,32.736988,-97.035853,R,86,5/31/2016
569538,800021144,NORTHVIEW APTS. PHASE II,331 N Longview St,Kilgore,"Longview, TX Metropolitan Statistical Area",30980,Gregg,183,TX,48,75662,32.389402,-94.87579,R,65,5/9/2016
569541,800020785,COLONIA TEPEYAC APTS.,5880 Bernal Dr,Dallas,"Dallas-Plano-Irving, TX Metropolitan Division",19124,Dallas,113,TX,48,75212,32.770563,-96.914438,R,91,5/19/2016
569542,800021541,WILLOW TREE,1802 Robinson Rd,Grand Prairie,"Dallas-Plano-Irving, TX Metropolitan Division",19124,Dallas,113,TX,48,75051,32.720524,-97.019835,R,90,5/24/2016
569548,800020686,BELAIRE MANOR OF MARSHALL,1400 Julie St,Marshall,"Marshall, TX Micropolitan Statistical Area",32220,Harrison,203,TX,48,75670,32.546654,-94.3806,R,81,5/10/2016
569552,800021193,PARK GROVE VILLAGE,2920 W Shady Grove Rd,Irving,"Dallas-Plano-Irving, TX Metropolitan Division",19124,Dallas,113,TX,48,75060,32.802099,-96.986359,R,95,5/26/2016
569553,800024179,SPRING CREEK (OLE TOWN),RR 1 Box 809,Linden,,99999,Cass,067,TX,48,75563,33.029,-94.384,B,86,5/12/2016
569555,800021537,WILLIAM BOOTH GARDEN APTS.,601 Golden Rd,Tyler,"Tyler, TX Metropolitan Statistical Area",46340,Smith,423,TX,48,75701,32.345304,-95.27243,R,75,5/6/2016
569561,800021428,"PARKS AT WYNNEWOOD APTS, THE",1910 Argentia Dr,Dallas,"Dallas-Plano-Irving, TX Metropolitan Division",19124,Dallas,113,TX,48,75224,32.724502,-96.829309,R,71,5/24/2016
569562,800021195,PARK MANOR-IRVING,2934 W Pioneer Dr,Irving,"Dallas-Plano-Irving, TX Metropolitan Division",19124,Dallas,113,TX,48,75061,32.828532,-96.985727,R,82,5/25/2016
569563,800020670,PEGUES PLACE,801 Pegues Pl,Longview,"Longview, TX Metropolitan Statistical Area",30980,Gregg,183,TX,48,75601,32.514329,-94.729176,R,89,5/9/2016
569564,800021501,VOA COMMUNITY HOME I,1824 S Fielder Rd,Arlington,"Fort Worth-Arlington, TX Metropolitan Division",23104,Tarrant,439,TX,48,76013,32.714569,-97.132143,R,85,5/26/2016
569566,800021120,NEW HAVEN APARTMENTS,714 Jonathan St,Athens,"Athens, TX Micropolitan Statistical Area",11980,Henderson,213,TX,48,75751,32.21132,-95.865377,R,70,5/5/2016
569567,800021404,TURNER APARTMENTS,501 E California St,Gainesville,"Gainesville, TX Micropolitan Statistical Area",23620,Cooke,097,TX,48,76240,33.624464,-97.141594,R,81,5/17/2016
569570,800215445,EVANGELINE BOOTH GARDEN,2627 Cherrybrook Ln,Pasadena,"Houston-The Woodlands-Sugar Land, TX Metropolitan Statistical Area",26420,Harris,201,TX,48,77502,29.677289,-95.174765,R,73,4/11/2016
569571,800213222,Meadow Brook,3045 Eisenhauer Rd,San Antonio,"San Antonio-New Braunfels, TX Metropolitan Statistical Area",41700,Bexar,029,TX,48,78209,29.495913,-98.440771,R,99,5/24/2016
569572,800020676,Balcones Haus,246 Loma Vista St,New Braunfels,"San Antonio-New Braunfels, TX Metropolitan Statistical Area",41700,Comal,091,TX,48,78130,29.677845,-98.144806,R,90,4/28/2016
569575,800021338,SHAMROCK ADDITION,801 Courtney Dr,Dublin,"Stephenville, TX Micropolitan Statistical Area",44500,Erath,143,TX,48,76446,32.075644,-98.342834,R,92,4/11/2016
569577,800021466,Valley View Apartments,602 E Ebony Ave,McAllen,"McAllen-Edinburg-Mission, TX Metropolitan Statistical Area",32580,Hidalgo,215,TX,48,78501,26.206027,-98.213615,R,97,5/25/2016
569578,800020645,Alice Housing Authority,125 Olmito St,Alice,"Alice, TX Micropolitan Statistical Area",10860,Jim Wells,249,TX,48,78332,27.749486,-98.062032,R,88,3/31/2016
569579,800074549,PAUL CHASE COMMON,16440 Moon Rock Dr,Houston,"Houston-The Woodlands-Sugar Land, TX Metropolitan Statistical Area",26420,Harris,201,TX,48,77058,29.574491,-95.105929,R,95,4/7/2016
569580,800211681,PECAN VILLAGE aka MHMR OF BAYTOWN,2208 Cedar Bayou Rd,Baytown,"Houston-The Woodlands-Sugar Land, TX Metropolitan Statistical Area",26420,Harris,201,TX,48,77520,29.74941,-94.940016,R,98,3/29/2016
569581,800021319,San Jose Apartments,2914 Roosevelt Ave,San Antonio,"San Antonio-New Braunfels, TX Metropolitan Statistical Area",41700,Bexar,029,TX,48,78214,29.371641,-98.481053,R,91,6/3/2016
569582,800020679,Bavarian Manor,614 Bavarian Dr,New Braunfels,"San Antonio-New Braunfels, TX Metropolitan Statistical Area",41700,Comal,091,TX,48,78130,29.699239,-98.140076,R,96,5/11/2016
569584,800020776,CLEBURNE PLAZA,400 Phillips St,Cleburne,"Fort Worth-Arlington, TX Metropolitan Division",23104,Johnson,251,TX,48,76033,32.362197,-97.400365,R,54,5/2/2016
569585,800020875,Falfurrias Village,898 S Center St,Falfurrias,,99999,Brooks,047,TX,48,78355,27.218195,-98.150654,R,89,5/26/2016
569586,800021090,CANYON CREEK,,TEMPLE,"Killeen-Temple, TX Metropolitan Statistical Area",28660,Bell,027,TX,48,76502,31.062749,-97.37181,R,85,5/20/2016
569589,800020689,BELLFORT VILLAGE APARTMENTS,7950 Bellfort St,Houston,"Houston-The Woodlands-Sugar Land, TX Metropolitan Statistical Area",26420,Harris,201,TX,48,77061,29.672935,-95.27106,R,86,6/6/2016
569592,800021487,Village Circle Apts,101 Glenbrook Dr E,New Braunfels,"San Antonio-New Braunfels, TX Metropolitan Statistical Area",41700,Comal,091,TX,48,78130,29.715411,-98.091881,R,87,5/23/2016
569594,800021246,PLATEAU RIDGE,701 McAnear St,Cleburne,"Fort Worth-Arlington, TX Metropolitan Division",23104,Johnson,251,TX,48,76033,32.34378,-97.40548,R,85,5/3/2016
569597,800021059,Lindale Village Apts,24 Lindale Dr,Brownsville,"Brownsville-Harlingen, TX Metropolitan Statistical Area",15180,Cameron,061,TX,48,78521,25.929313,-97.48777,R,99,5/26/2016
569598,800021409,TANGLEWOOD APARTMENTS COMPANY,4500 N 19th St,Waco,"Waco, TX Metropolitan Statistical Area",47380,McLennan,309,TX,48,76708,31.587301,-97.179323,R,89,4/6/2016
569599,800021227,PEPPERTREE ACRES,6555 Sheridan Cir,Fort Worth,"Fort Worth-Arlington, TX Metropolitan Division",23104,Tarrant,439,TX,48,76134,32.650194,-97.32495,R,81,5/31/2016
569600,800021001,Kerrville Oaks Apartments,850 Clay St,Kerrville,"Kerrville, TX Micropolitan Statistical Area",28500,Kerr,265,TX,48,78028,30.052964,-99.136761,R,96,5/23/2016
569601,800020657,Antioch San Antonio Partners LP,1514 Upland Rd,San Antonio,"San Antonio-New Braunfels, TX Metropolitan Statistical Area",41700,Bexar,029,TX,48,78219,29.427186,-98.415234,R,87,5/16/2016
569602,800221741,Catherine Booth Apartments,2802 W Ashby Pl,San Antonio,"San Antonio-New Braunfels, TX Metropolitan Statistical Area",41700,Bexar,029,TX,48,78201,29.45175,-98.538523,R,92,5/10/2016
569604,800021008,Kingswood Village,502 S 29th Ave,Edinburg,"McAllen-Edinburg-Mission, TX Metropolitan Statistical Area",32580,Hidalgo,215,TX,48,78542,26.29454,-98.143615,R,89,5/31/2016
569606,800221583,BAYOU GLEN APARTMENTS,11810 S Glen Dr,Houston,"Houston-The Woodlands-Sugar Land, TX Metropolitan Statistical Area",26420,Harris,201,TX,48,77099,29.671587,-95.585982,R,99,3/21/2016
569608,800021047,LEXINGTON SQUARE APARTMENTS,2008 N Interstate 35,Gainesville,"Gainesville, TX Micropolitan Statistical Area",23620,Cooke,097,TX,48,76240,33.648552,-97.15526,R,76,5/16/2016
569610,800021071,Lulac Haven,4601 Juarez Ave,Laredo,"Laredo, TX Metropolitan Statistical Area",29700,Webb,479,TX,48,78041,27.54049,-99.50882,R,89,3/22/2016
569611,800222730,Bexton Place,3142 Weir Ave,San Antonio,"San Antonio-New Braunfels, TX Metropolitan Statistical Area",41700,Bexar,029,TX,48,78226,29.398532,-98.555523,R,95,5/18/2016
569612,800218081,CHARLES A. GONZALEZ SENIOR COMMUNITY RESIDENCE,2022 S Zarzamora St,San Antonio,"San Antonio-New Braunfels, TX Metropolitan Statistical Area",41700,Bexar,029,TX,48,78207,29.404084,-98.529864,R,94,4/8/2016
569615,800224551,Figueroa Square Apartments,998 Ruben Chavez Rd,Robstown,"Corpus Christi, TX Metropolitan Statistical Area",18580,Nueces,355,TX,48,78380,27.783264,-97.67793,R,71,6/8/2016
569616,800021370,Springtown Villa,503 Springtown Way,San Marcos,"Austin-Round Rock, TX Metropolitan Statistical Area",12420,Hays,209,TX,48,78666,29.887082,-97.921592,R,84,4/12/2016
569617,800021240,Piney Creek North Apts,2110 Main St,Bastrop,"Austin-Round Rock, TX Metropolitan Statistical Area",12420,Bastrop,021,TX,48,78602,30.1261,-97.320553,R,93,4/29/2016
569618,800020761,Champion Gardens,1802 W Samano St,Edinburg,"McAllen-Edinburg-Mission, TX Metropolitan Statistical Area",32580,Hidalgo,215,TX,48,78539,26.297751,-98.180667,R,77,5/27/2016
569620,800020980,INDEPENDENCE VILLAGE,4700 S Virginia St,Amarillo,"Amarillo, TX Metropolitan Statistical Area",11100,Randall,381,TX,48,79109,35.160428,-101.881269,R,77,6/22/2016
569621,800224090,DISCIPLES VILLAGE II,2440 E 11th St,Odessa,"Odessa, TX Metropolitan Statistical Area",36220,Ector,135,TX,48,79761,31.864129,-102.345258,R,99,6/21/2016
569626,800020870,Evergreen Villa,805 E Highway St,Fredericksburg,"Fredericksburg, TX Micropolitan Statistical Area",23240,Gillespie,171,TX,48,78624,30.261759,-98.860948,R,99,5/4/2016
569629,800215338,MARY LEE CHARLES PLACE APARTMENTS,1339 Lamar Square Dr,Austin,"Austin-Round Rock, TX Metropolitan Statistical Area",12420,Travis,453,TX,48,78704,30.254905,-97.764095,R,86,4/25/2016
569635,800020804,Country Village Square Apartments,1800 Waelder Rd,Gonzales,,99999,Gonzales,177,TX,48,78629,29.523342,-97.435559,R,90,4/27/2016
569640,800020741,CASA ORLANDO,1810 3rd St,Lubbock,"Lubbock, TX Metropolitan Statistical Area",31180,Lubbock,303,TX,48,79415,33.594411,-101.857207,R,93,4/27/2016
569644,800020733,Casa De Amigos IV,146 Fm 3168,Raymondville,"Raymondville, TX Micropolitan Statistical Area",39700,Willacy,489,TX,48,78580,26.466774,-97.784226,R,91,6/7/2016
569647,800020853,"El Dorado, Ltd",1806 Garner Field Rd,Uvalde,"Uvalde, TX Micropolitan Statistical Area",46620,Uvalde,463,TX,48,78801,29.218796,-99.756566,R,81,5/5/2016
569648,800021386,SUN VILLAGE I,1217 Coral Dr,Sweetwater,"Sweetwater, TX Micropolitan Statistical Area",45020,Nolan,353,TX,48,79556,32.466719,-100.392162,R,91,5/31/2016
569655,800021044,Leona Apartments,209 N 1st St,Uvalde,"Uvalde, TX Micropolitan Statistical Area",46620,Uvalde,463,TX,48,78801,29.214203,-99.779854,R,97,5/5/2016
569656,800021387,SUN VILLAGE II,1217 Coral Dr,Sweetwater,"Sweetwater, TX Micropolitan Statistical Area",45020,Nolan,353,TX,48,79556,32.466719,-100.392162,R,90,6/1/2016
569657,800020974,Imperial Gardens,801 Blackjack,Lockhart,"Austin-Round Rock, TX Metropolitan Statistical Area",12420,Caldwell,055,TX,48,78644,29.871832,-97.663485,R,91,4/14/2016
572429,800074702,Keystone Apts,1409 W Business 83,Weslaco,"McAllen-Edinburg-Mission, TX Metropolitan Statistical Area",32580,Hidalgo,215,TX,48,78596,26.16126,-98.001364,R,99,5/4/2016
572448,800220409,Artisan At Salado Creek,3644 Binz Engleman Rd,San Antonio,"San Antonio-New Braunfels, TX Metropolitan Statistical Area",41700,Bexar,029,TX,48,78219,29.45627,-98.425308,R,82,4/21/2016
572453,800237115,Canal Place,2104 Canal St,Houston,"Houston-The Woodlands-Sugar Land, TX Metropolitan Statistical Area",26420,Harris,201,TX,48,77003,29.758859,-95.348454,R,86,6/27/2016
572460,800214041,BARDIN GREENE APTS,,ARLINGTON,"Fort Worth-Arlington, TX Metropolitan Division",23104,Tarrant,439,TX,48,76018,32.670877,-97.107136,R,55,4/6/2016
572480,800240097,La Belle Vie Apartments,765 N Lhs Dr,Lumberton,"Beaumont-Port Arthur, TX Metropolitan Statistical Area",13140,Hardin,199,TX,48,77657,30.2474,-94.1579,B,94,4/27/2016
573496,800074696,Northwood Apts,1951 Old Fm 306,New Braunfels,"San Antonio-New Braunfels, TX Metropolitan Statistical Area",41700,Comal,091,TX,48,78130,29.737965,-98.092976,R,77,4/5/2016
574729,800020898,GARDEN CITY APARTMENTS,9601 W Montgomery Rd,Houston,"Houston-The Woodlands-Sugar Land, TX Metropolitan Statistical Area",26420,Harris,201,TX,48,77088,29.882572,-95.448929,R,74,5/5/2016
575424,800021143,NORTHVIEW APTS PHASE I,331 N Longview St,Kilgore,"Longview, TX Metropolitan Statistical Area",30980,Gregg,183,TX,48,75662,32.389402,-94.87579,R,83,6/10/2016
577036,800021297,ROBINSON GARDEN APTS,2724 Robinson Dr,Waco,"Waco, TX Metropolitan Statistical Area",47380,McLennan,309,TX,48,76706,31.514457,-97.129122,R,74,5/19/2016
577132,800074100,SILVERSTONE RETIREMENT COMMUNITY,2800 Broadmoor Dr,Fort Worth,"Fort Worth-Arlington, TX Metropolitan Division",23104,Tarrant,439,TX,48,76116,32.732413,-97.453852,R,70,5/9/2016
577287,800020696,BEVERLY PLACE APTS,5307 Gulfway Dr,Groves,"Beaumont-Port Arthur, TX Metropolitan Statistical Area",13140,Jefferson,245,TX,48,77619,29.926605,-93.905615,R,84,6/16/2016