source,sumlevel,geoid,name,st,cnty,T11_est1,T11_est2,T11_est3,T11_est4,T11_est5,T11_est6,T11_est7,T11_est8,T11_est9,T11_est10,T11_est11,T11_est12,T11_est13,T11_est14,T11_est15,T11_est16,T11_est17,T11_est18,T11_est19,T11_est20,T11_est21,T11_est22,T11_est23,T11_est24,T11_est25,T11_est26,T11_est27,T11_est28,T11_est29,T11_est30,T11_est31,T11_est32,T11_est33,T11_est34,T11_est35,T11_est36,T11_est37,T11_est38,T11_est39,T11_est40,T11_est41,T11_est42,T11_est43,T11_est44,T11_est45,T11_est46,T11_est47,T11_est48,T11_est49,T11_est50,T11_est51,T11_est52,T11_est53,T11_est54,T11_est55,T11_est56,T11_est57,T11_est58,T11_est59,T11_est60,T11_est61,T11_est62,T11_est63,T11_est64,T11_est65,T11_est66,T11_est67,T11_est68,T11_est69,T11_est70,T11_est71,T11_est72,T11_est73,T11_est74,T11_est75,T11_est76,T11_est77,T11_est78,T11_est79,T11_est80,T11_est81,T11_est82,T11_est83,T11_est84,T11_est85,T11_est86,T11_est87,T11_moe1,T11_moe2,T11_moe3,T11_moe4,T11_moe5,T11_moe6,T11_moe7,T11_moe8,T11_moe9,T11_moe10,T11_moe11,T11_moe12,T11_moe13,T11_moe14,T11_moe15,T11_moe16,T11_moe17,T11_moe18,T11_moe19,T11_moe20,T11_moe21,T11_moe22,T11_moe23,T11_moe24,T11_moe25,T11_moe26,T11_moe27,T11_moe28,T11_moe29,T11_moe30,T11_moe31,T11_moe32,T11_moe33,T11_moe34,T11_moe35,T11_moe36,T11_moe37,T11_moe38,T11_moe39,T11_moe40,T11_moe41,T11_moe42,T11_moe43,T11_moe44,T11_moe45,T11_moe46,T11_moe47,T11_moe48,T11_moe49,T11_moe50,T11_moe51,T11_moe52,T11_moe53,T11_moe54,T11_moe55,T11_moe56,T11_moe57,T11_moe58,T11_moe59,T11_moe60,T11_moe61,T11_moe62,T11_moe63,T11_moe64,T11_moe65,T11_moe66,T11_moe67,T11_moe68,T11_moe69,T11_moe70,T11_moe71,T11_moe72,T11_moe73,T11_moe74,T11_moe75,T11_moe76,T11_moe77,T11_moe78,T11_moe79,T11_moe80,T11_moe81,T11_moe82,T11_moe83,T11_moe84,T11_moe85,T11_moe86,T11_moe87
2013thru2017,50,05000US48001,"Anderson County, Texas",48,1,16565,11750,2575,185,395,255,385,220,70,270,325,35,70,0,25,335,9030,20,130,290,395,405,280,675,940,265,705,235,815,3885,140,140,0,0,0,0,0,0,0,0,0,0,0,0,4820,2240,285,240,450,320,380,30,300,130,0,20,4,20,70,2565,70,115,130,150,105,95,300,335,50,220,20,265,705,15,15,0,0,0,0,0,0,0,0,0,0,0,0,424,468,336,96,121,126,135,106,75,98,174,42,46,31,21,176,507,28,73,108,126,124,120,199,214,110,173,101,204,374,77,77,31,31,31,31,31,31,31,31,31,31,31,31,452,382,124,80,148,142,202,28,172,79,31,38,2,24,63,331,45,90,85,93,81,69,129,139,66,80,22,140,194,20,20,31,31,31,31,31,31,31,31,31,31,31,31
2013thru2017,50,05000US48003,"Andrews County, Texas",48,3,5415,3980,640,80,85,90,75,35,10,75,0,20,35,10,40,80,3300,35,50,80,150,95,130,155,230,70,250,30,305,1725,40,40,0,0,0,0,0,0,0,0,0,0,0,0,1430,630,85,85,55,150,10,4,85,15,50,15,0,10,65,800,20,40,20,15,25,30,75,65,50,35,60,85,280,0,0,0,0,0,0,0,0,0,0,0,0,0,0,193,264,206,61,44,94,61,39,19,63,21,36,33,15,45,74,295,50,49,70,81,59,69,91,111,76,107,37,124,253,35,35,21,21,21,21,21,21,21,21,21,21,21,21,252,193,46,71,74,100,19,10,69,18,55,26,21,22,64,180,32,46,21,29,26,29,58,56,58,32,58,72,115,21,21,21,21,21,21,21,21,21,21,21,21,21,21
2013thru2017,50,05000US48005,"Angelina County, Texas",48,5,30930,20425,3825,560,495,400,490,400,105,445,220,120,140,90,100,260,16430,50,245,265,570,815,290,1275,1295,440,1445,335,1400,8000,170,170,0,0,0,0,0,0,0,0,0,0,0,0,10505,5155,580,1000,945,1000,395,285,355,175,15,75,55,80,205,5065,230,145,185,280,190,100,410,655,155,525,180,475,1540,285,285,0,0,0,0,0,0,0,0,0,0,0,0,527,609,439,162,168,137,154,130,71,190,103,75,85,114,52,111,644,49,98,99,173,226,110,260,221,153,241,103,269,488,100,100,31,31,31,31,31,31,31,31,31,31,31,31,541,488,151,210,233,278,139,114,127,80,21,63,54,90,112,476,139,80,76,125,87,81,176,193,79,167,100,137,261,159,159,31,31,31,31,31,31,31,31,31,31,31,31
2013thru2017,50,05000US48007,"Aransas County, Texas",48,7,9530,7040,1645,260,220,170,110,120,90,155,155,20,70,45,105,120,5370,0,30,140,300,170,265,360,385,70,375,100,250,2930,25,25,0,0,0,0,0,0,0,0,0,0,0,0,2490,1210,240,165,160,250,150,50,4,100,0,40,30,15,0,1280,180,15,25,55,0,20,160,55,180,165,25,40,365,0,0,0,0,0,0,0,0,0,0,0,0,0,0,506,346,265,111,103,88,64,86,66,108,102,23,67,54,62,66,405,25,32,93,119,118,144,141,153,45,143,65,102,336,20,20,25,25,25,25,25,25,25,25,25,25,25,25,411,333,141,105,97,154,80,63,7,114,25,53,40,19,25,321,173,24,36,69,25,26,116,53,171,98,29,33,159,25,25,25,25,25,25,25,25,25,25,25,25,25,25
2013thru2017,50,05000US48009,"Archer County, Texas",48,9,3350,2750,435,35,60,65,30,75,15,50,20,10,4,4,20,45,2315,0,25,70,40,75,15,145,130,65,95,30,225,1405,0,0,0,0,0,0,0,0,0,0,0,0,0,0,600,195,40,15,30,25,30,10,25,4,0,0,0,0,15,405,0,55,30,35,35,30,20,55,10,15,0,30,90,0,0,0,0,0,0,0,0,0,0,0,0,0,0,138,136,102,22,33,56,28,42,21,47,16,13,9,8,18,27,135,19,21,37,26,35,25,67,49,30,36,18,69,118,19,19,19,19,19,19,19,19,19,19,19,19,19,19,98,73,35,20,29,24,31,13,24,10,19,19,19,19,26,79,19,28,25,25,33,26,18,36,17,16,19,20,40,19,19,19,19,19,19,19,19,19,19,19,19,19,19
2013thru2017,50,05000US48011,"Armstrong County, Texas",48,11,700,570,50,15,25,0,10,4,0,0,0,0,0,0,0,0,515,0,4,20,4,10,4,35,40,15,55,10,65,255,4,4,0,0,0,0,0,0,0,0,0,0,0,0,135,40,0,15,4,4,10,0,4,0,0,0,0,0,0,90,0,0,0,10,10,0,4,10,0,10,0,10,40,4,4,0,0,0,0,0,0,0,0,0,0,0,0,48,49,24,13,23,13,11,10,13,13,13,13,13,13,13,13,49,13,12,16,6,12,9,20,21,18,32,14,25,49,2,2,13,13,13,13,13,13,13,13,13,13,13,13,41,23,13,14,9,1,15,13,10,13,13,13,13,13,13,33,13,13,13,15,14,13,5,12,13,15,13,13,28,13,13,13,13,13,13,13,13,13,13,13,13,13,13
2013thru2017,50,05000US48013,"Atascosa County, Texas",48,13,15510,11535,2215,295,245,230,140,110,110,165,90,15,205,70,230,320,9250,60,260,270,390,465,185,640,720,225,785,150,640,4470,70,70,0,0,0,0,0,0,0,0,0,0,0,0,3970,1395,150,245,145,155,245,60,85,85,50,45,50,40,40,2530,100,150,50,125,85,80,230,180,235,265,70,135,820,45,45,0,0,0,0,0,0,0,0,0,0,0,0,407,438,339,125,114,112,88,60,68,95,81,24,117,73,109,109,498,52,162,100,169,192,89,190,253,114,211,88,156,423,66,66,28,28,28,28,28,28,28,28,28,28,28,28,413,273,112,133,102,99,157,61,69,71,40,52,62,56,67,382,96,86,39,84,86,73,132,115,144,122,64,68,253,50,50,28,28,28,28,28,28,28,28,28,28,28,28
2013thru2017,50,05000US48015,"Austin County, Texas",48,15,11020,8175,1580,200,200,140,175,140,50,110,145,0,50,50,145,180,6540,40,110,180,150,305,220,350,575,85,450,140,715,3220,55,55,0,0,0,0,0,0,0,0,0,0,0,0,2845,1405,210,270,485,175,115,25,35,65,0,0,0,0,15,1430,100,120,15,50,80,85,255,115,40,160,4,85,325,15,15,0,0,0,0,0,0,0,0,0,0,0,0,295,338,226,112,88,75,89,88,39,58,86,25,33,52,103,78,390,42,74,105,91,120,107,134,183,62,145,89,216,332,45,45,25,25,25,25,25,25,25,25,25,25,25,25,328,274,115,146,214,117,110,40,41,65,25,25,25,25,31,254,64,82,18,47,57,70,116,91,38,105,25,66,142,24,24,25,25,25,25,25,25,25,25,25,25,25,25
2013thru2017,50,05000US48017,"Bailey County, Texas",48,17,2230,1610,405,25,50,40,70,40,80,30,0,0,0,35,15,20,1115,0,0,0,10,60,85,90,145,35,80,70,95,435,95,95,0,0,0,0,0,0,0,0,0,0,0,0,620,320,30,35,70,25,65,30,0,40,0,0,0,25,0,290,0,0,0,0,40,0,20,0,4,95,25,75,30,10,10,0,0,0,0,0,0,0,0,0,0,0,0,189,255,139,29,47,39,58,51,86,31,19,19,19,47,24,37,211,19,19,19,18,60,97,64,95,49,62,65,61,151,117,117,19,19,19,19,19,19,19,19,19,19,19,19,187,125,37,43,94,28,70,40,19,48,19,19,19,32,19,162,19,19,19,19,45,19,34,19,16,107,33,75,42,17,17,19,19,19,19,19,19,19,19,19,19,19,19
2013thru2017,50,05000US48019,"Bandera County, Texas",48,19,8280,7005,1385,230,245,85,85,130,55,120,185,0,75,0,40,135,5480,50,165,110,145,220,60,400,460,175,415,70,620,2585,145,145,0,0,0,0,0,0,0,0,0,0,0,0,1270,535,85,50,170,95,20,55,4,45,0,10,0,0,0,695,0,15,50,30,80,30,105,55,4,85,25,80,130,40,40,0,0,0,0,0,0,0,0,0,0,0,0,432,379,292,135,119,63,63,78,42,82,106,25,54,25,34,89,394,79,103,62,84,105,41,142,144,93,144,58,172,305,95,95,25,25,25,25,25,25,25,25,25,25,25,25,249,189,73,48,106,52,21,86,4,45,25,13,25,25,25,168,25,23,79,32,59,44,62,42,10,67,28,68,61,39,39,25,25,25,25,25,25,25,25,25,25,25,25
2013thru2017,50,05000US48021,"Bastrop County, Texas",48,21,26015,19910,5130,845,635,615,560,420,180,650,410,140,240,0,90,350,14545,4,205,515,810,640,235,1945,1155,375,1290,465,1405,5505,235,235,0,0,0,0,0,0,0,0,0,0,0,0,6105,2610,540,470,475,420,360,60,150,10,25,20,10,30,35,3260,145,165,150,180,215,95,445,335,105,400,165,390,475,235,235,0,0,0,0,0,0,0,0,0,0,0,0,596,706,551,223,182,203,166,171,111,211,164,88,121,31,67,120,612,3,109,176,235,183,123,332,216,137,291,169,315,580,150,150,31,31,31,31,31,31,31,31,31,31,31,31,605,436,254,189,185,191,172,70,101,16,36,34,27,50,35,480,75,131,105,131,123,89,165,148,90,194,137,181,180,134,134,31,31,31,31,31,31,31,31,31,31,31,31
2013thru2017,50,05000US48023,"Baylor County, Texas",48,23,1645,1275,140,60,10,4,35,0,10,0,0,0,0,0,20,0,1110,0,60,55,55,70,70,120,110,35,60,20,35,410,25,25,0,0,0,0,0,0,0,0,0,0,0,0,370,100,20,20,35,10,10,4,0,0,0,0,0,0,0,265,0,20,30,0,20,0,105,10,10,35,10,0,25,4,4,0,0,0,0,0,0,0,0,0,0,0,0,109,110,58,40,14,14,48,13,14,13,13,13,13,13,26,13,111,13,58,50,36,42,46,61,69,41,44,25,26,79,28,28,13,13,13,13,13,13,13,13,13,13,13,13,89,60,24,24,42,17,21,13,13,13,13,13,13,13,13,86,13,23,29,13,24,13,71,23,16,44,14,13,27,13,13,13,13,13,13,13,13,13,13,13,13,13,13
2013thru2017,50,05000US48025,"Bee County, Texas",48,25,8530,5375,1180,155,185,125,150,110,70,110,25,0,50,4,135,65,4145,10,105,130,155,190,95,345,405,90,365,105,370,1785,50,50,0,0,0,0,0,0,0,0,0,0,0,0,3155,1420,225,380,220,85,105,80,105,70,0,100,0,10,35,1660,0,110,50,30,15,35,90,230,115,145,40,270,525,75,75,0,0,0,0,0,0,0,0,0,0,0,0,297,333,214,76,106,75,90,58,54,66,28,28,55,3,94,39,358,14,69,61,82,101,53,123,197,70,145,70,130,258,41,41,28,28,28,28,28,28,28,28,28,28,28,28,349,312,145,184,150,72,67,89,87,63,28,105,28,20,31,283,28,69,68,35,27,38,59,140,99,93,57,163,186,64,64,28,28,28,28,28,28,28,28,28,28,28,28
2013thru2017,50,05000US48027,"Bell County, Texas",48,27,116395,63765,13230,1480,1275,1060,1240,1570,495,1580,1105,430,920,195,705,1180,49780,80,310,580,795,1080,735,2415,3055,1110,3825,1470,5215,29110,755,755,0,0,0,0,0,0,0,0,0,0,0,0,52630,22465,3570,2825,3055,3300,2765,1445,2270,1400,320,665,80,340,435,29150,245,490,555,770,835,990,3065,3335,1545,3780,900,3540,9095,1010,1010,0,0,0,0,0,0,0,0,0,0,0,0,1464,1309,924,311,252,199,283,307,157,284,228,164,219,101,199,298,1125,51,138,135,162,188,143,303,357,191,432,320,593,843,237,237,31,31,31,31,31,31,31,31,31,31,31,31,1198,964,467,434,424,492,423,297,374,303,139,219,50,166,169,1199,144,166,169,212,212,276,510,448,341,511,229,503,700,242,242,31,31,31,31,31,31,31,31,31,31,31,31
2013thru2017,50,05000US48029,"Bexar County, Texas",48,29,627890,368815,84900,10605,9165,9005,8375,8475,3905,9920,6390,1930,4945,1825,3420,6940,280920,1155,3890,6175,7510,9165,5710,17055,18305,6685,22175,6875,27550,148675,3000,3000,0,0,0,0,0,0,0,0,0,0,0,0,259070,125435,23850,18890,18940,18095,14370,5715,12045,5340,1085,2840,640,1230,2400,127465,3240,3325,2515,3370,5250,4210,13160,14580,4730,15935,3985,13565,39605,6170,6170,0,0,0,0,0,0,0,0,0,0,0,0,2209,2619,1727,592,631,634,578,600,487,703,529,368,527,255,443,598,2677,204,338,531,485,623,455,887,871,545,936,580,1284,2148,300,300,31,31,31,31,31,31,31,31,31,31,31,31,2593,2364,1183,1089,960,1170,955,663,808,536,269,477,210,232,388,2301,344,383,310,393,548,549,834,907,548,852,517,853,1672,723,723,31,31,31,31,31,31,31,31,31,31,31,31
2013thru2017,50,05000US48031,"Blanco County, Texas",48,31,4230,3240,795,40,105,155,100,115,4,90,40,4,35,10,30,70,2420,10,50,50,75,60,60,130,225,65,180,70,290,1155,25,25,0,0,0,0,0,0,0,0,0,0,0,0,990,345,75,20,75,40,65,15,15,0,0,20,0,15,0,635,4,10,25,35,40,25,110,30,105,80,0,70,105,10,10,0,0,0,0,0,0,0,0,0,0,0,0,261,234,155,32,66,88,49,47,4,89,33,11,38,18,35,46,218,21,41,31,57,37,44,71,110,50,88,44,106,216,23,23,21,21,21,21,21,21,21,21,21,21,21,21,204,140,55,19,55,37,49,27,26,21,21,33,21,20,21,163,4,11,30,24,32,31,78,32,81,53,21,55,62,16,16,21,21,21,21,21,21,21,21,21,21,21,21
2013thru2017,50,05000US48033,"Borden County, Texas",48,33,250,185,15,4,4,0,0,4,0,0,4,4,0,0,0,0,165,0,0,10,4,10,4,4,4,4,10,4,4,110,4,4,0,0,0,0,0,0,0,0,0,0,0,0,65,4,0,0,4,0,0,0,0,0,0,0,0,0,0,60,0,0,0,0,4,4,4,15,0,15,4,10,4,0,0,0,0,0,0,0,0,0,0,0,0,0,0,37,40,12,13,13,13,13,1,13,13,1,2,13,13,13,13,39,13,13,12,13,16,2,13,13,13,16,13,8,33,4,4,13,13,13,13,13,13,13,13,13,13,13,13,21,1,13,13,1,13,13,13,13,13,13,13,13,13,13,25,13,13,13,13,9,1,10,12,13,12,2,9,14,13,13,13,13,13,13,13,13,13,13,13,13,13,13
2013thru2017,50,05000US48035,"Bosque County, Texas",48,35,7025,5435,1120,115,105,175,165,95,25,50,80,25,95,35,50,105,4285,0,15,130,145,250,145,325,290,115,330,70,355,2115,25,25,0,0,0,0,0,0,0,0,0,0,0,0,1590,530,80,85,105,60,80,20,35,0,20,0,4,4,40,1040,10,50,30,105,75,50,120,175,20,50,50,125,185,20,20,0,0,0,0,0,0,0,0,0,0,0,0,224,183,152,54,41,67,64,37,25,31,37,23,55,38,29,53,172,21,13,52,56,66,61,75,75,47,81,37,99,184,27,27,21,21,21,21,21,21,21,21,21,21,21,21,182,128,48,45,49,38,42,20,34,21,24,21,14,21,34,146,13,28,22,58,45,35,61,69,19,29,27,73,56,20,20,21,21,21,21,21,21,21,21,21,21,21,21
2013thru2017,50,05000US48037,"Bowie County, Texas",48,37,33170,21585,4340,630,360,470,415,615,245,275,385,120,360,55,105,310,16990,95,205,435,385,540,340,1065,1105,325,1325,485,1475,9205,255,255,0,0,0,0,0,0,0,0,0,0,0,0,11590,5490,1210,1005,910,750,670,170,360,105,35,75,0,100,95,5820,100,210,115,165,250,300,815,785,135,455,70,810,1610,275,275,0,0,0,0,0,0,0,0,0,0,0,0,604,608,461,175,103,184,165,244,117,133,151,86,191,47,70,117,650,61,122,176,130,154,146,236,199,106,262,171,302,498,127,127,31,31,31,31,31,31,31,31,31,31,31,31,628,571,320,238,252,213,189,87,147,75,39,58,31,92,87,484,66,96,63,108,115,123,200,244,78,148,47,235,315,135,135,31,31,31,31,31,31,31,31,31,31,31,31
2013thru2017,50,05000US48039,"Brazoria County, Texas",48,39,117090,84215,15975,2470,1955,1600,1805,1895,395,1905,1160,305,1015,75,580,810,67535,450,1500,1780,2165,2680,1420,4750,4430,1705,5785,1855,7375,31645,710,710,0,0,0,0,0,0,0,0,0,0,0,0,32870,13130,3980,2415,1740,1335,1205,305,1175,415,85,140,0,170,165,19245,550,540,870,915,1530,600,2570,2830,775,1460,590,2085,3935,495,495,0,0,0,0,0,0,0,0,0,0,0,0,970,1397,1066,377,320,317,351,520,137,375,341,134,384,56,177,257,1368,152,325,316,345,353,336,538,496,363,711,336,719,1259,186,186,31,31,31,31,31,31,31,31,31,31,31,31,1307,1105,611,475,331,397,349,149,319,189,68,112,31,164,119,1189,222,179,237,303,387,191,447,594,264,402,264,576,652,163,163,31,31,31,31,31,31,31,31,31,31,31,31
2013thru2017,50,05000US48041,"Brazos County, Texas",48,41,77480,35245,7710,1150,845,465,695,665,365,1000,610,220,425,120,530,615,27180,25,175,395,660,640,370,1245,1240,435,1790,695,2620,16890,355,355,0,0,0,0,0,0,0,0,0,0,0,0,42235,23860,6610,3735,3095,3155,2845,895,1590,950,165,300,95,190,240,16870,310,330,225,430,605,510,2300,1850,640,2015,660,1615,5380,1505,1505,0,0,0,0,0,0,0,0,0,0,0,0,830,690,657,236,179,146,231,209,146,226,194,77,142,80,139,145,718,32,93,158,174,183,140,264,246,144,335,204,344,693,119,119,31,31,31,31,31,31,31,31,31,31,31,31,934,964,653,538,438,445,442,211,321,285,110,133,74,106,141,1017,143,115,119,149,196,209,375,317,189,393,207,314,597,263,263,31,31,31,31,31,31,31,31,31,31,31,31
2013thru2017,50,05000US48043,"Brewster County, Texas",48,43,3930,2155,425,30,35,25,75,70,50,15,25,0,30,0,15,45,1720,0,25,110,100,80,4,120,140,35,95,25,105,880,10,10,0,0,0,0,0,0,0,0,0,0,0,0,1775,700,125,100,45,40,95,80,115,60,0,35,0,0,15,1075,15,40,50,105,110,35,75,220,25,85,30,65,220,0,0,0,0,0,0,0,0,0,0,0,0,0,0,236,205,121,37,28,27,58,56,44,25,42,19,31,19,25,48,204,19,28,68,57,44,17,53,76,38,56,34,54,156,17,17,19,19,19,19,19,19,19,19,19,19,19,19,236,182,87,70,37,31,66,70,74,51,19,47,19,19,14,191,17,31,53,83,71,31,62,126,25,68,24,51,91,19,19,19,19,19,19,19,19,19,19,19,19,19,19
2013thru2017,50,05000US48045,"Briscoe County, Texas",48,45,665,505,65,4,4,10,10,4,4,4,15,0,0,0,0,4,435,4,15,15,35,50,10,50,25,10,20,30,20,155,4,4,0,0,0,0,0,0,0,0,0,0,0,0,160,45,15,0,10,4,10,0,0,0,0,0,0,0,4,115,0,15,0,0,4,4,25,4,10,15,4,4,30,0,0,0,0,0,0,0,0,0,0,0,0,0,0,54,57,27,10,12,12,10,12,2,7,20,13,13,13,13,13,65,5,14,13,22,30,13,22,21,13,23,20,11,37,1,1,13,13,13,13,13,13,13,13,13,13,13,13,42,23,16,13,13,15,18,13,13,13,13,13,13,13,6,36,13,13,13,13,8,13,17,10,13,20,3,9,20,13,13,13,13,13,13,13,13,13,13,13,13,13,13
2013thru2017,50,05000US48047,"Brooks County, Texas",48,47,2020,1245,335,65,60,60,35,0,0,20,15,0,20,0,0,65,900,15,85,20,95,80,25,65,35,40,60,10,90,285,10,10,0,0,0,0,0,0,0,0,0,0,0,0,780,350,140,115,70,0,4,0,10,0,0,0,0,10,10,350,30,35,10,40,60,0,95,10,0,35,10,15,20,80,80,0,0,0,0,0,0,0,0,0,0,0,0,232,165,94,38,43,59,30,19,19,23,18,19,26,19,19,55,149,23,46,22,57,43,25,44,32,35,38,14,54,98,14,14,19,19,19,19,19,19,19,19,19,19,19,19,151,128,78,73,59,19,11,19,15,19,19,19,19,16,17,124,35,34,15,41,57,19,68,16,19,40,16,20,23,74,74,19,19,19,19,19,19,19,19,19,19,19,19
2013thru2017,50,05000US48049,"Brown County, Texas",48,49,13835,10040,2215,310,370,310,300,220,105,275,60,20,55,15,50,130,7730,10,65,200,210,430,235,640,645,245,670,165,575,3640,90,90,0,0,0,0,0,0,0,0,0,0,0,0,3795,1490,195,360,230,260,220,25,125,40,4,30,0,0,4,2140,30,65,55,125,90,45,320,225,25,235,65,325,535,165,165,0,0,0,0,0,0,0,0,0,0,0,0,401,342,236,96,130,112,116,71,65,111,40,19,36,15,33,71,399,14,36,91,76,120,88,162,136,87,137,59,132,290,56,56,28,28,28,28,28,28,28,28,28,28,28,28,330,215,84,114,110,98,89,27,94,40,9,32,28,28,11,292,23,32,33,66,47,31,119,88,24,105,52,120,134,108,108,28,28,28,28,28,28,28,28,28,28,28,28
2013thru2017,50,05000US48051,"Burleson County, Texas",48,51,6565,5125,770,125,80,60,35,45,55,95,100,10,90,0,35,45,4245,4,175,185,130,140,70,410,445,80,240,125,365,1870,115,115,0,0,0,0,0,0,0,0,0,0,0,0,1440,445,110,110,130,30,10,30,10,0,0,0,4,0,10,965,60,85,25,4,20,25,105,125,25,65,15,175,235,30,30,0,0,0,0,0,0,0,0,0,0,0,0,283,309,171,78,46,37,32,34,49,53,58,17,71,21,24,42,279,12,92,89,51,64,47,119,115,60,86,56,138,212,78,78,21,21,21,21,21,21,21,21,21,21,21,21,246,149,89,71,84,34,16,26,21,21,21,21,9,21,19,211,53,59,26,14,23,39,74,73,32,51,18,87,104,35,35,21,21,21,21,21,21,21,21,21,21,21,21
2013thru2017,50,05000US48053,"Burnet County, Texas",48,53,16545,12610,2830,175,350,160,350,250,50,260,165,125,305,40,115,480,9745,100,175,150,325,400,330,665,480,390,730,200,1100,4705,35,35,0,0,0,0,0,0,0,0,0,0,0,0,3935,1685,150,420,210,430,260,45,40,55,0,20,15,0,40,2225,25,85,45,50,210,65,265,215,125,185,80,205,670,30,30,0,0,0,0,0,0,0,0,0,0,0,0,588,577,357,115,176,76,155,158,45,121,85,103,159,34,73,193,521,95,92,102,150,175,170,196,145,166,196,106,232,410,34,34,28,28,28,28,28,28,28,28,28,28,28,28,454,337,90,235,113,161,121,41,36,46,28,35,32,28,63,422,24,60,40,58,135,50,138,143,97,130,65,102,250,34,34,28,28,28,28,28,28,28,28,28,28,28,28
2013thru2017,50,05000US48055,"Caldwell County, Texas",48,55,12895,8670,1790,305,255,320,170,165,60,245,85,4,40,40,40,70,6815,65,310,225,395,245,350,680,570,270,665,170,720,2145,65,65,0,0,0,0,0,0,0,0,0,0,0,0,4220,1950,680,280,535,160,80,30,45,65,0,4,0,30,40,2205,60,70,50,260,255,155,410,360,50,215,25,110,190,70,70,0,0,0,0,0,0,0,0,0,0,0,0,350,386,249,103,104,116,76,86,41,135,56,13,36,47,37,65,401,78,172,97,149,87,133,184,131,124,155,93,149,259,51,51,28,28,28,28,28,28,28,28,28,28,28,28,384,290,184,145,193,79,68,29,42,60,28,3,28,40,31,281,46,44,37,136,150,89,149,135,49,101,27,67,100,65,65,28,28,28,28,28,28,28,28,28,28,28,28
2013thru2017,50,05000US48057,"Calhoun County, Texas",48,57,7735,5460,1140,115,35,90,100,100,85,140,140,85,100,30,40,70,4315,30,95,85,140,160,80,335,260,110,250,90,430,2245,4,4,0,0,0,0,0,0,0,0,0,0,0,0,2275,970,185,175,115,125,170,0,95,30,20,20,0,0,40,1295,85,65,30,40,85,70,110,45,20,35,45,220,450,10,10,0,0,0,0,0,0,0,0,0,0,0,0,330,286,230,69,26,68,76,70,82,70,91,62,72,32,51,53,304,29,65,51,75,72,57,115,103,83,114,84,126,252,4,4,25,25,25,25,25,25,25,25,25,25,25,25,290,213,85,84,77,65,106,25,79,31,31,34,25,25,55,235,94,48,34,29,54,76,82,33,27,34,41,101,149,20,20,25,25,25,25,25,25,25,25,25,25,25,25
2013thru2017,50,05000US48059,"Callahan County, Texas",48,59,5290,4350,855,290,125,125,70,80,30,25,25,0,15,10,25,35,3280,0,65,120,150,225,210,250,235,100,235,80,305,1305,220,220,0,0,0,0,0,0,0,0,0,0,0,0,940,210,80,50,25,30,10,4,15,0,0,0,0,0,0,605,4,15,45,35,25,35,60,125,35,85,4,20,110,120,120,0,0,0,0,0,0,0,0,0,0,0,0,231,214,147,110,51,60,40,39,27,26,20,21,22,14,28,25,207,21,36,56,62,68,108,66,87,53,70,40,91,172,89,89,21,21,21,21,21,21,21,21,21,21,21,21,150,66,50,32,23,19,12,13,22,21,21,21,21,21,21,117,12,18,29,25,19,31,40,75,33,56,2,22,52,87,87,21,21,21,21,21,21,21,21,21,21,21,21
2013thru2017,50,05000US48061,"Cameron County, Texas",48,61,122190,82070,22555,3680,3125,2525,2515,1910,990,2145,1445,340,1135,210,690,1835,57515,340,1670,2900,2665,3575,1635,4600,4735,1500,3965,1265,4865,23800,2000,2000,0,0,0,0,0,0,0,0,0,0,0,0,40120,22435,5470,4775,3715,3205,1785,515,800,850,180,480,4,245,415,16115,620,1265,1035,870,905,460,1765,1585,450,1545,365,1535,3710,1565,1565,0,0,0,0,0,0,0,0,0,0,0,0,1027,1121,1048,529,402,392,416,288,260,457,327,134,272,102,161,262,1359,123,264,351,309,476,302,463,531,342,519,253,562,876,324,324,31,31,31,31,31,31,31,31,31,31,31,31,1173,1054,539,509,426,370,361,158,224,245,120,201,8,128,133,1017,160,230,232,208,218,132,300,330,187,315,113,283,537,348,348,31,31,31,31,31,31,31,31,31,31,31,31
2013thru2017,50,05000US48063,"Camp County, Texas",48,63,4730,3345,640,120,135,40,15,35,25,95,65,0,45,0,45,25,2685,0,25,30,235,80,60,295,300,35,150,60,245,1165,20,20,0,0,0,0,0,0,0,0,0,0,0,0,1385,730,95,175,125,135,20,0,35,30,25,35,0,0,55,655,0,0,30,25,75,20,90,105,0,100,20,80,105,0,0,0,0,0,0,0,0,0,0,0,0,0,0,192,200,137,54,72,30,18,28,23,70,40,21,38,21,36,26,207,21,27,27,100,41,44,109,114,29,70,37,90,169,30,30,21,21,21,21,21,21,21,21,21,21,21,21,187,151,64,87,71,83,25,21,47,35,38,52,21,21,60,154,21,21,26,33,61,32,49,57,21,65,26,57,52,21,21,21,21,21,21,21,21,21,21,21,21,21,21
2013thru2017,50,05000US48065,"Carson County, Texas",48,65,2290,1950,190,35,20,10,50,0,10,20,25,0,10,0,4,15,1750,10,35,35,75,80,0,125,80,45,175,85,160,845,10,10,0,0,0,0,0,0,0,0,0,0,0,0,345,45,4,4,4,20,4,0,4,0,0,4,0,0,0,285,25,0,30,4,55,0,15,35,0,10,30,25,60,20,20,0,0,0,0,0,0,0,0,0,0,0,0,99,103,56,22,22,14,32,19,18,19,21,19,15,19,2,24,114,13,25,25,34,42,19,55,32,30,65,58,54,113,13,13,19,19,19,19,19,19,19,19,19,19,19,19,90,28,3,10,4,21,2,19,19,19,19,15,19,19,19,87,29,19,34,4,43,19,20,28,19,14,41,24,46,23,23,19,19,19,19,19,19,19,19,19,19,19,19
2013thru2017,50,05000US48067,"Cass County, Texas",48,67,11810,9195,1840,265,175,375,175,145,110,150,120,20,25,55,140,90,7215,15,100,305,310,375,205,585,720,130,490,235,635,3110,135,135,0,0,0,0,0,0,0,0,0,0,0,0,2615,940,240,175,125,80,90,65,20,45,75,20,0,4,4,1435,40,65,100,90,95,110,240,180,15,75,40,120,270,240,240,0,0,0,0,0,0,0,0,0,0,0,0,340,363,305,110,69,148,84,72,81,109,83,28,22,62,111,56,364,16,59,116,134,122,101,142,160,75,141,86,164,320,70,70,28,28,28,28,28,28,28,28,28,28,28,28,276,185,87,78,49,51,91,37,21,38,87,34,28,3,28,212,38,44,56,42,60,73,100,90,20,45,39,60,101,124,124,28,28,28,28,28,28,28,28,28,28,28,28
2013thru2017,50,05000US48069,"Castro County, Texas",48,69,2460,1585,265,15,20,15,10,55,40,15,10,0,0,0,25,55,1310,0,4,65,30,45,35,195,90,55,125,4,110,555,4,4,0,0,0,0,0,0,0,0,0,0,0,0,880,255,70,30,35,15,25,15,40,15,0,15,0,0,4,600,10,25,0,80,80,15,90,35,10,25,10,85,140,25,25,0,0,0,0,0,0,0,0,0,0,0,0,118,131,87,21,19,17,18,50,36,23,16,19,19,19,28,45,130,19,4,35,30,36,27,84,44,37,66,19,63,89,12,12,19,19,19,19,19,19,19,19,19,19,19,19,127,89,54,33,28,26,27,23,44,23,19,19,19,19,4,132,15,34,19,61,55,19,48,19,15,23,22,42,74,31,31,19,19,19,19,19,19,19,19,19,19,19,19
2013thru2017,50,05000US48071,"Chambers County, Texas",48,71,13320,11025,2325,550,345,155,285,270,50,260,95,25,50,0,45,200,8430,0,30,330,230,270,125,395,505,240,515,165,500,5130,270,270,0,0,0,0,0,0,0,0,0,0,0,0,2295,755,195,175,80,175,25,35,25,15,0,15,0,0,15,1525,4,75,60,195,50,4,20,275,40,130,70,110,490,15,15,0,0,0,0,0,0,0,0,0,0,0,0,290,437,339,175,136,85,155,140,63,162,60,32,58,28,46,112,460,28,28,169,122,96,96,181,190,127,176,103,171,428,175,175,28,28,28,28,28,28,28,28,28,28,28,28,414,207,127,113,59,128,28,61,40,27,28,30,28,28,23,420,6,61,68,161,48,14,25,166,40,119,75,79,266,20,20,28,28,28,28,28,28,28,28,28,28,28,28
2013thru2017,50,05000US48073,"Cherokee County, Texas",48,73,17885,13170,3305,250,375,420,380,455,130,345,205,110,125,55,55,400,9755,30,155,285,500,270,165,915,815,150,790,360,765,4555,115,115,0,0,0,0,0,0,0,0,0,0,0,0,4715,2010,415,310,350,240,210,130,85,60,4,105,0,20,70,2485,80,100,135,75,215,100,220,280,110,340,65,160,600,220,220,0,0,0,0,0,0,0,0,0,0,0,0,357,369,303,109,120,119,135,158,60,143,91,80,77,65,44,125,372,41,61,119,149,98,98,204,187,70,216,134,219,426,65,65,31,31,31,31,31,31,31,31,31,31,31,31,411,314,168,109,137,99,103,74,49,47,11,84,31,30,75,333,56,56,60,40,106,65,104,129,80,138,57,82,173,112,112,31,31,31,31,31,31,31,31,31,31,31,31
2013thru2017,50,05000US48075,"Childress County, Texas",48,75,2280,1255,275,60,25,20,40,40,30,30,0,0,0,0,0,30,955,0,0,50,25,70,25,120,70,0,35,4,140,405,25,25,0,0,0,0,0,0,0,0,0,0,0,0,1030,365,70,35,125,45,70,0,0,15,0,0,0,0,4,665,0,70,15,0,30,0,30,95,0,145,15,150,115,0,0,0,0,0,0,0,0,0,0,0,0,0,0,214,161,103,57,39,31,52,41,43,37,19,19,19,19,19,24,167,19,19,54,34,70,39,96,57,19,53,17,79,134,36,36,19,19,19,19,19,19,19,19,19,19,19,19,219,126,74,40,92,55,47,19,19,27,19,19,19,19,6,200,19,74,25,19,36,19,35,113,19,104,25,132,64,19,19,19,19,19,19,19,19,19,19,19,19,19,19
2013thru2017,50,05000US48077,"Clay County, Texas",48,77,4075,3480,650,65,145,55,40,45,25,70,65,20,25,10,15,70,2785,4,20,95,85,140,60,230,325,30,175,55,255,1310,40,40,0,0,0,0,0,0,0,0,0,0,0,0,595,235,90,35,40,25,30,0,4,4,0,0,0,0,4,360,0,10,35,50,30,4,60,30,0,30,0,30,80,0,0,0,0,0,0,0,0,0,0,0,0,0,0,146,154,106,28,58,39,26,22,20,34,38,29,19,14,21,35,180,21,14,47,38,57,36,59,84,24,55,33,77,139,30,30,21,21,21,21,21,21,21,21,21,21,21,21,114,71,61,29,35,16,27,21,12,9,21,21,21,21,21,95,21,14,28,46,25,11,39,22,21,26,21,31,34,21,21,21,21,21,21,21,21,21,21,21,21,21,21
2013thru2017,50,05000US48079,"Cochran County, Texas",48,79,1000,760,140,10,10,15,25,25,4,15,10,0,0,4,4,10,615,4,55,60,30,35,10,50,45,15,35,10,45,225,10,10,0,0,0,0,0,0,0,0,0,0,0,0,240,115,70,15,0,15,0,0,0,0,0,4,0,0,10,120,4,20,0,10,4,4,10,4,15,4,4,20,30,4,4,0,0,0,0,0,0,0,0,0,0,0,0,67,61,37,12,12,13,16,22,10,15,14,13,13,4,7,16,59,3,32,23,16,21,13,23,21,18,20,13,20,44,11,11,13,13,13,13,13,13,13,13,13,13,13,13,59,48,40,17,13,12,13,13,13,13,13,9,13,13,14,38,5,16,13,12,10,1,15,6,21,13,2,18,15,13,13,13,13,13,13,13,13,13,13,13,13,13,13
2013thru2017,50,05000US48081,"Coke County, Texas",48,81,1575,1120,155,30,45,25,10,15,10,4,0,4,0,0,4,0,965,0,35,45,40,50,35,115,90,25,70,30,90,345,0,0,0,0,0,0,0,0,0,0,0,0,0,0,455,175,30,90,20,10,25,0,4,0,0,0,0,0,0,280,4,20,35,25,10,15,25,15,10,4,0,35,70,0,0,0,0,0,0,0,0,0,0,0,0,0,0,97,81,46,24,21,17,14,18,14,9,13,16,13,13,9,13,83,13,28,28,29,25,25,44,49,19,31,21,41,62,13,13,13,13,13,13,13,13,13,13,13,13,13,13,89,55,25,49,19,13,23,13,13,13,13,13,13,13,13,71,14,20,28,34,20,19,24,20,15,4,13,29,38,13,13,13,13,13,13,13,13,13,13,13,13,13,13
2013thru2017,50,05000US48083,"Coleman County, Texas",48,83,3470,2465,540,105,90,75,95,10,10,15,35,45,35,4,4,15,1900,0,25,10,135,75,35,175,250,120,145,45,115,765,25,25,0,0,0,0,0,0,0,0,0,0,0,0,1005,355,25,125,120,35,40,0,0,0,0,4,0,0,4,615,20,80,0,25,65,4,105,50,0,65,20,90,85,35,35,0,0,0,0,0,0,0,0,0,0,0,0,238,205,147,59,60,53,66,13,15,15,31,68,22,5,19,14,202,19,29,14,85,48,23,70,113,70,75,35,39,150,22,22,19,19,19,19,19,19,19,19,19,19,19,19,185,108,24,75,53,31,47,19,19,19,19,19,19,19,15,155,20,76,19,35,51,13,80,37,19,54,21,85,46,23,23,19,19,19,19,19,19,19,19,19,19,19,19
2013thru2017,50,05000US48085,"Collin County, Texas",48,85,323905,212555,41435,3295,2605,3245,3380,3550,1735,5755,4240,1295,3140,950,2950,5295,169250,75,595,1115,1995,2205,1415,5225,6895,2660,9050,3135,13475,121405,1870,1870,0,0,0,0,0,0,0,0,0,0,0,0,111350,46510,6120,5485,5335,6405,6175,2250,5745,3485,970,1565,445,1345,1190,63000,470,420,335,525,1485,900,4800,6460,2830,7425,2235,8420,26695,1840,1840,0,0,0,0,0,0,0,0,0,0,0,0,1314,1950,1289,377,383,389,463,448,273,549,498,207,465,188,424,504,1972,39,185,222,343,274,307,568,636,334,643,412,743,1826,304,304,31,31,31,31,31,31,31,31,31,31,31,31,1668,1687,586,511,629,748,574,308,591,492,271,266,169,261,265,1648,143,148,112,208,311,244,497,608,379,699,400,758,1176,301,301,31,31,31,31,31,31,31,31,31,31,31,31
2013thru2017,50,05000US48087,"Collingsworth County, Texas",48,87,1100,885,115,10,35,15,10,4,4,10,20,0,0,0,4,4,765,0,10,30,30,45,45,75,95,15,80,20,45,280,4,4,0,0,0,0,0,0,0,0,0,0,0,0,215,70,20,15,4,25,0,0,0,0,0,0,0,0,4,145,4,0,10,0,20,25,35,0,0,15,4,10,25,0,0,0,0,0,0,0,0,0,0,0,0,0,0,79,78,47,18,29,15,11,16,3,15,26,13,13,13,2,7,73,13,12,36,27,25,29,38,46,16,37,23,32,63,8,8,13,13,13,13,13,13,13,13,13,13,13,13,74,36,24,17,10,27,13,13,13,13,13,13,13,13,4,66,5,13,14,13,30,29,30,13,13,14,15,16,24,13,13,13,13,13,13,13,13,13,13,13,13,13,13
2013thru2017,50,05000US48089,"Colorado County, Texas",48,89,7605,6240,1150,185,90,100,80,140,35,165,35,10,145,0,50,110,4965,35,125,165,135,185,140,340,490,105,285,130,430,2405,130,130,0,0,0,0,0,0,0,0,0,0,0,0,1365,475,45,55,110,20,0,45,90,10,0,80,15,4,0,865,50,50,30,30,80,55,70,70,50,50,40,80,210,25,25,0,0,0,0,0,0,0,0,0,0,0,0,349,343,218,100,69,65,51,79,36,92,40,18,91,25,51,70,317,54,73,89,80,97,81,104,163,70,110,72,156,255,98,98,25,25,25,25,25,25,25,25,25,25,25,25,269,187,32,35,65,27,25,71,90,17,25,105,23,14,25,184,38,41,30,33,59,38,42,65,45,50,47,74,106,31,31,25,25,25,25,25,25,25,25,25,25,25,25
2013thru2017,50,05000US48091,"Comal County, Texas",48,91,47255,35605,6955,880,490,585,525,610,300,695,715,125,310,120,425,1170,28430,90,135,415,330,795,420,1260,1560,505,1655,535,2795,17940,220,220,0,0,0,0,0,0,0,0,0,0,0,0,11650,5265,710,530,830,895,495,365,590,390,55,155,10,65,175,6185,115,80,140,155,195,125,550,845,215,595,275,725,2180,200,200,0,0,0,0,0,0,0,0,0,0,0,0,579,685,522,211,134,164,159,152,109,162,199,69,116,70,103,279,791,74,74,134,124,214,136,215,250,131,234,153,401,668,94,94,31,31,31,31,31,31,31,31,31,31,31,31,670,554,194,188,244,249,162,138,210,167,48,87,14,65,91,501,107,63,76,123,87,100,189,243,113,203,119,195,393,106,106,31,31,31,31,31,31,31,31,31,31,31,31
2013thru2017,50,05000US48093,"Comanche County, Texas",48,93,5105,4000,895,185,105,85,70,90,20,110,45,0,55,10,45,75,3015,0,70,40,155,175,50,290,260,115,225,65,335,1235,95,95,0,0,0,0,0,0,0,0,0,0,0,0,1105,360,110,40,50,25,15,75,0,15,0,0,4,0,20,690,0,25,30,60,25,60,95,75,30,90,0,60,140,50,50,0,0,0,0,0,0,0,0,0,0,0,0,236,252,172,105,43,60,44,51,25,61,40,21,43,16,33,77,218,21,59,30,61,85,35,89,76,76,92,37,86,157,59,59,21,21,21,21,21,21,21,21,21,21,21,21,186,97,66,31,53,29,27,75,21,29,21,21,9,21,29,155,21,29,26,46,27,56,61,45,23,82,21,50,66,49,49,21,21,21,21,21,21,21,21,21,21,21,21
2013thru2017,50,05000US48095,"Concho County, Texas",48,95,790,565,120,20,20,45,4,4,20,4,4,4,0,0,4,0,440,0,0,10,10,20,10,30,40,15,25,4,35,235,0,0,0,0,0,0,0,0,0,0,0,0,0,0,225,70,15,10,15,10,0,0,20,0,0,0,0,0,0,145,4,4,4,10,4,20,20,10,25,4,0,20,25,10,10,0,0,0,0,0,0,0,0,0,0,0,0,115,103,51,17,17,29,13,13,22,2,1,2,13,13,13,13,90,13,13,15,11,15,14,25,28,16,22,11,23,58,13,13,13,13,13,13,13,13,13,13,13,13,13,13,64,42,21,14,19,15,13,13,25,13,13,13,13,13,13,52,13,12,4,13,14,22,17,14,26,13,13,22,21,14,14,13,13,13,13,13,13,13,13,13,13,13,13
2013thru2017,50,05000US48097,"Cooke County, Texas",48,97,15185,10455,1875,150,195,155,210,215,115,170,120,4,25,55,120,345,8555,4,55,110,230,240,205,545,415,220,610,235,940,4745,25,25,0,0,0,0,0,0,0,0,0,0,0,0,4730,1800,275,245,310,340,290,125,110,30,0,25,0,0,45,2840,90,100,125,220,210,205,325,255,200,345,55,250,460,90,90,0,0,0,0,0,0,0,0,0,0,0,0,343,440,274,61,94,59,106,90,79,87,75,13,24,49,56,132,398,1,44,63,82,115,77,149,123,82,175,117,136,322,27,27,28,28,28,28,28,28,28,28,28,28,28,28,486,314,102,113,126,161,125,76,59,35,28,31,28,28,36,379,61,45,90,107,103,105,99,106,110,144,55,101,152,71,71,28,28,28,28,28,28,28,28,28,28,28,28
2013thru2017,50,05000US48099,"Coryell County, Texas",48,99,22425,12915,2580,310,305,270,255,290,105,240,315,80,115,40,145,115,10275,4,105,205,310,340,125,630,785,405,860,275,1095,5135,60,60,0,0,0,0,0,0,0,0,0,0,0,0,9510,3930,510,325,715,750,485,215,465,240,40,60,0,80,45,5425,85,100,115,80,220,165,660,740,340,580,145,760,1435,150,150,0,0,0,0,0,0,0,0,0,0,0,0,523,453,331,116,108,129,110,93,62,120,109,57,70,45,68,53,448,10,59,72,100,143,78,141,151,122,188,106,190,344,35,35,31,31,31,31,31,31,31,31,31,31,31,31,597,416,144,139,195,200,148,102,115,80,32,56,31,74,38,537,86,56,73,39,89,96,197,207,144,176,88,220,255,76,76,31,31,31,31,31,31,31,31,31,31,31,31
2013thru2017,50,05000US48101,"Cottle County, Texas",48,101,665,435,70,0,25,15,4,0,0,0,20,0,15,0,0,0,365,0,4,10,20,25,10,40,30,4,30,10,50,125,0,0,0,0,0,0,0,0,0,0,0,0,0,0,230,70,40,15,0,0,4,10,0,0,0,0,0,0,0,140,4,40,10,10,40,0,10,4,4,4,0,4,15,20,20,0,0,0,0,0,0,0,0,0,0,0,0,71,69,35,13,24,13,13,13,13,13,20,13,23,13,13,13,63,13,1,13,19,19,20,23,27,13,21,13,20,40,13,13,13,13,13,13,13,13,13,13,13,13,13,13,64,39,33,14,13,13,13,20,13,13,13,13,13,13,13,56,11,35,14,21,44,13,13,13,1,4,13,13,10,25,25,13,13,13,13,13,13,13,13,13,13,13,13
2013thru2017,50,05000US48103,"Crane County, Texas",48,103,1480,1160,160,50,20,10,30,0,10,10,0,0,0,0,0,35,985,4,20,30,15,25,30,100,85,0,135,90,90,365,10,10,0,0,0,0,0,0,0,0,0,0,0,0,320,115,40,10,10,4,20,0,0,4,10,10,0,0,10,200,0,4,0,35,20,20,20,4,0,35,0,0,65,4,4,0,0,0,0,0,0,0,0,0,0,0,0,70,78,54,35,22,13,26,13,14,14,13,13,13,13,13,36,84,9,23,21,16,24,22,45,47,13,65,64,57,69,14,14,13,13,13,13,13,13,13,13,13,13,13,13,78,44,36,17,14,2,21,13,13,11,15,15,13,13,13,69,13,2,13,36,20,27,27,6,13,26,13,13,29,10,10,13,13,13,13,13,13,13,13,13,13,13,13
2013thru2017,50,05000US48105,"Crockett County, Texas",48,105,1410,1025,180,65,20,40,25,0,0,0,35,0,0,0,0,0,850,0,20,0,105,0,20,55,0,20,125,20,80,400,0,0,0,0,0,0,0,0,0,0,0,0,0,0,385,140,50,0,55,25,0,0,10,0,0,0,0,0,0,245,0,0,0,0,30,60,50,30,0,0,0,0,70,0,0,0,0,0,0,0,0,0,0,0,0,0,0,128,147,91,56,30,57,36,13,13,13,51,13,13,13,13,13,159,13,33,13,67,13,31,39,13,33,84,25,64,115,13,13,13,13,13,13,13,13,13,13,13,13,13,13,138,88,56,13,63,34,13,13,23,13,13,13,13,13,13,111,13,13,13,13,40,71,57,27,13,13,13,13,67,13,13,13,13,13,13,13,13,13,13,13,13,13,13
2013thru2017,50,05000US48107,"Crosby County, Texas",48,107,2065,1415,280,40,55,35,65,20,20,20,15,0,4,0,0,0,1125,0,40,55,70,85,15,130,90,20,100,55,145,320,10,10,0,0,0,0,0,0,0,0,0,0,0,0,650,205,35,65,25,25,4,4,25,4,10,0,0,15,0,425,10,25,30,30,55,15,75,40,0,35,20,20,70,15,15,0,0,0,0,0,0,0,0,0,0,0,0,100,119,65,27,31,24,33,25,24,18,11,19,11,19,19,19,100,19,31,17,34,38,14,38,38,15,39,29,49,62,12,12,19,19,19,19,19,19,19,19,19,19,19,19,91,56,25,36,23,22,15,19,24,7,14,19,19,19,19,72,16,21,21,21,34,17,34,29,19,23,20,19,34,15,15,19,19,19,19,19,19,19,19,19,19,19,19
2013thru2017,50,05000US48109,"Culberson County, Texas",48,109,735,490,80,15,25,15,0,4,0,0,4,0,0,0,4,4,410,0,15,35,55,40,0,55,35,0,40,10,40,85,0,0,0,0,0,0,0,0,0,0,0,0,0,0,245,100,25,25,15,20,0,0,0,0,0,0,0,20,0,145,10,15,10,20,4,4,4,10,15,4,0,10,35,0,0,0,0,0,0,0,0,0,0,0,0,0,0,98,79,37,16,21,18,13,9,13,13,2,13,13,13,12,6,80,13,16,27,34,30,13,31,25,13,21,17,29,34,13,13,13,13,13,13,13,13,13,13,13,13,13,13,63,46,18,19,17,20,13,13,13,13,13,13,13,29,13,49,17,14,13,20,5,9,13,16,18,14,13,15,25,13,13,13,13,13,13,13,13,13,13,13,13,13,13
2013thru2017,50,05000US48111,"Dallam County, Texas",48,111,2430,1450,185,30,4,15,15,4,40,35,10,0,4,10,4,10,1260,0,30,60,60,35,10,75,145,55,125,50,130,495,4,4,0,0,0,0,0,0,0,0,0,0,0,0,980,230,4,15,100,30,20,4,25,15,0,0,20,0,0,740,4,15,4,20,15,15,90,190,60,90,0,25,215,15,15,0,0,0,0,0,0,0,0,0,0,0,0,143,148,77,27,2,26,22,19,39,31,20,19,8,15,13,11,158,19,26,40,41,30,16,46,79,43,68,41,68,117,4,4,19,19,19,19,19,19,19,19,19,19,19,19,169,90,4,21,62,43,26,19,24,27,19,19,29,19,19,164,5,27,19,21,22,24,57,129,51,65,19,26,108,25,25,19,19,19,19,19,19,19,19,19,19,19,19
2013thru2017,50,05000US48113,"Dallas County, Texas",48,113,906180,457250,121910,14615,14010,15190,14545,12470,5305,12960,9105,2380,5095,1735,4425,10065,331610,1195,4870,8160,10760,13530,6810,24780,26290,9360,25775,8505,29240,162330,3735,3735,0,0,0,0,0,0,0,0,0,0,0,0,448930,220260,44635,38255,39020,30585,21840,7175,16695,8765,2450,4085,775,2860,3115,218290,4560,3320,4120,8310,13985,6945,28765,24990,8985,21495,7370,20920,64530,10375,10375,0,0,0,0,0,0,0,0,0,0,0,0,2127,3980,2260,738,844,964,885,819,470,796,715,375,493,322,461,695,3286,209,489,517,631,774,577,1203,1374,669,1138,695,1297,2464,384,384,31,31,31,31,31,31,31,31,31,31,31,31,3635,3333,1412,1505,1333,1318,950,667,1142,692,350,460,168,442,373,3035,433,420,498,710,947,612,1346,1178,901,973,489,1101,1691,819,819,31,31,31,31,31,31,31,31,31,31,31,31
2013thru2017,50,05000US48115,"Dawson County, Texas",48,115,4340,3085,600,85,170,125,20,55,45,60,4,0,0,4,0,35,2460,10,75,165,50,40,70,110,250,50,195,75,170,1205,25,25,0,0,0,0,0,0,0,0,0,0,0,0,1255,325,40,10,85,135,4,4,35,0,0,10,0,0,0,890,10,65,65,115,100,15,60,155,50,45,10,20,180,40,40,0,0,0,0,0,0,0,0,0,0,0,0,185,214,150,52,72,66,29,31,36,50,2,21,21,4,21,51,205,15,47,78,30,28,39,58,112,45,76,49,78,158,32,32,21,21,21,21,21,21,21,21,21,21,21,21,200,150,41,16,76,108,7,7,37,21,21,14,21,21,21,216,21,45,53,79,82,22,60,117,58,42,19,21,82,43,43,21,21,21,21,21,21,21,21,21,21,21,21
2013thru2017,50,05000US48117,"Deaf Smith County, Texas",48,117,6120,3980,585,75,65,85,55,30,35,60,35,0,55,0,20,75,3365,0,60,85,60,100,65,375,480,40,220,35,250,1600,25,25,0,0,0,0,0,0,0,0,0,0,0,0,2140,635,135,75,205,80,50,0,45,20,0,0,0,20,15,1445,15,70,30,55,75,30,105,185,55,60,4,255,505,60,60,0,0,0,0,0,0,0,0,0,0,0,0,178,192,127,41,38,54,33,31,39,45,33,21,45,21,35,55,224,21,55,60,45,50,49,114,126,28,93,26,101,215,24,24,21,21,21,21,21,21,21,21,21,21,21,21,238,142,61,55,102,56,42,21,32,25,21,21,21,31,22,218,21,57,32,44,58,33,88,91,66,49,13,88,117,42,42,21,21,21,21,21,21,21,21,21,21,21,21
2013thru2017,50,05000US48119,"Delta County, Texas",48,119,2035,1570,280,45,65,20,35,35,4,20,4,35,4,0,15,0,1290,0,10,20,65,45,25,185,80,45,70,35,140,575,4,4,0,0,0,0,0,0,0,0,0,0,0,0,465,225,80,70,25,20,25,4,0,0,0,0,0,0,0,230,0,4,15,20,4,15,25,25,10,15,4,30,55,4,4,0,0,0,0,0,0,0,0,0,0,0,0,86,110,83,28,53,19,32,24,12,17,6,37,4,19,23,19,126,19,13,20,39,22,20,60,53,41,37,31,58,104,19,19,19,19,19,19,19,19,19,19,19,19,19,19,91,67,42,36,23,18,28,4,19,19,19,19,19,19,19,66,19,9,17,18,11,20,21,19,13,17,5,20,37,15,15,19,19,19,19,19,19,19,19,19,19,19,19
2013thru2017,50,05000US48121,"Denton County, Texas",48,121,275165,177520,36425,2785,2510,3105,3020,2710,1660,5115,3585,1130,2725,755,2530,4800,140525,90,380,970,1785,2155,1430,4895,6560,2870,7660,3605,13335,94790,570,570,0,0,0,0,0,0,0,0,0,0,0,0,97640,44005,6895,6320,6315,6500,5800,1900,5305,2195,705,885,195,585,405,51985,390,465,475,990,1480,1385,5820,7035,2590,6480,2230,6385,16260,1650,1650,0,0,0,0,0,0,0,0,0,0,0,0,1154,1422,1282,367,378,419,404,312,266,532,391,236,356,193,316,463,1701,53,113,236,247,344,279,424,478,366,568,391,821,1441,145,145,31,31,31,31,31,31,31,31,31,31,31,31,1421,1420,603,695,616,635,515,354,591,420,226,220,105,234,144,1382,152,156,138,268,315,262,675,639,400,587,347,494,846,362,362,31,31,31,31,31,31,31,31,31,31,31,31
2013thru2017,50,05000US48123,"DeWitt County, Texas",48,123,7260,5465,1010,135,225,200,55,105,25,30,35,0,4,0,4,195,4425,15,120,320,235,325,60,295,315,90,275,130,350,1895,25,25,0,0,0,0,0,0,0,0,0,0,0,0,1795,755,185,155,160,30,60,55,45,0,15,0,0,15,30,1020,50,65,55,30,45,35,105,60,30,125,0,120,300,20,20,0,0,0,0,0,0,0,0,0,0,0,0,270,241,201,68,74,102,31,69,25,26,38,25,10,25,13,107,282,17,73,95,138,156,34,94,94,59,97,64,103,223,23,23,25,25,25,25,25,25,25,25,25,25,25,25,246,179,94,70,95,28,92,67,54,25,23,25,25,27,42,205,51,47,47,28,45,32,59,37,33,66,25,67,131,18,18,25,25,25,25,25,25,25,25,25,25,25,25
2013thru2017,50,05000US48125,"Dickens County, Texas",48,125,830,595,95,25,15,15,10,15,0,4,4,0,0,0,0,4,495,0,15,30,25,35,4,20,35,30,40,4,25,230,4,4,0,0,0,0,0,0,0,0,0,0,0,0,235,50,20,4,15,4,0,0,0,4,0,4,0,0,4,185,0,45,0,10,10,4,10,30,4,15,15,10,30,4,4,0,0,0,0,0,0,0,0,0,0,0,0,74,59,35,19,12,12,11,15,13,2,13,13,13,13,13,7,55,13,19,23,13,18,14,15,21,22,21,10,16,34,16,16,13,13,13,13,13,13,13,13,13,13,13,13,60,24,17,4,18,13,13,13,13,4,13,4,13,13,13,55,13,34,13,13,14,13,11,25,13,16,20,14,17,5,5,13,13,13,13,13,13,13,13,13,13,13,13
2013thru2017,50,05000US48127,"Dimmit County, Texas",48,127,3475,2450,420,60,85,110,25,30,4,40,0,55,0,0,15,0,2025,4,135,245,210,225,0,200,50,210,50,85,105,500,0,0,0,0,0,0,0,0,0,0,0,0,0,0,1030,455,80,120,65,10,0,0,10,4,125,45,0,0,0,550,45,75,95,4,4,4,50,70,20,0,0,65,105,20,20,0,0,0,0,0,0,0,0,0,0,0,0,224,270,165,46,64,112,33,51,8,52,21,79,21,21,30,21,281,8,85,120,101,131,21,108,44,129,47,96,94,187,21,21,21,21,21,21,21,21,21,21,21,21,21,21,260,190,61,87,64,16,21,21,15,22,133,56,21,21,21,217,71,61,116,17,2,13,70,61,28,21,21,69,106,39,39,21,21,21,21,21,21,21,21,21,21,21,21
2013thru2017,50,05000US48129,"Donley County, Texas",48,129,1230,915,135,20,25,10,20,10,4,15,10,0,10,0,0,10,780,4,10,25,50,30,25,80,65,20,80,20,75,295,0,0,0,0,0,0,0,0,0,0,0,0,0,0,315,115,35,30,20,10,0,4,15,0,0,0,0,0,4,200,0,0,20,15,4,4,10,15,4,35,0,15,75,0,0,0,0,0,0,0,0,0,0,0,0,0,0,83,70,43,16,22,8,11,11,1,12,12,13,18,13,13,11,67,13,14,17,28,15,15,33,28,15,32,15,34,51,13,13,13,13,13,13,13,13,13,13,13,13,13,13,73,43,24,20,21,13,13,13,16,13,13,13,13,13,13,55,13,13,20,15,13,14,14,16,5,23,13,17,33,13,13,13,13,13,13,13,13,13,13,13,13,13,13
2013thru2017,50,05000US48131,"Duval County, Texas",48,131,3845,2585,580,90,135,85,15,80,0,4,10,0,45,0,40,80,1925,10,95,100,185,175,40,175,140,70,170,30,90,655,75,75,0,0,0,0,0,0,0,0,0,0,0,0,1260,455,85,135,75,25,75,0,0,35,4,0,0,10,15,780,50,65,50,55,50,35,75,55,65,90,20,45,125,20,20,0,0,0,0,0,0,0,0,0,0,0,0,214,191,141,62,77,59,18,61,21,5,14,21,43,21,45,60,178,14,60,81,82,91,34,78,68,71,82,32,70,147,63,63,21,21,21,21,21,21,21,21,21,21,21,21,229,170,62,82,64,28,71,21,21,37,13,21,21,15,24,181,54,45,59,50,46,37,87,61,55,67,33,50,71,26,26,21,21,21,21,21,21,21,21,21,21,21,21
2013thru2017,50,05000US48133,"Eastland County, Texas",48,133,6435,4815,960,135,175,195,165,45,10,60,25,0,85,0,10,55,3485,4,65,205,300,385,85,350,355,45,315,60,255,1055,375,375,0,0,0,0,0,0,0,0,0,0,0,0,1620,280,40,90,55,20,65,4,0,0,0,0,0,0,4,1240,4,25,45,65,100,120,180,225,20,60,4,120,280,100,100,0,0,0,0,0,0,0,0,0,0,0,0,356,305,200,62,104,127,91,36,15,42,23,21,67,21,14,42,298,7,46,99,116,169,38,98,115,36,129,45,93,175,130,130,21,21,21,21,21,21,21,21,21,21,21,21,272,106,35,77,39,23,60,12,21,21,21,21,21,21,4,253,21,24,39,50,64,110,113,124,29,43,7,79,108,64,64,21,21,21,21,21,21,21,21,21,21,21,21
2013thru2017,50,05000US48135,"Ector County, Texas",48,135,51475,33995,6990,980,565,700,455,855,150,650,450,165,460,75,315,1160,26770,30,170,540,895,1130,530,1585,1480,900,1730,460,2405,14905,235,235,0,0,0,0,0,0,0,0,0,0,0,0,17480,7240,715,750,945,710,880,320,1130,640,130,405,75,265,280,9945,45,325,260,365,200,180,715,910,420,840,475,1075,4120,300,300,0,0,0,0,0,0,0,0,0,0,0,0,578,717,665,205,176,232,134,253,88,201,169,88,192,48,105,244,799,35,92,166,262,225,206,309,266,214,287,228,363,632,105,105,31,31,31,31,31,31,31,31,31,31,31,31,797,654,237,267,259,210,229,139,304,202,76,174,75,184,129,703,41,107,137,151,114,107,229,254,178,293,191,273,478,151,151,31,31,31,31,31,31,31,31,31,31,31,31
2013thru2017,50,05000US48137,"Edwards County, Texas",48,137,635,550,95,25,30,25,0,4,0,4,15,0,0,0,0,0,455,4,15,40,25,25,4,35,4,0,70,0,25,205,0,0,0,0,0,0,0,0,0,0,0,0,0,0,85,10,10,0,0,0,0,0,0,0,4,0,0,0,0,70,0,0,15,0,15,10,25,0,0,0,0,0,4,0,0,0,0,0,0,0,0,0,0,0,0,0,0,124,116,49,18,28,29,13,1,13,13,24,13,13,13,13,13,107,8,24,36,22,17,13,29,16,13,49,13,35,77,13,13,13,13,13,13,13,13,13,13,13,13,13,13,45,17,15,13,13,13,13,13,13,13,13,13,13,13,13,47,13,13,22,13,18,15,26,13,13,13,13,13,13,13,13,13,13,13,13,13,13,13,13,13,13,13,13
2013thru2017,50,05000US48139,"Ellis County, Texas",48,139,54725,39980,7945,1240,910,755,845,685,360,880,790,225,370,155,310,430,31845,70,390,550,780,1060,495,2000,3100,1040,3075,750,3090,15445,185,185,0,0,0,0,0,0,0,0,0,0,0,0,14745,6980,1460,815,1290,995,1065,235,465,195,105,100,100,10,135,7635,260,225,225,275,705,315,1070,1090,430,795,175,680,1385,130,130,0,0,0,0,0,0,0,0,0,0,0,0,476,799,597,235,225,155,209,171,126,223,214,122,126,80,103,136,736,56,127,163,161,208,138,276,414,222,364,213,329,655,99,99,31,31,31,31,31,31,31,31,31,31,31,31,703,522,272,171,217,247,303,121,135,107,104,80,103,21,121,596,120,102,133,113,227,120,281,256,145,210,83,168,321,61,61,31,31,31,31,31,31,31,31,31,31,31,31
2013thru2017,50,05000US48141,"El Paso County, Texas",48,141,263200,162110,41605,4240,5280,5295,4175,3875,1715,4890,3240,900,2570,505,1595,3315,118905,275,2205,3560,3940,4105,2410,8420,8980,3165,8985,2995,12340,57525,1595,1595,0,0,0,0,0,0,0,0,0,0,0,0,101090,48735,7400,8270,7775,6415,5995,2260,4555,2795,395,1150,100,835,790,49540,1460,2810,1675,2560,2395,1885,4990,5415,1300,4775,1175,4735,14375,2820,2820,0,0,0,0,0,0,0,0,0,0,0,0,1519,2245,1403,447,571,431,449,463,320,478,465,252,557,160,301,436,2080,102,312,353,396,506,290,665,716,337,668,444,951,1614,356,356,31,31,31,31,31,31,31,31,31,31,31,31,1894,1507,613,668,637,705,644,410,614,421,159,309,54,246,199,1654,277,378,289,377,378,342,554,623,311,522,277,598,1013,453,453,31,31,31,31,31,31,31,31,31,31,31,31
2013thru2017,50,05000US48143,"Erath County, Texas",48,143,13825,8805,2060,190,215,265,170,165,65,265,310,40,110,30,110,120,6525,0,45,130,160,115,180,380,455,175,440,135,455,3860,215,215,0,0,0,0,0,0,0,0,0,0,0,0,5025,2410,895,225,305,355,165,105,85,215,0,50,0,10,4,2405,100,45,80,40,120,90,325,180,75,135,115,245,855,205,205,0,0,0,0,0,0,0,0,0,0,0,0,447,406,308,117,124,151,89,67,41,142,132,49,97,35,86,68,404,28,42,75,67,55,77,130,125,82,163,68,117,346,88,88,28,28,28,28,28,28,28,28,28,28,28,28,390,297,243,108,120,138,104,82,62,133,28,43,28,19,6,353,123,52,75,36,63,67,153,88,60,79,65,131,210,118,118,28,28,28,28,28,28,28,28,28,28,28,28
2013thru2017,50,05000US48145,"Falls County, Texas",48,145,5405,3930,855,240,125,110,90,55,15,90,15,0,25,10,10,65,3030,0,40,60,120,185,60,310,255,60,285,35,365,1250,45,45,0,0,0,0,0,0,0,0,0,0,0,0,1475,565,185,265,85,4,20,0,0,0,0,0,0,0,0,870,65,70,50,75,90,15,70,165,15,105,20,25,110,40,40,0,0,0,0,0,0,0,0,0,0,0,0,267,189,145,77,57,56,69,33,16,49,18,21,24,17,18,44,197,21,36,43,60,65,39,111,86,39,87,18,121,150,25,25,21,21,21,21,21,21,21,21,21,21,21,21,217,154,91,118,60,9,20,21,21,21,21,21,21,21,21,165,40,58,42,43,56,20,44,95,18,65,14,27,58,40,40,21,21,21,21,21,21,21,21,21,21,21,21
2013thru2017,50,05000US48147,"Fannin County, Texas",48,147,12025,8975,1700,310,150,225,160,165,90,165,110,20,115,40,50,95,7155,15,60,160,225,325,235,445,565,150,505,185,550,3730,125,125,0,0,0,0,0,0,0,0,0,0,0,0,3050,1175,290,235,205,115,145,15,60,55,10,10,10,10,20,1855,65,70,115,95,85,80,310,195,60,195,80,220,285,20,20,0,0,0,0,0,0,0,0,0,0,0,0,304,289,215,104,53,85,58,78,56,61,70,21,47,29,45,34,309,23,31,53,68,88,87,94,118,56,130,76,129,290,65,65,28,28,28,28,28,28,28,28,28,28,28,28,264,199,103,89,105,56,72,19,32,41,13,13,14,15,24,226,36,39,63,67,37,49,130,82,46,100,51,72,82,28,28,28,28,28,28,28,28,28,28,28,28,28,28
2013thru2017,50,05000US48149,"Fayette County, Texas",48,149,9300,7550,1270,220,240,145,160,110,65,70,105,10,50,10,4,75,6170,4,140,205,290,225,285,495,495,185,420,185,580,2660,115,115,0,0,0,0,0,0,0,0,0,0,0,0,1745,570,40,145,100,105,40,15,55,15,0,45,0,0,10,1140,15,65,45,25,100,4,50,100,30,170,25,165,340,35,35,0,0,0,0,0,0,0,0,0,0,0,0,304,313,207,102,93,67,74,63,48,43,69,12,58,15,3,41,338,8,69,82,107,86,102,132,110,66,121,87,116,266,68,68,25,25,25,25,25,25,25,25,25,25,25,25,231,156,35,70,51,68,38,16,48,22,25,69,25,25,16,175,14,49,34,22,49,18,39,60,28,87,26,75,126,35,35,25,25,25,25,25,25,25,25,25,25,25,25
2013thru2017,50,05000US48151,"Fisher County, Texas",48,151,1695,1225,180,20,35,10,50,4,0,20,0,4,20,4,4,4,1035,0,30,10,25,45,35,70,90,50,90,20,80,490,15,15,0,0,0,0,0,0,0,0,0,0,0,0,470,130,25,35,30,20,0,0,4,20,0,0,0,0,0,330,20,20,15,4,25,10,30,20,10,55,25,15,85,10,10,0,0,0,0,0,0,0,0,0,0,0,0,116,94,51,20,22,16,30,13,13,16,13,9,28,11,9,1,99,13,21,13,20,26,25,31,42,28,38,19,32,64,14,14,13,13,13,13,13,13,13,13,13,13,13,13,84,43,17,27,20,20,13,13,3,18,13,13,13,13,13,73,25,21,15,14,21,11,25,27,14,40,24,14,48,13,13,13,13,13,13,13,13,13,13,13,13,13,13
2013thru2017,50,05000US48153,"Floyd County, Texas",48,153,2320,1685,240,70,45,10,25,20,15,40,15,0,0,0,0,4,1415,4,4,55,65,50,15,95,110,50,115,35,120,700,30,30,0,0,0,0,0,0,0,0,0,0,0,0,635,245,20,90,30,20,0,0,45,15,0,0,0,0,20,380,10,15,25,35,30,35,35,20,20,55,0,50,50,4,4,0,0,0,0,0,0,0,0,0,0,0,0,104,112,83,41,24,14,16,19,16,42,14,19,19,19,19,14,117,4,9,36,34,31,13,45,48,41,45,25,55,108,24,24,19,19,19,19,19,19,19,19,19,19,19,19,128,82,21,58,30,24,19,19,38,21,19,19,19,19,26,105,14,19,38,27,37,43,41,22,31,34,19,44,34,8,8,19,19,19,19,19,19,19,19,19,19,19,19
2013thru2017,50,05000US48155,"Foard County, Texas",48,155,560,450,70,4,4,15,10,0,4,20,10,0,0,0,0,4,380,0,4,10,4,40,15,55,20,0,35,25,55,115,0,0,0,0,0,0,0,0,0,0,0,0,0,0,110,10,0,0,4,0,10,0,0,0,0,0,0,0,0,100,0,10,4,10,20,0,0,0,0,4,0,10,40,0,0,0,0,0,0,0,0,0,0,0,0,0,0,68,67,39,13,11,23,14,13,2,24,14,13,13,13,13,13,63,13,12,15,1,29,16,31,16,13,30,23,27,39,13,13,13,13,13,13,13,13,13,13,13,13,13,13,42,14,13,13,6,13,14,13,13,13,13,13,13,13,13,41,13,14,7,15,19,13,13,13,13,13,13,14,29,13,13,13,13,13,13,13,13,13,13,13,13,13,13
2013thru2017,50,05000US48157,"Fort Bend County, Texas",48,157,222330,173535,37870,3440,2450,3210,2985,3400,1500,4680,3305,1340,3170,985,2280,5140,134610,45,610,1030,1790,2105,1205,4395,5500,2045,6810,2505,9205,97365,1050,1050,0,0,0,0,0,0,0,0,0,0,0,0,48795,21900,2785,2730,2400,2980,2410,915,2645,1965,465,660,170,750,1025,26045,280,545,325,600,585,275,1415,1960,980,2740,740,3730,11870,850,850,0,0,0,0,0,0,0,0,0,0,0,0,1127,1910,1500,513,418,493,442,566,418,680,474,398,606,282,459,665,2223,42,165,237,351,344,307,519,672,424,611,535,821,1924,294,294,31,31,31,31,31,31,31,31,31,31,31,31,1713,1206,377,496,500,513,459,230,465,397,189,214,121,296,289,1466,132,240,168,205,221,126,304,441,236,542,270,658,1120,306,306,31,31,31,31,31,31,31,31,31,31,31,31
2013thru2017,50,05000US48159,"Franklin County, Texas",48,159,3930,2930,825,110,55,200,65,140,30,40,75,10,10,10,60,20,2075,4,15,85,35,155,80,125,115,115,130,60,150,1005,30,30,0,0,0,0,0,0,0,0,0,0,0,0,1000,405,75,85,60,65,45,0,25,0,0,0,10,4,30,590,4,75,25,15,20,10,75,65,20,60,40,15,170,10,10,0,0,0,0,0,0,0,0,0,0,0,0,252,252,148,62,49,93,69,95,27,36,53,17,20,15,63,31,243,11,19,63,38,77,66,72,54,93,77,73,69,190,29,29,21,21,21,21,21,21,21,21,21,21,21,21,179,120,50,56,42,55,44,21,33,21,21,21,14,15,21,147,17,54,32,27,34,15,60,58,25,43,55,19,84,15,15,21,21,21,21,21,21,21,21,21,21,21,21
2013thru2017,50,05000US48161,"Freestone County, Texas",48,161,7230,5410,1115,175,140,210,110,115,4,75,55,15,40,0,45,130,4265,4,40,135,190,335,180,325,165,130,245,65,370,2075,35,35,0,0,0,0,0,0,0,0,0,0,0,0,1825,665,115,220,95,110,40,25,25,0,0,35,0,0,0,1115,15,20,35,65,105,15,120,75,80,80,25,60,420,45,45,0,0,0,0,0,0,0,0,0,0,0,0,281,289,187,88,82,98,51,87,4,31,49,27,33,21,33,63,278,11,36,64,99,130,86,86,71,65,74,48,107,235,44,44,21,21,21,21,21,21,21,21,21,21,21,21,243,178,82,116,58,74,31,27,25,21,21,53,21,21,21,217,26,27,26,63,75,15,80,46,89,56,29,48,150,35,35,21,21,21,21,21,21,21,21,21,21,21,21
2013thru2017,50,05000US48163,"Frio County, Texas",48,163,4530,3175,810,105,185,10,45,115,25,100,15,4,95,4,15,105,2255,0,105,230,80,160,40,180,195,60,115,115,55,915,110,110,0,0,0,0,0,0,0,0,0,0,0,0,1355,420,80,85,20,4,55,30,55,50,0,40,0,0,0,885,35,80,60,60,20,10,60,195,40,20,40,35,235,50,50,0,0,0,0,0,0,0,0,0,0,0,0,316,320,183,67,107,18,54,100,31,96,20,6,78,12,23,83,290,21,71,109,65,92,42,83,138,61,101,84,51,211,97,97,21,21,21,21,21,21,21,21,21,21,21,21,263,166,72,73,29,6,72,43,70,59,21,55,21,21,21,236,60,75,63,66,34,15,44,104,65,36,37,48,125,60,60,21,21,21,21,21,21,21,21,21,21,21,21
2013thru2017,50,05000US48165,"Gaines County, Texas",48,165,5715,4365,820,155,115,35,65,45,80,130,70,0,10,0,40,75,3500,4,50,105,165,210,60,255,270,195,355,85,215,1535,40,40,0,0,0,0,0,0,0,0,0,0,0,0,1350,405,85,10,25,100,65,15,0,0,0,0,4,50,50,875,40,15,20,65,35,50,85,95,4,55,15,80,305,75,75,0,0,0,0,0,0,0,0,0,0,0,0,220,263,201,78,82,37,57,57,66,92,76,21,19,21,44,55,280,4,38,71,91,103,40,109,142,108,141,82,108,237,65,65,21,21,21,21,21,21,21,21,21,21,21,21,218,133,66,20,30,69,47,23,21,21,21,21,4,71,43,217,42,25,45,42,36,47,61,68,7,60,27,73,126,69,69,21,21,21,21,21,21,21,21,21,21,21,21
2013thru2017,50,05000US48167,"Galveston County, Texas",48,167,117455,77875,15645,2265,1920,2010,1610,1015,765,950,1300,230,1280,165,775,1365,61790,265,570,1200,1550,1780,1330,3405,3060,980,3690,1175,4965,37815,440,440,0,0,0,0,0,0,0,0,0,0,0,0,39580,18295,4020,2935,2950,2555,1900,925,1560,605,245,160,110,90,245,20160,595,525,510,535,1015,970,1920,2225,570,2360,725,1860,6350,1125,1125,0,0,0,0,0,0,0,0,0,0,0,0,1032,1272,867,362,343,394,337,203,217,201,254,104,317,82,244,265,1409,131,196,298,281,275,226,538,365,207,452,243,517,1124,139,139,31,31,31,31,31,31,31,31,31,31,31,31,1257,1001,523,507,486,382,430,286,355,184,144,81,111,54,126,1014,177,183,164,174,251,230,359,420,137,392,231,347,564,274,274,31,31,31,31,31,31,31,31,31,31,31,31
2013thru2017,50,05000US48169,"Garza County, Texas",48,169,1715,1115,65,10,0,0,25,4,0,0,10,0,0,0,0,15,1050,0,10,25,10,65,10,90,75,0,100,10,115,540,0,0,0,0,0,0,0,0,0,0,0,0,0,0,600,140,30,25,10,20,0,30,10,0,0,0,0,15,0,450,20,25,10,4,40,0,40,80,10,65,40,50,80,10,10,0,0,0,0,0,0,0,0,0,0,0,0,129,141,43,15,19,19,25,10,19,19,14,19,19,19,19,26,138,19,14,26,17,54,15,46,59,19,64,15,74,131,19,19,19,19,19,19,19,19,19,19,19,19,19,19,154,65,33,29,15,33,19,31,17,19,19,19,19,22,19,142,26,36,13,15,45,19,33,106,16,83,53,48,48,16,16,19,19,19,19,19,19,19,19,19,19,19,19
2013thru2017,50,05000US48171,"Gillespie County, Texas",48,171,10795,8235,1965,170,180,160,305,105,105,320,135,50,50,30,210,145,6160,15,30,245,285,270,170,330,390,335,365,80,605,3030,110,110,0,0,0,0,0,0,0,0,0,0,0,0,2560,1155,220,245,160,225,85,75,40,95,0,0,0,0,10,1410,90,120,85,55,55,10,65,260,75,80,40,55,415,0,0,0,0,0,0,0,0,0,0,0,0,0,0,349,391,283,93,90,74,149,71,68,149,83,46,31,37,115,73,370,21,25,85,107,134,77,114,124,114,107,53,145,303,95,95,25,25,25,25,25,25,25,25,25,25,25,25,324,245,104,127,88,109,51,69,41,85,25,25,25,25,15,264,66,110,92,55,48,15,44,119,69,56,43,51,146,25,25,25,25,25,25,25,25,25,25,25,25,25,25
2013thru2017,50,05000US48173,"Glasscock County, Texas",48,173,475,340,40,15,4,0,10,0,0,4,0,0,0,0,4,0,300,0,10,25,20,15,0,15,0,10,15,10,4,175,4,4,0,0,0,0,0,0,0,0,0,0,0,0,135,35,15,0,4,10,0,0,0,0,0,10,0,0,0,100,0,0,20,30,15,0,10,0,4,10,0,0,10,0,0,0,0,0,0,0,0,0,0,0,0,0,0,52,52,22,14,13,13,14,13,13,10,13,13,13,13,13,13,53,13,13,20,17,14,13,12,13,13,20,16,16,59,4,4,13,13,13,13,13,13,13,13,13,13,13,13,53,29,24,13,3,15,13,13,13,13,13,16,13,13,13,48,13,13,33,27,20,13,16,13,2,17,13,13,14,13,13,13,13,13,13,13,13,13,13,13,13,13,13
2013thru2017,50,05000US48175,"Goliad County, Texas",48,175,2755,2255,245,20,55,15,35,4,20,0,25,4,4,0,10,55,1965,15,60,80,65,115,20,125,90,40,180,55,140,980,45,45,0,0,0,0,0,0,0,0,0,0,0,0,500,160,45,65,30,4,4,0,10,4,0,0,0,0,0,335,30,25,45,25,15,25,50,20,10,15,15,10,55,4,4,0,0,0,0,0,0,0,0,0,0,0,0,185,168,85,25,46,21,34,3,18,19,25,4,11,19,15,40,168,25,31,49,39,52,21,66,47,32,68,45,59,170,46,46,19,19,19,19,19,19,19,19,19,19,19,19,140,78,37,57,33,3,14,19,18,6,19,19,19,19,19,113,27,23,62,27,23,30,43,25,15,18,32,17,49,3,3,19,19,19,19,19,19,19,19,19,19,19,19
2013thru2017,50,05000US48177,"Gonzales County, Texas",48,177,7020,4820,1130,105,145,155,105,120,40,100,45,30,60,10,40,175,3690,4,80,120,145,155,55,225,270,100,295,90,390,1760,4,4,0,0,0,0,0,0,0,0,0,0,0,0,2195,1015,165,250,110,80,115,35,75,85,0,0,4,15,80,1170,15,135,50,90,60,40,125,90,20,90,70,125,270,10,10,0,0,0,0,0,0,0,0,0,0,0,0,252,252,185,60,69,69,56,54,42,64,37,43,40,14,34,87,225,25,53,57,57,76,39,78,87,51,89,49,110,220,3,3,25,25,25,25,25,25,25,25,25,25,25,25,221,195,74,93,60,57,71,46,59,64,25,25,14,25,46,183,18,79,34,59,55,36,69,52,17,47,60,69,94,15,15,25,25,25,25,25,25,25,25,25,25,25,25
2013thru2017,50,05000US48179,"Gray County, Texas",48,179,7970,5995,1025,95,110,130,90,115,40,155,95,45,50,0,35,60,4925,15,65,155,335,245,140,350,405,70,325,80,395,2340,45,45,0,0,0,0,0,0,0,0,0,0,0,0,1975,755,85,85,175,145,80,50,90,4,20,4,0,10,4,1170,50,100,35,85,65,10,105,65,30,55,4,175,405,50,50,0,0,0,0,0,0,0,0,0,0,0,0,261,285,180,49,58,60,81,68,28,82,68,50,32,25,52,49,313,18,35,53,99,88,81,103,123,49,104,51,124,258,31,31,25,25,25,25,25,25,25,25,25,25,25,25,255,170,51,51,89,93,55,40,58,3,19,7,25,19,3,210,44,66,25,46,44,14,67,41,31,37,7,79,153,57,57,25,25,25,25,25,25,25,25,25,25,25,25
2013thru2017,50,05000US48181,"Grayson County, Texas",48,181,47550,31865,6380,950,820,780,710,660,365,610,410,105,220,70,200,475,25220,20,240,705,925,1010,545,1785,2030,600,1865,535,2195,12765,265,265,0,0,0,0,0,0,0,0,0,0,0,0,15685,6560,1110,1260,1280,935,730,180,445,280,45,15,35,115,135,8845,325,425,320,285,405,115,1005,1170,230,935,205,1085,2345,280,280,0,0,0,0,0,0,0,0,0,0,0,0,556,754,489,204,215,165,156,173,107,157,134,64,88,55,81,184,706,23,92,189,213,189,143,253,325,171,279,150,305,632,108,108,31,31,31,31,31,31,31,31,31,31,31,31,774,481,223,304,251,231,170,75,145,114,41,18,49,87,73,630,157,154,147,101,130,69,240,242,110,207,93,301,396,128,128,31,31,31,31,31,31,31,31,31,31,31,31
2013thru2017,50,05000US48183,"Gregg County, Texas",48,183,45615,26845,5150,545,500,340,500,510,310,560,640,60,240,170,295,480,21530,30,200,270,905,685,295,1430,1175,400,1615,270,1925,12330,165,165,0,0,0,0,0,0,0,0,0,0,0,0,18770,9375,1420,1380,1250,1275,1305,565,1250,320,45,280,25,140,115,9200,60,455,210,335,300,210,1060,770,350,935,315,1185,3010,200,200,0,0,0,0,0,0,0,0,0,0,0,0,667,685,381,150,154,112,142,175,135,149,182,50,103,104,128,143,754,35,112,96,228,173,119,239,226,152,245,109,337,605,78,78,31,31,31,31,31,31,31,31,31,31,31,31,815,642,328,279,277,318,273,190,309,135,51,151,41,112,71,677,48,154,91,125,133,123,253,233,193,240,153,267,464,89,89,31,31,31,31,31,31,31,31,31,31,31,31
2013thru2017,50,05000US48185,"Grimes County, Texas",48,185,8980,6985,1600,345,230,170,180,70,20,205,35,0,95,0,90,160,5325,40,65,205,145,230,135,285,465,120,460,90,585,2495,60,60,0,0,0,0,0,0,0,0,0,0,0,0,1995,675,140,60,240,110,10,25,60,4,30,0,0,0,0,1260,35,85,65,185,45,35,160,90,0,100,10,185,270,60,60,0,0,0,0,0,0,0,0,0,0,0,0,334,339,238,115,133,78,95,50,28,86,27,25,62,25,56,69,304,44,46,90,63,107,81,100,153,65,117,43,153,237,48,48,25,25,25,25,25,25,25,25,25,25,25,25,293,163,78,47,127,70,15,27,79,3,48,25,25,25,25,264,38,72,50,117,42,64,91,80,25,98,21,132,105,59,59,25,25,25,25,25,25,25,25,25,25,25,25
2013thru2017,50,05000US48187,"Guadalupe County, Texas",48,187,51990,39220,7975,1145,775,695,580,620,360,1225,920,265,325,105,360,595,31000,50,285,560,750,1105,305,1730,1815,600,2265,1050,3515,16970,245,245,0,0,0,0,0,0,0,0,0,0,0,0,12770,5150,730,810,655,820,505,65,775,460,55,70,10,115,80,7285,110,170,120,135,320,155,620,885,290,890,120,935,2540,335,335,0,0,0,0,0,0,0,0,0,0,0,0,456,833,526,230,149,190,195,142,122,207,212,105,138,55,122,171,810,26,108,179,179,253,123,243,278,151,339,202,407,693,114,114,31,31,31,31,31,31,31,31,31,31,31,31,728,467,176,210,161,239,171,42,255,163,41,50,16,78,62,651,101,149,59,61,135,95,204,196,129,226,70,224,378,169,169,31,31,31,31,31,31,31,31,31,31,31,31
2013thru2017,50,05000US48189,"Hale County, Texas",48,189,11215,6775,1075,150,105,120,125,85,25,115,120,50,75,15,10,85,5665,0,85,170,145,235,135,360,555,160,450,70,465,2835,35,35,0,0,0,0,0,0,0,0,0,0,0,0,4445,1860,515,280,290,190,160,45,115,70,0,65,0,60,70,2510,60,175,75,90,200,110,305,340,125,265,125,285,355,75,75,0,0,0,0,0,0,0,0,0,0,0,0,276,274,165,69,60,57,65,69,33,63,70,52,64,19,14,51,315,28,50,75,65,79,87,121,156,74,123,45,132,270,33,33,28,28,28,28,28,28,28,28,28,28,28,28,318,268,159,101,116,84,93,47,73,75,28,76,28,65,70,281,37,104,58,42,94,89,112,103,70,118,113,116,114,52,52,28,28,28,28,28,28,28,28,28,28,28,28
2013thru2017,50,05000US48191,"Hall County, Texas",48,191,1245,780,160,55,15,4,10,20,0,15,35,0,0,0,4,4,605,4,10,80,40,75,25,50,30,10,60,4,25,200,15,15,0,0,0,0,0,0,0,0,0,0,0,0,465,140,50,20,35,15,15,0,0,0,0,0,0,0,0,325,4,20,15,20,70,15,40,25,10,15,0,40,45,0,0,0,0,0,0,0,0,0,0,0,0,0,0,80,67,47,36,20,2,15,17,13,15,31,13,13,13,7,3,63,14,13,43,19,45,17,25,17,15,31,7,15,44,14,14,13,13,13,13,13,13,13,13,13,13,13,13,96,53,28,21,27,15,25,13,13,13,13,13,13,13,13,98,8,27,11,26,50,14,30,26,15,23,13,41,31,13,13,13,13,13,13,13,13,13,13,13,13,13,13
2013thru2017,50,05000US48193,"Hamilton County, Texas",48,193,3155,2390,460,35,165,60,35,25,4,20,0,25,20,0,25,50,1925,4,4,40,145,80,60,135,190,10,185,50,105,915,4,4,0,0,0,0,0,0,0,0,0,0,0,0,770,250,15,40,40,50,50,0,4,20,0,0,0,25,4,490,4,60,80,25,25,25,55,30,4,20,0,25,135,25,25,0,0,0,0,0,0,0,0,0,0,0,0,199,198,105,27,68,36,30,24,18,23,19,27,19,19,33,39,191,9,8,38,72,43,40,55,82,15,61,35,52,143,1,1,19,19,19,19,19,19,19,19,19,19,19,19,146,103,12,33,49,55,33,19,8,23,19,19,19,38,17,135,4,41,73,21,28,26,39,24,10,24,19,28,76,25,25,19,19,19,19,19,19,19,19,19,19,19,19
2013thru2017,50,05000US48195,"Hansford County, Texas",48,195,1925,1405,380,90,35,10,10,115,40,10,20,15,10,0,15,15,975,0,15,30,25,55,15,70,35,10,135,60,80,455,50,50,0,0,0,0,0,0,0,0,0,0,0,0,520,180,20,25,70,35,4,0,10,10,0,0,0,4,0,335,4,4,0,30,40,10,50,65,0,50,20,30,30,4,4,0,0,0,0,0,0,0,0,0,0,0,0,125,128,102,60,32,14,14,80,44,16,31,23,14,19,20,19,151,19,29,27,27,39,20,41,22,13,60,60,44,115,49,49,19,19,19,19,19,19,19,19,19,19,19,19,139,77,31,32,55,31,15,19,15,15,19,19,19,4,19,117,6,4,19,34,35,15,42,58,19,57,26,40,32,19,19,19,19,19,19,19,19,19,19,19,19,19,19
2013thru2017,50,05000US48197,"Hardeman County, Texas",48,197,1535,1150,160,35,30,25,25,20,0,10,0,0,4,0,0,0,985,0,45,60,115,55,25,25,75,20,95,20,100,350,4,4,0,0,0,0,0,0,0,0,0,0,0,0,385,90,4,15,25,4,4,4,30,0,0,0,0,0,0,275,20,20,20,35,25,0,40,0,0,35,10,20,50,20,20,0,0,0,0,0,0,0,0,0,0,0,0,100,107,53,32,27,23,29,28,13,20,13,13,17,13,13,13,105,13,30,36,62,30,18,19,34,19,43,18,59,73,5,5,13,13,13,13,13,13,13,13,13,13,13,13,83,43,16,15,22,6,15,4,30,13,13,13,13,13,13,75,16,17,17,21,27,13,28,13,13,30,14,17,37,29,29,13,13,13,13,13,13,13,13,13,13,13,13
2013thru2017,50,05000US48199,"Hardin County, Texas",48,199,20740,16755,2895,515,480,295,305,220,25,300,180,90,70,75,145,190,13630,15,275,490,390,500,350,770,1105,405,765,285,1095,7190,235,235,0,0,0,0,0,0,0,0,0,0,0,0,3980,1590,490,225,145,105,285,40,100,10,55,50,0,4,85,2325,60,70,55,55,50,120,200,320,55,240,100,190,810,70,70,0,0,0,0,0,0,0,0,0,0,0,0,450,552,358,194,154,107,110,98,28,134,100,52,49,60,91,103,541,20,131,185,135,160,146,185,244,171,187,111,254,489,149,149,31,31,31,31,31,31,31,31,31,31,31,31,425,317,161,108,76,101,122,46,70,14,63,57,31,4,106,350,46,63,38,48,48,86,124,185,45,114,67,89,229,49,49,31,31,31,31,31,31,31,31,31,31,31,31
2013thru2017,50,05000US48201,"Harris County, Texas",48,201,1562815,855630,201805,23155,20300,21495,22240,19685,8750,22635,18035,4735,10975,2640,8135,19025,647275,2160,7235,12305,17265,18365,11260,36835,42015,14565,45405,14100,55645,370120,6550,6550,0,0,0,0,0,0,0,0,0,0,0,0,707185,351225,64975,58590,59635,48780,36870,15720,25905,16820,2885,7675,1930,4495,6950,339900,6700,4970,5330,9615,17920,11725,38005,38020,12045,35500,9285,35465,115315,16060,16060,0,0,0,0,0,0,0,0,0,0,0,0,3974,5248,3598,1166,869,1181,1243,994,782,1483,1083,577,966,386,662,1096,5676,347,641,721,965,1022,920,1365,1641,958,1438,1037,1871,4530,759,759,31,31,31,31,31,31,31,31,31,31,31,31,4409,4208,1940,2132,2055,2148,1609,1122,1264,1067,513,681,410,564,618,4806,610,577,577,850,1092,882,1662,1687,851,1686,965,1569,2964,1147,1147,31,31,31,31,31,31,31,31,31,31,31,31
2013thru2017,50,05000US48203,"Harrison County, Texas",48,203,23365,17330,3290,480,475,560,340,245,115,240,165,75,225,35,165,170,13750,90,225,250,475,565,290,990,1005,290,1075,195,1360,6940,290,290,0,0,0,0,0,0,0,0,0,0,0,0,6035,2460,530,395,385,405,120,85,250,90,15,30,0,80,80,3465,40,150,170,85,235,125,320,360,245,380,70,270,1015,110,110,0,0,0,0,0,0,0,0,0,0,0,0,460,464,348,159,162,171,151,108,66,130,73,36,116,36,92,93,507,76,132,117,156,172,133,223,213,122,249,94,254,421,114,114,31,31,31,31,31,31,31,31,31,31,31,31,552,373,171,138,129,161,67,103,133,70,23,33,31,62,56,426,32,81,104,65,126,89,112,139,113,159,55,135,240,73,73,31,31,31,31,31,31,31,31,31,31,31,31
2013thru2017,50,05000US48205,"Hartley County, Texas",48,205,1755,1065,185,20,25,25,45,10,0,30,25,0,0,0,0,10,880,0,0,10,85,25,15,105,20,15,65,50,85,400,0,0,0,0,0,0,0,0,0,0,0,0,0,0,685,190,4,40,65,25,20,0,15,10,0,0,10,0,0,490,4,4,4,40,40,35,50,70,0,55,100,35,50,4,4,0,0,0,0,0,0,0,0,0,0,0,0,76,130,72,31,24,24,47,15,19,28,20,19,19,19,19,19,119,19,19,14,50,24,20,63,25,22,49,44,45,88,19,19,19,19,19,19,19,19,19,19,19,19,19,19,129,72,13,36,49,28,28,19,18,16,19,19,14,19,19,118,13,3,3,36,47,47,35,48,19,43,69,36,30,12,12,19,19,19,19,19,19,19,19,19,19,19,19
2013thru2017,50,05000US48207,"Haskell County, Texas",48,207,2130,1655,320,50,40,90,35,15,4,0,15,0,15,0,15,35,1325,0,30,30,75,70,20,150,90,40,160,40,170,450,10,10,0,0,0,0,0,0,0,0,0,0,0,0,475,210,40,55,75,20,4,0,15,4,0,0,0,0,0,235,10,10,4,30,4,15,20,30,25,4,15,4,55,30,30,0,0,0,0,0,0,0,0,0,0,0,0,215,163,73,28,28,49,38,15,9,19,18,19,21,19,16,27,151,19,17,17,35,32,12,47,33,34,56,22,58,106,10,10,19,19,19,19,19,19,19,19,19,19,19,19,137,86,38,34,71,20,2,19,18,7,19,19,19,19,19,88,12,15,6,28,11,21,30,32,29,4,23,10,36,35,35,19,19,19,19,19,19,19,19,19,19,19,19
2013thru2017,50,05000US48209,"Hays County, Texas",48,209,68045,42240,10575,1350,1060,910,665,1000,485,1480,1015,390,760,75,580,800,31475,40,270,330,675,815,630,2155,2740,880,2360,840,3995,15750,190,190,0,0,0,0,0,0,0,0,0,0,0,0,25805,14625,3455,2175,2735,1950,1705,625,900,525,200,145,20,45,145,10115,230,315,240,400,585,325,1310,1035,715,1725,195,1040,1995,1060,1060,0,0,0,0,0,0,0,0,0,0,0,0,695,837,730,306,247,234,201,253,225,311,278,146,230,53,196,193,862,52,122,119,205,239,229,349,376,203,354,217,507,713,102,102,31,31,31,31,31,31,31,31,31,31,31,31,929,916,555,460,474,397,365,210,320,220,132,104,33,49,105,785,128,143,149,192,191,172,313,274,275,368,101,306,392,308,308,31,31,31,31,31,31,31,31,31,31,31,31
2013thru2017,50,05000US48211,"Hemphill County, Texas",48,211,1360,930,125,35,10,0,4,4,0,10,20,0,15,0,0,20,805,0,10,10,10,75,40,55,20,20,100,15,35,415,0,0,0,0,0,0,0,0,0,0,0,0,0,0,430,110,50,10,0,30,10,0,0,0,0,4,0,0,0,305,0,0,4,0,30,4,25,60,0,30,10,25,115,20,20,0,0,0,0,0,0,0,0,0,0,0,0,87,97,52,32,15,13,13,9,13,15,31,13,21,13,13,20,110,13,14,19,14,56,44,39,19,25,48,17,24,86,13,13,13,13,13,13,13,13,13,13,13,13,13,13,83,58,47,18,13,35,16,13,13,13,13,12,13,13,13,68,13,13,8,13,35,5,23,56,13,27,14,22,60,29,29,13,13,13,13,13,13,13,13,13,13,13,13
2013thru2017,50,05000US48213,"Henderson County, Texas",48,213,30460,22970,4695,600,395,505,685,515,145,670,390,70,255,40,65,355,17960,10,345,495,705,860,620,1380,1310,410,1575,410,1750,8090,315,315,0,0,0,0,0,0,0,0,0,0,0,0,7490,3300,475,695,425,425,415,90,365,150,30,70,50,35,80,4100,240,195,120,245,255,45,310,395,100,385,95,405,1315,90,90,0,0,0,0,0,0,0,0,0,0,0,0,569,551,403,158,109,155,189,171,63,187,133,71,96,39,31,124,577,18,140,134,158,185,192,245,242,127,226,132,262,473,113,113,31,31,31,31,31,31,31,31,31,31,31,31,463,352,143,190,130,127,143,56,154,92,29,40,65,30,79,430,127,84,63,124,97,31,124,149,63,131,56,148,244,66,66,31,31,31,31,31,31,31,31,31,31,31,31
2013thru2017,50,05000US48215,"Hidalgo County, Texas",48,215,232525,156950,48700,8330,7685,5745,5780,3980,1985,4180,2655,815,2045,430,1815,3255,106850,455,3365,5805,5925,5650,2630,8030,8035,3280,7215,2530,9510,44415,1400,1400,0,0,0,0,0,0,0,0,0,0,0,0,75575,41430,10760,8915,6535,4185,3535,1300,1765,1640,280,800,120,645,950,32285,1155,1975,1560,1465,1870,960,3540,3155,830,2930,640,2585,9620,1860,1860,0,0,0,0,0,0,0,0,0,0,0,0,1609,1971,1888,795,745,613,673,567,452,504,447,226,338,113,357,432,1940,187,481,631,539,600,407,623,799,473,655,344,793,1396,284,284,31,31,31,31,31,31,31,31,31,31,31,31,1633,1469,891,792,692,592,484,371,387,364,159,296,76,225,278,1379,259,352,290,331,370,283,520,547,274,465,194,401,775,327,327,31,31,31,31,31,31,31,31,31,31,31,31
2013thru2017,50,05000US48217,"Hill County, Texas",48,217,12675,9350,2125,305,215,200,210,195,85,230,125,40,35,35,145,315,7090,10,65,275,260,275,145,535,570,155,540,270,705,3290,140,140,0,0,0,0,0,0,0,0,0,0,0,0,3325,1385,220,315,300,205,115,30,120,35,0,10,0,10,20,1915,30,55,50,85,150,35,280,190,40,235,30,205,525,25,25,0,0,0,0,0,0,0,0,0,0,0,0,311,283,212,89,62,57,62,63,39,80,46,27,20,33,67,97,304,13,32,105,72,98,51,115,114,58,80,100,124,253,96,96,28,28,28,28,28,28,28,28,28,28,28,28,260,221,85,113,101,74,57,25,77,26,28,13,28,12,18,207,24,31,32,44,76,30,101,79,32,83,29,74,140,28,28,28,28,28,28,28,28,28,28,28,28,28,28
2013thru2017,50,05000US48219,"Hockley County, Texas",48,219,8065,5535,1020,155,95,105,120,50,95,135,75,10,35,25,45,80,4485,0,120,150,150,200,90,335,420,95,410,140,460,1910,25,25,0,0,0,0,0,0,0,0,0,0,0,0,2530,840,225,95,130,135,90,75,50,10,0,20,0,4,10,1595,60,85,125,95,105,80,140,170,60,160,60,185,275,95,95,0,0,0,0,0,0,0,0,0,0,0,0,225,220,133,54,44,57,57,30,57,58,44,16,24,32,35,37,239,25,69,58,56,63,47,77,96,47,108,69,113,191,18,18,25,25,25,25,25,25,25,25,25,25,25,25,267,178,105,66,64,75,45,67,44,14,25,21,25,25,18,218,52,51,93,79,57,66,55,77,42,77,45,95,92,72,72,25,25,25,25,25,25,25,25,25,25,25,25
2013thru2017,50,05000US48221,"Hood County, Texas",48,221,21525,16375,2925,515,270,335,190,325,25,340,185,40,120,10,230,335,13190,4,195,395,400,595,390,1000,700,495,965,385,1315,6345,260,260,0,0,0,0,0,0,0,0,0,0,0,0,5155,2585,395,355,530,360,380,135,175,55,0,40,10,15,135,2500,40,115,70,75,195,150,230,145,220,305,55,350,555,70,70,0,0,0,0,0,0,0,0,0,0,0,0,461,503,330,194,102,125,104,110,25,142,100,34,90,23,98,133,516,6,110,149,149,174,143,242,139,167,213,149,253,477,144,144,31,31,31,31,31,31,31,31,31,31,31,31,443,385,147,156,189,142,144,75,101,50,31,38,14,19,83,352,34,118,54,57,110,93,117,61,112,159,62,160,174,51,51,31,31,31,31,31,31,31,31,31,31,31,31
2013thru2017,50,05000US48223,"Hopkins County, Texas",48,223,13285,9210,1655,170,180,170,260,175,130,140,80,50,120,40,70,80,7530,10,105,145,305,310,230,525,555,140,415,210,735,3835,25,25,0,0,0,0,0,0,0,0,0,0,0,0,4080,1815,340,360,275,290,315,95,90,15,0,4,0,10,25,2200,75,45,105,95,65,65,275,270,90,175,70,230,645,65,65,0,0,0,0,0,0,0,0,0,0,0,0,271,294,202,66,67,72,90,82,71,62,51,43,65,35,41,46,307,13,55,67,97,90,87,110,142,61,100,75,154,247,24,24,28,28,28,28,28,28,28,28,28,28,28,28,301,239,124,126,108,103,138,51,61,18,28,15,28,15,21,222,80,37,53,59,47,55,105,103,69,65,43,85,150,56,56,28,28,28,28,28,28,28,28,28,28,28,28
2013thru2017,50,05000US48225,"Houston County, Texas",48,225,8330,5720,1165,180,180,130,175,110,20,150,55,0,85,35,0,50,4425,15,105,120,315,195,95,555,410,160,425,145,280,1595,130,130,0,0,0,0,0,0,0,0,0,0,0,0,2605,1535,265,440,385,205,70,25,120,15,0,4,0,0,4,1045,35,40,60,110,115,55,50,155,15,55,20,10,325,30,30,0,0,0,0,0,0,0,0,0,0,0,0,239,250,217,74,75,80,84,55,20,89,45,25,58,40,25,29,262,26,51,55,116,83,66,161,118,85,123,62,79,178,71,71,25,25,25,25,25,25,25,25,25,25,25,25,248,229,117,145,138,77,51,23,84,25,25,13,25,25,13,196,41,31,47,67,69,46,34,82,26,43,26,12,138,28,28,25,25,25,25,25,25,25,25,25,25,25,25
2013thru2017,50,05000US48227,"Howard County, Texas",48,227,11030,7510,1195,355,145,75,60,55,85,110,95,20,120,15,20,50,6280,10,100,145,220,440,160,575,450,155,455,285,595,2695,30,30,0,0,0,0,0,0,0,0,0,0,0,0,3525,1390,260,140,145,330,175,95,90,55,0,50,0,25,25,2075,65,230,100,125,70,50,220,115,50,245,55,170,585,55,55,0,0,0,0,0,0,0,0,0,0,0,0,350,315,191,116,67,49,32,39,76,51,70,21,71,20,22,32,337,13,56,59,85,98,78,125,112,58,114,97,153,273,29,29,28,28,28,28,28,28,28,28,28,28,28,28,388,261,101,107,71,180,96,87,63,59,28,40,28,25,30,280,44,151,69,78,41,47,99,51,54,127,59,77,173,59,59,28,28,28,28,28,28,28,28,28,28,28,28
2013thru2017,50,05000US48229,"Hudspeth County, Texas",48,229,890,665,185,70,55,15,4,10,0,4,0,15,4,4,4,0,465,0,10,70,30,80,35,50,20,15,15,15,40,85,15,15,0,0,0,0,0,0,0,0,0,0,0,0,225,75,25,10,25,0,0,0,0,10,0,0,0,4,0,150,4,30,4,0,15,0,0,25,0,15,0,10,40,0,0,0,0,0,0,0,0,0,0,0,0,0,0,109,94,64,53,42,18,7,14,13,5,13,19,4,8,1,13,86,13,15,42,23,49,29,37,18,16,15,15,31,37,17,17,13,13,13,13,13,13,13,13,13,13,13,13,65,36,23,14,20,13,13,13,13,15,13,13,13,5,13,52,11,28,6,13,20,13,13,27,13,20,13,14,27,13,13,13,13,13,13,13,13,13,13,13,13,13,13
2013thru2017,50,05000US48231,"Hunt County, Texas",48,231,31780,22145,5190,1205,780,785,535,295,170,570,165,140,210,4,90,235,16795,115,410,875,1055,730,525,1335,1510,570,1440,595,1805,5830,160,160,0,0,0,0,0,0,0,0,0,0,0,0,9635,4670,1240,1450,945,435,255,85,105,85,4,10,25,25,4,4670,270,180,200,195,460,220,625,615,85,490,100,435,805,295,295,0,0,0,0,0,0,0,0,0,0,0,0,489,522,437,249,162,202,116,106,93,158,65,90,104,13,61,102,570,76,113,188,175,187,154,214,245,172,268,142,277,381,81,81,31,31,31,31,31,31,31,31,31,31,31,31,584,469,226,295,193,151,111,56,65,56,10,20,22,31,10,484,130,67,77,83,182,96,165,175,57,171,56,147,196,129,129,31,31,31,31,31,31,31,31,31,31,31,31
2013thru2017,50,05000US48233,"Hutchinson County, Texas",48,233,7800,6200,1070,160,205,135,95,60,30,80,45,55,65,0,20,105,5100,4,150,235,165,220,125,330,465,120,385,115,510,2280,35,35,0,0,0,0,0,0,0,0,0,0,0,0,1595,595,125,165,40,110,45,35,20,20,10,4,15,0,10,975,85,145,60,30,60,20,95,60,45,75,4,120,175,25,25,0,0,0,0,0,0,0,0,0,0,0,0,293,292,199,64,106,57,71,44,35,61,34,36,69,25,22,60,286,3,68,76,56,79,64,116,126,58,114,69,134,210,24,24,25,25,25,25,25,25,25,25,25,25,25,25,224,137,59,76,42,69,47,51,23,20,14,8,24,25,19,169,61,77,47,32,55,26,50,37,37,41,7,78,72,24,24,25,25,25,25,25,25,25,25,25,25,25,25
2013thru2017,50,05000US48235,"Irion County, Texas",48,235,650,515,100,25,15,10,0,0,0,15,4,0,15,4,4,4,415,0,15,10,25,15,4,30,10,0,20,4,40,235,0,0,0,0,0,0,0,0,0,0,0,0,0,0,135,55,20,4,10,0,0,0,4,0,0,0,0,4,10,75,0,0,0,4,4,4,20,0,0,0,0,0,40,0,0,0,0,0,0,0,0,0,0,0,0,0,0,66,62,35,19,20,14,13,13,13,19,10,13,18,13,4,11,56,13,19,15,20,13,7,20,8,13,18,10,26,58,13,13,13,13,13,13,13,13,13,13,13,13,13,13,50,32,19,9,15,13,13,13,15,13,13,13,13,7,13,34,13,13,13,15,11,14,18,13,13,13,13,13,27,13,13,13,13,13,13,13,13,13,13,13,13,13,13
2013thru2017,50,05000US48237,"Jack County, Texas",48,237,3075,2525,455,95,45,45,75,50,25,40,15,10,4,10,10,25,2070,10,4,40,145,110,50,130,125,45,145,50,170,1035,0,0,0,0,0,0,0,0,0,0,0,0,0,0,550,150,30,25,30,15,30,0,20,0,4,0,0,0,0,375,15,20,30,25,15,25,70,35,10,10,4,60,55,25,25,0,0,0,0,0,0,0,0,0,0,0,0,184,186,111,53,33,42,57,33,28,38,18,13,11,14,22,24,180,13,11,34,71,60,32,58,61,25,72,57,67,138,19,19,19,19,19,19,19,19,19,19,19,19,19,19,133,56,23,24,31,20,29,19,24,19,7,19,19,19,19,118,16,20,32,17,17,24,54,30,16,13,10,56,33,40,40,19,19,19,19,19,19,19,19,19,19,19,19
2013thru2017,50,05000US48239,"Jackson County, Texas",48,239,5230,3650,630,210,25,50,45,15,25,45,50,20,4,15,50,85,2980,15,45,110,130,170,50,130,270,70,225,155,255,1365,40,40,0,0,0,0,0,0,0,0,0,0,0,0,1580,600,165,125,120,40,20,25,50,20,10,0,20,0,4,985,20,45,25,80,50,10,175,75,4,190,30,55,225,0,0,0,0,0,0,0,0,0,0,0,0,0,0,250,235,167,99,28,35,35,24,26,43,42,33,11,23,49,81,261,17,36,57,68,91,32,56,95,53,94,76,85,174,38,38,21,21,21,21,21,21,21,21,21,21,21,21,222,135,89,64,86,36,23,34,49,36,22,21,32,21,7,168,24,33,27,63,35,16,84,57,9,102,37,47,120,21,21,21,21,21,21,21,21,21,21,21,21,21,21
2013thru2017,50,05000US48241,"Jasper County, Texas",48,241,11975,8995,1365,180,265,155,195,180,40,110,40,20,40,4,90,45,7560,60,220,350,460,360,375,370,630,140,425,150,705,3325,70,70,0,0,0,0,0,0,0,0,0,0,0,0,2975,1285,215,220,300,195,130,15,135,40,0,0,0,0,35,1575,40,165,150,70,120,30,235,40,65,190,40,105,325,115,115,0,0,0,0,0,0,0,0,0,0,0,0,445,453,267,100,118,86,86,121,38,66,42,36,55,9,90,41,432,58,118,147,171,137,186,143,151,81,117,78,198,384,50,50,28,28,28,28,28,28,28,28,28,28,28,28,359,249,99,127,134,126,68,22,76,43,28,28,28,28,39,298,38,97,96,61,75,39,117,46,71,99,38,68,160,60,60,28,28,28,28,28,28,28,28,28,28,28,28
2013thru2017,50,05000US48243,"Jeff Davis County, Texas",48,243,1005,810,170,40,20,25,15,25,0,35,4,0,4,0,4,0,640,0,45,4,55,50,25,50,75,4,20,20,75,210,0,0,0,0,0,0,0,0,0,0,0,0,0,0,200,15,0,0,0,0,0,0,4,4,0,0,0,0,0,185,0,0,4,0,25,0,25,4,10,10,0,20,85,0,0,0,0,0,0,0,0,0,0,0,0,0,0,116,111,60,38,27,25,16,35,13,37,2,13,3,13,10,13,131,13,47,6,43,38,33,51,42,10,18,23,42,81,13,13,13,13,13,13,13,13,13,13,13,13,13,13,75,18,13,13,13,13,13,13,16,15,13,13,13,13,13,73,13,13,15,13,23,13,17,8,15,19,13,27,53,13,13,13,13,13,13,13,13,13,13,13,13,13,13
2013thru2017,50,05000US48245,"Jefferson County, Texas",48,245,94020,58180,11775,1900,1570,1255,1190,880,215,1070,875,385,765,270,445,945,45590,130,845,1655,1495,1900,855,3245,3215,1585,2905,1120,3435,23210,815,815,0,0,0,0,0,0,0,0,0,0,0,0,35840,15930,3100,2950,2120,2915,1270,600,1405,645,170,235,70,135,305,18060,440,665,705,510,945,690,1610,2125,705,1750,510,2310,5100,1850,1850,0,0,0,0,0,0,0,0,0,0,0,0,984,1169,799,332,249,267,224,215,87,223,208,158,257,113,145,208,1041,64,184,278,261,267,178,383,329,273,308,242,343,869,177,177,31,31,31,31,31,31,31,31,31,31,31,31,890,805,440,460,377,447,239,190,244,219,107,108,73,110,135,919,143,176,200,155,193,203,297,349,227,369,173,350,556,302,302,31,31,31,31,31,31,31,31,31,31,31,31
2013thru2017,50,05000US48247,"Jim Hogg County, Texas",48,247,1585,1205,210,20,40,4,10,4,20,30,35,0,0,0,45,4,985,0,70,120,65,75,15,115,70,30,35,4,4,375,10,10,0,0,0,0,0,0,0,0,0,0,0,0,380,190,20,110,40,15,0,0,0,0,4,0,0,0,0,175,10,15,30,20,15,15,10,15,0,0,0,0,45,15,15,0,0,0,0,0,0,0,0,0,0,0,0,188,153,81,32,33,8,16,17,29,27,32,19,19,19,46,3,168,19,51,82,48,59,16,77,52,28,34,15,15,94,15,15,19,19,19,19,19,19,19,19,19,19,19,19,106,81,17,64,30,31,19,19,19,19,7,19,19,19,19,69,15,20,41,22,24,24,17,26,19,19,19,19,38,24,24,19,19,19,19,19,19,19,19,19,19,19,19
2013thru2017,50,05000US48249,"Jim Wells County, Texas",48,249,13615,9445,2160,250,390,170,205,215,45,330,255,20,20,4,60,190,7180,45,170,270,540,300,250,480,420,115,365,100,770,3365,105,105,0,0,0,0,0,0,0,0,0,0,0,0,4165,1900,440,375,275,315,155,50,145,85,0,4,0,30,25,2170,130,210,195,45,120,105,135,170,70,210,75,205,505,95,95,0,0,0,0,0,0,0,0,0,0,0,0,362,405,332,139,154,98,115,108,38,134,125,28,26,18,59,104,444,40,75,98,178,103,128,144,132,88,140,61,195,330,80,80,28,28,28,28,28,28,28,28,28,28,28,28,414,320,208,132,96,157,99,77,106,80,28,12,28,39,36,382,107,96,137,42,76,89,96,118,65,125,80,127,166,80,80,28,28,28,28,28,28,28,28,28,28,28,28
2013thru2017,50,05000US48251,"Johnson County, Texas",48,251,55465,40980,8200,1140,955,1030,880,745,410,1090,765,165,260,65,340,355,32455,55,480,615,965,1110,845,2240,3235,1020,2995,655,3270,14970,330,330,0,0,0,0,0,0,0,0,0,0,0,0,14485,6330,1100,900,1180,1005,970,210,510,170,45,125,0,60,50,7845,75,260,330,315,590,335,810,1200,300,865,340,855,1570,315,315,0,0,0,0,0,0,0,0,0,0,0,0,614,923,680,233,244,266,206,238,133,258,213,83,99,43,144,132,919,35,158,171,223,185,195,330,399,237,365,154,430,741,153,153,31,31,31,31,31,31,31,31,31,31,31,31,854,711,250,235,240,267,280,102,188,107,72,84,31,56,39,661,46,109,133,114,190,122,213,225,126,194,173,230,284,136,136,31,31,31,31,31,31,31,31,31,31,31,31
2013thru2017,50,05000US48253,"Jones County, Texas",48,253,5635,4160,810,225,80,175,90,60,15,40,35,25,40,0,15,15,3345,4,70,125,100,140,70,170,340,115,365,55,315,1485,4,4,0,0,0,0,0,0,0,0,0,0,0,0,1475,365,40,110,105,20,40,0,20,4,0,0,15,4,4,1090,80,15,80,50,20,30,105,190,10,50,30,105,315,20,20,0,0,0,0,0,0,0,0,0,0,0,0,333,272,196,103,46,99,54,47,21,33,22,29,40,21,18,16,281,2,45,78,42,60,49,65,98,59,126,45,85,214,11,11,21,21,21,21,21,21,21,21,21,21,21,21,229,107,31,83,71,32,44,21,22,3,21,21,27,3,4,205,62,20,64,49,22,26,92,115,18,39,33,62,144,34,34,21,21,21,21,21,21,21,21,21,21,21,21
2013thru2017,50,05000US48255,"Karnes County, Texas",48,255,4305,3200,560,190,50,75,15,20,4,75,25,4,20,4,20,60,2615,10,70,120,140,65,50,190,180,30,120,60,210,1380,20,20,0,0,0,0,0,0,0,0,0,0,0,0,1105,400,65,70,45,50,40,0,25,40,55,0,4,0,4,700,55,70,10,35,20,15,45,90,10,35,20,100,185,4,4,0,0,0,0,0,0,0,0,0,0,0,0,274,256,129,95,35,55,15,22,3,42,30,21,18,12,33,41,236,14,35,56,67,40,34,68,82,23,61,40,76,183,18,18,21,21,21,21,21,21,21,21,21,21,21,21,171,102,41,38,38,36,31,21,25,48,59,21,3,21,14,144,56,60,15,39,18,23,27,61,13,32,27,62,63,7,7,21,21,21,21,21,21,21,21,21,21,21,21
2013thru2017,50,05000US48257,"Kaufman County, Texas",48,257,36525,28175,6910,1130,750,585,760,660,385,890,575,150,375,75,170,400,21080,55,445,375,545,965,360,1555,1495,725,1805,680,2220,9855,185,185,0,0,0,0,0,0,0,0,0,0,0,0,8350,3875,840,835,635,640,390,90,295,35,35,60,0,15,10,4300,165,135,130,205,415,300,470,565,55,510,95,370,890,175,175,0,0,0,0,0,0,0,0,0,0,0,0,419,614,499,219,173,173,196,155,133,215,150,73,133,61,73,167,684,45,163,122,140,208,108,256,258,187,314,171,330,521,95,95,31,31,31,31,31,31,31,31,31,31,31,31,578,430,204,221,152,225,146,65,109,34,38,58,31,22,15,493,113,91,65,102,138,162,127,188,56,166,63,153,202,94,94,31,31,31,31,31,31,31,31,31,31,31,31
2013thru2017,50,05000US48259,"Kendall County, Texas",48,259,13690,9975,2275,310,185,185,290,105,30,205,295,55,110,80,135,285,7645,45,45,115,220,280,55,685,460,175,530,200,655,4190,60,60,0,0,0,0,0,0,0,0,0,0,0,0,3715,1590,305,225,365,170,65,70,120,80,20,65,0,20,85,2095,55,35,120,125,90,90,285,215,120,180,130,130,525,30,30,0,0,0,0,0,0,0,0,0,0,0,0,292,353,285,116,102,83,106,59,29,89,132,47,67,60,76,118,371,47,34,57,84,134,47,219,142,98,164,112,170,367,42,42,28,28,28,28,28,28,28,28,28,28,28,28,320,294,150,99,172,100,67,72,95,69,33,59,28,32,93,318,78,39,86,102,76,85,135,93,98,103,124,78,208,35,35,28,28,28,28,28,28,28,28,28,28,28,28
2013thru2017,50,05000US48261,"Kenedy County, Texas",48,261,150,45,0,0,0,0,0,0,0,0,0,0,0,0,0,0,45,4,15,4,0,0,0,0,0,0,0,0,4,10,0,0,0,0,0,0,0,0,0,0,0,0,0,0,110,25,4,10,0,0,0,0,4,0,0,0,0,4,0,85,0,0,10,15,0,10,0,25,0,4,4,0,10,0,0,0,0,0,0,0,0,0,0,0,0,0,0,51,26,13,13,13,13,13,13,13,13,13,13,13,13,13,13,26,13,17,13,13,13,13,13,13,13,13,13,10,12,13,13,13,13,13,13,13,13,13,13,13,13,13,13,45,21,4,17,13,13,13,13,6,13,13,13,13,15,13,44,13,13,17,24,13,22,13,24,13,13,15,13,15,13,13,13,13,13,13,13,13,13,13,13,13,13,13
2013thru2017,50,05000US48263,"Kent County, Texas",48,263,275,200,20,4,4,4,4,0,0,4,4,0,0,0,0,0,180,0,10,0,15,15,4,4,10,10,10,10,20,80,0,0,0,0,0,0,0,0,0,0,0,0,0,0,75,25,10,15,4,0,0,0,0,0,0,0,0,0,0,50,0,4,4,4,0,0,0,10,0,4,0,10,15,0,0,0,0,0,0,0,0,0,0,0,0,0,0,43,41,15,6,1,1,9,13,13,1,2,13,13,13,13,13,41,13,15,13,12,14,13,13,9,15,9,12,22,27,13,13,13,13,13,13,13,13,13,13,13,13,13,13,27,21,16,20,5,13,13,13,13,13,13,13,13,13,13,24,13,12,13,13,13,13,13,15,13,13,13,10,15,13,13,13,13,13,13,13,13,13,13,13,13,13,13
2013thru2017,50,05000US48265,"Kerr County, Texas",48,265,20580,14660,3105,385,345,420,315,250,90,225,240,50,110,55,240,385,11430,0,75,250,335,460,300,650,980,380,800,190,1080,5930,125,125,0,0,0,0,0,0,0,0,0,0,0,0,5920,2460,180,250,470,460,425,110,140,105,35,10,0,30,240,3420,40,40,110,25,240,230,320,460,150,345,110,325,1030,40,40,0,0,0,0,0,0,0,0,0,0,0,0,440,517,371,158,160,148,121,101,65,110,113,49,62,41,106,122,527,31,56,127,134,116,134,181,182,137,193,90,208,426,80,80,31,31,31,31,31,31,31,31,31,31,31,31,495,379,99,137,196,190,194,84,133,70,41,19,31,34,109,407,55,43,92,30,135,115,145,188,103,149,67,140,243,43,43,31,31,31,31,31,31,31,31,31,31,31,31
2013thru2017,50,05000US48267,"Kimble County, Texas",48,267,1940,1460,320,45,60,30,35,60,0,15,20,0,45,0,0,4,1140,4,4,30,20,40,60,115,120,4,90,30,120,505,0,0,0,0,0,0,0,0,0,0,0,0,0,0,485,175,45,45,40,15,20,10,0,0,0,0,0,0,0,290,4,15,35,20,30,20,20,65,4,4,20,15,35,15,15,0,0,0,0,0,0,0,0,0,0,0,0,171,141,104,38,45,24,30,43,13,20,28,13,58,13,13,4,137,11,13,29,23,33,40,51,46,13,49,19,63,116,13,13,13,13,13,13,13,13,13,13,13,13,13,13,122,70,44,32,34,18,24,20,13,13,13,13,13,13,13,97,5,19,35,19,32,19,20,51,16,19,22,20,35,20,20,13,13,13,13,13,13,13,13,13,13,13,13
2013thru2017,50,05000US48269,"King County, Texas",48,269,100,20,0,0,0,0,0,0,0,0,0,0,0,0,0,0,20,0,0,4,0,0,0,4,4,4,0,0,4,4,0,0,0,0,0,0,0,0,0,0,0,0,0,0,80,15,0,4,0,0,0,4,4,0,4,0,0,0,0,65,0,4,0,4,0,4,15,4,0,10,0,4,25,0,0,0,0,0,0,0,0,0,0,0,0,0,0,25,12,13,13,13,13,13,13,13,13,13,13,13,13,13,13,12,13,13,13,13,13,13,1,5,13,13,13,2,12,13,13,13,13,13,13,13,13,13,13,13,13,13,13,24,15,13,3,13,13,13,13,17,13,8,13,13,13,13,21,13,13,13,8,13,2,14,13,13,13,13,7,13,13,13,13,13,13,13,13,13,13,13,13,13,13,13
2013thru2017,50,05000US48271,"Kinney County, Texas",48,271,1200,930,155,20,45,25,0,20,20,0,0,20,0,0,0,0,775,4,0,70,110,15,55,30,90,15,4,15,60,310,0,0,0,0,0,0,0,0,0,0,0,0,0,0,270,70,10,15,20,0,0,15,0,0,0,0,0,0,4,190,0,4,20,30,25,4,4,4,0,0,30,15,55,10,10,0,0,0,0,0,0,0,0,0,0,0,0,159,155,82,25,47,34,13,33,33,13,13,33,13,13,13,13,142,3,13,62,77,24,57,32,62,16,4,29,52,78,13,13,13,13,13,13,13,13,13,13,13,13,13,13,100,52,17,27,34,13,13,29,13,13,13,13,13,13,14,84,13,11,21,40,35,17,15,5,13,13,39,18,64,15,15,13,13,13,13,13,13,13,13,13,13,13,13
2013thru2017,50,05000US48273,"Kleberg County, Texas",48,273,10960,5810,1175,190,165,75,115,145,4,170,65,0,85,0,40,115,4595,10,40,105,265,105,35,295,370,60,300,55,505,2455,35,35,0,0,0,0,0,0,0,0,0,0,0,0,5150,2420,675,350,400,200,325,50,170,75,0,75,0,25,75,2435,95,95,90,125,60,75,170,440,30,250,20,210,775,295,295,0,0,0,0,0,0,0,0,0,0,0,0,426,347,273,88,114,63,96,97,16,104,46,28,74,28,37,84,377,18,41,76,148,79,33,122,145,47,130,43,169,335,42,42,28,28,28,28,28,28,28,28,28,28,28,28,468,437,232,165,179,105,167,67,105,78,28,80,28,34,97,396,73,93,79,119,73,68,113,186,36,149,28,125,229,154,154,28,28,28,28,28,28,28,28,28,28,28,28
2013thru2017,50,05000US48275,"Knox County, Texas",48,275,1375,1110,145,25,15,30,4,15,4,4,15,0,15,0,4,15,930,0,20,35,25,50,30,55,80,35,90,20,70,425,35,35,0,0,0,0,0,0,0,0,0,0,0,0,265,85,4,45,4,4,15,10,4,0,0,0,0,0,0,185,10,4,4,15,40,10,40,4,0,4,10,25,20,0,0,0,0,0,0,0,0,0,0,0,0,0,0,96,83,48,13,14,17,12,24,4,4,17,13,21,13,2,18,78,13,20,17,18,23,24,26,33,28,36,14,34,63,22,22,13,13,13,13,13,13,13,13,13,13,13,13,56,39,5,25,1,13,19,14,1,13,13,13,13,13,13,52,14,13,2,16,25,14,24,5,13,13,16,18,14,13,13,13,13,13,13,13,13,13,13,13,13,13,13
2013thru2017,50,05000US48277,"Lamar County, Texas",48,277,19085,12275,2325,355,480,235,210,195,150,215,165,55,80,0,60,125,9855,0,100,180,225,400,255,825,985,170,730,155,890,4945,95,95,0,0,0,0,0,0,0,0,0,0,0,0,6810,2970,575,720,285,345,365,175,220,205,0,30,15,10,30,3665,185,160,155,165,320,115,350,465,230,250,170,375,720,180,180,0,0,0,0,0,0,0,0,0,0,0,0,385,548,310,128,125,88,119,100,83,80,76,69,47,28,43,74,532,28,46,83,81,114,89,192,208,73,166,64,191,383,66,66,28,28,28,28,28,28,28,28,28,28,28,28,498,317,168,170,101,122,121,86,112,120,28,32,19,17,17,453,115,76,85,95,118,67,111,148,102,87,97,152,227,92,92,28,28,28,28,28,28,28,28,28,28,28,28
2013thru2017,50,05000US48279,"Lamb County, Texas",48,279,4790,3400,560,95,95,120,15,75,4,80,15,0,10,4,15,25,2810,15,55,260,130,155,55,230,215,100,285,65,235,1015,30,30,0,0,0,0,0,0,0,0,0,0,0,0,1390,420,85,35,135,10,35,10,40,25,0,0,0,20,25,975,4,75,55,20,80,4,140,60,10,100,10,70,340,0,0,0,0,0,0,0,0,0,0,0,0,0,0,154,208,103,44,47,58,16,35,21,63,17,21,15,11,18,18,182,16,33,82,55,59,33,82,67,42,96,42,56,127,27,27,21,21,21,21,21,21,21,21,21,21,21,21,205,151,62,27,116,15,25,16,34,24,21,21,21,24,29,142,9,48,37,23,41,13,58,30,14,76,16,36,97,21,21,21,21,21,21,21,21,21,21,21,21,21,21
2013thru2017,50,05000US48281,"Lampasas County, Texas",48,281,7750,5760,1245,255,115,185,125,105,15,120,115,10,55,4,75,75,4450,0,15,20,95,245,40,265,430,160,390,105,380,2305,60,60,0,0,0,0,0,0,0,0,0,0,0,0,1990,710,235,100,90,155,15,50,30,15,0,0,0,0,25,1235,15,10,20,65,20,40,250,160,45,95,20,155,350,40,40,0,0,0,0,0,0,0,0,0,0,0,0,233,283,182,110,61,88,77,62,17,72,71,16,40,12,65,50,284,25,18,19,56,100,32,87,142,71,111,73,99,277,48,48,25,25,25,25,25,25,25,25,25,25,25,25,286,194,118,70,48,81,22,38,29,24,25,25,25,25,38,267,20,14,20,60,29,36,135,81,51,63,25,71,147,36,36,25,25,25,25,25,25,25,25,25,25,25,25
2013thru2017,50,05000US48283,"La Salle County, Texas",48,283,2285,1605,365,10,90,20,105,50,40,10,35,0,0,0,0,10,1245,0,4,145,125,40,0,75,75,15,165,4,100,495,0,0,0,0,0,0,0,0,0,0,0,0,0,0,680,250,4,60,15,25,55,4,0,10,4,20,55,0,4,425,50,15,10,40,20,0,15,30,45,100,60,0,35,0,0,0,0,0,0,0,0,0,0,0,0,0,0,244,246,148,13,97,29,114,67,44,15,45,19,19,19,19,16,221,19,8,144,79,48,19,85,56,24,118,6,84,191,19,19,19,19,19,19,19,19,19,19,19,19,19,19,191,132,5,64,26,43,73,11,19,15,4,34,82,19,14,177,72,28,23,54,35,19,26,33,80,107,74,19,51,19,19,19,19,19,19,19,19,19,19,19,19,19,19
2013thru2017,50,05000US48285,"Lavaca County, Texas",48,285,7685,5800,985,80,130,90,90,70,15,120,65,25,35,0,55,205,4790,0,100,195,205,190,105,240,375,160,325,130,365,2405,30,30,0,0,0,0,0,0,0,0,0,0,0,0,1885,660,25,80,125,115,45,25,30,60,4,45,15,15,80,1170,25,75,135,25,35,15,180,165,20,135,25,50,285,55,55,0,0,0,0,0,0,0,0,0,0,0,0,196,217,165,60,61,42,53,36,14,74,41,27,24,21,35,78,211,21,56,62,65,50,42,71,109,72,73,58,90,190,29,29,21,21,21,21,21,21,21,21,21,21,21,21,207,134,24,52,65,64,30,25,29,36,3,47,27,17,61,152,29,43,60,27,30,16,76,79,31,70,23,29,84,46,46,21,21,21,21,21,21,21,21,21,21,21,21
2013thru2017,50,05000US48287,"Lee County, Texas",48,287,6120,4740,1105,145,305,80,95,85,85,70,55,0,25,0,70,95,3605,4,50,105,105,185,190,160,245,135,285,75,400,1660,30,30,0,0,0,0,0,0,0,0,0,0,0,0,1380,500,130,125,80,50,25,40,20,20,0,0,0,0,0,815,50,0,55,50,4,60,85,100,0,80,60,50,230,65,65,0,0,0,0,0,0,0,0,0,0,0,0,239,274,179,71,126,48,62,65,70,41,40,21,26,21,55,54,276,17,33,49,62,75,92,63,96,88,122,52,116,217,27,27,21,21,21,21,21,21,21,21,21,21,21,21,190,140,85,84,65,44,29,46,22,32,21,21,21,21,21,169,36,21,49,49,21,55,61,64,21,61,54,37,97,74,74,21,21,21,21,21,21,21,21,21,21,21,21
2013thru2017,50,05000US48289,"Leon County, Texas",48,289,6245,4895,950,110,195,60,135,115,45,35,80,0,50,15,85,25,3920,0,50,155,225,225,120,410,325,125,235,90,250,1710,25,25,0,0,0,0,0,0,0,0,0,0,0,0,1350,460,105,110,110,50,20,20,10,30,0,0,4,0,0,885,4,20,30,50,75,20,100,100,15,80,10,80,300,4,4,0,0,0,0,0,0,0,0,0,0,0,0,349,334,202,67,77,42,69,78,47,34,63,21,36,27,78,25,329,21,40,75,100,108,48,133,123,81,95,61,87,266,23,23,21,21,21,21,21,21,21,21,21,21,21,21,290,164,70,81,87,50,21,24,16,27,21,21,2,21,21,238,2,23,26,62,65,23,58,84,26,44,15,61,147,9,9,21,21,21,21,21,21,21,21,21,21,21,21
2013thru2017,50,05000US48291,"Liberty County, Texas",48,291,25975,19440,4425,1025,700,480,390,280,220,250,390,4,280,20,215,170,14895,160,405,860,800,1040,425,1450,1410,360,1210,415,1225,5135,125,125,0,0,0,0,0,0,0,0,0,0,0,0,6535,2715,690,590,380,505,135,110,200,10,0,45,0,50,0,3750,150,275,255,335,275,135,455,635,265,335,45,75,520,70,70,0,0,0,0,0,0,0,0,0,0,0,0,636,607,483,255,184,206,149,139,123,143,154,11,152,25,111,88,602,103,146,261,186,267,175,314,321,148,312,179,251,475,102,102,31,31,31,31,31,31,31,31,31,31,31,31,567,446,258,174,180,276,127,104,154,18,31,56,31,82,31,400,85,121,136,160,108,92,202,261,158,152,42,51,196,52,52,31,31,31,31,31,31,31,31,31,31,31,31
2013thru2017,50,05000US48293,"Limestone County, Texas",48,293,8100,6110,1565,205,300,160,150,195,60,110,115,30,60,10,50,130,4505,0,50,130,180,220,100,450,480,115,395,120,420,1840,40,40,0,0,0,0,0,0,0,0,0,0,0,0,1990,845,240,165,50,135,140,50,30,25,0,0,4,0,4,1105,30,45,55,50,80,80,100,70,15,120,85,140,230,40,40,0,0,0,0,0,0,0,0,0,0,0,0,259,240,190,70,102,63,65,82,47,56,54,24,41,15,31,57,279,25,36,65,70,93,41,99,108,64,126,45,112,234,30,30,25,25,25,25,25,25,25,25,25,25,25,25,215,169,95,61,39,63,77,47,26,26,25,25,14,25,4,169,28,34,44,35,54,52,63,59,19,75,63,71,82,29,29,25,25,25,25,25,25,25,25,25,25,25,25
2013thru2017,50,05000US48295,"Lipscomb County, Texas",48,295,1275,935,150,35,30,10,15,30,0,10,4,4,4,0,4,4,785,4,35,20,25,35,45,45,55,40,70,15,50,345,0,0,0,0,0,0,0,0,0,0,0,0,0,0,340,75,20,30,15,0,10,4,0,0,0,0,0,0,0,265,4,4,4,30,15,15,30,20,10,25,4,15,100,4,4,0,0,0,0,0,0,0,0,0,0,0,0,72,72,36,22,20,14,13,21,13,14,13,13,5,13,13,3,70,5,27,11,17,17,21,22,18,24,25,15,21,53,13,13,13,13,13,13,13,13,13,13,13,13,13,13,60,41,17,28,16,13,13,13,13,13,13,13,13,13,13,50,13,4,13,23,13,17,17,13,11,14,13,18,35,7,7,13,13,13,13,13,13,13,13,13,13,13,13
2013thru2017,50,05000US48297,"Live Oak County, Texas",48,297,3585,2960,420,25,50,50,35,30,10,30,25,0,45,0,30,95,2515,0,85,75,160,165,110,165,130,45,170,45,295,1070,25,25,0,0,0,0,0,0,0,0,0,0,0,0,625,200,35,20,55,25,20,10,20,4,0,10,0,0,0,420,15,15,65,4,35,4,10,15,0,35,4,95,125,10,10,0,0,0,0,0,0,0,0,0,0,0,0,328,259,126,30,39,65,32,33,15,31,25,21,29,21,43,61,247,21,50,44,80,72,85,71,60,44,85,58,123,156,33,33,21,21,21,21,21,21,21,21,21,21,21,21,181,86,28,22,51,28,22,19,34,9,21,15,21,21,21,151,21,25,50,8,25,7,13,20,21,28,9,57,61,15,15,21,21,21,21,21,21,21,21,21,21,21,21
2013thru2017,50,05000US48299,"Llano County, Texas",48,299,8680,6645,1360,155,155,150,140,245,45,130,150,20,20,4,40,105,5200,0,30,175,190,190,60,400,320,55,290,180,480,2825,85,85,0,0,0,0,0,0,0,0,0,0,0,0,2035,1010,90,170,160,210,100,20,50,120,0,60,0,0,25,980,4,40,80,70,40,30,145,135,50,30,20,55,285,45,45,0,0,0,0,0,0,0,0,0,0,0,0,444,391,263,96,79,77,75,136,41,71,107,27,18,15,35,56,317,25,32,116,80,95,38,123,99,47,94,92,128,227,64,64,25,25,25,25,25,25,25,25,25,25,25,25,302,238,64,111,101,128,67,35,46,98,25,52,25,25,33,199,8,46,51,56,40,26,100,101,57,30,33,53,118,52,52,25,25,25,25,25,25,25,25,25,25,25,25
2013thru2017,50,05000US48301,"Loving County, Texas",48,301,30,15,4,4,0,0,0,0,0,0,0,0,0,0,0,0,10,0,0,0,0,0,0,4,0,0,0,0,4,4,0,0,0,0,0,0,0,0,0,0,0,0,0,0,15,4,0,0,4,0,0,0,0,0,0,0,0,0,0,15,0,0,0,0,0,0,0,4,0,0,4,0,10,0,0,0,0,0,0,0,0,0,0,0,0,0,0,14,11,3,3,13,13,13,13,13,13,13,13,13,13,13,13,12,13,13,13,13,13,13,13,13,13,13,13,13,7,13,13,13,13,13,13,13,13,13,13,13,13,13,13,10,1,13,13,1,13,13,13,13,13,13,13,13,13,13,12,13,13,13,13,13,13,13,13,13,13,2,13,13,13,13,13,13,13,13,13,13,13,13,13,13,13,13
2013thru2017,50,05000US48303,"Lubbock County, Texas",48,303,110275,61695,12250,1465,1365,1095,1030,895,565,1105,1000,445,1215,200,425,1455,49075,35,335,775,1150,1305,745,2400,3530,1235,3335,1215,4585,28425,365,365,0,0,0,0,0,0,0,0,0,0,0,0,48580,25095,4760,3425,4030,3285,2795,1390,2180,1210,330,625,125,395,545,21960,420,300,420,440,935,685,2825,2505,865,2735,625,2650,6550,1530,1530,0,0,0,0,0,0,0,0,0,0,0,0,820,1040,679,248,227,179,223,231,162,233,209,165,257,120,119,289,1030,28,145,173,211,279,164,340,439,227,371,240,442,969,130,130,31,31,31,31,31,31,31,31,31,31,31,31,1063,1162,530,512,453,493,419,347,361,251,131,212,97,150,173,1042,146,107,155,160,240,264,386,335,237,365,187,451,637,303,303,31,31,31,31,31,31,31,31,31,31,31,31
2013thru2017,50,05000US48305,"Lynn County, Texas",48,305,2145,1475,245,15,20,20,30,20,10,35,30,15,4,10,10,25,1225,0,35,40,25,55,55,90,90,35,80,20,60,635,4,4,0,0,0,0,0,0,0,0,0,0,0,0,670,175,60,20,35,15,25,4,0,10,0,0,0,0,10,450,60,70,10,50,30,20,15,30,10,35,4,10,100,50,50,0,0,0,0,0,0,0,0,0,0,0,0,81,103,51,14,12,16,24,17,14,26,21,17,7,14,16,16,109,19,23,37,22,31,32,30,37,19,36,22,29,85,4,4,19,19,19,19,19,19,19,19,19,19,19,19,104,64,47,23,31,15,25,3,19,10,19,19,19,19,13,89,49,42,14,39,28,21,16,23,12,25,4,11,41,48,48,19,19,19,19,19,19,19,19,19,19,19,19
2013thru2017,50,05000US48307,"McCulloch County, Texas",48,307,3145,2400,460,30,80,80,30,35,20,20,25,0,65,10,4,60,1905,15,35,40,70,80,25,195,175,70,130,10,140,915,35,35,0,0,0,0,0,0,0,0,0,0,0,0,745,340,70,80,50,85,0,0,15,15,0,0,0,0,15,365,4,4,25,50,20,20,45,45,4,25,10,4,105,45,45,0,0,0,0,0,0,0,0,0,0,0,0,220,212,126,22,48,84,29,23,27,35,32,19,61,15,12,53,184,16,27,34,52,63,30,110,116,61,66,14,60,172,33,33,19,19,19,19,19,19,19,19,19,19,19,19,175,137,72,58,52,82,19,19,26,23,19,19,19,19,16,110,5,15,23,44,23,33,38,43,4,29,16,12,60,57,57,19,19,19,19,19,19,19,19,19,19,19,19
2013thru2017,50,05000US48309,"McLennan County, Texas",48,309,88210,51140,10735,1085,1110,1375,1460,885,405,1200,585,390,505,125,540,1065,40135,65,260,675,1130,1615,805,2715,2730,1000,2510,920,3550,22160,275,275,0,0,0,0,0,0,0,0,0,0,0,0,37070,18185,4115,3270,2995,2220,2060,895,1250,545,100,200,65,140,330,17750,440,655,425,595,1045,740,1870,2590,640,1565,480,1495,5215,1135,1135,0,0,0,0,0,0,0,0,0,0,0,0,830,886,639,203,187,220,295,185,143,231,150,112,152,84,177,199,803,46,84,136,177,276,167,368,338,184,300,162,346,705,98,98,31,31,31,31,31,31,31,31,31,31,31,31,885,882,482,480,358,337,343,283,264,167,72,92,75,81,133,755,204,164,139,141,220,208,307,405,163,290,168,311,519,249,249,31,31,31,31,31,31,31,31,31,31,31,31
2013thru2017,50,05000US48311,"McMullen County, Texas",48,311,195,145,30,4,4,0,0,0,0,20,4,0,0,0,4,0,100,0,0,0,4,10,0,4,4,0,0,0,10,65,10,10,0,0,0,0,0,0,0,0,0,0,0,0,50,15,0,0,0,0,0,0,0,0,0,0,0,0,15,35,0,4,0,4,0,0,0,10,0,0,0,4,15,0,0,0,0,0,0,0,0,0,0,0,0,0,0,52,50,23,13,13,13,13,13,13,21,5,13,13,13,13,13,42,13,13,13,11,15,13,12,13,13,13,13,12,35,16,16,13,13,13,13,13,13,13,13,13,13,13,13,27,27,13,13,13,13,13,13,13,13,13,13,13,13,27,21,13,7,13,3,13,13,13,12,13,13,13,8,15,13,13,13,13,13,13,13,13,13,13,13,13,13,13
2013thru2017,50,05000US48313,"Madison County, Texas",48,313,4175,3070,915,70,175,60,50,100,60,195,40,4,75,4,30,55,2130,0,50,55,85,95,80,85,155,75,105,50,270,1025,20,20,0,0,0,0,0,0,0,0,0,0,0,0,1105,470,65,45,4,115,0,25,50,0,55,0,0,40,70,605,15,35,95,4,10,60,55,65,4,125,0,15,125,30,30,0,0,0,0,0,0,0,0,0,0,0,0,213,221,164,38,97,37,39,70,37,88,40,4,65,9,31,41,196,21,46,42,55,50,43,47,60,48,52,39,91,143,25,25,21,21,21,21,21,21,21,21,21,21,21,21,185,146,45,42,15,73,21,29,55,21,77,21,21,50,71,136,30,37,79,10,15,52,36,50,16,91,21,14,54,41,41,21,21,21,21,21,21,21,21,21,21,21,21
2013thru2017,50,05000US48315,"Marion County, Texas",48,315,4455,3530,690,80,150,90,35,45,0,50,80,20,90,20,15,10,2770,40,100,160,125,125,70,225,280,75,230,70,245,1025,65,65,0,0,0,0,0,0,0,0,0,0,0,0,930,515,80,160,30,80,100,0,35,4,0,25,0,0,4,410,4,35,25,40,45,4,100,40,0,25,0,15,85,4,4,0,0,0,0,0,0,0,0,0,0,0,0,214,221,163,60,84,64,24,44,21,48,51,32,64,35,24,14,231,40,71,80,69,62,49,85,94,60,88,70,90,171,45,45,21,21,21,21,21,21,21,21,21,21,21,21,187,165,63,71,31,70,83,21,34,4,21,36,21,21,14,125,6,31,25,41,39,17,63,31,21,26,21,17,54,6,6,21,21,21,21,21,21,21,21,21,21,21,21
2013thru2017,50,05000US48317,"Martin County, Texas",48,317,1635,1260,255,50,4,15,4,25,10,50,25,4,0,0,20,45,990,10,4,0,4,40,15,55,95,50,55,4,65,590,20,20,0,0,0,0,0,0,0,0,0,0,0,0,375,115,15,0,35,30,4,0,4,0,0,0,10,0,20,255,0,15,0,10,0,25,35,30,0,4,4,40,95,0,0,0,0,0,0,0,0,0,0,0,0,0,0,84,117,78,41,15,18,19,28,21,42,27,13,19,19,23,41,125,16,2,19,15,34,18,36,49,41,32,8,34,105,23,23,19,19,19,19,19,19,19,19,19,19,19,19,96,60,26,19,40,26,4,19,5,19,19,19,15,19,30,82,19,17,19,14,19,27,37,26,19,15,3,37,56,19,19,19,19,19,19,19,19,19,19,19,19,19,19
2013thru2017,50,05000US48319,"Mason County, Texas",48,319,1620,1185,280,35,50,15,55,15,0,45,15,15,15,10,15,4,905,4,0,0,15,20,40,80,105,20,75,20,100,425,4,4,0,0,0,0,0,0,0,0,0,0,0,0,435,145,30,30,25,15,0,0,25,20,0,0,0,0,0,295,10,50,0,15,10,35,40,15,15,35,0,20,45,0,0,0,0,0,0,0,0,0,0,0,0,0,0,150,131,93,24,43,25,37,16,13,43,23,30,22,11,23,16,121,1,13,13,26,25,35,49,67,27,51,20,56,96,5,5,13,13,13,13,13,13,13,13,13,13,13,13,106,64,27,47,28,23,13,13,31,33,13,13,13,13,13,93,24,49,13,15,14,37,30,27,27,35,13,23,30,13,13,13,13,13,13,13,13,13,13,13,13,13,13
2013thru2017,50,05000US48321,"Matagorda County, Texas",48,321,13810,9360,2310,610,315,270,195,100,75,225,25,30,10,15,135,305,6850,30,55,245,320,320,140,510,585,115,455,155,500,3420,200,200,0,0,0,0,0,0,0,0,0,0,0,0,4450,1680,195,455,360,205,155,10,135,60,25,25,25,15,15,2690,25,125,30,135,50,75,280,480,60,180,75,280,895,80,80,0,0,0,0,0,0,0,0,0,0,0,0,496,472,366,238,116,133,112,62,67,89,36,35,13,17,102,132,486,44,31,145,126,167,69,185,174,103,156,100,205,398,107,107,28,28,28,28,28,28,28,28,28,28,28,28,425,315,113,183,191,96,81,19,85,63,44,31,40,25,22,359,37,90,33,115,49,47,143,222,62,76,81,157,212,68,68,28,28,28,28,28,28,28,28,28,28,28,28
2013thru2017,50,05000US48323,"Maverick County, Texas",48,323,16415,11170,3125,380,480,245,315,300,160,410,245,30,90,130,50,280,8020,55,455,555,665,515,245,385,495,225,825,105,550,2940,25,25,0,0,0,0,0,0,0,0,0,0,0,0,5245,2495,455,610,305,330,125,45,70,75,110,10,0,130,225,2650,155,255,300,140,190,100,230,235,4,75,55,185,720,100,100,0,0,0,0,0,0,0,0,0,0,0,0,297,374,414,143,131,104,143,152,117,158,153,30,55,94,51,147,449,50,164,160,208,180,140,137,158,117,236,88,189,427,34,34,31,31,31,31,31,31,31,31,31,31,31,31,397,387,154,191,168,167,72,59,60,53,83,12,31,109,134,346,109,137,135,84,131,83,103,119,15,57,43,145,214,61,61,31,31,31,31,31,31,31,31,31,31,31,31
2013thru2017,50,05000US48325,"Medina County, Texas",48,325,15155,12450,2475,545,360,350,170,90,30,185,205,20,95,25,145,250,9885,155,285,295,465,465,145,945,705,395,605,235,760,4420,85,85,0,0,0,0,0,0,0,0,0,0,0,0,2705,870,220,210,130,180,55,10,4,0,4,20,0,4,25,1810,65,100,45,125,170,40,180,290,85,180,10,30,480,25,25,0,0,0,0,0,0,0,0,0,0,0,0,469,498,329,145,138,136,82,53,32,90,102,23,54,29,95,108,433,108,145,118,171,188,74,246,165,144,189,111,186,341,56,56,28,28,28,28,28,28,28,28,28,28,28,28,348,187,118,100,67,113,52,16,5,28,15,33,28,10,28,318,50,49,43,82,89,43,105,166,83,114,19,39,184,30,30,28,28,28,28,28,28,28,28,28,28,28,28
2013thru2017,50,05000US48327,"Menard County, Texas",48,327,965,645,160,0,20,10,35,35,0,0,10,15,0,0,0,30,480,0,20,0,4,60,20,40,70,15,50,10,45,135,4,4,0,0,0,0,0,0,0,0,0,0,0,0,320,95,25,10,20,20,15,0,10,0,0,0,0,0,0,225,10,0,40,25,25,4,0,10,15,15,0,0,75,0,0,0,0,0,0,0,0,0,0,0,0,0,0,104,88,63,13,22,14,33,33,13,13,14,31,13,13,13,31,92,13,27,13,10,39,24,28,42,17,32,13,34,61,7,7,13,13,13,13,13,13,13,13,13,13,13,13,84,52,29,16,31,31,20,13,22,13,13,13,13,13,13,65,14,13,37,31,31,2,13,19,26,21,13,13,35,13,13,13,13,13,13,13,13,13,13,13,13,13,13
2013thru2017,50,05000US48329,"Midland County, Texas",48,329,55045,36750,6865,865,555,490,435,645,350,865,770,380,285,145,345,735,29665,145,335,770,835,900,580,1820,2100,500,1755,365,2580,16975,225,225,0,0,0,0,0,0,0,0,0,0,0,0,18295,8845,995,920,940,1360,1215,330,915,500,195,480,215,150,635,9295,105,80,210,100,225,75,670,815,370,1025,375,1245,4000,155,155,0,0,0,0,0,0,0,0,0,0,0,0,619,724,621,233,175,147,171,206,172,266,202,217,115,114,151,207,740,110,128,232,229,243,196,377,326,157,303,140,376,678,109,109,31,31,31,31,31,31,31,31,31,31,31,31,807,705,315,222,290,310,306,140,237,170,118,185,127,108,273,735,61,56,117,74,133,61,202,223,197,370,134,315,436,102,102,31,31,31,31,31,31,31,31,31,31,31,31
2013thru2017,50,05000US48331,"Milam County, Texas",48,331,9435,6445,1420,130,285,170,215,140,105,65,70,0,45,4,90,100,5005,0,80,165,95,200,85,475,510,105,435,225,430,2200,20,20,0,0,0,0,0,0,0,0,0,0,0,0,2995,1190,185,265,330,155,85,50,75,4,10,20,4,10,0,1765,25,75,40,170,190,150,80,290,70,100,20,155,395,35,35,0,0,0,0,0,0,0,0,0,0,0,0,303,354,282,73,168,71,104,95,111,46,56,25,36,10,50,52,323,25,44,79,65,103,53,157,128,50,118,123,130,261,23,23,25,25,25,25,25,25,25,25,25,25,25,25,336,272,120,134,161,90,78,53,59,8,18,35,8,18,25,300,24,45,32,116,97,121,57,203,57,66,20,75,121,26,26,25,25,25,25,25,25,25,25,25,25,25,25
2013thru2017,50,05000US48333,"Mills County, Texas",48,333,1835,1555,335,40,45,65,60,15,10,4,35,4,4,4,10,45,1195,0,15,30,70,55,55,80,110,4,85,55,100,540,20,20,0,0,0,0,0,0,0,0,0,0,0,0,280,100,25,40,15,4,0,10,4,0,0,0,0,0,0,180,4,20,25,4,10,0,10,25,15,0,4,20,35,0,0,0,0,0,0,0,0,0,0,0,0,0,0,147,136,84,33,23,43,39,15,15,3,34,14,13,13,13,32,150,13,21,28,53,35,44,35,55,13,45,37,41,102,22,22,13,13,13,13,13,13,13,13,13,13,13,13,75,44,25,35,14,7,13,12,13,13,13,13,13,13,13,58,13,19,18,6,16,13,20,25,19,13,9,33,23,13,13,13,13,13,13,13,13,13,13,13,13,13,13
2013thru2017,50,05000US48335,"Mitchell County, Texas",48,335,2640,2005,225,30,15,25,60,10,4,0,4,4,35,0,30,4,1780,0,30,60,165,85,20,110,315,35,40,40,120,765,0,0,0,0,0,0,0,0,0,0,0,0,0,0,635,120,4,25,30,20,20,0,10,10,0,0,0,0,0,515,0,0,20,20,10,10,55,60,35,165,4,75,55,0,0,0,0,0,0,0,0,0,0,0,0,0,0,217,209,89,49,19,24,48,26,5,19,1,4,49,19,35,9,189,19,40,44,96,50,17,58,168,37,31,39,69,115,19,19,19,19,19,19,19,19,19,19,19,19,19,19,194,79,4,36,68,40,30,19,15,21,19,19,19,19,19,176,19,19,27,25,20,21,56,50,42,114,6,82,45,19,19,19,19,19,19,19,19,19,19,19,19,19,19
2013thru2017,50,05000US48337,"Montague County, Texas",48,337,8045,5785,1190,145,105,125,190,145,30,130,125,10,40,15,35,95,4520,10,35,160,135,155,50,430,275,95,370,100,410,2285,75,75,0,0,0,0,0,0,0,0,0,0,0,0,2260,925,130,105,195,20,120,90,130,85,15,0,0,20,10,1280,50,80,60,105,115,30,170,115,25,95,0,65,365,55,55,0,0,0,0,0,0,0,0,0,0,0,0,279,281,277,59,65,59,98,75,42,79,130,18,34,28,28,45,321,20,30,104,59,79,38,137,86,54,106,53,120,294,82,82,21,21,21,21,21,21,21,21,21,21,21,21,292,204,64,61,104,23,87,72,93,98,22,21,21,24,15,210,42,58,43,76,60,28,95,66,27,77,21,37,111,64,64,21,21,21,21,21,21,21,21,21,21,21,21
2013thru2017,50,05000US48339,"Montgomery County, Texas",48,339,186860,133080,28460,2835,2750,2965,3610,2665,1070,2550,2390,610,1605,250,1585,3570,103755,340,1165,1910,2325,2655,1440,4765,5585,2340,6855,1805,9250,63315,870,870,0,0,0,0,0,0,0,0,0,0,0,0,53780,22630,3405,2820,3285,2850,2575,1425,2840,1020,360,680,165,315,905,30550,815,805,690,755,1270,675,2650,3460,1010,2945,995,2795,11690,595,595,0,0,0,0,0,0,0,0,0,0,0,0,1312,1836,1401,477,412,497,606,504,292,483,450,196,327,130,375,605,1957,137,285,396,435,511,344,490,704,372,713,341,974,1825,232,232,31,31,31,31,31,31,31,31,31,31,31,31,1727,1216,736,485,545,531,504,465,498,264,145,224,88,171,342,1541,286,267,197,229,291,212,551,648,303,496,339,510,1143,255,255,31,31,31,31,31,31,31,31,31,31,31,31
2013thru2017,50,05000US48341,"Moore County, Texas",48,341,6725,4295,835,30,60,45,25,80,55,160,70,30,35,4,10,230,3455,10,4,75,130,125,95,90,170,125,435,35,495,1660,4,4,0,0,0,0,0,0,0,0,0,0,0,0,2430,985,195,35,160,165,105,10,165,90,0,15,0,0,40,1420,25,25,35,30,20,30,200,125,135,185,35,150,420,30,30,0,0,0,0,0,0,0,0,0,0,0,0,234,356,217,27,47,33,30,66,55,101,54,35,29,16,16,123,290,17,7,51,79,70,77,49,63,84,171,33,152,224,3,3,25,25,25,25,25,25,25,25,25,25,25,25,325,262,107,27,118,101,70,16,137,80,25,31,25,25,54,249,31,37,40,28,31,22,85,80,95,102,32,101,167,30,30,25,25,25,25,25,25,25,25,25,25,25,25
2013thru2017,50,05000US48343,"Morris County, Texas",48,343,5025,3730,635,45,80,130,10,25,65,150,25,0,30,4,65,0,3065,4,15,85,120,115,65,405,450,95,235,110,180,1180,30,30,0,0,0,0,0,0,0,0,0,0,0,0,1290,535,80,130,100,105,4,10,40,10,0,15,0,35,15,705,10,115,20,50,85,25,60,50,20,35,15,20,195,50,50,0,0,0,0,0,0,0,0,0,0,0,0,143,172,144,39,59,59,16,33,56,93,33,21,37,15,64,21,196,9,18,45,51,72,43,144,123,70,97,57,80,172,32,32,21,21,21,21,21,21,21,21,21,21,21,21,165,107,40,65,49,63,8,16,33,16,21,23,21,32,27,156,20,70,27,31,76,30,40,46,21,30,19,17,81,37,37,21,21,21,21,21,21,21,21,21,21,21,21
2013thru2017,50,05000US48345,"Motley County, Texas",48,345,470,335,75,4,10,15,0,15,0,0,10,20,0,0,0,4,255,0,4,4,30,15,4,35,25,4,15,4,15,90,4,4,0,0,0,0,0,0,0,0,0,0,0,0,135,30,4,0,4,15,10,0,0,0,0,0,0,0,0,105,4,10,4,10,0,10,4,0,4,15,0,15,25,0,0,0,0,0,0,0,0,0,0,0,0,0,0,45,39,28,3,11,15,13,19,13,13,16,14,13,13,13,12,41,13,13,13,20,18,13,17,17,7,13,12,12,28,10,10,13,13,13,13,13,13,13,13,13,13,13,13,36,21,11,13,13,16,11,13,13,13,13,13,13,13,13,34,13,13,8,14,13,13,11,13,10,21,13,17,19,13,13,13,13,13,13,13,13,13,13,13,13,13,13
2013thru2017,50,05000US48347,"Nacogdoches County, Texas",48,347,23825,13310,2605,345,255,295,350,205,80,260,270,95,160,65,70,150,10510,20,165,260,545,430,200,535,600,345,660,230,755,5770,195,195,0,0,0,0,0,0,0,0,0,0,0,0,10515,5235,1315,935,930,585,535,175,330,265,0,60,0,50,65,5000,85,230,215,190,255,90,435,725,100,335,220,715,1415,280,280,0,0,0,0,0,0,0,0,0,0,0,0,456,481,366,127,86,132,130,126,44,150,115,66,76,47,49,73,450,36,85,107,149,105,103,128,138,125,148,89,151,323,108,108,31,31,31,31,31,31,31,31,31,31,31,31,571,408,279,224,279,166,169,90,145,152,31,59,31,51,62,434,54,106,102,82,109,57,134,214,50,129,97,196,287,119,119,31,31,31,31,31,31,31,31,31,31,31,31
2013thru2017,50,05000US48349,"Navarro County, Texas",48,349,17325,11890,2495,300,285,325,340,145,175,265,260,65,75,4,105,155,9335,0,130,130,305,495,270,805,815,250,695,270,1015,4155,65,65,0,0,0,0,0,0,0,0,0,0,0,0,5435,2265,485,345,235,385,320,120,140,90,4,100,10,10,30,2980,120,100,220,245,160,30,240,230,75,300,55,310,895,190,190,0,0,0,0,0,0,0,0,0,0,0,0,411,410,271,88,86,92,138,56,83,106,94,45,50,6,54,72,434,28,70,60,134,135,94,197,177,93,165,111,234,303,47,47,28,28,28,28,28,28,28,28,28,28,28,28,420,303,170,134,91,154,136,66,74,63,28,100,16,13,31,344,78,94,114,115,96,21,117,97,96,135,51,163,213,121,121,28,28,28,28,28,28,28,28,28,28,28,28
2013thru2017,50,05000US48351,"Newton County, Texas",48,351,4780,3955,595,105,45,95,55,40,10,65,10,0,100,0,10,60,3315,10,95,100,315,185,90,465,125,60,250,105,300,1220,45,45,0,0,0,0,0,0,0,0,0,0,0,0,825,130,15,50,20,40,0,0,10,0,0,0,0,0,0,645,40,100,120,35,40,25,20,50,10,25,15,0,165,50,50,0,0,0,0,0,0,0,0,0,0,0,0,288,263,146,68,33,71,48,39,17,55,15,21,85,21,15,48,263,16,68,57,174,71,60,130,50,56,117,96,97,203,37,37,21,21,21,21,21,21,21,21,21,21,21,21,182,76,19,38,22,45,21,21,22,21,21,21,21,21,21,155,43,65,93,29,28,28,26,51,15,27,20,21,65,55,55,21,21,21,21,21,21,21,21,21,21,21,21
2013thru2017,50,05000US48353,"Nolan County, Texas",48,353,5550,3845,715,185,75,110,45,45,15,105,10,15,0,4,25,80,3120,0,30,95,170,175,130,210,180,100,230,55,315,1430,10,10,0,0,0,0,0,0,0,0,0,0,0,0,1705,595,110,105,90,90,45,45,20,10,35,20,0,15,10,1090,25,60,55,165,60,4,150,60,65,110,25,145,160,20,20,0,0,0,0,0,0,0,0,0,0,0,0,206,226,157,86,40,64,29,33,16,46,19,21,21,2,23,60,210,21,22,47,106,70,52,74,60,50,64,34,91,146,13,13,21,21,21,21,21,21,21,21,21,21,21,21,232,115,58,53,60,53,38,28,30,15,47,27,21,23,15,214,39,46,41,88,56,13,74,34,57,59,34,82,92,23,23,21,21,21,21,21,21,21,21,21,21,21,21
2013thru2017,50,05000US48355,"Nueces County, Texas",48,355,128855,74465,17180,1555,2500,1905,1385,1420,770,1975,1130,295,1200,335,865,1840,56795,95,760,1345,1755,1795,1160,3360,3590,1340,4205,1180,4755,31440,490,490,0,0,0,0,0,0,0,0,0,0,0,0,54390,25720,3955,4080,3435,3895,2675,1310,2335,1600,360,725,90,465,785,27705,580,1100,1045,900,1055,555,2425,2380,880,2775,1030,2735,10250,965,965,0,0,0,0,0,0,0,0,0,0,0,0,1019,1135,837,254,332,317,214,233,212,347,206,122,252,106,228,311,1209,60,155,291,263,276,275,402,397,268,392,261,450,930,171,171,31,31,31,31,31,31,31,31,31,31,31,31,1353,1278,460,504,477,488,391,311,415,277,125,201,76,191,242,1226,202,237,302,210,271,155,390,322,251,386,268,376,714,265,265,31,31,31,31,31,31,31,31,31,31,31,31
2013thru2017,50,05000US48357,"Ochiltree County, Texas",48,357,3550,2560,650,85,125,25,80,55,15,75,50,35,35,4,4,55,1900,0,0,40,100,130,20,280,150,40,120,10,155,850,10,10,0,0,0,0,0,0,0,0,0,0,0,0,985,210,15,35,10,100,0,0,4,0,0,0,0,30,10,770,0,20,20,25,100,0,80,95,0,130,40,65,195,4,4,0,0,0,0,0,0,0,0,0,0,0,0,134,169,166,54,78,21,73,35,30,51,57,53,35,12,13,44,173,21,21,30,55,71,21,97,70,34,64,14,74,140,14,14,21,21,21,21,21,21,21,21,21,21,21,21,169,99,32,37,17,74,21,21,17,21,21,21,21,37,15,156,21,19,36,29,63,21,62,64,21,90,41,56,78,8,8,21,21,21,21,21,21,21,21,21,21,21,21
2013thru2017,50,05000US48359,"Oldham County, Texas",48,359,580,430,65,15,4,10,20,4,0,4,4,0,0,0,4,4,360,0,4,35,4,15,4,30,40,4,20,20,25,160,4,4,0,0,0,0,0,0,0,0,0,0,0,0,150,20,4,4,4,0,4,4,0,0,0,0,0,0,0,135,4,0,4,0,4,4,15,0,4,15,10,20,60,0,0,0,0,0,0,0,0,0,0,0,0,0,0,171,135,25,12,13,11,13,4,13,7,4,13,13,13,1,5,119,13,14,20,13,11,4,19,20,7,14,18,16,64,1,1,13,13,13,13,13,13,13,13,13,13,13,13,56,17,15,13,1,13,2,3,13,13,13,13,13,13,13,48,13,13,5,13,14,9,15,13,4,14,12,17,31,13,13,13,13,13,13,13,13,13,13,13,13,13,13
2013thru2017,50,05000US48361,"Orange County, Texas",48,361,32270,24310,3945,740,605,260,505,285,80,405,180,125,215,50,85,415,20170,85,210,590,660,895,390,1600,1490,500,1210,430,1875,10245,190,190,0,0,0,0,0,0,0,0,0,0,0,0,7965,2930,485,870,540,270,345,150,40,70,20,70,0,30,40,4845,210,165,175,220,185,120,725,560,275,245,215,485,1270,190,190,0,0,0,0,0,0,0,0,0,0,0,0,500,661,444,198,149,91,199,92,49,156,75,79,101,36,52,145,660,57,94,164,192,209,151,267,259,145,207,145,286,627,88,88,31,31,31,31,31,31,31,31,31,31,31,31,665,379,152,194,202,111,127,107,38,60,35,67,31,40,33,565,111,93,97,110,108,64,196,176,114,117,133,202,303,131,131,31,31,31,31,31,31,31,31,31,31,31,31
2013thru2017,50,05000US48363,"Palo Pinto County, Texas",48,363,10440,7330,1560,195,170,225,190,100,50,185,60,25,105,10,35,210,5755,0,135,120,305,195,45,355,610,135,380,145,360,2980,15,15,0,0,0,0,0,0,0,0,0,0,0,0,3110,1670,355,290,375,155,120,45,80,70,0,105,0,40,25,1405,4,35,70,40,55,65,265,170,75,115,40,125,345,35,35,0,0,0,0,0,0,0,0,0,0,0,0,309,270,188,71,65,78,85,47,31,106,35,19,58,15,29,72,260,25,81,62,77,75,28,91,150,55,111,71,106,273,16,16,25,25,25,25,25,25,25,25,25,25,25,25,267,167,104,103,137,73,70,43,63,66,25,69,25,31,29,225,10,31,53,28,39,49,98,87,49,67,33,68,124,30,30,25,25,25,25,25,25,25,25,25,25,25,25
2013thru2017,50,05000US48365,"Panola County, Texas",48,365,9030,6995,1280,255,155,145,190,85,80,90,85,30,20,25,105,15,5615,4,125,205,280,305,70,430,380,170,485,130,485,2540,100,100,0,0,0,0,0,0,0,0,0,0,0,0,2035,565,215,70,60,30,80,10,50,20,20,0,0,0,10,1410,60,55,110,90,55,115,205,145,4,75,40,150,310,60,60,0,0,0,0,0,0,0,0,0,0,0,0,289,338,235,105,95,56,95,60,62,71,55,30,27,30,85,15,325,8,75,90,103,116,41,130,124,93,131,68,161,299,85,85,25,25,25,25,25,25,25,25,25,25,25,25,324,146,104,41,53,44,75,17,63,31,35,25,25,25,14,281,68,68,66,61,61,85,126,89,15,56,60,84,130,56,56,25,25,25,25,25,25,25,25,25,25,25,25
2013thru2017,50,05000US48367,"Parker County, Texas",48,367,43940,34060,6780,880,575,540,585,665,245,880,660,100,305,90,280,980,27030,40,300,480,585,720,535,1690,1925,545,1980,615,2435,15180,250,250,0,0,0,0,0,0,0,0,0,0,0,0,9880,4165,910,745,445,740,595,80,230,150,20,80,10,105,50,5595,140,160,165,180,230,220,910,950,80,520,85,550,1400,120,120,0,0,0,0,0,0,0,0,0,0,0,0,558,615,520,226,178,153,161,209,103,196,171,60,106,71,109,213,707,40,116,129,135,175,178,248,263,165,296,168,303,579,121,121,31,31,31,31,31,31,31,31,31,31,31,31,587,407,200,169,148,209,175,50,103,83,36,69,16,91,60,541,102,155,90,118,88,103,255,247,57,145,63,175,299,94,94,31,31,31,31,31,31,31,31,31,31,31,31
2013thru2017,50,05000US48369,"Parmer County, Texas",48,369,3220,2220,500,25,25,100,55,15,10,55,25,15,45,4,45,80,1700,0,10,20,60,85,80,155,115,60,125,45,165,770,20,20,0,0,0,0,0,0,0,0,0,0,0,0,1000,390,70,70,40,45,60,20,30,35,0,4,0,0,10,605,4,4,15,40,20,10,85,90,15,70,20,70,155,4,4,0,0,0,0,0,0,0,0,0,0,0,0,132,139,110,22,24,50,35,16,15,45,25,22,47,17,39,51,128,19,22,21,33,46,44,61,47,37,52,50,62,126,24,24,19,19,19,19,19,19,19,19,19,19,19,19,130,95,45,50,36,28,41,27,21,37,19,11,19,19,17,114,17,2,17,29,18,14,52,44,29,41,18,47,71,11,11,19,19,19,19,19,19,19,19,19,19,19,19
2013thru2017,50,05000US48371,"Pecos County, Texas",48,371,4420,3075,530,130,70,25,25,55,15,50,45,10,30,10,20,35,2470,40,145,60,80,85,155,175,165,55,170,90,280,975,75,75,0,0,0,0,0,0,0,0,0,0,0,0,1345,480,70,25,85,80,95,0,35,40,0,4,0,40,15,865,95,15,15,30,35,4,80,75,55,75,30,35,305,0,0,0,0,0,0,0,0,0,0,0,0,0,0,215,186,129,82,47,25,29,45,23,51,43,15,29,15,22,24,185,36,82,43,47,52,87,79,74,34,80,53,129,172,69,69,21,21,21,21,21,21,21,21,21,21,21,21,190,121,61,25,59,68,58,21,44,38,21,2,21,40,20,180,80,23,21,24,30,15,60,55,43,64,37,44,101,21,21,21,21,21,21,21,21,21,21,21,21,21,21
2013thru2017,50,05000US48373,"Polk County, Texas",48,373,17630,13525,3010,460,260,375,295,170,205,380,305,45,115,0,90,315,10335,55,260,355,475,490,330,780,670,330,930,200,880,4580,175,175,0,0,0,0,0,0,0,0,0,0,0,0,4110,1700,185,490,230,310,190,10,110,10,25,50,20,20,50,2215,40,60,115,150,115,65,305,175,80,165,90,325,540,195,195,0,0,0,0,0,0,0,0,0,0,0,0,464,454,348,140,109,127,108,84,111,100,145,48,63,28,62,138,465,57,131,115,156,144,154,174,163,137,192,87,173,346,96,96,28,28,28,28,28,28,28,28,28,28,28,28,448,317,100,185,108,110,98,21,76,20,35,78,33,31,76,320,48,42,79,70,72,55,130,77,63,80,68,167,134,119,119,28,28,28,28,28,28,28,28,28,28,28,28
2013thru2017,50,05000US48375,"Potter County, Texas",48,375,43455,24905,5490,920,710,630,665,550,235,590,415,70,175,75,140,310,19115,180,555,660,875,925,615,2040,1880,530,1530,460,1740,7125,305,305,0,0,0,0,0,0,0,0,0,0,0,0,18545,9345,1975,1970,1780,1475,905,145,465,105,4,120,20,125,250,8820,250,230,215,505,1060,240,1415,1115,300,890,390,685,1520,385,385,0,0,0,0,0,0,0,0,0,0,0,0,487,590,459,197,177,140,167,170,103,169,124,52,80,53,75,114,558,78,133,143,167,164,179,284,320,162,210,146,288,378,107,107,31,31,31,31,31,31,31,31,31,31,31,31,693,587,305,274,316,285,207,97,177,58,20,85,23,70,102,634,100,128,73,115,238,99,260,248,97,213,148,217,267,133,133,31,31,31,31,31,31,31,31,31,31,31,31
2013thru2017,50,05000US48377,"Presidio County, Texas",48,377,2590,1545,405,35,75,30,4,85,20,20,25,40,15,0,0,45,1130,40,115,125,110,50,60,115,65,4,35,4,90,315,10,10,0,0,0,0,0,0,0,0,0,0,0,0,1045,380,50,150,60,75,25,0,20,0,0,0,0,0,0,650,85,105,30,20,35,45,35,70,25,25,0,25,155,20,20,0,0,0,0,0,0,0,0,0,0,0,0,180,194,127,34,55,32,16,89,38,26,27,36,26,19,19,64,179,44,77,82,66,45,54,72,59,12,29,12,64,104,15,15,19,19,19,19,19,19,19,19,19,19,19,19,230,138,45,102,60,52,38,19,30,19,19,19,19,19,19,175,70,97,33,23,49,31,40,66,31,42,19,23,85,31,31,19,19,19,19,19,19,19,19,19,19,19,19
2013thru2017,50,05000US48379,"Rains County, Texas",48,379,4335,3345,840,110,75,85,120,85,15,70,60,55,20,10,85,45,2450,0,20,135,175,55,90,185,110,60,190,55,330,1050,55,55,0,0,0,0,0,0,0,0,0,0,0,0,985,385,60,70,85,60,40,15,0,0,0,4,0,4,50,575,10,15,15,60,35,30,75,15,20,50,15,75,160,25,25,0,0,0,0,0,0,0,0,0,0,0,0,199,191,190,80,45,64,65,58,19,49,44,56,25,14,70,33,222,21,19,86,73,39,61,88,58,30,74,47,96,150,51,51,21,21,21,21,21,21,21,21,21,21,21,21,160,111,54,47,37,39,35,16,21,21,21,6,21,4,51,121,14,20,14,32,32,21,42,20,18,27,15,55,90,23,23,21,21,21,21,21,21,21,21,21,21,21,21
2013thru2017,50,05000US48381,"Randall County, Texas",48,381,49120,34305,5635,550,415,560,655,560,410,570,480,180,290,175,345,445,28565,35,155,325,445,655,365,1770,1925,595,1890,720,3040,16645,100,100,0,0,0,0,0,0,0,0,0,0,0,0,14815,6075,1165,840,870,745,885,330,535,330,35,90,15,70,165,8460,125,165,155,265,420,320,915,950,430,1070,270,730,2645,280,280,0,0,0,0,0,0,0,0,0,0,0,0,646,596,503,153,120,145,179,151,144,165,148,88,103,110,158,121,565,39,66,135,123,171,125,260,238,144,243,205,387,571,67,67,31,31,31,31,31,31,31,31,31,31,31,31,677,504,280,180,243,177,226,151,180,157,33,90,26,77,88,572,64,83,62,122,99,156,238,239,158,241,113,208,403,130,130,31,31,31,31,31,31,31,31,31,31,31,31
2013thru2017,50,05000US48383,"Reagan County, Texas",48,383,1170,825,120,40,35,25,0,0,0,4,4,0,4,0,4,0,705,0,4,70,30,10,15,30,85,0,30,4,25,405,0,0,0,0,0,0,0,0,0,0,0,0,0,0,350,80,10,10,15,20,15,0,0,4,0,0,10,0,0,265,20,4,4,4,25,0,20,40,0,55,4,4,85,0,0,0,0,0,0,0,0,0,0,0,0,0,0,84,92,42,36,24,22,13,13,13,12,11,13,11,13,11,13,82,13,3,53,28,14,24,21,48,13,33,4,20,77,13,13,13,13,13,13,13,13,13,13,13,13,13,13,94,48,22,19,21,32,25,13,13,2,13,13,15,13,13,80,30,5,2,3,30,13,27,30,13,42,4,10,42,13,13,13,13,13,13,13,13,13,13,13,13,13,13
2013thru2017,50,05000US48385,"Real County, Texas",48,385,1125,860,150,4,60,25,30,4,0,0,10,0,4,0,0,10,700,15,15,20,70,35,20,70,90,30,45,20,65,200,10,10,0,0,0,0,0,0,0,0,0,0,0,0,260,80,15,25,0,0,20,4,10,4,0,4,0,0,0,180,20,15,0,4,10,0,20,25,0,10,15,4,55,0,0,0,0,0,0,0,0,0,0,0,0,0,0,153,144,68,13,47,26,39,6,13,13,14,13,7,13,13,14,145,21,16,18,59,32,27,50,55,30,39,34,50,61,14,14,13,13,13,13,13,13,13,13,13,13,13,13,76,33,13,22,13,13,22,6,13,7,13,12,13,13,13,65,25,22,13,8,13,13,14,28,13,19,27,5,44,13,13,13,13,13,13,13,13,13,13,13,13,13,13
2013thru2017,50,05000US48387,"Red River County, Texas",48,387,5220,3955,750,200,175,90,55,75,4,50,20,4,35,0,4,40,3170,10,50,195,245,230,125,400,315,35,220,50,230,1070,40,40,0,0,0,0,0,0,0,0,0,0,0,0,1260,415,40,120,80,80,15,4,15,0,0,4,0,50,10,845,25,115,25,50,45,30,125,220,15,50,10,10,120,4,4,0,0,0,0,0,0,0,0,0,0,0,0,239,226,150,91,99,52,40,51,5,31,18,10,37,21,6,28,226,16,39,85,92,90,53,126,92,30,78,41,64,131,25,25,21,21,21,21,21,21,21,21,21,21,21,21,199,142,29,63,56,67,13,3,21,21,21,6,21,70,16,205,20,85,21,32,34,24,69,119,25,37,13,17,77,21,21,21,21,21,21,21,21,21,21,21,21,21,21
2013thru2017,50,05000US48389,"Reeves County, Texas",48,389,3730,2675,390,115,75,15,30,25,20,40,25,4,0,0,10,30,2280,20,70,145,180,165,50,85,105,55,130,70,280,925,4,4,0,0,0,0,0,0,0,0,0,0,0,0,1055,390,95,30,25,65,40,0,10,55,4,30,0,10,15,620,0,25,60,15,15,4,10,45,35,10,15,45,345,45,45,0,0,0,0,0,0,0,0,0,0,0,0,176,175,111,54,43,22,31,27,27,36,40,15,21,21,16,27,174,14,46,79,85,65,36,44,53,41,60,61,110,139,3,3,21,21,21,21,21,21,21,21,21,21,21,21,181,119,64,26,36,48,33,21,18,88,16,40,21,17,20,147,21,23,50,18,15,13,15,41,53,11,25,36,114,70,70,21,21,21,21,21,21,21,21,21,21,21,21
2013thru2017,50,05000US48391,"Refugio County, Texas",48,391,2695,1945,375,20,70,60,60,35,10,40,15,20,0,4,4,35,1535,0,4,55,45,65,25,90,125,10,95,25,210,785,35,35,0,0,0,0,0,0,0,0,0,0,0,0,745,235,85,45,30,50,10,10,0,0,0,10,0,0,0,510,20,20,55,20,4,25,70,45,0,40,30,50,130,4,4,0,0,0,0,0,0,0,0,0,0,0,0,124,114,82,20,34,38,44,21,12,30,23,18,19,12,19,29,128,19,10,29,24,40,19,46,47,14,45,19,76,112,38,38,19,19,19,19,19,19,19,19,19,19,19,19,105,72,57,38,24,37,14,18,19,19,19,13,19,19,19,102,21,19,47,25,11,28,33,31,19,31,32,32,55,2,2,19,19,19,19,19,19,19,19,19,19,19,19
2013thru2017,50,05000US48393,"Roberts County, Texas",48,393,325,240,15,4,4,0,4,0,0,4,0,4,0,0,0,4,225,0,4,4,10,10,10,20,15,4,30,4,45,70,0,0,0,0,0,0,0,0,0,0,0,0,0,0,85,10,4,0,0,4,4,0,4,0,0,0,0,0,0,75,0,0,0,4,0,0,10,10,0,4,0,15,35,0,0,0,0,0,0,0,0,0,0,0,0,0,0,35,45,18,2,4,13,12,13,13,13,13,13,13,13,13,2,41,13,10,13,14,12,13,13,14,2,14,13,24,26,13,13,13,13,13,13,13,13,13,13,13,13,13,13,29,10,1,13,13,3,4,13,1,13,13,13,13,13,13,27,13,13,13,13,13,13,13,13,13,7,13,15,25,13,13,13,13,13,13,13,13,13,13,13,13,13,13
2013thru2017,50,05000US48395,"Robertson County, Texas",48,395,6300,4690,830,125,120,125,70,95,20,75,50,4,10,4,40,95,3840,0,75,85,185,145,60,475,250,145,320,95,335,1675,20,20,0,0,0,0,0,0,0,0,0,0,0,0,1605,690,295,115,155,55,40,10,15,0,0,0,0,0,4,870,35,65,45,10,95,20,55,175,35,65,20,100,140,45,45,0,0,0,0,0,0,0,0,0,0,0,0,278,253,188,62,79,62,48,73,28,71,38,13,18,16,30,54,253,21,46,43,88,68,38,127,98,104,129,60,119,243,23,23,21,21,21,21,21,21,21,21,21,21,21,21,240,158,121,47,83,40,50,21,18,21,21,21,21,21,11,166,38,41,33,15,65,23,40,93,33,40,24,77,64,35,35,21,21,21,21,21,21,21,21,21,21,21,21
2013thru2017,50,05000US48397,"Rockwall County, Texas",48,397,30365,24415,4980,440,330,445,580,570,200,575,635,125,255,30,250,545,19350,0,75,100,310,325,230,1065,785,195,1305,235,1935,12790,80,80,0,0,0,0,0,0,0,0,0,0,0,0,5950,2735,370,405,355,410,175,210,390,165,95,145,15,4,0,3185,20,20,90,50,4,135,245,305,160,235,155,395,1370,30,30,0,0,0,0,0,0,0,0,0,0,0,0,319,500,543,131,142,161,179,187,82,186,201,59,99,34,103,207,681,31,66,78,134,128,98,288,212,113,288,99,237,663,70,70,31,31,31,31,31,31,31,31,31,31,31,31,476,416,168,164,176,143,97,145,180,94,70,119,25,10,31,416,36,32,62,43,3,123,134,147,153,126,118,158,281,40,40,31,31,31,31,31,31,31,31,31,31,31,31
2013thru2017,50,05000US48399,"Runnels County, Texas",48,399,3780,2715,450,115,55,60,65,25,10,45,10,15,0,15,15,20,2235,0,40,125,60,70,70,280,170,30,175,25,190,1005,25,25,0,0,0,0,0,0,0,0,0,0,0,0,1065,390,100,10,120,50,45,15,15,4,0,0,25,0,0,660,20,4,15,40,135,25,90,90,15,45,10,20,150,15,15,0,0,0,0,0,0,0,0,0,0,0,0,171,171,99,54,34,34,39,22,11,29,13,17,21,26,20,22,162,21,46,58,28,38,50,99,60,21,80,25,70,122,29,29,21,21,21,21,21,21,21,21,21,21,21,21,164,117,67,14,67,36,41,27,27,14,21,21,32,21,21,119,25,21,16,34,63,33,51,47,17,34,14,19,52,21,21,21,21,21,21,21,21,21,21,21,21,21,21
2013thru2017,50,05000US48401,"Rusk County, Texas",48,401,17980,13675,2290,325,375,370,235,135,85,125,215,75,40,30,75,195,11265,20,110,385,455,440,270,815,915,290,730,325,990,5525,125,125,0,0,0,0,0,0,0,0,0,0,0,0,4305,1705,275,235,250,310,205,125,110,10,30,20,15,30,90,2490,45,45,215,170,110,120,415,270,70,230,35,175,590,110,110,0,0,0,0,0,0,0,0,0,0,0,0,343,320,320,129,125,144,76,65,65,58,96,67,40,36,42,86,372,22,56,120,138,109,101,192,166,93,167,104,190,313,54,54,31,31,31,31,31,31,31,31,31,31,31,31,329,254,103,95,90,119,102,86,89,21,44,26,28,33,68,267,34,35,107,76,59,113,142,102,55,106,40,72,147,74,74,31,31,31,31,31,31,31,31,31,31,31,31
2013thru2017,50,05000US48403,"Sabine County, Texas",48,403,3810,3355,550,145,50,85,45,75,0,70,25,0,4,0,35,10,2725,15,15,120,180,235,110,280,260,35,305,65,215,885,80,80,0,0,0,0,0,0,0,0,0,0,0,0,460,240,45,70,35,50,4,0,4,25,0,4,0,0,0,210,25,30,60,35,20,0,10,0,4,0,0,0,25,10,10,0,0,0,0,0,0,0,0,0,0,0,0,274,277,141,58,40,50,39,48,21,53,24,21,7,21,39,20,220,21,23,60,94,86,62,97,108,33,115,45,99,145,88,88,21,21,21,21,21,21,21,21,21,21,21,21,148,97,51,47,35,52,14,21,9,29,21,4,21,21,21,92,25,33,56,32,35,21,14,21,3,21,21,21,24,15,15,21,21,21,21,21,21,21,21,21,21,21,21
2013thru2017,50,05000US48405,"San Augustine County, Texas",48,405,3200,2535,465,115,100,70,70,40,0,0,15,0,0,0,20,35,1985,10,4,55,240,180,120,130,185,80,140,10,150,680,85,85,0,0,0,0,0,0,0,0,0,0,0,0,665,230,40,105,30,0,0,15,4,0,0,0,35,0,4,400,55,70,0,40,25,4,30,35,0,10,35,30,65,35,35,0,0,0,0,0,0,0,0,0,0,0,0,209,190,127,62,57,54,62,39,19,19,21,19,19,19,29,35,203,17,4,42,97,83,54,63,85,52,71,14,64,118,63,63,19,19,19,19,19,19,19,19,19,19,19,19,158,89,42,61,36,19,19,27,8,19,19,19,42,19,14,124,51,67,19,32,33,11,39,40,19,20,39,41,55,43,43,19,19,19,19,19,19,19,19,19,19,19,19
2013thru2017,50,05000US48407,"San Jacinto County, Texas",48,407,9415,7810,1915,185,330,385,235,20,140,205,60,15,65,0,45,235,5840,4,185,225,290,285,250,365,370,195,420,215,725,2310,60,60,0,0,0,0,0,0,0,0,0,0,0,0,1600,770,85,195,80,225,55,50,25,25,0,4,0,0,25,810,4,60,55,15,110,30,65,70,45,30,30,70,220,25,25,0,0,0,0,0,0,0,0,0,0,0,0,454,460,336,107,143,161,128,23,92,122,43,23,56,25,46,114,473,3,111,126,148,135,149,139,135,112,148,121,195,298,55,55,25,25,25,25,25,25,25,25,25,25,25,25,312,248,70,126,79,140,50,75,34,23,25,13,25,25,38,204,3,56,45,14,91,34,66,84,54,30,35,65,125,31,31,25,25,25,25,25,25,25,25,25,25,25,25
2013thru2017,50,05000US48409,"San Patricio County, Texas",48,409,23245,15545,3385,495,415,265,430,295,110,285,265,90,175,15,190,355,12095,65,225,500,475,495,220,770,860,380,1035,320,900,5850,70,70,0,0,0,0,0,0,0,0,0,0,0,0,7700,3390,550,490,385,465,200,285,320,205,35,115,10,145,185,4160,90,250,145,125,250,80,615,460,115,280,155,270,1325,150,150,0,0,0,0,0,0,0,0,0,0,0,0,480,507,355,111,129,87,127,115,61,105,98,54,89,27,96,104,452,52,87,153,119,140,108,184,175,116,195,117,197,354,37,37,31,31,31,31,31,31,31,31,31,31,31,31,515,389,168,145,152,162,85,117,149,100,43,61,16,97,104,408,68,99,87,86,117,49,247,163,69,109,113,111,275,109,109,31,31,31,31,31,31,31,31,31,31,31,31
2013thru2017,50,05000US48411,"San Saba County, Texas",48,411,2135,1440,385,20,80,90,70,40,20,10,4,10,4,0,20,10,1050,0,4,35,45,40,60,95,50,25,75,4,95,520,0,0,0,0,0,0,0,0,0,0,0,0,0,0,695,190,65,4,30,20,35,0,15,0,0,0,0,15,4,505,20,30,60,55,20,0,55,60,0,4,20,30,150,4,4,0,0,0,0,0,0,0,0,0,0,0,0,135,123,90,19,55,50,37,28,25,20,6,12,8,19,30,13,121,19,12,25,33,23,31,43,27,21,50,7,41,106,19,19,19,19,19,19,19,19,19,19,19,19,19,19,108,74,43,11,28,30,32,19,27,19,19,19,19,24,3,110,22,29,37,45,18,19,39,50,19,17,18,31,70,11,11,19,19,19,19,19,19,19,19,19,19,19,19
2013thru2017,50,05000US48413,"Schleicher County, Texas",48,413,1100,845,200,70,4,4,15,15,15,4,0,0,4,4,25,35,640,0,30,15,15,50,25,45,60,4,55,4,60,265,4,4,0,0,0,0,0,0,0,0,0,0,0,0,255,95,15,20,30,4,0,0,0,15,0,4,0,0,0,160,10,20,0,4,15,0,10,4,0,30,10,25,30,0,0,0,0,0,0,0,0,0,0,0,0,0,0,100,118,66,38,7,13,20,23,19,15,13,13,18,9,26,33,104,13,23,17,17,36,23,32,38,4,38,19,36,83,15,15,13,13,13,13,13,13,13,13,13,13,13,13,78,42,22,28,27,9,13,13,13,20,13,15,13,13,13,68,14,22,13,16,25,13,19,13,13,30,15,26,32,13,13,13,13,13,13,13,13,13,13,13,13,13,13
2013thru2017,50,05000US48415,"Scurry County, Texas",48,415,5840,4325,770,85,75,120,90,75,115,100,20,10,35,20,0,20,3545,20,50,180,110,100,100,245,235,35,390,120,450,1510,15,15,0,0,0,0,0,0,0,0,0,0,0,0,1510,505,95,120,120,30,25,65,35,10,0,0,0,4,0,1005,10,60,35,4,105,4,110,110,70,120,30,85,265,0,0,0,0,0,0,0,0,0,0,0,0,0,0,252,215,206,57,54,91,91,55,76,76,27,28,44,31,21,21,259,32,48,101,87,48,68,98,91,32,164,67,134,205,16,16,21,21,21,21,21,21,21,21,21,21,21,21,263,178,55,95,95,31,27,65,54,21,21,21,21,4,21,224,16,70,38,9,63,7,68,81,59,83,37,57,123,21,21,21,21,21,21,21,21,21,21,21,21,21,21
2013thru2017,50,05000US48417,"Shackelford County, Texas",48,417,1255,990,190,65,40,30,15,0,0,4,0,0,4,0,0,25,800,4,15,15,40,40,25,80,80,40,50,10,70,330,4,4,0,0,0,0,0,0,0,0,0,0,0,0,265,110,25,30,15,4,0,0,4,10,0,0,0,4,15,150,4,4,0,10,10,10,4,30,4,4,4,20,40,4,4,0,0,0,0,0,0,0,0,0,0,0,0,106,88,66,45,31,28,20,13,13,15,13,13,12,13,13,22,97,2,16,16,31,28,29,42,39,37,39,17,44,85,2,2,13,13,13,13,13,13,13,13,13,13,13,13,75,52,26,30,26,9,13,13,7,15,13,13,13,13,21,52,8,16,13,13,16,16,2,29,8,4,13,27,32,13,13,13,13,13,13,13,13,13,13,13,13,13,13
2013thru2017,50,05000US48419,"Shelby County, Texas",48,419,9220,6580,1170,170,155,110,170,90,70,145,70,0,70,0,65,60,5390,55,75,205,280,220,105,520,685,220,475,100,430,2015,25,25,0,0,0,0,0,0,0,0,0,0,0,0,2640,1115,355,185,375,60,60,0,60,25,0,0,0,0,0,1370,25,160,105,145,135,30,180,185,30,35,4,75,255,150,150,0,0,0,0,0,0,0,0,0,0,0,0,297,322,180,79,70,56,99,53,52,84,63,25,53,25,54,54,329,39,45,80,108,88,68,169,177,138,132,56,128,241,18,18,25,25,25,25,25,25,25,25,25,25,25,25,311,243,165,73,168,52,45,25,57,37,25,25,25,25,25,242,22,60,73,82,84,42,92,108,35,34,16,82,108,96,96,25,25,25,25,25,25,25,25,25,25,25,25
2013thru2017,50,05000US48421,"Sherman County, Texas",48,421,1065,860,125,10,4,10,10,15,15,25,20,0,0,4,4,4,730,0,4,25,40,50,15,45,55,30,55,25,25,355,4,4,0,0,0,0,0,0,0,0,0,0,0,0,205,75,20,35,0,15,0,4,4,0,0,0,0,0,0,130,25,0,0,10,20,0,4,20,4,10,0,15,20,0,0,0,0,0,0,0,0,0,0,0,0,0,0,63,73,53,12,5,13,11,20,22,26,20,13,13,12,13,10,81,13,4,21,24,27,16,27,28,19,25,20,15,56,6,6,13,13,13,13,13,13,13,13,13,13,13,13,53,37,21,24,13,16,13,1,13,13,13,13,13,13,13,42,22,13,13,13,17,13,5,19,8,13,13,12,15,13,13,13,13,13,13,13,13,13,13,13,13,13,13
2013thru2017,50,05000US48423,"Smith County, Texas",48,423,77800,51275,10800,1280,1180,1090,1295,1230,290,1080,945,240,580,160,420,1015,39850,60,490,825,1335,1640,750,2685,2660,1110,2905,820,3530,21040,625,625,0,0,0,0,0,0,0,0,0,0,0,0,26525,12905,1780,2060,2360,1815,1620,900,920,625,215,200,15,145,250,13180,190,415,415,460,580,370,1180,1910,385,1305,295,1530,4145,440,440,0,0,0,0,0,0,0,0,0,0,0,0,842,991,726,266,247,227,307,290,122,221,234,114,141,112,151,246,1086,49,166,215,262,280,207,388,485,273,420,172,356,958,236,236,31,31,31,31,31,31,31,31,31,31,31,31,940,695,316,333,427,313,340,228,238,222,114,114,23,88,100,844,126,144,168,189,152,149,256,423,108,301,113,309,514,162,162,31,31,31,31,31,31,31,31,31,31,31,31
2013thru2017,50,05000US48425,"Somervell County, Texas",48,425,3235,2390,700,0,160,90,50,4,25,30,15,40,160,20,55,50,1665,0,0,85,105,20,70,65,55,35,75,75,120,960,30,30,0,0,0,0,0,0,0,0,0,0,0,0,845,365,75,10,105,45,30,0,100,0,0,0,0,0,0,480,4,0,35,50,0,0,85,110,0,4,0,50,145,0,0,0,0,0,0,0,0,0,0,0,0,0,0,208,223,216,19,114,87,45,5,38,42,17,63,126,32,58,59,234,19,19,102,79,32,67,45,45,37,47,61,71,205,46,46,19,19,19,19,19,19,19,19,19,19,19,19,203,119,51,16,104,37,42,19,82,19,19,19,19,19,19,184,8,19,59,55,19,19,70,101,19,11,19,52,104,19,19,19,19,19,19,19,19,19,19,19,19,19,19
2013thru2017,50,05000US48427,"Starr County, Texas",48,427,16320,12135,3300,635,855,265,215,190,175,265,280,25,110,20,55,210,8755,65,820,960,775,675,410,645,685,170,475,190,585,2305,85,85,0,0,0,0,0,0,0,0,0,0,0,0,4185,2145,630,670,425,115,155,80,20,10,0,4,0,10,30,2000,175,135,230,210,310,120,100,165,45,145,60,50,255,40,40,0,0,0,0,0,0,0,0,0,0,0,0,410,510,367,170,206,110,89,102,119,120,107,20,54,22,52,89,467,45,167,142,187,190,155,162,135,85,151,79,192,307,50,50,31,31,31,31,31,31,31,31,31,31,31,31,365,301,140,203,155,78,79,85,24,17,31,31,31,14,50,311,106,84,129,122,147,91,51,86,58,104,51,32,108,37,37,31,31,31,31,31,31,31,31,31,31,31,31
2013thru2017,50,05000US48429,"Stephens County, Texas",48,429,3360,2655,580,170,95,40,65,50,25,70,25,0,10,0,10,20,2075,10,20,55,90,50,45,175,190,55,240,30,175,935,0,0,0,0,0,0,0,0,0,0,0,0,0,0,710,260,40,40,95,20,10,0,30,0,0,35,0,0,0,430,30,30,10,30,10,10,45,20,4,65,0,60,115,15,15,0,0,0,0,0,0,0,0,0,0,0,0,216,177,122,79,56,32,38,38,35,40,30,19,18,19,15,24,170,14,34,42,52,36,48,65,70,39,75,30,67,145,19,19,19,19,19,19,19,19,19,19,19,19,19,19,152,88,34,27,67,23,13,19,28,19,19,45,19,19,19,129,31,28,15,32,14,14,37,23,15,58,19,46,93,19,19,19,19,19,19,19,19,19,19,19,19,19,19
2013thru2017,50,05000US48431,"Sterling County, Texas",48,431,460,395,55,4,15,15,0,25,0,0,0,0,0,0,0,0,335,4,20,10,25,20,10,10,15,20,20,4,55,125,4,4,0,0,0,0,0,0,0,0,0,0,0,0,70,10,0,4,4,0,0,0,0,10,0,0,0,0,0,55,0,0,0,0,0,0,0,20,10,0,0,10,20,0,0,0,0,0,0,0,0,0,0,0,0,0,0,73,74,35,13,23,22,13,23,13,13,13,13,13,13,13,13,89,13,24,13,24,26,17,14,17,22,18,2,47,39,13,13,13,13,13,13,13,13,13,13,13,13,13,13,38,15,13,14,13,13,13,13,13,15,13,13,13,13,13,36,13,13,13,13,13,13,13,24,19,13,13,14,25,13,13,13,13,13,13,13,13,13,13,13,13,13,13
2013thru2017,50,05000US48433,"Stonewall County, Texas",48,433,460,350,70,10,30,15,0,0,0,4,0,0,0,0,4,15,275,0,4,20,10,15,4,25,15,4,4,4,45,125,0,0,0,0,0,0,0,0,0,0,0,0,0,0,110,25,4,0,15,0,4,0,0,0,0,0,0,0,0,85,10,15,4,10,10,15,4,0,0,0,0,0,20,0,0,0,0,0,0,0,0,0,0,0,0,0,0,69,54,34,13,19,14,13,13,13,3,13,13,13,13,4,25,60,13,13,19,10,19,10,19,14,9,11,3,26,38,13,13,13,13,13,13,13,13,13,13,13,13,13,13,36,19,13,13,18,13,1,13,13,13,13,13,13,13,13,37,16,21,1,12,18,19,3,13,13,13,13,13,15,13,13,13,13,13,13,13,13,13,13,13,13,13,13
2013thru2017,50,05000US48435,"Sutton County, Texas",48,435,1575,1075,320,35,30,25,35,20,4,4,40,0,30,30,20,55,740,0,4,15,20,40,15,65,50,0,45,20,45,420,10,10,0,0,0,0,0,0,0,0,0,0,0,0,500,85,0,15,10,25,0,0,0,0,15,25,0,0,0,415,0,4,0,35,25,0,15,80,40,20,10,20,160,0,0,0,0,0,0,0,0,0,0,0,0,0,0,109,128,93,27,27,29,37,25,5,11,44,13,24,37,22,60,127,13,5,18,23,43,28,50,38,13,26,27,34,100,17,17,13,13,13,13,13,13,13,13,13,13,13,13,122,53,13,18,15,35,13,13,13,13,23,40,13,13,13,107,13,5,13,43,30,13,27,58,33,26,14,26,70,13,13,13,13,13,13,13,13,13,13,13,13,13,13
2013thru2017,50,05000US48437,"Swisher County, Texas",48,437,2600,1815,380,90,40,65,70,50,4,10,4,0,30,0,4,4,1430,0,25,75,55,85,60,140,145,45,105,50,115,535,4,4,0,0,0,0,0,0,0,0,0,0,0,0,790,350,90,115,55,80,10,0,0,0,0,0,0,0,0,415,15,25,25,20,30,4,35,105,10,30,25,40,55,20,20,0,0,0,0,0,0,0,0,0,0,0,0,142,125,109,45,34,31,42,49,3,17,3,19,41,19,4,17,123,19,28,42,37,40,41,56,79,28,55,35,53,107,12,12,19,19,19,19,19,19,19,19,19,19,19,19,129,118,64,59,51,60,14,19,19,19,19,19,19,19,19,117,23,28,26,20,37,2,30,87,18,34,20,44,27,23,23,19,19,19,19,19,19,19,19,19,19,19,19
2013thru2017,50,05000US48439,"Tarrant County, Texas",48,439,689920,418850,91585,9585,9090,9135,9580,8800,4700,11605,7790,2140,5455,1250,3975,8485,324445,655,2390,4625,6775,8285,5165,16345,20830,7540,23520,8395,32215,187710,2820,2820,0,0,0,0,0,0,0,0,0,0,0,0,271070,130440,21830,20570,20375,19015,14895,7035,11250,6275,1520,3325,545,1560,2245,135120,2120,2285,1570,3765,6110,4270,14335,17465,5550,17065,4460,16100,40020,5510,5510,0,0,0,0,0,0,0,0,0,0,0,0,2079,3145,1998,620,656,705,783,655,500,983,612,383,598,214,490,700,3282,207,283,458,520,535,492,803,955,665,1079,699,1360,2499,357,357,31,31,31,31,31,31,31,31,31,31,31,31,2738,2573,1149,1140,1152,1104,979,685,809,582,299,470,187,351,436,2763,319,332,247,451,561,499,905,1020,509,971,535,978,1566,624,624,31,31,31,31,31,31,31,31,31,31,31,31
2013thru2017,50,05000US48441,"Taylor County, Texas",48,441,49445,29150,5175,690,730,615,315,515,385,605,515,115,175,20,125,370,23680,25,255,655,715,675,495,1350,1655,535,1705,535,2200,12890,295,295,0,0,0,0,0,0,0,0,0,0,0,0,20290,9160,1430,1080,1400,1440,1215,700,875,395,60,255,105,135,65,10780,140,185,285,280,590,240,1180,1450,480,1170,295,1010,3470,355,355,0,0,0,0,0,0,0,0,0,0,0,0,723,656,394,156,169,137,94,150,168,164,156,72,90,26,88,117,668,29,90,156,181,141,143,209,242,131,222,124,307,510,83,83,31,31,31,31,31,31,31,31,31,31,31,31,880,688,262,229,253,286,279,243,223,128,45,184,89,79,42,809,91,81,126,161,204,97,255,311,166,266,112,237,428,158,158,31,31,31,31,31,31,31,31,31,31,31,31
2013thru2017,50,05000US48443,"Terrell County, Texas",48,443,345,265,30,0,4,0,10,15,0,0,0,0,4,0,0,0,215,15,10,30,10,15,15,10,25,4,15,4,15,45,15,15,0,0,0,0,0,0,0,0,0,0,0,0,80,25,0,10,4,4,4,0,0,0,0,0,0,0,0,55,4,15,0,0,4,0,4,4,0,0,0,4,20,0,0,0,0,0,0,0,0,0,0,0,0,0,0,74,68,31,13,10,13,16,25,13,13,13,13,5,13,13,13,60,24,15,31,14,18,18,22,20,7,22,16,14,29,28,28,13,13,13,13,13,13,13,13,13,13,13,13,45,29,13,25,11,6,12,13,13,13,13,13,13,13,13,30,8,24,13,13,1,13,5,13,13,13,13,13,20,13,13,13,13,13,13,13,13,13,13,13,13,13,13
2013thru2017,50,05000US48445,"Terry County, Texas",48,445,4140,2895,580,60,80,30,15,130,35,65,40,0,60,0,40,20,2305,4,45,15,150,105,85,270,120,55,95,50,205,1095,10,10,0,0,0,0,0,0,0,0,0,0,0,0,1250,455,80,20,110,130,15,0,65,15,0,0,4,15,0,790,30,10,4,40,45,45,140,150,50,40,4,75,155,0,0,0,0,0,0,0,0,0,0,0,0,0,0,231,270,161,43,65,32,20,124,40,45,35,21,75,21,50,24,259,7,40,18,95,64,52,115,72,44,67,42,67,183,14,14,21,21,21,21,21,21,21,21,21,21,21,21,217,169,64,26,85,89,16,21,70,23,21,21,4,25,21,188,42,17,8,39,48,48,100,88,48,34,15,53,85,21,21,21,21,21,21,21,21,21,21,21,21,21,21
2013thru2017,50,05000US48447,"Throckmorton County, Texas",48,447,710,520,65,10,10,20,4,10,0,4,0,0,4,0,4,0,455,0,25,25,25,25,10,35,50,15,15,0,45,185,0,0,0,0,0,0,0,0,0,0,0,0,0,0,190,55,25,15,0,0,0,0,15,4,0,0,0,0,0,135,4,15,30,10,10,0,10,10,0,15,0,15,20,0,0,0,0,0,0,0,0,0,0,0,0,0,0,59,52,24,12,12,16,4,12,13,3,13,13,14,13,13,13,54,13,15,19,18,16,11,18,21,15,15,13,26,38,13,13,13,13,13,13,13,13,13,13,13,13,13,13,51,30,24,13,13,13,13,13,18,5,13,13,13,13,13,47,2,14,26,13,18,13,14,14,13,20,13,18,20,13,13,13,13,13,13,13,13,13,13,13,13,13,13
2013thru2017,50,05000US48449,"Titus County, Texas",48,449,10675,7165,1715,135,170,255,190,165,65,225,225,0,40,4,65,170,5365,0,45,145,120,275,130,390,495,100,450,215,485,2510,85,85,0,0,0,0,0,0,0,0,0,0,0,0,3510,1560,175,280,170,285,215,30,140,30,4,55,0,65,110,1895,25,55,40,105,165,20,195,325,10,245,40,210,455,60,60,0,0,0,0,0,0,0,0,0,0,0,0,257,344,205,68,76,96,82,77,54,86,98,28,28,15,41,61,318,28,29,63,48,108,60,109,138,50,151,88,144,235,50,50,28,28,28,28,28,28,28,28,28,28,28,28,343,255,99,113,76,120,101,30,70,30,7,67,28,77,81,263,29,39,33,81,81,27,102,94,13,102,36,102,126,40,40,28,28,28,28,28,28,28,28,28,28,28,28
2013thru2017,50,05000US48451,"Tom Green County, Texas",48,451,43080,27170,5390,540,545,470,545,855,135,720,485,210,180,145,185,375,21580,0,305,500,565,710,435,1475,1595,425,1780,545,2545,10700,200,200,0,0,0,0,0,0,0,0,0,0,0,0,15910,7070,1025,1300,995,905,945,400,785,295,15,90,25,95,195,8555,110,195,210,310,520,305,1395,700,395,660,245,735,2780,285,285,0,0,0,0,0,0,0,0,0,0,0,0,610,654,501,145,149,147,160,226,72,221,168,111,93,95,78,169,667,31,108,126,168,147,127,285,288,126,296,149,339,606,80,80,31,31,31,31,31,31,31,31,31,31,31,31,732,636,271,261,244,222,287,176,230,122,21,66,40,71,100,627,69,87,108,115,202,139,299,227,169,177,126,222,478,141,141,31,31,31,31,31,31,31,31,31,31,31,31
2013thru2017,50,05000US48453,"Travis County, Texas",48,453,447560,234225,57090,5835,4575,5185,5090,5135,2785,6510,5130,1590,3465,1090,3225,7470,175360,315,975,1750,2705,3440,2005,7375,9745,3600,12080,3300,15885,112180,1775,1775,0,0,0,0,0,0,0,0,0,0,0,0,213335,104490,19925,13150,15170,13480,12235,5435,10345,6030,1295,3090,605,1545,2185,104215,1525,875,1265,1470,3595,2560,10845,12895,3985,12730,3520,12095,36860,4630,4630,0,0,0,0,0,0,0,0,0,0,0,0,1720,2275,1379,498,507,562,577,515,337,621,464,321,411,288,402,526,2323,147,212,240,358,351,367,632,694,367,767,401,1053,1792,331,331,31,31,31,31,31,31,31,31,31,31,31,31,2381,1862,996,860,987,921,784,542,843,528,295,381,192,317,379,1983,300,235,341,246,434,328,792,811,542,843,448,891,1580,535,535,31,31,31,31,31,31,31,31,31,31,31,31
2013thru2017,50,05000US48455,"Trinity County, Texas",48,455,5935,4615,940,190,75,90,145,145,25,70,65,0,25,0,20,85,3610,25,85,215,340,175,130,265,405,85,315,105,315,1155,70,70,0,0,0,0,0,0,0,0,0,0,0,0,1320,505,165,70,110,65,80,0,10,0,0,4,0,0,0,770,35,25,50,30,60,4,80,90,55,130,45,55,115,45,45,0,0,0,0,0,0,0,0,0,0,0,0,266,237,167,92,40,55,82,63,21,36,37,21,22,21,20,58,220,39,66,94,114,76,63,89,98,52,101,56,109,157,41,41,21,21,21,21,21,21,21,21,21,21,21,21,193,136,89,42,79,51,45,21,16,21,21,11,21,21,21,147,31,28,34,29,31,16,66,63,43,79,46,36,59,39,39,21,21,21,21,21,21,21,21,21,21,21,21
2013thru2017,50,05000US48457,"Tyler County, Texas",48,457,7310,6165,1195,190,300,105,100,75,10,95,90,25,20,35,35,110,4915,70,65,160,185,255,185,535,315,140,320,35,510,2130,55,55,0,0,0,0,0,0,0,0,0,0,0,0,1150,500,110,185,55,65,10,20,35,4,0,0,0,4,0,650,0,75,50,25,25,10,105,50,4,40,10,100,155,0,0,0,0,0,0,0,0,0,0,0,0,0,0,435,366,248,85,112,80,53,62,14,53,60,35,22,53,38,63,357,84,34,67,72,106,107,163,114,81,101,34,164,303,41,41,25,25,25,25,25,25,25,25,25,25,25,25,247,162,68,107,36,55,16,29,32,14,25,25,25,14,25,169,25,63,40,14,18,18,92,43,9,36,16,68,76,25,25,25,25,25,25,25,25,25,25,25,25,25,25
2013thru2017,50,05000US48459,"Upshur County, Texas",48,459,14060,10825,2190,395,200,260,165,215,110,190,125,65,45,30,170,220,8505,0,75,270,210,345,240,735,480,345,565,200,765,4270,130,130,0,0,0,0,0,0,0,0,0,0,0,0,3240,1295,175,220,190,265,110,50,140,75,15,20,4,20,15,1890,110,90,55,60,110,4,180,205,105,95,95,280,500,50,50,0,0,0,0,0,0,0,0,0,0,0,0,430,421,273,140,79,110,84,83,59,90,75,49,44,33,85,81,463,28,45,101,79,115,98,163,140,125,152,97,166,309,81,81,28,28,28,28,28,28,28,28,28,28,28,28,377,231,87,103,88,99,68,44,133,63,17,25,9,28,23,314,116,82,43,38,76,8,94,96,91,60,73,127,147,59,59,28,28,28,28,28,28,28,28,28,28,28,28
2013thru2017,50,05000US48461,"Upton County, Texas",48,461,1310,955,145,25,65,10,10,4,10,0,0,0,15,0,0,0,810,4,15,40,30,50,20,70,10,20,70,50,65,370,0,0,0,0,0,0,0,0,0,0,0,0,0,0,355,95,10,20,25,0,4,0,4,0,10,0,0,10,4,230,15,4,0,0,15,20,25,30,20,4,15,10,75,30,30,0,0,0,0,0,0,0,0,0,0,0,0,72,82,51,19,36,16,12,11,14,13,13,13,17,13,13,13,97,9,15,28,19,30,20,33,15,21,27,29,28,71,13,13,13,13,13,13,13,13,13,13,13,13,13,13,64,37,16,17,23,13,11,13,2,13,14,13,13,20,16,62,14,12,13,13,17,20,21,25,19,12,22,16,35,23,23,13,13,13,13,13,13,13,13,13,13,13,13
2013thru2017,50,05000US48463,"Uvalde County, Texas",48,463,8625,6285,1275,160,225,205,75,90,95,75,80,35,50,30,25,140,4980,0,110,285,335,290,125,470,315,185,395,45,450,1975,30,30,0,0,0,0,0,0,0,0,0,0,0,0,2340,955,305,160,85,90,155,0,85,15,0,0,0,40,20,1365,50,35,125,90,20,20,210,225,4,75,65,85,355,25,25,0,0,0,0,0,0,0,0,0,0,0,0,353,337,278,114,109,112,56,79,84,57,56,46,59,42,24,68,377,25,77,106,124,127,88,152,140,87,133,43,129,250,37,37,25,25,25,25,25,25,25,25,25,25,25,25,352,245,139,99,65,64,130,25,59,18,25,25,25,62,31,280,69,35,105,93,30,26,139,117,7,73,64,69,163,27,27,25,25,25,25,25,25,25,25,25,25,25,25
2013thru2017,50,05000US48465,"Val Verde County, Texas",48,465,15190,9590,2125,405,280,270,165,170,100,120,135,45,85,75,80,200,7420,35,215,305,320,305,210,520,445,220,565,110,530,3635,45,45,0,0,0,0,0,0,0,0,0,0,0,0,5595,2255,540,365,260,305,200,65,285,65,40,20,10,20,75,3160,35,165,100,120,265,100,435,260,200,200,85,205,995,180,180,0,0,0,0,0,0,0,0,0,0,0,0,418,422,302,131,122,117,77,84,97,74,77,50,78,82,49,109,417,56,92,131,126,106,114,169,163,111,171,69,138,366,51,51,28,28,28,28,28,28,28,28,28,28,28,28,468,313,199,146,124,144,106,62,168,49,62,25,23,32,68,378,44,93,70,80,137,101,218,119,149,81,57,101,233,131,131,28,28,28,28,28,28,28,28,28,28,28,28
2013thru2017,50,05000US48467,"Van Zandt County, Texas",48,467,19355,14925,3105,360,335,345,295,330,100,335,255,90,180,15,95,365,11705,35,90,450,400,790,270,910,745,285,835,260,1165,5465,120,120,0,0,0,0,0,0,0,0,0,0,0,0,4430,1625,230,325,375,200,140,55,125,70,4,55,15,20,4,2740,125,50,180,70,75,65,190,290,140,300,120,375,755,60,60,0,0,0,0,0,0,0,0,0,0,0,0,436,448,353,126,100,113,92,127,75,101,117,65,82,24,64,123,491,43,51,131,125,255,96,181,167,89,190,95,215,373,66,66,31,31,31,31,31,31,31,31,31,31,31,31,334,280,94,121,134,72,78,45,88,46,31,62,24,33,7,338,84,46,81,38,49,51,79,122,84,123,77,184,184,35,35,31,31,31,31,31,31,31,31,31,31,31,31
2013thru2017,50,05000US48469,"Victoria County, Texas",48,469,32735,21460,4095,380,485,460,370,425,175,580,345,165,175,20,235,285,17150,40,150,440,340,570,265,885,995,435,1100,400,1495,10035,210,210,0,0,0,0,0,0,0,0,0,0,0,0,11275,5330,820,745,915,610,555,330,450,260,120,60,0,245,215,5810,35,240,175,60,225,130,560,675,180,675,145,655,2060,140,140,0,0,0,0,0,0,0,0,0,0,0,0,465,580,425,125,164,157,134,146,92,157,120,102,96,22,105,95,681,38,71,144,93,144,120,162,190,139,222,124,220,576,96,96,31,31,31,31,31,31,31,31,31,31,31,31,614,507,214,197,196,191,188,138,153,119,116,51,31,149,124,503,34,129,88,54,102,88,190,198,97,186,62,180,329,72,72,31,31,31,31,31,31,31,31,31,31,31,31
2013thru2017,50,05000US48471,"Walker County, Texas",48,471,21295,11240,1970,245,255,210,230,60,15,305,100,45,100,10,185,210,9130,20,215,295,370,305,210,850,585,275,580,350,960,4115,140,140,0,0,0,0,0,0,0,0,0,0,0,0,10055,4595,1105,1100,670,785,285,180,290,35,0,55,70,4,10,4180,95,60,105,75,70,160,780,495,345,620,105,315,955,1280,1280,0,0,0,0,0,0,0,0,0,0,0,0,876,635,380,119,108,129,103,55,20,125,68,59,85,16,110,121,589,27,135,130,171,113,117,225,151,98,152,136,259,465,79,79,31,31,31,31,31,31,31,31,31,31,31,31,686,498,321,307,239,233,142,115,153,31,31,72,73,17,19,529,86,46,88,51,50,102,279,157,164,218,77,152,256,304,304,31,31,31,31,31,31,31,31,31,31,31,31
2013thru2017,50,05000US48473,"Waller County, Texas",48,473,14700,10085,2620,335,320,330,365,220,80,240,185,10,190,75,100,170,7440,0,155,135,90,305,230,585,525,210,665,170,760,3605,25,25,0,0,0,0,0,0,0,0,0,0,0,0,4615,2530,575,710,365,280,245,75,215,4,0,35,0,25,15,2000,25,50,55,75,110,160,435,255,30,190,25,325,265,85,85,0,0,0,0,0,0,0,0,0,0,0,0,627,417,300,148,170,152,173,108,54,112,88,15,111,79,63,71,452,28,114,72,62,132,138,192,141,123,180,81,166,425,34,34,28,28,28,28,28,28,28,28,28,28,28,28,604,504,248,331,152,137,134,67,183,5,28,44,28,38,24,386,30,55,49,56,72,114,237,130,37,109,31,163,119,94,94,28,28,28,28,28,28,28,28,28,28,28,28
2013thru2017,50,05000US48475,"Ward County, Texas",48,475,3955,2765,510,105,135,40,80,10,0,40,0,0,65,10,10,15,2235,40,20,50,125,80,40,95,170,60,100,65,230,1165,20,20,0,0,0,0,0,0,0,0,0,0,0,0,1185,290,95,70,40,20,20,40,0,4,0,0,0,4,0,885,10,20,55,25,10,25,20,65,30,65,0,100,460,10,10,0,0,0,0,0,0,0,0,0,0,0,0,155,158,113,61,65,25,72,15,21,38,21,21,51,16,13,15,158,39,13,30,44,40,28,44,76,38,49,56,69,122,28,28,21,21,21,21,21,21,21,21,21,21,21,21,175,122,72,50,44,29,28,56,21,7,21,21,21,3,21,164,15,19,36,31,15,30,21,58,35,45,21,81,108,16,16,21,21,21,21,21,21,21,21,21,21,21,21
2013thru2017,50,05000US48477,"Washington County, Texas",48,477,12205,9400,1855,280,170,265,250,90,40,155,100,30,85,55,70,260,7370,35,75,80,290,375,240,505,580,125,580,195,895,3390,175,175,0,0,0,0,0,0,0,0,0,0,0,0,2805,1275,145,220,275,265,160,20,40,50,10,50,0,15,30,1480,10,65,15,70,100,65,225,170,55,55,45,160,435,50,50,0,0,0,0,0,0,0,0,0,0,0,0,621,477,281,109,76,118,121,66,38,114,63,33,46,65,64,128,474,41,61,70,113,168,123,137,160,70,174,77,211,451,103,103,28,28,28,28,28,28,28,28,28,28,28,28,390,322,108,107,127,201,103,28,52,53,15,51,28,38,35,274,14,51,28,51,108,90,137,114,56,48,69,103,176,62,62,28,28,28,28,28,28,28,28,28,28,28,28
2013thru2017,50,05000US48479,"Webb County, Texas",48,479,72380,45600,16135,1605,1965,1885,1625,1475,810,1605,1440,340,655,200,825,1715,28665,20,615,1010,1035,970,595,1680,2105,715,1980,650,2190,15095,800,800,0,0,0,0,0,0,0,0,0,0,0,0,26780,15185,3060,3240,2060,1775,1660,600,1020,775,70,320,85,165,360,9480,230,650,370,290,535,245,1120,930,245,935,265,935,2730,2115,2115,0,0,0,0,0,0,0,0,0,0,0,0,562,923,799,264,302,287,328,278,249,276,361,130,136,104,201,331,1038,19,140,204,201,160,139,244,277,163,243,180,303,897,212,212,31,31,31,31,31,31,31,31,31,31,31,31,891,750,344,411,305,275,276,190,188,201,62,160,69,92,148,700,91,184,120,112,116,88,271,239,122,223,120,241,322,329,329,31,31,31,31,31,31,31,31,31,31,31,31
2013thru2017,50,05000US48481,"Wharton County, Texas",48,481,15225,10270,2410,335,305,230,445,220,70,155,145,80,90,4,65,270,7845,60,65,200,140,210,180,560,575,155,570,235,585,4310,15,15,0,0,0,0,0,0,0,0,0,0,0,0,4955,1715,335,295,340,290,205,50,105,35,10,35,0,0,10,3195,75,215,165,90,150,75,345,310,135,345,245,325,720,45,45,0,0,0,0,0,0,0,0,0,0,0,0,376,430,307,116,120,109,154,114,61,70,79,57,86,10,61,134,429,80,44,92,69,90,87,150,170,62,138,120,142,336,15,15,28,28,28,28,28,28,28,28,28,28,28,28,510,261,138,138,141,123,109,55,67,33,21,34,28,28,22,402,51,111,108,66,64,58,148,123,97,145,139,112,206,36,36,28,28,28,28,28,28,28,28,28,28,28,28
2013thru2017,50,05000US48483,"Wheeler County, Texas",48,483,2285,1460,205,30,4,40,4,25,0,4,45,0,0,4,0,45,1245,0,20,55,20,50,30,80,75,45,115,20,125,610,15,15,0,0,0,0,0,0,0,0,0,0,0,0,825,235,40,35,25,60,4,0,25,10,0,0,0,25,10,590,0,15,50,25,65,10,35,55,30,75,20,30,185,0,0,0,0,0,0,0,0,0,0,0,0,0,0,86,115,64,24,12,25,4,26,19,19,39,19,19,11,19,33,109,19,17,32,16,26,20,35,33,25,48,19,54,95,23,23,19,19,19,19,19,19,19,19,19,19,19,19,99,68,30,24,28,34,3,19,27,13,19,19,19,31,15,91,19,16,34,23,49,14,26,39,32,46,20,27,53,19,19,19,19,19,19,19,19,19,19,19,19,19,19
2013thru2017,50,05000US48485,"Wichita County, Texas",48,485,48530,29760,6360,1030,795,765,730,490,200,500,510,70,355,45,390,490,23175,10,285,530,450,1000,350,1575,1505,555,1975,505,2335,12105,225,225,0,0,0,0,0,0,0,0,0,0,0,0,18770,8785,1875,1350,1075,1120,930,330,1035,460,90,120,60,170,170,9615,155,465,320,245,355,260,1110,890,500,1240,275,1160,2645,365,365,0,0,0,0,0,0,0,0,0,0,0,0,833,580,525,190,196,198,168,138,74,143,165,49,125,39,127,160,681,14,98,131,129,167,105,255,221,140,262,107,282,551,116,116,31,31,31,31,31,31,31,31,31,31,31,31,846,620,295,216,227,239,214,163,234,164,62,67,46,92,83,681,66,150,133,101,92,112,228,204,193,288,109,230,365,101,101,31,31,31,31,31,31,31,31,31,31,31,31
2013thru2017,50,05000US48487,"Wilbarger County, Texas",48,487,5155,3345,700,40,155,165,130,35,0,125,4,0,4,0,15,25,2600,0,25,95,85,80,55,220,170,90,205,65,465,1055,40,40,0,0,0,0,0,0,0,0,0,0,0,0,1810,570,50,90,125,85,95,10,0,50,0,30,0,25,10,1205,0,70,130,40,75,35,115,115,0,120,4,125,375,40,40,0,0,0,0,0,0,0,0,0,0,0,0,228,236,194,36,86,105,83,38,21,87,8,21,16,21,28,41,270,21,38,92,61,47,57,113,89,80,93,68,160,194,35,35,21,21,21,21,21,21,21,21,21,21,21,21,259,182,50,61,82,57,82,14,21,57,21,28,21,42,12,212,21,53,92,41,50,46,77,79,21,85,21,72,137,39,39,21,21,21,21,21,21,21,21,21,21,21,21
2013thru2017,50,05000US48489,"Willacy County, Texas",48,489,5735,4465,1095,215,290,135,100,90,30,110,60,0,15,0,10,45,3040,35,205,280,250,105,125,270,205,130,170,60,195,1010,330,330,0,0,0,0,0,0,0,0,0,0,0,0,1270,560,205,125,105,40,20,0,10,0,10,40,0,0,0,670,25,85,65,20,75,35,90,15,4,0,0,85,165,45,45,0,0,0,0,0,0,0,0,0,0,0,0,183,249,204,94,147,56,49,57,26,66,45,25,23,25,15,61,250,27,75,89,91,49,63,106,76,72,70,38,74,170,119,119,25,25,25,25,25,25,25,25,25,25,25,25,207,143,99,81,69,37,27,25,19,25,14,58,25,25,25,156,27,55,66,20,66,34,78,21,13,25,25,69,98,43,43,25,25,25,25,25,25,25,25,25,25,25,25
2013thru2017,50,05000US48491,"Williamson County, Texas",48,491,170050,117210,23140,2260,1510,2055,2200,2720,1430,3265,2350,590,1445,375,1225,1715,93300,100,415,860,1305,2095,1075,3965,5800,2605,7790,2830,10150,54315,770,770,0,0,0,0,0,0,0,0,0,0,0,0,52840,23070,2635,2575,3670,3995,3200,1045,3145,1290,265,580,100,335,225,29155,310,310,465,495,770,805,3030,4865,1170,3585,1290,3175,8880,615,615,0,0,0,0,0,0,0,0,0,0,0,0,1055,1371,1017,328,219,301,283,389,281,441,274,152,267,125,272,245,1390,51,116,229,216,245,201,347,466,402,615,423,609,1178,215,215,31,31,31,31,31,31,31,31,31,31,31,31,1306,999,393,410,480,549,415,279,441,248,117,169,68,96,86,1147,125,138,199,165,217,213,442,510,265,425,304,452,654,212,212,31,31,31,31,31,31,31,31,31,31,31,31
2013thru2017,50,05000US48493,"Wilson County, Texas",48,493,15755,13155,2700,340,285,265,320,220,45,255,150,80,270,20,180,270,10405,40,190,320,315,405,170,585,630,185,470,215,950,5935,50,50,0,0,0,0,0,0,0,0,0,0,0,0,2600,920,90,205,125,140,100,50,105,50,25,10,0,0,25,1640,55,60,100,65,35,25,120,135,75,200,35,140,595,35,35,0,0,0,0,0,0,0,0,0,0,0,0,265,311,251,115,115,100,128,112,35,97,74,73,128,27,101,96,351,50,95,99,122,110,73,163,149,72,162,80,179,330,42,42,28,28,28,28,28,28,28,28,28,28,28,28,276,187,50,98,74,86,72,58,61,69,24,14,28,28,26,251,49,41,78,47,22,22,84,74,65,81,29,81,165,31,31,28,28,28,28,28,28,28,28,28,28,28,28
2013thru2017,50,05000US48495,"Winkler County, Texas",48,495,2525,1975,380,140,55,50,20,4,0,25,20,15,0,10,25,15,1595,4,70,110,55,110,40,145,65,25,75,30,135,730,0,0,0,0,0,0,0,0,0,0,0,0,0,0,550,185,30,15,15,55,20,20,0,0,0,10,0,10,4,345,4,0,4,20,10,0,10,50,4,4,0,4,240,20,20,0,0,0,0,0,0,0,0,0,0,0,0,121,126,111,68,30,50,23,2,19,31,23,33,19,14,40,24,156,18,55,52,41,67,40,71,32,36,40,29,57,91,19,19,19,19,19,19,19,19,19,19,19,19,19,19,131,62,26,26,14,46,33,21,19,19,19,22,19,19,19,110,1,19,3,28,16,19,15,45,6,8,19,1,91,22,22,19,19,19,19,19,19,19,19,19,19,19,19
2013thru2017,50,05000US48497,"Wise County, Texas",48,497,21690,16640,3360,425,295,405,500,305,130,270,295,55,190,45,135,320,13140,15,110,175,480,415,255,870,1025,205,1015,330,1110,7125,145,145,0,0,0,0,0,0,0,0,0,0,0,0,5050,2230,560,220,240,630,180,45,210,75,0,25,20,20,15,2770,90,75,80,70,135,70,195,305,330,210,50,300,855,50,50,0,0,0,0,0,0,0,0,0,0,0,0,402,543,377,133,118,139,135,99,68,108,140,29,101,31,75,108,521,22,89,77,149,106,96,233,200,69,203,123,215,493,75,75,31,31,31,31,31,31,31,31,31,31,31,31,461,343,197,83,99,215,78,40,133,68,31,37,19,33,20,414,78,48,50,45,78,71,89,115,247,87,38,109,216,40,40,31,31,31,31,31,31,31,31,31,31,31,31
2013thru2017,50,05000US48499,"Wood County, Texas",48,499,16120,12965,2685,365,300,255,335,270,125,275,205,50,145,25,145,195,10155,25,125,225,355,490,225,770,790,230,865,340,840,4885,125,125,0,0,0,0,0,0,0,0,0,0,0,0,3155,1350,265,180,295,165,170,85,105,35,0,4,4,20,20,1750,35,105,70,85,85,90,235,155,30,130,60,120,545,55,55,0,0,0,0,0,0,0,0,0,0,0,0,406,400,296,117,124,83,118,90,82,117,86,44,86,32,75,100,469,39,82,100,149,127,103,178,167,80,206,158,182,504,89,89,28,28,28,28,28,28,28,28,28,28,28,28,291,240,108,71,115,79,95,81,89,20,28,7,10,32,34,232,39,63,42,56,72,76,105,74,25,75,42,63,150,43,43,28,28,28,28,28,28,28,28,28,28,28,28
2013thru2017,50,05000US48501,"Yoakum County, Texas",48,501,2650,2055,325,80,80,15,0,40,0,35,50,0,0,0,0,25,1730,0,115,10,120,35,20,80,100,85,200,45,120,795,0,0,0,0,0,0,0,0,0,0,0,0,0,0,600,225,10,20,15,0,70,0,45,30,0,30,0,0,0,355,0,4,45,15,10,35,70,20,35,15,20,20,70,15,15,0,0,0,0,0,0,0,0,0,0,0,0,150,147,113,56,72,23,19,40,19,30,45,19,19,19,19,34,180,19,84,19,59,38,36,54,56,76,99,35,59,143,19,19,19,19,19,19,19,19,19,19,19,19,19,19,141,113,13,37,25,19,79,19,65,46,19,46,19,19,19,113,19,3,57,24,22,44,55,28,41,19,32,26,72,32,32,19,19,19,19,19,19,19,19,19,19,19,19
2013thru2017,50,05000US48503,"Young County, Texas",48,503,7065,5530,900,115,150,175,130,90,45,110,20,15,10,0,15,30,4610,10,50,135,205,215,135,380,365,140,320,95,445,2120,20,20,0,0,0,0,0,0,0,0,0,0,0,0,1535,505,35,140,130,25,75,0,55,0,15,4,0,0,25,975,20,90,95,45,55,25,135,200,15,45,0,90,165,50,50,0,0,0,0,0,0,0,0,0,0,0,0,311,304,180,67,94,100,84,59,47,92,31,25,15,21,32,31,310,14,37,72,92,126,99,119,129,83,111,74,163,258,23,23,21,21,21,21,21,21,21,21,21,21,21,21,252,159,37,88,79,42,63,21,77,21,26,18,21,21,38,237,30,77,78,41,48,29,77,102,22,48,21,94,82,43,43,21,21,21,21,21,21,21,21,21,21,21,21
2013thru2017,50,05000US48505,"Zapata County, Texas",48,505,4455,3220,805,280,120,85,40,80,0,100,0,0,30,10,15,45,2385,35,60,130,120,170,85,220,295,20,130,10,265,850,30,30,0,0,0,0,0,0,0,0,0,0,0,0,1235,505,190,135,15,115,0,0,20,0,0,0,30,0,0,715,55,135,25,95,0,0,90,70,25,0,0,0,225,15,15,0,0,0,0,0,0,0,0,0,0,0,0,296,307,202,126,104,58,45,77,21,78,21,21,46,20,28,54,281,41,58,93,106,118,59,86,127,23,88,13,120,200,32,32,21,21,21,21,21,21,21,21,21,21,21,21,265,199,96,103,24,79,21,21,32,21,21,21,49,21,21,223,67,112,32,80,21,21,64,77,28,21,21,21,125,25,25,21,21,21,21,21,21,21,21,21,21,21,21
2013thru2017,50,05000US48507,"Zavala County, Texas",48,507,3535,2450,555,110,85,30,110,125,10,10,35,0,15,0,0,15,1875,20,120,120,135,170,35,190,205,55,250,10,95,470,25,25,0,0,0,0,0,0,0,0,0,0,0,0,1085,705,260,230,115,40,30,0,0,25,4,0,0,0,0,370,50,65,20,45,50,15,20,20,0,20,0,20,45,10,10,0,0,0,0,0,0,0,0,0,0,0,0,145,198,165,67,68,40,98,96,14,17,37,21,44,21,21,22,185,37,84,86,79,93,42,95,122,63,141,19,88,168,27,27,21,21,21,21,21,21,21,21,21,21,21,21,189,185,148,133,96,40,33,21,21,29,13,21,21,21,21,111,56,47,22,47,47,21,28,32,21,27,21,27,42,17,17,21,21,21,21,21,21,21,21,21,21,21,21