source,sumlevel,geoid,name,st,cnty,T9_est1,T9_est2,T9_est3,T9_est4,T9_est5,T9_est6,T9_est7,T9_est8,T9_est9,T9_est10,T9_est11,T9_est12,T9_est13,T9_est14,T9_est15,T9_est16,T9_est17,T9_est18,T9_est19,T9_est20,T9_est21,T9_est22,T9_est23,T9_est24,T9_est25,T9_est26,T9_est27,T9_est28,T9_est29,T9_est30,T9_est31,T9_est32,T9_est33,T9_est34,T9_est35,T9_est36,T9_est37,T9_est38,T9_est39,T9_est40,T9_est41,T9_est42,T9_est43,T9_est44,T9_est45,T9_est46,T9_est47,T9_est48,T9_est49,T9_est50,T9_est51,T9_est52,T9_est53,T9_est54,T9_est55,T9_est56,T9_est57,T9_est58,T9_est59,T9_est60,T9_est61,T9_est62,T9_est63,T9_est64,T9_est65,T9_est66,T9_est67,T9_est68,T9_est69,T9_est70,T9_est71,T9_est72,T9_est73,T9_moe1,T9_moe2,T9_moe3,T9_moe4,T9_moe5,T9_moe6,T9_moe7,T9_moe8,T9_moe9,T9_moe10,T9_moe11,T9_moe12,T9_moe13,T9_moe14,T9_moe15,T9_moe16,T9_moe17,T9_moe18,T9_moe19,T9_moe20,T9_moe21,T9_moe22,T9_moe23,T9_moe24,T9_moe25,T9_moe26,T9_moe27,T9_moe28,T9_moe29,T9_moe30,T9_moe31,T9_moe32,T9_moe33,T9_moe34,T9_moe35,T9_moe36,T9_moe37,T9_moe38,T9_moe39,T9_moe40,T9_moe41,T9_moe42,T9_moe43,T9_moe44,T9_moe45,T9_moe46,T9_moe47,T9_moe48,T9_moe49,T9_moe50,T9_moe51,T9_moe52,T9_moe53,T9_moe54,T9_moe55,T9_moe56,T9_moe57,T9_moe58,T9_moe59,T9_moe60,T9_moe61,T9_moe62,T9_moe63,T9_moe64,T9_moe65,T9_moe66,T9_moe67,T9_moe68,T9_moe69,T9_moe70,T9_moe71,T9_moe72,T9_moe73
2013thru2017,50,05000US48001,"Anderson County, Texas",48,1,16565,11750,9315,7765,960,515,80,985,655,220,65,45,60,40,15,4,0,45,25,0,20,0,0,0,0,0,0,1220,860,255,90,20,120,100,0,20,0,4820,2840,1705,650,475,10,1245,580,365,295,4,40,40,0,0,0,4,0,4,0,0,0,0,0,0,0,600,515,70,15,0,90,40,25,25,0,424,468,457,476,192,187,51,215,163,110,54,39,42,36,28,10,31,31,22,31,19,31,31,31,31,31,31,275,211,151,73,32,47,42,31,21,31,452,343,247,219,138,18,275,163,173,133,4,42,42,31,31,31,10,31,10,31,31,31,31,31,31,31,176,176,61,21,31,59,46,30,24,31
2013thru2017,50,05000US48003,"Andrews County, Texas",48,3,5415,3980,1965,1755,100,95,15,15,15,0,0,0,20,20,0,0,0,4,4,0,0,0,10,0,10,0,0,1930,1635,175,95,25,40,40,0,0,0,1430,630,450,135,50,0,75,45,0,25,0,0,0,0,0,0,0,0,0,0,0,0,0,0,0,0,685,480,90,115,0,45,30,0,10,0,193,264,168,180,56,67,21,18,18,21,21,21,32,32,21,21,21,10,10,21,21,21,19,21,19,21,21,216,212,106,94,31,36,36,21,21,21,252,151,134,86,37,21,52,46,21,40,21,21,21,21,21,21,21,21,21,21,21,21,21,21,21,21,194,173,65,77,21,57,49,21,18,21
2013thru2017,50,05000US48005,"Angelina County, Texas",48,5,30930,20425,15305,13165,1105,900,135,1610,1315,180,90,30,190,125,20,40,0,30,30,0,0,0,0,0,0,0,0,3115,2470,240,390,15,180,150,30,0,0,10505,5825,3515,1055,1105,150,2970,1360,710,815,90,65,40,10,4,10,4,4,0,0,0,0,0,0,0,0,1470,680,400,330,60,175,145,25,10,0,527,609,474,529,260,211,89,242,231,94,71,29,55,51,26,54,31,29,29,31,31,31,31,31,31,31,31,245,242,102,131,24,72,69,34,31,31,541,475,398,225,224,101,318,234,176,222,95,54,48,21,4,18,5,5,31,31,31,31,31,31,31,31,266,140,163,148,85,94,87,35,20,31
2013thru2017,50,05000US48007,"Aransas County, Texas",48,7,9530,7040,5630,4380,640,585,25,30,30,0,0,0,150,130,25,0,0,0,0,0,0,0,0,0,0,0,0,1185,960,145,80,0,40,30,10,0,0,2490,1510,700,390,420,0,75,75,0,0,0,25,15,10,0,0,0,0,0,0,0,0,0,0,0,0,815,525,240,50,0,65,25,35,10,0,506,346,320,336,194,147,20,33,33,25,25,25,80,82,35,25,25,25,25,25,25,25,25,25,25,25,25,233,239,114,62,25,36,32,14,25,25,411,333,215,172,194,25,55,55,25,25,25,40,25,29,25,25,25,25,25,25,25,25,25,25,25,25,226,232,142,62,25,34,27,23,13,25
2013thru2017,50,05000US48009,"Archer County, Texas",48,9,3350,2750,2590,2215,205,165,0,0,0,0,0,0,0,0,0,0,0,15,15,0,0,0,0,0,0,0,0,115,110,4,4,0,35,25,0,10,0,600,530,370,100,55,0,0,0,0,0,0,0,0,0,0,0,0,0,0,0,0,0,0,0,0,0,55,45,10,0,0,15,15,0,0,0,138,136,137,132,57,73,19,19,19,19,19,19,19,19,19,19,19,24,24,19,19,19,19,19,19,19,19,37,36,3,7,19,38,33,19,19,19,98,93,76,55,36,19,19,19,19,19,19,19,19,19,19,19,19,19,19,19,19,19,19,19,19,19,34,27,19,19,19,20,20,19,19,19
2013thru2017,50,05000US48011,"Armstrong County, Texas",48,11,700,570,530,480,4,45,4,0,0,0,0,0,0,0,0,0,0,4,4,0,0,0,0,0,0,0,0,35,35,0,0,0,0,0,0,0,0,135,130,90,20,10,4,0,0,0,0,0,0,0,0,0,0,0,0,0,0,0,0,0,0,0,0,4,4,0,0,0,0,0,0,0,0,48,49,51,50,13,24,2,13,13,13,13,13,13,13,13,13,13,3,3,13,13,13,13,13,13,13,13,25,25,13,13,13,13,13,13,13,13,41,43,34,20,12,13,13,13,13,13,13,13,13,13,13,13,13,13,13,13,13,13,13,13,13,13,6,6,13,13,13,13,13,13,13,13
2013thru2017,50,05000US48013,"Atascosa County, Texas",48,13,15510,11535,5040,4510,335,200,0,90,75,0,10,0,45,45,0,0,0,0,0,0,0,0,0,0,0,0,0,6265,5405,400,395,70,95,75,4,10,0,3970,1465,1145,215,100,4,60,60,0,0,0,0,0,0,0,0,15,15,0,0,0,0,0,0,0,0,2295,1560,405,295,40,135,40,4,90,0,407,438,317,323,141,98,28,72,69,28,22,28,36,36,28,28,28,28,28,28,28,28,28,28,28,28,28,356,379,125,141,66,59,55,19,24,28,413,255,222,116,93,19,49,49,28,28,28,28,28,28,28,28,32,32,28,28,28,28,28,28,28,28,299,284,161,165,47,80,70,8,69,28
2013thru2017,50,05000US48015,"Austin County, Texas",48,15,11020,8175,6240,5265,580,350,45,590,510,40,25,10,4,4,0,0,0,0,0,0,0,0,0,0,0,0,0,1230,990,125,60,60,110,65,25,25,0,2845,1665,1005,405,245,15,425,225,95,105,0,4,4,0,0,0,0,0,0,0,0,0,0,0,0,0,730,290,260,180,0,20,20,0,0,0,295,338,316,327,180,129,42,129,141,38,29,21,7,7,25,25,25,25,25,25,25,25,25,25,25,25,25,173,163,66,51,77,68,52,34,28,25,328,261,205,181,107,24,150,115,89,76,25,7,7,25,25,25,25,25,25,25,25,25,25,25,25,25,190,122,134,132,25,35,35,25,25,25
2013thru2017,50,05000US48017,"Bailey County, Texas",48,17,2230,1610,920,760,45,25,95,0,0,0,0,0,15,0,0,15,0,4,0,0,4,0,0,0,0,0,0,665,450,180,35,0,0,0,0,0,0,620,160,110,0,40,10,30,30,0,0,0,10,0,0,10,0,0,0,0,0,0,0,0,0,0,0,420,275,135,10,0,0,0,0,0,0,189,255,160,166,39,31,117,19,19,19,19,19,22,19,19,22,19,11,19,19,11,19,19,19,19,19,19,161,148,104,37,19,19,19,19,19,19,187,90,84,19,44,17,40,40,19,19,19,23,19,19,23,19,19,19,19,19,19,19,19,19,19,19,149,133,113,19,19,19,19,19,19,19
2013thru2017,50,05000US48019,"Bandera County, Texas",48,19,8280,7005,5985,4795,535,550,110,25,25,0,0,0,0,0,0,0,0,35,10,20,4,0,0,0,0,0,0,885,740,85,30,35,75,75,0,0,0,1270,1050,665,240,120,25,0,0,0,0,0,4,4,0,0,0,0,0,0,0,0,0,0,0,0,0,175,150,15,10,0,40,10,4,15,15,432,379,358,349,147,185,77,33,33,25,25,25,25,25,25,25,25,44,23,41,7,25,25,25,25,25,25,134,145,68,33,55,64,64,25,25,25,249,212,156,141,78,28,25,25,25,25,25,10,10,25,25,25,25,25,25,25,25,25,25,25,25,25,91,82,22,17,25,47,21,4,28,31
2013thru2017,50,05000US48021,"Bastrop County, Texas",48,21,26015,19910,13570,10765,1670,955,185,1145,770,95,230,50,140,55,60,30,0,95,45,50,0,0,0,0,0,0,0,4720,3495,625,590,10,240,220,20,0,0,6105,3595,2305,615,545,130,815,480,175,110,55,35,30,0,4,0,15,15,0,0,0,0,0,0,0,0,1525,825,355,285,55,120,90,10,15,0,596,706,516,526,304,216,121,247,204,82,135,92,44,31,45,31,31,50,43,41,31,31,31,31,31,31,31,332,308,228,171,21,121,117,30,31,31,605,496,413,200,203,127,187,170,125,70,53,31,30,31,15,31,21,21,31,31,31,31,31,31,31,31,323,236,171,168,58,96,89,15,30,31
2013thru2017,50,05000US48023,"Baylor County, Texas",48,23,1645,1275,1125,1005,55,40,25,35,35,0,0,0,0,0,0,0,0,0,0,0,0,0,0,0,0,0,0,65,30,40,0,0,50,45,0,4,0,370,335,245,45,40,4,0,0,0,0,0,0,0,0,0,0,0,0,0,0,0,0,0,0,0,0,35,30,4,0,0,0,0,0,0,0,109,110,95,99,36,37,28,31,31,13,13,13,13,13,13,13,13,13,13,13,13,13,13,13,13,13,13,53,35,43,13,13,52,55,13,14,13,89,87,85,47,31,13,13,13,13,13,13,13,13,13,13,13,13,13,13,13,13,13,13,13,13,13,29,27,14,13,13,13,13,13,13,13
2013thru2017,50,05000US48025,"Bee County, Texas",48,25,8530,5375,2435,2065,190,170,10,15,10,0,4,0,40,40,0,0,0,20,4,0,10,0,0,0,0,0,0,2840,2315,310,165,50,25,25,0,0,0,3155,1320,855,215,235,15,110,90,10,10,0,0,0,0,0,0,15,15,0,0,0,0,0,0,0,0,1710,860,520,270,65,0,0,0,0,0,297,333,225,245,70,102,16,36,33,28,9,28,37,37,28,28,28,26,13,28,25,28,28,28,28,28,28,256,253,120,84,40,36,36,28,28,28,349,259,216,169,159,24,119,85,27,35,28,28,28,28,28,28,14,14,28,28,28,28,28,28,28,28,303,218,210,123,57,28,28,28,28,28
2013thru2017,50,05000US48027,"Bell County, Texas",48,27,116395,63765,38775,32280,3980,2080,435,11085,8325,1495,1125,140,1555,1085,165,265,35,145,125,20,0,0,205,115,0,90,0,10810,8205,1430,965,215,1200,855,255,75,10,52630,22575,14510,4515,3000,550,14530,7625,3305,3405,195,1575,990,430,125,30,215,185,0,25,4,500,260,140,100,0,11520,6605,2830,1835,250,1720,975,410,310,25,1464,1309,975,869,515,310,169,650,504,335,279,106,214,169,89,126,37,74,73,31,31,31,98,63,31,75,31,577,554,270,239,115,269,225,128,50,17,1198,905,862,464,369,185,694,709,533,432,105,294,256,163,58,37,109,105,31,22,7,138,123,90,74,31,739,599,401,319,125,289,230,145,124,35
2013thru2017,50,05000US48029,"Bexar County, Texas",48,29,627890,368815,148785,122040,15810,9865,1070,20630,15755,2840,1795,240,8075,6175,1090,730,75,765,515,110,140,0,350,195,100,40,15,185680,142945,25235,15900,1605,4535,3510,605,385,40,259070,74535,42505,16110,14260,1660,28880,14595,6575,7125,580,7615,4480,1190,1390,560,390,250,125,10,4,150,105,0,45,0,143010,73410,34735,31205,3660,4495,2465,965,890,180,2209,2619,1589,1735,979,685,207,760,652,422,297,102,477,442,231,187,51,189,143,89,90,31,106,92,88,46,25,1875,2016,1221,822,254,487,446,161,111,32,2593,1715,1433,921,881,360,1007,791,635,623,193,561,443,268,309,173,146,104,95,14,7,98,73,31,73,31,2243,1609,1381,1289,486,483,386,248,223,133
2013thru2017,50,05000US48031,"Blanco County, Texas",48,31,4230,3240,2710,2220,290,175,25,0,0,0,0,0,15,0,0,15,0,0,0,0,0,0,0,0,0,0,0,360,270,60,30,0,150,65,0,85,0,990,815,580,140,85,10,0,0,0,0,0,15,0,0,15,0,0,0,0,0,0,0,0,0,0,0,165,145,15,4,0,0,0,0,0,0,261,234,225,220,105,84,23,21,21,21,21,21,29,21,21,29,21,21,21,21,21,21,21,21,21,21,21,93,87,36,28,21,72,74,21,84,21,204,173,152,66,61,16,21,21,21,21,21,24,21,21,24,21,21,21,21,21,21,21,21,21,21,21,73,69,19,4,21,21,21,21,21,21
2013thru2017,50,05000US48033,"Borden County, Texas",48,33,250,185,170,160,4,4,4,0,0,0,0,0,0,0,0,0,0,0,0,0,0,0,0,0,0,0,0,10,10,4,0,0,0,0,0,0,0,65,65,60,4,0,0,0,0,0,0,0,0,0,0,0,0,0,0,0,0,0,0,0,0,0,0,4,4,0,0,0,0,0,0,0,0,37,40,35,37,13,4,4,13,13,13,13,13,13,13,13,13,13,13,13,13,13,13,13,13,13,13,13,14,13,1,13,13,13,13,13,13,13,21,21,22,1,13,13,13,13,13,13,13,13,13,13,13,13,13,13,13,13,13,13,13,13,13,13,1,1,13,13,13,13,13,13,13,13
2013thru2017,50,05000US48035,"Bosque County, Texas",48,35,7025,5435,4725,3820,510,365,25,70,70,0,0,0,10,4,0,4,0,25,15,10,0,0,0,0,0,0,0,565,520,30,20,4,40,10,20,10,0,1590,1285,950,140,175,20,4,4,0,0,0,10,10,0,0,0,0,0,0,0,0,0,0,0,0,0,250,160,50,45,0,40,40,0,0,0,224,183,185,175,110,83,26,44,44,21,21,21,16,2,21,14,21,23,18,17,21,21,21,21,21,21,21,71,70,21,18,3,25,16,19,13,21,182,156,134,60,68,20,10,10,21,21,21,17,17,21,21,21,21,21,21,21,21,21,21,21,21,21,81,71,35,43,21,40,40,21,21,21
2013thru2017,50,05000US48037,"Bowie County, Texas",48,37,33170,21585,17130,14215,1815,980,120,3170,2315,465,355,40,105,80,25,0,0,180,175,0,4,0,0,0,0,0,0,765,530,105,35,95,230,210,15,4,0,11590,6155,3710,1230,1085,125,4350,1870,1010,1300,170,185,130,40,20,0,60,60,4,0,0,0,0,0,0,0,640,285,250,105,0,200,165,4,25,10,604,608,560,564,356,246,64,288,221,164,133,34,73,71,27,31,31,62,61,31,4,31,31,31,31,31,31,258,241,97,49,115,91,89,19,3,31,628,622,449,263,292,86,311,306,224,279,106,98,89,45,33,31,54,54,8,31,31,31,31,31,31,31,215,120,143,108,31,128,121,31,36,16
2013thru2017,50,05000US48039,"Brazoria County, Texas",48,39,117090,84215,50445,43325,4130,2520,470,8995,7070,1250,630,45,5070,4285,595,175,10,210,185,0,20,0,0,0,0,0,0,18525,14790,2205,1345,185,970,825,105,30,15,32870,15545,9555,3210,2530,250,6240,3945,905,1335,55,1030,815,110,105,0,165,115,20,30,0,0,0,0,0,0,9390,6105,1380,1645,260,500,230,115,155,0,970,1397,975,952,437,347,144,614,616,329,219,74,426,401,231,111,22,117,113,31,34,31,31,31,31,31,31,842,905,560,351,100,293,287,93,34,23,1307,941,824,464,458,101,721,612,383,401,61,329,296,73,75,31,96,83,32,41,31,31,31,31,31,31,858,795,372,396,145,246,136,108,151,31
2013thru2017,50,05000US48041,"Brazos County, Texas",48,41,77480,35245,24830,20360,2255,1955,260,2570,1765,410,390,4,1310,940,220,125,20,0,0,0,0,0,20,0,20,0,0,6065,4580,985,455,40,460,380,35,20,25,42235,23135,9485,4200,8775,680,5300,2420,920,1700,260,3245,1145,725,1080,290,145,75,15,55,0,0,0,0,0,0,9350,4420,1885,2705,340,1060,485,200,360,10,830,690,595,615,351,322,128,271,236,122,141,12,172,150,98,74,25,31,31,31,31,31,32,31,32,31,31,486,356,270,197,44,122,122,32,33,26,934,910,703,451,618,205,440,338,212,348,138,232,188,189,211,108,80,66,21,51,31,31,31,31,31,31,670,565,302,453,122,261,187,94,148,23
2013thru2017,50,05000US48043,"Brewster County, Texas",48,43,3930,2155,1485,1275,95,115,0,0,0,0,0,0,4,4,0,0,0,40,15,25,0,0,0,0,0,0,0,620,520,25,65,10,4,0,4,0,0,1775,870,600,170,100,0,4,4,0,0,0,15,4,0,4,0,15,10,0,4,0,0,0,0,0,0,830,585,215,30,0,45,0,0,45,0,236,205,154,147,65,75,19,19,19,19,19,19,3,3,19,19,19,37,17,40,19,19,19,19,19,19,19,126,121,29,44,17,9,19,9,19,19,236,191,183,84,72,19,19,19,19,19,19,14,7,19,13,19,19,18,19,5,19,19,19,19,19,19,159,153,96,23,19,53,19,19,53,19
2013thru2017,50,05000US48045,"Briscoe County, Texas",48,45,665,505,360,320,30,4,4,4,4,0,4,0,0,0,0,0,0,0,0,0,0,0,4,4,0,0,0,115,110,4,4,0,15,15,0,0,0,160,95,85,4,0,0,10,4,0,4,0,0,0,0,0,0,0,0,0,0,0,4,0,0,4,0,45,30,0,15,0,10,10,0,0,0,54,57,53,53,19,10,4,6,3,13,13,13,13,13,13,13,13,13,13,13,13,13,15,15,13,13,13,38,38,7,5,13,14,14,13,13,13,42,28,27,15,13,13,11,4,13,8,13,13,13,13,13,13,13,13,13,13,13,3,13,13,3,13,27,23,13,17,13,15,15,13,13,13
2013thru2017,50,05000US48047,"Brooks County, Texas",48,47,2020,1245,110,85,20,4,0,0,0,0,0,0,0,0,0,0,0,0,0,0,0,0,0,0,0,0,0,1135,885,130,105,10,0,0,0,0,0,780,55,15,0,0,35,0,0,0,0,0,0,0,0,0,0,0,0,0,0,0,0,0,0,0,0,725,425,75,185,40,0,0,0,0,0,232,165,66,67,26,10,19,19,19,19,19,19,19,19,19,19,19,19,19,19,19,19,19,19,19,19,19,162,144,65,65,14,19,19,19,19,19,151,57,21,19,19,53,19,19,19,19,19,19,19,19,19,19,19,19,19,19,19,19,19,19,19,19,156,130,61,81,47,19,19,19,19,19
2013thru2017,50,05000US48049,"Brown County, Texas",48,49,13835,10040,8190,6600,970,535,80,185,135,30,4,15,50,50,0,0,0,85,20,35,30,0,0,0,0,0,0,1430,1015,200,215,0,100,85,15,0,0,3795,2670,1560,580,360,175,215,120,70,25,0,25,25,0,0,0,0,0,0,0,0,0,0,0,0,0,845,485,275,75,15,35,25,10,0,0,401,342,311,304,173,111,51,82,77,37,9,24,35,35,28,28,28,52,33,34,42,28,28,28,28,28,28,145,171,93,124,28,65,57,29,28,28,330,290,210,141,112,111,76,64,55,24,28,26,26,28,28,28,28,28,28,28,28,28,28,28,28,28,175,124,119,72,22,30,25,17,28,28
2013thru2017,50,05000US48051,"Burleson County, Texas",48,51,6565,5125,3880,3415,210,160,95,510,415,30,70,0,0,0,0,0,0,10,10,0,0,0,0,0,0,0,0,715,595,30,65,25,10,10,4,0,0,1440,805,615,125,50,15,365,195,20,135,15,15,15,0,0,0,0,0,0,0,0,0,0,0,0,0,245,185,35,25,0,10,10,0,0,0,283,309,249,245,71,84,67,113,116,25,52,21,21,21,21,21,21,13,13,21,21,21,21,21,21,21,21,125,113,27,38,45,14,13,21,21,21,246,176,162,86,36,28,119,96,28,96,25,27,27,21,21,21,21,21,21,21,21,21,21,21,21,21,89,87,34,28,21,15,15,21,21,21
2013thru2017,50,05000US48053,"Burnet County, Texas",48,53,16545,12610,10730,8550,1495,650,35,200,120,80,0,0,85,65,0,20,0,140,125,15,0,0,0,0,0,0,0,1400,1145,175,80,0,55,35,25,0,0,3935,2950,1620,695,590,45,45,45,0,0,0,20,0,20,0,0,75,75,0,0,0,0,0,0,0,0,790,560,155,75,0,50,50,0,0,0,588,577,558,462,321,193,34,136,106,110,28,28,47,40,28,35,28,79,79,16,28,28,28,28,28,28,28,248,234,137,64,28,53,36,40,28,28,454,419,346,182,231,45,47,47,28,28,28,34,28,34,28,28,95,95,28,28,28,28,28,28,28,28,223,219,118,74,28,81,81,28,28,28
2013thru2017,50,05000US48055,"Caldwell County, Texas",48,55,12895,8670,4825,4040,475,280,30,405,310,35,50,10,70,0,0,70,0,25,10,4,4,0,0,0,0,0,0,3285,2810,255,170,50,65,45,20,0,0,4220,1840,1115,395,320,10,205,60,55,30,60,65,25,40,0,0,0,0,0,0,0,0,0,0,0,0,2100,1175,425,485,20,10,0,0,10,0,350,386,296,294,134,96,29,95,100,31,39,18,58,28,28,58,28,20,16,11,10,28,28,28,28,28,28,313,288,103,84,53,31,27,20,28,28,384,270,196,171,152,14,105,57,38,32,68,96,63,77,28,28,28,28,28,28,28,28,28,28,28,28,299,237,149,176,32,14,28,28,14,28
2013thru2017,50,05000US48057,"Calhoun County, Texas",48,57,7735,5460,3025,2635,285,100,4,135,115,15,10,0,120,110,0,10,0,10,4,4,0,0,0,0,0,0,0,2105,1755,235,115,0,60,45,15,4,0,2275,840,545,90,185,20,85,20,50,15,0,240,155,30,55,0,0,0,0,0,0,15,0,0,15,0,1060,825,165,70,0,30,30,4,0,0,330,286,193,195,108,56,4,77,75,25,15,25,53,55,25,17,25,12,11,6,25,25,25,25,25,25,25,193,206,117,77,25,27,28,22,2,25,290,184,150,66,100,25,49,23,41,20,25,54,65,41,56,25,25,25,25,25,25,25,25,25,25,25,245,230,112,47,25,29,26,3,25,25
2013thru2017,50,05000US48059,"Callahan County, Texas",48,59,5290,4350,3975,3070,335,420,150,30,20,0,10,0,4,4,0,0,0,10,10,0,0,0,0,0,0,0,0,315,210,30,0,75,20,20,0,0,0,940,760,550,60,70,80,15,10,10,0,0,0,0,0,0,0,0,0,0,0,0,0,0,0,0,0,135,55,0,30,50,30,15,4,4,0,231,214,205,205,99,118,69,29,24,21,15,21,3,3,21,21,21,16,16,21,21,21,21,21,21,21,21,84,76,29,21,52,23,23,21,21,21,150,132,110,32,43,70,24,14,14,21,21,21,21,21,21,21,21,21,21,21,21,21,21,21,21,21,69,37,21,34,64,25,19,8,15,21
2013thru2017,50,05000US48061,"Cameron County, Texas",48,61,122190,82070,14470,11840,1435,830,360,180,180,0,0,0,630,505,50,75,0,200,165,0,35,0,0,0,0,0,0,66470,49935,8675,6025,1830,120,110,10,4,0,40120,3625,2230,705,560,140,210,155,25,30,0,185,125,40,15,0,35,10,0,25,0,0,0,0,0,0,35980,17170,8015,8860,1935,85,45,30,10,0,1027,1121,440,461,283,201,147,68,68,31,31,31,123,104,53,84,31,86,105,31,46,31,31,31,31,31,31,1002,1190,693,662,302,73,71,14,3,31,1173,453,334,208,157,79,85,74,31,37,31,74,73,47,26,31,43,16,31,42,31,31,31,31,31,31,1079,945,719,698,375,63,43,36,15,31
2013thru2017,50,05000US48063,"Camp County, Texas",48,63,4730,3345,2205,1800,260,130,15,505,370,85,30,15,0,0,0,0,0,25,25,0,0,0,0,0,0,0,0,595,530,55,10,0,15,15,0,0,0,1385,750,450,135,165,0,320,140,90,90,0,20,0,0,20,0,0,0,0,0,0,0,0,0,0,0,240,120,55,65,0,60,35,25,0,0,192,200,172,169,85,65,18,93,83,54,27,28,21,21,21,21,21,15,15,21,21,21,21,21,21,21,21,84,81,36,14,21,16,16,21,21,21,187,150,127,71,86,21,85,68,67,53,21,30,21,21,30,21,21,21,21,21,21,21,21,21,21,21,73,61,38,53,21,64,49,38,21,21
2013thru2017,50,05000US48065,"Carson County, Texas",48,65,2290,1950,1825,1650,110,60,10,0,0,0,0,0,4,4,0,0,0,10,10,0,0,0,0,0,0,0,0,100,100,0,0,0,10,10,0,0,0,345,270,220,25,4,20,0,0,0,0,0,0,0,0,0,0,0,0,0,0,0,0,0,0,0,0,75,60,10,4,0,0,0,0,0,0,99,103,93,101,46,37,13,19,19,19,19,19,2,2,19,19,19,14,14,19,19,19,19,19,19,19,19,54,54,19,19,19,20,20,19,19,19,90,78,70,20,12,23,19,19,19,19,19,19,19,19,19,19,19,19,19,19,19,19,19,19,19,19,48,48,16,19,19,19,19,19,19,19
2013thru2017,50,05000US48067,"Cass County, Texas",48,67,11810,9195,7665,6225,770,555,120,1295,1015,115,150,20,10,10,0,0,0,0,0,0,0,0,0,0,0,0,0,180,130,40,10,0,45,35,4,0,0,2615,1695,1205,225,200,70,810,395,140,130,150,30,4,0,0,25,0,0,0,0,0,4,0,4,0,0,70,30,10,10,20,4,4,0,0,0,340,363,296,324,208,141,59,178,160,66,91,34,16,16,28,28,28,28,28,28,28,28,28,28,28,28,28,55,48,41,22,28,27,28,18,28,28,276,219,192,73,81,45,187,126,64,52,119,43,3,28,28,44,28,28,28,28,28,6,28,6,28,28,60,43,21,17,33,13,13,28,28,28
2013thru2017,50,05000US48069,"Castro County, Texas",48,69,2460,1585,830,715,75,35,0,15,15,0,0,0,4,4,0,0,0,4,4,0,0,0,4,4,0,0,0,725,620,65,35,4,4,4,0,4,0,880,180,140,25,10,0,4,4,0,4,0,20,20,0,0,0,0,0,0,0,0,0,0,0,0,0,650,480,55,85,25,25,20,0,4,0,118,131,78,75,48,42,19,20,20,19,19,19,14,14,19,19,19,4,4,19,19,19,3,3,19,19,19,117,106,38,29,12,14,11,19,7,19,127,55,49,24,17,19,6,19,19,3,19,22,22,19,19,19,19,19,19,19,19,19,19,19,19,19,112,115,41,61,31,15,15,19,5,19
2013thru2017,50,05000US48071,"Chambers County, Texas",48,71,13320,11025,8235,6635,680,655,265,810,575,120,110,4,135,105,30,0,0,10,10,0,0,0,0,0,0,0,0,1780,1395,70,320,0,55,45,0,4,0,2295,1355,930,160,250,15,420,380,20,20,0,0,0,0,0,0,0,0,0,0,0,0,0,0,0,0,510,290,135,90,0,10,10,0,0,0,290,437,365,369,215,184,175,152,144,75,72,8,38,45,43,28,28,14,14,28,28,28,28,28,28,28,28,306,318,56,151,28,26,23,28,13,28,414,296,298,104,128,20,187,178,37,27,28,28,28,28,28,28,28,28,28,28,28,28,28,28,28,28,235,222,104,97,28,20,20,28,28,28
2013thru2017,50,05000US48073,"Cherokee County, Texas",48,73,17885,13170,9730,7790,1060,800,75,1110,785,210,100,15,110,70,0,40,0,125,100,0,25,0,0,0,0,0,0,1940,1585,250,85,20,155,140,10,4,0,4715,2655,1605,475,455,125,1220,610,250,285,80,0,0,0,0,0,0,0,0,0,0,0,0,0,0,0,780,600,55,105,20,55,30,20,4,0,357,369,363,342,224,176,49,161,169,94,56,29,61,74,31,40,31,78,68,31,51,31,31,31,31,31,31,182,221,123,69,34,86,85,19,3,31,411,320,255,158,155,103,204,192,84,107,57,31,31,31,31,31,31,31,31,31,31,31,31,31,31,31,214,184,49,90,37,50,38,26,5,31
2013thru2017,50,05000US48075,"Childress County, Texas",48,75,2280,1255,990,815,90,60,25,55,30,25,0,0,15,15,0,0,0,0,0,0,0,0,0,0,0,0,0,175,105,0,70,0,20,0,20,0,0,1030,775,530,130,115,0,10,0,0,10,0,50,50,0,0,0,30,15,20,0,0,0,0,0,0,0,165,150,10,4,0,0,0,0,0,0,214,161,161,159,58,55,36,52,51,37,19,19,30,30,19,19,19,19,19,19,19,19,19,19,19,19,19,96,82,19,61,19,31,19,31,19,19,219,194,153,81,90,19,56,19,19,56,19,63,63,19,19,19,29,20,36,19,19,19,19,19,19,19,120,125,24,13,19,19,19,19,19,19
2013thru2017,50,05000US48077,"Clay County, Texas",48,77,4075,3480,3325,2765,370,150,40,15,15,0,0,0,0,0,0,0,0,35,15,0,20,0,0,0,0,0,0,45,40,0,4,0,65,35,25,0,0,595,515,335,60,120,0,0,0,0,0,0,0,0,0,0,0,0,0,0,0,0,0,0,0,0,0,60,55,4,0,0,20,10,0,10,0,146,154,160,171,108,46,30,14,14,21,21,21,21,21,21,21,21,28,22,21,19,21,21,21,21,21,21,30,27,21,12,21,38,33,26,21,21,114,114,90,33,62,21,21,21,21,21,21,21,21,21,21,21,21,21,21,21,21,21,21,21,21,21,24,29,13,21,21,23,16,21,16,21
2013thru2017,50,05000US48079,"Cochran County, Texas",48,79,1000,760,375,310,45,10,4,20,10,4,0,0,0,0,0,0,0,4,4,0,0,0,0,0,0,0,0,365,355,4,4,4,4,4,0,0,0,240,100,80,4,15,0,20,15,4,0,0,0,0,0,0,0,0,0,0,0,0,0,0,0,0,0,120,40,25,40,10,0,0,0,0,0,67,61,45,48,19,13,13,14,12,11,13,13,13,13,13,13,13,5,5,13,13,13,13,13,13,13,13,44,43,8,13,1,13,13,13,13,13,59,35,28,6,22,13,18,17,17,13,13,13,13,13,13,13,13,13,13,13,13,13,13,13,13,13,42,19,17,29,16,13,13,13,13,13
2013thru2017,50,05000US48081,"Coke County, Texas",48,81,1575,1120,930,820,55,55,0,0,0,0,0,0,4,4,0,0,0,10,10,0,0,0,0,0,0,0,0,165,160,4,4,0,10,4,4,0,0,455,365,225,75,65,0,0,0,0,0,0,0,0,0,0,0,0,0,0,0,0,0,0,0,0,0,85,50,10,25,0,0,0,0,0,0,97,81,75,75,26,33,13,13,13,13,13,13,6,6,13,13,13,15,15,13,13,13,13,13,13,13,13,42,40,5,3,13,13,13,14,13,13,89,81,64,37,44,13,13,13,13,13,13,13,13,13,13,13,13,13,13,13,13,13,13,13,13,13,48,37,14,29,13,13,13,13,13,13
2013thru2017,50,05000US48083,"Coleman County, Texas",48,83,3470,2465,2165,1670,240,235,25,35,35,0,0,0,0,0,0,0,0,10,10,0,0,0,0,0,0,0,0,225,200,10,15,0,30,30,0,0,4,1005,740,435,150,125,35,30,4,25,0,0,10,10,0,0,0,10,0,10,0,0,0,0,0,0,0,215,175,15,25,0,0,0,0,0,0,238,205,205,199,111,83,22,37,37,19,19,19,19,19,19,19,19,15,15,19,19,19,19,19,19,19,19,68,67,14,21,19,35,34,19,19,6,185,160,133,69,76,23,22,10,24,19,19,14,14,19,19,19,18,19,18,19,19,19,19,19,19,19,78,90,27,26,19,19,19,19,19,19
2013thru2017,50,05000US48085,"Collin County, Texas",48,85,323905,212555,150890,123125,16790,9555,1420,12120,9520,1635,860,110,26235,21500,2760,1720,255,765,670,75,20,0,70,65,0,4,0,19170,13975,3050,2085,65,3305,2610,290,380,20,111350,60550,36550,13115,9940,940,17885,9710,3890,3960,325,12330,8855,1235,1710,530,335,250,40,35,10,125,90,15,20,0,17130,9035,4715,3235,140,3005,1720,625,595,60,1314,1950,1633,1654,979,734,277,622,531,357,191,67,640,635,403,291,110,143,138,46,23,31,45,43,31,11,31,837,806,374,310,52,319,287,146,129,22,1668,1437,1219,1004,770,265,831,717,466,496,185,637,573,246,317,158,111,101,38,27,15,46,45,18,22,31,856,773,533,472,75,397,290,176,205,58
2013thru2017,50,05000US48087,"Collingsworth County, Texas",48,87,1100,885,630,560,15,55,0,30,30,0,0,0,0,0,0,0,0,10,10,0,0,0,0,0,0,0,0,210,195,0,10,4,4,4,0,0,0,215,145,125,15,4,0,40,0,15,25,0,0,0,0,0,0,10,4,10,0,0,0,0,0,0,0,20,20,0,0,0,0,0,0,0,0,79,78,78,72,18,34,13,19,19,13,13,13,13,13,13,13,13,18,18,13,13,13,13,13,13,13,13,47,49,13,15,8,5,5,13,13,13,74,57,56,14,8,13,31,13,23,24,13,13,13,13,13,13,17,3,15,13,13,13,13,13,13,13,30,30,13,13,13,13,13,13,13,13
2013thru2017,50,05000US48089,"Colorado County, Texas",48,89,7605,6240,4545,3880,365,190,105,620,420,105,100,0,4,4,0,0,0,30,0,0,30,0,0,0,0,0,0,1030,880,115,20,20,10,10,0,0,0,1365,545,385,115,35,4,325,180,85,45,15,4,0,4,0,0,0,0,0,0,0,0,0,0,0,0,475,380,75,15,0,15,0,0,15,0,349,343,218,218,119,86,90,143,126,75,72,25,20,20,25,25,25,48,25,25,48,25,25,25,25,25,25,176,172,76,25,33,16,16,25,25,25,269,173,134,107,30,13,107,90,65,40,27,12,25,12,25,25,25,25,25,25,25,25,25,25,25,25,168,145,80,22,25,11,25,25,11,25
2013thru2017,50,05000US48091,"Comal County, Texas",48,91,47255,35605,28450,23395,2980,1875,205,710,610,80,20,0,160,145,10,4,0,25,25,0,0,0,15,15,0,0,0,5815,4635,625,535,20,425,325,65,30,0,11650,7395,4150,1765,1300,185,215,150,65,0,0,120,100,25,0,0,0,0,0,0,0,0,0,0,0,0,3625,2150,740,700,35,290,160,60,70,0,579,685,608,676,371,278,94,111,120,60,30,31,69,67,17,28,31,31,31,31,31,31,30,30,31,31,31,394,361,183,172,31,135,130,50,29,31,670,542,415,349,257,100,95,91,48,31,31,77,79,32,31,31,31,31,31,31,31,31,31,31,31,31,435,365,249,230,54,135,115,55,48,31
2013thru2017,50,05000US48093,"Comanche County, Texas",48,93,5105,4000,3195,2580,330,205,75,30,30,0,0,0,30,20,0,4,4,30,20,10,4,0,0,0,0,0,0,715,590,45,65,15,0,0,0,0,0,1105,795,540,125,80,50,4,0,4,0,0,0,0,0,0,0,0,0,0,0,0,0,0,0,0,0,295,215,30,40,4,15,15,0,0,0,236,252,173,187,74,82,55,35,35,21,21,21,23,23,21,11,6,30,21,13,14,21,21,21,21,21,21,131,123,45,77,23,21,21,21,21,21,186,157,130,85,48,49,16,21,16,21,21,21,21,21,21,21,21,21,21,21,21,21,21,21,21,21,117,101,33,51,10,21,21,21,21,21
2013thru2017,50,05000US48095,"Concho County, Texas",48,95,790,565,420,355,40,30,0,4,4,0,0,0,0,0,0,0,0,0,0,0,0,0,0,0,0,0,0,135,80,45,4,0,4,4,0,4,0,225,160,115,15,25,4,0,0,0,0,0,0,0,0,0,0,4,4,0,0,0,0,0,0,0,0,65,45,15,0,4,0,0,0,0,0,115,103,82,69,27,16,13,13,13,13,13,13,13,13,13,13,13,13,13,13,13,13,13,13,13,13,13,50,41,32,18,13,2,13,13,13,13,64,52,47,19,25,14,13,13,13,13,13,13,13,13,13,13,6,6,13,13,13,13,13,13,13,13,34,29,17,13,2,13,13,13,13,13
2013thru2017,50,05000US48097,"Cooke County, Texas",48,97,15185,10455,9130,7695,1025,380,25,175,140,20,20,0,60,40,20,0,0,125,115,4,4,0,10,10,0,0,0,915,715,115,80,0,45,35,4,4,0,4730,3455,2330,560,465,100,225,95,110,15,0,120,15,90,10,4,40,40,0,0,0,25,25,0,0,0,795,490,180,125,0,75,45,10,15,0,343,440,338,328,185,103,27,49,48,29,22,28,46,38,35,28,28,52,53,17,28,28,15,15,28,28,28,224,180,69,81,28,28,29,4,7,28,486,358,288,174,130,74,72,64,62,17,28,84,21,79,19,3,44,44,28,28,28,36,36,28,28,28,209,187,114,73,28,63,50,15,33,28
2013thru2017,50,05000US48099,"Coryell County, Texas",48,99,22425,12915,9820,8325,900,540,55,955,735,155,65,0,205,165,20,10,4,45,45,0,0,0,25,25,0,0,0,1570,1040,395,130,4,305,230,25,50,0,9510,5985,3550,1485,855,90,1175,850,220,100,4,100,40,15,20,20,65,60,4,4,0,100,60,30,10,0,1665,910,480,240,35,410,240,85,65,20,523,453,414,411,150,167,33,147,130,70,57,31,65,55,24,17,12,31,31,31,31,31,27,27,31,31,31,225,198,144,77,3,104,78,24,59,31,597,421,382,261,174,61,210,194,69,53,13,64,34,21,21,32,61,61,4,10,31,27,30,33,14,31,295,215,153,121,42,140,109,64,50,22
2013thru2017,50,05000US48101,"Cottle County, Texas",48,101,665,435,290,270,15,4,0,10,4,0,4,0,0,0,0,0,0,4,4,0,0,0,0,0,0,0,0,135,100,35,0,0,0,0,0,0,0,230,80,50,25,4,4,75,65,0,10,0,0,0,0,0,0,0,0,0,0,0,0,0,0,0,0,55,25,10,4,15,20,0,10,10,0,71,69,56,53,12,10,13,14,12,13,7,13,13,13,13,13,13,3,3,13,13,13,13,13,13,13,13,57,50,28,13,13,13,13,13,13,13,64,32,26,27,1,1,51,47,13,23,13,13,13,13,13,13,13,13,13,13,13,13,13,13,13,13,34,26,19,13,26,23,13,15,17,13
2013thru2017,50,05000US48103,"Crane County, Texas",48,103,1480,1160,545,490,15,30,10,4,4,0,0,0,0,0,0,0,0,0,0,0,0,0,0,0,0,0,0,605,540,25,35,0,4,4,0,0,0,320,105,65,25,10,4,20,20,0,0,0,0,0,0,0,0,0,0,0,0,0,0,0,0,0,0,195,135,10,50,0,0,0,0,0,0,70,78,52,50,20,29,14,8,8,13,13,13,13,13,13,13,13,13,13,13,13,13,13,13,13,13,13,71,73,22,24,13,7,7,13,13,13,78,38,29,23,15,10,21,21,13,13,13,13,13,13,13,13,13,13,13,13,13,13,13,13,13,13,72,62,20,37,13,13,13,13,13,13
2013thru2017,50,05000US48105,"Crockett County, Texas",48,105,1410,1025,395,345,0,50,0,20,20,0,0,0,0,0,0,0,0,0,0,0,0,0,0,0,0,0,0,610,545,60,4,0,0,0,0,0,0,385,190,125,15,50,0,0,0,0,0,0,0,0,0,0,0,0,0,0,0,0,0,0,0,0,0,195,115,25,55,0,0,0,0,0,0,128,147,91,77,13,51,13,33,33,13,13,13,13,13,13,13,13,13,13,13,13,13,13,13,13,13,13,123,127,61,17,13,13,13,13,13,13,138,94,82,23,56,13,13,13,13,13,13,13,13,13,13,13,13,13,13,13,13,13,13,13,13,13,109,71,34,66,13,13,13,13,13,13
2013thru2017,50,05000US48107,"Crosby County, Texas",48,107,2065,1415,820,715,70,30,4,30,15,10,4,0,0,0,0,0,0,0,0,0,0,0,0,0,0,0,0,550,440,55,45,4,15,15,0,0,0,650,215,190,4,25,0,55,35,20,0,0,0,0,0,0,0,0,0,0,0,0,0,0,0,0,0,375,260,60,40,15,0,0,0,0,0,100,119,65,67,36,23,7,23,15,18,12,19,19,19,19,19,19,19,19,19,19,19,19,19,19,19,19,70,64,30,31,13,26,26,19,19,19,91,46,48,3,21,19,30,26,22,19,19,19,19,19,19,19,19,19,19,19,19,19,19,19,19,19,76,63,35,24,15,19,19,19,19,19
2013thru2017,50,05000US48109,"Culberson County, Texas",48,109,735,490,95,85,10,4,0,0,0,0,0,0,4,4,0,0,0,0,0,0,0,0,0,0,0,0,0,385,340,10,35,0,4,4,0,0,0,245,65,30,30,4,0,0,0,0,0,0,0,0,0,0,0,0,0,0,0,0,0,0,0,0,0,175,110,35,35,0,4,4,0,0,0,98,79,41,40,14,1,13,13,13,13,13,13,11,11,13,13,13,13,13,13,13,13,13,13,13,13,13,72,71,14,24,13,10,10,13,13,13,63,44,22,34,17,13,13,13,13,13,13,13,13,13,13,13,13,13,13,13,13,13,13,13,13,13,48,44,24,23,13,15,15,13,13,13
2013thru2017,50,05000US48111,"Dallam County, Texas",48,111,2430,1450,1025,930,40,50,4,20,20,0,0,0,15,4,0,10,0,0,0,0,0,0,0,0,0,0,0,390,330,60,4,0,4,4,0,0,0,980,595,420,75,85,15,40,40,0,0,0,4,0,0,4,0,4,4,4,0,0,0,0,0,0,0,325,305,20,4,0,10,10,0,0,0,143,148,118,127,30,28,4,29,29,19,19,19,14,6,19,13,19,19,19,19,19,19,19,19,19,19,19,77,72,46,8,19,6,6,19,19,19,169,120,120,56,48,25,49,49,19,19,19,3,19,19,3,19,4,5,8,19,19,19,19,19,19,19,117,110,34,3,19,17,17,19,19,19
2013thru2017,50,05000US48113,"Dallas County, Texas",48,113,906180,457250,221420,177865,23945,17885,1725,78665,55785,13210,8520,1145,25385,19565,3485,2240,90,940,730,125,90,0,110,110,0,0,0,125165,89400,21595,13285,885,5570,4110,730,700,30,448930,134830,84430,25405,22915,2085,139865,63865,33410,37030,5560,26735,17480,3985,4140,1130,880,455,135,285,4,285,175,90,20,0,136155,71470,36430,26090,2165,10180,5395,2390,2190,210,2127,3980,1962,2003,984,817,272,1615,1489,907,585,285,789,703,381,335,67,156,149,65,43,31,68,68,31,31,31,1836,1644,1047,814,229,482,413,170,216,36,3635,2023,1657,1066,959,314,2197,1604,1313,1473,601,883,760,514,423,241,185,118,78,114,31,86,82,76,32,31,2117,1788,1132,1183,398,723,527,385,395,97
2013thru2017,50,05000US48115,"Dawson County, Texas",48,115,4340,3085,1535,1310,90,125,10,40,30,10,0,0,20,0,0,20,0,10,4,0,10,0,0,0,0,0,0,1480,1220,140,100,15,4,4,0,0,0,1255,530,420,70,30,10,35,20,15,0,0,4,0,4,0,0,0,0,0,0,0,4,0,0,0,4,685,470,130,65,25,0,0,0,0,0,185,214,145,129,46,78,14,20,24,18,21,21,11,21,21,11,21,19,4,21,16,21,21,21,21,21,21,168,155,73,54,30,21,21,21,21,21,200,157,163,63,29,18,37,25,22,21,21,5,21,5,21,21,21,21,21,21,21,4,21,21,21,4,155,126,100,57,37,21,21,21,21,21
2013thru2017,50,05000US48117,"Deaf Smith County, Texas",48,117,6120,3980,1585,1355,110,110,15,4,4,0,0,0,20,20,4,0,0,0,0,0,0,0,0,0,0,0,0,2355,2140,150,50,10,15,15,0,0,0,2140,500,420,15,60,10,20,20,0,0,0,0,0,0,0,0,0,0,0,0,0,0,0,0,0,0,1610,1080,180,295,50,10,10,0,0,0,178,192,128,136,64,53,19,4,4,21,21,21,11,14,5,21,21,21,21,21,21,21,21,21,21,21,21,196,203,79,45,15,21,21,21,21,21,238,105,95,24,42,15,27,27,21,21,21,21,21,21,21,21,21,21,21,21,21,21,21,21,21,21,210,199,84,87,39,16,16,21,21,21
2013thru2017,50,05000US48119,"Delta County, Texas",48,119,2035,1570,1395,1145,130,120,0,40,30,0,10,4,4,4,0,0,0,4,4,0,0,0,0,0,0,0,0,85,80,4,0,0,40,40,0,0,0,465,345,180,60,100,0,105,55,25,15,4,0,0,0,0,0,0,0,0,0,0,0,0,0,0,0,15,4,10,0,0,0,0,0,0,0,86,110,97,115,58,55,19,31,22,19,16,19,4,4,19,19,19,23,23,19,19,19,19,19,19,19,19,58,60,11,19,19,16,16,19,19,19,91,82,56,31,47,19,38,32,21,21,15,19,19,19,19,19,19,19,19,19,19,19,19,19,19,19,21,9,20,19,19,19,19,19,19,19
2013thru2017,50,05000US48121,"Denton County, Texas",48,121,275165,177520,130945,107605,15095,7835,410,10330,7840,1820,640,30,13055,10085,1780,1140,45,580,490,25,65,0,50,50,0,0,0,19740,14260,3785,1600,95,2820,2410,280,125,10,97640,52835,31050,11035,10125,625,17070,8905,4545,3370,245,5520,2850,1105,1010,555,275,155,65,55,0,150,75,25,45,0,18880,10485,4020,4005,365,2915,1440,965,460,50,1154,1422,1273,1332,771,577,100,539,543,352,184,28,443,481,285,180,35,160,137,25,60,31,43,43,31,31,31,770,836,621,288,93,337,306,118,66,14,1421,1450,1112,673,823,169,845,716,472,501,114,465,365,218,213,190,104,69,65,46,31,85,51,28,68,31,890,823,522,518,201,486,267,285,156,58
2013thru2017,50,05000US48123,"DeWitt County, Texas",48,123,7260,5465,3795,3285,250,240,25,315,225,45,45,0,0,0,0,0,0,0,0,0,0,0,0,0,0,0,0,1305,1140,105,65,0,50,45,0,4,0,1795,720,495,165,55,4,365,90,105,175,0,0,0,0,0,0,0,0,0,0,0,0,0,0,0,0,705,505,130,50,20,4,4,0,0,0,270,241,193,221,72,104,23,130,125,38,37,25,25,25,25,25,25,25,25,25,25,25,25,25,25,25,25,153,168,53,45,25,53,50,25,8,25,246,136,114,83,39,17,158,98,85,126,25,25,25,25,25,25,25,25,25,25,25,25,25,25,25,25,139,117,88,45,18,2,2,25,25,25
2013thru2017,50,05000US48125,"Dickens County, Texas",48,125,830,595,475,425,25,20,4,20,4,0,10,0,0,0,0,0,0,4,4,0,0,0,0,0,0,0,0,100,85,4,10,0,0,0,0,0,0,235,160,130,20,4,4,4,4,0,0,4,0,0,0,0,0,0,0,0,0,0,0,0,0,0,0,70,50,0,20,0,0,0,0,0,0,74,59,54,52,17,12,16,15,12,13,16,13,13,13,13,13,13,1,1,13,13,13,13,13,13,13,13,24,25,5,15,13,13,13,13,13,13,60,42,40,20,1,5,13,10,13,13,6,13,13,13,13,13,13,13,13,13,13,13,13,13,13,13,38,36,13,18,13,13,13,13,13,13
2013thru2017,50,05000US48127,"Dimmit County, Texas",48,127,3475,2450,585,530,50,4,0,0,0,0,0,0,0,0,0,0,0,0,0,0,0,0,0,0,0,0,0,1865,1615,95,150,4,0,0,0,0,0,1030,75,55,0,0,20,0,0,0,0,0,20,20,0,0,0,0,0,0,0,0,0,0,0,0,0,930,630,110,195,0,0,0,0,0,0,224,270,137,139,76,6,21,21,21,21,21,21,21,21,21,21,21,21,21,21,21,21,21,21,21,21,21,235,228,76,108,21,21,21,21,21,21,260,63,50,21,21,39,21,21,21,21,21,37,37,21,21,21,21,21,21,21,21,21,21,21,21,21,251,231,90,114,21,21,21,21,21,21
2013thru2017,50,05000US48129,"Donley County, Texas",48,129,1230,915,825,735,30,60,0,50,30,0,20,0,0,0,0,0,0,4,4,0,0,0,0,0,0,0,0,30,30,0,0,0,10,10,0,0,0,315,240,155,35,55,0,30,15,15,0,0,0,0,0,0,0,0,0,0,0,0,0,0,0,0,0,45,30,15,0,0,0,0,0,0,0,83,70,64,64,14,27,13,32,26,13,24,13,13,13,13,13,13,16,16,13,13,13,13,13,13,13,13,18,18,13,13,13,13,13,13,13,13,73,64,47,22,26,13,21,18,17,13,13,13,13,13,13,13,13,13,13,13,13,13,13,13,13,13,25,18,18,13,13,13,13,13,13,13
2013thru2017,50,05000US48131,"Duval County, Texas",48,131,3845,2585,330,310,4,0,15,0,0,0,0,0,0,0,0,0,0,0,0,0,0,0,0,0,0,0,0,2255,1845,225,125,60,0,0,0,0,0,1260,120,90,30,0,0,20,0,20,0,0,0,0,0,0,0,0,0,0,0,0,0,0,0,0,0,1120,815,185,100,20,0,0,0,0,0,214,191,72,76,2,21,26,21,21,21,21,21,21,21,21,21,21,21,21,21,21,21,21,21,21,21,21,205,183,93,75,58,21,21,21,21,21,229,100,85,50,21,21,34,21,34,21,21,21,21,21,21,21,21,21,21,21,21,21,21,21,21,21,191,181,100,67,26,21,21,21,21,21
2013thru2017,50,05000US48133,"Eastland County, Texas",48,133,6435,4815,4190,3185,525,155,325,50,30,20,0,0,15,15,0,0,0,4,4,0,0,0,0,0,0,0,0,545,395,45,35,70,4,0,4,0,0,1620,1440,1130,90,160,60,25,25,0,0,0,0,0,0,0,0,4,4,0,0,0,0,0,0,0,0,145,95,0,4,40,0,0,0,0,0,356,305,282,289,135,78,121,56,31,40,21,21,29,29,21,21,21,14,14,21,21,21,21,21,21,21,21,178,153,40,34,58,15,21,15,21,21,272,249,227,66,86,43,55,55,21,21,21,21,21,21,21,21,15,15,21,21,21,21,21,21,21,21,98,74,21,15,49,21,21,21,21,21
2013thru2017,50,05000US48135,"Ector County, Texas",48,135,51475,33995,15790,13460,1205,995,125,1035,845,65,110,20,255,235,15,0,0,90,80,10,0,0,0,0,0,0,0,16465,13560,1695,1115,95,355,335,25,0,0,17480,5850,3845,970,855,185,1250,685,190,350,25,200,165,0,25,10,25,15,4,10,0,25,0,0,25,0,9820,6095,2090,1495,140,305,290,10,10,0,578,717,452,497,262,195,79,223,219,68,106,31,65,64,20,31,31,53,52,14,31,31,31,31,31,31,31,596,614,337,292,63,116,113,29,31,31,797,500,407,261,222,120,260,189,115,164,30,97,93,31,29,15,29,20,12,15,31,45,31,31,45,31,634,635,388,369,102,133,130,23,14,31
2013thru2017,50,05000US48137,"Edwards County, Texas",48,137,635,550,310,280,4,25,0,0,0,0,0,0,0,0,0,0,0,0,0,0,0,0,0,0,0,0,0,240,210,10,25,0,0,0,0,0,0,85,20,20,4,0,0,0,0,0,0,0,0,0,0,0,0,0,0,0,0,0,0,0,0,0,0,60,60,0,0,0,0,0,0,0,0,124,116,86,84,7,29,13,13,13,13,13,13,13,13,13,13,13,13,13,13,13,13,13,13,13,13,13,69,67,16,21,13,13,13,13,13,13,45,24,23,13,13,13,13,13,13,13,13,13,13,13,13,13,13,13,13,13,13,13,13,13,13,13,34,34,13,13,13,13,13,13,13,13
2013thru2017,50,05000US48139,"Ellis County, Texas",48,139,54725,39980,29780,24865,2915,1835,160,2990,2275,325,380,10,280,250,4,25,0,180,150,30,4,0,0,0,0,0,0,6315,5140,640,520,15,435,325,100,10,0,14745,8570,5000,1925,1525,120,2060,945,615,495,4,80,30,4,45,0,40,40,4,0,0,10,0,10,0,0,3635,2080,925,620,4,355,275,30,45,0,476,799,636,640,377,311,94,218,237,128,132,19,89,86,14,33,31,72,66,30,5,31,31,31,31,31,31,324,309,182,175,25,118,88,87,18,31,703,637,507,380,280,59,362,227,210,192,1,74,45,11,59,31,34,35,3,31,31,16,31,16,31,31,402,367,271,178,14,161,139,38,44,31
2013thru2017,50,05000US48141,"El Paso County, Texas",48,141,263200,162110,26775,22475,2600,1425,275,3225,2665,280,260,20,1705,1385,130,185,4,310,245,40,25,0,150,105,45,0,0,128825,97400,17800,12435,1190,1115,750,110,100,155,101090,17560,10505,3920,2685,450,5880,3495,1330,1015,40,1380,785,410,150,35,590,230,225,130,0,80,20,60,0,0,74480,38595,18800,14495,2590,1120,555,300,240,25,1519,2245,860,786,439,246,154,326,287,113,118,35,244,242,72,97,9,92,77,36,30,31,166,148,72,31,31,1935,1785,993,843,254,278,185,60,55,196,1894,875,833,487,326,144,424,376,284,304,44,217,195,134,96,40,155,101,124,83,31,107,40,100,31,31,1498,1538,1104,946,419,227,149,134,113,32
2013thru2017,50,05000US48143,"Erath County, Texas",48,143,13825,8805,7245,5620,600,810,215,10,10,0,0,0,25,25,0,0,0,4,4,0,0,0,15,15,0,0,0,1410,1190,215,4,0,100,70,25,0,0,5025,3990,2090,600,1085,210,115,25,10,85,0,0,0,0,0,0,0,0,0,0,0,0,0,0,0,0,900,500,160,240,0,20,10,0,10,0,447,406,351,312,142,219,88,15,15,28,28,28,21,21,28,28,28,3,3,28,28,28,28,28,28,28,28,241,235,140,15,28,56,54,33,28,28,390,367,295,177,235,119,119,39,14,123,28,28,28,28,28,28,28,28,28,28,28,28,28,28,28,28,256,185,97,156,28,25,15,28,20,28
2013thru2017,50,05000US48145,"Falls County, Texas",48,145,5405,3930,2655,2245,190,195,25,630,440,90,95,4,15,4,10,0,0,4,4,0,0,0,15,15,0,0,0,610,425,75,90,15,0,0,0,0,0,1475,720,550,70,70,25,510,220,85,165,40,0,0,0,0,0,0,0,0,0,0,0,0,0,0,0,240,135,65,25,10,4,4,4,0,0,267,189,158,158,67,62,18,89,78,52,51,6,22,1,22,21,21,21,21,21,21,21,27,27,21,21,21,135,119,75,63,16,21,21,21,21,21,217,154,140,42,62,35,136,86,59,88,46,21,21,21,21,21,21,21,21,21,21,21,21,21,21,21,97,85,52,27,19,18,2,7,21,21
2013thru2017,50,05000US48147,"Fannin County, Texas",48,147,12025,8975,8005,6685,720,530,70,285,150,70,30,35,30,15,0,15,0,45,35,10,0,0,4,0,0,4,0,500,385,85,15,20,100,75,10,10,4,3050,2390,1510,430,435,20,305,230,40,35,0,65,25,0,35,0,10,10,0,0,4,4,4,0,0,0,130,110,20,4,0,140,100,25,15,0,304,289,265,284,143,141,38,85,58,42,29,55,27,16,28,24,28,27,24,12,28,28,9,28,28,9,28,96,84,57,15,31,34,33,10,13,1,264,235,197,117,139,28,120,112,37,30,28,37,25,28,41,28,11,12,28,28,4,8,8,28,28,28,49,46,24,3,28,57,54,21,15,28
2013thru2017,50,05000US48149,"Fayette County, Texas",48,149,9300,7550,6305,5305,530,375,95,305,225,45,35,0,15,0,0,15,0,0,0,0,0,0,0,0,0,0,0,905,760,110,15,20,15,15,0,0,0,1745,1115,780,200,100,35,205,135,15,55,0,40,40,0,0,0,4,0,0,0,4,0,0,0,0,0,330,285,25,15,0,55,25,4,25,0,304,313,338,325,124,126,62,87,77,45,33,25,24,25,25,24,25,25,25,25,25,25,25,25,25,25,25,182,174,82,25,29,29,29,25,25,25,231,190,151,82,55,35,69,64,21,40,25,56,56,25,25,25,3,25,25,25,3,25,25,25,25,25,95,89,26,16,25,43,20,12,40,25
2013thru2017,50,05000US48151,"Fisher County, Texas",48,151,1695,1225,925,815,70,25,15,15,15,0,0,0,0,0,0,0,0,0,0,0,0,0,0,0,0,0,0,285,225,45,10,4,0,0,0,0,0,470,240,180,25,25,10,35,20,15,4,0,15,15,0,0,0,0,0,0,0,0,0,0,0,0,0,175,150,20,4,0,0,0,0,0,0,116,94,86,88,31,19,14,20,20,13,13,13,13,13,13,13,13,13,13,13,13,13,13,13,13,13,13,60,56,33,14,14,13,13,13,13,13,84,63,54,15,15,13,29,19,25,6,13,27,27,13,13,13,13,13,13,13,13,13,13,13,13,13,62,57,20,4,13,13,13,13,13,13
2013thru2017,50,05000US48153,"Floyd County, Texas",48,153,2320,1685,910,835,35,35,4,45,35,10,0,0,10,10,0,0,0,4,4,0,0,0,0,0,0,0,0,690,555,55,50,25,30,20,10,0,0,635,160,130,4,25,0,20,15,0,4,0,0,0,0,0,0,0,0,0,0,0,0,0,0,0,0,430,315,50,60,4,20,10,10,0,0,104,112,68,78,24,30,3,29,27,13,19,19,16,16,19,19,19,19,19,19,19,19,19,19,19,19,19,93,86,33,35,27,21,17,13,19,19,128,48,50,19,28,19,12,10,19,10,19,19,19,19,19,19,19,19,19,19,19,19,19,19,19,19,111,93,47,42,8,20,13,17,19,19
2013thru2017,50,05000US48155,"Foard County, Texas",48,155,560,450,380,325,45,10,0,10,10,0,0,0,0,0,0,0,0,0,0,0,0,0,0,0,0,0,0,65,65,0,0,0,0,0,0,0,0,110,80,75,0,10,0,4,4,0,0,0,0,0,0,0,0,0,0,0,0,0,0,0,0,0,0,25,25,0,0,0,0,0,0,0,0,68,67,58,57,27,19,13,15,15,13,13,13,13,13,13,13,13,13,13,13,13,13,13,13,13,13,13,38,38,13,13,13,13,13,13,13,13,42,35,35,13,14,13,11,11,13,13,13,13,13,13,13,13,13,13,13,13,13,13,13,13,13,13,24,24,13,13,13,13,13,13,13,13
2013thru2017,50,05000US48157,"Fort Bend County, Texas",48,157,222330,173535,74865,62630,7000,4905,325,32270,23805,5035,3130,300,32335,25190,3795,3125,220,425,350,75,0,0,4,4,0,0,0,31185,24200,4525,2270,195,2455,1710,375,365,10,48795,15640,10040,2505,2910,190,13515,7250,3430,2565,270,5415,3150,1075,1065,130,30,30,0,0,0,0,0,0,0,0,13500,7905,2440,2835,325,700,185,410,80,25,1127,1910,1129,1243,669,489,149,1119,1066,632,545,166,935,1049,501,508,157,132,118,80,31,31,3,3,31,31,31,991,1118,711,491,128,439,390,142,182,13,1713,991,762,440,501,145,934,772,561,455,147,718,594,315,272,88,44,44,31,31,31,31,31,31,31,31,804,762,418,457,229,267,123,195,65,31
2013thru2017,50,05000US48159,"Franklin County, Texas",48,159,3930,2930,2640,1915,385,325,15,125,95,15,20,0,0,0,0,0,0,0,0,0,0,0,0,0,0,0,0,145,130,0,0,15,20,20,0,0,0,1000,860,590,135,130,10,30,0,4,25,0,0,0,0,0,0,0,0,0,0,0,0,0,0,0,0,110,100,15,0,0,0,0,0,0,0,252,252,195,190,120,105,17,59,49,24,36,21,21,21,21,21,21,21,21,21,21,21,21,21,21,21,21,65,61,21,21,25,25,25,21,21,21,179,158,141,71,76,15,28,21,9,27,21,21,21,21,21,21,21,21,21,21,21,21,21,21,21,21,58,50,23,21,21,21,21,21,21,21
2013thru2017,50,05000US48161,"Freestone County, Texas",48,161,7230,5410,4270,3645,375,220,35,680,415,160,105,0,10,10,0,0,0,10,0,0,10,0,0,0,0,0,0,405,315,20,70,0,35,25,4,4,0,1825,1130,770,185,130,45,415,255,70,85,0,10,0,0,10,0,4,0,4,0,0,0,0,0,0,0,265,165,35,30,35,0,0,0,0,0,281,289,253,262,92,108,44,130,91,99,58,21,17,17,21,21,21,18,21,21,18,21,21,21,21,21,21,110,97,27,54,21,34,31,7,15,21,243,202,178,84,84,35,118,96,48,65,21,14,21,21,14,21,1,21,1,21,21,21,21,21,21,21,96,94,30,24,48,21,21,21,21,21
2013thru2017,50,05000US48163,"Frio County, Texas",48,163,4530,3175,720,570,60,60,30,30,0,0,30,0,4,0,4,0,0,0,0,0,0,0,0,0,0,0,0,2365,1895,275,170,25,55,0,0,0,55,1355,260,215,30,10,0,0,0,0,0,0,0,0,0,0,0,0,0,0,0,0,0,0,0,0,0,1015,730,75,160,50,85,55,30,0,0,316,320,196,193,61,62,45,47,21,21,47,21,6,21,6,21,21,21,21,21,21,21,21,21,21,21,21,296,283,128,88,43,73,21,21,21,73,263,110,105,38,22,21,21,21,21,21,21,21,21,21,21,21,21,21,21,21,21,21,21,21,21,21,227,186,79,85,60,84,69,43,21,21
2013thru2017,50,05000US48165,"Gaines County, Texas",48,165,5715,4365,2810,2320,300,145,40,50,40,10,0,0,15,15,0,0,0,4,4,0,0,0,10,10,0,0,0,1475,1280,115,80,0,4,4,0,0,0,1350,635,410,110,30,85,20,20,0,0,0,10,10,0,0,0,0,0,0,0,0,0,0,0,0,0,680,580,60,0,40,4,4,0,0,0,220,263,197,215,121,95,65,24,27,16,21,21,50,50,21,21,21,15,15,21,21,21,15,15,21,21,21,174,171,81,60,21,8,8,21,21,21,218,164,156,64,34,93,24,24,21,21,21,42,42,21,21,21,21,21,21,21,21,21,21,21,21,21,180,180,45,21,41,5,5,21,21,21
2013thru2017,50,05000US48167,"Galveston County, Texas",48,167,117455,77875,54975,46010,4950,3680,330,6660,5100,880,670,15,2415,1750,370,240,55,325,245,35,45,0,10,10,0,0,0,12485,9480,1610,1350,45,1005,860,30,105,10,39580,20450,11785,4435,3545,685,8085,3715,1970,2270,130,940,575,175,150,40,55,40,15,0,0,35,35,0,0,0,9240,4675,2495,1800,275,780,380,120,255,25,1032,1272,1037,1065,422,459,108,478,439,215,183,16,229,216,143,105,72,124,92,63,48,31,17,17,31,31,31,692,712,334,346,40,207,200,30,53,16,1257,902,729,488,433,250,689,540,385,281,66,234,184,75,82,33,45,41,22,31,31,62,62,31,31,31,740,558,390,455,123,209,157,88,100,19
2013thru2017,50,05000US48169,"Garza County, Texas",48,169,1715,1115,730,690,35,10,0,50,35,15,0,0,0,0,0,0,0,0,0,0,0,0,0,0,0,0,0,330,330,0,0,0,0,0,0,0,0,600,235,195,20,4,10,15,0,0,15,0,10,10,0,0,0,0,0,0,0,0,0,0,0,0,0,340,255,45,40,0,0,0,0,0,0,129,141,135,136,28,15,19,36,35,26,19,19,19,19,19,19,19,19,19,19,19,19,19,19,19,19,19,95,95,19,19,19,19,19,19,19,19,154,62,51,25,14,16,26,19,19,26,19,17,17,19,19,19,19,19,19,19,19,19,19,19,19,19,148,137,44,34,19,19,19,19,19,19
2013thru2017,50,05000US48171,"Gillespie County, Texas",48,171,10795,8235,7120,5690,765,555,110,20,20,0,0,0,0,0,0,0,0,4,4,0,0,0,0,0,0,0,0,980,700,95,185,0,110,100,0,15,0,2560,2005,1185,435,390,0,0,0,0,0,0,0,0,0,0,0,0,0,0,0,0,0,0,0,0,0,490,240,75,175,0,65,30,20,15,0,349,391,304,331,186,136,95,32,32,25,25,25,25,25,25,25,25,4,4,25,25,25,25,25,25,25,25,171,154,79,130,25,67,75,25,22,25,324,284,245,127,158,25,25,25,25,25,25,25,25,25,25,25,25,25,25,25,25,25,25,25,25,25,166,119,70,107,25,45,35,31,28,25
2013thru2017,50,05000US48173,"Glasscock County, Texas",48,173,475,340,280,250,10,15,4,0,0,0,0,0,0,0,0,0,0,0,0,0,0,0,0,0,0,0,0,60,50,10,0,0,0,0,0,0,0,135,35,35,0,0,0,0,0,0,0,0,0,0,0,0,0,0,0,0,0,0,0,0,0,0,0,100,90,10,0,0,0,0,0,0,0,52,52,60,60,12,15,4,13,13,13,13,13,13,13,13,13,13,13,13,13,13,13,13,13,13,13,13,32,29,14,13,13,13,13,13,13,13,53,28,28,13,13,13,13,13,13,13,13,13,13,13,13,13,13,13,13,13,13,13,13,13,13,13,51,50,20,13,13,13,13,13,13,13
2013thru2017,50,05000US48175,"Goliad County, Texas",48,175,2755,2255,1505,1340,100,25,45,120,120,0,0,0,4,4,0,0,0,0,0,0,0,0,0,0,0,0,0,620,575,10,40,0,10,10,0,0,0,500,180,145,10,20,4,35,10,0,20,0,0,0,0,0,0,0,0,0,0,0,0,0,0,0,0,290,210,55,25,0,0,0,0,0,0,185,168,113,120,51,22,46,28,28,19,19,19,3,3,19,19,19,19,19,19,19,19,19,19,19,19,19,115,109,14,35,19,15,15,19,19,19,140,81,78,14,23,3,38,22,19,30,19,19,19,19,19,19,19,19,19,19,19,19,19,19,19,19,109,85,48,31,19,19,19,19,19,19
2013thru2017,50,05000US48177,"Gonzales County, Texas",48,177,7020,4820,2700,2285,255,160,0,225,180,10,40,0,4,0,0,0,4,15,15,0,0,0,0,0,0,0,0,1860,1550,195,115,0,20,20,0,0,0,2195,850,655,140,55,0,350,160,60,125,0,10,0,0,4,10,0,0,0,0,0,4,4,0,0,0,980,645,180,155,0,0,0,0,0,0,252,252,157,167,90,63,25,82,75,15,32,25,3,25,25,25,3,23,23,25,25,25,25,25,25,25,25,180,180,85,61,25,21,21,25,25,25,221,161,143,88,55,25,91,82,40,72,25,18,25,25,25,15,25,25,25,25,25,10,10,25,25,25,161,142,85,69,25,25,25,25,25,25
2013thru2017,50,05000US48179,"Gray County, Texas",48,179,7970,5995,4740,3985,485,235,30,80,80,0,0,0,20,15,0,4,0,15,10,0,4,0,0,0,0,0,0,1090,1005,30,45,15,45,45,0,0,0,1975,1385,935,160,240,50,65,15,0,45,0,0,0,0,0,0,50,20,4,25,0,0,0,0,0,0,435,265,90,80,0,45,15,15,15,0,261,285,252,276,138,75,21,32,32,25,25,25,21,18,25,16,25,17,15,25,10,25,25,25,25,25,25,121,134,34,30,24,31,31,25,25,25,255,221,192,62,120,57,51,21,25,44,25,25,25,25,25,25,35,23,12,25,25,25,25,25,25,25,106,90,61,50,25,34,16,29,25,25
2013thru2017,50,05000US48181,"Grayson County, Texas",48,181,47550,31865,27350,22750,2655,1695,245,995,735,175,85,0,240,135,85,10,10,340,290,20,20,10,0,0,0,0,0,2565,1920,390,255,0,375,330,4,40,0,15685,11800,7315,2235,2075,180,1575,640,495,435,10,210,170,10,0,35,220,155,10,55,0,20,20,0,0,0,1490,925,280,270,20,360,240,40,35,45,556,754,660,661,305,240,105,186,178,72,61,31,71,48,49,16,14,102,102,19,28,18,31,31,31,31,31,314,283,165,133,31,122,115,11,31,31,774,637,577,296,318,113,302,177,215,202,14,60,57,13,31,15,107,90,16,54,31,18,18,31,31,31,249,208,97,111,33,137,118,49,29,49
2013thru2017,50,05000US48183,"Gregg County, Texas",48,183,45615,26845,19425,16795,1555,965,115,3445,2580,520,330,15,260,175,30,45,15,120,100,15,10,0,10,10,0,0,0,3330,2530,645,130,20,250,245,4,4,0,18770,10305,5835,2175,2190,105,5940,2705,1380,1770,80,180,80,50,50,0,75,55,20,0,0,0,0,0,0,0,1970,1010,555,385,20,300,135,95,70,0,667,685,624,632,251,199,70,311,286,159,131,21,76,56,36,38,24,60,58,25,16,31,19,19,31,31,31,315,292,191,79,29,87,87,4,3,31,815,665,598,346,366,75,434,343,268,315,65,88,53,62,52,31,58,46,35,31,31,31,31,31,31,31,300,212,203,159,26,129,122,53,62,31
2013thru2017,50,05000US48185,"Grimes County, Texas",48,185,8980,6985,5125,4200,555,345,25,770,560,40,165,4,0,0,0,0,0,15,15,4,0,0,0,0,0,0,0,1040,865,50,95,30,30,30,0,4,0,1995,1035,680,210,95,50,390,210,130,45,4,0,0,0,0,0,0,0,0,0,0,0,0,0,0,0,570,365,150,50,4,4,4,0,0,0,334,339,297,288,154,128,28,128,143,27,98,3,25,25,25,25,25,19,18,6,25,25,25,25,25,25,25,164,157,48,69,38,24,23,25,6,25,293,217,193,107,58,54,154,118,81,43,8,25,25,25,25,25,25,25,25,25,25,25,25,25,25,25,171,130,105,56,13,11,11,25,25,25
2013thru2017,50,05000US48187,"Guadalupe County, Texas",48,187,51990,39220,24305,19685,2765,1670,180,2460,1930,335,195,0,520,415,85,10,10,105,95,4,4,0,4,4,0,0,0,11120,8980,1315,775,55,700,640,25,35,0,12770,6175,4120,1230,750,75,1290,775,350,165,0,150,60,50,40,0,50,45,0,0,4,0,0,0,0,0,4890,2760,1080,795,255,215,170,15,30,0,456,833,656,598,340,298,113,267,257,122,98,31,85,75,54,15,17,59,60,10,18,31,17,17,31,31,31,524,539,275,182,50,173,178,25,35,31,728,490,462,235,178,42,252,223,134,87,31,69,42,37,46,31,64,62,31,31,12,31,31,31,31,31,486,413,288,234,159,113,112,29,36,31
2013thru2017,50,05000US48189,"Hale County, Texas",48,189,11215,6775,3565,3205,220,130,10,125,100,15,4,10,25,25,0,0,0,4,4,0,0,0,4,4,0,0,0,2945,2505,205,215,15,105,80,4,15,4,4445,1270,730,220,270,50,125,95,4,0,25,20,0,0,15,4,4,4,0,0,0,0,0,0,0,0,2945,2060,445,430,15,80,35,35,15,0,276,274,185,188,80,61,13,45,39,23,1,15,22,22,28,28,28,2,2,28,28,28,14,14,28,28,28,249,271,84,91,23,51,44,4,29,10,318,177,148,76,118,42,61,60,13,28,34,25,28,28,25,3,9,9,28,28,28,28,28,28,28,28,290,273,152,143,27,49,33,37,20,28
2013thru2017,50,05000US48191,"Hall County, Texas",48,191,1245,780,530,455,40,30,10,50,50,0,0,0,0,0,0,0,0,4,4,0,0,0,0,0,0,0,0,190,135,15,35,4,4,4,0,4,0,465,305,215,40,50,0,55,20,30,4,0,0,0,0,0,0,0,0,0,0,0,0,0,0,0,0,110,95,0,15,0,0,0,0,0,0,80,67,55,52,23,21,12,32,32,13,13,13,13,13,13,13,13,6,6,13,13,13,13,13,13,13,13,32,38,15,24,12,14,5,13,4,13,96,69,67,32,32,13,24,18,25,10,13,13,13,13,13,13,13,13,13,13,13,13,13,13,13,13,55,53,13,24,13,13,13,13,13,13
2013thru2017,50,05000US48193,"Hamilton County, Texas",48,193,3155,2390,2210,1945,175,85,4,10,0,10,0,0,10,10,0,0,0,10,0,0,10,0,0,0,0,0,0,85,70,0,15,0,60,10,0,50,0,770,645,505,90,30,20,0,0,0,0,0,4,0,0,0,4,4,0,0,0,4,0,0,0,0,0,105,35,60,10,0,10,10,0,0,0,199,198,174,172,70,48,1,19,19,19,19,19,20,20,19,19,19,24,19,19,24,19,19,19,19,19,19,54,50,19,26,19,51,17,19,49,19,146,126,126,52,23,25,19,19,19,19,19,11,19,19,19,11,4,19,19,19,4,19,19,19,19,19,57,32,62,19,19,16,16,19,19,19
2013thru2017,50,05000US48195,"Hansford County, Texas",48,195,1925,1405,930,675,175,55,25,0,0,0,0,0,0,0,0,0,0,0,0,0,0,0,0,0,0,0,0,475,350,65,40,20,0,0,0,0,0,520,230,165,10,50,4,0,0,0,0,0,0,0,0,0,0,0,0,0,0,0,0,0,0,0,0,290,170,115,0,0,0,0,0,0,0,125,128,114,138,90,47,37,19,19,19,19,19,19,19,19,19,19,19,19,19,19,19,19,19,19,19,19,70,73,49,41,32,19,19,19,19,19,139,101,90,16,43,19,19,19,19,19,19,19,19,19,19,19,19,19,19,19,19,19,19,19,19,19,94,76,65,19,19,19,19,19,19,19
2013thru2017,50,05000US48197,"Hardeman County, Texas",48,197,1535,1150,900,830,15,55,4,55,25,15,10,0,0,0,0,0,0,0,0,0,0,0,0,0,0,0,0,195,155,40,0,0,4,4,0,0,0,385,225,190,20,15,0,70,30,10,10,20,0,0,0,0,0,0,0,0,0,0,0,0,0,0,0,65,60,0,4,0,20,20,0,0,0,100,107,87,85,12,32,5,28,24,24,20,13,13,13,13,13,13,13,13,13,13,13,13,13,13,13,13,67,53,36,13,13,2,2,13,13,13,83,66,58,18,17,13,42,27,20,13,29,13,13,13,13,13,13,13,13,13,13,13,13,13,13,13,33,35,13,6,13,26,26,13,13,13
2013thru2017,50,05000US48199,"Hardin County, Texas",48,199,20740,16755,15140,12805,1220,865,255,765,495,70,200,0,65,35,30,0,0,50,30,0,0,25,0,0,0,0,0,610,560,25,25,0,125,125,0,0,0,3980,3400,2215,540,600,45,350,140,30,130,45,10,4,4,0,0,20,20,0,0,0,0,0,0,0,0,135,60,0,45,30,65,55,4,10,0,450,552,559,554,231,215,164,122,143,47,82,31,38,40,29,31,31,47,32,31,31,33,31,31,31,31,31,156,154,28,29,31,52,52,31,31,31,425,411,353,185,205,40,119,85,42,78,43,15,7,11,31,31,36,36,31,31,31,31,31,31,31,31,111,72,31,62,49,50,51,2,15,31
2013thru2017,50,05000US48201,"Harris County, Texas",48,201,1562815,855630,406495,335045,40425,28400,2630,116940,88710,15600,11300,1330,62440,48275,7235,6280,650,1695,1215,315,170,0,195,110,75,15,0,257105,191000,38010,26065,2030,10755,8305,1185,1070,200,707185,190260,115420,37165,33275,4400,197410,92035,46925,51655,6800,40475,26250,5830,6855,1545,1490,870,185,395,40,410,145,115,150,0,265800,134600,67875,58765,4560,11335,5480,2905,2510,445,3974,5248,3185,3269,1469,1357,439,1988,1620,948,755,289,1283,1333,663,627,188,269,227,130,82,31,95,73,75,19,31,3039,3349,1655,1303,421,685,657,282,261,135,4409,3132,2543,1704,1414,539,2739,2001,1715,2212,857,1524,1253,636,670,378,276,258,106,168,43,149,62,89,118,31,3112,2775,2280,2302,501,881,582,513,431,197
2013thru2017,50,05000US48203,"Harrison County, Texas",48,203,23365,17330,12725,10590,1165,760,210,3220,2525,295,345,55,40,20,20,0,0,80,65,10,4,0,0,0,0,0,0,1145,825,125,150,45,120,100,15,10,0,6035,2990,1950,595,400,45,2225,1305,315,565,35,40,35,0,4,0,10,0,0,10,0,0,0,0,0,0,700,400,155,120,30,65,40,25,0,0,460,464,416,434,249,166,109,258,282,114,134,45,29,35,19,31,31,62,57,23,16,31,31,31,31,31,31,160,138,71,76,49,74,66,29,14,31,552,328,296,177,141,45,353,266,130,178,37,47,46,31,7,31,21,31,31,21,31,31,31,31,31,31,179,139,93,94,34,47,40,30,31,31
2013thru2017,50,05000US48205,"Hartley County, Texas",48,205,1755,1065,960,820,70,75,0,4,4,0,0,0,30,30,0,0,0,0,0,0,0,0,0,0,0,0,0,70,55,15,0,0,4,4,0,0,0,685,375,300,45,30,0,0,0,0,0,0,0,0,0,0,0,0,0,0,0,0,0,0,0,0,0,285,200,35,45,4,25,25,0,0,0,76,130,127,119,37,54,19,19,19,19,19,19,30,30,19,19,19,19,19,19,19,19,19,19,19,19,19,38,29,23,19,19,9,9,19,19,19,129,105,99,41,24,19,19,19,19,19,19,19,19,19,19,19,19,19,19,19,19,19,19,19,19,19,70,75,35,35,12,29,29,19,19,19
2013thru2017,50,05000US48207,"Haskell County, Texas",48,207,2130,1655,1330,1165,110,50,4,30,20,4,0,0,4,4,0,0,0,4,4,0,0,0,0,0,0,0,0,275,220,30,25,4,10,10,0,4,0,475,325,200,50,45,30,80,0,80,0,0,0,0,0,0,0,0,0,0,0,0,0,0,0,0,0,65,35,25,4,0,4,4,0,0,0,215,163,99,96,53,26,11,26,25,14,19,19,10,10,19,19,19,7,7,19,19,19,19,19,19,19,19,88,83,23,21,2,23,15,19,2,19,137,87,57,29,38,35,64,19,64,19,19,19,19,19,19,19,19,19,19,19,19,19,19,19,19,19,69,57,28,13,19,3,3,19,19,19
2013thru2017,50,05000US48209,"Hays County, Texas",48,209,68045,42240,28715,22605,3650,2275,185,945,640,155,150,0,640,410,165,65,0,90,90,4,0,0,0,0,0,0,0,11490,8725,1845,910,4,365,190,75,105,0,25805,14055,6500,2860,3905,790,1050,435,320,290,0,295,85,145,35,25,70,65,0,10,0,10,10,0,0,0,9835,3655,3035,2850,300,485,215,85,185,0,695,837,673,740,411,379,101,170,150,94,114,31,156,144,80,52,31,62,61,5,31,31,31,31,31,31,31,695,621,424,234,12,170,88,59,115,31,929,736,634,414,548,260,250,167,163,124,31,121,66,118,33,34,99,99,31,15,31,17,17,31,31,31,707,522,444,488,151,203,161,85,121,31
2013thru2017,50,05000US48211,"Hemphill County, Texas",48,211,1360,930,685,615,60,10,0,0,0,0,0,0,0,0,0,0,0,10,10,0,0,0,0,0,0,0,0,210,185,0,20,0,25,25,0,0,0,430,240,230,4,4,0,0,0,0,0,0,0,0,0,0,0,0,0,0,0,0,0,0,0,0,0,190,75,45,50,20,0,0,0,0,0,87,97,88,90,34,15,13,13,13,13,13,13,13,13,13,13,13,14,14,13,13,13,13,13,13,13,13,70,76,13,33,13,20,20,13,13,13,83,67,68,16,1,13,13,13,13,13,13,13,13,13,13,13,13,13,13,13,13,13,13,13,13,13,72,51,39,46,29,13,13,13,13,13
2013thru2017,50,05000US48213,"Henderson County, Texas",48,213,30460,22970,19865,16030,2185,1330,315,950,705,95,145,4,55,25,10,20,0,275,170,35,65,0,0,0,0,0,0,1720,1335,190,165,25,110,90,20,0,0,7490,5985,3590,1195,1145,55,730,325,130,250,20,100,70,4,10,15,10,10,0,0,0,0,0,0,0,0,585,360,110,120,0,80,75,0,4,0,569,551,509,532,298,204,110,120,122,60,81,31,46,27,15,36,31,110,101,37,68,31,31,31,31,31,31,211,212,109,102,30,72,73,19,31,31,463,427,432,223,240,47,168,109,83,141,35,58,56,20,16,34,15,15,31,31,31,31,31,31,31,31,174,163,79,86,31,65,65,31,4,31
2013thru2017,50,05000US48215,"Hidalgo County, Texas",48,215,232525,156950,19075,16235,1530,1065,250,250,225,25,0,0,1830,1485,150,200,0,140,125,0,15,0,15,15,0,0,0,135370,101995,18630,13260,1485,270,195,0,75,0,75575,5795,4095,770,880,50,380,300,25,45,15,1070,725,295,15,35,105,45,60,0,0,20,0,20,0,0,68125,33760,14785,17475,2110,80,80,0,0,0,1609,1971,588,579,280,210,92,98,89,39,31,31,233,251,83,114,31,76,69,31,26,31,27,27,31,31,31,1902,1775,1181,937,282,143,105,31,88,31,1633,647,550,241,212,47,130,124,29,50,23,201,154,159,25,43,102,59,85,31,31,34,31,34,31,31,1609,1364,1086,1136,347,72,72,31,31,31
2013thru2017,50,05000US48217,"Hill County, Texas",48,217,12675,9350,7555,6165,740,530,125,360,290,30,20,20,10,10,0,0,0,45,15,4,30,0,15,15,0,0,0,1255,985,200,70,0,105,65,10,30,0,3325,2250,1420,460,350,20,485,245,85,155,0,10,10,0,0,0,4,0,4,0,0,0,0,0,0,0,530,360,90,70,10,50,50,0,0,0,311,283,242,247,109,103,90,86,73,20,20,32,15,15,28,28,28,41,21,3,35,28,29,29,28,28,28,115,109,82,41,28,41,31,15,34,28,260,213,164,132,91,19,107,88,53,67,28,14,14,28,28,28,3,28,3,28,28,28,28,28,28,28,108,91,46,42,16,36,36,28,28,28
2013thru2017,50,05000US48219,"Hockley County, Texas",48,219,8065,5535,3505,2985,330,175,15,95,55,45,0,0,0,0,0,0,0,20,20,0,0,0,0,0,0,0,0,1890,1670,150,50,15,25,25,0,0,0,2530,1140,625,245,205,65,190,135,50,0,0,0,0,0,0,0,4,0,0,4,0,0,0,0,0,0,1165,895,130,90,45,35,35,0,0,0,225,220,151,168,77,49,12,63,45,47,25,25,25,25,25,25,25,20,20,25,25,25,25,25,25,25,25,175,175,59,30,18,23,23,25,25,25,267,168,123,98,99,67,89,81,47,25,25,25,25,25,25,25,9,25,25,9,25,25,25,25,25,25,206,193,75,56,43,42,42,25,25,25
2013thru2017,50,05000US48221,"Hood County, Texas",48,221,21525,16375,15170,12560,1445,930,240,15,15,0,0,0,45,45,0,0,0,100,40,65,0,0,0,0,0,0,0,950,805,65,60,20,90,75,10,0,0,5155,4355,2315,1050,940,50,60,10,10,40,0,20,20,0,0,0,0,0,0,0,0,0,0,0,0,0,665,440,170,30,20,60,15,0,40,0,461,503,510,501,231,190,141,34,34,31,31,31,33,33,31,31,31,85,49,77,31,31,31,31,31,31,31,197,196,70,55,35,54,50,19,31,31,443,376,307,250,209,41,64,21,19,60,31,33,33,31,31,31,31,31,31,31,31,31,31,31,31,31,186,191,135,36,33,51,30,31,43,31
2013thru2017,50,05000US48223,"Hopkins County, Texas",48,223,13285,9210,7725,6630,670,385,35,415,310,75,30,0,50,40,4,4,0,4,4,0,0,0,0,0,0,0,0,900,750,130,20,0,110,80,30,0,0,4080,2790,1705,440,535,110,555,295,110,145,0,15,10,4,0,0,25,0,25,0,0,4,4,0,0,0,585,340,95,150,0,105,95,10,0,0,271,294,303,321,145,93,29,83,81,55,29,28,21,23,17,28,28,8,8,28,28,28,28,28,28,28,28,116,110,64,27,28,71,63,29,28,28,301,282,231,107,157,77,109,90,77,61,28,14,15,1,28,28,24,28,24,28,28,8,8,28,28,28,147,101,67,99,28,55,52,16,28,28
2013thru2017,50,05000US48225,"Houston County, Texas",48,225,8330,5720,4375,3590,455,225,105,1020,780,70,145,25,15,0,15,0,0,0,0,0,0,0,0,0,0,0,0,225,140,25,60,0,85,35,50,0,0,2605,1235,735,150,340,10,1045,310,345,370,20,15,4,10,0,0,4,0,4,0,0,0,0,0,0,0,305,65,90,150,0,0,0,0,0,0,239,250,221,233,126,92,62,118,133,43,71,37,22,25,22,25,25,25,25,25,25,25,25,25,25,25,25,93,64,32,65,25,44,35,44,25,25,248,225,166,61,134,14,168,95,135,138,27,21,18,16,25,25,13,25,13,25,25,25,25,25,25,25,106,59,81,94,25,25,25,25,25,25
2013thru2017,50,05000US48227,"Howard County, Texas",48,227,11030,7510,5150,4570,250,310,25,250,195,4,50,0,70,70,0,0,0,55,40,10,10,0,0,0,0,0,0,1785,1525,90,165,4,200,115,80,0,0,3525,1875,1255,315,290,15,420,215,110,95,0,15,15,0,0,0,10,10,0,0,0,0,0,0,0,0,1125,640,270,190,25,80,40,25,0,15,350,315,249,259,106,77,26,79,79,17,63,28,44,44,28,28,28,28,24,15,15,28,28,28,28,28,28,230,199,49,94,15,95,62,78,28,28,388,226,204,120,95,28,193,144,124,114,28,24,24,28,28,28,18,18,28,28,28,28,28,28,28,28,234,153,112,84,39,71,53,38,28,28
2013thru2017,50,05000US48229,"Hudspeth County, Texas",48,229,890,665,175,150,15,4,10,4,4,0,0,0,4,4,0,0,0,0,0,0,0,0,0,0,0,0,0,480,375,55,45,4,4,4,0,0,0,225,100,85,4,10,0,0,0,0,0,0,0,0,0,0,0,0,0,0,0,0,0,0,0,0,0,125,85,20,20,0,4,4,0,0,0,109,94,39,40,15,7,16,2,2,13,13,13,10,10,13,13,13,13,13,13,13,13,13,13,13,13,13,74,73,44,38,18,5,5,13,13,13,65,41,38,5,14,13,13,13,13,13,13,13,13,13,13,13,13,13,13,13,13,13,13,13,13,13,50,42,20,20,13,4,4,13,13,13
2013thru2017,50,05000US48231,"Hunt County, Texas",48,231,31780,22145,18430,14740,1995,1555,140,1010,735,130,140,4,80,55,4,20,0,145,120,15,10,0,0,0,0,0,0,2285,1710,310,235,30,200,160,25,15,0,9635,6825,3720,1410,1550,145,1650,720,420,450,65,160,35,30,10,85,130,95,10,15,15,4,0,0,4,0,780,325,280,145,30,80,50,20,10,0,489,522,517,518,284,234,70,133,133,76,70,4,44,40,14,26,31,86,79,18,19,31,31,31,31,31,31,222,247,128,111,47,66,59,29,20,31,584,539,407,228,296,89,276,232,128,167,77,44,34,31,20,28,102,100,16,22,31,12,31,31,12,31,187,125,119,94,38,57,47,21,17,31
2013thru2017,50,05000US48233,"Hutchinson County, Texas",48,233,7800,6200,5135,4460,475,170,30,15,10,0,10,0,25,15,4,4,0,80,75,0,4,0,4,0,0,4,0,895,685,135,75,0,45,20,0,20,4,1595,1110,815,145,140,10,100,40,40,25,0,15,4,10,0,0,25,25,0,0,0,0,0,0,0,0,290,135,115,40,0,55,20,4,15,15,293,292,257,253,123,64,23,22,15,25,14,25,15,15,6,15,25,66,68,25,4,25,8,25,25,8,25,142,139,67,57,25,34,19,25,24,10,224,169,151,72,57,17,73,29,51,37,25,13,9,14,25,25,34,34,25,25,25,25,25,25,25,25,114,82,70,36,25,36,24,25,25,19
2013thru2017,50,05000US48235,"Irion County, Texas",48,235,650,515,430,355,15,60,0,0,0,0,0,0,0,0,0,0,0,0,0,0,0,0,0,0,0,0,0,75,70,4,0,0,4,0,4,0,0,135,105,95,4,4,0,15,0,0,15,0,0,0,0,0,0,0,0,0,0,0,0,0,0,0,0,15,4,10,0,0,0,0,0,0,0,66,62,53,54,12,30,13,13,13,13,13,13,13,13,13,13,13,13,13,13,13,13,13,13,13,13,13,35,34,11,13,13,10,13,10,13,13,50,40,37,9,13,13,17,13,13,17,13,13,13,13,13,13,13,13,13,13,13,13,13,13,13,13,19,7,15,13,13,13,13,13,13,13
2013thru2017,50,05000US48237,"Jack County, Texas",48,237,3075,2525,2295,2005,155,130,0,20,15,10,0,0,4,4,0,0,0,4,4,0,0,0,0,0,0,0,0,195,125,65,0,0,10,4,0,4,0,550,465,325,55,60,30,10,10,0,0,0,0,0,0,0,0,20,10,10,4,0,0,0,0,0,0,55,40,15,0,0,0,0,0,0,0,184,186,172,169,59,63,19,18,16,17,19,19,8,8,19,19,19,6,6,19,19,19,19,19,19,19,19,59,60,51,19,19,13,13,19,9,19,133,123,111,39,37,40,20,20,19,19,19,19,19,19,19,19,18,15,15,5,19,19,19,19,19,19,49,42,22,19,19,19,19,19,19,19
2013thru2017,50,05000US48239,"Jackson County, Texas",48,239,5230,3650,2715,2370,220,110,15,200,165,10,15,15,4,4,0,0,0,0,0,0,0,0,0,0,0,0,0,730,595,90,35,10,0,0,0,0,0,1580,855,700,70,80,0,195,50,60,85,0,25,25,0,0,0,0,0,0,0,0,0,0,0,0,0,510,320,15,175,0,0,0,0,0,0,250,235,199,215,89,82,28,92,89,18,24,24,4,4,21,21,21,21,21,21,21,21,21,21,21,21,21,138,130,62,33,15,21,21,21,21,21,222,145,126,49,53,21,78,40,46,77,21,30,30,21,21,21,21,21,21,21,21,21,21,21,21,21,142,108,16,86,21,21,21,21,21,21
2013thru2017,50,05000US48241,"Jasper County, Texas",48,241,11975,8995,7640,6620,680,285,55,855,655,120,65,15,30,30,0,0,0,45,25,0,20,0,0,0,0,0,0,350,305,20,25,0,70,60,10,0,0,2975,1795,1200,310,195,90,990,395,410,135,50,0,0,0,0,0,0,0,0,0,0,0,0,0,0,0,170,95,75,0,0,25,20,0,4,0,445,453,422,405,194,123,41,151,150,66,49,29,23,23,28,28,28,45,32,28,35,28,28,28,28,28,28,136,131,29,29,28,48,45,17,28,28,359,272,237,132,114,52,184,123,164,89,46,28,28,28,28,28,28,28,28,28,28,28,28,28,28,28,116,97,50,28,28,29,29,28,9,28
2013thru2017,50,05000US48243,"Jeff Davis County, Texas",48,243,1005,810,625,560,40,25,0,0,0,0,0,0,4,4,4,0,0,0,0,0,0,0,0,0,0,0,0,180,125,55,0,0,0,0,0,0,0,200,130,120,0,4,0,0,0,0,0,0,0,0,0,0,0,4,4,0,0,0,0,0,0,0,0,65,65,0,0,0,0,0,0,0,0,116,111,123,113,35,22,13,13,13,13,13,13,10,10,4,13,13,13,13,13,13,13,13,13,13,13,13,55,53,43,13,13,13,13,13,13,13,75,60,60,13,15,13,13,13,13,13,13,13,13,13,13,13,8,8,13,13,13,13,13,13,13,13,34,34,13,13,13,13,13,13,13,13
2013thru2017,50,05000US48245,"Jefferson County, Texas",48,245,94020,58180,32650,27490,3195,1730,240,15465,11705,1945,1425,390,1735,1260,160,270,45,45,35,0,10,0,25,15,0,10,0,7815,6100,720,835,160,445,345,45,35,20,35840,12270,8040,2110,1690,430,17030,7025,4665,4170,1170,1100,585,135,265,115,40,0,0,40,0,30,30,0,0,0,4825,3010,725,910,180,545,260,50,215,25,984,1169,746,719,427,291,95,703,597,350,310,136,196,194,78,98,35,38,35,31,14,31,29,26,31,18,31,524,475,208,230,102,139,130,49,51,18,890,658,609,333,291,146,718,617,508,491,261,186,142,77,98,67,56,31,31,56,31,41,41,31,31,31,511,408,207,230,99,182,130,56,117,26
2013thru2017,50,05000US48247,"Jim Hogg County, Texas",48,247,1585,1205,90,60,20,10,0,0,0,0,0,0,0,0,0,0,0,0,0,0,0,0,0,0,0,0,0,1110,1020,40,40,10,4,4,0,0,0,380,40,10,10,15,0,0,0,0,0,0,0,0,0,0,0,0,0,0,0,0,0,0,0,0,0,345,185,75,70,15,0,0,0,0,0,188,153,56,49,22,14,19,19,19,19,19,19,19,19,19,19,19,19,19,19,19,19,19,19,19,19,19,146,142,37,41,15,12,12,19,19,19,106,35,17,18,30,19,19,19,19,19,19,19,19,19,19,19,19,19,19,19,19,19,19,19,19,19,102,68,46,54,24,19,19,19,19,19
2013thru2017,50,05000US48249,"Jim Wells County, Texas",48,249,13615,9445,2220,1850,230,135,0,25,10,15,0,0,30,30,0,0,0,0,0,0,0,0,0,0,0,0,0,7155,5810,810,425,110,20,20,0,0,0,4165,590,445,65,80,0,15,15,0,0,0,90,90,0,0,0,30,20,10,0,0,15,15,0,0,0,3430,1830,815,685,95,0,0,0,0,0,362,405,241,235,103,97,28,31,21,26,28,28,47,47,28,28,28,28,28,28,28,28,28,28,28,28,28,340,380,204,167,80,27,27,28,28,28,414,172,170,54,71,28,37,37,28,28,28,115,115,28,28,28,43,38,19,28,28,25,25,28,28,28,381,327,206,238,80,28,28,28,28,28
2013thru2017,50,05000US48251,"Johnson County, Texas",48,251,55465,40980,33665,27970,3370,2100,225,800,600,140,55,0,330,270,35,15,10,160,115,4,40,0,15,15,0,0,0,5535,4190,985,270,90,470,325,130,15,0,14485,10685,6360,2345,1765,210,645,285,225,135,0,75,30,0,45,0,45,10,25,10,0,100,85,20,0,0,2800,1545,715,440,95,135,55,60,0,25,614,923,830,794,396,358,98,208,206,118,42,31,89,100,46,23,20,77,59,10,51,31,21,21,31,31,31,417,418,248,136,118,118,105,76,19,31,854,665,533,401,335,115,243,150,169,89,31,59,41,31,54,31,36,14,32,16,31,36,29,31,31,31,416,331,214,202,77,71,47,49,31,41
2013thru2017,50,05000US48253,"Jones County, Texas",48,253,5635,4160,3290,2770,345,175,4,135,75,30,30,0,0,0,0,0,0,4,4,0,0,0,0,0,0,0,0,715,550,75,80,4,15,10,0,4,0,1475,1150,910,140,90,10,55,15,4,35,0,0,0,0,0,0,0,0,0,0,0,0,0,0,0,0,245,195,20,30,4,25,15,0,0,10,333,272,264,280,120,68,5,59,36,35,27,21,21,21,21,21,21,9,9,21,21,21,21,21,21,21,21,148,133,84,59,6,23,21,21,9,21,229,197,205,88,49,13,37,11,5,35,21,21,21,21,21,21,21,21,21,21,21,21,21,21,21,21,111,84,20,30,18,23,18,21,21,15
2013thru2017,50,05000US48255,"Karnes County, Texas",48,255,4305,3200,1710,1525,75,95,15,25,20,4,4,0,4,0,0,4,0,0,0,0,0,0,0,0,0,0,0,1440,1205,155,75,10,15,15,0,0,0,1105,425,325,40,55,0,60,4,35,20,0,0,0,0,0,0,0,0,0,0,0,0,0,0,0,0,620,480,85,50,4,0,0,0,0,0,274,256,136,136,42,54,14,32,29,5,4,21,16,21,21,16,21,21,21,21,21,21,21,21,21,21,21,195,186,82,48,14,22,22,21,21,21,171,98,92,28,34,21,66,2,55,28,21,21,21,21,21,21,21,21,21,21,21,21,21,21,21,21,147,125,47,28,7,21,21,21,21,21
2013thru2017,50,05000US48257,"Kaufman County, Texas",48,257,36525,28175,21190,16720,3025,1290,155,2425,1625,550,235,15,260,240,10,10,0,130,85,4,35,0,45,45,0,0,0,3915,2705,750,425,30,215,165,35,15,0,8350,5375,3100,1150,980,145,1405,635,360,380,30,45,25,4,0,15,25,25,0,0,0,0,0,0,0,0,1350,795,260,295,0,150,60,70,15,10,419,614,555,601,324,215,91,249,216,158,97,24,87,87,14,16,31,74,56,10,49,31,57,57,31,31,31,314,356,215,135,42,92,66,56,22,31,578,501,438,225,220,93,236,172,148,125,41,49,39,13,31,28,32,32,31,31,31,31,31,31,31,31,229,229,132,138,31,79,53,64,21,14
2013thru2017,50,05000US48259,"Kendall County, Texas",48,259,13690,9975,8480,6490,1120,820,50,20,20,0,0,0,35,25,0,10,0,0,0,0,0,0,0,0,0,0,0,1350,1125,105,110,10,90,90,0,0,0,3715,2655,1510,430,710,4,30,20,4,4,0,0,0,0,0,0,0,0,0,0,0,0,0,0,0,0,1005,720,225,40,20,25,0,25,0,0,292,353,362,374,236,174,40,19,19,28,28,28,33,30,28,19,28,28,28,28,28,28,28,28,28,28,28,158,150,70,78,16,71,71,28,28,28,320,318,281,157,183,17,30,27,14,10,28,28,28,28,28,28,28,28,28,28,28,28,28,28,28,28,228,208,140,53,31,42,28,42,28,28
2013thru2017,50,05000US48261,"Kenedy County, Texas",48,261,150,45,4,4,0,0,0,0,0,0,0,0,0,0,0,0,0,0,0,0,0,0,0,0,0,0,0,35,35,0,0,0,0,0,0,0,0,110,15,15,0,0,0,0,0,0,0,0,0,0,0,0,0,0,0,0,0,0,0,0,0,0,0,95,90,0,4,0,0,0,0,0,0,51,26,15,15,13,13,13,13,13,13,13,13,13,13,13,13,13,13,13,13,13,13,13,13,13,13,13,24,24,13,13,13,13,13,13,13,13,45,23,23,13,13,13,13,13,13,13,13,13,13,13,13,13,13,13,13,13,13,13,13,13,13,13,41,39,13,4,13,13,13,13,13,13
2013thru2017,50,05000US48263,"Kent County, Texas",48,263,275,200,180,165,4,4,0,0,0,0,0,0,0,0,0,0,0,4,4,0,0,0,0,0,0,0,0,20,20,4,0,0,0,0,0,0,0,75,50,40,0,10,0,0,0,0,0,0,0,0,0,0,0,0,0,0,0,0,0,0,0,0,0,20,10,0,10,0,0,0,0,0,0,43,41,38,37,14,11,13,13,13,13,13,13,13,13,13,13,13,3,3,13,13,13,13,13,13,13,13,16,14,13,13,13,13,13,13,13,13,27,23,23,13,12,13,13,13,13,13,13,13,13,13,13,13,13,13,13,13,13,13,13,13,13,13,19,15,13,18,13,13,13,13,13,13
2013thru2017,50,05000US48265,"Kerr County, Texas",48,265,20580,14660,12200,9900,1305,875,115,80,30,20,30,0,40,30,10,0,0,20,20,0,0,0,10,0,0,0,10,2135,1715,275,145,0,175,120,45,10,0,5920,4025,2600,710,670,40,200,100,25,75,0,190,100,85,0,10,0,0,0,0,0,0,0,0,0,0,1380,925,330,125,0,125,75,50,0,0,440,517,497,464,234,188,78,64,39,23,45,31,33,38,14,31,31,35,35,31,31,31,16,31,31,31,16,233,212,139,93,31,93,86,49,15,31,495,427,373,210,206,43,95,78,30,73,31,92,119,58,31,14,31,31,31,31,31,31,31,31,31,31,267,205,158,98,31,61,48,43,31,31
2013thru2017,50,05000US48267,"Kimble County, Texas",48,267,1940,1460,1135,905,140,95,0,0,0,0,0,0,0,0,0,0,0,4,0,4,0,0,0,0,0,0,0,305,245,25,30,0,15,15,0,0,0,485,415,250,95,60,10,0,0,0,0,0,0,0,0,0,0,0,0,0,0,0,0,0,0,0,0,40,15,0,20,4,30,30,0,0,0,171,141,123,124,76,50,13,13,13,13,13,13,13,13,13,13,13,4,13,4,13,13,13,13,13,13,13,68,67,24,31,13,23,23,13,13,13,122,109,82,54,41,19,13,13,13,13,13,13,13,13,13,13,13,13,13,13,13,13,13,13,13,13,29,18,13,22,7,41,41,13,13,13
2013thru2017,50,05000US48269,"King County, Texas",48,269,100,20,20,20,0,0,0,0,0,0,0,0,0,0,0,0,0,0,0,0,0,0,0,0,0,0,0,0,0,0,0,0,0,0,0,0,0,80,70,65,4,4,0,0,0,0,0,0,0,0,0,0,0,0,0,0,0,0,0,0,0,0,0,10,10,0,0,0,0,0,0,0,0,25,12,12,12,13,13,13,13,13,13,13,13,13,13,13,13,13,13,13,13,13,13,13,13,13,13,13,13,13,13,13,13,13,13,13,13,13,24,22,24,13,3,13,13,13,13,13,13,13,13,13,13,13,13,13,13,13,13,13,13,13,13,13,13,13,13,13,13,13,13,13,13,13
2013thru2017,50,05000US48271,"Kinney County, Texas",48,271,1200,930,470,370,70,30,0,4,4,0,0,0,0,0,0,0,0,0,0,0,0,0,0,0,0,0,0,455,415,35,4,0,0,0,0,0,0,270,155,130,0,20,0,0,0,0,0,0,0,0,0,0,0,0,0,0,0,0,0,0,0,0,0,120,65,35,10,10,0,0,0,0,0,159,155,133,124,57,32,13,4,4,13,13,13,13,13,13,13,13,13,13,13,13,13,13,13,13,13,13,93,81,35,1,13,13,13,13,13,13,100,79,74,13,34,13,13,13,13,13,13,13,13,13,13,13,13,13,13,13,13,13,13,13,13,13,74,57,39,17,15,13,13,13,13,13
2013thru2017,50,05000US48273,"Kleberg County, Texas",48,273,10960,5810,1815,1480,180,150,4,125,110,0,15,0,100,75,25,0,0,15,15,0,0,0,0,0,0,0,0,3735,3130,415,130,60,20,20,0,0,0,5150,1085,710,190,185,0,265,85,0,120,60,140,50,0,20,65,25,0,25,0,0,0,0,0,0,0,3535,1845,725,795,170,105,40,35,30,0,426,347,186,201,109,74,4,69,66,28,24,28,50,49,38,28,28,27,27,28,28,28,28,28,28,28,28,301,305,180,81,54,36,36,28,28,28,468,181,151,107,109,28,138,76,28,127,92,64,43,28,35,56,43,28,43,28,28,28,28,28,28,28,414,350,254,239,117,83,46,54,48,28
2013thru2017,50,05000US48275,"Knox County, Texas",48,275,1375,1110,795,700,50,25,25,15,15,0,0,0,4,0,4,4,0,0,0,0,0,0,0,0,0,0,0,295,265,0,15,15,4,4,0,0,0,265,145,120,15,4,4,60,35,10,15,0,0,0,0,0,0,0,0,0,0,0,0,0,0,0,0,55,45,10,0,0,10,0,0,10,0,96,83,68,72,31,13,22,17,17,13,13,13,3,13,4,13,13,13,13,13,13,13,13,13,13,13,13,42,41,13,17,22,1,1,13,13,13,56,41,38,13,1,5,27,22,19,22,13,13,13,13,13,13,13,13,13,13,13,13,13,13,13,13,30,27,14,13,13,14,13,13,14,13
2013thru2017,50,05000US48277,"Lamar County, Texas",48,277,19085,12275,10200,8620,895,595,95,1025,615,160,250,0,75,50,0,25,0,25,15,10,0,0,75,75,0,0,0,520,470,0,50,0,345,235,90,20,0,6810,4505,2655,875,840,135,1375,755,270,335,15,40,40,0,0,0,4,4,4,0,0,55,30,25,0,0,510,280,150,80,0,320,190,30,70,30,385,548,475,455,202,164,66,159,141,83,104,28,34,41,28,36,28,17,16,13,28,28,94,94,28,28,28,82,84,28,57,28,96,83,74,22,28,498,418,365,194,201,79,194,170,95,107,18,63,63,28,28,28,15,12,4,28,28,56,47,36,28,28,119,119,73,68,28,100,80,23,45,38
2013thru2017,50,05000US48279,"Lamb County, Texas",48,279,4790,3400,1855,1620,145,85,4,85,65,15,4,4,20,20,0,0,0,0,0,0,0,0,0,0,0,0,0,1430,1180,175,50,25,10,4,4,0,0,1390,575,435,130,10,0,45,40,10,0,0,0,0,0,0,0,10,0,0,10,0,0,0,0,0,0,745,605,55,80,4,15,15,0,0,0,154,208,130,117,49,47,2,61,56,23,4,6,29,29,21,21,21,21,21,21,21,21,21,21,21,21,21,140,122,69,32,27,14,16,1,21,21,205,127,97,111,15,21,29,27,14,21,21,21,21,21,21,21,14,21,21,14,21,21,21,21,21,21,155,122,35,65,14,17,17,21,21,21
2013thru2017,50,05000US48281,"Lampasas County, Texas",48,281,7750,5760,4640,3705,520,355,60,210,150,65,0,0,75,70,4,0,0,15,0,15,0,0,15,15,0,0,0,740,575,65,100,0,65,30,15,0,20,1990,1480,960,175,315,30,80,65,10,4,0,15,0,0,15,0,0,0,0,0,0,40,40,0,0,0,290,165,105,10,10,95,40,0,55,0,233,283,233,229,142,108,48,80,68,63,25,25,38,38,7,25,25,27,25,27,25,25,22,22,25,25,25,136,134,44,61,25,60,43,24,25,42,286,239,208,86,145,31,70,72,14,12,25,23,25,25,23,25,25,25,25,25,25,43,43,25,25,25,116,87,57,14,17,75,40,25,59,25
2013thru2017,50,05000US48283,"La Salle County, Texas",48,283,2285,1605,395,370,25,0,0,0,0,0,0,0,0,0,0,0,0,0,0,0,0,0,0,0,0,0,0,1215,980,40,195,0,0,0,0,0,0,680,115,115,0,0,0,0,0,0,0,0,0,0,0,0,0,0,0,0,0,0,0,0,0,0,0,565,465,30,65,0,0,0,0,0,0,244,246,146,145,47,19,19,19,19,19,19,19,19,19,19,19,19,19,19,19,19,19,19,19,19,19,19,242,223,40,132,19,19,19,19,19,19,191,113,113,19,19,19,19,19,19,19,19,19,19,19,19,19,19,19,19,19,19,19,19,19,19,19,173,156,45,73,19,19,19,19,19,19
2013thru2017,50,05000US48285,"Lavaca County, Texas",48,285,7685,5800,4910,4375,270,240,25,270,205,35,25,0,15,10,4,0,0,4,4,0,0,0,0,0,0,0,0,590,495,35,60,4,15,0,15,0,0,1885,1200,955,145,85,20,315,215,55,40,4,10,10,0,0,0,0,0,0,0,0,0,0,0,0,0,350,235,65,15,30,15,0,0,15,0,196,217,187,170,67,84,29,57,55,28,25,21,10,14,11,21,21,21,21,21,21,21,21,21,21,21,21,129,131,26,53,4,25,21,25,21,21,207,172,153,56,52,19,57,60,38,40,7,15,15,21,21,21,21,21,21,21,21,21,21,21,21,21,95,74,51,15,42,22,21,21,22,21
2013thru2017,50,05000US48287,"Lee County, Texas",48,287,6120,4740,3550,2850,360,310,30,415,290,70,55,0,35,35,0,0,0,0,0,0,0,0,0,0,0,0,0,660,570,25,60,0,80,40,15,25,0,1380,830,595,75,105,55,270,125,30,105,10,0,0,0,0,0,0,0,0,0,0,0,0,0,0,0,275,130,80,65,0,10,0,0,10,0,239,274,228,236,109,117,27,93,83,48,36,21,31,31,21,21,21,21,21,21,21,21,21,21,21,21,21,123,123,29,57,21,47,31,27,26,21,190,180,151,55,81,74,102,70,26,82,20,21,21,21,21,21,21,21,21,21,21,21,21,21,21,21,123,71,64,72,21,17,21,21,17,21
2013thru2017,50,05000US48289,"Leon County, Texas",48,289,6245,4895,4055,3445,320,265,25,290,240,15,15,20,15,15,0,0,0,25,20,4,0,0,0,0,0,0,0,470,345,115,10,0,40,40,4,0,0,1350,1055,720,220,105,4,85,60,20,0,0,10,10,0,0,0,0,0,0,0,0,0,0,0,0,0,200,110,50,40,0,0,0,0,0,0,349,334,284,275,112,106,26,81,70,18,20,30,20,20,21,21,21,21,19,3,21,21,21,21,21,21,21,74,86,75,14,21,39,37,3,21,21,290,255,220,116,62,9,42,37,25,21,21,10,10,21,21,21,21,21,21,21,21,21,21,21,21,21,89,52,50,41,21,21,21,21,21,21
2013thru2017,50,05000US48291,"Liberty County, Texas",48,291,25975,19440,14770,12105,1415,1200,50,1410,1180,95,130,4,140,95,45,0,0,105,105,0,0,0,0,0,0,0,0,2830,2245,220,295,70,190,125,35,30,0,6535,4765,2965,1225,555,20,710,350,155,195,4,0,0,0,0,0,40,30,0,15,0,0,0,0,0,0,915,475,145,255,45,105,105,0,0,0,636,607,540,560,268,298,37,214,206,46,87,6,58,54,61,31,31,76,76,31,31,31,31,31,31,31,31,277,233,135,130,98,68,64,36,46,31,567,509,392,350,195,25,223,151,97,133,8,31,31,31,31,31,35,30,31,26,31,31,31,31,31,31,251,198,103,147,51,75,75,31,31,31
2013thru2017,50,05000US48293,"Limestone County, Texas",48,293,8100,6110,4455,3565,495,345,45,775,525,130,120,0,40,35,0,4,0,10,10,0,0,0,0,0,0,0,0,765,560,160,45,0,65,45,20,0,0,1990,1015,695,180,120,20,540,170,155,190,20,4,4,0,0,0,20,20,0,0,0,0,0,0,0,0,380,260,75,45,0,25,0,15,10,0,259,240,201,195,126,112,32,117,116,65,62,25,28,28,25,2,25,13,13,25,25,25,25,25,25,25,25,103,86,78,28,25,50,44,27,25,25,215,155,143,85,61,19,120,63,61,81,23,12,12,25,25,25,30,30,25,25,25,25,25,25,25,25,119,91,51,53,25,25,25,21,15,25
2013thru2017,50,05000US48295,"Lipscomb County, Texas",48,295,1275,935,755,675,40,40,0,0,0,0,0,0,0,0,0,0,0,4,4,4,0,0,0,0,0,0,0,170,135,20,20,0,4,4,4,0,0,340,215,205,10,4,0,0,0,0,0,0,4,0,0,4,0,4,0,0,0,4,0,0,0,0,0,110,80,15,15,0,10,10,0,0,0,72,72,67,62,18,17,13,13,13,13,13,13,13,13,13,13,13,2,3,9,13,13,13,13,13,13,13,39,37,19,17,13,7,1,2,13,13,60,46,42,18,13,13,13,13,13,13,13,4,13,13,4,13,7,13,13,13,7,13,13,13,13,13,45,32,23,14,13,9,9,13,13,13
2013thru2017,50,05000US48297,"Live Oak County, Texas",48,297,3585,2960,2270,2025,145,80,25,0,0,0,0,0,0,0,0,0,0,0,0,0,0,0,0,0,0,0,0,650,565,65,20,0,35,35,0,0,0,625,425,290,60,70,0,4,0,0,4,0,10,10,0,0,0,0,0,0,0,0,0,0,0,0,0,190,130,15,40,10,0,0,0,0,0,328,259,201,216,73,69,33,21,21,21,21,21,21,21,21,21,21,21,21,21,21,21,21,21,21,21,21,124,121,37,21,21,57,57,21,21,21,181,133,113,54,50,21,7,21,21,7,21,15,15,21,21,21,21,21,21,21,21,21,21,21,21,21,98,78,22,30,15,21,21,21,21,21
2013thru2017,50,05000US48299,"Llano County, Texas",48,299,8680,6645,6235,5025,620,515,80,40,40,0,0,0,4,0,0,0,4,30,30,0,0,0,0,0,0,0,0,285,215,4,60,4,50,50,0,0,0,2035,1740,1015,325,355,45,0,0,0,0,0,0,0,0,0,0,0,0,0,0,0,0,0,0,0,0,220,85,135,0,0,75,55,20,0,0,444,391,369,312,196,137,59,67,67,25,25,25,7,25,25,25,7,41,41,25,25,25,25,25,25,25,25,116,115,25,55,14,51,51,25,25,25,302,285,196,111,169,52,25,25,25,25,25,25,25,25,25,25,25,25,25,25,25,25,25,25,25,25,93,75,94,25,25,67,37,55,25,25
2013thru2017,50,05000US48301,"Loving County, Texas",48,301,30,15,10,10,0,0,0,0,0,0,0,0,0,0,0,0,0,4,0,4,0,0,0,0,0,0,0,0,0,0,0,0,0,0,0,0,0,15,15,15,0,0,0,0,0,0,0,0,0,0,0,0,0,0,0,0,0,0,0,0,0,0,0,4,0,4,0,0,0,0,0,0,0,14,11,12,12,13,13,13,13,13,13,13,13,13,13,13,13,13,3,13,3,13,13,13,13,13,13,13,13,13,13,13,13,13,13,13,13,13,10,12,12,13,13,13,13,13,13,13,13,13,13,13,13,13,13,13,13,13,13,13,13,13,13,13,1,13,1,13,13,13,13,13,13,13
2013thru2017,50,05000US48303,"Lubbock County, Texas",48,303,110275,61695,42415,35150,4140,2760,365,2800,2005,525,270,0,890,700,75,110,4,210,205,0,4,0,20,20,0,0,0,14725,11805,1820,1045,50,630,490,80,60,0,48580,25800,13080,4900,6880,935,4340,1965,995,1195,185,1210,590,140,375,105,180,80,45,60,0,70,70,0,0,0,16285,7425,4455,4035,375,690,365,120,180,25,820,1040,792,777,368,334,150,288,279,153,113,31,144,143,62,76,31,102,102,31,3,31,41,41,31,31,31,672,639,266,208,45,154,151,56,43,31,1063,883,652,549,560,253,393,265,217,301,120,202,147,73,123,65,81,49,51,56,31,54,54,31,31,31,854,716,528,555,152,187,138,81,83,24
2013thru2017,50,05000US48305,"Lynn County, Texas",48,305,2145,1475,930,765,95,70,4,30,30,0,0,0,0,0,0,0,0,10,10,0,0,0,0,0,0,0,0,500,450,30,20,0,4,4,0,0,0,670,250,205,20,10,10,0,0,0,0,0,0,0,0,0,0,0,0,0,0,0,0,0,0,0,0,415,270,30,75,40,10,0,10,0,0,81,103,71,75,37,28,4,33,33,19,19,19,19,19,19,19,19,18,18,19,19,19,19,19,19,19,19,66,68,27,17,19,1,1,19,19,19,104,59,54,14,14,19,19,19,19,19,19,19,19,19,19,19,19,19,19,19,19,19,19,19,19,19,83,71,21,51,46,16,19,16,19,19
2013thru2017,50,05000US48307,"McCulloch County, Texas",48,307,3145,2400,1580,1270,145,130,35,35,35,0,0,0,0,0,0,0,0,4,0,4,0,0,0,0,0,0,0,730,625,100,0,0,50,50,0,0,0,745,515,280,50,140,45,20,0,20,0,0,0,0,0,0,0,0,0,0,0,0,0,0,0,0,0,185,70,25,90,0,25,25,0,0,0,220,212,139,152,68,62,33,34,34,19,19,19,19,19,19,19,19,5,19,5,19,19,19,19,19,19,19,135,111,86,19,19,50,50,19,19,19,175,145,96,45,84,57,41,19,41,19,19,19,19,19,19,19,19,19,19,19,19,19,19,19,19,19,100,53,25,91,19,29,29,19,19,19
2013thru2017,50,05000US48309,"McLennan County, Texas",48,309,88210,51140,36400,30500,3380,2290,230,4265,3095,570,555,45,545,400,115,30,0,90,45,30,15,0,4,4,0,0,0,9270,6810,1595,865,10,560,510,25,30,0,37070,18955,10440,3455,4430,625,9155,4300,2255,2385,210,670,190,60,240,180,95,50,25,4,15,10,10,0,0,0,7500,3595,1710,2095,100,685,315,210,145,15,830,886,648,614,351,281,85,371,328,141,160,35,121,117,59,35,31,50,32,35,18,31,10,10,31,31,31,474,428,270,236,14,153,156,28,29,31,885,687,627,470,384,178,519,429,363,447,123,168,91,61,124,85,59,45,29,15,23,15,15,31,31,31,577,442,335,377,61,230,156,115,97,30
2013thru2017,50,05000US48311,"McMullen County, Texas",48,311,195,145,90,75,0,15,0,0,0,0,0,0,0,0,0,0,0,0,0,0,0,0,0,0,0,0,0,55,35,4,0,10,0,0,0,0,0,50,25,25,0,0,0,0,0,0,0,0,0,0,0,0,0,0,0,0,0,0,0,0,0,0,0,30,30,0,0,0,0,0,0,0,0,52,50,38,32,13,21,13,13,13,13,13,13,13,13,13,13,13,13,13,13,13,13,13,13,13,13,13,35,29,13,13,16,13,13,13,13,13,27,28,28,13,13,13,13,13,13,13,13,13,13,13,13,13,13,13,13,13,13,13,13,13,13,13,21,21,13,13,13,13,13,13,13,13
2013thru2017,50,05000US48313,"Madison County, Texas",48,313,4175,3070,2360,1840,300,190,35,335,125,95,100,15,0,0,0,0,0,0,0,0,0,0,0,0,0,0,0,350,250,70,30,0,25,25,0,0,0,1105,810,575,145,80,4,185,65,20,70,30,45,45,0,0,0,0,0,0,0,0,0,0,0,0,0,55,40,0,15,0,10,10,0,4,0,213,221,174,167,122,90,31,100,54,61,64,24,21,21,21,21,21,21,21,21,21,21,21,21,21,21,21,95,76,58,37,21,22,22,21,21,21,185,154,133,103,53,15,84,52,40,58,41,57,57,21,21,21,21,21,21,21,21,21,21,21,21,21,45,37,21,28,21,15,14,21,2,21
2013thru2017,50,05000US48315,"Marion County, Texas",48,315,4455,3530,2590,2180,205,150,55,765,500,165,95,10,0,0,0,0,0,30,30,0,0,0,10,10,0,0,0,105,105,0,0,0,30,20,10,0,0,930,560,270,175,110,0,325,150,100,70,4,0,0,0,0,0,4,4,0,0,0,0,0,0,0,0,40,40,0,0,0,4,0,4,0,0,214,221,166,181,87,83,43,130,120,78,64,15,21,21,21,21,21,22,22,21,21,21,14,14,21,21,21,45,45,21,21,21,29,24,20,21,21,187,160,105,108,76,21,93,70,62,49,6,21,21,21,21,21,6,6,21,21,21,21,21,21,21,21,36,36,21,21,21,11,21,11,21,21
2013thru2017,50,05000US48317,"Martin County, Texas",48,317,1635,1260,785,715,15,45,10,4,0,4,0,0,0,0,0,0,0,25,10,15,0,0,0,0,0,0,0,440,370,15,50,10,4,4,0,0,0,375,225,175,20,30,0,0,0,0,0,0,0,0,0,0,0,0,0,0,0,0,0,0,0,0,0,150,120,30,0,0,0,0,0,0,0,84,117,107,106,17,39,19,11,19,11,19,19,19,19,19,19,19,29,13,30,19,19,19,19,19,19,19,74,76,22,41,15,1,1,19,19,19,96,82,79,23,32,19,19,19,19,19,19,19,19,19,19,19,19,19,19,19,19,19,19,19,19,19,63,54,37,19,19,19,19,19,19,19
2013thru2017,50,05000US48319,"Mason County, Texas",48,319,1620,1185,930,740,110,80,4,0,0,0,0,0,15,0,4,4,0,4,4,0,0,0,0,0,0,0,0,225,160,25,40,0,15,15,0,0,0,435,310,220,45,45,0,0,0,0,0,0,0,0,0,0,0,0,0,0,0,0,0,0,0,0,0,120,70,20,30,0,4,4,0,0,0,150,131,120,114,65,50,5,13,13,13,13,13,11,13,13,14,13,2,2,13,13,13,13,13,13,13,13,67,69,24,30,13,20,20,13,13,13,106,87,83,38,38,13,13,13,13,13,13,13,13,13,13,13,13,13,13,13,13,13,13,13,13,13,71,52,33,47,13,17,17,13,13,13
2013thru2017,50,05000US48321,"Matagorda County, Texas",48,321,13810,9360,5515,4230,575,595,110,815,460,80,245,30,190,155,15,20,0,25,25,0,0,0,35,20,0,10,0,2785,2380,115,225,65,4,4,0,0,0,4450,1550,900,340,305,0,935,580,105,215,35,15,0,0,0,15,4,4,0,0,0,0,0,0,0,0,1890,1395,245,220,35,55,25,30,0,0,496,472,337,288,165,184,76,163,125,50,154,44,44,59,18,35,28,31,31,28,28,28,38,34,28,23,28,264,288,82,124,59,28,28,28,28,28,425,215,174,114,156,28,216,158,85,117,52,25,28,28,28,25,20,20,28,28,28,28,28,28,28,28,305,289,125,128,36,56,39,38,28,28
2013thru2017,50,05000US48323,"Maverick County, Texas",48,323,16415,11170,285,250,4,30,0,15,15,0,0,0,45,45,0,0,0,155,150,0,4,0,0,0,0,0,0,10670,8465,1185,985,35,0,0,0,0,0,5245,210,155,25,30,0,15,15,0,0,0,4,4,0,0,0,65,55,4,4,0,0,0,0,0,0,4945,3315,770,765,100,4,4,0,0,0,297,374,103,93,9,43,31,29,29,31,31,31,48,48,31,31,31,88,88,31,4,31,31,31,31,31,31,356,427,272,266,38,31,31,31,31,31,397,91,77,36,39,31,24,24,31,31,31,10,10,31,31,31,33,33,9,3,31,31,31,31,31,31,386,330,232,219,61,10,10,31,31,31
2013thru2017,50,05000US48325,"Medina County, Texas",48,325,15155,12450,6875,5755,515,550,55,145,95,0,50,0,60,60,0,0,0,50,35,0,15,0,10,0,0,0,10,5145,4210,505,385,45,160,160,0,0,0,2705,1340,1065,190,60,25,10,0,10,0,0,0,0,0,0,0,0,0,0,0,0,0,0,0,0,0,1340,940,190,210,0,15,15,0,0,0,469,498,344,335,155,141,44,109,81,28,77,28,43,43,28,28,28,45,46,28,25,28,15,28,28,28,15,382,342,172,148,39,91,91,28,28,28,348,245,212,97,43,30,21,28,21,28,28,28,28,28,28,28,28,28,28,28,28,28,28,28,28,28,314,271,99,117,28,26,26,28,28,28
2013thru2017,50,05000US48327,"Menard County, Texas",48,327,965,645,425,355,55,10,4,0,0,0,0,0,0,0,0,0,0,4,4,0,0,0,0,0,0,0,0,180,150,30,4,0,30,30,0,0,0,320,135,90,25,20,0,10,10,0,0,0,0,0,0,0,0,0,0,0,0,0,0,0,0,0,0,175,140,25,10,0,0,0,0,0,0,104,88,86,87,43,17,7,13,13,13,13,13,13,13,13,13,13,14,14,13,13,13,13,13,13,13,13,55,44,26,6,13,26,26,13,13,13,84,59,45,28,31,13,17,17,13,13,13,13,13,13,13,13,13,13,13,13,13,13,13,13,13,13,63,58,27,14,13,13,13,13,13,13
2013thru2017,50,05000US48329,"Midland County, Texas",48,329,55045,36750,22540,19235,2145,1040,125,1375,1085,185,85,20,465,395,45,10,20,210,205,0,10,0,4,0,4,0,0,11790,9635,1225,865,60,360,335,0,20,0,18295,8435,5510,1440,1330,150,1940,845,700,375,25,285,220,55,4,0,95,70,25,0,0,10,10,0,0,0,7340,4260,1655,1395,30,190,180,0,10,0,619,724,542,560,350,260,91,181,174,97,60,35,117,114,31,18,32,93,93,31,16,31,18,31,18,31,31,588,505,316,279,57,139,141,31,30,31,807,558,554,244,264,90,264,242,210,173,30,136,134,59,17,31,89,78,38,31,31,29,29,31,31,31,693,543,347,345,41,96,94,31,16,31
2013thru2017,50,05000US48331,"Milam County, Texas",48,331,9435,6445,4910,4230,335,325,20,390,255,65,65,0,20,15,4,0,0,15,15,0,0,0,0,0,0,0,0,1060,705,300,50,0,50,50,4,0,0,2995,1585,1030,365,155,35,445,265,70,100,4,4,4,0,0,0,10,10,0,0,0,0,0,0,0,0,925,540,225,160,0,20,15,4,0,0,303,354,313,292,99,119,23,115,101,44,69,25,16,16,4,25,25,20,20,25,25,25,25,25,25,25,25,218,158,194,42,25,28,29,4,25,25,336,245,222,147,105,24,138,104,71,81,25,19,19,25,25,25,15,15,25,25,25,25,25,25,25,25,265,211,116,120,25,26,28,4,25,25
2013thru2017,50,05000US48333,"Mills County, Texas",48,333,1835,1555,1340,1100,105,110,20,0,0,0,0,0,4,0,0,4,0,0,0,0,0,0,0,0,0,0,0,210,140,65,4,0,4,4,0,0,0,280,260,165,60,35,0,0,0,0,0,0,0,0,0,0,0,0,0,0,0,0,0,0,0,0,0,20,20,0,0,0,0,0,0,0,0,147,136,142,154,51,49,22,13,13,13,13,13,4,13,13,4,13,13,13,13,13,13,13,13,13,13,13,66,65,30,14,13,3,3,13,13,13,75,75,58,41,24,13,13,13,13,13,13,13,13,13,13,13,13,13,13,13,13,13,13,13,13,13,21,21,13,13,13,13,13,13,13,13
2013thru2017,50,05000US48335,"Mitchell County, Texas",48,335,2640,2005,1310,1240,40,25,0,40,15,0,25,0,0,0,0,0,0,4,4,0,0,0,0,0,0,0,0,645,575,50,20,0,4,4,4,0,0,635,315,270,20,20,0,40,0,10,30,0,0,0,0,0,0,4,4,0,0,0,0,0,0,0,0,275,250,25,4,0,0,0,0,0,0,217,209,145,143,36,25,19,59,28,19,46,19,19,19,19,19,19,7,7,19,19,19,19,19,19,19,19,137,139,39,26,19,15,9,13,19,19,194,111,100,35,32,19,76,19,21,68,19,19,19,19,19,19,6,6,19,19,19,19,19,19,19,19,144,146,38,4,19,19,19,19,19,19
2013thru2017,50,05000US48337,"Montague County, Texas",48,337,8045,5785,5335,4360,610,290,75,4,4,0,0,0,0,0,0,0,0,25,25,0,0,0,0,0,0,0,0,265,175,60,35,0,150,70,10,70,0,2260,1935,1230,370,330,10,0,0,0,0,0,4,0,4,0,0,4,4,0,0,0,0,0,0,0,0,230,95,45,20,65,90,0,90,0,0,279,281,274,283,223,99,82,15,15,21,21,21,21,21,21,21,21,27,27,21,21,21,21,21,21,21,21,78,67,36,32,21,94,76,16,75,21,292,273,197,149,115,14,21,21,21,21,21,3,21,3,21,21,2,2,21,21,21,21,21,21,21,21,97,69,45,24,63,97,21,97,21,21
2013thru2017,50,05000US48339,"Montgomery County, Texas",48,339,186860,133080,104235,85285,11200,7105,645,4065,3160,530,375,0,3185,2725,255,155,50,245,180,30,35,0,165,165,0,0,0,19750,14470,3055,2005,220,1440,1230,145,60,0,53780,35135,22410,6190,6150,380,4595,2655,1065,835,45,1620,955,325,305,35,80,60,0,20,0,0,0,0,0,0,11325,6390,2765,1985,185,1030,555,325,150,0,1312,1836,1673,1484,1050,873,179,618,559,244,214,31,337,362,162,103,53,111,90,36,46,31,156,156,31,31,31,998,934,532,386,127,280,241,133,41,31,1727,1346,1160,692,786,191,698,582,376,265,37,352,224,195,175,45,60,51,31,25,31,31,31,31,31,31,1090,775,591,542,151,302,200,159,84,31
2013thru2017,50,05000US48341,"Moore County, Texas",48,341,6725,4295,2360,2085,190,85,4,75,75,0,0,0,100,65,35,0,0,0,0,0,0,0,0,0,0,0,0,1695,1580,90,25,0,65,65,0,0,0,2430,725,580,100,25,20,215,200,15,0,0,205,160,4,40,0,20,0,0,20,0,0,0,0,0,0,1260,740,320,200,0,10,0,0,0,10,234,356,200,186,69,56,3,74,74,25,25,25,69,61,49,25,25,25,25,25,25,25,25,25,25,25,25,232,231,68,27,25,58,58,25,25,25,325,179,164,76,23,26,110,106,31,25,25,91,84,2,52,25,20,25,25,20,25,25,25,25,25,25,278,180,162,107,25,16,25,25,25,16
2013thru2017,50,05000US48343,"Morris County, Texas",48,343,5025,3730,2760,2450,200,80,30,725,565,85,70,4,10,10,0,0,0,15,15,0,0,0,0,0,0,0,0,175,170,4,4,0,45,45,0,4,0,1290,660,440,140,70,4,500,280,60,115,45,0,0,0,0,0,15,0,15,0,0,0,0,0,0,0,115,65,25,25,0,0,0,0,0,0,143,172,137,149,88,42,31,95,104,64,69,2,16,16,21,21,21,28,28,21,21,21,21,21,21,21,21,47,47,2,3,21,31,25,21,5,21,165,119,114,67,42,15,126,114,45,54,35,21,21,21,21,21,27,21,27,21,21,21,21,21,21,21,47,40,24,31,21,21,21,21,21,21
2013thru2017,50,05000US48345,"Motley County, Texas",48,345,470,335,305,255,35,10,4,10,0,10,0,0,0,0,0,0,0,0,0,0,0,0,0,0,0,0,0,15,15,0,0,0,4,4,0,0,0,135,100,85,15,0,0,0,0,0,0,0,0,0,0,0,0,0,0,0,0,0,0,0,0,0,0,25,15,10,0,0,10,4,0,4,0,45,39,38,40,23,12,10,7,13,7,13,13,13,13,13,13,13,13,13,13,13,13,13,13,13,13,13,17,17,13,13,13,4,4,13,13,13,36,33,33,16,13,13,13,13,13,13,13,13,13,13,13,13,13,13,13,13,13,13,13,13,13,13,22,21,11,13,13,15,13,13,11,13
2013thru2017,50,05000US48347,"Nacogdoches County, Texas",48,347,23825,13310,10080,8480,860,575,165,1300,860,315,130,0,130,110,20,0,0,75,75,0,4,0,0,0,0,0,0,1540,1170,175,175,20,180,125,10,35,15,10515,5625,3100,1125,1295,100,3105,1275,830,870,135,125,75,15,4,35,15,10,0,4,0,0,0,0,0,0,1420,830,205,370,15,220,70,50,100,0,456,481,387,355,202,140,101,162,176,138,90,31,74,71,38,31,31,54,56,31,3,31,31,31,31,31,31,190,196,124,81,34,77,66,16,33,23,571,460,348,240,282,54,256,242,205,201,89,90,74,20,2,45,24,22,31,3,31,31,31,31,31,31,204,160,88,149,28,105,56,64,61,31
2013thru2017,50,05000US48349,"Navarro County, Texas",48,349,17325,11890,8465,7000,860,575,30,995,735,100,150,10,20,15,0,10,0,35,20,0,15,0,15,15,0,0,0,2325,1900,240,160,25,30,30,4,0,0,5435,2595,1705,440,410,45,1745,1040,275,280,155,75,15,55,4,0,10,10,4,0,0,105,30,15,60,0,815,500,195,120,0,85,50,4,30,0,411,410,342,331,162,126,22,157,160,80,110,13,27,19,28,17,28,30,20,28,22,28,21,21,28,28,28,234,205,103,101,34,21,23,6,28,28,420,284,235,119,135,37,227,246,118,176,112,44,25,54,16,28,16,15,4,28,28,59,31,28,70,28,201,159,87,81,28,58,35,9,49,28
2013thru2017,50,05000US48351,"Newton County, Texas",48,351,4780,3955,2960,2580,255,75,50,880,715,85,75,4,0,0,0,0,0,25,25,0,0,0,0,0,0,0,0,35,25,10,0,0,60,55,0,4,0,825,595,460,40,45,50,200,155,40,4,0,4,4,0,0,0,0,0,0,0,0,0,0,0,0,0,25,25,0,0,0,4,0,0,4,0,288,263,234,233,90,59,42,158,166,50,59,6,21,21,21,21,21,35,35,21,21,21,21,21,21,21,21,27,22,16,21,21,46,47,21,2,21,182,154,126,44,32,55,93,79,43,5,21,4,4,21,21,21,21,21,21,21,21,21,21,21,21,21,26,26,21,21,21,5,21,21,5,21
2013thru2017,50,05000US48353,"Nolan County, Texas",48,353,5550,3845,2590,2205,240,140,10,135,120,0,15,0,0,0,0,0,0,10,10,0,0,0,0,0,0,0,0,1080,905,80,100,0,25,20,0,10,0,1705,880,620,150,95,15,130,95,10,25,0,10,10,0,0,0,0,0,0,0,0,0,0,0,0,0,685,450,185,35,15,0,0,0,0,0,206,226,173,167,71,61,13,104,103,21,27,21,21,21,21,21,21,22,22,21,21,21,21,21,21,21,21,129,118,42,72,21,21,15,21,17,21,232,149,141,63,50,23,82,80,15,24,21,21,21,21,21,21,21,21,21,21,21,21,21,21,21,21,123,120,75,45,18,21,21,21,21,21
2013thru2017,50,05000US48355,"Nueces County, Texas",48,355,128855,74465,30400,24665,3195,2275,265,1725,1250,355,90,25,1115,825,210,65,15,180,180,0,0,0,40,25,15,0,0,40525,32550,4665,3110,195,480,280,165,35,0,54390,17355,10015,4080,2965,295,3300,1940,725,520,115,1055,725,140,85,105,165,100,15,45,0,30,30,0,0,0,31885,17140,6875,7375,490,600,305,140,155,0,1019,1135,706,670,377,356,129,262,200,149,52,42,170,187,94,57,24,118,118,31,31,31,38,38,24,31,31,955,930,441,401,93,122,104,84,34,31,1353,813,732,542,352,132,378,297,189,173,86,181,172,77,51,79,107,80,31,75,31,50,50,31,31,31,1084,991,575,740,171,176,154,98,94,31
2013thru2017,50,05000US48357,"Ochiltree County, Texas",48,357,3550,2560,1525,1150,170,175,30,0,0,0,0,0,4,4,0,0,0,20,4,20,0,0,0,0,0,0,0,990,840,110,40,0,20,10,0,15,0,985,475,430,20,30,0,0,0,0,0,0,0,0,0,0,0,0,0,0,0,0,0,0,0,0,0,510,435,45,30,4,0,0,0,0,0,134,169,129,131,74,87,32,21,21,21,21,21,7,7,21,21,21,30,7,27,21,21,21,21,21,21,21,117,113,80,40,21,29,16,21,24,21,169,144,143,26,31,21,21,21,21,21,21,21,21,21,21,21,21,21,21,21,21,21,21,21,21,21,112,115,44,39,8,21,21,21,21,21
2013thru2017,50,05000US48359,"Oldham County, Texas",48,359,580,430,390,335,30,20,4,0,0,0,0,0,4,4,0,0,0,0,0,0,0,0,0,0,0,0,0,30,25,4,4,0,4,4,0,0,0,150,145,130,4,10,0,0,0,0,0,0,0,0,0,0,0,0,0,0,0,0,0,0,0,0,0,10,4,4,4,0,0,0,0,0,0,171,135,108,96,17,13,1,13,13,13,13,13,10,10,13,13,13,13,13,13,13,13,13,13,13,13,13,21,16,4,4,13,21,21,13,13,13,56,51,45,5,13,13,13,13,13,13,13,13,13,13,13,13,13,13,13,13,13,13,13,13,13,13,12,10,3,3,13,13,13,13,13,13
2013thru2017,50,05000US48361,"Orange County, Texas",48,361,32270,24310,21280,18275,1530,1340,130,1380,1030,140,165,45,205,145,35,25,0,85,85,0,0,0,0,0,0,0,0,1125,915,100,100,15,230,200,30,0,0,7965,5530,3745,775,830,175,1740,870,320,535,15,95,85,10,0,0,10,10,0,0,0,4,4,0,0,0,505,365,105,30,0,80,30,45,4,0,500,661,584,567,249,290,83,198,175,71,88,39,59,73,39,28,31,70,70,31,31,31,31,31,31,31,31,168,153,54,56,22,74,73,41,31,31,665,551,497,180,221,129,275,199,124,153,18,63,64,17,31,31,16,16,31,31,31,4,4,31,31,31,121,116,73,50,31,66,34,53,10,31
2013thru2017,50,05000US48363,"Palo Pinto County, Texas",48,363,10440,7330,6180,5125,550,500,4,90,45,20,20,4,65,60,0,0,4,20,4,0,15,0,0,0,0,0,0,870,750,50,70,0,100,70,20,10,0,3110,2185,1130,425,600,30,145,90,20,35,0,40,30,4,4,0,60,50,0,15,0,0,0,0,0,0,640,320,85,230,4,40,30,4,0,0,309,270,236,242,122,130,11,63,37,31,27,3,46,44,25,25,12,14,14,25,20,25,25,25,25,25,25,129,120,35,54,25,53,49,18,15,25,267,267,217,113,143,31,42,39,34,30,25,42,44,3,9,25,51,53,25,24,25,25,25,25,25,25,131,100,66,108,12,25,27,17,25,25
2013thru2017,50,05000US48365,"Panola County, Texas",48,365,9030,6995,5610,4810,390,330,80,925,635,150,145,0,35,10,0,25,0,0,0,0,0,0,4,4,0,0,0,370,235,105,4,20,50,50,0,0,0,2035,1400,1075,160,135,30,540,355,50,100,30,0,0,0,0,0,0,0,0,0,0,0,0,0,0,0,95,75,20,0,0,0,0,0,0,0,289,338,288,263,131,109,75,122,117,68,90,25,12,20,25,22,25,25,25,25,25,25,4,4,25,25,25,69,86,66,11,28,44,44,25,25,25,324,265,253,90,73,31,154,148,47,86,46,25,25,25,25,25,25,25,25,25,25,25,25,25,25,25,64,57,33,25,25,25,25,25,25,25
2013thru2017,50,05000US48367,"Parker County, Texas",48,367,43940,34060,30605,25375,2925,2155,155,170,150,15,0,0,150,135,4,15,0,215,200,4,4,0,20,20,0,0,0,2390,1830,210,260,95,510,320,55,115,15,9880,8275,5035,1725,1410,110,210,165,10,15,25,4,4,0,0,0,105,25,80,0,0,0,0,0,0,0,1095,725,160,200,10,185,85,60,40,0,558,615,593,652,322,291,92,85,83,20,31,31,69,73,6,27,31,119,118,16,11,31,32,32,31,31,31,243,227,110,124,78,124,94,53,72,23,587,584,499,282,252,93,91,94,16,25,41,13,13,31,31,31,74,37,61,31,31,31,31,31,31,31,235,214,92,113,16,87,60,53,47,31
2013thru2017,50,05000US48369,"Parmer County, Texas",48,369,3220,2220,1090,860,105,100,20,45,45,0,0,0,0,0,0,0,0,0,0,0,0,0,0,0,0,0,0,1085,980,85,20,0,0,0,0,0,0,1000,360,260,70,30,0,10,0,0,10,0,10,0,0,10,0,4,0,0,4,0,0,0,0,0,0,620,435,130,50,4,0,0,0,0,0,132,139,87,82,45,48,24,31,31,19,19,19,19,19,19,19,19,19,19,19,19,19,19,19,19,19,19,117,109,42,23,19,19,19,19,19,19,130,80,76,45,25,19,16,19,19,16,19,14,19,19,14,19,5,19,19,5,19,19,19,19,19,19,113,90,61,39,11,19,19,19,19,19
2013thru2017,50,05000US48371,"Pecos County, Texas",48,371,4420,3075,930,820,60,50,0,0,0,0,0,0,0,0,0,0,0,4,4,0,0,0,0,0,0,0,0,2130,1770,220,65,75,10,4,4,0,0,1345,280,210,40,30,0,35,20,15,0,0,15,15,0,0,0,4,0,4,0,0,0,0,0,0,0,980,655,235,90,0,35,15,15,0,0,215,186,95,91,42,32,21,21,21,21,21,21,21,21,21,21,21,13,13,21,21,21,21,21,21,21,21,185,191,96,56,69,15,3,11,21,21,190,75,68,28,25,21,31,27,24,21,21,21,21,21,21,21,6,21,6,21,21,21,21,21,21,21,168,142,97,66,21,32,32,22,21,21
2013thru2017,50,05000US48373,"Polk County, Texas",48,373,17630,13525,10995,8830,1145,865,155,945,715,150,80,0,55,30,25,0,0,210,190,20,4,0,0,0,0,0,0,1195,955,115,95,25,125,125,4,0,4,4110,2935,1720,480,625,110,665,330,145,120,70,15,15,0,0,0,60,40,4,10,10,0,0,0,0,0,375,275,50,55,0,55,25,0,30,0,464,454,383,414,218,202,92,181,164,108,51,28,36,29,30,28,28,51,51,15,1,28,28,28,28,28,28,168,167,65,91,25,51,47,5,28,3,448,393,284,189,191,88,161,126,71,88,84,20,20,28,28,28,30,19,5,15,17,28,28,28,28,28,122,100,45,49,28,31,25,28,18,28
2013thru2017,50,05000US48375,"Potter County, Texas",48,375,43455,24905,15040,12545,1455,895,145,1255,825,180,210,40,1105,800,220,75,10,45,40,4,4,0,4,0,0,4,0,7220,5715,650,715,140,235,205,4,25,0,18545,9215,5065,2080,1845,225,2210,775,805,595,35,730,305,180,175,70,95,55,0,35,4,25,4,10,10,0,5955,3545,1050,1280,75,320,215,25,80,0,487,590,443,405,215,189,75,139,140,68,77,38,140,141,103,60,15,28,22,9,7,31,5,31,31,5,31,361,328,201,223,80,81,78,16,27,31,693,489,411,320,303,91,225,209,209,163,37,193,117,107,115,75,58,48,31,30,14,11,11,13,15,31,403,375,210,259,43,101,89,19,59,31
2013thru2017,50,05000US48377,"Presidio County, Texas",48,377,2590,1545,265,245,0,10,10,0,0,0,0,0,0,0,0,0,0,0,0,0,0,0,0,0,0,0,0,1280,990,265,15,4,0,0,0,0,0,1045,260,230,20,10,0,0,0,0,0,0,65,65,0,0,0,0,0,0,0,0,0,0,0,0,0,720,445,205,45,25,0,0,0,0,0,180,194,59,62,19,21,15,19,19,19,19,19,19,19,19,19,19,19,19,19,19,19,19,19,19,19,19,195,181,112,23,18,19,19,19,19,19,230,101,103,33,18,19,19,19,19,19,19,35,35,19,19,19,19,19,19,19,19,19,19,19,19,19,200,157,89,57,27,19,19,19,19,19
2013thru2017,50,05000US48379,"Rains County, Texas",48,379,4335,3345,3165,2455,345,310,55,100,50,35,15,0,4,4,0,0,0,0,0,0,0,0,0,0,0,0,0,70,40,15,15,0,4,0,4,0,0,985,815,540,130,145,4,30,20,4,4,0,0,0,0,0,0,4,0,0,0,4,0,0,0,0,0,120,80,30,4,10,15,10,0,4,4,199,191,183,193,100,119,51,46,40,49,33,21,21,21,21,21,21,21,21,21,21,21,21,21,21,21,21,46,29,23,24,21,11,21,11,21,21,160,150,115,49,81,21,35,24,10,10,21,21,21,21,21,21,17,21,21,21,17,21,21,21,21,21,60,43,39,3,16,18,15,21,7,4
2013thru2017,50,05000US48381,"Randall County, Texas",48,381,49120,34305,29165,24925,2770,1410,65,270,205,65,0,0,480,340,95,45,0,165,160,4,0,0,0,0,0,0,0,3910,3240,330,305,35,310,275,10,25,0,14815,10000,6260,1915,1650,175,845,560,90,175,25,255,205,25,30,0,50,20,30,0,0,0,0,0,0,0,3405,1895,790,620,100,255,70,45,140,0,646,596,522,496,333,207,53,96,79,56,31,31,94,96,73,64,31,58,55,31,31,31,31,31,31,31,31,337,358,114,121,44,95,94,18,22,31,677,558,476,321,277,78,171,162,79,116,37,95,89,30,34,31,50,23,44,31,31,31,31,31,31,31,478,320,224,187,95,101,58,38,74,31
2013thru2017,50,05000US48383,"Reagan County, Texas",48,383,1170,825,340,320,15,10,0,15,10,0,4,0,0,0,0,0,0,0,0,0,0,0,0,0,0,0,0,460,390,4,60,0,4,4,0,0,0,350,135,125,15,0,0,0,0,0,0,0,0,0,0,0,0,0,0,0,0,0,0,0,0,0,0,210,155,35,25,0,0,0,0,0,0,84,92,55,48,16,14,13,13,14,13,2,13,13,13,13,13,13,13,13,13,13,13,13,13,13,13,13,77,76,10,39,13,11,11,13,13,13,94,49,49,21,13,13,13,13,13,13,13,13,13,13,13,13,13,13,13,13,13,13,13,13,13,13,84,72,38,20,13,13,13,13,13,13
2013thru2017,50,05000US48385,"Real County, Texas",48,385,1125,860,805,665,75,55,10,0,0,0,0,0,0,0,0,0,0,0,0,0,0,0,0,0,0,0,0,55,50,0,4,0,0,0,0,0,0,260,210,145,20,45,0,0,0,0,0,0,0,0,0,0,0,0,0,0,0,0,0,0,0,0,0,50,45,0,4,0,0,0,0,0,0,153,144,145,145,52,44,14,13,13,13,13,13,13,13,13,13,13,13,13,13,13,13,13,13,13,13,13,33,28,13,16,13,13,13,13,13,13,76,69,61,17,32,13,13,13,13,13,13,13,13,13,13,13,13,13,13,13,13,13,13,13,13,13,30,28,13,3,13,13,13,13,13,13
2013thru2017,50,05000US48387,"Red River County, Texas",48,387,5220,3955,3265,2675,250,300,40,420,365,10,45,0,4,4,0,0,0,4,0,4,4,0,0,0,0,0,0,165,90,0,70,0,105,85,15,4,0,1260,745,575,95,70,4,450,275,95,80,0,0,0,0,0,0,4,4,4,0,0,0,0,0,0,0,50,4,45,4,0,15,10,4,0,0,239,226,206,208,75,98,25,92,85,18,40,21,5,5,21,21,21,6,21,2,1,21,21,21,21,21,21,72,45,21,84,21,32,35,17,2,21,199,168,163,56,45,21,124,116,85,51,21,21,21,21,21,21,3,21,8,21,21,21,21,21,21,21,53,21,47,9,21,13,12,1,21,21
2013thru2017,50,05000US48389,"Reeves County, Texas",48,389,3730,2675,530,515,15,0,0,140,130,10,0,0,25,25,0,0,0,0,0,0,0,0,0,0,0,0,0,1940,1675,160,105,4,40,40,0,0,0,1055,325,190,35,55,45,0,0,0,0,0,25,25,0,0,0,55,55,0,0,0,0,0,0,0,0,620,420,110,90,0,35,30,4,0,0,176,175,130,131,23,21,21,48,46,17,21,21,34,34,21,21,21,21,21,21,21,21,21,21,21,21,21,156,149,66,53,3,57,57,21,21,21,181,147,88,35,52,70,21,21,21,21,21,21,21,21,21,21,87,87,21,21,21,21,21,21,21,21,142,129,50,52,21,42,43,16,21,21
2013thru2017,50,05000US48391,"Refugio County, Texas",48,391,2695,1945,1090,885,125,45,35,90,75,4,10,0,0,0,0,0,0,4,4,0,0,0,0,0,0,0,0,710,610,85,15,0,50,50,0,0,0,745,255,205,15,40,0,40,35,4,0,0,4,4,0,0,0,4,4,0,0,0,0,0,0,0,0,430,245,70,110,4,15,15,0,0,0,124,114,89,96,55,25,38,32,31,14,13,19,19,19,19,19,19,14,14,19,19,19,19,19,19,19,19,82,83,41,13,19,28,28,19,19,19,105,64,61,15,28,19,28,29,4,19,19,6,6,19,19,19,6,6,19,19,19,19,19,19,19,19,96,84,42,61,2,20,20,19,19,19
2013thru2017,50,05000US48393,"Roberts County, Texas",48,393,325,240,235,225,4,4,0,0,0,0,0,0,0,0,0,0,0,0,0,0,0,0,0,0,0,0,0,10,4,0,4,0,0,0,0,0,0,85,80,75,4,4,0,0,0,0,0,0,0,0,0,0,0,0,0,0,0,0,0,0,0,0,0,0,0,0,0,0,4,4,0,0,0,35,45,39,38,11,5,13,13,13,13,13,13,13,13,13,13,13,13,13,13,13,13,13,13,13,13,13,11,4,13,6,13,13,13,13,13,13,29,27,29,7,1,13,13,13,13,13,13,13,13,13,13,13,13,13,13,13,13,13,13,13,13,13,13,13,13,13,13,2,2,13,13,13
2013thru2017,50,05000US48395,"Robertson County, Texas",48,395,6300,4690,3275,2855,260,165,0,645,500,40,85,20,0,0,0,0,0,30,30,0,0,0,0,0,0,0,0,705,615,65,25,0,30,25,0,4,0,1605,755,545,85,115,10,575,215,125,200,35,20,20,0,0,0,0,0,0,0,0,0,0,0,0,0,235,125,90,20,0,20,4,0,15,0,278,253,198,195,100,79,21,119,111,30,45,23,21,21,21,21,21,26,26,21,21,21,21,21,21,21,21,158,143,63,30,21,28,23,21,7,21,240,134,123,50,57,15,144,93,70,93,34,34,34,21,21,21,21,21,21,21,21,21,21,21,21,21,105,70,67,33,21,13,6,21,13,21
2013thru2017,50,05000US48397,"Rockwall County, Texas",48,397,30365,24415,19050,15770,1920,1320,40,1500,1225,150,85,40,455,325,70,60,0,55,45,10,0,0,0,0,0,0,0,3065,2115,630,315,0,290,220,35,35,0,5950,4575,2690,1090,780,15,320,105,35,180,0,170,65,20,85,0,10,10,0,0,0,0,0,0,0,0,790,435,75,260,15,90,90,0,0,0,319,500,422,579,285,279,41,184,167,100,58,55,110,89,53,52,31,34,31,18,31,31,31,31,31,31,31,288,237,209,166,31,103,96,29,47,31,476,412,356,256,244,23,128,80,44,125,31,113,75,29,79,31,15,15,31,31,31,31,31,31,31,31,208,135,72,144,36,92,92,31,31,31
2013thru2017,50,05000US48399,"Runnels County, Texas",48,399,3780,2715,2015,1690,195,110,20,15,15,0,0,0,25,25,0,0,0,15,0,0,15,0,0,0,0,0,0,605,540,40,20,4,40,25,15,0,0,1065,715,470,140,95,4,40,10,20,0,10,0,0,0,0,0,25,0,0,25,0,0,0,0,0,0,285,240,4,40,0,4,4,0,0,0,171,171,152,134,65,61,29,16,16,21,21,21,22,22,21,21,21,19,21,21,19,21,21,21,21,21,21,87,78,29,20,14,38,32,19,21,21,164,112,91,69,57,12,44,21,31,21,16,21,21,21,21,21,33,21,21,33,21,21,21,21,21,21,97,95,21,32,21,12,12,21,21,21
2013thru2017,50,05000US48401,"Rusk County, Texas",48,401,17980,13675,10360,9020,700,540,95,1760,1440,180,125,15,35,20,15,0,0,15,4,0,10,0,0,0,0,0,0,1305,980,140,185,4,200,115,10,65,10,4305,2475,1640,390,390,60,1380,795,220,320,45,15,15,0,0,0,4,0,4,0,0,0,0,0,0,0,380,270,105,10,0,45,30,0,4,4,343,320,252,303,128,157,47,160,147,89,57,16,23,19,27,31,31,22,6,31,21,31,31,31,31,31,31,212,205,72,98,7,64,47,16,46,16,329,267,222,139,131,63,196,166,115,122,42,28,28,31,31,31,11,31,11,31,31,31,31,31,31,31,113,90,74,12,31,42,38,31,13,13
2013thru2017,50,05000US48403,"Sabine County, Texas",48,403,3810,3355,3065,2595,195,270,4,205,115,4,4,75,4,4,0,0,0,0,0,0,0,0,0,0,0,0,0,30,15,20,0,0,45,35,4,4,0,460,355,205,55,90,4,100,10,20,65,4,0,0,0,0,0,0,0,0,0,0,0,0,0,0,0,0,0,0,0,0,0,0,0,0,0,274,277,255,228,86,96,5,81,73,14,21,88,7,7,21,21,21,21,21,21,21,21,21,21,21,21,21,35,21,31,21,21,50,54,7,10,21,148,130,92,36,66,7,66,12,21,56,11,21,21,21,21,21,21,21,21,21,21,21,21,21,21,21,21,21,21,21,21,21,21,21,21,21
2013thru2017,50,05000US48405,"San Augustine County, Texas",48,405,3200,2535,1870,1650,50,135,40,555,390,65,55,45,0,0,0,0,0,15,0,0,15,0,0,0,0,0,0,85,65,0,15,0,15,0,15,0,0,665,360,295,25,35,10,195,80,20,85,10,0,0,0,0,0,0,0,0,0,0,0,0,0,0,0,110,90,0,0,20,0,0,0,0,0,209,190,169,179,36,74,48,87,93,44,37,41,19,19,19,19,19,23,19,19,23,19,19,19,19,19,19,53,48,19,27,19,24,19,24,19,19,158,125,118,20,34,17,84,43,27,61,16,19,19,19,19,19,19,19,19,19,19,19,19,19,19,19,51,43,19,19,34,19,19,19,19,19
2013thru2017,50,05000US48407,"San Jacinto County, Texas",48,407,9415,7810,6200,5090,645,435,35,970,650,90,230,0,0,0,0,0,0,4,4,0,0,0,0,0,0,0,0,620,455,125,10,25,20,20,0,0,0,1600,1110,600,345,140,25,240,120,70,45,0,0,0,0,0,0,45,45,0,0,0,0,0,0,0,0,190,80,10,100,0,20,15,4,0,0,454,460,417,404,175,167,37,182,170,60,110,25,25,25,25,25,25,14,14,25,25,25,25,25,25,25,25,178,139,114,17,47,37,37,25,25,25,312,250,180,178,95,31,108,66,66,42,25,25,25,25,25,25,68,68,25,25,25,25,25,25,25,25,145,86,17,105,25,26,24,10,25,25
2013thru2017,50,05000US48409,"San Patricio County, Texas",48,409,23245,15545,7910,6475,885,510,40,155,120,35,0,0,120,85,20,15,0,25,0,10,15,0,0,0,0,0,0,7240,5920,875,420,30,100,70,10,15,0,7700,2680,1615,670,310,85,250,135,40,70,0,60,60,0,0,0,45,0,0,0,45,0,0,0,0,0,4655,2885,945,775,50,15,15,0,0,0,480,507,354,343,173,117,31,62,53,36,31,31,44,43,25,19,31,29,31,14,28,31,31,31,31,31,31,390,387,181,109,24,71,58,16,30,31,515,286,245,162,100,79,103,76,42,67,31,37,37,31,31,31,71,31,31,31,71,31,31,31,31,31,419,360,222,197,39,18,18,31,31,31
2013thru2017,50,05000US48411,"San Saba County, Texas",48,411,2135,1440,1200,915,115,170,0,0,0,0,0,0,0,0,0,0,0,0,0,0,0,0,0,0,0,0,0,220,145,65,10,0,15,4,10,0,0,695,475,405,25,40,4,0,0,0,0,0,4,4,0,0,0,0,0,0,0,0,0,0,0,0,0,205,115,45,50,0,15,0,15,0,0,135,123,114,115,43,80,19,19,19,19,19,19,19,19,19,19,19,19,19,19,19,19,19,19,19,19,19,61,47,36,17,19,27,17,20,19,19,108,98,95,27,28,11,19,19,19,19,19,6,6,19,19,19,19,19,19,19,19,19,19,19,19,19,65,56,41,41,19,24,19,24,19,19
2013thru2017,50,05000US48413,"Schleicher County, Texas",48,413,1100,845,430,350,50,25,4,0,0,0,0,0,0,0,0,0,0,0,0,0,0,0,0,0,0,0,0,415,355,40,20,0,4,4,0,0,0,255,145,100,35,15,0,10,0,10,0,0,0,0,0,0,0,0,0,0,0,0,0,0,0,0,0,100,85,15,0,0,0,0,0,0,0,100,118,76,68,34,22,15,13,13,13,13,13,13,13,13,13,13,13,13,13,13,13,13,13,13,13,13,70,71,29,20,13,3,3,13,13,13,78,56,44,33,22,13,15,13,15,13,13,13,13,13,13,13,13,13,13,13,13,13,13,13,13,13,53,51,18,13,13,13,13,13,13,13
2013thru2017,50,05000US48415,"Scurry County, Texas",48,415,5840,4325,2765,2350,320,85,15,130,110,20,0,0,0,0,0,0,0,4,4,0,0,0,0,0,0,0,0,1405,1135,190,75,0,25,25,0,0,0,1510,795,610,130,60,0,85,85,0,0,0,0,0,0,0,0,4,4,0,0,0,0,0,0,0,0,605,415,135,55,0,20,0,0,20,0,252,215,207,194,124,54,16,66,65,39,21,21,21,21,21,21,21,4,4,21,21,21,21,21,21,21,21,184,191,119,59,21,28,28,21,21,21,263,172,149,76,57,21,90,90,21,21,21,21,21,21,21,21,9,9,21,21,21,21,21,21,21,21,171,146,87,49,21,40,21,21,40,21
2013thru2017,50,05000US48417,"Shackelford County, Texas",48,417,1255,990,925,770,70,85,4,0,0,0,0,0,4,4,0,0,0,4,4,0,0,0,0,0,0,0,0,60,60,0,0,0,4,0,0,4,0,265,225,155,20,45,4,0,0,0,0,0,0,0,0,0,0,0,0,0,0,0,0,0,0,0,0,35,30,10,0,0,4,0,4,0,0,106,88,79,85,32,49,2,13,13,13,13,13,1,1,13,13,13,1,1,13,13,13,13,13,13,13,13,39,39,13,13,13,5,13,13,5,13,75,65,56,20,34,13,13,13,13,13,13,13,13,13,13,13,13,13,13,13,13,13,13,13,13,13,28,23,16,13,13,7,13,7,13,13
2013thru2017,50,05000US48419,"Shelby County, Texas",48,419,9220,6580,4980,4300,450,205,25,865,660,110,90,4,0,0,0,0,0,4,4,0,0,0,0,0,0,0,0,730,615,60,50,0,4,4,0,0,0,2640,1495,825,250,300,115,835,350,285,170,35,20,20,0,0,0,0,0,0,0,0,0,0,0,0,0,280,205,55,20,0,10,10,0,4,0,297,322,278,267,152,67,20,144,142,59,64,9,25,25,25,25,25,2,2,25,25,25,25,25,25,25,25,151,139,49,45,25,2,2,25,25,25,311,226,191,140,144,91,220,129,123,152,28,28,28,25,25,25,25,25,25,25,25,25,25,25,25,25,106,86,51,22,25,16,15,25,7,25
2013thru2017,50,05000US48421,"Sherman County, Texas",48,421,1065,860,640,560,55,20,4,0,0,0,0,0,0,0,0,0,0,4,0,4,0,0,0,0,0,0,0,215,175,35,4,0,0,0,0,0,0,205,90,55,35,4,0,0,0,0,0,0,0,0,0,0,0,0,0,0,0,0,0,0,0,0,0,110,75,10,25,0,0,0,0,0,0,63,73,79,80,38,20,6,13,13,13,13,13,13,13,13,13,13,12,13,12,13,13,13,13,13,13,13,46,46,27,9,13,13,13,13,13,13,53,34,24,26,3,13,13,13,13,13,13,13,13,13,13,13,13,13,13,13,13,13,13,13,13,13,45,36,17,22,13,13,13,13,13,13
2013thru2017,50,05000US48423,"Smith County, Texas",48,423,77800,51275,38220,31470,3750,2520,485,6100,4310,950,755,80,550,425,65,30,30,195,140,35,15,0,0,0,0,0,0,5860,4640,775,375,70,355,280,55,15,0,26525,15195,8860,3480,2765,90,6865,2875,1695,1980,310,545,310,135,100,0,105,75,10,0,20,40,0,40,0,0,3615,1840,895,845,35,165,125,10,30,0,842,991,787,842,455,368,225,451,418,196,215,57,144,131,69,34,47,89,74,42,29,31,31,31,31,31,31,407,398,220,168,60,105,108,45,18,31,940,797,713,481,358,100,512,385,298,269,135,148,120,92,48,31,65,53,14,31,34,57,31,57,31,31,391,312,218,245,40,73,69,16,30,31
2013thru2017,50,05000US48425,"Somervell County, Texas",48,425,3235,2390,2045,1645,205,165,30,0,0,0,0,0,0,0,0,0,0,0,0,0,0,0,0,0,0,0,0,300,180,85,35,0,50,4,40,0,0,845,680,410,105,170,0,0,0,0,0,0,0,0,0,0,0,0,0,0,0,0,0,0,0,0,0,145,55,70,20,0,15,15,0,0,0,208,223,184,233,127,107,46,19,19,19,19,19,19,19,19,19,19,19,19,19,19,19,19,19,19,19,19,80,75,61,53,19,67,12,66,19,19,203,205,176,69,118,19,19,19,19,19,19,19,19,19,19,19,19,19,19,19,19,19,19,19,19,19,93,68,71,33,19,26,26,19,19,19
2013thru2017,50,05000US48427,"Starr County, Texas",48,427,16320,12135,110,95,15,0,0,0,0,0,0,0,0,0,0,0,0,10,0,0,10,0,0,0,0,0,0,12015,9935,1205,790,85,0,0,0,0,0,4185,20,20,0,0,0,0,0,0,0,0,4,0,0,4,0,0,0,0,0,0,0,0,0,0,0,4155,2300,1005,815,40,0,0,0,0,0,410,510,81,75,21,31,31,31,31,31,31,31,31,31,31,31,31,15,31,31,15,31,31,31,31,31,31,513,448,262,176,50,31,31,31,31,31,365,31,31,31,31,31,31,31,31,31,31,8,31,31,8,31,31,31,31,31,31,31,31,31,31,31,365,324,229,184,37,31,31,31,31,31
2013thru2017,50,05000US48429,"Stephens County, Texas",48,429,3360,2655,2165,1765,250,155,0,45,4,0,40,0,4,0,0,4,0,10,10,0,0,0,0,0,0,0,0,405,310,75,25,0,25,25,0,0,0,710,540,365,115,50,10,55,35,0,20,0,20,20,0,0,0,0,0,0,0,0,0,0,0,0,0,80,70,4,0,4,4,4,0,0,0,216,177,178,159,71,82,19,33,15,19,30,19,5,19,19,5,19,14,14,19,19,19,19,19,19,19,19,108,109,44,32,19,28,28,19,19,19,152,132,106,52,40,15,55,51,19,29,19,34,34,19,19,19,19,19,19,19,19,19,19,19,19,19,59,57,6,19,17,15,15,19,19,19
2013thru2017,50,05000US48431,"Sterling County, Texas",48,431,460,395,245,195,30,15,4,0,0,0,0,0,0,0,0,0,0,0,0,0,0,0,0,0,0,0,0,140,140,0,0,0,10,10,0,0,0,70,25,20,4,4,0,0,0,0,0,0,0,0,0,0,0,0,0,0,0,0,0,0,0,0,0,45,45,0,0,0,0,0,0,0,0,73,74,53,50,25,19,13,13,13,13,13,13,13,13,13,13,13,13,13,13,13,13,13,13,13,13,13,66,66,13,13,13,14,14,13,13,13,38,20,18,13,14,13,13,13,13,13,13,13,13,13,13,13,13,13,13,13,13,13,13,13,13,13,37,37,13,13,13,13,13,13,13,13
2013thru2017,50,05000US48433,"Stonewall County, Texas",48,433,460,350,275,240,20,10,0,0,0,0,0,0,0,0,0,0,0,0,0,0,0,0,0,0,0,0,0,75,50,20,4,0,0,0,0,0,0,110,75,65,4,4,0,30,30,0,0,0,0,0,0,0,0,0,0,0,0,0,0,0,0,0,0,0,0,0,0,0,4,4,0,0,0,69,54,43,52,15,11,13,13,13,13,13,13,13,13,13,13,13,13,13,13,13,13,13,13,13,13,13,35,35,17,2,13,13,13,13,13,13,36,32,29,14,13,13,29,29,13,13,13,13,13,13,13,13,13,13,13,13,13,13,13,13,13,13,13,13,13,13,13,2,2,13,13,13
2013thru2017,50,05000US48435,"Sutton County, Texas",48,435,1575,1075,475,380,55,30,10,0,0,0,0,0,0,0,0,0,0,0,0,0,0,0,0,0,0,0,0,585,430,120,40,0,10,10,0,0,0,500,235,175,45,15,0,0,0,0,0,0,0,0,0,0,0,0,0,0,0,0,0,0,0,0,0,265,265,0,0,0,0,0,0,0,0,109,128,110,93,45,37,17,13,13,13,13,13,13,13,13,13,13,13,13,13,13,13,13,13,13,13,13,111,103,59,28,13,15,15,13,13,13,122,81,60,41,18,13,13,13,13,13,13,13,13,13,13,13,13,13,13,13,13,13,13,13,13,13,101,101,13,13,13,13,13,13,13,13
2013thru2017,50,05000US48437,"Swisher County, Texas",48,437,2600,1815,1170,955,120,85,4,45,20,10,15,0,0,0,0,0,0,0,0,0,0,0,0,0,0,0,0,580,490,55,35,0,20,15,4,0,0,790,330,220,60,35,20,80,10,65,0,10,4,4,0,0,0,4,4,0,0,0,0,0,0,0,0,340,170,90,80,0,25,25,0,4,0,142,125,85,69,51,40,12,39,16,16,28,19,19,19,19,19,19,19,19,19,19,19,19,19,19,19,19,83,93,50,28,19,15,14,10,19,19,129,75,65,38,28,23,37,18,34,19,16,4,4,19,19,19,13,13,19,19,19,19,19,19,19,19,104,93,72,66,19,30,30,19,4,19
2013thru2017,50,05000US48439,"Tarrant County, Texas",48,439,689920,418850,270280,222160,28350,18090,1680,43230,32355,5710,4610,550,19235,14725,2830,1580,100,1340,1070,160,70,35,300,235,15,50,0,78860,59615,12605,6115,525,5610,4405,645,555,0,271070,118945,71730,24665,20725,1825,68355,31465,17910,17160,1820,9595,4715,2085,2150,645,815,495,125,200,0,635,325,160,150,4,66645,35800,16355,12960,1530,6070,3175,1330,1285,280,2079,3145,2076,2213,1233,920,294,1349,1235,633,484,169,668,728,454,302,64,215,205,110,45,41,125,118,26,45,31,1843,1496,835,520,129,513,455,150,143,31,2738,1986,1902,1095,941,375,1593,1379,1027,1104,324,627,411,399,420,182,182,162,81,94,31,172,149,92,113,24,1725,1407,909,919,310,682,473,294,264,136
2013thru2017,50,05000US48441,"Taylor County, Texas",48,441,49445,29150,22450,19000,2180,1060,205,970,860,70,35,4,240,185,20,35,0,55,35,15,4,0,25,15,0,0,15,5155,3875,775,435,75,255,200,4,45,0,20290,12515,6780,2910,2620,210,2285,1280,565,430,4,460,235,90,85,45,175,90,50,35,0,0,0,0,0,0,4540,2725,1035,690,95,320,125,70,120,0,723,656,539,545,282,176,70,204,184,56,29,16,73,63,23,35,31,41,29,25,3,31,29,22,31,31,22,374,390,172,150,48,75,72,15,34,31,880,745,567,380,396,123,294,288,214,172,8,125,76,68,84,67,69,56,43,32,31,31,31,31,31,31,413,371,256,186,75,131,77,57,104,31
2013thru2017,50,05000US48443,"Terrell County, Texas",48,443,345,265,90,70,0,4,15,10,10,0,0,0,0,0,0,0,0,4,0,4,0,0,0,0,0,0,0,160,135,20,0,0,0,0,0,0,0,80,30,20,10,0,0,10,0,0,10,0,0,0,0,0,0,0,0,0,0,0,0,0,0,0,0,40,35,4,0,0,0,0,0,0,0,74,68,45,37,13,5,28,13,13,13,13,13,13,13,13,13,13,10,13,10,13,13,13,13,13,13,13,57,49,29,13,13,13,13,13,13,13,45,20,16,14,13,13,25,13,13,25,13,13,13,13,13,13,13,13,13,13,13,13,13,13,13,13,33,29,11,13,13,13,13,13,13,13
2013thru2017,50,05000US48445,"Terry County, Texas",48,445,4140,2895,1560,1330,160,65,10,140,70,60,4,0,0,0,0,0,0,15,15,0,0,0,0,0,0,0,0,1175,1110,30,20,15,4,4,0,0,0,1250,525,400,65,60,0,55,20,10,25,0,0,0,0,0,0,0,0,0,0,0,0,0,0,0,0,665,450,85,125,0,4,4,0,0,0,231,270,152,180,95,55,15,69,52,83,19,21,21,21,21,21,21,23,23,21,21,21,21,21,21,21,21,172,177,30,20,22,8,8,21,21,21,217,143,122,64,64,21,51,39,18,40,21,21,21,21,21,21,21,21,21,21,21,21,21,21,21,21,167,135,75,78,21,21,21,21,21,21
2013thru2017,50,05000US48447,"Throckmorton County, Texas",48,447,710,520,460,425,25,15,0,0,0,0,0,0,4,0,0,4,0,0,0,0,0,0,0,0,0,0,0,55,40,10,4,0,0,0,0,0,0,190,140,100,15,25,0,0,0,0,0,0,0,0,0,0,0,0,0,0,0,0,0,0,0,0,0,40,35,0,4,0,15,4,4,0,0,59,52,53,51,16,12,13,13,13,13,13,13,9,13,13,9,13,13,13,13,13,13,13,13,13,13,13,29,26,17,1,13,13,13,13,13,13,51,45,44,19,20,13,13,13,13,13,13,13,13,13,13,13,13,13,13,13,13,13,13,13,13,13,29,28,13,4,13,19,14,12,13,13
2013thru2017,50,05000US48449,"Titus County, Texas",48,449,10675,7165,4520,3850,410,220,45,495,320,85,90,0,35,35,4,0,0,20,15,0,4,0,0,0,0,0,0,2025,1580,210,190,40,70,50,20,0,0,3510,1545,1160,190,190,10,670,295,205,135,30,0,0,0,0,0,15,0,15,0,0,0,0,0,0,0,1235,730,355,130,20,50,40,10,0,0,257,344,245,263,111,72,39,115,99,61,55,28,21,20,28,28,28,22,23,28,13,28,28,28,28,28,28,218,222,84,84,45,55,50,25,28,28,343,224,220,83,89,14,117,105,88,64,33,28,28,28,28,28,22,28,22,28,28,28,28,28,28,28,222,155,158,70,26,26,21,15,28,28
2013thru2017,50,05000US48451,"Tom Green County, Texas",48,451,43080,27170,18040,14820,1790,1315,110,540,445,35,55,4,210,175,20,0,15,60,60,0,0,0,10,10,0,0,0,8130,6705,860,495,70,185,145,25,15,0,15910,8415,5005,1885,1435,90,1080,570,230,250,30,250,155,70,25,0,35,15,20,0,0,25,0,25,0,0,5995,3120,1530,1130,220,110,85,30,0,0,610,654,547,542,272,268,59,133,134,33,57,10,87,80,29,31,24,52,52,31,31,31,17,17,31,31,31,412,394,252,153,45,68,64,26,25,31,732,644,532,324,245,57,239,152,132,153,38,109,105,73,26,31,47,26,38,31,31,39,31,39,31,31,510,454,315,273,136,74,70,30,31,31
2013thru2017,50,05000US48453,"Travis County, Texas",48,453,447560,234225,154770,121865,19445,12525,930,13975,10360,1900,1540,175,13555,10545,1670,1265,80,425,360,30,30,0,70,70,0,0,0,47345,33755,7275,5695,625,4085,3010,695,370,10,213335,105715,61115,22445,20220,1930,21240,9625,5355,5580,680,12865,7335,2255,2525,750,400,260,90,25,20,75,55,0,15,0,68085,32105,17890,16555,1540,4960,2395,1170,1185,210,1720,2275,1717,1667,957,764,227,694,685,319,260,105,606,537,341,236,73,123,113,29,35,31,43,43,31,31,31,1162,1098,636,523,189,475,413,211,157,21,2381,1750,1414,1035,746,401,1048,873,632,577,171,561,430,371,330,199,178,149,69,31,27,82,63,31,32,31,1361,1181,1094,949,369,520,393,275,246,120
2013thru2017,50,05000US48455,"Trinity County, Texas",48,455,5935,4615,3970,3255,355,305,50,430,350,30,45,0,0,0,0,0,0,20,20,0,0,0,0,0,0,0,0,170,130,35,4,0,30,4,4,4,15,1320,950,610,220,75,45,210,95,0,90,25,10,0,10,0,0,15,15,0,0,0,0,0,0,0,0,115,45,40,30,0,20,10,0,10,0,266,237,216,208,104,91,38,68,85,31,55,21,21,21,21,21,21,23,23,21,21,21,21,21,21,21,21,73,63,32,10,21,27,3,16,21,26,193,167,136,82,53,39,80,65,21,66,36,19,21,19,21,21,26,26,21,21,21,21,21,21,21,21,59,34,44,32,21,16,13,21,15,21
2013thru2017,50,05000US48457,"Tyler County, Texas",48,457,7310,6165,5590,4740,460,320,70,255,185,50,15,4,4,4,0,0,0,10,10,0,0,0,0,0,0,0,0,145,140,0,10,0,160,130,20,4,4,1150,905,570,80,255,0,155,60,50,45,0,0,0,0,0,0,0,0,0,0,0,0,0,0,0,0,55,35,4,15,0,35,30,4,0,0,435,366,328,326,148,130,49,77,70,41,20,11,9,9,25,25,25,18,18,25,25,25,25,25,25,25,25,58,58,25,16,25,48,51,25,8,7,247,222,155,48,129,25,73,45,44,34,25,25,25,25,25,25,25,25,25,25,25,25,25,25,25,25,56,44,8,27,25,41,39,17,25,25
2013thru2017,50,05000US48459,"Upshur County, Texas",48,459,14060,10825,9625,7925,920,650,130,625,500,60,70,0,4,4,0,0,0,85,70,0,15,0,0,0,0,0,0,450,365,55,30,0,30,30,0,0,0,3240,2515,1690,400,360,70,455,255,110,85,4,0,0,0,0,0,0,0,0,0,0,0,0,0,0,0,170,125,15,35,0,95,60,10,25,0,430,421,395,425,206,168,81,125,109,42,56,28,28,28,28,28,28,59,64,28,28,28,28,28,28,28,28,106,109,43,34,28,28,28,28,28,28,377,347,309,127,122,65,133,95,68,66,13,28,28,28,28,28,28,28,28,28,28,28,28,28,28,28,76,66,23,42,28,50,46,17,22,28
2013thru2017,50,05000US48461,"Upton County, Texas",48,461,1310,955,500,455,40,4,0,35,35,0,0,0,4,4,0,0,0,4,4,0,0,0,0,0,0,0,0,400,325,40,35,0,4,4,4,0,0,355,115,85,10,10,10,15,15,0,0,0,0,0,0,0,0,0,0,0,0,0,0,0,0,0,0,225,155,20,30,20,0,0,0,0,0,72,82,61,65,27,8,13,26,26,13,13,13,13,13,13,13,13,3,3,13,13,13,13,13,13,13,13,65,67,22,25,13,14,7,2,13,13,64,41,40,17,13,14,21,21,13,13,13,13,13,13,13,13,13,13,13,13,13,13,13,13,13,13,51,55,20,21,16,13,13,13,13,13
2013thru2017,50,05000US48463,"Uvalde County, Texas",48,463,8625,6285,2610,2250,220,120,20,15,0,0,15,0,70,70,0,0,0,30,30,0,0,0,0,0,0,0,0,3505,2935,375,190,10,55,0,4,50,0,2340,610,430,90,85,0,0,0,0,0,0,0,0,0,0,0,4,0,0,4,0,0,0,0,0,0,1715,1045,330,315,25,15,15,0,0,0,353,337,188,195,108,69,32,25,25,25,25,25,56,56,25,25,25,47,47,25,25,25,25,25,25,25,25,288,293,131,94,21,92,25,7,92,25,352,150,133,55,59,25,25,25,25,25,25,25,25,25,25,25,8,25,25,8,25,25,25,25,25,25,323,243,138,146,27,24,24,25,25,25
2013thru2017,50,05000US48465,"Val Verde County, Texas",48,465,15190,9590,2135,1830,205,85,15,45,0,25,20,0,30,30,0,0,0,0,0,0,0,0,0,0,0,0,0,7355,6145,655,525,30,30,30,0,0,0,5595,1280,930,240,40,75,230,180,50,0,0,35,10,0,20,0,0,0,0,0,0,0,0,0,0,0,3940,2295,870,665,110,110,75,25,15,0,418,422,191,196,101,43,23,48,28,43,38,28,22,22,28,28,28,28,28,28,28,28,28,28,28,28,28,403,360,197,159,48,45,45,28,28,28,468,223,218,98,33,99,79,72,54,28,28,44,22,28,40,28,28,28,28,28,28,28,28,28,28,28,388,364,211,217,87,66,56,26,23,28
2013thru2017,50,05000US48467,"Van Zandt County, Texas",48,467,19355,14925,13295,10770,1540,875,110,360,305,25,30,0,40,30,0,4,0,145,110,20,15,0,0,0,0,0,0,940,740,65,130,10,145,135,4,10,0,4430,3810,2585,705,465,50,125,70,25,20,10,25,25,0,0,0,10,0,0,10,0,0,0,0,0,0,405,185,95,115,10,50,10,0,40,0,436,448,420,437,259,179,63,104,104,27,28,31,56,55,31,16,31,72,65,23,27,31,31,31,31,31,31,147,152,56,81,22,66,60,4,24,31,334,295,299,185,148,34,57,46,30,26,15,26,26,31,31,31,19,31,31,19,31,31,31,31,31,31,116,93,65,57,15,35,14,31,34,31
2013thru2017,50,05000US48469,"Victoria County, Texas",48,469,32735,21460,13195,11215,1110,725,145,970,820,95,60,0,280,235,0,45,0,45,0,0,45,0,0,0,0,0,0,6785,5275,1025,425,60,185,115,50,15,4,11275,4495,2830,970,675,20,895,555,225,110,4,75,30,10,35,0,0,0,0,0,0,0,0,0,0,0,5720,3105,1315,1180,120,90,75,0,10,0,465,580,390,431,235,201,73,155,126,76,47,31,94,73,31,66,31,66,31,31,66,31,31,31,31,31,31,381,402,218,154,57,98,84,50,25,14,614,408,386,210,199,21,181,162,111,90,11,57,36,15,41,31,31,31,31,31,31,31,31,31,31,31,405,334,279,230,73,57,56,31,20,31
2013thru2017,50,05000US48471,"Walker County, Texas",48,471,21295,11240,8485,7185,740,415,140,1460,1130,150,180,0,130,130,0,0,0,25,15,10,0,0,0,0,0,0,0,1110,935,145,25,0,35,35,0,0,0,10055,5885,2630,1030,1290,930,2860,1295,410,865,285,245,100,0,145,0,40,40,0,0,0,0,0,0,0,0,990,255,120,555,65,35,35,0,0,0,876,635,523,514,226,152,79,227,213,83,97,31,80,80,31,31,31,32,20,24,31,31,31,31,31,31,31,220,198,76,35,31,23,23,31,31,31,686,506,322,199,311,271,381,300,188,274,137,141,89,31,131,31,47,47,31,31,31,31,31,31,31,31,227,146,88,194,77,46,46,31,31,31
2013thru2017,50,05000US48473,"Waller County, Texas",48,473,14700,10085,6215,5230,620,345,25,1275,825,215,240,0,85,45,4,35,0,10,10,0,0,0,0,0,0,0,0,2340,1790,280,270,0,155,110,35,10,0,4615,1705,1115,265,320,4,1905,700,510,600,95,10,0,10,0,0,10,10,0,0,0,0,0,0,0,0,940,475,195,250,20,40,15,0,25,0,627,417,340,366,145,114,34,196,169,102,163,28,38,34,14,34,28,14,14,28,28,28,28,28,28,28,28,249,243,137,143,28,72,66,45,23,28,604,308,260,130,138,10,414,228,299,297,87,16,28,16,28,28,22,22,28,28,28,28,28,28,28,28,223,163,95,140,31,50,32,28,35,28
2013thru2017,50,05000US48475,"Ward County, Texas",48,475,3955,2765,1275,1175,70,25,4,80,45,15,20,0,25,25,0,0,0,20,20,4,0,0,0,0,0,0,0,1355,1080,160,95,20,10,4,0,4,0,1185,545,450,40,45,10,150,150,0,0,0,0,0,0,0,0,15,15,0,0,0,0,0,0,0,0,470,315,4,150,0,10,4,10,0,0,155,158,112,119,37,26,4,51,42,24,35,21,38,38,21,21,21,19,19,6,21,21,21,21,21,21,21,115,113,68,55,27,14,5,21,11,21,175,108,94,41,42,16,74,74,21,21,21,21,21,21,21,21,24,24,21,21,21,21,21,21,21,21,112,94,12,85,21,13,8,13,21,21
2013thru2017,50,05000US48477,"Washington County, Texas",48,477,12205,9400,7370,6125,750,365,130,1275,850,245,140,45,95,70,0,30,0,35,35,0,0,0,40,40,0,0,0,575,460,70,45,0,10,10,0,0,0,2805,1720,1120,245,300,55,520,170,220,130,0,50,50,0,0,0,0,0,0,0,0,0,0,0,0,0,490,285,100,55,50,30,30,0,0,0,621,477,416,386,222,116,87,203,197,123,97,66,53,56,28,42,28,46,46,28,28,28,62,62,28,28,28,136,107,51,51,28,20,20,28,28,28,390,277,201,133,111,85,224,122,140,98,28,73,73,28,28,28,28,28,28,28,28,28,28,28,28,28,172,145,67,59,62,53,53,28,28,28
2013thru2017,50,05000US48479,"Webb County, Texas",48,479,72380,45600,2415,1695,300,275,145,50,40,10,0,0,285,160,50,50,25,35,20,4,10,0,0,0,0,0,0,42800,30795,6420,4800,785,10,10,0,0,0,26780,1200,815,185,145,50,195,150,25,20,0,265,205,35,10,15,10,10,4,0,0,0,0,0,0,0,25100,10560,5635,6230,2675,10,0,10,4,0,562,923,324,309,116,103,112,48,47,15,31,31,90,98,45,64,35,21,22,3,13,31,31,31,31,31,31,851,1016,531,461,192,19,19,31,31,31,891,247,229,100,91,46,76,85,24,29,31,93,86,32,13,24,14,14,1,31,31,31,31,31,31,31,865,721,566,535,345,13,31,14,5,31
2013thru2017,50,05000US48481,"Wharton County, Texas",48,481,15225,10270,6275,5245,610,405,10,1200,880,120,205,0,4,0,4,0,0,20,20,0,0,0,0,0,0,0,0,2745,2145,310,285,4,25,15,0,10,0,4955,1840,1285,285,225,50,1000,615,140,235,10,10,10,0,0,0,0,0,0,0,0,0,0,0,0,0,2090,1465,230,385,4,20,0,0,20,0,376,430,278,291,199,135,15,159,149,64,90,28,5,28,5,28,28,34,34,28,28,28,28,28,28,28,28,279,249,120,118,3,27,21,28,18,28,510,310,256,128,112,46,207,192,61,100,15,17,17,28,28,28,28,28,28,28,28,28,28,28,28,28,291,235,101,151,16,31,28,28,31,28
2013thru2017,50,05000US48483,"Wheeler County, Texas",48,483,2285,1460,1200,1080,40,80,0,25,4,20,0,0,0,0,0,0,0,0,0,0,0,0,0,0,0,0,0,200,170,15,0,15,35,35,0,0,0,825,500,425,30,40,0,45,20,15,10,0,0,0,0,0,0,4,4,0,0,0,0,0,0,0,0,265,210,0,55,0,10,10,0,0,0,86,115,94,91,24,45,19,20,9,21,19,19,19,19,19,19,19,19,19,19,19,19,19,19,19,19,19,61,58,20,19,23,18,18,19,19,19,99,85,78,21,27,19,27,19,18,19,19,19,19,19,19,19,3,3,19,19,19,19,19,19,19,19,66,64,19,40,19,14,14,19,19,19
2013thru2017,50,05000US48485,"Wichita County, Texas",48,485,48530,29760,23410,19205,2520,1545,140,1300,950,115,210,25,425,330,75,15,4,185,110,30,45,0,4,4,0,0,0,4000,2855,645,405,95,435,305,100,30,0,18770,12610,7150,2640,2625,195,2910,1190,625,895,195,185,130,20,30,15,150,70,65,4,10,25,25,0,0,0,2380,1365,510,495,10,510,235,140,135,0,833,580,513,549,326,231,91,178,159,69,97,24,97,106,53,18,4,80,53,39,56,31,15,15,31,31,31,310,294,163,137,81,105,100,43,22,31,846,747,609,369,339,100,301,227,167,213,77,79,64,32,32,25,78,56,52,14,13,23,23,31,31,31,358,257,192,189,16,127,91,78,80,31
2013thru2017,50,05000US48487,"Wilbarger County, Texas",48,487,5155,3345,2430,1920,295,180,30,185,135,0,50,0,4,4,0,4,0,0,0,0,0,0,0,0,0,0,0,660,530,105,15,10,60,60,0,0,0,1810,1030,755,185,65,20,240,175,35,30,0,30,30,0,0,0,80,80,0,0,0,0,0,0,0,0,405,280,45,60,20,25,25,0,0,0,228,236,177,197,130,93,30,87,95,21,57,21,21,4,21,4,21,21,21,21,21,21,21,21,21,21,21,125,124,74,21,17,57,57,21,21,21,259,195,174,84,56,24,93,79,38,41,21,36,36,21,21,21,49,49,21,21,21,21,21,21,21,21,142,117,68,50,31,42,42,21,21,21
2013thru2017,50,05000US48489,"Willacy County, Texas",48,489,5735,4465,820,575,70,120,55,0,0,0,0,0,0,0,0,0,0,4,0,0,4,0,0,0,0,0,0,3630,2715,415,210,295,10,10,0,0,0,1270,135,110,10,15,0,25,25,0,0,0,0,0,0,0,0,0,0,0,0,0,0,0,0,0,0,1115,650,160,230,80,0,0,0,0,0,183,249,138,120,40,131,59,25,25,25,25,25,25,25,25,25,25,2,25,25,2,25,25,25,25,25,25,232,213,115,73,103,17,17,25,25,25,207,110,103,15,28,25,35,35,25,25,25,25,25,25,25,25,25,25,25,25,25,25,25,25,25,25,180,158,78,112,71,25,25,25,25,25
2013thru2017,50,05000US48491,"Williamson County, Texas",48,491,170050,117210,86230,70790,9635,5205,595,5330,3920,935,470,0,6410,5325,640,335,110,270,205,25,40,0,95,95,0,0,0,17030,13255,2275,1450,50,1845,1420,305,110,15,52840,31110,18320,7640,4905,245,4795,2530,1310,920,35,2805,2040,440,280,45,50,50,0,0,0,20,0,0,20,0,12780,7100,3180,2190,310,1280,575,415,275,15,1055,1371,1313,1289,600,445,187,451,421,218,151,31,417,395,159,165,98,91,75,28,41,31,82,82,31,31,31,810,673,341,342,48,295,243,128,66,24,1306,1121,928,596,540,94,456,366,292,269,62,361,335,145,133,54,46,46,31,31,31,31,31,31,31,31,749,687,456,374,172,262,180,162,126,24
2013thru2017,50,05000US48493,"Wilson County, Texas",48,493,15755,13155,8805,7425,795,550,30,205,155,45,10,0,20,20,0,0,0,10,4,4,0,0,0,0,0,0,0,4040,3220,430,360,30,80,60,4,15,0,2600,1370,1040,205,90,35,25,4,4,15,0,20,10,0,10,0,15,15,0,0,0,0,0,0,0,0,1120,690,290,130,10,50,45,0,4,0,265,311,294,308,190,136,29,57,68,42,18,28,20,20,28,28,28,14,5,16,28,28,28,28,28,28,28,252,250,138,151,29,40,33,16,23,28,276,223,202,105,51,31,23,15,1,20,28,21,16,28,17,28,18,18,28,28,28,28,28,28,28,28,185,174,99,59,14,35,31,28,9,28
2013thru2017,50,05000US48495,"Winkler County, Texas",48,495,2525,1975,900,805,60,35,0,35,35,0,0,0,0,0,0,0,0,0,0,0,0,0,0,0,0,0,0,1015,820,65,130,0,20,10,10,0,0,550,245,155,15,55,20,4,4,0,0,0,0,0,0,0,0,20,0,0,20,0,0,0,0,0,0,280,220,20,45,0,0,0,0,0,0,121,126,86,81,44,29,19,28,28,19,19,19,19,19,19,19,19,19,19,19,19,19,19,19,19,19,19,110,146,47,66,19,35,20,25,19,19,131,70,68,19,41,22,5,5,19,19,19,19,19,19,19,19,33,19,19,33,19,19,19,19,19,19,103,93,20,48,19,19,19,19,19,19
2013thru2017,50,05000US48497,"Wise County, Texas",48,497,21690,16640,14390,11800,1605,830,150,115,90,0,25,0,90,60,25,4,0,125,125,0,0,0,4,0,4,0,0,1835,1380,205,250,4,90,80,4,4,0,5050,3730,2250,830,595,60,55,55,0,0,0,0,0,0,0,0,45,45,0,0,0,0,0,0,0,0,1185,550,220,355,55,35,25,10,0,0,402,543,513,448,293,169,75,56,45,31,43,31,33,33,26,4,31,71,71,31,31,31,31,31,31,31,31,230,234,99,121,5,52,52,7,10,31,461,404,316,232,169,43,62,62,31,31,31,31,31,31,31,31,47,47,31,31,31,31,31,31,31,31,261,238,115,198,70,27,25,13,31,31
2013thru2017,50,05000US48499,"Wood County, Texas",48,499,16120,12965,11650,9385,1280,880,105,530,410,65,30,25,10,0,0,10,0,40,30,0,10,0,35,35,0,0,0,630,540,20,65,4,75,40,25,10,0,3155,2585,1585,465,495,40,205,85,0,105,15,0,0,0,0,0,15,15,0,0,0,0,0,0,0,0,315,195,50,70,0,35,4,15,15,0,406,400,404,455,199,209,84,100,94,55,33,35,19,28,28,19,28,34,31,28,18,28,56,56,28,28,28,126,139,26,48,28,48,44,31,15,28,291,257,204,158,164,33,112,61,28,85,30,28,28,28,28,28,27,27,28,28,28,28,28,28,28,28,108,89,42,83,28,33,17,17,19,28
2013thru2017,50,05000US48501,"Yoakum County, Texas",48,501,2650,2055,870,815,20,35,0,0,0,0,0,0,0,0,0,0,0,15,0,0,15,0,0,0,0,0,0,1175,1025,90,60,0,0,0,0,0,0,600,175,155,0,0,15,0,0,0,0,0,0,0,0,0,0,0,0,0,0,0,0,0,0,0,0,425,310,85,30,0,0,0,0,0,0,150,147,97,104,27,30,19,19,19,19,19,19,19,19,19,19,19,22,19,19,22,19,19,19,19,19,19,128,155,70,54,19,19,19,19,19,19,141,76,71,19,19,32,19,19,19,19,19,19,19,19,19,19,19,19,19,19,19,19,19,19,19,19,141,120,80,38,19,19,19,19,19,19
2013thru2017,50,05000US48503,"Young County, Texas",48,503,7065,5530,4880,4105,505,245,20,45,45,0,0,0,50,15,0,35,0,50,40,0,10,0,0,0,0,0,0,500,440,60,0,0,0,0,0,0,0,1535,1210,860,95,195,50,25,15,10,0,0,4,4,0,0,0,0,0,0,0,0,0,0,0,0,0,280,260,0,20,0,20,0,20,0,0,311,304,297,313,148,102,23,41,41,21,21,21,28,18,21,26,21,51,49,21,20,21,21,21,21,21,21,116,99,61,21,21,21,21,21,21,21,252,232,211,68,103,43,28,22,22,21,21,21,21,21,21,21,21,21,21,21,21,21,21,21,21,21,122,117,21,29,21,33,21,33,21,21
2013thru2017,50,05000US48505,"Zapata County, Texas",48,505,4455,3220,305,305,0,0,0,0,0,0,0,0,15,15,0,0,0,0,0,0,0,0,0,0,0,0,0,2905,2360,300,210,30,0,0,0,0,0,1235,120,80,40,0,0,0,0,0,0,0,0,0,0,0,0,0,0,0,0,0,0,0,0,0,0,1115,770,175,155,15,0,0,0,0,0,296,307,81,81,21,21,21,21,21,21,21,21,18,18,21,21,21,21,21,21,21,21,21,21,21,21,21,284,254,125,116,32,21,21,21,21,21,265,74,61,60,21,21,21,21,21,21,21,21,21,21,21,21,21,21,21,21,21,21,21,21,21,21,232,218,120,102,25,21,21,21,21,21
2013thru2017,50,05000US48507,"Zavala County, Texas",48,507,3535,2450,140,135,0,4,0,0,0,0,0,0,0,0,0,0,0,4,0,0,4,0,0,0,0,0,0,2265,1855,235,150,25,40,20,0,20,0,1085,95,65,4,25,0,0,0,0,0,0,0,0,0,0,0,0,0,0,0,0,0,0,0,0,0,990,420,230,330,10,0,0,0,0,0,145,198,80,75,21,15,21,21,21,21,21,21,21,21,21,21,21,4,21,21,4,21,21,21,21,21,21,206,210,106,116,27,41,28,21,31,21,189,64,57,12,36,21,21,21,21,21,21,21,21,21,21,21,21,21,21,21,21,21,21,21,21,21,180,134,87,150,17,21,21,21,21,21