source,sumlevel,geoid,name,st,cnty,T1_est1,T1_est2,T1_est3,T1_est4,T1_est5,T1_est6,T1_est7,T1_est8,T1_est9,T1_est10,T1_est11,T1_est12,T1_est13,T1_est14,T1_est15,T1_est16,T1_est17,T1_est18,T1_est19,T1_est20,T1_est21,T1_est22,T1_est23,T1_est24,T1_est25,T1_est26,T1_est27,T1_est28,T1_est29,T1_est30,T1_est31,T1_est32,T1_est33,T1_est34,T1_est35,T1_est36,T1_est37,T1_est38,T1_est39,T1_est40,T1_est41,T1_est42,T1_est43,T1_est44,T1_est45,T1_est46,T1_est47,T1_est48,T1_est49,T1_est50,T1_est51,T1_est52,T1_est53,T1_est54,T1_est55,T1_est56,T1_est57,T1_est58,T1_est59,T1_est60,T1_est61,T1_est62,T1_est63,T1_est64,T1_est65,T1_est66,T1_est67,T1_est68,T1_est69,T1_est70,T1_est71,T1_est72,T1_est73,T1_est74,T1_est75,T1_est76,T1_est77,T1_est78,T1_est79,T1_est80,T1_est81,T1_est82,T1_est83,T1_est84,T1_est85,T1_est86,T1_est87,T1_est88,T1_est89,T1_est90,T1_est91,T1_est92,T1_est93,T1_est94,T1_est95,T1_est96,T1_est97,T1_est98,T1_est99,T1_est100,T1_est101,T1_est102,T1_est103,T1_est104,T1_est105,T1_est106,T1_est107,T1_est108,T1_est109,T1_est110,T1_est111,T1_est112,T1_est113,T1_est114,T1_est115,T1_est116,T1_est117,T1_est118,T1_est119,T1_est120,T1_est121,T1_est122,T1_est123,T1_est124,T1_est125,T1_est126,T1_est127,T1_est128,T1_est129,T1_est130,T1_est131,T1_est132,T1_est133,T1_est134,T1_est135,T1_est136,T1_est137,T1_est138,T1_est139,T1_est140,T1_est141,T1_est142,T1_est143,T1_est144,T1_est145,T1_est146,T1_est147,T1_est148,T1_est149,T1_est150,T1_est151,T1_est152,T1_est153,T1_est154,T1_est155,T1_est156,T1_est157,T1_est158,T1_est159,T1_est160,T1_est161,T1_est162,T1_est163,T1_est164,T1_est165,T1_est166,T1_est167,T1_est168,T1_est169,T1_est170,T1_est171,T1_est172,T1_est173,T1_est174,T1_est175,T1_est176,T1_est177,T1_est178,T1_est179,T1_est180,T1_est181,T1_est182,T1_est183,T1_est184,T1_est185,T1_est186,T1_est187,T1_est188,T1_est189,T1_est190,T1_est191,T1_est192,T1_est193,T1_est194,T1_est195,T1_est196,T1_est197,T1_est198,T1_est199,T1_est200,T1_est201,T1_est202,T1_est203,T1_est204,T1_est205,T1_est206,T1_est207,T1_est208,T1_est209,T1_est210,T1_est211,T1_est212,T1_est213,T1_est214,T1_est215,T1_est216,T1_est217,T1_est218,T1_est219,T1_est220,T1_est221,T1_est222,T1_est223,T1_est224,T1_est225,T1_est226,T1_est227,T1_est228,T1_est229,T1_est230,T1_est231,T1_est232,T1_est233,T1_est234,T1_est235,T1_est236,T1_est237,T1_est238,T1_est239,T1_est240,T1_est241,T1_est242,T1_est243,T1_est244,T1_est245,T1_est246,T1_est247,T1_est248,T1_est249,T1_moe1,T1_moe2,T1_moe3,T1_moe4,T1_moe5,T1_moe6,T1_moe7,T1_moe8,T1_moe9,T1_moe10,T1_moe11,T1_moe12,T1_moe13,T1_moe14,T1_moe15,T1_moe16,T1_moe17,T1_moe18,T1_moe19,T1_moe20,T1_moe21,T1_moe22,T1_moe23,T1_moe24,T1_moe25,T1_moe26,T1_moe27,T1_moe28,T1_moe29,T1_moe30,T1_moe31,T1_moe32,T1_moe33,T1_moe34,T1_moe35,T1_moe36,T1_moe37,T1_moe38,T1_moe39,T1_moe40,T1_moe41,T1_moe42,T1_moe43,T1_moe44,T1_moe45,T1_moe46,T1_moe47,T1_moe48,T1_moe49,T1_moe50,T1_moe51,T1_moe52,T1_moe53,T1_moe54,T1_moe55,T1_moe56,T1_moe57,T1_moe58,T1_moe59,T1_moe60,T1_moe61,T1_moe62,T1_moe63,T1_moe64,T1_moe65,T1_moe66,T1_moe67,T1_moe68,T1_moe69,T1_moe70,T1_moe71,T1_moe72,T1_moe73,T1_moe74,T1_moe75,T1_moe76,T1_moe77,T1_moe78,T1_moe79,T1_moe80,T1_moe81,T1_moe82,T1_moe83,T1_moe84,T1_moe85,T1_moe86,T1_moe87,T1_moe88,T1_moe89,T1_moe90,T1_moe91,T1_moe92,T1_moe93,T1_moe94,T1_moe95,T1_moe96,T1_moe97,T1_moe98,T1_moe99,T1_moe100,T1_moe101,T1_moe102,T1_moe103,T1_moe104,T1_moe105,T1_moe106,T1_moe107,T1_moe108,T1_moe109,T1_moe110,T1_moe111,T1_moe112,T1_moe113,T1_moe114,T1_moe115,T1_moe116,T1_moe117,T1_moe118,T1_moe119,T1_moe120,T1_moe121,T1_moe122,T1_moe123,T1_moe124,T1_moe125,T1_moe126,T1_moe127,T1_moe128,T1_moe129,T1_moe130,T1_moe131,T1_moe132,T1_moe133,T1_moe134,T1_moe135,T1_moe136,T1_moe137,T1_moe138,T1_moe139,T1_moe140,T1_moe141,T1_moe142,T1_moe143,T1_moe144,T1_moe145,T1_moe146,T1_moe147,T1_moe148,T1_moe149,T1_moe150,T1_moe151,T1_moe152,T1_moe153,T1_moe154,T1_moe155,T1_moe156,T1_moe157,T1_moe158,T1_moe159,T1_moe160,T1_moe161,T1_moe162,T1_moe163,T1_moe164,T1_moe165,T1_moe166,T1_moe167,T1_moe168,T1_moe169,T1_moe170,T1_moe171,T1_moe172,T1_moe173,T1_moe174,T1_moe175,T1_moe176,T1_moe177,T1_moe178,T1_moe179,T1_moe180,T1_moe181,T1_moe182,T1_moe183,T1_moe184,T1_moe185,T1_moe186,T1_moe187,T1_moe188,T1_moe189,T1_moe190,T1_moe191,T1_moe192,T1_moe193,T1_moe194,T1_moe195,T1_moe196,T1_moe197,T1_moe198,T1_moe199,T1_moe200,T1_moe201,T1_moe202,T1_moe203,T1_moe204,T1_moe205,T1_moe206,T1_moe207,T1_moe208,T1_moe209,T1_moe210,T1_moe211,T1_moe212,T1_moe213,T1_moe214,T1_moe215,T1_moe216,T1_moe217,T1_moe218,T1_moe219,T1_moe220,T1_moe221,T1_moe222,T1_moe223,T1_moe224,T1_moe225,T1_moe226,T1_moe227,T1_moe228,T1_moe229,T1_moe230,T1_moe231,T1_moe232,T1_moe233,T1_moe234,T1_moe235,T1_moe236,T1_moe237,T1_moe238,T1_moe239,T1_moe240,T1_moe241,T1_moe242,T1_moe243,T1_moe244,T1_moe245,T1_moe246,T1_moe247,T1_moe248,T1_moe249
2013thru2017,50,05000US48001,"Anderson County, Texas",48,1,16565,11750,2575,585,355,65,0,20,0,125,25,640,455,155,4,0,0,20,4,560,360,70,0,0,0,130,0,365,300,10,0,0,0,50,0,430,285,25,15,0,0,105,0,9030,150,80,70,0,0,0,0,0,680,570,75,4,0,0,25,0,1360,900,135,15,10,0,275,25,1205,990,90,15,0,0,110,0,5640,4955,240,10,15,0,360,65,140,140,80,45,0,0,0,20,0,0,0,0,0,0,0,0,0,0,0,0,0,0,0,0,0,0,0,0,0,0,0,0,0,0,0,0,0,0,0,0,0,4820,2240,525,285,200,0,0,0,20,15,770,335,305,0,0,0,100,25,705,485,140,4,0,0,75,10,130,75,4,0,4,0,30,15,115,65,50,0,0,0,4,0,2565,185,55,80,0,0,0,50,0,280,205,75,0,0,0,4,0,500,175,130,0,0,0,185,4,385,350,35,0,0,0,0,0,1215,800,225,40,0,0,130,20,15,15,10,4,0,0,0,0,0,0,0,0,0,0,0,0,0,0,0,0,0,0,0,0,0,0,0,0,0,0,0,0,0,0,0,0,0,0,0,0,0,424,468,336,155,134,52,31,19,31,87,23,194,182,94,10,31,31,33,18,158,127,56,31,31,31,81,31,181,151,21,31,31,31,51,31,176,100,22,28,31,31,107,31,507,76,41,66,31,31,31,31,31,164,149,61,10,31,31,35,31,265,203,96,23,13,31,148,27,248,228,52,25,31,31,87,31,428,407,122,14,21,31,170,37,77,77,51,39,31,31,31,32,31,31,31,31,31,31,31,31,31,31,31,31,31,31,31,31,31,31,31,31,31,31,31,31,31,31,31,31,31,31,31,31,31,452,382,153,102,102,31,31,31,23,22,209,153,135,31,31,31,80,29,239,193,139,2,31,31,77,16,79,60,4,31,10,31,54,26,72,44,59,31,31,31,31,31,331,100,54,54,31,31,31,58,31,128,111,66,31,31,31,4,31,161,89,85,31,31,31,108,13,141,140,46,31,31,31,31,31,232,190,100,45,31,31,103,33,20,20,18,4,31,31,31,31,31,31,31,31,31,31,31,31,31,31,31,31,31,31,31,31,31,31,31,31,31,31,31,31,31,31,31,31,31,31,31,31,31
2013thru2017,50,05000US48003,"Andrews County, Texas",48,3,5415,3980,640,165,80,0,0,0,10,75,0,165,30,0,0,0,0,135,0,120,60,0,0,0,0,60,0,20,0,0,0,0,0,20,0,165,70,0,0,0,0,100,0,3300,85,10,0,0,0,0,75,0,230,115,4,0,0,0,105,0,380,195,0,0,0,0,185,0,295,100,10,0,0,0,185,0,2310,1290,0,20,4,0,960,40,40,40,15,0,0,0,0,25,0,0,0,0,0,0,0,0,0,0,0,0,0,0,0,0,0,0,0,0,0,0,0,0,0,0,0,0,0,0,0,0,0,1430,630,170,35,25,0,0,0,95,10,205,70,0,0,0,0,130,0,105,60,0,0,0,0,40,0,60,4,0,0,0,0,55,0,95,25,0,0,0,0,35,30,800,60,15,0,0,0,0,45,0,35,20,0,0,0,0,15,0,125,85,15,0,0,0,25,0,115,70,15,0,0,0,35,0,465,240,15,0,0,0,205,0,0,0,0,0,0,0,0,0,0,0,0,0,0,0,0,0,0,0,0,0,0,0,0,0,0,0,0,0,0,0,0,0,0,0,0,0,0,0,0,0,0,193,264,206,70,50,21,21,21,19,52,21,112,27,21,21,21,21,112,21,82,49,21,21,21,21,60,21,36,21,21,21,21,21,36,21,95,51,21,21,21,21,77,21,295,60,19,21,21,21,21,57,21,95,62,11,21,21,21,78,21,121,73,21,21,21,21,94,21,132,52,15,21,21,21,114,21,278,162,21,32,10,21,209,36,35,35,21,21,21,21,21,31,21,21,21,21,21,21,21,21,21,21,21,21,21,21,21,21,21,21,21,21,21,21,21,21,21,21,21,21,21,21,21,21,21,252,193,91,29,40,21,21,21,72,18,118,68,21,21,21,21,95,21,73,68,21,21,21,21,49,21,58,17,21,21,21,21,55,21,75,31,21,21,21,21,51,49,180,52,18,21,21,21,21,50,21,35,21,21,21,21,21,29,21,66,59,22,21,21,21,34,21,88,63,27,21,21,21,40,21,140,105,26,21,21,21,103,21,21,21,21,21,21,21,21,21,21,21,21,21,21,21,21,21,21,21,21,21,21,21,21,21,21,21,21,21,21,21,21,21,21,21,21,21,21,21,21,21,21
2013thru2017,50,05000US48005,"Angelina County, Texas",48,5,30930,20425,3825,1055,745,65,40,0,0,205,0,890,575,110,10,0,0,195,0,950,495,75,10,0,0,340,30,340,175,20,25,0,0,120,0,590,390,15,30,0,0,145,10,16430,295,205,45,0,0,0,40,4,835,685,45,0,0,0,80,25,2380,1720,195,4,0,0,450,10,1735,1370,40,0,0,0,295,30,11185,8815,965,70,30,0,1235,70,170,170,125,30,0,0,0,15,0,0,0,0,0,0,0,0,0,0,0,0,0,0,0,0,0,0,0,0,0,0,0,0,0,0,0,0,0,0,0,0,0,10505,5155,1575,765,575,0,0,0,230,10,1940,820,670,4,0,0,440,10,1035,490,345,10,0,0,150,45,185,115,45,0,0,0,25,0,415,315,0,0,0,0,100,0,5065,370,155,165,0,0,0,45,4,465,315,140,0,0,0,4,4,700,405,170,0,4,0,120,0,810,375,290,30,0,0,115,0,2720,1940,490,10,0,0,180,100,285,285,125,90,10,0,0,60,0,0,0,0,0,0,0,0,0,0,0,0,0,0,0,0,0,0,0,0,0,0,0,0,0,0,0,0,0,0,0,0,0,527,609,439,227,178,50,55,31,31,106,31,227,194,67,15,31,31,92,31,225,189,50,21,31,31,126,34,135,82,39,33,31,31,89,31,181,152,16,35,31,31,122,13,644,113,84,53,31,31,31,44,14,197,179,31,31,31,31,55,36,348,270,105,15,31,31,127,23,274,263,33,31,31,31,110,38,511,465,197,43,29,31,243,43,100,100,89,29,31,31,31,24,31,31,31,31,31,31,31,31,31,31,31,31,31,31,31,31,31,31,31,31,31,31,31,31,31,31,31,31,31,31,31,31,31,541,488,243,152,176,31,31,31,118,17,358,232,180,4,31,31,154,20,231,163,128,21,31,31,83,43,83,66,50,31,31,31,41,31,155,125,31,31,31,31,92,31,476,158,104,106,31,31,31,41,14,139,127,79,31,31,31,13,11,204,140,92,31,5,31,82,31,199,145,135,44,31,31,71,31,338,307,164,15,31,31,68,82,159,159,93,95,18,31,31,85,31,31,31,31,31,31,31,31,31,31,31,31,31,31,31,31,31,31,31,31,31,31,31,31,31,31,31,31,31,31,31,31,31
2013thru2017,50,05000US48007,"Aransas County, Texas",48,7,9530,7040,1645,480,375,0,4,0,0,95,0,280,260,10,0,0,0,10,0,365,205,0,15,0,0,135,10,175,175,0,0,0,0,0,0,345,315,0,0,0,0,30,0,5370,30,30,0,0,0,0,0,0,435,260,0,0,0,0,175,0,795,645,0,0,0,0,145,4,455,395,4,0,0,0,50,0,3655,2940,10,130,0,0,550,30,25,25,25,0,0,0,0,0,0,0,0,0,0,0,0,0,0,0,0,0,0,0,0,0,0,0,0,0,0,0,0,0,0,0,0,0,0,0,0,0,0,2490,1210,405,320,0,0,0,0,80,4,415,340,0,15,0,0,55,4,205,135,0,0,0,0,45,25,100,15,0,10,0,0,70,0,90,35,0,0,0,0,45,10,1280,195,75,0,0,0,0,120,0,80,25,4,0,0,0,50,0,175,105,25,0,0,0,40,4,235,30,0,0,0,0,205,0,595,435,45,0,0,0,95,20,0,0,0,0,0,0,0,0,0,0,0,0,0,0,0,0,0,0,0,0,0,0,0,0,0,0,0,0,0,0,0,0,0,0,0,0,0,0,0,0,0,506,346,265,143,135,25,18,25,25,75,25,114,109,19,25,25,25,17,25,137,88,25,32,25,25,121,14,106,106,25,25,25,25,25,25,134,127,25,25,25,25,42,25,405,32,32,25,25,25,25,25,25,143,121,25,25,25,25,88,25,243,233,25,25,25,25,108,3,156,155,21,25,25,25,45,25,331,257,22,82,25,25,221,27,20,20,20,25,25,25,25,25,25,25,25,25,25,25,25,25,25,25,25,25,25,25,25,25,25,25,25,25,25,25,25,25,25,25,25,25,25,25,25,25,25,411,333,187,168,25,25,25,25,71,12,202,180,25,25,25,25,71,3,111,98,25,25,25,25,46,24,114,26,25,29,25,25,110,25,68,42,25,25,25,25,52,20,321,174,88,25,25,25,25,156,25,73,36,5,25,25,25,69,25,115,80,46,25,25,25,62,3,183,35,25,25,25,25,178,25,199,171,41,25,25,25,76,27,25,25,25,25,25,25,25,25,25,25,25,25,25,25,25,25,25,25,25,25,25,25,25,25,25,25,25,25,25,25,25,25,25,25,25,25,25,25,25,25,25
2013thru2017,50,05000US48009,"Archer County, Texas",48,9,3350,2750,435,95,90,0,0,0,0,4,0,100,100,0,0,0,0,0,0,140,115,0,0,15,0,0,10,25,25,0,0,0,0,0,0,75,75,0,0,0,0,4,0,2315,25,15,0,0,0,0,10,0,105,95,0,0,0,0,10,0,235,215,0,0,0,0,20,0,195,180,0,0,0,0,15,0,1760,1680,0,0,0,0,55,25,0,0,0,0,0,0,0,0,0,0,0,0,0,0,0,0,0,0,0,0,0,0,0,0,0,0,0,0,0,0,0,0,0,0,0,0,0,0,0,0,0,600,195,55,50,0,0,0,0,4,0,55,40,0,0,0,0,10,0,65,60,0,0,0,0,4,0,4,4,0,0,0,0,0,0,15,15,0,0,0,0,0,0,405,55,50,0,0,0,0,4,0,65,55,0,0,0,0,10,0,85,65,0,0,0,0,15,0,65,60,0,0,0,0,0,4,135,120,0,0,0,0,4,10,0,0,0,0,0,0,0,0,0,0,0,0,0,0,0,0,0,0,0,0,0,0,0,0,0,0,0,0,0,0,0,0,0,0,0,0,0,0,0,0,0,138,136,102,43,42,19,19,19,19,7,19,64,64,19,19,19,19,19,19,65,56,19,19,24,19,19,19,19,19,19,19,19,19,19,19,35,34,19,19,19,19,3,19,135,21,16,19,19,19,19,16,19,45,44,19,19,19,19,13,19,80,68,19,19,19,19,34,19,60,59,19,19,19,19,16,19,121,116,19,19,19,19,32,33,19,19,19,19,19,19,19,19,19,19,19,19,19,19,19,19,19,19,19,19,19,19,19,19,19,19,19,19,19,19,19,19,19,19,19,19,19,19,19,19,19,98,73,39,36,19,19,19,19,14,19,38,34,19,19,19,19,19,19,39,42,19,19,19,19,13,19,10,10,19,19,19,19,19,19,26,26,19,19,19,19,19,19,79,28,27,19,19,19,19,3,19,33,30,19,19,19,19,16,19,46,43,19,19,19,19,17,19,38,38,19,19,19,19,19,13,45,43,19,19,19,19,1,16,19,19,19,19,19,19,19,19,19,19,19,19,19,19,19,19,19,19,19,19,19,19,19,19,19,19,19,19,19,19,19,19,19,19,19,19,19,19,19,19,19
2013thru2017,50,05000US48011,"Armstrong County, Texas",48,11,700,570,50,35,35,0,0,0,0,0,0,10,10,0,0,0,0,0,0,4,4,0,0,0,0,0,0,0,0,0,0,0,0,0,0,0,0,0,0,0,0,0,0,515,4,4,0,0,0,0,0,0,25,25,0,0,0,0,0,0,50,50,0,0,0,0,0,0,55,50,0,0,0,0,4,0,380,345,0,0,4,0,30,0,4,4,4,0,0,0,0,0,0,0,0,0,0,0,0,0,0,0,0,0,0,0,0,0,0,0,0,0,0,0,0,0,0,0,0,0,0,0,0,0,0,135,40,15,15,0,0,0,0,0,0,4,4,0,0,0,0,0,0,15,15,0,0,0,0,0,0,0,0,0,0,0,0,0,0,0,0,0,0,0,0,0,0,90,0,0,0,0,0,0,0,0,10,4,0,0,0,0,4,0,15,15,0,0,0,0,0,0,10,10,0,0,0,0,0,0,60,60,0,0,0,0,0,0,4,4,4,0,0,0,0,0,0,0,0,0,0,0,0,0,0,0,0,0,0,0,0,0,0,0,0,0,0,0,0,0,0,0,0,0,0,0,0,0,0,48,49,24,22,22,13,13,13,13,13,13,11,11,13,13,13,13,13,13,10,10,13,13,13,13,13,13,13,13,13,13,13,13,13,13,13,13,13,13,13,13,13,13,49,12,12,13,13,13,13,13,13,17,17,13,13,13,13,13,13,23,23,13,13,13,13,13,13,26,26,13,13,13,13,2,13,49,47,13,13,3,13,25,13,2,2,2,13,13,13,13,13,13,13,13,13,13,13,13,13,13,13,13,13,13,13,13,13,13,13,13,13,13,13,13,13,13,13,13,13,13,13,13,13,13,41,23,14,14,13,13,13,13,13,13,15,15,13,13,13,13,13,13,19,19,13,13,13,13,13,13,13,13,13,13,13,13,13,13,13,13,13,13,13,13,13,13,33,13,13,13,13,13,13,13,13,15,13,13,13,13,13,6,13,14,14,13,13,13,13,13,13,12,12,13,13,13,13,13,13,31,31,13,13,13,13,13,13,13,13,13,13,13,13,13,13,13,13,13,13,13,13,13,13,13,13,13,13,13,13,13,13,13,13,13,13,13,13,13,13,13,13,13,13,13,13,13,13,13
2013thru2017,50,05000US48013,"Atascosa County, Texas",48,13,15510,11535,2215,540,190,0,0,0,0,350,0,365,110,0,0,0,0,225,30,390,95,10,0,0,0,285,0,105,30,0,0,0,0,75,0,820,290,0,0,0,0,520,10,9250,315,110,0,0,0,0,205,0,660,165,0,0,0,0,495,0,1285,400,40,0,0,0,845,4,950,260,0,10,0,0,675,0,6045,3400,35,30,0,0,2525,50,70,70,0,0,0,0,0,70,0,0,0,0,0,0,0,0,0,0,0,0,0,0,0,0,0,0,0,0,0,0,0,0,0,0,0,0,0,0,0,0,0,3970,1395,395,55,0,0,0,0,300,40,305,100,0,0,0,0,155,50,385,165,0,0,0,0,220,0,135,50,0,0,0,0,85,0,175,0,0,0,0,0,175,4,2530,250,100,10,0,15,0,125,0,180,50,0,0,0,0,125,0,395,230,0,0,0,0,165,0,415,35,0,0,0,0,380,0,1290,670,50,0,0,0,530,40,45,45,4,0,0,0,0,40,0,0,0,0,0,0,0,0,0,0,0,0,0,0,0,0,0,0,0,0,0,0,0,0,0,0,0,0,0,0,0,0,0,407,438,339,163,97,28,28,28,28,145,28,141,76,28,28,28,28,102,37,128,61,22,28,28,28,115,28,83,33,28,28,28,28,75,28,218,120,28,28,28,28,173,19,498,169,111,28,28,28,28,132,28,193,80,28,28,28,28,193,28,267,121,47,28,28,28,220,7,280,129,28,27,28,28,242,28,485,309,60,37,28,28,330,43,66,66,28,28,28,28,28,66,28,28,28,28,28,28,28,28,28,28,28,28,28,28,28,28,28,28,28,28,28,28,28,28,28,28,28,28,28,28,28,28,28,413,273,179,38,28,28,28,28,160,61,157,88,28,28,28,28,131,55,177,120,28,28,28,28,131,28,82,40,28,28,28,28,71,28,113,28,28,28,28,28,114,8,382,120,97,24,28,32,28,78,28,96,44,28,28,28,28,95,28,152,122,28,28,28,28,85,28,191,37,28,28,28,28,189,28,291,200,49,28,28,28,187,70,50,50,19,28,28,28,28,47,28,28,28,28,28,28,28,28,28,28,28,28,28,28,28,28,28,28,28,28,28,28,28,28,28,28,28,28,28,28,28,28,28
2013thru2017,50,05000US48015,"Austin County, Texas",48,15,11020,8175,1580,400,220,30,0,0,0,135,15,320,185,25,0,0,0,100,10,300,225,10,0,0,0,45,25,145,105,0,0,0,0,40,0,420,255,15,0,0,0,150,0,6540,150,45,75,0,0,0,4,25,330,300,15,0,0,0,15,0,875,710,75,0,0,0,85,0,660,345,165,4,0,0,145,0,4525,3805,170,0,0,0,515,40,55,55,45,10,0,0,0,0,0,0,0,0,0,0,0,0,0,0,0,0,0,0,0,0,0,0,0,0,0,0,0,0,0,0,0,0,0,0,0,0,0,2845,1405,485,215,120,0,0,0,145,0,665,380,40,0,0,0,245,0,175,55,70,0,0,0,50,0,65,30,0,0,0,0,35,0,15,15,0,0,0,0,0,0,1430,220,120,35,0,0,0,65,0,65,55,10,0,0,0,0,0,420,245,90,0,0,0,60,20,150,45,50,0,0,0,55,0,575,490,10,4,0,0,70,0,15,15,15,0,0,0,0,0,0,0,0,0,0,0,0,0,0,0,0,0,0,0,0,0,0,0,0,0,0,0,0,0,0,0,0,0,0,0,0,0,0,295,338,226,140,89,31,25,25,25,93,24,111,73,31,25,25,25,69,18,120,113,14,25,25,25,44,34,86,75,25,25,25,25,39,25,142,93,25,25,25,25,113,25,390,87,42,62,25,25,25,19,38,152,145,24,25,25,25,20,25,199,174,45,25,25,25,52,25,206,129,124,7,25,25,97,25,391,335,87,25,25,25,167,35,45,45,42,21,25,25,25,25,25,25,25,25,25,25,25,25,25,25,25,25,25,25,25,25,25,25,25,25,25,25,25,25,25,25,25,25,25,25,25,25,25,328,274,167,107,88,25,25,25,95,25,248,188,38,25,25,25,142,25,112,49,85,25,25,25,59,25,65,51,25,25,25,25,41,25,31,31,25,25,25,25,25,25,254,96,57,41,25,25,25,65,25,49,46,16,25,25,25,25,25,142,102,86,25,25,25,60,35,96,33,60,25,25,25,61,25,187,172,14,7,25,25,70,25,24,24,24,25,25,25,25,25,25,25,25,25,25,25,25,25,25,25,25,25,25,25,25,25,25,25,25,25,25,25,25,25,25,25,25,25,25,25,25,25,25
2013thru2017,50,05000US48017,"Bailey County, Texas",48,17,2230,1610,405,70,0,0,15,0,0,55,0,110,55,0,0,0,0,55,0,155,15,0,0,4,0,130,0,0,0,0,0,0,0,0,0,70,20,0,0,0,0,50,0,1115,0,0,0,0,0,0,0,0,10,4,0,0,0,0,10,0,240,75,0,0,0,0,165,0,185,100,0,0,0,0,80,0,680,560,0,0,0,0,120,0,95,95,95,0,0,0,0,0,0,0,0,0,0,0,0,0,0,0,0,0,0,0,0,0,0,0,0,0,0,0,0,0,0,0,0,0,0,0,0,0,0,620,320,65,40,0,10,0,0,15,0,90,0,0,0,0,0,90,0,100,0,30,0,0,0,65,0,40,0,0,0,0,0,40,0,25,0,0,0,0,0,25,0,290,0,0,0,0,0,0,0,0,0,0,0,0,0,0,0,0,60,10,0,0,0,0,50,0,4,0,0,0,0,0,4,0,225,100,0,0,0,0,125,0,10,10,10,0,0,0,0,0,0,0,0,0,0,0,0,0,0,0,0,0,0,0,0,0,0,0,0,0,0,0,0,0,0,0,0,0,0,0,0,0,0,189,255,139,56,19,19,22,19,19,50,19,65,42,19,19,19,19,54,19,104,28,19,19,11,19,102,19,19,19,19,19,19,19,19,19,60,37,19,19,19,19,53,19,211,19,19,19,19,19,19,19,19,18,2,19,19,19,19,17,19,116,57,19,19,19,19,99,19,99,67,19,19,19,19,76,19,167,146,19,19,19,19,76,19,117,117,117,19,19,19,19,19,19,19,19,19,19,19,19,19,19,19,19,19,19,19,19,19,19,19,19,19,19,19,19,19,19,19,19,19,19,19,19,19,19,187,125,57,44,19,23,19,19,23,19,94,19,19,19,19,19,94,19,82,19,40,19,19,19,70,19,48,19,19,19,19,19,48,19,32,19,19,19,19,19,32,19,162,19,19,19,19,19,19,19,19,19,19,19,19,19,19,19,19,52,16,19,19,19,19,49,19,16,19,19,19,19,19,16,19,155,84,19,19,19,19,109,19,17,17,17,19,19,19,19,19,19,19,19,19,19,19,19,19,19,19,19,19,19,19,19,19,19,19,19,19,19,19,19,19,19,19,19,19,19,19,19,19,19
2013thru2017,50,05000US48019,"Bandera County, Texas",48,19,8280,7005,1385,475,455,0,0,0,0,20,0,170,145,0,0,0,0,25,0,305,270,0,0,25,0,10,0,185,125,0,0,0,0,60,0,245,220,0,0,0,0,30,0,5480,220,165,0,0,0,0,50,0,255,245,0,0,0,0,0,10,680,540,15,0,0,0,120,4,635,505,0,0,0,0,105,25,3690,3205,15,0,10,0,425,35,145,145,110,0,0,0,0,35,0,0,0,0,0,0,0,0,0,0,0,0,0,0,0,0,0,0,0,0,0,0,0,0,0,0,0,0,0,0,0,0,0,1270,535,135,115,0,0,0,0,10,15,265,210,0,0,0,0,55,0,80,75,0,0,0,0,0,4,45,45,0,0,0,0,0,0,10,10,0,0,0,0,0,0,695,15,15,0,0,0,0,0,0,80,80,0,0,0,0,0,0,215,165,0,0,0,0,50,0,60,45,0,0,0,0,15,0,325,260,0,4,0,0,45,10,40,40,25,0,0,0,0,0,15,0,0,0,0,0,0,0,0,0,0,0,0,0,0,0,0,0,0,0,0,0,0,0,0,0,0,0,0,0,0,0,0,432,379,292,172,170,25,25,25,25,27,25,76,77,25,25,25,25,42,25,117,116,25,25,36,25,18,25,106,90,25,25,25,25,57,25,101,99,25,25,25,25,32,25,394,131,119,25,25,25,25,57,25,95,93,25,25,25,25,25,16,181,137,25,25,25,25,99,14,169,134,25,25,25,25,90,37,298,297,25,25,23,25,145,46,95,95,77,25,25,25,25,55,25,25,25,25,25,25,25,25,25,25,25,25,25,25,25,25,25,25,25,25,25,25,25,25,25,25,25,25,25,25,25,25,25,249,189,94,85,25,25,25,25,17,28,123,100,25,25,25,25,63,25,89,89,25,25,25,25,25,4,45,45,25,25,25,25,25,25,13,13,25,25,25,25,25,25,168,23,23,25,25,25,25,25,25,84,84,25,25,25,25,25,25,93,81,25,25,25,25,52,25,47,38,25,25,25,25,29,25,126,109,25,10,25,25,44,21,39,39,28,25,25,25,25,25,31,25,25,25,25,25,25,25,25,25,25,25,25,25,25,25,25,25,25,25,25,25,25,25,25,25,25,25,25,25,25,25,25
2013thru2017,50,05000US48021,"Bastrop County, Texas",48,21,26015,19910,5130,1480,805,85,30,10,0,545,4,1175,670,50,20,25,0,415,0,1250,705,175,0,0,0,370,0,550,315,10,25,20,0,160,20,680,395,15,15,0,0,235,20,14545,205,90,30,0,0,0,65,20,1320,685,175,0,20,0,400,40,2820,1810,195,0,0,0,800,15,1535,1110,25,15,25,0,355,0,8665,6795,335,40,0,0,1375,120,235,235,185,50,0,0,0,0,0,0,0,0,0,0,0,0,0,0,0,0,0,0,0,0,0,0,0,0,0,0,0,0,0,0,0,0,0,0,0,0,0,6105,2610,1010,480,195,0,0,0,315,15,900,525,85,4,0,0,280,0,570,305,45,0,0,0,210,10,30,30,0,0,0,0,4,0,95,55,0,0,0,0,45,0,3260,310,160,10,0,10,0,110,20,330,180,70,0,0,0,85,0,755,500,105,0,0,0,150,0,440,230,75,10,0,0,120,0,1425,1010,170,20,4,0,150,75,235,235,130,55,0,0,0,50,0,0,0,0,0,0,0,0,0,0,0,0,0,0,0,0,0,0,0,0,0,0,0,0,0,0,0,0,0,0,0,0,0,596,706,551,287,220,81,31,16,31,179,13,263,194,58,24,35,31,178,31,285,186,126,31,31,31,190,31,191,141,17,35,30,31,116,30,188,129,26,24,31,31,116,32,612,109,55,38,31,31,31,72,32,255,198,127,31,32,31,133,54,365,306,123,31,31,31,213,26,262,234,44,21,28,31,137,31,601,514,118,25,31,31,239,88,150,150,121,92,31,31,31,31,31,31,31,31,31,31,31,31,31,31,31,31,31,31,31,31,31,31,31,31,31,31,31,31,31,31,31,31,31,31,31,31,31,605,436,314,173,135,31,31,31,169,30,277,215,76,15,31,31,133,31,215,148,66,31,31,31,143,15,35,36,31,31,31,31,3,31,72,47,31,31,31,31,58,31,480,151,105,21,31,15,31,106,32,161,105,73,31,31,31,94,31,197,169,85,31,31,31,85,31,178,98,44,20,31,31,114,31,335,270,143,25,13,31,113,80,134,134,127,53,31,31,31,57,31,31,31,31,31,31,31,31,31,31,31,31,31,31,31,31,31,31,31,31,31,31,31,31,31,31,31,31,31,31,31,31,31
2013thru2017,50,05000US48023,"Baylor County, Texas",48,23,1645,1275,140,70,65,0,0,0,0,0,4,40,0,0,0,0,0,40,0,10,10,0,0,0,0,0,0,0,0,0,0,0,0,0,0,20,20,0,0,0,0,0,0,1110,60,20,0,0,0,0,0,45,115,115,0,0,0,0,0,0,260,220,10,0,0,0,30,0,145,145,0,0,0,0,0,0,530,505,20,0,0,0,0,0,25,25,25,0,0,0,0,0,0,0,0,0,0,0,0,0,0,0,0,0,0,0,0,0,0,0,0,0,0,0,0,0,0,0,0,0,0,0,0,0,0,370,100,40,40,0,0,0,0,0,0,45,25,0,0,0,0,20,0,20,20,0,0,0,0,0,0,0,0,0,0,0,0,0,0,0,0,0,0,0,0,0,0,265,20,20,0,0,0,0,0,0,30,30,0,0,0,0,0,0,125,125,0,0,0,0,0,0,20,20,0,0,0,0,0,0,70,50,0,0,0,0,20,0,4,4,4,0,0,0,0,0,0,0,0,0,0,0,0,0,0,0,0,0,0,0,0,0,0,0,0,0,0,0,0,0,0,0,0,0,0,0,0,0,0,109,110,58,46,42,13,13,13,13,13,14,43,13,13,13,13,13,43,13,14,14,13,13,13,13,13,13,13,13,13,13,13,13,13,13,26,26,13,13,13,13,13,13,111,58,23,13,13,13,13,13,55,55,55,13,13,13,13,13,13,85,75,18,13,13,13,35,13,80,80,13,13,13,13,13,13,83,82,27,13,13,13,13,13,28,28,28,13,13,13,13,13,13,13,13,13,13,13,13,13,13,13,13,13,13,13,13,13,13,13,13,13,13,13,13,13,13,13,13,13,13,13,13,13,13,89,60,31,31,13,13,13,13,13,13,44,39,13,13,13,13,22,13,26,26,13,13,13,13,13,13,13,13,13,13,13,13,13,13,13,13,13,13,13,13,13,13,86,23,23,13,13,13,13,13,13,29,29,13,13,13,13,13,13,77,77,13,13,13,13,13,13,30,30,13,13,13,13,13,13,53,51,13,13,13,13,20,13,13,13,13,13,13,13,13,13,13,13,13,13,13,13,13,13,13,13,13,13,13,13,13,13,13,13,13,13,13,13,13,13,13,13,13,13,13,13,13,13,13
2013thru2017,50,05000US48025,"Bee County, Texas",48,25,8530,5375,1180,340,150,4,0,0,0,190,0,275,95,0,0,0,0,180,0,290,105,0,0,10,0,175,0,25,4,0,0,0,0,20,0,250,50,0,0,0,0,200,0,4145,115,45,0,0,0,0,75,0,280,120,0,0,0,0,165,0,630,310,4,0,4,0,310,0,495,220,0,10,0,0,265,0,2620,1335,10,30,0,0,1220,25,50,50,10,0,0,0,0,40,0,0,0,0,0,0,0,0,0,0,0,0,0,0,0,0,0,0,0,0,0,0,0,0,0,0,0,0,0,0,0,0,0,3155,1420,605,200,10,0,0,0,395,0,305,115,0,0,0,0,190,0,290,50,10,0,0,0,235,0,70,35,0,0,0,0,35,0,145,100,4,0,0,0,45,0,1660,110,30,4,0,0,0,80,0,85,15,0,0,0,0,70,0,135,50,4,0,0,0,85,0,345,255,70,0,0,0,25,0,980,460,10,0,15,0,500,0,75,75,15,0,0,0,0,65,0,0,0,0,0,0,0,0,0,0,0,0,0,0,0,0,0,0,0,0,0,0,0,0,0,0,0,0,0,0,0,0,0,297,333,214,120,93,9,28,28,28,95,28,109,75,28,28,28,28,96,28,108,59,28,28,25,28,83,28,28,7,28,28,28,28,29,28,113,39,28,28,28,28,107,28,358,72,35,28,28,28,28,61,28,99,64,28,28,28,28,76,28,177,106,11,28,13,28,130,28,210,138,28,18,28,28,122,28,285,205,25,37,28,28,212,36,41,41,16,28,28,28,28,37,28,28,28,28,28,28,28,28,28,28,28,28,28,28,28,28,28,28,28,28,28,28,28,28,28,28,28,28,28,28,28,28,28,349,312,197,141,35,28,28,28,143,28,167,113,28,28,28,28,119,28,122,61,27,28,28,28,117,28,63,46,28,28,28,28,42,28,110,104,16,28,28,28,44,28,283,69,34,9,28,28,28,59,28,71,16,28,28,28,28,71,28,77,45,13,28,28,28,59,28,172,151,62,28,28,28,20,28,223,168,33,28,14,28,172,28,64,64,24,28,28,28,28,57,28,28,28,28,28,28,28,28,28,28,28,28,28,28,28,28,28,28,28,28,28,28,28,28,28,28,28,28,28,28,28,28,28
2013thru2017,50,05000US48027,"Bell County, Texas",48,27,116395,63765,13230,2755,1315,595,170,0,10,630,35,2300,1120,375,100,0,65,620,20,3645,1690,810,100,0,20,825,200,1535,865,315,35,0,0,275,50,3000,1535,735,70,20,0,600,40,49780,385,255,25,10,0,0,90,4,1375,1000,100,55,0,0,205,15,4235,2800,490,85,0,15,815,30,4165,2535,585,115,0,0,880,45,39625,25240,6945,780,125,100,5685,745,755,755,410,110,35,0,0,185,10,0,0,0,0,0,0,0,0,0,0,0,0,0,0,0,0,0,0,0,0,0,0,0,0,0,0,0,0,0,0,0,0,52630,22465,6390,1985,2410,135,25,35,1595,210,6355,2060,2250,95,0,90,1655,205,6475,2545,1890,310,0,140,1370,225,1720,940,190,10,0,55,470,55,1520,850,300,15,15,0,285,50,29150,740,285,200,25,0,0,195,35,1320,615,420,10,25,0,240,10,4890,2020,1345,130,60,25,1165,140,4885,1965,1295,115,15,15,1260,210,17320,8800,4040,695,65,135,3035,545,1010,1010,510,195,30,4,0,240,25,0,0,0,0,0,0,0,0,0,0,0,0,0,0,0,0,0,0,0,0,0,0,0,0,0,0,0,0,0,0,0,0,1464,1309,924,427,280,206,95,31,16,188,29,331,206,149,78,31,63,159,27,446,270,221,85,31,33,206,107,241,199,128,39,31,31,87,38,384,281,211,71,31,31,173,45,1125,148,127,19,20,31,31,77,15,198,177,55,41,31,31,84,25,401,302,147,43,31,24,244,27,390,281,156,58,31,31,232,33,1112,818,484,159,73,57,426,217,237,237,163,102,37,31,31,106,17,31,31,31,31,31,31,31,31,31,31,31,31,31,31,31,31,31,31,31,31,31,31,31,31,31,31,31,31,31,31,31,31,1198,964,609,310,398,97,22,32,295,113,630,319,389,57,31,68,342,98,622,363,416,138,31,76,301,113,352,254,132,18,31,68,217,65,374,274,189,21,28,31,126,66,1199,219,97,142,29,31,31,126,54,296,199,166,21,42,31,126,20,613,338,329,96,75,32,337,86,612,339,281,62,22,29,314,119,1022,603,492,257,61,92,506,167,242,242,170,105,37,7,31,124,35,31,31,31,31,31,31,31,31,31,31,31,31,31,31,31,31,31,31,31,31,31,31,31,31,31,31,31,31,31,31,31,31
2013thru2017,50,05000US48029,"Bexar County, Texas",48,29,627890,368815,84900,19765,5425,1330,280,35,15,12520,160,17380,4545,845,305,35,25,11400,225,22300,6325,1465,730,80,40,13400,265,8320,3040,370,205,70,0,4570,70,17130,7675,965,500,35,55,7490,410,280920,5045,870,275,0,0,0,3820,75,13685,3010,720,270,65,0,9570,55,31930,8755,1390,400,40,15,21070,255,24990,8000,1130,320,15,0,15335,190,205275,100090,11925,4985,390,180,84910,2795,3000,3000,1050,220,75,0,15,1595,40,0,0,0,0,0,0,0,0,0,0,0,0,0,0,0,0,0,0,0,0,0,0,0,0,0,0,0,0,0,0,0,0,259070,125435,42740,8415,5525,960,10,45,27115,665,37035,8425,4300,725,15,0,23025,545,32125,9470,3545,790,50,0,17770,495,6425,2710,595,145,15,0,2850,105,7110,3040,645,565,50,15,2620,180,127465,6570,955,845,115,55,25,4435,135,5885,1010,375,20,20,0,4390,70,22620,4635,2745,200,55,10,14525,445,19310,5430,2230,360,25,35,11020,215,73085,28865,7535,3205,85,25,31860,1515,6170,6170,1580,540,535,4,0,3390,120,0,0,0,0,0,0,0,0,0,0,0,0,0,0,0,0,0,0,0,0,0,0,0,0,0,0,0,0,0,0,0,0,2209,2619,1727,818,508,262,91,33,23,699,70,777,375,234,121,36,45,742,87,1083,534,264,218,85,49,874,104,600,379,148,97,82,31,448,44,938,595,232,161,32,76,669,155,2677,361,170,108,31,31,31,331,68,668,308,152,91,47,31,553,44,1224,547,202,117,33,25,1016,120,972,560,213,99,18,31,779,108,2518,1706,564,416,129,90,1806,364,300,300,200,95,51,31,25,252,32,31,31,31,31,31,31,31,31,31,31,31,31,31,31,31,31,31,31,31,31,31,31,31,31,31,31,31,31,31,31,31,31,2593,2364,1593,633,565,245,14,73,1205,193,1398,787,559,236,29,31,1040,173,1322,808,492,181,61,31,964,164,573,392,188,78,28,31,354,67,648,418,215,165,59,27,388,127,2301,559,223,230,73,50,40,432,76,506,206,104,20,33,31,467,52,1047,434,386,115,63,17,882,184,1001,537,432,145,31,53,684,109,1852,1169,666,362,54,30,1081,296,723,723,359,185,175,7,31,462,110,31,31,31,31,31,31,31,31,31,31,31,31,31,31,31,31,31,31,31,31,31,31,31,31,31,31,31,31,31,31,31,31
2013thru2017,50,05000US48031,"Blanco County, Texas",48,31,4230,3240,795,140,120,0,15,0,0,0,4,250,115,0,0,0,0,55,80,210,100,0,0,0,0,45,65,45,45,0,0,0,0,0,0,145,110,0,0,0,0,35,0,2420,65,65,0,0,0,0,0,0,125,95,0,0,0,0,30,0,250,245,0,0,0,0,4,0,290,245,0,0,0,0,45,0,1695,1550,0,0,0,0,145,0,25,25,25,0,0,0,0,0,0,0,0,0,0,0,0,0,0,0,0,0,0,0,0,0,0,0,0,0,0,0,0,0,0,0,0,0,0,0,0,0,0,990,345,95,70,0,15,0,0,10,0,120,110,0,0,0,0,10,0,95,80,0,0,0,0,15,0,0,0,0,0,0,0,0,0,35,20,0,0,0,0,15,0,635,10,10,0,0,0,0,0,0,60,50,0,0,0,0,10,0,175,125,0,0,0,0,50,0,140,115,0,0,0,0,25,0,250,220,0,0,0,0,30,0,10,10,10,0,0,0,0,0,0,0,0,0,0,0,0,0,0,0,0,0,0,0,0,0,0,0,0,0,0,0,0,0,0,0,0,0,0,0,0,0,0,261,234,155,81,75,21,29,21,21,21,17,95,56,21,21,21,21,38,80,105,53,21,21,21,21,35,74,33,33,21,21,21,21,21,21,69,62,21,21,21,21,46,21,218,45,45,21,21,21,21,21,21,65,60,21,21,21,21,23,21,91,95,21,21,21,21,5,21,118,98,21,21,21,21,64,21,214,195,21,21,21,21,72,21,23,23,23,21,21,21,21,21,21,21,21,21,21,21,21,21,21,21,21,21,21,21,21,21,21,21,21,21,21,21,21,21,21,21,21,21,21,21,21,21,21,204,140,62,53,21,24,21,21,14,21,60,59,21,21,21,21,15,21,64,61,21,21,21,21,26,21,21,21,21,21,21,21,21,21,40,33,21,21,21,21,20,21,163,13,13,21,21,21,21,21,21,35,34,21,21,21,21,14,21,94,77,21,21,21,21,46,21,85,75,21,21,21,21,28,21,92,88,21,21,21,21,35,21,16,16,16,21,21,21,21,21,21,21,21,21,21,21,21,21,21,21,21,21,21,21,21,21,21,21,21,21,21,21,21,21,21,21,21,21,21,21,21,21,21
2013thru2017,50,05000US48033,"Borden County, Texas",48,33,250,185,15,4,4,0,0,0,0,0,0,0,0,0,0,0,0,0,0,4,0,0,0,0,0,4,0,4,4,0,0,0,0,0,0,0,0,0,0,0,0,0,0,165,0,0,0,0,0,0,0,0,10,10,0,0,0,0,0,0,15,15,0,0,0,0,0,0,4,4,0,0,0,0,0,0,135,125,0,0,0,0,10,0,4,4,4,0,0,0,0,0,0,0,0,0,0,0,0,0,0,0,0,0,0,0,0,0,0,0,0,0,0,0,0,0,0,0,0,0,0,0,0,0,0,65,4,0,0,0,0,0,0,0,0,4,4,0,0,0,0,0,0,0,0,0,0,0,0,0,0,0,0,0,0,0,0,0,0,0,0,0,0,0,0,0,0,60,0,0,0,0,0,0,0,0,0,0,0,0,0,0,0,0,15,15,0,0,0,0,0,0,15,15,0,0,0,0,0,0,30,30,0,0,0,0,4,0,0,0,0,0,0,0,0,0,0,0,0,0,0,0,0,0,0,0,0,0,0,0,0,0,0,0,0,0,0,0,0,0,0,0,0,0,0,0,0,0,0,37,40,12,9,9,13,13,13,13,13,13,13,13,13,13,13,13,13,13,1,13,13,13,13,13,1,13,8,8,13,13,13,13,13,13,13,13,13,13,13,13,13,13,39,13,13,13,13,13,13,13,13,12,12,13,13,13,13,13,13,13,13,13,13,13,13,13,13,6,6,13,13,13,13,13,13,39,36,13,13,13,13,13,13,4,4,4,13,13,13,13,13,13,13,13,13,13,13,13,13,13,13,13,13,13,13,13,13,13,13,13,13,13,13,13,13,13,13,13,13,13,13,13,13,13,21,1,13,13,13,13,13,13,13,13,1,1,13,13,13,13,13,13,13,13,13,13,13,13,13,13,13,13,13,13,13,13,13,13,13,13,13,13,13,13,13,13,25,13,13,13,13,13,13,13,13,13,13,13,13,13,13,13,13,16,16,13,13,13,13,13,13,12,12,13,13,13,13,13,13,22,18,13,13,13,13,1,13,13,13,13,13,13,13,13,13,13,13,13,13,13,13,13,13,13,13,13,13,13,13,13,13,13,13,13,13,13,13,13,13,13,13,13,13,13,13,13,13,13
2013thru2017,50,05000US48035,"Bosque County, Texas",48,35,7025,5435,1120,220,185,0,4,0,0,15,10,340,315,0,0,0,0,25,0,175,145,0,0,0,0,20,10,105,75,0,0,0,0,20,10,285,245,0,0,10,0,30,0,4285,15,10,0,0,0,0,4,0,275,175,10,0,0,0,90,0,725,580,0,0,10,0,135,0,405,330,10,0,0,0,55,10,2865,2635,50,4,4,0,175,0,25,25,25,0,0,0,0,4,0,0,0,0,0,0,0,0,0,0,0,0,0,0,0,0,0,0,0,0,0,0,0,0,0,0,0,0,0,0,0,0,0,1590,530,165,120,0,0,0,0,45,0,160,125,0,0,0,0,35,0,135,85,0,0,0,0,45,0,20,10,0,0,0,0,10,0,50,40,0,0,0,0,10,0,1040,60,45,0,0,0,0,15,0,130,95,0,0,0,0,4,35,240,190,4,0,0,0,40,4,195,155,0,10,0,0,30,0,415,395,0,0,0,0,15,4,20,20,20,0,0,0,0,0,0,0,0,0,0,0,0,0,0,0,0,0,0,0,0,0,0,0,0,0,0,0,0,0,0,0,0,0,0,0,0,0,0,224,183,152,59,55,21,14,21,21,15,13,90,88,21,21,21,21,18,21,56,51,21,21,21,21,23,17,39,34,21,21,21,21,21,12,92,79,21,21,17,21,35,21,172,13,12,21,21,21,21,21,21,79,54,21,21,21,21,51,21,114,105,21,21,14,21,72,21,91,80,20,21,21,21,33,16,184,176,38,2,4,21,60,21,27,27,26,21,21,21,21,3,21,21,21,21,21,21,21,21,21,21,21,21,21,21,21,21,21,21,21,21,21,21,21,21,21,21,21,21,21,21,21,21,21,182,128,76,59,21,21,21,21,41,21,64,52,21,21,21,21,29,21,61,52,21,21,21,21,36,21,24,15,21,21,21,21,16,21,36,33,21,21,21,21,16,21,146,29,28,21,21,21,21,13,21,62,48,21,21,21,21,9,40,79,72,10,21,21,21,31,10,72,65,21,17,21,21,33,21,91,89,21,21,21,21,19,2,20,20,20,21,21,21,21,21,21,21,21,21,21,21,21,21,21,21,21,21,21,21,21,21,21,21,21,21,21,21,21,21,21,21,21,21,21,21,21,21,21
2013thru2017,50,05000US48037,"Bowie County, Texas",48,37,33170,21585,4340,990,610,320,0,4,0,40,15,885,625,175,0,0,0,80,4,1135,980,95,0,0,0,55,4,500,275,150,0,0,0,75,0,830,660,140,25,0,0,0,10,16990,305,160,145,0,0,0,0,0,825,580,140,0,10,0,75,20,1945,1610,305,0,30,0,0,4,1430,1185,130,20,15,0,70,10,12490,10325,1530,60,120,0,280,170,255,255,120,40,0,0,0,95,0,0,0,0,0,0,0,0,0,0,0,0,0,0,0,0,0,0,0,0,0,0,0,0,0,0,0,0,0,0,0,0,0,11590,5490,2215,925,1170,20,0,0,70,25,1660,760,785,35,4,0,75,4,1205,585,385,4,0,0,230,0,140,105,35,0,0,0,0,0,270,225,45,0,0,0,0,0,5820,310,120,185,0,0,0,0,4,275,160,55,0,0,0,25,35,1370,730,530,25,40,0,0,45,920,590,270,0,0,0,60,0,2945,1850,715,105,15,0,180,80,275,275,100,170,0,0,0,0,10,0,0,0,0,0,0,0,0,0,0,0,0,0,0,0,0,0,0,0,0,0,0,0,0,0,0,0,0,0,0,0,0,604,608,461,190,157,117,31,4,31,62,19,242,198,95,31,31,31,82,2,295,265,52,31,31,31,57,5,185,126,102,31,31,31,81,31,244,214,93,27,31,31,31,20,650,131,97,93,31,31,31,31,31,225,147,77,31,14,31,125,21,336,289,129,31,32,31,31,3,216,180,78,29,21,31,97,21,541,512,180,65,61,31,142,83,127,127,64,34,31,31,31,115,31,31,31,31,31,31,31,31,31,31,31,31,31,31,31,31,31,31,31,31,31,31,31,31,31,31,31,31,31,31,31,31,31,628,571,409,252,240,33,31,31,81,36,311,212,242,48,8,31,74,31,242,174,143,11,31,31,138,31,89,77,40,31,31,31,31,31,134,124,55,31,31,31,31,31,484,116,68,97,31,31,31,31,31,107,95,40,31,31,31,37,55,235,165,190,43,44,31,31,41,252,190,119,31,31,31,56,31,406,334,211,79,27,31,103,92,135,135,77,106,31,31,31,31,16,31,31,31,31,31,31,31,31,31,31,31,31,31,31,31,31,31,31,31,31,31,31,31,31,31,31,31,31,31,31,31,31
2013thru2017,50,05000US48039,"Brazoria County, Texas",48,39,117090,84215,15975,4425,2430,360,185,20,0,1400,30,3405,1845,285,155,0,0,1120,4,4195,1850,650,205,0,0,1390,100,1465,665,405,70,0,0,330,0,2485,820,320,230,0,0,1110,4,67535,1945,1030,170,0,0,0,745,4,3950,2235,205,50,85,0,1310,65,8845,5545,730,275,55,0,2110,135,6135,3885,325,135,15,0,1710,60,46660,29680,5495,3755,40,0,7130,555,710,710,465,45,10,0,0,175,15,0,0,0,0,0,0,0,0,0,0,0,0,0,0,0,0,0,0,0,0,0,0,0,0,0,0,0,0,0,0,0,0,32870,13130,6390,2605,1255,115,45,0,2210,155,3075,1705,395,30,0,0,840,105,2685,1370,625,25,40,0,620,10,500,360,0,65,0,0,80,0,480,195,15,0,0,0,270,0,19245,1090,490,140,110,0,0,350,0,1785,945,295,90,0,0,440,15,4700,2035,775,230,15,0,1545,95,3605,1520,965,90,0,0,1030,0,8065,4080,1725,275,60,0,1805,120,495,495,240,55,0,0,0,200,0,0,0,0,0,0,0,0,0,0,0,0,0,0,0,0,0,0,0,0,0,0,0,0,0,0,0,0,0,0,0,0,0,970,1397,1066,544,321,143,114,34,31,346,34,475,284,135,110,31,31,294,2,687,363,338,134,31,31,374,94,366,164,254,82,31,31,130,31,538,206,175,149,31,31,414,6,1368,329,221,83,31,31,31,218,4,517,314,119,48,86,31,305,54,603,412,273,148,54,31,341,98,595,475,147,76,23,31,341,78,1463,930,590,410,41,31,723,246,186,186,143,74,22,31,31,99,23,31,31,31,31,31,31,31,31,31,31,31,31,31,31,31,31,31,31,31,31,31,31,31,31,31,31,31,31,31,31,31,31,1307,1105,744,425,354,75,53,31,461,153,538,344,203,47,31,31,338,106,451,300,350,31,60,31,290,15,203,178,31,50,31,31,66,31,225,137,27,31,31,31,181,31,1189,266,167,82,161,31,31,135,31,342,266,166,79,31,31,159,22,561,288,318,200,28,31,347,77,662,341,321,92,31,31,360,31,890,677,541,171,65,31,387,103,163,163,99,61,31,31,31,124,31,31,31,31,31,31,31,31,31,31,31,31,31,31,31,31,31,31,31,31,31,31,31,31,31,31,31,31,31,31,31,31,31
2013thru2017,50,05000US48041,"Brazos County, Texas",48,41,77480,35245,7710,1995,1245,315,85,0,0,325,30,1160,525,105,45,0,0,475,10,2035,1160,180,60,0,20,615,0,830,430,145,75,0,0,165,15,1695,1165,80,95,0,0,355,0,27180,200,90,55,0,0,0,35,15,1055,440,220,10,0,0,380,0,2260,1165,310,55,0,0,680,50,1675,1105,110,4,0,0,445,15,21995,17235,1045,865,0,0,2550,300,355,355,260,4,20,0,0,40,25,0,0,0,0,0,0,0,0,0,0,0,0,0,0,0,0,0,0,0,0,0,0,0,0,0,0,0,0,0,0,0,0,42235,23860,10345,5820,1345,815,15,0,2065,285,6250,2975,770,735,35,0,1560,175,5330,3280,500,290,15,0,1145,100,1110,715,60,65,0,0,275,0,825,530,60,60,15,0,160,4,16870,640,365,140,15,0,0,100,20,655,260,115,10,10,0,260,0,3415,1380,580,165,0,0,1185,100,2490,1240,190,300,0,0,670,90,9670,5895,1290,550,55,0,1605,270,1505,1505,680,260,230,0,0,325,10,0,0,0,0,0,0,0,0,0,0,0,0,0,0,0,0,0,0,0,0,0,0,0,0,0,0,0,0,0,0,0,0,830,690,657,311,265,124,65,31,31,114,36,294,162,71,49,31,31,194,13,371,216,109,43,31,32,252,31,210,161,54,61,31,31,123,26,292,219,55,60,31,31,170,31,718,94,58,47,31,31,31,44,32,211,150,103,15,31,31,111,31,331,245,131,56,31,31,183,47,303,209,67,3,31,31,155,20,756,643,199,134,31,31,362,127,119,119,128,12,25,31,31,44,26,31,31,31,31,31,31,31,31,31,31,31,31,31,31,31,31,31,31,31,31,31,31,31,31,31,31,31,31,31,31,31,31,934,964,798,574,295,176,29,31,414,113,569,368,229,187,40,31,339,74,542,437,183,118,19,31,254,76,303,233,63,54,31,31,173,31,211,149,88,44,18,31,118,6,1017,193,150,83,23,31,31,66,29,175,120,94,23,15,31,133,31,435,300,196,80,31,31,304,111,361,242,115,103,31,31,223,82,858,663,285,156,64,31,357,128,263,263,205,138,104,31,31,123,23,31,31,31,31,31,31,31,31,31,31,31,31,31,31,31,31,31,31,31,31,31,31,31,31,31,31,31,31,31,31,31,31
2013thru2017,50,05000US48043,"Brewster County, Texas",48,43,3930,2155,425,65,45,0,0,0,0,20,0,100,35,0,0,35,0,25,4,135,100,0,0,0,0,35,0,25,0,0,0,0,0,25,0,95,75,0,0,0,0,20,0,1720,25,0,0,0,0,0,25,0,210,125,0,0,0,0,85,0,210,145,0,0,0,0,65,0,175,110,0,0,0,0,65,0,1100,850,0,4,4,0,240,0,10,10,0,0,0,0,0,10,0,0,0,0,0,0,0,0,0,0,0,0,0,0,0,0,0,0,0,0,0,0,0,0,0,0,0,0,0,0,0,0,0,1775,700,220,115,0,4,4,0,50,45,85,50,0,0,0,0,30,0,290,70,0,0,0,0,220,0,60,35,0,0,0,0,25,0,50,4,0,4,4,0,35,0,1075,55,45,0,0,0,0,10,0,155,150,0,0,0,0,4,0,220,135,0,0,0,0,85,0,245,45,0,0,0,0,200,0,400,225,4,0,4,0,170,0,0,0,0,0,0,0,0,0,0,0,0,0,0,0,0,0,0,0,0,0,0,0,0,0,0,0,0,0,0,0,0,0,0,0,0,0,0,0,0,0,0,236,205,121,46,42,19,19,19,19,28,19,65,43,19,19,41,19,26,9,75,63,19,19,19,19,32,19,42,19,19,19,19,19,42,19,67,56,19,19,19,19,29,19,204,28,19,19,19,19,19,28,19,82,73,19,19,19,19,39,19,69,61,19,19,19,19,41,19,85,71,19,19,19,19,45,19,168,137,19,3,11,19,95,19,17,17,19,19,19,19,19,17,19,19,19,19,19,19,19,19,19,19,19,19,19,19,19,19,19,19,19,19,19,19,19,19,19,19,19,19,19,19,19,19,19,236,182,104,77,19,13,5,19,48,53,47,42,19,19,19,19,28,19,107,55,19,19,19,19,95,19,51,39,19,19,19,19,34,19,49,3,19,7,12,19,47,19,191,34,34,19,19,19,19,14,19,99,96,19,19,19,19,9,19,98,84,19,19,19,19,51,19,129,42,19,19,19,19,125,19,112,97,19,19,10,19,77,19,19,19,19,19,19,19,19,19,19,19,19,19,19,19,19,19,19,19,19,19,19,19,19,19,19,19,19,19,19,19,19,19,19,19,19,19,19,19,19,19,19
2013thru2017,50,05000US48045,"Briscoe County, Texas",48,45,665,505,65,15,10,4,0,0,0,4,0,20,15,4,0,0,0,4,0,15,10,0,0,0,0,4,0,15,4,0,0,0,0,10,0,4,4,0,0,0,0,0,0,435,20,15,0,0,0,0,4,0,45,30,4,0,0,0,15,0,110,50,0,0,0,0,40,15,40,35,0,0,0,0,4,0,225,185,0,0,0,4,30,0,4,4,4,0,0,0,0,0,0,0,0,0,0,0,0,0,0,0,0,0,0,0,0,0,0,0,0,0,0,0,0,0,0,0,0,0,0,0,0,0,0,160,45,15,0,4,0,0,4,4,0,15,4,0,0,0,0,10,0,10,4,0,0,0,0,10,0,0,0,0,0,0,0,0,0,4,4,0,0,0,0,0,0,115,15,4,0,0,0,0,10,0,0,0,0,0,0,0,0,0,30,20,4,0,0,0,4,4,15,10,0,0,0,0,0,4,55,45,0,0,0,0,10,0,0,0,0,0,0,0,0,0,0,0,0,0,0,0,0,0,0,0,0,0,0,0,0,0,0,0,0,0,0,0,0,0,0,0,0,0,0,0,0,0,0,54,57,27,11,9,4,13,13,13,13,13,14,13,2,13,13,13,5,13,11,11,13,13,13,13,7,13,20,4,13,13,13,13,21,13,13,13,13,13,13,13,13,13,65,13,9,13,13,13,13,11,13,23,16,3,13,13,13,17,13,36,25,13,13,13,13,25,14,19,19,13,13,13,13,7,13,41,41,13,13,13,15,19,13,1,1,1,13,13,13,13,13,13,13,13,13,13,13,13,13,13,13,13,13,13,13,13,13,13,13,13,13,13,13,13,13,13,13,13,13,13,13,13,13,13,42,23,16,13,8,13,13,3,18,13,16,15,13,13,13,13,13,13,18,2,13,13,13,13,13,13,13,13,13,13,13,13,13,13,6,6,13,13,13,13,13,13,36,13,8,13,13,13,13,13,13,13,13,13,13,13,13,13,13,16,16,4,13,13,13,4,13,14,13,13,13,13,13,13,2,30,24,13,13,13,13,17,13,13,13,13,13,13,13,13,13,13,13,13,13,13,13,13,13,13,13,13,13,13,13,13,13,13,13,13,13,13,13,13,13,13,13,13,13,13,13,13,13,13
2013thru2017,50,05000US48047,"Brooks County, Texas",48,47,2020,1245,335,125,4,0,0,0,0,120,0,90,0,0,0,0,0,90,0,20,0,0,0,0,0,20,0,15,0,0,0,0,0,15,0,85,20,0,0,0,0,65,0,900,95,35,0,0,0,0,65,0,115,4,0,0,0,0,110,0,170,4,0,0,0,0,165,0,75,0,0,0,0,0,75,0,445,40,0,0,0,0,405,0,10,10,0,0,0,0,0,10,0,0,0,0,0,0,0,0,0,0,0,0,0,0,0,0,0,0,0,0,0,0,0,0,0,0,0,0,0,0,0,0,0,780,350,250,0,0,0,0,0,250,0,70,0,0,0,0,0,70,0,15,0,0,0,0,0,15,0,0,0,0,0,0,0,0,0,15,0,0,0,0,0,15,0,350,60,0,0,0,0,0,60,0,50,0,0,0,0,0,50,0,155,0,0,0,0,0,155,0,10,10,0,0,0,0,0,0,75,4,0,0,0,0,70,0,80,80,35,0,0,0,0,40,0,0,0,0,0,0,0,0,0,0,0,0,0,0,0,0,0,0,0,0,0,0,0,0,0,0,0,0,0,0,0,0,0,232,165,94,55,10,19,19,19,19,54,19,69,19,19,19,19,19,69,19,23,19,19,19,19,19,23,19,18,19,19,19,19,19,18,19,63,26,19,19,19,19,55,19,149,53,41,19,19,19,19,35,19,60,13,19,19,19,19,59,19,65,12,19,19,19,19,63,19,49,19,19,19,19,19,49,19,108,45,19,19,19,19,106,19,14,14,19,19,19,19,19,14,19,19,19,19,19,19,19,19,19,19,19,19,19,19,19,19,19,19,19,19,19,19,19,19,19,19,19,19,19,19,19,19,19,151,128,107,19,19,19,19,19,107,19,59,19,19,19,19,19,59,19,18,19,19,19,19,19,18,19,19,19,19,19,19,19,19,19,18,19,19,19,19,19,18,19,124,49,19,19,19,19,19,49,19,42,19,19,19,19,19,42,19,89,19,19,19,19,19,89,19,16,16,19,19,19,19,19,19,49,12,19,19,19,19,48,19,74,74,53,19,19,19,19,47,19,19,19,19,19,19,19,19,19,19,19,19,19,19,19,19,19,19,19,19,19,19,19,19,19,19,19,19,19,19,19,19,19
2013thru2017,50,05000US48049,"Brown County, Texas",48,49,13835,10040,2215,680,490,4,0,30,0,160,0,605,485,4,0,40,0,70,0,595,405,15,0,10,0,145,15,80,35,0,0,0,0,45,0,255,235,15,0,0,0,4,0,7730,70,40,0,0,0,0,30,0,410,350,0,4,0,0,55,0,1305,1005,55,0,0,0,245,4,890,700,4,0,0,0,155,30,5055,4365,70,45,0,0,520,55,90,90,80,15,0,0,0,0,0,0,0,0,0,0,0,0,0,0,0,0,0,0,0,0,0,0,0,0,0,0,0,0,0,0,0,0,0,0,0,0,0,3795,1490,555,330,40,0,0,0,175,10,490,375,20,0,0,0,95,0,370,245,20,0,0,0,100,0,45,25,20,0,0,0,0,0,35,35,0,0,0,0,0,0,2140,95,70,0,0,0,0,25,0,180,155,15,0,0,0,10,0,455,270,55,0,0,0,125,4,250,175,4,15,0,0,50,10,1160,840,45,10,0,0,250,15,165,165,150,0,0,0,0,15,0,0,0,0,0,0,0,0,0,0,0,0,0,0,0,0,0,0,0,0,0,0,0,0,0,0,0,0,0,0,0,0,0,401,342,236,160,115,9,28,42,28,96,28,145,134,11,28,50,28,84,28,119,116,35,28,18,28,74,29,42,21,28,28,28,28,37,28,89,89,17,28,28,28,6,28,399,40,25,28,28,28,28,30,28,119,100,28,7,28,28,57,28,244,183,66,28,28,28,105,1,149,138,5,28,28,28,92,40,307,258,47,35,28,28,134,38,56,56,51,24,28,28,28,28,28,28,28,28,28,28,28,28,28,28,28,28,28,28,28,28,28,28,28,28,28,28,28,28,28,28,28,28,28,28,28,28,28,330,215,137,103,35,28,28,28,107,17,135,116,30,28,28,28,69,28,131,97,22,28,28,28,78,28,41,22,37,28,28,28,28,28,31,31,28,28,28,28,28,28,292,44,37,28,28,28,28,25,28,64,59,25,28,28,28,14,28,135,97,43,28,28,28,84,28,90,81,1,24,28,28,41,16,207,166,32,15,28,28,97,24,108,108,109,28,28,28,28,22,28,28,28,28,28,28,28,28,28,28,28,28,28,28,28,28,28,28,28,28,28,28,28,28,28,28,28,28,28,28,28,28,28
2013thru2017,50,05000US48051,"Burleson County, Texas",48,51,6565,5125,770,205,120,50,0,0,0,35,0,95,65,10,0,0,0,20,0,195,90,55,0,0,0,50,0,110,60,4,0,0,0,40,4,170,120,4,0,0,0,40,0,4245,180,105,35,0,4,0,30,0,315,230,55,0,0,0,30,0,620,475,45,0,0,0,100,0,530,380,35,0,0,0,115,0,2600,2145,215,0,4,0,225,10,115,115,85,0,0,0,0,25,0,0,0,0,0,0,0,0,0,0,0,0,0,0,0,0,0,0,0,0,0,0,0,0,0,0,0,0,0,0,0,0,0,1440,445,220,70,125,0,0,0,25,0,160,115,30,0,0,0,10,0,50,25,0,0,0,0,25,0,0,0,0,0,0,0,0,0,15,4,0,0,0,0,10,0,965,150,75,60,0,0,0,10,4,30,25,0,0,0,0,4,0,150,70,75,0,0,0,0,0,150,105,15,0,0,0,25,0,490,290,40,15,0,0,130,10,30,30,15,15,0,0,0,0,0,0,0,0,0,0,0,0,0,0,0,0,0,0,0,0,0,0,0,0,0,0,0,0,0,0,0,0,0,0,0,0,0,283,309,171,90,75,41,21,21,21,28,21,53,46,14,21,21,21,23,21,83,57,45,21,21,21,48,21,62,44,16,21,21,21,45,21,85,73,6,21,21,21,40,21,279,92,63,51,21,9,21,32,21,103,87,39,21,21,21,31,21,140,128,37,21,21,21,55,21,126,110,31,21,21,21,59,21,270,242,105,21,3,21,83,13,78,78,66,21,21,21,21,45,21,21,21,21,21,21,21,21,21,21,21,21,21,21,21,21,21,21,21,21,21,21,21,21,21,21,21,21,21,21,21,21,21,246,149,112,49,95,21,21,21,28,21,91,82,34,21,21,21,17,21,37,29,21,21,21,21,29,21,21,21,21,21,21,21,21,21,18,9,21,21,21,21,19,21,211,82,59,49,21,21,21,18,4,30,26,21,21,21,21,10,21,84,49,66,21,21,21,21,21,81,66,27,21,21,21,39,21,141,99,46,27,21,21,84,14,35,35,28,25,21,21,21,21,21,21,21,21,21,21,21,21,21,21,21,21,21,21,21,21,21,21,21,21,21,21,21,21,21,21,21,21,21,21,21,21,21
2013thru2017,50,05000US48053,"Burnet County, Texas",48,53,16545,12610,2830,530,460,0,0,0,0,70,0,510,400,0,0,0,0,110,0,565,465,25,0,0,0,75,0,290,265,0,0,0,0,0,25,940,740,55,20,15,0,105,0,9745,275,275,0,0,0,0,0,0,475,420,10,0,0,0,45,0,1400,1150,45,0,0,0,205,0,865,690,0,0,25,0,135,15,6735,5825,65,65,100,0,660,20,35,35,35,0,0,0,0,0,0,0,0,0,0,0,0,0,0,0,0,0,0,0,0,0,0,0,0,0,0,0,0,0,0,0,0,0,0,0,0,0,0,3935,1685,570,505,0,0,0,0,65,0,640,505,0,20,0,0,120,0,345,300,0,0,0,0,45,0,55,55,0,0,0,0,0,0,75,60,15,0,0,0,0,0,2225,110,50,0,0,0,0,60,0,95,95,0,0,0,0,0,0,540,360,0,0,0,0,130,50,340,165,15,0,75,0,80,0,1145,835,15,0,0,0,290,0,30,30,30,0,0,0,0,0,0,0,0,0,0,0,0,0,0,0,0,0,0,0,0,0,0,0,0,0,0,0,0,0,0,0,0,0,0,0,0,0,0,588,577,357,216,191,28,28,28,28,77,28,163,156,28,28,28,28,67,28,195,184,47,28,28,28,97,28,120,124,28,28,28,28,28,40,249,178,95,35,16,28,109,28,521,120,120,28,28,28,28,28,28,179,173,21,28,28,28,47,28,296,264,80,28,28,28,135,28,213,192,28,28,39,28,91,28,448,378,73,40,65,28,216,22,34,34,34,28,28,28,28,28,28,28,28,28,28,28,28,28,28,28,28,28,28,28,28,28,28,28,28,28,28,28,28,28,28,28,28,28,28,28,28,28,28,454,337,269,242,28,28,28,28,74,28,186,135,28,34,28,28,103,28,140,122,28,28,28,28,59,28,46,46,28,28,28,28,28,28,78,71,32,28,28,28,28,28,422,74,41,28,28,28,28,59,28,70,70,28,28,28,28,28,28,211,174,28,28,28,28,98,81,176,108,27,28,95,28,90,28,295,237,28,28,28,28,169,28,34,34,34,28,28,28,28,28,28,28,28,28,28,28,28,28,28,28,28,28,28,28,28,28,28,28,28,28,28,28,28,28,28,28,28,28,28,28,28,28,28
2013thru2017,50,05000US48055,"Caldwell County, Texas",48,55,12895,8670,1790,560,255,55,0,4,0,240,4,485,265,25,70,0,0,125,4,470,195,10,0,4,0,240,20,90,80,0,0,0,0,10,0,185,90,0,0,0,0,85,4,6815,375,85,20,0,0,0,270,0,620,265,80,0,0,0,265,10,1275,740,35,0,4,0,490,4,845,360,50,0,0,0,435,0,3705,2465,115,0,4,0,1095,20,65,65,30,10,0,0,0,30,0,0,0,0,0,0,0,0,0,0,0,0,0,0,0,0,0,0,0,0,0,0,0,0,0,0,0,0,0,0,0,0,0,4220,1950,960,430,75,0,0,0,450,10,690,205,0,40,0,0,445,0,155,75,10,0,0,0,70,0,65,25,0,0,0,0,40,0,75,55,0,0,0,0,20,0,2205,130,40,0,0,0,0,90,0,310,80,0,0,0,0,230,0,815,300,45,0,0,0,475,0,410,245,4,25,0,0,140,0,535,380,10,0,0,0,145,0,70,70,10,60,0,0,0,0,0,0,0,0,0,0,0,0,0,0,0,0,0,0,0,0,0,0,0,0,0,0,0,0,0,0,0,0,0,0,0,0,0,350,386,249,138,107,44,28,10,28,97,4,140,94,28,58,28,28,83,4,162,85,19,28,11,28,123,22,58,54,28,28,28,28,14,28,107,61,28,28,28,28,72,12,401,197,54,33,28,28,28,183,28,164,95,85,28,28,28,107,14,244,152,28,28,9,28,167,5,184,95,44,28,28,28,148,28,327,271,91,28,15,28,210,29,51,51,29,18,28,28,28,37,28,28,28,28,28,28,28,28,28,28,28,28,28,28,28,28,28,28,28,28,28,28,28,28,28,28,28,28,28,28,28,28,28,384,290,219,176,43,28,28,28,147,14,205,102,28,77,28,28,173,28,92,57,19,28,28,28,63,28,60,33,28,28,28,28,39,28,52,46,28,28,28,28,24,28,281,67,31,28,28,28,28,64,28,135,53,28,28,28,28,128,28,226,119,52,28,28,28,186,28,139,108,5,63,28,28,90,28,154,121,19,28,28,28,93,28,65,65,14,68,28,28,28,28,28,28,28,28,28,28,28,28,28,28,28,28,28,28,28,28,28,28,28,28,28,28,28,28,28,28,28,28,28,28,28,28,28
2013thru2017,50,05000US48057,"Calhoun County, Texas",48,57,7735,5460,1140,150,45,0,10,0,0,95,4,195,50,25,0,0,0,120,0,330,125,0,0,0,0,190,15,225,75,0,0,0,0,150,0,245,195,0,0,4,0,45,0,4315,125,40,25,0,0,0,40,20,225,130,4,0,4,0,80,0,575,320,35,0,0,0,220,4,370,180,0,20,0,0,165,0,3020,1860,45,90,0,0,1000,20,4,4,4,0,0,0,0,0,0,0,0,0,0,0,0,0,0,0,0,0,0,0,0,0,0,0,0,0,0,0,0,0,0,0,0,0,0,0,0,0,0,2275,970,360,185,15,55,0,15,85,4,235,70,15,0,0,0,150,0,265,95,35,30,0,0,105,0,50,0,0,0,0,0,30,20,60,55,0,0,0,0,4,0,1295,150,45,4,0,0,0,95,0,70,45,0,0,0,0,20,4,265,95,4,15,0,0,150,0,70,20,0,0,0,0,40,4,750,215,4,145,0,0,380,0,10,10,10,0,0,0,0,0,0,0,0,0,0,0,0,0,0,0,0,0,0,0,0,0,0,0,0,0,0,0,0,0,0,0,0,0,0,0,0,0,0,330,286,230,68,30,25,17,25,25,68,2,96,56,29,25,25,25,86,25,128,65,25,25,25,25,110,22,112,70,25,25,25,25,89,25,102,91,25,25,6,25,54,25,304,68,32,40,25,25,25,44,22,89,78,18,25,11,25,38,25,136,100,52,25,25,25,96,9,125,80,25,27,25,25,100,25,284,184,50,56,25,25,185,22,4,4,4,25,25,25,25,25,25,25,25,25,25,25,25,25,25,25,25,25,25,25,25,25,25,25,25,25,25,25,25,25,25,25,25,25,25,25,25,25,25,290,213,117,102,20,56,25,25,53,3,116,49,22,25,25,25,105,25,132,84,40,41,25,25,89,25,43,25,25,25,25,25,36,25,63,63,25,25,25,25,4,25,235,106,36,16,25,25,25,97,25,43,41,25,25,25,25,18,7,120,73,17,18,25,25,90,25,45,25,25,25,25,25,35,16,178,71,21,63,25,25,155,25,20,20,20,25,25,25,25,25,25,25,25,25,25,25,25,25,25,25,25,25,25,25,25,25,25,25,25,25,25,25,25,25,25,25,25,25,25,25,25,25,25
2013thru2017,50,05000US48059,"Callahan County, Texas",48,59,5290,4350,855,415,415,0,0,0,0,0,0,195,170,0,0,0,0,25,0,135,120,10,4,0,0,0,0,25,10,10,0,0,0,4,0,85,85,0,0,0,0,0,0,3280,65,65,0,0,0,0,0,0,270,270,0,0,0,0,0,0,685,620,10,0,0,0,45,4,335,265,0,0,0,0,70,0,1925,1805,0,0,10,0,95,15,220,220,150,0,0,0,0,75,0,0,0,0,0,0,0,0,0,0,0,0,0,0,0,0,0,0,0,0,0,0,0,0,0,0,0,0,0,0,0,0,0,940,210,125,95,0,0,0,0,30,4,55,40,10,0,0,0,0,4,30,25,0,0,0,0,4,0,0,0,0,0,0,0,0,0,0,0,0,0,0,0,0,0,605,20,20,0,0,0,0,0,0,80,80,0,0,0,0,0,0,115,95,0,0,0,0,20,0,165,145,10,0,0,0,0,10,225,190,0,0,0,0,25,10,120,120,75,0,0,0,0,50,0,0,0,0,0,0,0,0,0,0,0,0,0,0,0,0,0,0,0,0,0,0,0,0,0,0,0,0,0,0,0,0,0,231,214,147,127,127,21,21,21,21,21,21,67,63,21,21,21,21,28,21,54,52,15,3,21,21,21,21,20,12,14,21,21,21,7,21,44,44,21,21,21,21,21,21,207,36,36,21,21,21,21,21,21,84,84,21,21,21,21,21,21,134,120,23,21,21,21,39,15,101,80,21,21,21,21,57,21,183,184,21,21,16,21,49,19,89,89,69,21,21,21,21,52,21,21,21,21,21,21,21,21,21,21,21,21,21,21,21,21,21,21,21,21,21,21,21,21,21,21,21,21,21,21,21,21,21,150,66,56,45,21,21,21,21,34,8,29,20,14,21,21,21,21,15,24,23,21,21,21,21,13,21,21,21,21,21,21,21,21,21,21,21,21,21,21,21,21,21,117,20,20,21,21,21,21,21,21,39,39,21,21,21,21,21,21,58,52,21,21,21,21,29,21,78,73,14,21,21,21,21,16,83,76,21,21,21,21,30,14,87,87,67,21,21,21,21,64,21,21,21,21,21,21,21,21,21,21,21,21,21,21,21,21,21,21,21,21,21,21,21,21,21,21,21,21,21,21,21,21,21
2013thru2017,50,05000US48061,"Cameron County, Texas",48,61,122190,82070,22555,6805,530,0,90,0,0,6185,0,5040,510,0,15,0,0,4510,4,5050,570,0,10,35,0,4430,0,1790,260,0,0,0,0,1515,10,3870,530,0,25,0,0,3305,4,57515,2010,105,4,0,0,0,1900,0,5565,725,25,25,0,0,4775,10,9810,1690,0,0,0,0,8115,4,6235,1145,0,0,0,0,5090,0,33895,8035,145,460,165,0,25000,90,2000,2000,360,0,0,0,0,1640,0,0,0,0,0,0,0,0,0,0,0,0,0,0,0,0,0,0,0,0,0,0,0,0,0,0,0,0,0,0,0,0,0,40120,22435,10240,500,10,10,25,0,9665,25,6920,335,30,20,0,0,6530,0,3100,320,30,10,0,0,2730,10,1025,100,0,0,0,0,920,4,1145,260,0,35,0,0,855,0,16115,1885,50,0,0,0,0,1840,0,1905,60,15,0,0,0,1795,40,3135,340,15,25,10,0,2745,0,2035,215,0,0,0,0,1820,0,7155,1330,105,85,0,0,5630,4,1565,1565,120,0,0,0,0,1445,0,0,0,0,0,0,0,0,0,0,0,0,0,0,0,0,0,0,0,0,0,0,0,0,0,0,0,0,0,0,0,0,0,1027,1121,1048,619,155,31,86,31,31,584,31,533,175,31,24,31,31,501,3,605,161,31,20,46,31,559,31,344,118,31,31,31,31,321,14,362,130,31,27,31,31,375,18,1359,276,70,15,31,31,31,268,31,451,169,27,32,31,31,423,16,715,260,31,31,31,31,622,1,608,264,31,31,31,31,543,31,1012,433,68,99,105,31,871,67,324,324,147,31,31,31,31,298,31,31,31,31,31,31,31,31,31,31,31,31,31,31,31,31,31,31,31,31,31,31,31,31,31,31,31,31,31,31,31,31,31,1173,1054,715,141,21,22,42,31,683,35,603,148,39,29,31,31,592,31,405,119,40,16,31,31,390,19,282,59,31,31,31,31,259,8,265,124,31,44,31,31,235,31,1017,266,39,31,31,31,31,267,31,304,38,27,31,31,31,295,42,392,125,32,47,16,31,387,31,372,98,31,31,31,31,351,31,704,272,62,47,31,31,579,4,348,348,72,31,31,31,31,336,31,31,31,31,31,31,31,31,31,31,31,31,31,31,31,31,31,31,31,31,31,31,31,31,31,31,31,31,31,31,31,31,31
2013thru2017,50,05000US48063,"Camp County, Texas",48,63,4730,3345,640,255,160,60,0,0,0,35,0,55,40,4,0,0,0,10,0,155,120,30,0,0,0,4,0,65,40,10,0,0,0,15,0,115,60,10,0,0,0,45,0,2685,25,20,10,0,0,0,0,0,265,105,90,0,4,0,70,0,435,250,55,0,0,0,125,0,340,210,80,0,0,0,40,4,1620,1195,135,0,25,0,250,10,20,20,4,15,0,0,0,0,0,0,0,0,0,0,0,0,0,0,0,0,0,0,0,0,0,0,0,0,0,0,0,0,0,0,0,0,0,0,0,0,0,1385,730,270,135,65,0,0,0,75,0,260,105,85,20,0,0,45,0,55,25,30,0,0,0,0,0,55,30,0,0,0,0,0,25,90,0,75,0,0,0,15,0,655,0,0,0,0,0,0,0,0,60,25,0,0,0,0,35,0,180,75,50,0,0,0,20,35,105,90,0,0,0,0,20,0,310,260,20,0,0,0,35,0,0,0,0,0,0,0,0,0,0,0,0,0,0,0,0,0,0,0,0,0,0,0,0,0,0,0,0,0,0,0,0,0,0,0,0,0,0,0,0,0,0,192,200,137,86,65,41,21,21,21,36,21,32,29,8,21,21,21,14,21,76,67,28,21,21,21,13,21,40,29,19,21,21,21,24,21,60,38,17,21,21,21,43,21,207,27,24,16,21,21,21,21,21,108,56,66,21,4,21,74,21,117,83,39,21,21,21,62,21,120,86,67,21,21,21,35,10,184,147,74,21,17,21,95,14,30,30,15,28,21,21,21,21,21,21,21,21,21,21,21,21,21,21,21,21,21,21,21,21,21,21,21,21,21,21,21,21,21,21,21,21,21,21,21,21,21,187,151,108,86,49,21,21,21,49,21,108,64,68,30,21,21,40,21,51,28,36,21,21,21,21,21,51,35,21,21,21,21,21,38,63,21,62,21,21,21,26,21,154,21,21,21,21,21,21,21,21,39,23,21,21,21,21,38,21,83,44,39,21,21,21,35,49,57,53,21,21,21,21,18,21,106,96,23,21,21,21,33,21,21,21,21,21,21,21,21,21,21,21,21,21,21,21,21,21,21,21,21,21,21,21,21,21,21,21,21,21,21,21,21,21,21,21,21,21,21,21,21,21,21
2013thru2017,50,05000US48065,"Carson County, Texas",48,65,2290,1950,190,50,50,0,0,4,0,0,0,55,55,0,0,0,0,0,0,30,30,0,0,0,0,0,0,25,20,0,0,0,0,4,0,25,25,0,0,0,0,0,0,1750,45,45,0,0,0,0,0,0,110,105,0,0,0,0,4,0,205,205,0,0,0,0,0,0,125,125,0,0,0,0,0,0,1265,1160,0,4,4,0,85,10,10,10,10,0,0,0,0,0,0,0,0,0,0,0,0,0,0,0,0,0,0,0,0,0,0,0,0,0,0,0,0,0,0,0,0,0,0,0,0,0,0,345,45,10,4,0,0,0,0,4,0,20,10,0,0,0,0,10,0,4,4,0,0,0,0,0,0,0,0,0,0,0,0,0,0,4,4,0,0,0,0,0,0,285,25,25,0,0,0,0,0,0,35,35,0,0,0,0,0,0,75,75,0,0,0,0,0,0,35,35,0,0,0,0,0,0,120,55,0,0,0,0,60,0,20,20,20,0,0,0,0,0,0,0,0,0,0,0,0,0,0,0,0,0,0,0,0,0,0,0,0,0,0,0,0,0,0,0,0,0,0,0,0,0,0,99,103,56,31,29,19,19,5,19,19,19,35,35,19,19,19,19,19,19,22,22,19,19,19,19,19,19,21,18,19,19,19,19,7,19,27,27,19,19,19,19,19,19,114,26,26,19,19,19,19,19,19,38,37,19,19,19,19,16,19,62,62,19,19,19,19,19,19,43,43,19,19,19,19,19,19,117,107,19,2,4,19,52,20,13,13,13,19,19,19,19,19,19,19,19,19,19,19,19,19,19,19,19,19,19,19,19,19,19,19,19,19,19,19,19,19,19,19,19,19,19,19,19,19,19,90,28,11,11,19,19,19,19,19,19,24,20,19,19,19,19,16,19,12,12,19,19,19,19,19,19,19,19,19,19,19,19,19,19,15,15,19,19,19,19,19,19,87,29,29,19,19,19,19,19,19,34,34,19,19,19,19,19,19,44,44,19,19,19,19,19,19,28,28,19,19,19,19,19,19,59,33,19,19,19,19,48,19,23,23,23,19,19,19,19,19,19,19,19,19,19,19,19,19,19,19,19,19,19,19,19,19,19,19,19,19,19,19,19,19,19,19,19,19,19,19,19,19,19
2013thru2017,50,05000US48067,"Cass County, Texas",48,67,11810,9195,1840,440,335,100,0,0,0,0,0,550,400,130,0,0,0,15,4,405,335,30,0,0,0,35,0,140,130,10,0,0,0,0,0,310,235,50,0,0,0,4,15,7215,115,100,10,0,0,0,4,0,615,405,190,10,0,0,10,0,1165,965,200,0,0,0,0,0,850,725,105,0,0,0,20,0,4475,3920,445,0,0,0,90,20,135,135,120,20,0,0,0,0,0,0,0,0,0,0,0,0,0,0,0,0,0,0,0,0,0,0,0,0,0,0,0,0,0,0,0,0,0,0,0,0,0,2615,940,420,195,210,0,0,0,10,0,200,160,35,0,0,0,4,0,175,135,25,0,0,4,10,0,120,35,85,0,0,0,0,0,25,25,0,4,0,0,0,0,1435,105,50,55,0,0,0,0,0,190,160,30,0,0,0,0,0,440,240,170,0,0,0,25,0,195,185,10,0,0,0,4,0,505,455,40,0,0,0,4,4,240,240,50,150,25,0,0,20,0,0,0,0,0,0,0,0,0,0,0,0,0,0,0,0,0,0,0,0,0,0,0,0,0,0,0,0,0,0,0,0,0,340,363,305,109,90,67,28,28,28,28,28,174,148,81,28,28,28,24,18,166,151,41,28,28,28,41,28,84,86,13,28,28,28,28,28,121,112,70,28,28,28,14,14,364,55,59,14,28,28,28,2,28,181,149,109,16,28,28,16,28,199,180,91,28,28,28,28,28,182,172,70,28,28,28,25,28,334,310,122,28,28,28,47,25,70,70,59,34,28,28,28,28,28,28,28,28,28,28,28,28,28,28,28,28,28,28,28,28,28,28,28,28,28,28,28,28,28,28,28,28,28,28,28,28,28,276,185,113,81,75,28,28,28,17,28,73,74,26,28,28,28,4,28,96,91,22,28,28,6,18,28,93,31,89,28,28,28,28,28,33,33,28,3,28,28,28,28,212,66,32,55,28,28,28,28,28,70,69,27,28,28,28,28,28,137,98,94,28,28,28,42,28,94,92,14,28,28,28,2,28,146,125,49,28,28,28,3,13,124,124,34,119,44,28,28,33,28,28,28,28,28,28,28,28,28,28,28,28,28,28,28,28,28,28,28,28,28,28,28,28,28,28,28,28,28,28,28,28,28
2013thru2017,50,05000US48069,"Castro County, Texas",48,69,2460,1585,265,40,10,0,0,0,0,30,4,30,15,0,0,0,0,10,0,110,55,0,0,0,0,50,0,10,4,0,0,0,0,10,0,80,25,0,0,0,0,55,0,1310,4,0,0,0,0,0,4,0,95,40,0,0,0,0,55,0,275,85,0,0,0,0,190,4,145,60,0,0,0,0,85,0,790,535,15,4,4,4,225,4,4,4,0,0,0,0,0,4,0,0,0,0,0,0,0,0,0,0,0,0,0,0,0,0,0,0,0,0,0,0,0,0,0,0,0,0,0,0,0,0,0,880,255,100,4,4,0,0,0,85,4,45,10,0,0,0,0,35,0,80,20,4,4,0,0,55,0,15,0,0,15,0,0,0,0,15,4,0,0,0,0,10,0,600,30,10,0,0,0,0,25,0,80,0,0,0,0,0,75,4,185,45,0,0,0,0,130,4,45,10,4,0,0,0,30,4,260,70,0,0,0,0,185,10,25,25,0,0,0,0,0,25,0,0,0,0,0,0,0,0,0,0,0,0,0,0,0,0,0,0,0,0,0,0,0,0,0,0,0,0,0,0,0,0,0,118,131,87,27,16,19,19,19,19,22,7,23,17,19,19,19,19,18,19,64,50,19,19,19,19,43,19,16,2,19,19,19,19,16,19,56,32,19,19,19,19,46,19,130,4,19,19,19,19,19,4,19,47,23,19,19,19,19,40,19,86,35,19,19,19,19,79,5,55,36,19,19,19,19,37,19,105,90,20,14,4,3,73,6,12,12,19,19,19,19,19,12,19,19,19,19,19,19,19,19,19,19,19,19,19,19,19,19,19,19,19,19,19,19,19,19,19,19,19,19,19,19,19,19,19,127,89,63,9,3,19,19,19,61,5,40,17,19,19,19,19,34,19,48,23,9,6,19,19,39,19,23,19,19,23,19,19,19,19,16,9,19,19,19,19,13,19,132,36,15,19,19,19,19,34,19,61,19,19,19,19,19,58,4,78,31,19,19,19,19,77,8,21,10,3,19,19,19,19,3,84,32,19,19,19,19,78,13,31,31,19,19,19,19,19,31,19,19,19,19,19,19,19,19,19,19,19,19,19,19,19,19,19,19,19,19,19,19,19,19,19,19,19,19,19,19,19,19,19
2013thru2017,50,05000US48071,"Chambers County, Texas",48,71,13320,11025,2325,895,475,160,30,0,0,230,0,440,295,15,0,4,0,120,4,575,430,25,0,0,0,120,0,120,75,20,0,0,0,25,0,295,260,30,0,0,0,4,0,8430,30,10,10,0,0,0,10,0,560,340,30,0,0,0,185,0,790,550,90,40,0,0,110,4,745,600,45,0,0,0,105,0,6305,4940,385,65,4,0,860,45,270,270,265,4,0,0,0,0,0,0,0,0,0,0,0,0,0,0,0,0,0,0,0,0,0,0,0,0,0,0,0,0,0,0,0,0,0,0,0,0,0,2295,755,365,235,45,0,0,0,90,0,255,130,0,0,0,0,125,0,85,65,0,0,0,0,20,0,15,15,0,0,0,0,0,0,30,25,4,0,0,0,0,0,1525,80,80,0,0,0,0,0,0,255,50,195,0,0,0,0,10,80,30,25,0,0,0,20,0,315,225,70,0,0,0,25,0,800,490,85,0,0,0,225,0,15,15,15,0,0,0,0,0,0,0,0,0,0,0,0,0,0,0,0,0,0,0,0,0,0,0,0,0,0,0,0,0,0,0,0,0,0,0,0,0,0,290,437,339,210,141,97,43,28,28,124,28,170,155,26,28,4,28,90,13,227,189,24,28,28,28,115,28,66,59,25,28,28,28,32,28,145,129,40,28,28,28,13,28,460,28,14,17,28,28,28,24,28,200,132,43,28,28,28,120,28,235,179,61,39,28,28,138,4,229,194,43,28,28,28,85,28,489,416,148,63,13,28,302,23,175,175,175,8,28,28,28,28,28,28,28,28,28,28,28,28,28,28,28,28,28,28,28,28,28,28,28,28,28,28,28,28,28,28,28,28,28,28,28,28,28,414,207,162,134,43,28,28,28,97,28,141,81,28,28,28,28,111,28,83,67,28,28,28,28,41,28,27,27,28,28,28,28,28,28,35,33,6,28,28,28,28,28,420,62,62,28,28,28,28,28,28,168,57,150,28,28,28,28,20,60,31,37,28,28,28,28,28,173,173,85,28,28,28,32,28,330,204,103,28,28,28,210,28,20,20,20,28,28,28,28,28,28,28,28,28,28,28,28,28,28,28,28,28,28,28,28,28,28,28,28,28,28,28,28,28,28,28,28,28,28,28,28,28,28
2013thru2017,50,05000US48073,"Cherokee County, Texas",48,73,17885,13170,3305,630,415,80,40,25,0,55,10,800,535,90,0,0,0,170,4,925,575,140,4,0,0,210,0,315,160,25,0,0,0,125,0,635,350,4,0,0,0,285,0,9755,185,60,60,0,0,0,50,15,780,600,90,0,15,0,80,0,1350,1025,125,0,0,0,205,0,965,635,85,30,4,0,130,85,6470,5295,400,40,85,0,605,45,115,115,75,15,0,0,0,20,0,0,0,0,0,0,0,0,0,0,0,0,0,0,0,0,0,0,0,0,0,0,0,0,0,0,0,0,0,0,0,0,0,4715,2010,730,305,380,0,0,0,45,4,590,340,110,0,0,0,125,20,425,275,30,0,0,0,120,4,65,15,25,0,0,0,25,0,195,190,4,0,0,0,0,0,2485,180,75,85,0,0,0,20,0,210,100,85,0,0,0,25,0,535,230,150,0,0,0,140,15,395,140,70,0,0,0,185,0,1165,865,205,0,0,0,80,15,220,220,120,80,0,0,0,20,0,0,0,0,0,0,0,0,0,0,0,0,0,0,0,0,0,0,0,0,0,0,0,0,0,0,0,0,0,0,0,0,0,357,369,303,149,131,58,40,51,31,58,19,176,173,57,31,31,31,70,3,195,152,79,31,31,31,120,31,111,83,37,31,31,31,72,31,166,107,31,31,31,31,131,31,372,72,43,42,31,31,31,47,19,169,170,54,31,23,31,74,31,232,205,53,31,31,31,118,31,194,154,43,45,31,31,87,79,384,338,129,68,62,31,166,46,65,65,49,29,31,31,31,34,31,31,31,31,31,31,31,31,31,31,31,31,31,31,31,31,31,31,31,31,31,31,31,31,31,31,31,31,31,31,31,31,31,411,314,218,137,132,31,31,31,30,5,182,124,60,31,31,31,102,25,138,112,32,31,31,31,86,3,49,18,30,31,31,31,28,31,94,93,9,31,31,31,31,31,333,80,48,57,31,31,31,20,31,72,45,50,31,31,31,25,31,166,87,94,31,31,31,101,26,143,75,62,31,31,31,132,31,225,201,111,31,31,31,57,33,112,112,95,57,31,31,31,37,31,31,31,31,31,31,31,31,31,31,31,31,31,31,31,31,31,31,31,31,31,31,31,31,31,31,31,31,31,31,31,31,31
2013thru2017,50,05000US48075,"Childress County, Texas",48,75,2280,1255,275,85,40,0,0,0,0,45,0,60,40,0,0,0,0,0,20,100,50,25,0,0,0,20,0,0,0,0,0,0,0,0,0,30,30,0,0,0,0,0,0,955,0,0,0,0,0,0,0,0,75,75,0,0,0,0,0,0,220,180,4,0,0,0,30,0,70,50,0,0,0,0,25,0,590,495,25,15,0,0,55,0,25,25,25,0,0,0,0,0,0,0,0,0,0,0,0,0,0,0,0,0,0,0,0,0,0,0,0,0,0,0,0,0,0,0,0,0,0,0,0,0,0,1030,365,105,85,0,0,0,0,20,0,170,75,10,0,20,0,75,0,70,70,0,0,0,0,0,0,15,15,0,0,0,0,0,0,4,4,0,0,0,0,0,0,665,70,20,0,50,0,0,0,0,15,15,0,0,0,0,0,0,60,60,0,0,0,0,0,0,95,20,0,0,0,0,75,0,425,410,0,0,15,0,0,0,0,0,0,0,0,0,0,0,0,0,0,0,0,0,0,0,0,0,0,0,0,0,0,0,0,0,0,0,0,0,0,0,0,0,0,0,0,0,0,0,0,214,161,103,65,47,19,19,19,19,53,19,57,48,19,19,19,19,19,31,64,47,37,19,19,19,34,19,19,19,19,19,19,19,19,19,24,24,19,19,19,19,19,19,167,19,19,19,19,19,19,19,19,62,62,19,19,19,19,19,19,120,101,21,19,19,19,39,19,57,44,19,19,19,19,37,19,162,145,44,30,19,19,68,19,36,36,36,19,19,19,19,19,19,19,19,19,19,19,19,19,19,19,19,19,19,19,19,19,19,19,19,19,19,19,19,19,19,19,19,19,19,19,19,19,19,219,126,84,84,19,19,19,19,27,19,90,61,56,19,36,19,88,19,47,47,19,19,19,19,19,19,27,27,19,19,19,19,19,19,6,6,19,19,19,19,19,19,200,74,36,19,63,19,19,19,19,25,25,19,19,19,19,19,19,49,49,19,19,19,19,19,19,113,27,19,19,19,19,109,19,142,142,19,19,20,19,19,19,19,19,19,19,19,19,19,19,19,19,19,19,19,19,19,19,19,19,19,19,19,19,19,19,19,19,19,19,19,19,19,19,19,19,19,19,19,19,19,19,19
2013thru2017,50,05000US48077,"Clay County, Texas",48,77,4075,3480,650,210,170,0,0,20,0,0,25,95,95,0,0,0,0,0,0,140,130,0,0,0,0,4,0,85,85,0,0,0,0,4,0,120,115,0,0,0,0,0,4,2785,20,20,0,0,0,0,0,0,175,165,0,0,0,0,10,0,435,410,0,0,0,0,0,20,360,340,15,0,0,0,4,0,1800,1745,0,0,15,0,25,15,40,40,40,0,0,0,0,0,0,0,0,0,0,0,0,0,0,0,0,0,0,0,0,0,0,0,0,0,0,0,0,0,0,0,0,0,0,0,0,0,0,595,235,125,100,0,0,0,0,20,10,65,45,0,0,0,0,20,0,35,35,0,0,0,0,0,0,4,4,0,0,0,0,0,0,4,4,0,0,0,0,0,0,360,10,10,0,0,0,0,0,0,85,85,0,0,0,0,0,4,95,90,0,0,0,0,10,0,30,30,0,0,0,0,4,0,140,120,0,0,0,0,10,10,0,0,0,0,0,0,0,0,0,0,0,0,0,0,0,0,0,0,0,0,0,0,0,0,0,0,0,0,0,0,0,0,0,0,0,0,0,0,0,0,0,146,154,106,63,63,21,21,19,21,21,23,52,52,21,21,21,21,21,21,46,44,21,21,21,21,12,21,45,46,21,21,21,21,11,21,46,46,21,21,21,21,21,10,180,14,14,21,21,21,21,21,21,54,53,21,21,21,21,15,21,81,78,21,21,21,21,21,27,87,86,14,21,21,21,12,21,157,157,21,21,22,21,18,17,30,30,30,21,21,21,21,21,21,21,21,21,21,21,21,21,21,21,21,21,21,21,21,21,21,21,21,21,21,21,21,21,21,21,21,21,21,21,21,21,21,114,71,69,59,21,21,21,21,31,16,38,27,21,21,21,21,23,21,30,30,21,21,21,21,21,21,9,9,21,21,21,21,21,21,21,21,21,21,21,21,21,21,95,14,14,21,21,21,21,21,21,51,52,21,21,21,21,21,5,47,43,21,21,21,21,13,21,22,24,21,21,21,21,3,21,51,46,21,21,21,21,13,15,21,21,21,21,21,21,21,21,21,21,21,21,21,21,21,21,21,21,21,21,21,21,21,21,21,21,21,21,21,21,21,21,21,21,21,21,21,21,21,21,21
2013thru2017,50,05000US48079,"Cochran County, Texas",48,79,1000,760,140,25,15,4,0,0,0,4,0,40,15,0,0,0,0,25,0,45,15,0,0,0,0,35,0,10,10,0,0,0,0,4,0,15,4,0,0,0,0,10,0,615,55,10,0,0,0,0,45,0,90,30,4,0,0,0,50,0,90,45,4,0,0,0,45,0,60,40,4,0,0,0,20,0,315,185,0,0,4,0,130,4,10,10,4,0,0,0,0,4,0,0,0,0,0,0,0,0,0,0,0,0,0,0,0,0,0,0,0,0,0,0,0,0,0,0,0,0,0,0,0,0,0,240,115,85,15,4,0,0,0,65,0,15,4,0,0,0,0,10,0,0,0,0,0,0,0,0,0,0,0,0,0,0,0,0,0,15,10,0,0,0,0,4,0,120,25,15,4,0,0,0,10,0,10,0,0,0,0,0,10,0,20,4,10,0,0,0,4,0,15,15,0,0,0,0,0,0,55,40,0,0,0,0,15,0,4,4,0,0,0,0,0,4,0,0,0,0,0,0,0,0,0,0,0,0,0,0,0,0,0,0,0,0,0,0,0,0,0,0,0,0,0,0,0,0,0,67,61,37,16,12,11,13,13,13,13,13,17,16,13,13,13,13,17,13,30,14,13,13,13,13,28,13,14,12,13,13,13,13,2,13,19,11,13,13,13,13,15,13,59,31,12,13,13,13,13,31,13,23,14,10,13,13,13,15,13,31,20,13,13,13,13,21,13,28,20,1,13,13,13,16,13,53,37,13,13,5,13,36,13,11,11,13,13,13,13,13,1,13,13,13,13,13,13,13,13,13,13,13,13,13,13,13,13,13,13,13,13,13,13,13,13,13,13,13,13,13,13,13,13,13,59,48,44,22,17,13,13,13,38,13,12,6,13,13,13,13,11,13,13,13,13,13,13,13,13,13,13,13,13,13,13,13,13,13,16,13,13,13,13,13,14,13,38,20,14,4,13,13,13,12,13,12,13,13,13,13,13,12,13,20,1,16,13,13,13,1,13,20,20,13,13,13,13,13,13,23,20,13,13,13,13,13,13,13,13,13,13,13,13,13,13,13,13,13,13,13,13,13,13,13,13,13,13,13,13,13,13,13,13,13,13,13,13,13,13,13,13,13,13,13,13,13,13,13
2013thru2017,50,05000US48081,"Coke County, Texas",48,81,1575,1120,155,80,70,0,0,0,0,4,4,35,30,0,0,0,0,4,0,30,30,0,0,0,0,0,0,4,4,0,0,0,0,0,0,4,4,0,0,0,0,0,0,965,35,4,0,0,0,0,30,0,85,85,0,0,0,0,0,0,195,140,0,0,0,0,60,0,115,85,0,4,10,0,15,0,535,475,0,0,0,0,55,4,0,0,0,0,0,0,0,0,0,0,0,0,0,0,0,0,0,0,0,0,0,0,0,0,0,0,0,0,0,0,0,0,0,0,0,0,0,0,0,0,0,455,175,120,85,0,0,0,0,35,0,30,30,0,0,0,0,0,0,25,25,0,0,0,0,0,0,0,0,0,0,0,0,0,0,0,0,0,0,0,0,0,0,280,25,25,0,0,0,0,0,0,60,25,0,0,0,0,35,0,55,50,0,0,0,0,4,0,25,15,0,0,0,0,10,0,110,110,0,0,0,0,0,0,0,0,0,0,0,0,0,0,0,0,0,0,0,0,0,0,0,0,0,0,0,0,0,0,0,0,0,0,0,0,0,0,0,0,0,0,0,0,0,0,0,97,81,46,33,33,13,13,13,13,3,14,23,21,13,13,13,13,5,13,22,22,13,13,13,13,13,13,16,16,13,13,13,13,13,13,9,9,13,13,13,13,13,13,83,28,8,13,13,13,13,29,13,39,39,13,13,13,13,13,13,52,46,13,13,13,13,31,13,49,46,13,6,15,13,21,13,71,63,13,13,13,13,34,13,13,13,13,13,13,13,13,13,13,13,13,13,13,13,13,13,13,13,13,13,13,13,13,13,13,13,13,13,13,13,13,13,13,13,13,13,13,13,13,13,13,89,55,52,47,13,13,13,13,32,13,22,22,13,13,13,13,13,13,25,25,13,13,13,13,13,13,13,13,13,13,13,13,13,13,13,13,13,13,13,13,13,13,71,22,22,13,13,13,13,13,13,40,22,13,13,13,13,37,13,34,34,13,13,13,13,3,13,26,20,13,13,13,13,20,13,49,49,13,13,13,13,13,13,13,13,13,13,13,13,13,13,13,13,13,13,13,13,13,13,13,13,13,13,13,13,13,13,13,13,13,13,13,13,13,13,13,13,13,13,13,13,13,13,13
2013thru2017,50,05000US48083,"Coleman County, Texas",48,83,3470,2465,540,200,185,0,0,0,0,10,0,170,160,0,0,0,0,10,0,30,30,0,0,0,0,0,0,80,80,0,0,0,0,0,0,60,50,4,0,0,0,0,4,1900,25,20,0,0,0,0,0,4,145,75,0,0,0,0,70,4,290,265,0,0,0,0,4,20,370,320,20,0,4,0,20,0,1070,950,10,0,4,0,110,0,25,25,25,0,0,0,0,0,4,0,0,0,0,0,0,0,0,0,0,0,0,0,0,0,0,0,0,0,0,0,0,0,0,0,0,0,0,0,0,0,0,1005,355,150,140,0,0,0,0,15,0,155,105,25,0,10,0,10,0,40,25,0,0,0,0,15,0,0,0,0,0,0,0,0,0,10,10,0,0,0,0,0,0,615,100,85,4,0,0,0,10,0,25,25,0,0,0,0,0,0,180,150,0,0,0,0,30,0,50,15,0,0,0,0,35,0,260,150,0,10,0,0,100,0,35,35,35,0,0,0,0,0,0,0,0,0,0,0,0,0,0,0,0,0,0,0,0,0,0,0,0,0,0,0,0,0,0,0,0,0,0,0,0,0,0,238,205,147,82,81,19,19,19,19,21,19,85,85,19,19,19,19,16,19,25,25,19,19,19,19,19,19,76,76,19,19,19,19,19,19,27,28,6,19,19,19,19,19,202,29,24,19,19,19,19,19,12,86,52,19,19,19,19,69,1,82,76,19,19,19,19,19,35,135,127,33,19,5,19,39,19,163,141,18,19,13,19,69,19,22,22,22,19,19,19,19,19,6,19,19,19,19,19,19,19,19,19,19,19,19,19,19,19,19,19,19,19,19,19,19,19,19,19,19,19,19,19,19,19,19,185,108,74,75,19,19,19,19,21,19,59,55,24,19,18,19,19,19,47,43,19,19,19,19,27,19,19,19,19,19,19,19,19,19,13,13,19,19,19,19,19,19,155,78,75,10,19,19,19,16,19,35,35,19,19,19,19,19,19,89,79,19,19,19,19,28,19,37,18,19,19,19,19,33,19,109,70,19,14,19,19,88,19,23,23,23,19,19,19,19,19,19,19,19,19,19,19,19,19,19,19,19,19,19,19,19,19,19,19,19,19,19,19,19,19,19,19,19,19,19,19,19,19,19
2013thru2017,50,05000US48085,"Collin County, Texas",48,85,323905,212555,41435,5900,3935,310,600,4,4,895,155,6625,4230,300,695,4,0,1280,115,11040,6485,720,1200,40,0,2405,190,5535,3800,320,630,0,0,665,120,12340,8570,900,1765,60,0,930,115,169250,670,455,0,10,0,0,185,25,3110,1865,170,205,20,0,815,40,8840,6095,470,875,25,0,1270,105,9555,6695,635,900,55,4,1055,210,147070,107340,8190,19100,555,60,9610,2215,1870,1870,1420,110,255,0,0,65,20,0,0,0,0,0,0,0,0,0,0,0,0,0,0,0,0,0,0,0,0,0,0,0,0,0,0,0,0,0,0,0,0,111350,46510,11605,4870,2505,1280,50,10,2520,370,11740,5630,1775,795,20,0,3150,370,14170,8240,2555,710,15,15,2310,320,4455,2785,700,280,0,4,540,140,4540,2395,650,1020,0,0,425,55,63000,890,570,35,170,0,0,85,30,865,350,125,105,0,0,285,0,7180,3255,1210,370,10,15,2115,205,9290,5210,1680,635,25,10,1450,280,44775,26395,6345,6460,215,65,4120,1175,1840,1840,850,300,505,0,0,125,60,0,0,0,0,0,0,0,0,0,0,0,0,0,0,0,0,0,0,0,0,0,0,0,0,0,0,0,0,0,0,0,0,1314,1950,1289,530,446,128,147,2,11,226,73,578,460,132,160,17,31,283,79,690,657,176,310,33,31,339,95,517,397,151,197,31,31,184,119,805,738,281,326,40,31,209,55,1972,184,136,31,17,31,31,153,22,387,300,103,99,22,31,219,37,681,557,154,171,25,31,289,55,738,554,189,201,41,9,285,90,1906,1554,538,684,128,42,701,281,304,304,277,67,110,31,31,52,22,31,31,31,31,31,31,31,31,31,31,31,31,31,31,31,31,31,31,31,31,31,31,31,31,31,31,31,31,31,31,31,31,1668,1687,792,509,431,283,41,14,389,159,981,619,372,204,20,31,474,127,859,692,440,180,17,23,322,141,549,471,226,121,31,10,167,77,486,349,188,265,31,31,151,42,1648,218,188,34,71,31,31,53,35,230,121,81,57,31,31,163,31,687,449,282,187,14,22,409,99,716,539,357,219,30,16,301,127,1452,1086,683,480,97,44,517,295,301,301,242,182,159,31,31,70,58,31,31,31,31,31,31,31,31,31,31,31,31,31,31,31,31,31,31,31,31,31,31,31,31,31,31,31,31,31,31,31,31
2013thru2017,50,05000US48087,"Collingsworth County, Texas",48,87,1100,885,115,45,35,0,0,0,0,10,0,25,25,0,0,0,0,0,0,20,10,0,0,0,0,10,0,20,4,0,0,0,0,15,0,4,4,0,0,0,0,0,0,765,10,10,0,0,0,0,0,0,60,20,0,0,0,0,40,0,165,85,20,0,10,0,50,0,110,60,4,0,0,0,50,0,420,375,4,0,4,0,35,4,4,4,0,0,0,0,0,4,0,0,0,0,0,0,0,0,0,0,0,0,0,0,0,0,0,0,0,0,0,0,0,0,0,0,0,0,0,0,0,0,0,215,70,35,4,25,0,10,0,0,0,30,15,15,0,0,0,0,0,0,0,0,0,0,0,0,0,0,0,0,0,0,0,0,0,4,4,0,0,0,0,0,0,145,4,4,0,0,0,0,0,0,10,10,0,0,0,0,0,0,75,60,0,0,0,0,20,0,0,0,0,0,0,0,0,0,60,55,0,0,4,0,0,0,0,0,0,0,0,0,0,0,0,0,0,0,0,0,0,0,0,0,0,0,0,0,0,0,0,0,0,0,0,0,0,0,0,0,0,0,0,0,0,0,0,79,78,47,33,30,13,13,13,13,15,13,16,16,13,13,13,13,13,13,19,14,13,13,13,13,15,13,26,13,13,13,13,13,25,13,12,12,13,13,13,13,13,13,73,12,12,13,13,13,13,13,13,40,25,13,13,13,13,38,13,46,33,18,13,14,13,28,13,49,30,2,13,13,13,43,13,75,70,6,13,3,13,28,5,8,8,13,13,13,13,13,8,13,13,13,13,13,13,13,13,13,13,13,13,13,13,13,13,13,13,13,13,13,13,13,13,13,13,13,13,13,13,13,13,13,74,36,29,3,24,13,15,13,13,13,26,18,23,13,13,13,13,13,13,13,13,13,13,13,13,13,13,13,13,13,13,13,13,13,4,4,13,13,13,13,13,13,66,5,5,13,13,13,13,13,13,14,14,13,13,13,13,13,13,55,40,13,13,13,13,30,13,13,13,13,13,13,13,13,13,34,33,13,13,3,13,13,13,13,13,13,13,13,13,13,13,13,13,13,13,13,13,13,13,13,13,13,13,13,13,13,13,13,13,13,13,13,13,13,13,13,13,13,13,13,13,13,13,13
2013thru2017,50,05000US48089,"Colorado County, Texas",48,89,7605,6240,1150,275,130,85,0,0,0,65,0,180,135,25,0,0,0,15,0,340,135,95,0,30,0,80,0,50,50,0,0,0,0,0,0,305,200,20,0,0,0,85,0,4965,160,30,45,0,0,0,85,0,295,190,35,0,0,0,75,0,665,540,65,0,0,0,60,0,595,475,95,0,0,0,25,0,3250,2560,160,4,0,0,520,10,130,130,105,0,0,0,0,20,0,0,0,0,0,0,0,0,0,0,0,0,0,0,0,0,0,0,0,0,0,0,0,0,0,0,0,0,0,0,0,0,0,1365,475,100,45,25,0,0,0,15,15,130,30,75,4,0,0,25,0,135,0,30,0,0,0,105,0,10,10,4,0,0,0,0,0,95,80,15,0,0,0,4,0,865,100,70,25,0,0,0,10,0,60,25,35,0,0,0,0,0,205,75,55,0,0,0,80,0,125,60,4,0,0,0,60,0,380,155,45,0,0,0,180,0,25,25,4,15,0,0,0,0,0,0,0,0,0,0,0,0,0,0,0,0,0,0,0,0,0,0,0,0,0,0,0,0,0,0,0,0,0,0,0,0,0,349,343,218,130,71,62,25,25,25,63,25,84,67,34,25,25,25,30,25,144,74,85,25,48,25,51,25,43,43,25,25,25,25,25,25,126,103,28,25,25,25,60,25,317,87,24,43,25,25,25,71,25,111,91,34,25,25,25,70,25,159,143,58,25,25,25,45,25,183,146,110,25,25,25,27,25,288,229,68,20,25,25,128,16,98,98,90,25,25,25,25,33,25,25,25,25,25,25,25,25,25,25,25,25,25,25,25,25,25,25,25,25,25,25,25,25,25,25,25,25,25,25,25,25,25,269,187,48,29,33,25,25,25,25,11,70,26,59,12,25,25,27,25,117,25,33,25,25,25,114,25,17,17,3,25,25,25,25,25,108,105,23,25,25,25,14,25,184,54,45,30,25,25,25,15,25,44,26,35,25,25,25,25,25,85,46,49,25,25,25,53,25,76,68,13,25,25,25,56,25,138,76,57,25,25,25,100,25,31,31,13,27,25,25,25,25,25,25,25,25,25,25,25,25,25,25,25,25,25,25,25,25,25,25,25,25,25,25,25,25,25,25,25,25,25,25,25,25,25
2013thru2017,50,05000US48091,"Comal County, Texas",48,91,47255,35605,6955,1370,1015,10,4,0,0,300,40,1110,820,10,0,0,0,275,0,1605,1235,0,0,0,0,370,0,840,560,0,0,0,0,220,60,2030,1590,125,10,0,0,300,0,28430,225,110,0,25,0,0,85,0,745,535,0,0,0,0,210,0,2470,1930,0,0,0,0,500,40,2065,1410,20,15,10,0,600,15,22925,19035,550,105,15,15,2930,275,220,220,205,0,0,0,0,20,0,0,0,0,0,0,0,0,0,0,0,0,0,0,0,0,0,0,0,0,0,0,0,0,0,0,0,0,0,0,0,0,0,11650,5265,1240,675,0,0,0,0,505,60,1730,880,20,15,0,0,750,65,1445,1065,30,30,0,0,320,0,445,355,10,0,0,0,50,30,405,255,0,0,0,0,135,15,6185,200,125,10,0,0,0,60,0,295,120,0,0,0,0,175,0,870,440,45,0,0,0,385,0,1055,520,0,0,0,0,535,0,3770,2800,95,75,0,0,675,125,200,200,165,0,0,0,0,35,0,0,0,0,0,0,0,0,0,0,0,0,0,0,0,0,0,0,0,0,0,0,0,0,0,0,0,0,0,0,0,0,0,579,685,522,263,202,17,28,31,31,124,32,209,198,24,31,31,31,107,31,217,185,31,31,31,31,111,31,208,186,31,31,31,31,100,50,326,272,92,17,31,31,117,31,791,107,71,31,32,31,31,71,31,193,162,31,31,31,31,104,31,327,296,31,31,31,31,168,33,273,244,33,23,15,31,180,26,784,727,122,56,29,30,331,122,94,94,94,31,31,31,31,31,31,31,31,31,31,31,31,31,31,31,31,31,31,31,31,31,31,31,31,31,31,31,31,31,31,31,31,31,31,31,31,31,31,670,554,261,203,31,31,31,31,169,54,342,233,28,27,31,31,279,57,304,235,38,36,31,31,160,31,176,156,22,31,31,31,68,34,148,113,31,31,31,31,81,23,501,127,106,23,31,31,31,65,31,141,68,31,31,31,31,127,31,235,147,46,31,31,31,198,31,286,175,31,31,31,31,220,31,430,402,73,63,31,31,192,106,106,106,96,31,31,31,31,54,31,31,31,31,31,31,31,31,31,31,31,31,31,31,31,31,31,31,31,31,31,31,31,31,31,31,31,31,31,31,31,31,31
2013thru2017,50,05000US48093,"Comanche County, Texas",48,93,5105,4000,895,290,225,0,0,15,0,50,0,155,90,0,0,0,0,65,0,220,170,0,0,0,0,50,0,45,20,0,4,0,0,15,0,190,105,0,0,10,0,75,0,3015,70,25,0,0,0,0,45,0,195,145,0,0,0,0,50,0,515,440,25,0,0,0,50,0,375,280,10,10,4,0,75,0,1860,1620,0,10,4,0,225,0,95,95,75,0,4,0,0,15,0,0,0,0,0,0,0,0,0,0,0,0,0,0,0,0,0,0,0,0,0,0,0,0,0,0,0,0,0,0,0,0,0,1105,360,150,85,0,0,0,0,65,0,80,50,4,0,0,0,20,0,95,65,0,0,0,0,30,0,15,15,0,0,0,0,0,0,25,20,0,0,0,0,4,0,690,25,25,0,0,0,0,0,0,85,85,0,0,0,0,4,0,180,125,0,0,0,0,45,15,105,80,0,0,0,0,25,0,295,195,0,0,0,0,100,0,50,50,50,0,0,0,0,0,0,0,0,0,0,0,0,0,0,0,0,0,0,0,0,0,0,0,0,0,0,0,0,0,0,0,0,0,0,0,0,0,0,236,252,172,119,77,21,21,20,21,75,21,79,39,21,21,21,21,64,21,75,61,21,21,21,21,44,21,40,20,21,11,21,21,34,21,88,49,21,21,18,21,76,21,218,59,20,21,21,21,21,56,21,66,55,21,21,21,21,47,21,125,107,35,21,21,21,44,21,106,71,14,18,9,21,68,21,177,166,21,15,21,21,81,21,59,59,55,21,6,21,21,23,21,21,21,21,21,21,21,21,21,21,21,21,21,21,21,21,21,21,21,21,21,21,21,21,21,21,21,21,21,21,21,21,21,186,97,70,42,21,21,21,21,58,21,56,52,16,21,21,21,21,21,78,69,21,21,21,21,32,21,29,29,21,21,21,21,21,21,29,29,21,21,21,21,9,21,155,29,29,21,21,21,21,21,21,53,54,21,21,21,21,5,21,90,66,21,21,21,21,54,21,47,45,21,21,21,21,19,21,117,85,21,21,21,21,82,21,49,49,49,21,21,21,21,21,21,21,21,21,21,21,21,21,21,21,21,21,21,21,21,21,21,21,21,21,21,21,21,21,21,21,21,21,21,21,21,21,21
2013thru2017,50,05000US48095,"Concho County, Texas",48,95,790,565,120,35,20,0,0,0,0,15,4,50,20,0,0,0,0,35,0,25,25,0,0,0,0,4,0,4,4,0,0,0,0,0,0,4,4,0,0,0,0,0,0,440,0,0,0,0,0,0,0,0,25,20,0,0,0,0,4,4,60,35,0,0,0,0,25,0,55,45,0,0,0,0,15,0,305,255,4,0,0,0,45,0,0,0,0,0,0,0,0,0,0,0,0,0,0,0,0,0,0,0,0,0,0,0,0,0,0,0,0,0,0,0,0,0,0,0,0,0,0,0,0,0,0,225,70,25,15,0,0,0,0,10,0,25,20,0,0,0,0,4,0,20,20,0,0,0,0,0,0,0,0,0,0,0,0,0,0,0,0,0,0,0,0,0,0,145,10,10,0,0,0,0,0,0,10,10,0,0,0,0,0,0,45,25,0,0,0,0,20,0,35,20,0,0,4,0,10,0,50,30,0,0,0,0,20,0,10,10,4,0,0,0,0,4,0,0,0,0,0,0,0,0,0,0,0,0,0,0,0,0,0,0,0,0,0,0,0,0,0,0,0,0,0,0,0,0,0,115,103,51,25,13,13,13,13,13,20,13,32,14,13,13,13,13,28,13,22,23,13,13,13,13,3,13,3,3,13,13,13,13,13,13,13,13,13,13,13,13,13,13,90,13,13,13,13,13,13,13,13,18,16,13,13,13,13,13,13,29,26,13,13,13,13,21,13,31,27,13,13,13,13,16,13,71,58,13,13,13,13,25,13,13,13,13,13,13,13,13,13,13,13,13,13,13,13,13,13,13,13,13,13,13,13,13,13,13,13,13,13,13,13,13,13,13,13,13,13,13,13,13,13,13,64,42,24,21,13,13,13,13,14,13,23,23,13,13,13,13,15,13,25,25,13,13,13,13,13,13,13,13,13,13,13,13,13,13,13,13,13,13,13,13,13,13,52,12,12,13,13,13,13,13,13,14,14,13,13,13,13,13,13,26,20,13,13,13,13,17,13,28,25,13,13,6,13,14,13,31,22,13,13,13,13,23,13,14,14,14,13,13,13,13,2,13,13,13,13,13,13,13,13,13,13,13,13,13,13,13,13,13,13,13,13,13,13,13,13,13,13,13,13,13,13,13,13,13
2013thru2017,50,05000US48097,"Cooke County, Texas",48,97,15185,10455,1875,345,205,20,0,4,0,115,0,360,315,10,0,0,0,30,4,500,455,4,0,4,0,35,0,125,55,4,20,0,0,45,4,540,495,0,4,0,0,35,4,8555,55,10,15,0,30,0,4,0,340,265,20,0,0,0,55,0,995,805,15,0,35,10,130,4,635,570,15,0,15,0,35,4,6530,5935,75,35,40,0,420,30,25,25,25,0,0,0,0,0,0,0,0,0,0,0,0,0,0,0,0,0,0,0,0,0,0,0,0,0,0,0,0,0,0,0,0,0,0,0,0,0,0,4730,1800,520,340,15,10,0,0,140,15,650,435,55,0,0,0,150,10,530,315,55,90,0,0,15,45,30,30,0,0,0,0,0,0,70,45,0,0,0,0,25,0,2840,185,130,4,0,30,0,25,0,345,220,4,4,0,0,120,0,740,530,65,0,10,25,110,0,455,370,15,0,0,0,70,0,1110,950,10,10,0,0,145,0,90,90,90,0,4,0,0,0,0,0,0,0,0,0,0,0,0,0,0,0,0,0,0,0,0,0,0,0,0,0,0,0,0,0,0,0,0,0,0,0,0,343,440,274,107,61,24,28,28,28,89,28,121,122,18,28,28,28,34,4,149,131,9,28,17,28,62,28,76,24,18,35,28,28,52,1,157,151,28,14,28,28,38,3,398,44,12,21,28,39,28,6,28,88,69,23,28,28,28,53,28,207,181,17,28,32,15,77,4,149,127,21,28,24,28,40,2,324,297,54,36,29,28,141,27,27,27,27,28,28,28,28,28,28,28,28,28,28,28,28,28,28,28,28,28,28,28,28,28,28,28,28,28,28,28,28,28,28,28,28,28,28,28,28,28,28,486,314,146,124,17,19,28,28,82,33,203,138,47,28,28,28,121,15,165,113,58,79,28,28,24,50,35,35,28,28,28,28,28,28,47,39,28,28,28,28,27,28,379,83,63,7,28,41,28,27,28,133,106,2,28,28,28,95,28,171,131,57,28,22,36,73,28,156,133,22,28,28,28,68,28,237,200,14,19,28,28,119,28,71,71,72,28,3,28,28,28,28,28,28,28,28,28,28,28,28,28,28,28,28,28,28,28,28,28,28,28,28,28,28,28,28,28,28,28,28,28,28,28,28
2013thru2017,50,05000US48099,"Coryell County, Texas",48,99,22425,12915,2580,615,345,40,4,0,0,180,45,525,350,65,10,0,0,90,10,630,405,20,0,0,0,210,0,395,215,80,10,0,0,75,20,410,375,20,10,0,0,4,0,10275,110,85,0,0,0,0,20,4,515,390,20,30,0,0,70,4,1100,945,15,15,4,0,90,30,1185,890,120,40,4,0,60,75,7365,5765,580,80,30,25,770,115,60,60,55,0,4,0,0,4,0,0,0,0,0,0,0,0,0,0,0,0,0,0,0,0,0,0,0,0,0,0,0,0,0,0,0,0,0,0,0,0,0,9510,3930,835,490,70,20,4,4,215,30,1465,950,125,15,0,10,295,65,1165,790,95,4,4,15,195,60,280,160,30,0,0,4,80,4,185,130,0,0,0,45,4,0,5425,185,100,30,0,0,0,20,35,190,125,15,0,0,0,15,40,1050,640,175,15,0,0,200,20,1080,620,185,0,20,0,235,20,2920,1890,445,20,35,15,390,125,150,150,90,4,20,0,0,10,20,0,0,0,0,0,0,0,0,0,0,0,0,0,0,0,0,0,0,0,0,0,0,0,0,0,0,0,0,0,0,0,0,523,453,331,169,120,31,7,31,31,84,59,170,137,60,21,31,31,66,14,170,114,33,31,31,31,118,31,123,99,58,13,31,31,45,24,124,120,16,16,31,31,8,31,448,56,43,31,31,31,31,33,7,118,94,32,30,31,31,64,3,206,196,15,25,8,31,61,39,182,149,73,43,13,31,44,51,385,357,107,45,27,27,179,52,35,35,33,31,12,31,31,3,31,31,31,31,31,31,31,31,31,31,31,31,31,31,31,31,31,31,31,31,31,31,31,31,31,31,31,31,31,31,31,31,31,597,416,187,132,45,23,10,5,110,23,266,220,67,16,31,16,125,57,199,168,50,15,4,27,82,48,88,72,27,31,31,18,56,7,96,90,31,31,31,35,14,31,537,104,88,34,31,31,31,26,35,78,52,20,31,31,31,18,49,243,160,91,18,31,31,114,24,223,185,108,31,37,31,96,24,416,333,133,26,48,20,143,83,76,76,61,13,32,31,31,23,22,31,31,31,31,31,31,31,31,31,31,31,31,31,31,31,31,31,31,31,31,31,31,31,31,31,31,31,31,31,31,31,31
2013thru2017,50,05000US48101,"Cottle County, Texas",48,101,665,435,70,25,4,4,0,0,0,15,0,15,10,0,0,0,0,4,0,0,0,0,0,0,0,0,0,20,4,0,0,0,0,10,0,15,0,0,0,0,0,15,0,365,4,4,0,0,0,0,0,0,30,4,4,0,0,0,15,0,80,50,0,0,4,0,30,0,35,15,0,0,0,0,20,0,220,195,0,0,0,0,25,0,0,0,0,0,0,0,0,0,0,0,0,0,0,0,0,0,0,0,0,0,0,0,0,0,0,0,0,0,0,0,0,0,0,0,0,0,0,0,0,0,0,230,70,55,15,10,0,0,0,10,20,0,0,0,0,0,0,0,0,15,10,0,0,0,0,4,0,0,0,0,0,0,0,0,0,0,0,0,0,0,0,0,0,140,45,4,30,0,0,0,10,0,20,10,10,0,0,0,0,0,45,15,20,0,0,0,15,0,4,4,0,0,0,0,0,0,20,20,4,0,0,0,0,0,20,20,4,0,0,0,0,15,0,0,0,0,0,0,0,0,0,0,0,0,0,0,0,0,0,0,0,0,0,0,0,0,0,0,0,0,0,0,0,0,0,71,69,35,24,1,7,13,13,13,23,13,13,12,13,13,13,13,5,13,13,13,13,13,13,13,13,13,20,11,13,13,13,13,22,13,23,13,13,13,13,13,23,13,63,1,1,13,13,13,13,13,13,20,13,12,13,13,13,18,13,36,28,13,13,3,13,25,13,27,11,13,13,13,13,27,13,46,47,13,13,13,13,24,13,13,13,13,13,13,13,13,13,13,13,13,13,13,13,13,13,13,13,13,13,13,13,13,13,13,13,13,13,13,13,13,13,13,13,13,13,13,13,13,13,13,64,39,35,18,23,13,13,13,19,23,13,13,13,13,13,13,13,13,22,20,13,13,13,13,13,13,13,13,13,13,13,13,13,13,13,13,13,13,13,13,13,13,56,37,11,31,13,13,13,19,13,25,14,21,13,13,13,13,13,46,14,35,13,13,13,24,13,6,6,13,13,13,13,13,13,16,14,13,13,13,13,13,13,25,25,1,13,13,13,13,26,13,13,13,13,13,13,13,13,13,13,13,13,13,13,13,13,13,13,13,13,13,13,13,13,13,13,13,13,13,13,13,13,13
2013thru2017,50,05000US48103,"Crane County, Texas",48,103,1480,1160,160,70,40,0,0,0,0,30,0,40,10,0,0,0,0,35,0,15,10,0,0,0,0,10,0,0,0,0,0,0,0,0,0,35,0,0,0,0,0,35,0,985,25,20,0,0,0,0,4,0,45,45,0,0,0,0,0,0,155,80,0,0,0,0,75,0,85,45,0,0,0,0,40,0,675,290,4,0,0,0,375,4,10,10,10,0,0,0,0,0,0,0,0,0,0,0,0,0,0,0,0,0,0,0,0,0,0,0,0,0,0,0,0,0,0,0,0,0,0,0,0,0,0,320,115,55,10,0,0,0,0,45,0,15,4,0,0,0,0,10,0,20,10,0,0,0,0,10,0,15,10,0,0,0,0,4,0,15,15,0,0,0,0,0,0,200,4,0,0,0,0,0,4,0,35,0,0,0,0,0,35,0,60,25,10,0,0,0,30,0,4,0,0,0,0,0,4,0,95,25,10,0,0,0,60,0,4,4,4,0,0,0,0,0,0,0,0,0,0,0,0,0,0,0,0,0,0,0,0,0,0,0,0,0,0,0,0,0,0,0,0,0,0,0,0,0,0,70,78,54,46,35,13,13,13,13,26,13,29,14,13,13,13,13,24,13,20,14,13,13,13,13,14,13,13,13,13,13,13,13,13,13,36,13,13,13,13,13,36,13,84,25,23,13,13,13,13,9,13,24,24,13,13,13,13,13,13,54,37,13,13,13,13,35,13,47,39,13,13,13,13,32,13,83,51,8,13,13,13,70,7,14,14,14,13,13,13,13,13,13,13,13,13,13,13,13,13,13,13,13,13,13,13,13,13,13,13,13,13,13,13,13,13,13,13,13,13,13,13,13,13,13,78,44,38,15,13,13,13,13,34,13,18,2,13,13,13,13,14,13,21,20,13,13,13,13,16,13,18,15,13,13,13,13,11,13,18,18,13,13,13,13,13,13,69,2,13,13,13,13,13,2,13,36,13,13,13,13,13,36,13,40,21,16,13,13,13,33,13,6,13,13,13,13,13,6,13,38,22,16,13,13,13,33,13,10,10,10,13,13,13,13,13,13,13,13,13,13,13,13,13,13,13,13,13,13,13,13,13,13,13,13,13,13,13,13,13,13,13,13,13,13,13,13,13,13
2013thru2017,50,05000US48105,"Crockett County, Texas",48,105,1410,1025,180,80,50,0,0,0,0,30,0,60,0,0,0,0,0,60,0,0,0,0,0,0,0,0,0,35,0,0,0,0,0,35,0,0,0,0,0,0,0,0,0,850,20,20,0,0,0,0,0,0,105,70,0,0,0,0,35,0,75,0,0,0,0,0,75,0,20,0,0,0,0,0,20,0,625,250,20,0,0,0,355,0,0,0,0,0,0,0,0,0,0,0,0,0,0,0,0,0,0,0,0,0,0,0,0,0,0,0,0,0,0,0,0,0,0,0,0,0,0,0,0,0,0,385,140,50,50,0,0,0,0,0,0,80,15,0,0,0,0,65,0,10,0,0,0,0,0,10,0,0,0,0,0,0,0,0,0,0,0,0,0,0,0,0,0,245,0,0,0,0,0,0,0,0,0,0,0,0,0,0,0,0,140,65,0,0,0,0,75,0,30,30,0,0,0,0,0,0,70,30,0,0,0,0,45,0,0,0,0,0,0,0,0,0,0,0,0,0,0,0,0,0,0,0,0,0,0,0,0,0,0,0,0,0,0,0,0,0,0,0,0,0,0,0,0,0,0,128,147,91,61,51,13,13,13,13,38,13,68,13,13,13,13,13,68,13,13,13,13,13,13,13,13,13,51,13,13,13,13,13,51,13,13,13,13,13,13,13,13,13,159,33,33,13,13,13,13,13,13,67,49,13,13,13,13,45,13,52,13,13,13,13,13,52,13,33,13,13,13,13,13,33,13,156,68,33,13,13,13,124,13,13,13,13,13,13,13,13,13,13,13,13,13,13,13,13,13,13,13,13,13,13,13,13,13,13,13,13,13,13,13,13,13,13,13,13,13,13,13,13,13,13,138,88,56,56,13,13,13,13,13,13,68,23,13,13,13,13,70,13,23,13,13,13,13,13,23,13,13,13,13,13,13,13,13,13,13,13,13,13,13,13,13,13,111,13,13,13,13,13,13,13,13,13,13,13,13,13,13,13,13,91,72,13,13,13,13,54,13,27,27,13,13,13,13,13,13,67,45,13,13,13,13,51,13,13,13,13,13,13,13,13,13,13,13,13,13,13,13,13,13,13,13,13,13,13,13,13,13,13,13,13,13,13,13,13,13,13,13,13,13,13,13,13,13,13
2013thru2017,50,05000US48107,"Crosby County, Texas",48,107,2065,1415,280,95,35,0,0,0,0,60,0,100,55,4,0,0,0,40,0,60,25,4,0,0,0,35,0,15,10,4,0,0,0,4,0,4,4,0,0,0,0,0,0,1125,40,25,0,0,0,0,0,15,125,40,4,0,0,0,80,0,230,140,0,0,0,0,90,0,110,60,0,0,0,0,50,0,620,430,10,0,0,0,180,0,10,10,4,0,0,0,0,4,0,0,0,0,0,0,0,0,0,0,0,0,0,0,0,0,0,0,0,0,0,0,0,0,0,0,0,0,0,0,0,0,0,650,205,100,20,15,0,0,0,60,0,45,4,10,0,0,0,35,0,35,4,15,0,0,0,15,0,15,4,0,0,0,0,10,0,15,4,0,0,0,0,10,0,425,35,4,4,0,0,0,20,0,60,4,4,0,0,0,50,0,145,80,0,0,0,0,65,0,40,20,0,0,0,0,20,0,145,65,4,0,0,0,70,0,15,15,0,0,0,0,0,15,0,0,0,0,0,0,0,0,0,0,0,0,0,0,0,0,0,0,0,0,0,0,0,0,0,0,0,0,0,0,0,0,0,100,119,65,39,24,19,19,19,19,29,19,38,29,12,19,19,19,25,19,39,22,14,19,19,19,26,19,11,14,10,19,19,19,1,19,11,11,19,19,19,19,19,19,100,31,19,19,19,19,19,19,26,33,17,3,19,19,19,29,19,54,40,19,19,19,19,35,19,39,25,19,19,19,19,31,19,74,60,13,19,19,19,42,19,12,12,7,19,19,19,19,13,19,19,19,19,19,19,19,19,19,19,19,19,19,19,19,19,19,19,19,19,19,19,19,19,19,19,19,19,19,19,19,19,19,91,56,43,17,23,19,19,19,30,19,28,2,15,19,19,19,27,19,27,19,26,19,19,19,16,19,18,7,19,19,19,19,14,19,19,1,19,19,19,19,19,19,72,23,16,12,19,19,19,20,19,27,3,11,19,19,19,25,19,45,34,19,19,19,19,34,19,29,20,19,19,19,19,20,19,43,25,14,19,19,19,38,19,15,15,19,19,19,19,19,15,19,19,19,19,19,19,19,19,19,19,19,19,19,19,19,19,19,19,19,19,19,19,19,19,19,19,19,19,19,19,19,19,19
2013thru2017,50,05000US48109,"Culberson County, Texas",48,109,735,490,80,45,4,0,0,0,0,40,0,15,0,0,0,0,0,15,0,4,4,0,0,0,0,4,0,4,4,0,0,0,0,0,0,10,0,0,0,0,0,10,0,410,15,0,0,0,0,0,15,0,90,15,0,0,0,0,75,0,95,15,0,0,0,0,80,0,35,10,0,0,0,0,20,4,175,45,0,4,0,0,125,0,0,0,0,0,0,0,0,0,0,0,0,0,0,0,0,0,0,0,0,0,0,0,0,0,0,0,0,0,0,0,0,0,0,0,0,0,0,0,0,0,0,245,100,45,4,0,0,0,0,40,0,35,10,0,0,0,0,25,0,0,0,0,0,0,0,0,0,0,0,0,0,0,0,0,0,20,20,0,0,0,0,0,0,145,25,0,0,0,0,0,25,0,25,0,0,0,0,0,25,0,15,0,0,0,0,0,15,0,25,10,0,0,0,0,15,0,55,20,0,0,0,0,30,4,0,0,0,0,0,0,0,0,0,0,0,0,0,0,0,0,0,0,0,0,0,0,0,0,0,0,0,0,0,0,0,0,0,0,0,0,0,0,0,0,0,98,79,37,28,5,13,13,13,13,25,13,18,13,13,13,13,13,18,13,9,1,13,13,13,13,1,13,2,2,13,13,13,13,13,13,14,13,13,13,13,13,14,13,80,16,13,13,13,13,13,16,13,45,18,13,13,13,13,40,13,40,22,13,13,13,13,35,13,25,13,13,13,13,13,19,10,52,27,13,11,13,13,43,13,13,13,13,13,13,13,13,13,13,13,13,13,13,13,13,13,13,13,13,13,13,13,13,13,13,13,13,13,13,13,13,13,13,13,13,13,13,13,13,13,13,63,46,28,17,13,13,13,13,25,13,25,14,13,13,13,13,22,13,13,13,13,13,13,13,13,13,13,13,13,13,13,13,13,13,29,29,13,13,13,13,13,13,49,19,13,13,13,13,13,19,13,21,13,13,13,13,13,21,13,17,13,13,13,13,13,17,13,23,15,13,13,13,13,18,13,27,16,13,13,13,13,23,15,13,13,13,13,13,13,13,13,13,13,13,13,13,13,13,13,13,13,13,13,13,13,13,13,13,13,13,13,13,13,13,13,13,13,13,13,13,13,13,13,13
2013thru2017,50,05000US48111,"Dallam County, Texas",48,111,2430,1450,185,35,25,0,0,0,0,10,0,30,15,0,0,0,0,15,0,80,25,0,10,0,0,50,0,10,10,0,0,0,0,0,0,30,30,0,0,0,0,0,0,1260,30,10,0,0,0,0,20,0,120,60,0,0,0,0,60,0,115,50,0,0,0,0,65,0,200,185,0,0,0,0,15,0,800,615,20,4,0,0,160,4,4,4,4,0,0,0,0,0,0,0,0,0,0,0,0,0,0,0,0,0,0,0,0,0,0,0,0,0,0,0,0,0,0,0,0,0,0,0,0,0,0,980,230,15,15,0,0,0,0,4,0,130,100,0,0,0,0,30,0,50,35,0,4,4,0,10,0,15,15,0,0,0,0,0,0,20,20,0,0,0,0,0,0,740,20,4,0,0,4,0,15,0,20,20,0,0,0,0,4,0,120,85,0,0,0,0,20,10,250,85,20,0,0,0,145,0,325,205,25,0,0,0,100,0,15,15,15,0,0,0,0,0,0,0,0,0,0,0,0,0,0,0,0,0,0,0,0,0,0,0,0,0,0,0,0,0,0,0,0,0,0,0,0,0,0,143,148,77,28,20,19,19,19,19,16,19,32,22,19,19,19,19,26,19,52,25,19,13,19,19,44,19,20,20,19,19,19,19,19,19,19,19,19,19,19,19,19,19,158,26,14,19,19,19,19,23,19,62,41,19,19,19,19,43,19,54,32,19,19,19,19,42,19,90,85,19,19,19,19,25,19,150,109,29,6,19,19,72,6,4,4,4,19,19,19,19,19,19,19,19,19,19,19,19,19,19,19,19,19,19,19,19,19,19,19,19,19,19,19,19,19,19,19,19,19,19,19,19,19,19,169,90,20,21,19,19,19,19,3,19,76,62,19,19,19,19,43,19,34,32,19,3,8,19,15,19,27,27,19,19,19,19,19,19,29,29,19,19,19,19,19,19,164,25,19,19,19,5,19,27,19,22,21,19,19,19,19,19,19,66,62,19,19,19,19,25,17,137,66,33,19,19,19,107,19,131,93,40,19,19,19,73,19,25,25,25,19,19,19,19,19,19,19,19,19,19,19,19,19,19,19,19,19,19,19,19,19,19,19,19,19,19,19,19,19,19,19,19,19,19,19,19,19,19
2013thru2017,50,05000US48113,"Dallas County, Texas",48,113,906180,457250,121910,28630,9575,6490,1380,75,0,10750,355,29735,8660,5110,900,70,0,14645,350,30740,9855,6390,1515,30,0,12635,310,11485,4320,2295,855,45,0,3800,170,21320,11070,3305,1910,30,0,4625,390,331610,6070,1795,1930,115,10,0,2190,35,18925,6655,3750,650,105,0,7635,120,45120,17050,7920,1770,125,25,17865,365,35645,13760,6710,1430,100,0,13185,465,225850,136955,33705,14775,355,80,36995,2985,3735,3735,1725,1055,85,0,0,845,30,0,0,0,0,0,0,0,0,0,0,0,0,0,0,0,0,0,0,0,0,0,0,0,0,0,0,0,0,0,0,0,0,448930,220260,82890,14430,34755,3495,270,10,27935,1995,69605,14110,22225,2510,95,45,29340,1275,45710,13760,13290,2490,55,75,14975,1070,11220,4545,2780,780,4,0,2825,285,10840,4810,1930,1275,0,0,2670,155,218290,7875,2180,3610,525,0,0,1405,155,12430,1960,4710,455,15,10,5215,70,49690,10175,16650,1670,130,70,20025,970,33975,10805,10215,1460,135,10,10680,675,114315,56050,24450,11025,170,65,19210,3345,10375,10375,2005,5245,1050,4,0,1880,190,0,0,0,0,0,0,0,0,0,0,0,0,0,0,0,0,0,0,0,0,0,0,0,0,0,0,0,0,0,0,0,0,2127,3980,2260,1082,635,615,250,38,31,717,138,1354,624,460,167,45,31,959,108,1176,654,606,251,29,31,868,130,799,407,376,243,45,31,466,81,968,573,508,265,27,31,539,134,3286,530,308,273,63,15,31,273,25,821,420,400,167,66,31,614,53,1506,750,712,326,55,38,947,100,1514,861,707,234,65,31,940,161,2793,1827,1330,709,101,61,1246,384,384,384,272,268,67,31,31,227,36,31,31,31,31,31,31,31,31,31,31,31,31,31,31,31,31,31,31,31,31,31,31,31,31,31,31,31,31,31,31,31,31,3635,3333,1966,685,1350,434,115,22,1126,365,1909,787,1192,356,57,69,1345,251,1651,879,872,383,51,42,927,266,763,526,456,201,31,31,379,135,738,518,424,240,31,31,381,68,3035,586,302,487,189,31,31,278,91,914,317,592,165,17,14,575,47,1757,706,1049,294,71,61,1144,215,1501,828,837,333,68,19,769,190,2158,1488,1151,705,67,56,1175,401,819,819,313,586,238,31,31,358,97,31,31,31,31,31,31,31,31,31,31,31,31,31,31,31,31,31,31,31,31,31,31,31,31,31,31,31,31,31,31,31,31
2013thru2017,50,05000US48115,"Dawson County, Texas",48,115,4340,3085,600,255,105,0,0,0,0,150,0,145,75,10,0,10,0,55,0,155,55,0,20,0,0,85,0,4,4,0,0,0,0,0,0,35,0,0,0,0,0,35,0,2460,85,20,0,0,0,0,65,0,215,35,10,0,0,0,170,0,220,135,4,0,0,0,80,0,295,130,0,0,0,0,165,0,1645,965,15,0,4,0,660,4,25,25,10,0,0,0,0,15,0,0,0,0,0,0,0,0,0,0,0,0,0,0,0,0,0,0,0,0,0,0,0,0,0,0,0,0,0,0,0,0,0,1255,325,55,10,0,0,0,0,40,0,220,70,15,0,0,0,135,0,45,20,0,4,0,0,20,0,0,0,0,0,0,0,0,0,10,0,0,0,0,0,10,0,890,75,35,20,0,0,0,20,0,180,15,0,0,0,0,170,0,175,65,0,0,0,0,110,0,205,155,0,0,0,0,50,0,255,150,0,0,0,0,105,0,40,40,10,0,0,0,4,25,0,0,0,0,0,0,0,0,0,0,0,0,0,0,0,0,0,0,0,0,0,0,0,0,0,0,0,0,0,0,0,0,0,185,214,150,89,77,21,21,21,21,70,21,71,53,18,21,16,21,40,21,72,37,21,11,21,21,63,21,2,2,21,21,21,21,21,21,52,21,21,21,21,21,52,21,205,49,25,21,21,21,21,41,21,78,25,15,21,21,21,71,21,67,51,8,21,21,21,51,21,117,65,21,21,21,21,97,21,190,139,20,21,4,21,130,21,32,32,14,21,21,21,21,30,21,21,21,21,21,21,21,21,21,21,21,21,21,21,21,21,21,21,21,21,21,21,21,21,21,21,21,21,21,21,21,21,21,200,150,41,18,21,21,21,21,43,21,140,68,22,21,21,21,107,21,39,29,21,5,21,21,26,21,21,21,21,21,21,21,21,21,14,21,21,21,21,21,14,21,216,50,39,25,21,21,21,23,21,91,18,21,21,21,21,91,21,99,61,21,21,21,21,78,21,133,125,21,21,21,21,48,21,100,79,21,21,21,21,66,21,43,43,18,21,21,21,4,37,21,21,21,21,21,21,21,21,21,21,21,21,21,21,21,21,21,21,21,21,21,21,21,21,21,21,21,21,21,21,21,21,21
2013thru2017,50,05000US48117,"Deaf Smith County, Texas",48,117,6120,3980,585,140,90,0,0,0,0,50,0,140,30,0,0,0,0,105,0,125,35,0,4,0,0,85,0,35,4,0,0,0,0,30,0,150,90,0,0,0,0,65,0,3365,60,0,0,0,0,0,60,0,145,45,0,0,0,0,100,0,540,145,4,0,0,0,395,0,520,80,0,0,0,0,425,15,2100,1050,0,20,0,0,1030,0,25,25,15,0,0,0,0,10,0,0,0,0,0,0,0,0,0,0,0,0,0,0,0,0,0,0,0,0,0,0,0,0,0,0,0,0,0,0,0,0,0,2140,635,205,0,0,0,0,0,205,0,285,45,0,0,0,0,240,0,95,10,0,0,0,0,85,0,20,4,0,0,0,0,15,0,30,15,0,0,0,0,20,0,1445,85,0,0,0,0,0,85,4,85,35,0,0,0,0,50,0,210,50,20,0,0,0,140,0,240,65,0,0,0,0,175,0,825,270,0,0,0,0,545,10,60,60,10,0,0,0,0,50,0,0,0,0,0,0,0,0,0,0,0,0,0,0,0,0,0,0,0,0,0,0,0,0,0,0,0,0,0,0,0,0,0,178,192,127,55,49,21,21,21,21,37,21,72,24,21,21,21,21,66,21,68,38,21,5,21,21,52,21,33,13,21,21,21,21,34,21,76,60,21,21,21,21,43,21,224,55,21,21,21,21,21,55,21,72,29,21,21,21,21,67,21,126,60,4,21,21,21,122,21,128,48,21,21,21,21,112,21,234,131,21,14,21,21,184,21,24,24,19,21,21,21,21,15,21,21,21,21,21,21,21,21,21,21,21,21,21,21,21,21,21,21,21,21,21,21,21,21,21,21,21,21,21,21,21,21,21,238,142,78,21,21,21,21,21,78,21,118,31,21,21,21,21,114,21,51,14,21,21,21,21,48,21,25,11,21,21,21,21,24,21,35,22,21,21,21,21,31,21,218,61,21,21,21,21,21,61,7,58,34,21,21,21,21,46,21,111,44,27,21,21,21,99,21,109,38,21,21,21,21,98,21,155,74,21,21,21,21,146,16,42,42,15,21,21,21,21,39,21,21,21,21,21,21,21,21,21,21,21,21,21,21,21,21,21,21,21,21,21,21,21,21,21,21,21,21,21,21,21,21,21
2013thru2017,50,05000US48119,"Delta County, Texas",48,119,2035,1570,280,110,110,0,0,0,0,0,0,55,40,20,0,0,0,0,0,60,55,4,0,0,0,0,0,35,30,0,0,0,0,4,0,20,20,0,0,0,0,0,0,1290,10,4,4,0,0,0,0,0,85,85,0,0,0,0,0,0,250,230,0,0,0,0,15,4,130,130,0,0,0,0,0,0,820,700,15,4,4,0,65,30,4,4,0,4,0,0,0,0,0,0,0,0,0,0,0,0,0,0,0,0,0,0,0,0,0,0,0,0,0,0,0,0,0,0,0,0,0,0,0,0,0,465,225,150,95,40,0,0,0,10,0,50,40,4,0,0,0,0,0,25,25,4,0,0,0,0,0,0,0,0,0,0,0,0,0,0,0,0,0,0,0,0,0,230,4,0,4,0,0,0,0,0,35,20,10,0,0,0,0,0,50,30,15,0,0,0,0,0,35,35,0,0,0,0,0,0,110,95,10,0,0,0,4,0,4,4,0,4,0,0,0,0,0,0,0,0,0,0,0,0,0,0,0,0,0,0,0,0,0,0,0,0,0,0,0,0,0,0,0,0,0,0,0,0,0,86,110,83,56,56,19,19,19,19,19,19,38,28,20,19,19,19,19,19,29,30,19,19,19,19,19,19,37,37,19,19,19,19,11,19,22,22,19,19,19,19,19,19,126,13,4,4,19,19,19,19,19,43,43,19,19,19,19,19,19,70,66,19,19,19,19,24,15,70,70,19,19,19,19,19,19,122,113,17,4,23,19,72,14,19,19,19,19,19,19,19,19,19,19,19,19,19,19,19,19,19,19,19,19,19,19,19,19,19,19,19,19,19,19,19,19,19,19,19,19,19,19,19,19,19,91,67,54,46,30,19,19,19,20,19,26,27,12,19,19,19,19,19,28,28,4,19,19,19,19,19,19,19,19,19,19,19,19,19,19,19,19,19,19,19,19,19,66,9,19,9,19,19,19,19,19,25,18,20,19,19,19,19,19,30,27,17,19,19,19,19,19,24,24,19,19,19,19,19,19,52,50,14,19,19,19,9,19,15,15,19,15,19,19,19,19,19,19,19,19,19,19,19,19,19,19,19,19,19,19,19,19,19,19,19,19,19,19,19,19,19,19,19,19,19,19,19,19,19
2013thru2017,50,05000US48121,"Denton County, Texas",48,121,275165,177520,36425,5295,3525,225,325,50,0,1110,60,6125,3875,225,455,15,0,1530,25,9485,5880,850,565,0,0,2030,165,4720,3345,380,285,4,0,660,40,10805,7025,890,1475,20,0,1230,170,140525,470,330,25,4,0,0,110,0,2755,1765,150,130,0,0,605,110,8480,5940,250,480,15,15,1605,175,9430,6760,810,320,65,30,1370,80,119390,92090,6500,8970,410,4,9405,2005,570,570,405,30,45,0,0,90,0,0,0,0,0,0,0,0,0,0,0,0,0,0,0,0,0,0,0,0,0,0,0,0,0,0,0,0,0,0,0,0,0,97640,44005,13210,6440,2225,875,45,45,3125,450,12820,5715,2505,655,55,0,3450,435,13005,7005,2690,685,25,25,2135,440,2900,1710,560,85,0,0,455,90,2070,1390,145,200,30,0,270,35,51985,855,285,200,70,10,0,240,55,1465,720,160,40,25,0,500,25,8685,4095,1560,355,15,0,2390,270,9625,5060,1985,350,4,0,1930,295,31350,19840,4805,1715,65,75,4080,770,1650,1650,575,235,485,0,0,305,50,0,0,0,0,0,0,0,0,0,0,0,0,0,0,0,0,0,0,0,0,0,0,0,0,0,0,0,0,0,0,0,0,1154,1422,1282,514,382,92,110,57,31,281,50,592,498,95,117,17,31,294,29,672,465,222,147,31,31,411,75,465,353,165,103,13,31,223,32,653,466,222,282,26,31,245,84,1701,127,101,23,5,31,31,84,31,369,275,99,54,31,31,195,70,587,509,98,129,24,24,292,94,588,464,258,115,56,37,253,66,1523,1287,534,454,121,4,646,300,145,145,99,28,35,31,31,93,31,31,31,31,31,31,31,31,31,31,31,31,31,31,31,31,31,31,31,31,31,31,31,31,31,31,31,31,31,31,31,31,31,1421,1420,878,622,366,180,39,68,451,161,856,514,436,192,64,31,473,186,830,599,364,208,28,28,378,184,436,319,189,64,31,31,185,61,355,295,82,115,27,31,103,31,1382,231,112,80,88,15,31,135,64,316,194,89,47,35,31,217,29,829,513,358,125,24,31,364,120,774,537,393,133,3,31,332,134,1026,867,565,295,48,51,469,219,362,362,161,114,187,31,31,194,58,31,31,31,31,31,31,31,31,31,31,31,31,31,31,31,31,31,31,31,31,31,31,31,31,31,31,31,31,31,31,31,31
2013thru2017,50,05000US48123,"DeWitt County, Texas",48,123,7260,5465,1010,355,195,50,0,0,0,110,4,250,145,20,0,0,0,85,0,160,130,0,0,0,0,30,0,35,20,15,0,0,0,4,0,205,50,80,0,0,0,75,0,4425,135,85,4,0,0,0,40,0,555,285,15,0,0,0,240,15,675,420,35,0,0,0,220,0,410,280,35,0,0,0,65,30,2650,2155,50,0,0,0,445,4,25,25,25,0,0,0,0,0,0,0,0,0,0,0,0,0,0,0,0,0,0,0,0,0,0,0,0,0,0,0,0,0,0,0,0,0,0,0,0,0,0,1795,755,345,105,120,0,0,0,120,0,190,55,50,0,0,0,85,0,160,55,110,0,0,0,0,0,15,15,0,0,0,0,0,0,45,20,0,0,0,0,30,0,1020,115,4,4,0,0,0,105,0,85,60,0,0,0,0,25,0,190,105,0,0,0,0,85,0,90,55,0,0,0,0,30,4,545,250,85,0,0,0,210,0,20,20,0,0,0,0,0,20,0,0,0,0,0,0,0,0,0,0,0,0,0,0,0,0,0,0,0,0,0,0,0,0,0,0,0,0,0,0,0,0,0,270,241,201,102,74,37,25,25,25,55,8,108,79,27,25,25,25,69,25,81,73,25,25,25,25,26,25,38,21,29,25,25,25,4,25,107,29,98,25,25,25,58,25,282,77,56,15,25,25,25,54,25,156,98,23,25,25,25,144,21,173,110,38,25,25,25,132,25,113,89,34,25,25,25,38,45,230,212,49,25,25,25,125,5,23,23,23,25,25,25,25,25,25,25,25,25,25,25,25,25,25,25,25,25,25,25,25,25,25,25,25,25,25,25,25,25,25,25,25,25,25,25,25,25,25,246,179,109,62,87,25,25,25,64,25,97,38,70,25,25,25,76,25,129,55,119,25,25,25,25,25,23,23,25,25,25,25,25,25,51,33,25,25,25,25,35,25,205,65,7,15,25,25,25,62,25,53,43,25,25,25,25,30,25,76,49,25,25,25,25,53,25,51,38,25,25,25,25,34,2,146,82,97,25,25,25,79,25,18,18,25,25,25,25,25,18,25,25,25,25,25,25,25,25,25,25,25,25,25,25,25,25,25,25,25,25,25,25,25,25,25,25,25,25,25,25,25,25,25
2013thru2017,50,05000US48125,"Dickens County, Texas",48,125,830,595,95,40,20,10,0,4,0,10,0,25,20,0,0,0,0,4,0,20,10,0,0,0,0,10,0,4,4,0,0,0,0,0,0,4,4,0,0,0,0,0,0,495,15,10,0,0,0,0,4,0,55,35,4,0,0,0,15,0,65,55,0,0,0,0,10,0,65,55,0,0,0,0,10,0,300,260,0,0,0,0,40,0,4,4,4,0,0,0,0,0,0,0,0,0,0,0,0,0,0,0,0,0,0,0,0,0,0,0,0,0,0,0,0,0,0,0,0,0,0,0,0,0,0,235,50,25,4,4,0,0,0,20,0,20,20,0,0,0,0,0,0,0,0,0,0,0,0,0,0,4,4,0,0,0,0,0,0,4,4,0,0,0,0,4,0,185,45,4,4,0,0,0,40,0,10,4,4,0,0,0,0,0,25,25,0,0,0,0,0,0,30,30,0,0,0,0,0,0,75,65,0,0,0,0,10,0,4,4,4,0,0,0,0,0,0,0,0,0,0,0,0,0,0,0,0,0,0,0,0,0,0,0,0,0,0,0,0,0,0,0,0,0,0,0,0,0,0,74,59,35,19,12,16,13,1,13,15,13,15,14,13,13,13,13,5,13,16,14,13,13,13,13,15,13,13,13,13,13,13,13,13,13,7,7,13,13,13,13,13,13,55,19,15,13,13,13,13,8,13,25,22,12,13,13,13,21,13,21,18,13,13,13,13,8,13,30,26,13,13,13,13,12,13,36,37,13,13,13,13,24,13,16,16,16,13,13,13,13,13,13,13,13,13,13,13,13,13,13,13,13,13,13,13,13,13,13,13,13,13,13,13,13,13,13,13,13,13,13,13,13,13,13,60,24,17,4,6,13,13,13,18,13,19,19,13,13,13,13,13,13,13,13,13,13,13,13,13,13,4,4,13,13,13,13,13,13,9,2,13,13,13,13,13,13,55,34,13,2,13,13,13,34,13,13,16,13,13,13,13,13,13,15,15,13,13,13,13,13,13,24,24,13,13,13,13,13,13,37,31,13,13,13,13,16,13,5,5,5,13,13,13,13,13,13,13,13,13,13,13,13,13,13,13,13,13,13,13,13,13,13,13,13,13,13,13,13,13,13,13,13,13,13,13,13,13,13
2013thru2017,50,05000US48127,"Dimmit County, Texas",48,127,3475,2450,420,140,0,0,0,0,0,140,0,135,50,0,0,0,0,85,0,75,4,0,0,0,0,70,0,55,0,0,0,0,0,55,0,15,0,0,0,0,0,15,0,2025,140,20,0,0,0,0,120,0,455,35,0,0,0,0,420,0,430,95,0,0,0,0,330,0,260,180,0,0,0,0,80,0,740,195,0,0,0,0,550,0,0,0,0,0,0,0,0,0,0,0,0,0,0,0,0,0,0,0,0,0,0,0,0,0,0,0,0,0,0,0,0,0,0,0,0,0,0,0,0,0,0,1030,455,200,0,0,0,0,0,200,0,70,0,0,0,0,0,70,0,10,10,0,0,0,0,0,0,130,0,0,0,0,0,130,0,45,0,0,0,0,0,45,0,550,120,25,0,0,0,0,100,0,105,0,0,0,0,0,105,0,60,20,0,0,0,0,45,0,90,0,0,0,0,0,90,0,170,4,0,20,0,0,145,0,20,20,20,0,0,0,0,0,0,0,0,0,0,0,0,0,0,0,0,0,0,0,0,0,0,0,0,0,0,0,0,0,0,0,0,0,0,0,0,0,0,224,270,165,75,21,21,21,21,21,75,21,116,76,21,21,21,21,97,21,81,6,21,21,21,21,81,21,79,21,21,21,21,21,79,21,30,21,21,21,21,21,30,21,281,86,35,21,21,21,21,81,21,163,44,21,21,21,21,159,21,166,104,21,21,21,21,136,21,138,128,21,21,21,21,50,21,231,112,21,21,21,21,199,21,21,21,21,21,21,21,21,21,21,21,21,21,21,21,21,21,21,21,21,21,21,21,21,21,21,21,21,21,21,21,21,21,21,21,21,21,21,21,21,21,21,260,190,104,21,21,21,21,21,104,21,66,21,21,21,21,21,66,21,15,15,21,21,21,21,21,21,135,21,21,21,21,21,135,21,56,21,21,21,21,21,56,21,217,103,37,21,21,21,21,94,21,115,21,21,21,21,21,115,21,72,35,21,21,21,21,57,21,68,21,21,21,21,21,68,21,121,3,21,37,21,21,116,21,39,39,39,21,21,21,21,21,21,21,21,21,21,21,21,21,21,21,21,21,21,21,21,21,21,21,21,21,21,21,21,21,21,21,21,21,21,21,21,21,21
2013thru2017,50,05000US48129,"Donley County, Texas",48,129,1230,915,135,45,30,20,0,0,0,0,0,30,30,0,0,0,0,0,0,25,20,0,0,0,0,4,0,10,10,0,0,0,0,0,0,20,20,0,0,0,0,0,0,780,15,15,0,0,0,0,0,0,75,70,0,0,0,0,4,4,140,125,10,0,0,0,4,0,85,75,4,0,4,0,0,0,470,430,20,0,0,0,15,4,0,0,0,0,0,0,0,0,0,0,0,0,0,0,0,0,0,0,0,0,0,0,0,0,0,0,0,0,0,0,0,0,0,0,0,0,0,0,0,0,0,315,115,65,45,4,0,0,0,15,0,30,30,0,0,0,0,0,0,20,10,4,0,0,0,0,0,0,0,0,0,0,0,0,0,4,4,0,0,0,0,0,0,200,0,0,0,0,0,0,0,0,35,30,0,0,0,0,4,0,20,10,0,0,0,0,4,0,20,15,0,0,0,0,4,0,125,95,15,0,0,0,15,0,0,0,0,0,0,0,0,0,0,0,0,0,0,0,0,0,0,0,0,0,0,0,0,0,0,0,0,0,0,0,0,0,0,0,0,0,0,0,0,0,0,83,70,43,26,18,24,13,13,13,13,13,12,12,13,13,13,13,13,13,13,12,13,13,13,13,4,13,12,12,13,13,13,13,13,13,20,20,13,13,13,13,13,13,67,13,13,13,13,13,13,13,13,30,30,13,13,13,13,7,13,41,33,14,13,13,13,13,13,35,31,13,13,16,13,13,13,56,52,24,13,13,13,14,11,13,13,13,13,13,13,13,13,13,13,13,13,13,13,13,13,13,13,13,13,13,13,13,13,13,13,13,13,13,13,13,13,13,13,13,13,13,13,13,13,13,73,43,33,25,11,13,13,13,18,13,21,21,13,13,13,13,13,13,17,15,12,13,13,13,13,13,13,13,13,13,13,13,13,13,13,13,13,13,13,13,13,13,55,13,13,13,13,13,13,13,13,23,21,13,13,13,13,2,13,15,14,13,13,13,13,14,13,17,16,13,13,13,13,16,13,43,34,18,13,13,13,16,13,13,13,13,13,13,13,13,13,13,13,13,13,13,13,13,13,13,13,13,13,13,13,13,13,13,13,13,13,13,13,13,13,13,13,13,13,13,13,13,13,13
2013thru2017,50,05000US48131,"Duval County, Texas",48,131,3845,2585,580,225,0,0,0,0,0,225,0,100,4,0,0,0,0,100,0,85,0,0,0,0,0,85,0,10,0,0,0,0,0,10,0,160,0,0,0,0,0,160,0,1925,105,0,0,0,0,0,105,0,280,20,0,0,0,0,260,0,390,20,0,0,0,0,370,0,210,70,0,0,0,0,145,0,940,200,0,0,0,0,740,0,75,75,15,0,0,0,0,60,0,0,0,0,0,0,0,0,0,0,0,0,0,0,0,0,0,0,0,0,0,0,0,0,0,0,0,0,0,0,0,0,0,1260,455,225,0,0,0,0,0,225,0,95,0,0,0,0,0,95,0,75,30,20,0,0,0,25,0,40,4,0,0,0,0,35,0,25,0,0,0,0,0,25,0,780,115,15,0,0,0,0,100,0,105,20,0,0,0,0,85,0,165,50,0,0,0,0,115,0,120,0,0,0,0,0,120,0,280,0,0,0,0,0,280,0,20,20,0,0,0,0,0,20,0,0,0,0,0,0,0,0,0,0,0,0,0,0,0,0,0,0,0,0,0,0,0,0,0,0,0,0,0,0,0,0,0,214,191,141,98,21,21,21,21,21,98,21,61,2,21,21,21,21,63,21,63,21,21,21,21,21,63,21,14,21,21,21,21,21,14,21,81,21,21,21,21,21,81,21,178,59,21,21,21,21,21,59,21,113,24,21,21,21,21,112,21,106,25,21,21,21,21,106,21,115,61,21,21,21,21,95,21,177,72,21,21,21,21,168,21,63,63,26,21,21,21,21,58,21,21,21,21,21,21,21,21,21,21,21,21,21,21,21,21,21,21,21,21,21,21,21,21,21,21,21,21,21,21,21,21,21,229,170,105,21,21,21,21,21,105,21,70,21,21,21,21,21,70,21,71,50,34,21,21,21,37,21,37,13,21,21,21,21,37,21,27,21,21,21,21,21,27,21,181,72,28,21,21,21,21,64,21,74,27,21,21,21,21,69,21,101,80,21,21,21,21,59,21,89,21,21,21,21,21,89,21,97,21,21,21,21,21,97,21,26,26,21,21,21,21,21,26,21,21,21,21,21,21,21,21,21,21,21,21,21,21,21,21,21,21,21,21,21,21,21,21,21,21,21,21,21,21,21,21,21
2013thru2017,50,05000US48133,"Eastland County, Texas",48,133,6435,4815,960,305,285,0,0,0,0,20,0,360,245,20,0,0,0,90,4,120,105,0,0,0,0,15,0,25,25,0,0,0,0,0,0,150,150,0,0,0,0,0,0,3485,70,70,0,0,0,0,0,0,510,475,0,0,4,0,25,0,820,605,20,0,0,0,190,0,400,395,0,0,0,0,4,0,1685,1530,10,15,4,0,125,0,375,375,305,0,0,0,0,70,0,0,0,0,0,0,0,0,0,0,0,0,0,0,0,0,0,0,0,0,0,0,0,0,0,0,0,0,0,0,0,0,0,1620,280,135,115,0,0,4,0,10,0,75,75,0,0,0,0,0,0,70,65,0,0,0,0,10,0,0,0,0,0,0,0,0,0,4,4,0,0,0,0,0,0,1240,25,25,0,0,0,0,0,0,110,75,0,0,0,0,35,0,400,385,0,0,0,0,15,0,245,195,25,0,0,0,20,0,460,445,0,0,0,0,15,0,100,100,60,0,0,0,0,40,0,0,0,0,0,0,0,0,0,0,0,0,0,0,0,0,0,0,0,0,0,0,0,0,0,0,0,0,0,0,0,0,0,356,305,200,117,110,21,21,21,21,26,21,155,115,40,21,21,21,92,15,54,51,21,21,21,21,20,21,23,23,21,21,21,21,21,21,80,80,21,21,21,21,21,21,298,48,48,21,21,21,21,21,21,147,142,21,21,6,21,40,21,209,131,26,21,21,21,139,21,122,122,21,21,21,21,10,21,239,227,17,29,3,21,79,21,130,130,117,21,21,21,21,58,21,21,21,21,21,21,21,21,21,21,21,21,21,21,21,21,21,21,21,21,21,21,21,21,21,21,21,21,21,21,21,21,21,272,106,87,84,21,21,15,21,15,21,45,45,21,21,21,21,21,21,61,58,21,21,21,21,15,21,21,21,21,21,21,21,21,21,4,4,21,21,21,21,21,21,253,26,26,21,21,21,21,21,21,62,50,21,21,21,21,39,21,158,157,21,21,21,21,36,21,129,110,55,21,21,21,36,21,150,149,21,21,21,21,18,21,64,64,43,21,21,21,21,49,21,21,21,21,21,21,21,21,21,21,21,21,21,21,21,21,21,21,21,21,21,21,21,21,21,21,21,21,21,21,21,21,21
2013thru2017,50,05000US48135,"Ector County, Texas",48,135,51475,33995,6990,1550,620,95,10,0,0,830,0,1155,490,4,0,4,0,645,10,1655,700,20,0,0,0,940,0,620,220,30,10,10,0,355,0,2010,685,40,20,0,0,1240,25,26770,200,15,20,0,0,0,165,0,1440,505,85,0,0,0,845,4,3245,1435,120,10,0,0,1660,25,2385,1010,150,0,0,0,1220,0,19500,9985,455,205,75,0,8480,300,235,235,125,20,0,0,0,90,0,0,0,0,0,0,0,0,0,0,0,0,0,0,0,0,0,0,0,0,0,0,0,0,0,0,0,0,0,0,0,0,0,17480,7240,1460,390,225,25,10,25,785,10,1655,460,100,0,4,0,1090,0,2330,755,130,30,0,0,1420,0,770,190,15,30,0,0,510,25,1020,320,145,0,0,0,550,0,9945,375,160,20,0,0,0,195,0,625,235,15,0,4,0,355,15,1100,280,15,0,0,0,795,10,1335,335,10,10,0,0,920,50,6515,2575,550,95,4,0,3085,200,300,300,145,25,10,0,0,120,0,0,0,0,0,0,0,0,0,0,0,0,0,0,0,0,0,0,0,0,0,0,0,0,0,0,0,0,0,0,0,0,0,578,717,665,242,153,102,15,31,31,187,31,274,111,15,31,11,31,215,15,326,192,32,31,31,31,271,31,193,82,36,14,14,31,150,31,330,188,60,30,31,31,268,29,799,100,18,35,31,31,31,81,31,320,161,88,31,31,31,206,4,436,225,80,18,31,31,334,24,340,186,124,31,31,31,245,31,809,508,170,63,51,31,568,112,105,105,79,31,31,31,31,66,31,31,31,31,31,31,31,31,31,31,31,31,31,31,31,31,31,31,31,31,31,31,31,31,31,31,31,31,31,31,31,31,31,797,654,346,155,139,29,15,45,233,14,349,138,66,31,12,31,321,31,388,234,82,46,31,31,324,31,223,114,18,43,31,31,195,33,315,150,126,31,31,31,226,31,703,109,79,28,31,31,31,85,31,234,110,20,31,10,31,190,26,267,124,24,31,31,31,244,13,280,140,20,21,31,31,272,75,591,385,182,73,20,31,502,108,151,151,110,30,15,31,31,98,31,31,31,31,31,31,31,31,31,31,31,31,31,31,31,31,31,31,31,31,31,31,31,31,31,31,31,31,31,31,31,31,31
2013thru2017,50,05000US48137,"Edwards County, Texas",48,137,635,550,95,50,25,0,0,0,0,25,0,25,0,0,0,0,0,25,0,4,4,0,0,0,0,0,0,15,0,0,0,0,0,15,0,0,0,0,0,0,0,0,0,455,20,0,0,0,0,0,20,0,65,35,0,0,0,0,30,0,60,40,0,0,0,0,25,0,4,0,0,0,0,0,4,0,300,205,0,0,0,0,95,0,0,0,0,0,0,0,0,0,0,0,0,0,0,0,0,0,0,0,0,0,0,0,0,0,0,0,0,0,0,0,0,0,0,0,0,0,0,0,0,0,0,85,10,10,0,0,0,0,0,10,0,0,0,0,0,0,0,0,0,0,0,0,0,0,0,0,0,4,4,0,0,0,0,0,0,0,0,0,0,0,0,0,0,70,0,0,0,0,0,0,0,0,15,0,0,0,0,0,15,0,50,20,0,0,0,0,35,0,0,0,0,0,0,0,0,0,4,0,0,0,0,0,4,0,0,0,0,0,0,0,0,0,0,0,0,0,0,0,0,0,0,0,0,0,0,0,0,0,0,0,0,0,0,0,0,0,0,0,0,0,0,0,0,0,0,124,116,49,35,29,13,13,13,13,21,13,29,13,13,13,13,13,29,13,7,7,13,13,13,13,13,13,24,13,13,13,13,13,24,13,13,13,13,13,13,13,13,13,107,24,13,13,13,13,13,24,13,39,30,13,13,13,13,29,13,38,28,13,13,13,13,26,13,16,13,13,13,13,13,16,13,84,73,13,13,13,13,50,13,13,13,13,13,13,13,13,13,13,13,13,13,13,13,13,13,13,13,13,13,13,13,13,13,13,13,13,13,13,13,13,13,13,13,13,13,13,13,13,13,13,45,17,15,13,13,13,13,13,15,13,13,13,13,13,13,13,13,13,13,13,13,13,13,13,13,13,13,13,13,13,13,13,13,13,13,13,13,13,13,13,13,13,47,13,13,13,13,13,13,13,13,22,13,13,13,13,13,22,13,36,23,13,13,13,13,25,13,13,13,13,13,13,13,13,13,13,13,13,13,13,13,13,13,13,13,13,13,13,13,13,13,13,13,13,13,13,13,13,13,13,13,13,13,13,13,13,13,13,13,13,13,13,13,13,13,13,13,13,13,13,13,13,13,13
2013thru2017,50,05000US48139,"Ellis County, Texas",48,139,54725,39980,7945,2150,1350,275,0,4,0,515,10,1595,1085,60,25,15,0,410,4,1920,1225,170,4,15,0,455,45,1015,690,60,0,0,0,220,50,1260,750,205,0,25,0,285,0,31845,460,205,90,0,0,0,165,0,1325,830,95,10,0,0,380,10,3555,2685,130,0,25,0,670,50,4145,2810,375,25,25,0,895,10,22360,17985,1520,215,75,0,2315,250,185,185,160,10,0,0,0,15,0,0,0,0,0,0,0,0,0,0,0,0,0,0,0,0,0,0,0,0,0,0,0,0,0,0,0,0,0,0,0,0,0,14745,6980,2275,1165,380,45,0,0,660,25,2290,1265,355,4,4,0,615,45,1765,1065,305,4,0,10,380,0,300,180,40,0,0,0,45,40,350,140,40,0,0,0,170,0,7635,485,275,105,0,0,0,110,0,500,180,80,0,0,0,220,30,2090,1125,235,0,15,0,700,15,1520,790,175,25,10,0,370,150,3040,2270,345,0,15,0,360,50,130,130,120,4,0,0,0,4,0,0,0,0,0,0,0,0,0,0,0,0,0,0,0,0,0,0,0,0,0,0,0,0,0,0,0,0,0,0,0,0,0,476,799,597,321,261,105,31,5,31,149,18,257,232,42,33,22,31,116,15,303,251,85,14,23,31,177,40,239,188,49,31,31,31,112,78,223,162,97,31,34,31,125,31,736,132,86,80,31,31,31,86,31,213,160,59,16,31,31,129,18,339,322,61,31,22,31,141,35,480,351,132,33,30,31,221,19,728,620,210,85,43,31,256,82,99,99,94,19,31,31,31,25,31,31,31,31,31,31,31,31,31,31,31,31,31,31,31,31,31,31,31,31,31,31,31,31,31,31,31,31,31,31,31,31,31,703,522,318,235,156,59,31,31,193,29,303,241,166,11,3,31,184,50,387,263,154,11,31,16,183,31,138,112,36,31,31,31,69,44,189,98,63,31,31,31,148,31,596,183,150,76,31,31,31,85,31,156,92,56,31,31,31,118,43,360,232,131,31,28,31,240,25,304,205,109,45,16,31,149,112,411,343,137,31,22,31,134,54,61,61,59,1,31,31,31,14,31,31,31,31,31,31,31,31,31,31,31,31,31,31,31,31,31,31,31,31,31,31,31,31,31,31,31,31,31,31,31,31,31
2013thru2017,50,05000US48141,"El Paso County, Texas",48,141,263200,162110,41605,9520,800,40,60,45,0,8530,50,9470,815,120,10,15,4,8430,70,10480,700,175,65,15,0,9475,45,4145,750,100,50,0,0,3235,10,7990,1210,120,160,10,145,6285,60,118905,2480,190,15,20,4,0,2240,10,7500,540,60,55,40,0,6785,20,14935,1545,180,130,20,0,12975,80,12145,1640,95,135,20,0,10235,20,81845,18315,2295,1015,140,0,59480,605,1595,1595,265,20,4,0,0,1150,155,0,0,0,0,0,0,0,0,0,0,0,0,0,0,0,0,0,0,0,0,0,0,0,0,0,0,0,0,0,0,0,0,101090,48735,15670,1255,485,55,100,0,13645,130,14195,1505,605,120,115,0,11760,90,12810,2095,1165,260,80,0,8950,255,3190,1060,155,100,65,60,1685,65,2875,965,145,50,4,0,1700,10,49540,4265,105,120,0,4,0,4000,30,4230,155,115,0,0,0,3955,4,9265,1215,180,35,25,0,7770,40,6715,1115,580,90,45,20,4850,15,25060,7660,2290,635,155,0,13870,450,2820,2820,430,40,35,0,0,2290,25,0,0,0,0,0,0,0,0,0,0,0,0,0,0,0,0,0,0,0,0,0,0,0,0,0,0,0,0,0,0,0,0,1519,2245,1403,723,184,37,41,47,31,682,37,589,198,80,20,19,38,619,44,732,144,88,36,29,31,695,38,472,251,69,55,31,31,415,15,745,236,65,86,15,173,685,51,2080,342,101,24,29,13,31,339,13,532,179,61,48,46,31,525,22,771,258,84,79,19,31,733,73,773,228,46,84,20,31,716,27,1772,727,309,198,52,31,1502,157,356,356,156,35,9,31,31,237,196,31,31,31,31,31,31,31,31,31,31,31,31,31,31,31,31,31,31,31,31,31,31,31,31,31,31,31,31,31,31,31,31,1894,1507,908,235,163,45,62,31,879,96,892,365,222,91,104,31,902,62,1080,368,353,95,56,31,893,114,463,273,99,80,86,100,312,72,417,210,94,42,5,31,333,17,1654,440,65,81,31,8,31,414,41,486,102,79,31,31,31,485,13,750,254,100,41,30,31,724,44,691,283,211,74,52,40,593,27,1348,686,351,159,92,31,956,139,453,453,143,44,40,31,31,405,32,31,31,31,31,31,31,31,31,31,31,31,31,31,31,31,31,31,31,31,31,31,31,31,31,31,31,31,31,31,31,31,31
2013thru2017,50,05000US48143,"Erath County, Texas",48,143,13825,8805,2060,410,345,0,0,0,0,50,10,440,335,0,0,0,0,100,0,495,405,0,0,0,0,90,0,350,235,0,0,0,0,100,15,370,220,0,0,0,0,145,0,6525,45,15,0,0,0,0,30,0,290,250,0,0,0,0,35,0,680,540,0,0,0,0,115,25,625,440,0,0,0,0,175,10,4890,4235,10,25,4,15,570,35,215,215,215,0,0,0,0,0,0,0,0,0,0,0,0,0,0,0,0,0,0,0,0,0,0,0,0,0,0,0,0,0,0,0,0,0,0,0,0,0,0,5025,2410,1120,835,85,0,0,0,190,10,660,450,10,0,0,0,200,0,350,300,0,0,0,0,50,0,215,170,0,0,0,0,50,0,65,45,0,0,0,0,20,0,2405,145,40,25,0,0,0,75,10,120,75,0,0,0,0,45,0,540,415,0,0,0,0,125,0,255,240,0,0,0,0,15,0,1350,1215,0,0,0,0,135,0,205,205,205,0,0,0,0,0,0,0,0,0,0,0,0,0,0,0,0,0,0,0,0,0,0,0,0,0,0,0,0,0,0,0,0,0,0,0,0,0,0,447,406,308,179,156,28,28,28,28,61,19,183,146,28,28,28,28,95,28,163,119,28,28,28,28,102,28,140,109,28,28,28,28,103,28,116,83,28,28,28,28,112,28,404,42,20,28,28,28,28,47,28,108,93,28,28,28,28,39,28,169,144,28,28,28,28,87,27,147,102,28,28,28,28,90,21,354,276,15,21,3,28,179,39,88,88,88,28,28,28,28,28,28,28,28,28,28,28,28,28,28,28,28,28,28,28,28,28,28,28,28,28,28,28,28,28,28,28,28,28,28,28,28,28,28,390,297,266,233,123,28,28,28,131,20,175,146,14,28,28,28,110,28,139,130,28,28,28,28,54,28,133,115,28,28,28,28,48,28,47,40,28,28,28,28,25,28,353,134,51,39,28,28,28,116,15,83,56,28,28,28,28,70,28,199,168,28,28,28,28,84,28,115,115,28,28,28,28,25,28,254,212,28,28,28,28,109,28,118,118,118,28,28,28,28,28,28,28,28,28,28,28,28,28,28,28,28,28,28,28,28,28,28,28,28,28,28,28,28,28,28,28,28,28,28,28,28,28,28
2013thru2017,50,05000US48145,"Falls County, Texas",48,145,5405,3930,855,365,190,85,0,0,0,90,0,200,85,50,0,0,0,65,0,165,80,35,0,0,0,45,0,15,15,0,0,0,0,0,0,115,60,25,10,0,0,15,0,3030,40,20,0,0,0,0,20,0,180,125,40,0,0,0,20,0,555,265,155,0,0,0,135,0,315,265,35,4,0,0,20,0,1935,1535,205,0,4,15,180,0,45,45,25,4,0,0,0,15,0,0,0,0,0,0,0,0,0,0,0,0,0,0,0,0,0,0,0,0,0,0,0,0,0,0,0,0,0,0,0,0,0,1475,565,450,135,250,0,0,0,65,0,90,4,40,0,0,0,40,4,20,15,0,0,0,0,4,0,0,0,0,0,0,0,0,0,0,0,0,0,0,0,0,0,870,135,75,55,0,0,0,4,0,120,70,25,0,0,0,25,4,175,130,35,0,0,0,10,0,180,110,25,0,0,0,50,0,260,160,75,0,0,0,25,0,40,40,25,4,0,0,0,10,0,0,0,0,0,0,0,0,0,0,0,0,0,0,0,0,0,0,0,0,0,0,0,0,0,0,0,0,0,0,0,0,0,267,189,145,92,63,45,21,21,21,56,21,81,50,32,21,21,21,67,21,61,37,34,21,21,21,39,21,18,18,21,21,21,21,21,21,54,42,36,22,21,21,23,21,197,36,24,21,21,21,21,27,21,75,60,38,21,21,21,22,21,124,72,67,21,21,21,80,21,93,85,27,1,21,21,21,21,191,155,72,21,21,27,76,21,25,25,18,6,21,21,21,16,21,21,21,21,21,21,21,21,21,21,21,21,21,21,21,21,21,21,21,21,21,21,21,21,21,21,21,21,21,21,21,21,21,217,154,147,68,118,21,21,21,44,21,62,12,32,21,21,21,45,7,20,16,21,21,21,21,16,21,21,21,21,21,21,21,21,21,21,21,21,21,21,21,21,21,165,69,56,43,21,21,21,4,21,67,41,35,21,21,21,30,2,73,64,27,21,21,21,20,21,91,72,26,21,21,21,57,21,89,64,59,21,21,21,31,21,40,40,35,4,21,21,21,19,21,21,21,21,21,21,21,21,21,21,21,21,21,21,21,21,21,21,21,21,21,21,21,21,21,21,21,21,21,21,21,21,21
2013thru2017,50,05000US48147,"Fannin County, Texas",48,147,12025,8975,1700,460,405,25,0,4,0,20,4,385,255,70,15,0,0,40,10,420,375,0,0,4,0,40,0,130,125,4,0,0,0,4,4,300,210,20,4,4,4,60,4,7155,75,75,0,0,0,0,0,4,385,310,35,4,0,0,30,4,1005,850,85,0,0,0,70,4,715,685,4,0,4,0,20,4,4970,4650,10,4,30,0,205,65,125,125,65,35,0,0,0,20,4,0,0,0,0,0,0,0,0,0,0,0,0,0,0,0,0,0,0,0,0,0,0,0,0,0,0,0,0,0,0,0,0,3050,1175,525,415,55,0,4,0,25,30,325,270,4,50,0,0,0,0,215,200,10,0,0,0,0,4,65,25,20,0,0,0,4,10,45,45,0,0,0,0,0,4,1855,140,100,15,0,0,0,0,25,215,140,65,0,0,0,4,4,470,335,85,0,4,0,40,4,255,190,0,4,0,0,4,50,780,650,40,10,4,4,50,15,20,20,20,0,0,0,0,0,0,0,0,0,0,0,0,0,0,0,0,0,0,0,0,0,0,0,0,0,0,0,0,0,0,0,0,0,0,0,0,0,0,304,289,215,111,103,27,28,9,28,17,12,93,81,41,24,28,28,32,14,104,100,28,28,28,28,38,28,74,73,28,28,28,28,4,28,79,63,21,1,4,9,33,4,309,35,35,28,28,28,28,28,3,84,72,31,9,28,28,29,4,148,133,51,28,28,28,49,9,132,126,6,28,3,28,23,1,315,297,11,14,23,28,86,30,65,65,38,55,28,28,28,31,1,28,28,28,28,28,28,28,28,28,28,28,28,28,28,28,28,28,28,28,28,28,28,28,28,28,28,28,28,28,28,28,28,264,199,141,130,42,28,4,28,23,21,112,107,15,40,28,28,28,28,81,75,24,28,28,28,28,1,46,25,36,28,28,28,7,16,31,31,28,28,28,28,28,3,226,59,54,19,28,28,28,28,22,78,58,53,28,28,28,12,4,129,91,88,28,5,28,24,4,95,80,28,11,28,28,11,51,140,127,37,13,6,8,40,16,28,28,28,28,28,28,28,28,28,28,28,28,28,28,28,28,28,28,28,28,28,28,28,28,28,28,28,28,28,28,28,28,28,28,28,28,28,28,28,28,28
2013thru2017,50,05000US48149,"Fayette County, Texas",48,149,9300,7550,1270,460,365,80,0,0,0,15,0,300,240,0,15,0,0,50,0,245,155,10,0,0,0,80,0,115,70,0,0,0,0,50,0,145,140,0,0,0,0,4,0,6170,145,100,10,0,0,0,35,0,495,380,25,0,0,0,85,10,1010,790,55,0,0,0,165,0,680,540,20,0,0,0,120,0,3845,3440,105,0,0,0,290,10,115,115,90,0,0,0,0,20,0,0,0,0,0,0,0,0,0,0,0,0,0,0,0,0,0,0,0,0,0,0,0,0,0,0,0,0,0,0,0,0,0,1745,570,185,115,25,0,4,0,20,25,200,140,45,0,0,0,15,0,110,70,0,0,0,0,35,10,15,0,15,0,0,0,0,0,55,10,0,0,0,0,45,0,1140,80,55,0,0,0,0,30,0,70,50,0,0,0,0,20,0,160,115,25,0,0,0,25,0,130,60,15,0,0,0,55,0,700,465,80,40,0,0,90,20,35,35,35,0,0,0,0,0,0,0,0,0,0,0,0,0,0,0,0,0,0,0,0,0,0,0,0,0,0,0,0,0,0,0,0,0,0,0,0,0,0,304,313,207,134,120,57,25,25,25,25,25,96,86,25,24,25,25,50,25,95,74,15,25,25,25,61,25,68,42,25,25,25,25,58,25,77,78,25,25,25,25,2,25,338,70,53,13,25,25,25,39,25,138,107,33,25,25,25,69,18,198,183,45,25,25,25,87,25,125,117,23,25,25,25,59,25,313,274,61,25,25,25,133,14,68,68,61,25,25,25,25,29,25,25,25,25,25,25,25,25,25,25,25,25,25,25,25,25,25,25,25,25,25,25,25,25,25,25,25,25,25,25,25,25,25,231,156,73,51,23,25,3,25,19,40,86,77,39,25,25,25,18,25,59,42,25,25,25,25,42,15,22,25,22,25,25,25,25,25,71,16,25,25,25,25,69,25,175,51,41,25,25,25,25,37,25,40,34,25,25,25,25,22,25,57,55,23,25,25,25,22,25,68,36,22,25,25,25,56,25,172,137,67,56,25,25,56,18,35,35,35,25,25,25,25,25,25,25,25,25,25,25,25,25,25,25,25,25,25,25,25,25,25,25,25,25,25,25,25,25,25,25,25,25,25,25,25,25,25
2013thru2017,50,05000US48151,"Fisher County, Texas",48,151,1695,1225,180,55,30,0,0,0,0,25,0,60,40,0,0,0,0,20,0,25,10,0,0,0,0,10,0,4,4,0,0,0,0,0,0,35,15,0,0,0,0,15,0,1035,30,25,0,0,0,0,4,0,35,25,0,0,0,0,15,0,150,110,0,0,0,0,40,0,140,85,10,0,0,0,45,0,675,565,4,0,0,0,105,0,15,15,15,0,0,0,0,0,0,0,0,0,0,0,0,0,0,0,0,0,0,0,0,0,0,0,0,0,0,0,0,0,0,0,0,0,0,0,0,0,0,470,130,55,30,20,0,0,0,10,0,50,15,0,0,0,0,30,0,4,0,0,0,0,0,4,0,20,10,0,0,0,0,4,0,0,0,0,0,0,0,0,0,330,40,4,4,0,0,0,30,0,20,10,0,0,0,0,15,0,60,30,0,0,0,0,35,0,30,4,4,15,0,0,4,0,175,125,4,0,0,0,45,0,10,10,10,0,0,0,0,0,0,0,0,0,0,0,0,0,0,0,0,0,0,0,0,0,0,0,0,0,0,0,0,0,0,0,0,0,0,0,0,0,0,116,94,51,32,25,13,13,13,13,19,13,30,25,13,13,13,13,25,13,18,11,13,13,13,13,15,13,9,9,13,13,13,13,13,13,34,15,13,13,13,13,27,13,99,21,22,13,13,13,13,11,13,21,16,13,13,13,13,16,13,44,38,13,13,13,13,23,13,51,34,16,13,13,13,27,13,75,74,12,13,13,13,42,13,14,14,14,13,13,13,13,13,13,13,13,13,13,13,13,13,13,13,13,13,13,13,13,13,13,13,13,13,13,13,13,13,13,13,13,13,13,13,13,13,13,84,43,32,16,27,13,13,13,11,13,25,13,13,13,13,13,21,13,3,13,13,13,13,13,3,13,18,13,13,13,13,13,17,13,13,13,13,13,13,13,13,13,73,35,13,10,13,13,13,30,13,18,13,13,13,13,13,15,13,34,19,13,13,13,13,30,13,30,14,9,27,13,13,2,13,57,52,16,13,13,13,28,13,13,13,13,13,13,13,13,13,13,13,13,13,13,13,13,13,13,13,13,13,13,13,13,13,13,13,13,13,13,13,13,13,13,13,13,13,13,13,13,13,13
2013thru2017,50,05000US48153,"Floyd County, Texas",48,153,2320,1685,240,115,35,0,0,0,0,75,0,35,10,4,0,0,0,20,0,70,15,4,0,0,0,45,10,15,4,4,0,0,0,4,0,4,0,0,0,0,0,4,0,1415,4,0,4,0,0,0,4,0,120,55,4,0,0,0,65,0,165,70,15,0,0,0,75,4,160,20,20,0,0,0,115,4,965,690,0,10,4,0,255,4,30,30,4,0,0,0,0,25,0,0,0,0,0,0,0,0,0,0,0,0,0,0,0,0,0,0,0,0,0,0,0,0,0,0,0,0,0,0,0,0,0,635,245,115,4,4,0,0,0,95,10,50,40,4,0,0,0,4,0,45,0,4,0,0,0,40,0,15,0,4,0,0,0,10,0,20,0,0,0,0,0,20,0,380,25,0,0,0,0,0,25,0,60,4,4,0,0,0,55,0,105,20,0,0,0,0,80,4,35,20,0,0,0,0,20,0,155,75,4,0,0,0,70,10,4,4,0,0,0,0,0,4,0,0,0,0,0,0,0,0,0,0,0,0,0,0,0,0,0,0,0,0,0,0,0,0,0,0,0,0,0,0,0,0,0,104,112,83,47,32,19,19,19,19,44,19,22,15,4,19,19,19,17,19,47,17,4,19,19,19,41,13,14,9,9,19,19,19,9,19,14,19,19,19,19,19,14,19,117,12,19,3,19,19,19,19,19,48,25,5,19,19,19,40,19,53,31,16,19,19,19,35,10,57,21,25,19,19,19,48,18,111,76,19,16,19,19,68,9,24,24,3,19,19,19,19,27,19,19,19,19,19,19,19,19,19,19,19,19,19,19,19,19,19,19,19,19,19,19,19,19,19,19,19,19,19,19,19,19,19,128,82,63,19,19,19,19,19,62,17,34,33,3,19,19,19,13,19,38,19,2,19,19,19,39,19,21,19,6,19,19,19,19,19,26,19,19,19,19,19,26,19,105,23,19,19,19,19,19,23,19,46,8,4,19,19,19,44,19,70,26,19,19,19,19,64,2,35,22,19,19,19,19,31,19,67,40,4,19,19,19,42,13,8,8,19,19,19,19,19,8,19,19,19,19,19,19,19,19,19,19,19,19,19,19,19,19,19,19,19,19,19,19,19,19,19,19,19,19,19,19,19,19,19
2013thru2017,50,05000US48155,"Foard County, Texas",48,155,560,450,70,10,10,0,0,0,0,0,0,25,15,0,0,0,0,15,0,20,20,0,0,0,0,0,0,10,10,0,0,0,0,0,0,4,4,0,0,0,0,0,0,380,4,4,0,0,0,0,0,0,10,10,0,0,0,0,0,0,110,85,0,0,0,0,25,0,20,20,0,0,0,0,0,0,230,200,10,0,0,0,25,0,0,0,0,0,0,0,0,0,0,0,0,0,0,0,0,0,0,0,0,0,0,0,0,0,0,0,0,0,0,0,0,0,0,0,0,0,0,0,0,0,0,110,10,0,0,0,0,0,0,0,0,4,4,0,0,0,0,0,0,10,10,0,0,0,0,0,0,0,0,0,0,0,0,0,0,0,0,0,0,0,0,0,0,100,10,10,0,0,0,0,0,0,15,4,0,0,0,0,10,0,20,15,4,0,0,0,0,0,0,0,0,0,0,0,0,0,50,40,0,0,0,0,10,0,0,0,0,0,0,0,0,0,0,0,0,0,0,0,0,0,0,0,0,0,0,0,0,0,0,0,0,0,0,0,0,0,0,0,0,0,0,0,0,0,0,68,67,39,12,12,13,13,13,13,13,13,27,16,13,13,13,13,22,13,25,25,13,13,13,13,13,13,14,14,13,13,13,13,13,13,13,13,13,13,13,13,13,13,63,12,12,13,13,13,13,13,13,18,18,13,13,13,13,13,13,40,37,13,13,13,13,24,13,16,16,13,13,13,13,13,13,48,50,15,13,13,13,18,13,13,13,13,13,13,13,13,13,13,13,13,13,13,13,13,13,13,13,13,13,13,13,13,13,13,13,13,13,13,13,13,13,13,13,13,13,13,13,13,13,13,42,14,13,13,13,13,13,13,13,13,6,6,13,13,13,13,13,13,14,14,13,13,13,13,13,13,13,13,13,13,13,13,13,13,13,13,13,13,13,13,13,13,41,14,14,13,13,13,13,13,13,17,7,13,13,13,13,15,13,19,18,11,13,13,13,13,13,13,13,13,13,13,13,13,13,32,25,13,13,13,13,18,13,13,13,13,13,13,13,13,13,13,13,13,13,13,13,13,13,13,13,13,13,13,13,13,13,13,13,13,13,13,13,13,13,13,13,13,13,13,13,13,13,13
2013thru2017,50,05000US48157,"Fort Bend County, Texas",48,157,222330,173535,37870,5890,1790,1560,1050,0,0,1405,85,6195,1965,1100,1355,0,0,1635,145,9580,2600,2355,1630,35,0,2825,130,4645,1575,1240,675,0,0,1075,85,11570,4490,2220,2860,35,0,1650,315,134610,655,215,65,30,0,0,320,20,2815,1090,405,385,40,0,880,10,7705,2265,1395,1245,20,0,2730,55,7545,2895,1385,930,0,0,2280,55,115885,55650,20245,21955,290,4,16190,1550,1050,1050,325,300,220,0,0,195,10,0,0,0,0,0,0,0,0,0,0,0,0,0,0,0,0,0,0,0,0,0,0,0,0,0,0,0,0,0,0,0,0,48795,21900,5515,1185,1385,450,0,0,2440,60,5380,1395,1525,470,0,0,1955,30,5975,1580,2180,765,0,0,1210,235,2430,785,950,390,0,0,145,160,2605,805,845,290,0,0,595,65,26045,825,145,215,100,20,0,345,0,925,135,220,75,0,0,490,0,2275,645,525,95,10,0,1000,0,2940,775,925,345,0,0,900,0,19080,8000,4520,2330,0,0,4110,125,850,850,190,225,115,0,0,300,25,0,0,0,0,0,0,0,0,0,0,0,0,0,0,0,0,0,0,0,0,0,0,0,0,0,0,0,0,0,0,0,0,1127,1910,1500,679,304,394,225,31,31,352,57,616,356,257,304,31,31,359,123,985,414,452,422,59,31,576,78,624,360,311,167,31,31,344,61,1003,557,418,463,48,31,389,169,2223,166,92,52,53,31,31,134,33,434,270,155,160,57,31,248,22,627,324,254,299,38,31,445,56,763,499,295,261,31,31,385,39,1953,1141,1061,1021,127,3,1009,380,294,294,149,166,157,31,31,128,13,31,31,31,31,31,31,31,31,31,31,31,31,31,31,31,31,31,31,31,31,31,31,31,31,31,31,31,31,31,31,31,31,1713,1206,600,284,285,144,31,31,392,57,675,294,335,183,31,31,434,39,730,423,421,263,31,31,338,169,434,200,292,188,31,31,91,141,478,220,346,125,31,31,214,75,1466,278,97,159,78,41,31,171,31,263,87,147,89,31,31,182,31,380,201,191,62,16,31,267,31,498,238,279,156,31,31,238,31,1407,706,679,543,31,31,710,92,306,306,145,131,89,31,31,225,31,31,31,31,31,31,31,31,31,31,31,31,31,31,31,31,31,31,31,31,31,31,31,31,31,31,31,31,31,31,31,31,31
2013thru2017,50,05000US48159,"Franklin County, Texas",48,159,3930,2930,825,160,130,35,0,0,0,0,0,265,265,0,0,0,0,0,0,215,210,0,0,0,0,4,0,85,85,0,0,0,0,0,0,95,80,0,0,0,0,15,0,2075,20,15,4,0,0,0,0,0,120,100,20,0,0,0,0,0,360,345,0,0,0,0,15,0,230,195,4,0,0,0,30,0,1350,1200,65,0,0,0,65,20,30,30,15,0,0,0,0,15,0,0,0,0,0,0,0,0,0,0,0,0,0,0,0,0,0,0,0,0,0,0,0,0,0,0,0,0,0,0,0,0,0,1000,405,160,105,25,0,0,0,35,0,125,90,4,0,0,0,30,0,70,70,0,0,0,0,0,0,0,0,0,0,0,0,0,0,45,20,0,0,0,0,25,0,590,80,80,0,0,0,0,0,0,45,45,0,0,0,0,0,0,100,90,0,0,0,0,10,0,85,80,0,0,0,0,4,0,280,275,0,0,0,0,4,0,10,10,10,0,0,0,0,0,0,0,0,0,0,0,0,0,0,0,0,0,0,0,0,0,0,0,0,0,0,0,0,0,0,0,0,0,0,0,0,0,0,252,252,148,76,61,40,21,21,21,21,21,109,109,21,21,21,21,21,21,101,100,21,21,21,21,21,21,59,59,21,21,21,21,21,21,75,68,21,21,21,21,30,21,243,19,17,11,21,21,21,21,21,70,64,31,21,21,21,21,21,120,116,21,21,21,21,22,21,110,101,7,21,21,21,28,21,201,182,35,21,21,21,52,25,29,29,17,21,21,21,21,25,21,21,21,21,21,21,21,21,21,21,21,21,21,21,21,21,21,21,21,21,21,21,21,21,21,21,21,21,21,21,21,21,21,179,120,83,69,27,21,21,21,37,21,72,64,9,21,21,21,35,21,58,58,21,21,21,21,21,21,21,21,21,21,21,21,21,21,30,22,21,21,21,21,18,21,147,56,56,21,21,21,21,21,21,40,40,21,21,21,21,21,21,67,66,21,21,21,21,13,21,61,59,21,21,21,21,13,21,108,110,21,21,21,21,15,21,15,15,15,21,21,21,21,21,21,21,21,21,21,21,21,21,21,21,21,21,21,21,21,21,21,21,21,21,21,21,21,21,21,21,21,21,21,21,21,21,21
2013thru2017,50,05000US48161,"Freestone County, Texas",48,161,7230,5410,1115,315,205,60,0,0,0,45,4,320,125,115,0,4,0,70,4,190,105,80,0,10,0,0,0,70,70,0,0,0,0,0,0,215,155,30,0,0,0,30,0,4265,45,40,4,0,0,0,0,0,325,200,110,0,0,0,0,20,845,665,115,10,0,0,55,0,290,285,10,0,0,0,0,0,2755,2395,155,0,0,0,200,4,35,35,35,0,0,0,0,0,0,0,0,0,0,0,0,0,0,0,0,0,0,0,0,0,0,0,0,0,0,0,0,0,0,0,0,0,0,0,0,0,0,1825,665,335,140,105,10,0,0,85,0,205,145,50,0,0,0,10,0,90,45,4,0,4,0,40,0,0,0,0,0,0,0,0,0,35,0,0,0,0,0,35,0,1115,35,35,0,0,0,0,0,0,95,80,15,0,0,0,0,0,240,85,95,0,0,0,60,0,155,110,4,0,0,0,40,0,590,445,140,0,0,0,0,0,45,45,45,0,0,0,0,0,0,0,0,0,0,0,0,0,0,0,0,0,0,0,0,0,0,0,0,0,0,0,0,0,0,0,0,0,0,0,0,0,0,281,289,187,125,106,42,21,21,21,43,15,111,66,61,21,5,21,59,7,91,38,83,21,15,21,21,21,56,56,21,21,21,21,21,21,75,76,32,21,21,21,37,21,278,36,35,9,21,21,21,21,21,118,105,54,21,21,21,21,31,182,173,49,17,21,21,36,21,101,103,13,21,21,21,21,21,248,232,77,21,21,21,92,4,44,44,44,21,21,21,21,21,21,21,21,21,21,21,21,21,21,21,21,21,21,21,21,21,21,21,21,21,21,21,21,21,21,21,21,21,21,21,21,21,21,243,178,145,93,75,14,21,21,58,21,89,78,37,21,21,21,15,21,48,32,1,21,1,21,35,21,21,21,21,21,21,21,21,21,53,21,21,21,21,21,53,21,217,36,36,21,21,21,21,21,21,74,63,22,21,21,21,21,21,102,40,72,21,21,21,73,21,100,89,8,21,21,21,42,21,157,145,74,21,21,21,21,21,35,35,35,21,21,21,21,21,21,21,21,21,21,21,21,21,21,21,21,21,21,21,21,21,21,21,21,21,21,21,21,21,21,21,21,21,21,21,21,21,21
2013thru2017,50,05000US48163,"Frio County, Texas",48,163,4530,3175,810,285,50,0,0,0,0,235,0,55,10,0,0,0,0,45,0,240,20,30,0,0,0,190,0,15,10,0,4,0,0,4,0,215,50,0,0,0,0,165,0,2255,105,0,0,0,0,0,105,0,310,55,0,0,0,0,260,0,380,30,0,0,0,0,350,0,255,65,0,0,0,0,190,0,1200,405,0,0,0,0,795,0,110,110,30,0,0,0,0,25,55,0,0,0,0,0,0,0,0,0,0,0,0,0,0,0,0,0,0,0,0,0,0,0,0,0,0,0,0,0,0,0,0,1355,420,165,10,0,0,0,0,155,0,25,10,0,0,0,0,15,0,140,4,0,0,0,0,110,30,50,20,0,0,0,0,30,0,40,0,0,0,0,0,40,0,885,115,0,0,0,0,0,115,0,120,0,0,0,0,0,100,15,85,0,0,0,0,0,85,0,230,25,0,0,0,0,165,40,335,190,0,0,0,0,145,0,50,50,0,0,0,0,0,50,0,0,0,0,0,0,0,0,0,0,0,0,0,0,0,0,0,0,0,0,0,0,0,0,0,0,0,0,0,0,0,0,0,316,320,183,133,58,21,21,21,21,110,21,58,18,21,21,21,21,54,21,136,30,47,21,21,21,130,21,24,16,21,6,21,21,2,21,121,59,21,21,21,21,103,21,290,71,21,21,21,21,21,71,21,126,57,21,21,21,21,126,21,137,31,21,21,21,21,130,21,162,75,21,21,21,21,131,21,234,152,21,21,21,21,202,21,97,97,45,21,21,21,21,43,73,21,21,21,21,21,21,21,21,21,21,21,21,21,21,21,21,21,21,21,21,21,21,21,21,21,21,21,21,21,21,21,21,263,166,85,22,21,21,21,21,82,21,30,15,21,21,21,21,25,21,109,3,21,21,21,21,98,43,59,35,21,21,21,21,51,21,55,21,21,21,21,21,55,21,236,95,21,21,21,21,21,95,21,95,21,21,21,21,21,87,28,49,21,21,21,21,21,49,21,122,35,21,21,21,21,102,65,136,103,21,21,21,21,94,21,60,60,21,21,21,21,21,60,21,21,21,21,21,21,21,21,21,21,21,21,21,21,21,21,21,21,21,21,21,21,21,21,21,21,21,21,21,21,21,21,21
2013thru2017,50,05000US48165,"Gaines County, Texas",48,165,5715,4365,820,265,185,0,0,0,0,80,0,105,45,0,0,0,0,60,0,255,135,10,0,0,0,110,0,70,70,0,0,0,0,0,0,125,45,0,4,0,0,75,0,3500,55,15,0,0,0,0,40,0,270,145,4,0,0,0,120,0,520,265,10,0,0,0,250,0,465,335,0,0,0,0,130,0,2190,1525,25,15,4,10,610,4,40,40,40,0,0,0,0,0,0,0,0,0,0,0,0,0,0,0,0,0,0,0,0,0,0,0,0,0,0,0,0,0,0,0,0,0,0,0,0,0,0,1350,405,95,95,0,0,0,0,0,0,125,95,0,0,0,0,30,0,80,15,0,0,0,0,70,0,0,0,0,0,0,0,0,0,100,35,0,0,0,0,65,0,875,55,0,0,0,0,0,55,0,90,10,10,10,0,0,55,0,170,60,0,0,0,0,110,0,100,35,0,0,0,0,65,4,460,255,10,0,0,0,195,0,75,75,35,0,0,0,0,40,0,0,0,0,0,0,0,0,0,0,0,0,0,0,0,0,0,0,0,0,0,0,0,0,0,0,0,0,0,0,0,0,0,220,263,201,104,102,21,21,21,21,63,21,68,44,21,21,21,21,55,21,132,91,16,21,21,21,94,21,76,76,21,21,21,21,21,21,75,52,21,16,21,21,57,21,280,39,19,21,21,21,21,33,21,109,70,11,21,21,21,74,21,150,109,15,21,21,21,102,21,181,142,21,21,21,21,88,21,292,245,27,62,15,15,153,8,65,65,65,21,21,21,21,21,21,21,21,21,21,21,21,21,21,21,21,21,21,21,21,21,21,21,21,21,21,21,21,21,21,21,21,21,21,21,21,21,21,218,133,70,70,21,21,21,21,21,21,74,68,21,21,21,21,29,21,52,23,21,21,21,21,49,21,21,21,21,21,21,21,21,21,84,49,21,21,21,21,74,21,217,47,21,21,21,21,21,47,21,63,15,19,42,21,21,43,21,85,52,21,21,21,21,74,21,68,29,21,21,21,21,58,5,171,120,14,21,21,21,109,21,69,69,56,21,21,21,21,41,21,21,21,21,21,21,21,21,21,21,21,21,21,21,21,21,21,21,21,21,21,21,21,21,21,21,21,21,21,21,21,21,21
2013thru2017,50,05000US48167,"Galveston County, Texas",48,167,117455,77875,15645,4185,2180,500,130,55,0,1275,45,3620,2180,490,130,0,0,760,60,2725,1605,315,140,0,0,650,20,1535,1005,205,45,30,0,250,0,3580,2510,150,195,0,0,700,30,61790,835,255,155,0,4,0,410,4,2750,1625,350,60,15,0,665,35,6515,4155,880,85,25,0,1240,130,4040,2485,495,40,4,0,1015,0,47645,36655,3115,1535,195,10,5465,675,440,440,320,10,55,0,0,45,10,0,0,0,0,0,0,0,0,0,0,0,0,0,0,0,0,0,0,0,0,0,0,0,0,0,0,0,0,0,0,0,0,39580,18295,6955,2385,2345,130,0,0,1960,135,5505,2390,1375,75,15,0,1505,140,4385,2660,535,140,0,0,955,100,850,520,105,4,0,0,220,0,605,365,20,75,0,0,145,4,20160,1125,460,480,15,0,0,135,35,1045,420,275,4,0,35,305,0,3905,1855,925,80,15,0,935,95,2795,1320,400,215,10,0,785,60,11295,7420,1490,165,10,0,2015,195,1125,1125,660,130,40,0,0,275,25,0,0,0,0,0,0,0,0,0,0,0,0,0,0,0,0,0,0,0,0,0,0,0,0,0,0,0,0,0,0,0,0,1032,1272,867,502,293,138,78,68,31,354,38,550,357,198,68,31,31,240,47,355,274,110,79,31,31,200,25,266,236,126,40,42,31,115,31,471,339,81,111,31,31,249,33,1409,225,93,86,31,8,31,186,13,408,315,113,55,32,31,205,34,644,462,163,58,36,31,271,79,421,308,138,35,7,31,229,31,1256,1085,394,223,89,17,578,187,139,139,108,14,72,31,31,40,16,31,31,31,31,31,31,31,31,31,31,31,31,31,31,31,31,31,31,31,31,31,31,31,31,31,31,31,31,31,31,31,31,1257,1001,677,383,304,68,31,31,510,78,663,342,305,63,22,31,360,107,620,476,154,75,31,31,308,86,225,184,75,4,31,31,167,31,214,130,27,75,31,31,126,5,1014,249,187,147,19,31,31,79,45,242,149,104,8,31,62,123,31,535,374,221,61,30,31,202,86,456,279,192,156,20,31,252,58,787,634,387,81,21,31,404,135,274,274,249,66,33,31,31,123,19,31,31,31,31,31,31,31,31,31,31,31,31,31,31,31,31,31,31,31,31,31,31,31,31,31,31,31,31,31,31,31,31
2013thru2017,50,05000US48169,"Garza County, Texas",48,169,1715,1115,65,10,10,0,0,0,0,0,0,25,25,0,0,0,0,0,0,4,0,0,0,0,0,4,0,10,10,0,0,0,0,0,0,15,0,15,0,0,0,0,0,1050,10,0,0,0,0,0,10,0,35,10,0,0,0,0,25,0,165,75,0,0,0,0,90,0,75,65,0,0,0,0,10,0,765,540,35,0,0,0,190,0,0,0,0,0,0,0,0,0,0,0,0,0,0,0,0,0,0,0,0,0,0,0,0,0,0,0,0,0,0,0,0,0,0,0,0,0,0,0,0,0,0,600,140,55,0,15,0,0,0,40,0,30,0,0,0,0,0,30,0,40,30,0,0,0,0,15,0,0,0,0,0,0,0,0,0,15,15,0,0,0,0,0,0,450,45,0,0,0,0,0,45,0,10,10,0,0,0,0,4,0,75,35,0,0,0,0,40,0,90,10,0,10,0,0,70,0,230,130,0,0,0,0,100,0,10,10,10,0,0,0,0,0,0,0,0,0,0,0,0,0,0,0,0,0,0,0,0,0,0,0,0,0,0,0,0,0,0,0,0,0,0,0,0,0,0,129,141,43,15,15,19,19,19,19,19,19,25,25,19,19,19,19,19,19,10,19,19,19,19,19,10,19,14,14,19,19,19,19,19,19,26,19,26,19,19,19,19,19,138,14,19,19,19,19,19,14,19,30,17,19,19,19,19,26,19,67,41,19,19,19,19,54,19,59,57,19,19,19,19,20,19,124,115,35,19,19,19,84,19,19,19,19,19,19,19,19,19,19,19,19,19,19,19,19,19,19,19,19,19,19,19,19,19,19,19,19,19,19,19,19,19,19,19,19,19,19,19,19,19,19,154,65,43,19,26,19,19,19,34,19,34,19,19,19,19,19,34,19,36,25,19,19,19,19,28,19,19,19,19,19,19,19,19,19,22,22,19,19,19,19,19,19,142,52,19,19,19,19,19,52,19,19,13,19,19,19,19,15,19,56,30,19,19,19,19,47,19,108,16,19,17,19,19,106,19,104,48,19,19,19,19,95,19,16,16,16,19,19,19,19,19,19,19,19,19,19,19,19,19,19,19,19,19,19,19,19,19,19,19,19,19,19,19,19,19,19,19,19,19,19,19,19,19,19
2013thru2017,50,05000US48171,"Gillespie County, Texas",48,171,10795,8235,1965,350,255,0,0,0,0,80,15,465,315,0,0,0,0,150,0,530,395,0,0,0,0,135,0,185,175,0,0,0,0,10,0,435,330,0,0,0,0,105,0,6160,45,35,0,0,0,0,10,4,530,465,0,0,0,0,65,0,775,685,0,0,0,0,75,20,730,570,0,0,0,0,155,0,4080,3790,20,0,4,0,195,75,110,110,110,0,0,0,0,0,0,0,0,0,0,0,0,0,0,0,0,0,0,0,0,0,0,0,0,0,0,0,0,0,0,0,0,0,0,0,0,0,0,2560,1155,465,275,0,0,0,0,175,15,385,285,0,0,0,0,100,0,200,180,0,0,0,0,0,20,95,95,0,0,0,0,0,0,10,10,0,0,0,0,0,0,1410,210,160,0,0,0,0,50,0,140,100,0,0,0,0,45,0,125,125,0,0,0,0,0,0,335,295,0,0,0,0,40,0,595,485,0,0,0,0,80,30,0,0,0,0,0,0,0,0,0,0,0,0,0,0,0,0,0,0,0,0,0,0,0,0,0,0,0,0,0,0,0,0,0,0,0,0,0,0,0,0,0,349,391,283,123,98,25,25,25,25,67,22,154,98,25,25,25,25,134,25,192,156,25,25,25,25,98,25,103,97,25,25,25,25,28,25,145,130,25,25,25,25,64,25,370,32,29,25,25,25,25,14,2,129,121,25,25,25,25,56,25,192,178,25,25,25,25,59,23,165,127,25,25,25,25,99,25,341,299,32,25,4,25,104,67,95,95,95,25,25,25,25,25,25,25,25,25,25,25,25,25,25,25,25,25,25,25,25,25,25,25,25,25,25,25,25,25,25,25,25,25,25,25,25,25,25,324,245,164,118,25,25,25,25,107,28,132,105,25,25,25,25,73,25,98,93,25,25,25,25,25,31,85,85,25,25,25,25,25,25,15,15,25,25,25,25,25,25,264,115,102,25,25,25,25,55,25,108,95,25,25,25,25,52,25,69,69,25,25,25,25,25,25,131,124,25,25,25,25,59,25,174,154,25,25,25,25,70,35,25,25,25,25,25,25,25,25,25,25,25,25,25,25,25,25,25,25,25,25,25,25,25,25,25,25,25,25,25,25,25,25,25,25,25,25,25,25,25,25,25
2013thru2017,50,05000US48173,"Glasscock County, Texas",48,173,475,340,40,20,20,0,0,0,0,0,0,10,0,0,0,0,0,10,0,4,4,0,0,0,0,0,0,0,0,0,0,0,0,0,0,4,4,0,0,0,0,0,0,300,10,10,0,0,0,0,0,0,45,25,0,0,0,0,20,0,30,20,0,0,0,0,10,0,10,10,0,0,0,0,0,0,205,185,0,0,0,0,20,0,4,4,4,0,0,0,0,0,0,0,0,0,0,0,0,0,0,0,0,0,0,0,0,0,0,0,0,0,0,0,0,0,0,0,0,0,0,0,0,0,0,135,35,15,0,0,0,0,0,15,0,10,0,0,0,0,0,10,0,0,0,0,0,0,0,0,0,0,0,0,0,0,0,0,0,10,0,0,0,0,0,10,0,100,0,0,0,0,0,0,0,0,50,10,0,0,0,0,40,0,25,10,0,0,0,0,15,0,4,4,0,0,0,0,0,0,20,10,0,0,0,0,10,0,0,0,0,0,0,0,0,0,0,0,0,0,0,0,0,0,0,0,0,0,0,0,0,0,0,0,0,0,0,0,0,0,0,0,0,0,0,0,0,0,0,52,52,22,12,12,13,13,13,13,13,13,14,13,13,13,13,13,14,13,10,10,13,13,13,13,13,13,13,13,13,13,13,13,13,13,13,13,13,13,13,13,13,13,53,13,13,13,13,13,13,13,13,22,20,13,13,13,13,16,13,16,15,13,13,13,13,13,13,13,13,13,13,13,13,13,13,59,60,13,13,13,13,23,13,4,4,4,13,13,13,13,13,13,13,13,13,13,13,13,13,13,13,13,13,13,13,13,13,13,13,13,13,13,13,13,13,13,13,13,13,13,13,13,13,13,53,29,24,13,13,13,13,13,24,13,20,13,13,13,13,13,20,13,13,13,13,13,13,13,13,13,13,13,13,13,13,13,13,13,16,13,13,13,13,13,16,13,48,13,13,13,13,13,13,13,13,41,15,13,13,13,13,39,13,22,16,13,13,13,13,20,13,2,2,13,13,13,13,13,13,20,14,13,13,13,13,17,13,13,13,13,13,13,13,13,13,13,13,13,13,13,13,13,13,13,13,13,13,13,13,13,13,13,13,13,13,13,13,13,13,13,13,13,13,13,13,13,13,13
2013thru2017,50,05000US48175,"Goliad County, Texas",48,175,2755,2255,245,80,40,0,0,0,0,40,0,50,15,0,0,0,0,30,0,20,15,0,0,0,0,4,0,25,25,0,0,0,0,4,0,70,45,0,0,0,0,25,0,1965,80,20,10,0,0,0,45,0,145,95,4,4,0,0,40,0,260,185,40,0,0,0,40,0,130,55,4,0,0,0,65,0,1355,970,60,0,0,0,320,10,45,45,45,0,0,0,0,0,0,0,0,0,0,0,0,0,0,0,0,0,0,0,0,0,0,0,0,0,0,0,0,0,0,0,0,0,0,0,0,0,0,500,160,110,15,20,0,0,0,70,0,30,10,0,0,0,0,20,0,15,0,0,0,0,0,15,0,4,4,0,0,0,0,0,0,0,0,0,0,0,0,0,0,335,50,4,4,0,0,0,45,0,70,50,0,0,0,0,20,0,90,25,10,0,0,0,55,0,30,10,0,0,0,0,15,0,100,55,0,0,0,0,45,0,4,4,4,0,0,0,0,0,0,0,0,0,0,0,0,0,0,0,0,0,0,0,0,0,0,0,0,0,0,0,0,0,0,0,0,0,0,0,0,0,0,185,168,85,53,41,19,19,19,19,34,19,42,23,19,19,19,19,32,19,21,16,19,19,19,19,21,19,27,25,19,19,19,19,3,19,43,35,19,19,19,19,31,19,168,39,24,20,19,19,19,33,19,65,56,8,3,19,19,30,19,79,68,35,19,19,19,23,19,56,35,12,19,19,19,49,19,162,120,27,19,19,19,97,15,46,46,46,19,19,19,19,19,19,19,19,19,19,19,19,19,19,19,19,19,19,19,19,19,19,19,19,19,19,19,19,19,19,19,19,19,19,19,19,19,19,140,78,69,21,30,19,19,19,61,19,31,16,19,19,19,19,30,19,22,19,19,19,19,19,22,19,6,6,19,19,19,19,19,19,19,19,19,19,19,19,19,19,113,36,5,3,19,19,19,36,19,64,63,19,19,19,19,28,19,55,24,19,19,19,19,49,19,28,20,19,19,19,19,26,19,59,49,19,19,19,19,35,19,3,3,3,19,19,19,19,19,19,19,19,19,19,19,19,19,19,19,19,19,19,19,19,19,19,19,19,19,19,19,19,19,19,19,19,19,19,19,19,19,19
2013thru2017,50,05000US48177,"Gonzales County, Texas",48,177,7020,4820,1130,250,105,25,0,0,0,115,0,260,120,20,0,0,0,115,0,255,115,0,0,0,0,145,0,75,4,10,0,0,0,60,0,290,150,0,0,0,0,140,0,3690,80,20,0,0,0,0,65,0,265,90,30,0,0,0,140,0,435,220,10,0,0,0,205,0,375,225,10,0,0,0,140,0,2535,1650,120,0,15,0,735,20,4,4,0,0,4,0,0,0,0,0,0,0,0,0,0,0,0,0,0,0,0,0,0,0,0,0,0,0,0,0,0,0,0,0,0,0,0,0,0,0,0,2195,1015,415,75,160,0,0,0,180,0,190,70,4,4,0,0,110,0,220,60,20,0,0,0,140,0,85,40,25,0,0,0,20,0,100,65,0,0,0,0,40,0,1170,145,60,45,0,0,0,40,0,140,55,35,0,0,0,55,0,220,100,15,0,0,4,105,0,110,75,4,0,0,0,35,0,555,255,45,0,0,0,260,0,10,10,0,0,10,0,0,0,0,0,0,0,0,0,0,0,0,0,0,0,0,0,0,0,0,0,0,0,0,0,0,0,0,0,0,0,0,0,0,0,0,252,252,185,95,59,30,25,25,25,64,25,90,62,19,25,25,25,70,25,95,54,25,25,25,25,73,25,72,9,14,25,25,25,68,25,97,71,25,25,25,25,61,25,225,54,22,25,25,25,25,47,25,73,38,27,25,25,25,64,25,115,76,14,25,25,25,82,25,96,65,19,25,25,25,67,25,214,157,63,25,23,25,131,21,3,3,25,25,3,25,25,25,25,25,25,25,25,25,25,25,25,25,25,25,25,25,25,25,25,25,25,25,25,25,25,25,25,25,25,25,25,25,25,25,25,221,195,118,64,78,25,25,25,73,25,81,53,11,25,25,25,66,25,103,48,29,25,25,25,88,25,64,42,36,25,25,25,34,25,50,46,25,25,25,25,31,25,183,79,45,53,25,25,25,32,25,63,29,31,25,25,25,49,25,90,51,26,25,25,10,73,25,55,48,3,25,25,25,25,25,136,88,35,25,25,25,92,25,15,15,25,25,15,25,25,25,25,25,25,25,25,25,25,25,25,25,25,25,25,25,25,25,25,25,25,25,25,25,25,25,25,25,25,25,25,25,25,25,25
2013thru2017,50,05000US48179,"Gray County, Texas",48,179,7970,5995,1025,205,135,4,0,0,0,65,0,225,210,0,4,0,0,4,0,310,235,0,0,0,0,75,0,140,100,0,0,0,0,40,0,145,120,0,0,4,0,25,0,4925,80,50,4,0,0,0,25,4,490,385,25,0,0,0,60,20,735,500,15,4,4,0,200,10,480,340,15,0,0,0,125,0,3140,2630,20,10,4,0,465,15,45,45,30,0,0,0,0,15,0,0,0,0,0,0,0,0,0,0,0,0,0,0,0,0,0,0,0,0,0,0,0,0,0,0,0,0,0,0,0,0,0,1975,755,170,85,25,0,4,0,55,0,325,195,20,0,0,0,95,15,225,135,0,0,25,0,50,15,20,20,0,0,0,0,4,0,20,15,0,0,0,0,0,4,1170,150,95,0,0,4,0,50,0,115,105,0,0,0,0,15,0,175,115,0,0,0,0,50,10,95,55,10,0,15,0,10,0,635,520,4,0,0,0,110,0,50,50,50,0,0,0,0,0,0,0,0,0,0,0,0,0,0,0,0,0,0,0,0,0,0,0,0,0,0,0,0,0,0,0,0,0,0,0,0,0,0,261,285,180,74,59,8,25,25,25,40,25,101,98,25,16,25,25,8,25,120,106,25,25,25,25,52,25,89,69,25,25,25,25,44,25,74,70,25,25,10,25,34,25,313,39,32,5,25,25,25,25,7,104,92,25,25,25,25,40,19,157,114,18,25,15,25,90,15,118,96,18,25,25,25,92,25,294,239,22,16,5,25,136,20,31,31,21,25,25,25,25,24,25,25,25,25,25,25,25,25,25,25,25,25,25,25,25,25,25,25,25,25,25,25,25,25,25,25,25,25,25,25,25,25,25,255,170,72,48,29,25,10,25,42,25,120,92,33,25,25,25,58,29,85,75,25,25,26,25,46,25,19,19,25,25,25,25,3,25,22,21,25,25,25,25,25,7,210,79,68,25,25,3,25,45,25,52,52,25,25,25,25,17,25,78,69,25,25,25,25,40,14,43,36,18,25,25,25,26,25,178,159,13,25,25,25,58,25,57,57,57,25,25,25,25,25,25,25,25,25,25,25,25,25,25,25,25,25,25,25,25,25,25,25,25,25,25,25,25,25,25,25,25,25,25,25,25,25,25
2013thru2017,50,05000US48181,"Grayson County, Texas",48,181,47550,31865,6380,1770,1415,95,0,25,0,215,20,1490,1245,85,45,0,0,90,25,1635,1200,70,50,4,0,310,0,515,440,15,0,4,0,60,0,970,745,65,0,4,0,155,0,25220,260,205,45,0,10,0,0,0,1635,1340,30,20,4,0,210,25,3340,2740,215,4,40,0,320,20,2630,2180,15,35,10,0,355,35,17360,15595,365,75,225,0,850,250,265,265,245,0,10,10,0,0,0,0,0,0,0,0,0,0,0,0,0,0,0,0,0,0,0,0,0,0,0,0,0,0,0,0,0,0,0,0,0,0,0,15685,6560,2370,1640,515,0,10,0,185,20,2215,1650,265,4,45,0,230,25,1350,900,230,0,10,0,195,20,325,235,40,10,0,0,40,0,300,230,0,35,0,0,4,30,8845,750,595,55,0,0,10,60,30,605,520,50,0,0,0,25,4,1525,1195,115,10,30,0,150,25,1400,950,70,25,70,10,260,15,4570,3715,230,95,60,0,320,150,280,280,175,10,35,0,0,20,45,0,0,0,0,0,0,0,0,0,0,0,0,0,0,0,0,0,0,0,0,0,0,0,0,0,0,0,0,0,0,0,0,556,754,489,276,262,60,31,28,31,99,24,222,223,51,35,31,31,67,24,278,231,47,42,4,31,134,31,140,133,26,31,2,31,51,31,216,170,69,31,14,31,120,31,706,95,90,42,31,20,31,31,31,299,259,35,20,12,31,119,23,329,273,99,10,38,31,125,20,325,299,26,28,16,31,148,34,677,681,128,46,98,31,194,110,108,108,105,31,14,18,31,31,31,31,31,31,31,31,31,31,31,31,31,31,31,31,31,31,31,31,31,31,31,31,31,31,31,31,31,31,31,31,31,31,31,774,481,344,277,216,31,18,31,94,22,324,289,124,4,56,31,89,23,240,197,133,31,14,31,86,23,118,109,45,19,31,31,34,31,126,115,31,36,31,31,13,47,630,219,179,59,31,31,14,69,38,171,170,43,31,31,31,28,10,265,230,91,18,34,31,87,42,274,206,48,23,61,15,121,16,516,507,105,48,54,31,149,104,128,128,112,14,15,31,31,33,49,31,31,31,31,31,31,31,31,31,31,31,31,31,31,31,31,31,31,31,31,31,31,31,31,31,31,31,31,31,31,31,31
2013thru2017,50,05000US48183,"Gregg County, Texas",48,183,45615,26845,5150,1050,565,230,4,0,0,245,4,835,435,170,15,0,0,220,0,1380,630,315,20,10,0,405,0,700,395,80,20,0,0,200,4,1185,785,165,40,15,0,130,55,21530,230,125,80,0,0,0,25,0,1175,790,140,0,0,0,245,0,2410,1470,495,4,0,0,420,20,1570,995,215,45,4,10,280,25,16140,13120,1545,95,100,0,1130,150,165,165,115,15,15,0,0,20,0,0,0,0,0,0,0,0,0,0,0,0,0,0,0,0,0,0,0,0,0,0,0,0,0,0,0,0,0,0,0,0,0,18770,9375,2800,1125,1315,40,0,0,260,60,2525,1125,965,25,0,0,400,10,3120,1880,805,40,20,0,280,100,365,170,105,0,0,0,95,0,565,340,225,0,0,0,0,0,9200,515,140,345,0,0,0,30,0,545,280,200,20,20,0,20,4,1570,840,540,0,0,0,190,0,1120,650,275,0,0,0,195,4,5445,3670,1080,50,35,0,480,125,200,200,95,80,0,0,0,20,0,0,0,0,0,0,0,0,0,0,0,0,0,0,0,0,0,0,0,0,0,0,0,0,0,0,0,0,0,0,0,0,0,667,685,381,209,156,115,12,31,31,120,3,174,120,76,26,31,31,90,31,246,189,142,33,16,31,164,31,187,144,71,30,31,31,104,4,245,200,81,34,25,31,79,75,754,121,96,65,31,31,31,43,31,242,209,60,31,31,31,120,31,291,243,125,1,31,31,128,37,260,206,74,62,5,19,90,42,736,607,242,58,59,31,194,89,78,78,70,21,24,31,31,29,31,31,31,31,31,31,31,31,31,31,31,31,31,31,31,31,31,31,31,31,31,31,31,31,31,31,31,31,31,31,31,31,31,815,642,420,252,275,49,31,31,134,61,359,280,223,25,31,31,180,17,453,349,241,61,35,31,156,56,157,88,74,31,31,31,107,31,209,151,140,31,31,31,31,31,677,162,83,128,31,31,31,38,31,158,113,101,39,40,31,34,2,299,247,186,31,31,31,94,31,264,190,137,31,31,31,111,2,531,465,254,37,43,31,180,122,89,89,74,65,31,31,31,26,31,31,31,31,31,31,31,31,31,31,31,31,31,31,31,31,31,31,31,31,31,31,31,31,31,31,31,31,31,31,31,31,31
2013thru2017,50,05000US48185,"Grimes County, Texas",48,185,8980,6985,1600,575,425,135,0,0,0,10,4,350,205,70,0,0,0,75,0,295,185,4,0,4,0,105,0,35,30,4,0,0,0,0,0,345,245,10,0,0,0,90,0,5325,105,25,50,0,0,0,30,4,350,255,85,0,0,0,10,0,655,425,150,0,0,0,80,0,585,380,50,0,0,0,140,10,3635,2930,210,0,15,0,470,10,60,60,25,4,0,0,0,30,0,0,0,0,0,0,0,0,0,0,0,0,0,0,0,0,0,0,0,0,0,0,0,0,0,0,0,0,0,0,0,0,0,1995,675,200,75,95,0,0,0,25,0,350,100,80,0,0,0,175,0,95,95,0,0,0,0,0,0,30,30,0,0,0,0,0,0,0,0,0,0,0,0,0,0,1260,120,20,45,0,0,0,50,0,250,95,60,0,0,0,95,0,240,150,50,0,0,0,35,4,90,4,30,0,0,0,55,0,560,410,25,0,0,0,130,0,60,60,50,4,0,0,0,4,0,0,0,0,0,0,0,0,0,0,0,0,0,0,0,0,0,0,0,0,0,0,0,0,0,0,0,0,0,0,0,0,0,334,339,238,183,148,94,25,25,25,18,12,116,82,52,25,25,25,63,25,98,80,6,25,6,25,75,25,27,28,13,25,25,25,25,25,117,97,16,25,25,25,58,25,304,63,22,42,25,25,25,43,5,100,84,53,25,25,25,20,25,156,125,90,25,25,25,59,25,170,123,38,25,25,25,97,15,293,247,96,25,18,25,123,18,48,48,25,3,25,25,25,38,25,25,25,25,25,25,25,25,25,25,25,25,25,25,25,25,25,25,25,25,25,25,25,25,25,25,25,25,25,25,25,25,25,293,163,85,47,73,25,25,25,32,25,140,63,58,25,25,25,112,25,82,82,25,25,25,25,25,25,51,51,25,25,25,25,25,25,25,25,25,25,25,25,25,25,264,77,29,41,25,25,25,69,25,127,57,87,25,25,25,70,25,122,90,66,25,25,25,40,11,80,2,44,25,25,25,69,25,179,163,29,25,25,25,71,25,59,59,54,8,25,25,25,13,25,25,25,25,25,25,25,25,25,25,25,25,25,25,25,25,25,25,25,25,25,25,25,25,25,25,25,25,25,25,25,25,25
2013thru2017,50,05000US48187,"Guadalupe County, Texas",48,187,51990,39220,7975,1920,1135,170,10,0,0,590,15,1280,635,10,0,4,0,610,15,2205,1120,135,50,0,0,870,30,1185,795,125,4,0,0,245,15,1385,980,110,30,4,0,255,10,31000,335,170,0,0,0,0,145,20,1310,545,80,0,15,0,645,25,3140,1715,70,15,0,0,1325,15,2415,1485,40,65,0,0,800,30,23800,15545,1725,335,80,4,5590,530,245,245,180,0,10,0,0,55,0,0,0,0,0,0,0,0,0,0,0,0,0,0,0,0,0,0,0,0,0,0,0,0,0,0,0,0,0,0,0,0,0,12770,5150,1540,420,195,45,0,0,860,25,1475,665,90,0,0,0,695,25,1345,595,205,20,0,0,480,45,515,300,35,25,0,0,155,0,275,150,4,0,0,0,115,0,7285,280,45,90,0,0,0,145,0,260,165,0,0,0,0,95,0,1090,550,25,0,45,0,465,10,1175,520,140,15,0,0,490,10,4485,2695,505,45,0,0,1135,100,335,335,75,0,0,4,0,255,0,0,0,0,0,0,0,0,0,0,0,0,0,0,0,0,0,0,0,0,0,0,0,0,0,0,0,0,0,0,0,0,0,456,833,526,285,229,81,15,31,31,149,22,283,163,21,31,18,31,230,20,283,223,80,41,31,31,187,30,232,193,82,16,31,31,126,23,285,254,66,28,10,31,91,15,810,109,73,31,31,31,31,83,35,248,141,55,31,29,31,207,37,367,224,47,28,31,31,288,23,318,236,30,41,31,31,226,25,732,576,231,72,55,17,487,170,114,114,113,31,17,31,31,50,31,31,31,31,31,31,31,31,31,31,31,31,31,31,31,31,31,31,31,31,31,31,31,31,31,31,31,31,31,31,31,31,31,728,467,290,113,89,48,31,31,241,34,276,155,62,31,31,31,216,32,301,183,108,32,31,31,187,59,161,120,54,37,31,31,86,31,109,72,15,31,31,31,81,31,651,168,40,132,31,31,31,120,31,88,63,31,31,31,31,59,31,265,170,29,31,62,31,185,14,239,159,89,18,31,31,161,17,490,412,171,38,31,31,259,82,169,169,42,31,31,12,31,159,31,31,31,31,31,31,31,31,31,31,31,31,31,31,31,31,31,31,31,31,31,31,31,31,31,31,31,31,31,31,31,31,31
2013thru2017,50,05000US48189,"Hale County, Texas",48,189,11215,6775,1075,255,55,4,0,0,0,195,0,245,95,0,0,0,0,135,15,230,25,10,0,0,0,190,4,165,120,0,0,0,0,45,0,180,90,0,0,0,0,90,0,5665,85,15,0,0,0,0,70,4,310,125,15,0,0,0,170,0,730,325,4,4,0,0,395,4,715,300,15,4,4,0,390,4,3820,2405,70,15,0,4,1250,75,35,35,10,10,0,0,0,15,4,0,0,0,0,0,0,0,0,0,0,0,0,0,0,0,0,0,0,0,0,0,0,0,0,0,0,0,0,0,0,0,0,4445,1860,795,250,0,0,0,0,505,40,480,145,4,10,0,0,315,4,320,125,0,4,0,0,195,0,70,45,0,0,0,0,20,4,195,15,20,0,0,0,160,0,2510,235,60,4,0,0,0,170,0,165,50,4,0,0,0,110,0,615,165,50,0,0,0,395,4,460,135,15,0,0,0,285,20,1030,250,0,0,4,0,775,4,75,75,30,25,4,0,0,15,0,0,0,0,0,0,0,0,0,0,0,0,0,0,0,0,0,0,0,0,0,0,0,0,0,0,0,0,0,0,0,0,0,276,274,165,79,38,15,28,28,28,77,28,89,47,28,28,28,28,68,29,79,18,23,28,28,28,76,4,80,67,28,28,28,28,46,28,86,49,28,28,28,28,63,28,315,50,21,28,28,28,28,47,8,105,45,19,28,28,28,83,28,165,119,5,8,28,28,113,1,170,93,18,17,2,28,133,3,281,198,42,23,28,14,213,43,33,33,13,15,28,28,28,23,10,28,28,28,28,28,28,28,28,28,28,28,28,28,28,28,28,28,28,28,28,28,28,28,28,28,28,28,28,28,28,28,28,318,268,186,118,28,28,28,28,152,37,126,69,13,23,28,28,130,28,116,64,28,3,28,28,101,28,75,68,28,28,28,28,24,7,122,29,29,28,28,28,114,28,281,114,32,7,28,28,28,104,28,73,31,11,28,28,28,64,28,158,83,44,28,28,28,131,14,122,70,34,28,28,28,107,29,218,78,28,28,9,28,198,13,52,52,30,34,3,28,28,27,28,28,28,28,28,28,28,28,28,28,28,28,28,28,28,28,28,28,28,28,28,28,28,28,28,28,28,28,28,28,28,28,28
2013thru2017,50,05000US48191,"Hall County, Texas",48,191,1245,780,160,70,30,0,0,0,0,40,4,15,15,0,0,0,0,4,0,35,15,0,0,0,0,20,0,35,15,0,0,0,0,20,0,4,4,0,0,0,0,0,0,605,15,10,0,0,0,0,4,0,115,60,30,0,0,0,25,0,150,95,10,0,4,0,35,4,35,35,0,0,0,0,0,0,285,240,4,0,0,0,40,0,15,15,10,0,0,0,0,4,0,0,0,0,0,0,0,0,0,0,0,0,0,0,0,0,0,0,0,0,0,0,0,0,0,0,0,0,0,0,0,0,0,465,140,70,50,4,0,0,0,15,0,50,25,25,0,0,0,4,0,15,15,0,0,0,0,0,0,0,0,0,0,0,0,0,0,0,0,0,0,0,0,0,0,325,25,25,0,0,0,0,0,0,35,30,4,0,0,0,4,0,125,75,4,0,0,0,50,0,35,10,10,0,0,0,15,0,105,75,0,0,0,0,30,0,0,0,0,0,0,0,0,0,0,0,0,0,0,0,0,0,0,0,0,0,0,0,0,0,0,0,0,0,0,0,0,0,0,0,0,0,0,0,0,0,0,80,67,47,37,23,13,13,13,13,26,4,15,16,13,13,13,13,5,13,22,16,13,13,13,13,17,13,31,18,13,13,13,13,26,13,12,12,13,13,13,13,13,13,63,16,12,13,13,13,13,11,13,46,25,29,13,13,13,25,13,54,39,11,13,6,13,33,5,24,24,13,13,13,13,13,13,57,49,13,13,13,13,30,13,14,14,12,13,13,13,13,12,13,13,13,13,13,13,13,13,13,13,13,13,13,13,13,13,13,13,13,13,13,13,13,13,13,13,13,13,13,13,13,13,13,96,53,35,31,17,13,13,13,24,13,34,25,24,13,13,13,3,13,25,25,13,13,13,13,13,13,13,13,13,13,13,13,13,13,13,13,13,13,13,13,13,13,98,28,28,13,13,13,13,13,13,28,28,2,13,13,13,4,13,52,42,6,13,13,13,34,13,24,13,19,13,13,13,14,13,56,44,13,13,13,13,30,13,13,13,13,13,13,13,13,13,13,13,13,13,13,13,13,13,13,13,13,13,13,13,13,13,13,13,13,13,13,13,13,13,13,13,13,13,13,13,13,13,13
2013thru2017,50,05000US48193,"Hamilton County, Texas",48,193,3155,2390,460,195,120,0,0,10,0,15,50,95,85,0,0,0,0,10,0,50,40,0,0,0,0,4,0,25,15,10,0,0,0,0,0,95,90,0,0,0,0,4,0,1925,10,10,0,0,0,0,0,0,185,165,0,0,0,0,20,0,275,250,0,0,0,0,10,10,200,200,0,0,0,0,0,0,1260,1230,0,10,0,0,15,0,4,4,4,0,0,0,0,0,0,0,0,0,0,0,0,0,0,0,0,0,0,0,0,0,0,0,0,0,0,0,0,0,0,0,0,0,0,0,0,0,0,770,250,55,35,0,0,4,0,10,0,90,35,0,0,0,0,60,0,55,50,0,0,0,0,4,0,20,20,0,0,0,0,0,0,30,30,0,0,0,0,0,0,490,60,60,0,0,0,0,0,0,105,105,0,0,0,0,0,0,110,105,0,0,0,0,4,0,35,35,0,0,0,0,0,0,180,150,0,0,0,0,25,10,25,25,20,0,4,0,0,0,0,0,0,0,0,0,0,0,0,0,0,0,0,0,0,0,0,0,0,0,0,0,0,0,0,0,0,0,0,0,0,0,0,199,198,105,73,62,19,19,24,19,26,49,46,44,19,19,19,19,21,19,33,35,19,19,19,19,19,19,27,22,19,19,19,19,19,19,53,53,19,19,19,19,4,19,191,14,14,19,19,19,19,19,19,80,73,19,19,19,19,33,19,83,80,19,19,19,19,15,17,80,80,19,19,19,19,19,19,134,134,19,20,19,19,20,19,1,1,1,19,19,19,19,19,19,19,19,19,19,19,19,19,19,19,19,19,19,19,19,19,19,19,19,19,19,19,19,19,19,19,19,19,19,19,19,19,19,146,103,32,27,19,19,4,19,19,19,70,37,19,19,19,19,62,19,35,33,19,19,19,19,8,19,23,23,19,19,19,19,19,19,44,44,19,19,19,19,19,19,135,41,41,19,19,19,19,19,19,74,74,19,19,19,19,19,19,53,51,19,19,19,19,14,19,27,27,19,19,19,19,19,19,85,78,19,19,19,19,28,16,25,25,25,19,11,19,19,19,19,19,19,19,19,19,19,19,19,19,19,19,19,19,19,19,19,19,19,19,19,19,19,19,19,19,19,19,19,19,19,19,19
2013thru2017,50,05000US48195,"Hansford County, Texas",48,195,1925,1405,380,125,50,0,0,0,0,75,0,15,15,0,0,0,0,0,0,165,115,0,0,0,0,50,0,30,20,0,0,0,0,15,0,40,25,0,0,0,0,10,0,975,15,0,0,0,0,0,15,0,55,45,0,0,0,0,10,0,135,30,0,0,0,0,105,0,45,30,0,0,0,0,10,0,730,570,0,0,0,0,155,0,50,50,25,0,0,0,0,20,0,0,0,0,0,0,0,0,0,0,0,0,0,0,0,0,0,0,0,0,0,0,0,0,0,0,0,0,0,0,0,0,0,520,180,45,25,0,0,0,0,20,0,105,35,0,0,0,0,70,0,15,0,0,0,0,0,15,0,10,0,0,0,0,0,10,0,4,0,0,0,0,0,4,0,335,4,4,0,0,0,0,0,0,30,0,0,0,0,0,30,0,100,35,0,0,0,0,65,0,65,45,0,0,0,0,20,0,135,85,0,0,0,0,50,0,4,4,4,0,0,0,0,0,0,0,0,0,0,0,0,0,0,0,0,0,0,0,0,0,0,0,0,0,0,0,0,0,0,0,0,0,0,0,0,0,0,125,128,102,72,46,19,19,19,19,55,19,20,20,19,19,19,19,19,19,84,80,19,19,19,19,43,19,36,31,19,19,19,19,23,19,29,26,19,19,19,19,18,19,151,29,19,19,19,19,19,29,19,39,33,19,19,19,19,22,19,57,23,19,19,19,19,54,19,23,21,19,19,19,19,17,19,156,128,19,19,19,19,85,19,49,49,37,19,19,19,19,32,19,19,19,19,19,19,19,19,19,19,19,19,19,19,19,19,19,19,19,19,19,19,19,19,19,19,19,19,19,19,19,19,19,139,77,45,32,19,19,19,19,31,19,62,32,19,19,19,19,57,19,20,19,19,19,19,19,20,19,15,19,19,19,19,19,15,19,4,19,19,19,19,19,4,19,117,6,6,19,19,19,19,19,19,34,19,19,19,19,19,34,19,58,28,19,19,19,19,46,19,58,52,19,19,19,19,28,19,91,63,19,19,19,19,48,19,19,19,19,19,19,19,19,19,19,19,19,19,19,19,19,19,19,19,19,19,19,19,19,19,19,19,19,19,19,19,19,19,19,19,19,19,19,19,19,19,19
2013thru2017,50,05000US48197,"Hardeman County, Texas",48,197,1535,1150,160,70,50,15,0,0,0,0,0,50,10,10,0,0,0,30,0,35,15,0,0,0,0,15,0,0,0,0,0,0,0,0,0,4,4,0,0,0,0,4,0,985,45,25,4,0,0,0,15,0,175,160,0,0,0,0,15,0,105,95,0,0,0,0,15,0,95,65,0,0,0,0,30,4,565,475,20,0,0,0,70,0,4,4,4,0,0,0,0,0,0,0,0,0,0,0,0,0,0,0,0,0,0,0,0,0,0,0,0,0,0,0,0,0,0,0,0,0,0,0,0,0,0,385,90,20,10,10,0,0,0,0,0,30,15,0,0,0,0,15,0,40,10,10,0,0,0,0,15,0,0,0,0,0,0,0,0,0,0,0,0,0,0,0,0,275,40,35,4,0,0,0,0,0,55,30,4,0,0,0,20,0,65,35,20,0,0,0,4,4,0,0,0,0,0,0,0,0,115,90,0,0,0,0,25,0,20,20,0,20,0,0,0,0,0,0,0,0,0,0,0,0,0,0,0,0,0,0,0,0,0,0,0,0,0,0,0,0,0,0,0,0,0,0,0,0,0,100,107,53,41,34,24,13,13,13,13,13,36,12,20,13,13,13,29,13,30,19,13,13,13,13,28,13,13,13,13,13,13,13,13,13,17,11,13,13,13,13,3,13,105,30,26,6,13,13,13,21,13,74,74,13,13,13,13,24,13,39,34,13,13,13,13,17,13,40,32,13,13,13,13,27,2,91,80,21,13,13,13,49,13,5,5,5,13,13,13,13,13,13,13,13,13,13,13,13,13,13,13,13,13,13,13,13,13,13,13,13,13,13,13,13,13,13,13,13,13,13,13,13,13,13,83,43,19,19,13,13,13,13,13,13,24,18,13,13,13,13,18,13,32,14,20,13,13,13,13,29,13,13,13,13,13,13,13,13,13,13,13,13,13,13,13,13,75,23,22,4,13,13,13,13,13,27,24,9,13,13,13,18,13,35,25,28,13,13,13,12,2,13,13,13,13,13,13,13,13,51,41,13,13,13,13,27,13,29,29,13,29,13,13,13,13,13,13,13,13,13,13,13,13,13,13,13,13,13,13,13,13,13,13,13,13,13,13,13,13,13,13,13,13,13,13,13,13,13
2013thru2017,50,05000US48199,"Hardin County, Texas",48,199,20740,16755,2895,1000,840,150,0,0,0,10,0,595,490,60,15,0,0,30,0,550,495,40,4,0,0,10,0,270,250,20,0,0,0,0,0,480,435,0,10,0,0,20,15,13630,290,215,65,0,10,0,0,0,875,815,15,0,0,0,40,4,1620,1500,95,0,0,0,20,0,1510,1235,75,0,15,0,180,10,9335,8660,245,35,4,0,295,95,235,235,210,0,0,25,0,0,0,0,0,0,0,0,0,0,0,0,0,0,0,0,0,0,0,0,0,0,0,0,0,0,0,0,0,0,0,0,0,0,0,3980,1590,715,485,130,4,0,0,80,10,250,225,25,0,0,0,0,0,425,400,25,0,0,0,0,0,60,60,0,0,0,0,0,0,140,115,0,0,20,0,0,0,2325,125,70,50,0,0,0,4,0,115,110,0,0,0,0,0,4,370,320,20,0,0,0,0,30,375,345,30,0,0,0,0,0,1335,1225,35,4,0,0,50,20,70,70,45,25,0,0,0,0,0,0,0,0,0,0,0,0,0,0,0,0,0,0,0,0,0,0,0,0,0,0,0,0,0,0,0,0,0,0,0,0,0,450,552,358,241,219,92,31,31,31,13,31,168,146,53,26,31,31,32,31,167,157,43,7,31,31,15,31,101,98,30,31,31,31,31,31,176,170,31,19,31,31,29,29,541,132,96,84,31,15,31,31,31,228,224,21,31,31,31,40,12,260,244,81,31,31,31,29,31,295,253,65,31,30,31,143,14,565,533,88,38,12,31,157,41,149,149,146,31,31,33,31,31,31,31,31,31,31,31,31,31,31,31,31,31,31,31,31,31,31,31,31,31,31,31,31,31,31,31,31,31,31,31,31,31,31,425,317,169,160,91,11,31,31,91,19,132,127,32,31,31,31,31,31,145,142,42,31,31,31,31,31,63,63,31,31,31,31,31,31,122,116,31,31,36,31,31,31,350,75,47,59,31,31,31,17,31,62,61,31,31,31,31,31,3,164,153,37,31,31,31,31,40,189,185,47,31,31,31,31,31,284,280,36,7,31,31,71,29,49,49,40,29,31,31,31,31,31,31,31,31,31,31,31,31,31,31,31,31,31,31,31,31,31,31,31,31,31,31,31,31,31,31,31,31,31,31,31,31,31
2013thru2017,50,05000US48201,"Harris County, Texas",48,201,1562815,855630,201805,43455,14025,7925,3095,165,0,17525,720,43735,12370,5470,3415,85,4,21890,500,51070,16830,7735,3280,115,0,22775,335,22770,8660,3395,1760,50,75,8490,335,40775,20490,4485,4245,85,10,10870,595,647275,9395,2215,2610,645,90,0,3760,75,29570,8950,6055,1955,50,25,12330,210,66460,22160,10905,4130,135,50,28540,535,56580,19640,8735,3345,60,0,24360,445,485275,278555,58350,35945,865,35,104710,6820,6550,6550,2605,1275,630,0,0,1860,180,0,0,0,0,0,0,0,0,0,0,0,0,0,0,0,0,0,0,0,0,0,0,0,0,0,0,0,0,0,0,0,0,707185,351225,123570,19590,41805,5335,260,115,54535,1930,108415,18400,31640,3540,310,115,52850,1565,78495,20320,23890,3270,105,40,29450,1420,19700,6780,4860,1195,4,0,6565,295,21045,9000,3240,2210,30,0,5895,675,339900,11670,2125,5150,1070,20,0,3185,120,14940,1930,3890,545,0,4,8480,90,67650,11130,19580,2550,145,30,33470,745,50070,11190,14705,2220,120,20,21295,515,195570,85850,42465,17020,465,85,46120,3565,16060,16060,3945,6180,1515,40,0,3960,420,0,0,0,0,0,0,0,0,0,0,0,0,0,0,0,0,0,0,0,0,0,0,0,0,0,0,0,0,0,0,0,0,3974,5248,3598,1595,828,689,427,93,31,918,217,1699,805,531,450,47,13,1220,166,1999,986,796,459,76,31,1386,137,1237,804,545,364,43,75,787,140,1569,1067,547,466,71,15,927,204,5676,745,234,363,200,105,31,473,57,1244,587,494,290,44,41,863,100,2003,867,926,469,67,53,1443,155,1774,876,765,391,44,31,1242,137,4909,3184,1704,1263,193,39,2671,593,759,759,439,268,187,31,31,403,130,31,31,31,31,31,31,31,31,31,31,31,31,31,31,31,31,31,31,31,31,31,31,31,31,31,31,31,31,31,31,31,31,4409,4208,2780,1179,1765,592,130,100,1950,349,2656,940,1309,438,125,97,1970,416,2227,1269,1438,451,81,49,1552,340,1218,703,577,269,18,31,715,157,1112,742,541,350,37,31,667,251,4806,869,361,524,222,22,31,459,74,1047,302,474,188,31,11,798,56,2115,905,1220,388,136,42,1378,246,1828,869,988,390,82,35,1288,175,3592,2080,1797,1126,168,48,1644,519,1147,1147,521,796,381,43,31,510,185,31,31,31,31,31,31,31,31,31,31,31,31,31,31,31,31,31,31,31,31,31,31,31,31,31,31,31,31,31,31,31,31
2013thru2017,50,05000US48203,"Harrison County, Texas",48,203,23365,17330,3290,960,500,400,0,0,0,60,0,900,555,165,0,4,0,170,10,600,450,40,0,10,0,80,15,240,145,40,4,0,0,50,0,595,540,0,15,0,0,35,0,13750,315,155,160,0,0,0,0,0,725,420,235,15,0,0,55,0,1850,1325,365,0,45,0,75,40,1300,1005,265,0,0,0,30,0,9565,7435,1505,4,25,0,545,55,290,290,190,50,0,0,0,45,0,0,0,0,0,0,0,0,0,0,0,0,0,0,0,0,0,0,0,0,0,0,0,0,0,0,0,0,0,0,0,0,0,6035,2460,920,280,475,4,0,0,160,0,785,295,355,0,10,0,110,15,455,320,135,0,0,0,0,0,105,90,4,0,0,0,0,10,190,150,0,0,0,0,40,0,3465,195,130,65,0,0,0,0,0,260,75,140,0,0,0,25,15,675,215,375,0,0,0,90,0,600,290,225,0,0,0,75,10,1735,1095,415,35,0,0,175,10,110,110,45,35,0,0,0,30,0,0,0,0,0,0,0,0,0,0,0,0,0,0,0,0,0,0,0,0,0,0,0,0,0,0,0,0,0,0,0,0,0,460,464,348,239,148,147,31,31,31,48,31,209,167,90,31,16,31,78,14,178,164,36,31,23,31,55,29,80,78,32,6,31,31,37,31,169,159,31,22,31,31,35,31,507,149,91,116,31,31,31,31,31,182,143,102,28,31,31,47,31,297,231,146,31,49,31,66,49,259,221,116,31,31,31,36,31,498,411,246,16,37,31,119,46,114,114,103,40,31,31,31,49,31,31,31,31,31,31,31,31,31,31,31,31,31,31,31,31,31,31,31,31,31,31,31,31,31,31,31,31,31,31,31,31,31,552,373,224,115,170,7,31,31,99,31,214,143,129,31,21,31,73,24,171,152,87,31,31,31,31,31,71,71,6,31,31,31,31,20,92,78,31,31,31,31,43,31,426,86,77,46,31,31,31,31,31,116,61,98,31,31,31,29,26,203,102,164,31,31,31,72,31,173,122,102,31,31,31,61,18,270,228,170,46,31,31,89,21,73,73,45,37,31,31,31,34,31,31,31,31,31,31,31,31,31,31,31,31,31,31,31,31,31,31,31,31,31,31,31,31,31,31,31,31,31,31,31,31,31
2013thru2017,50,05000US48205,"Hartley County, Texas",48,205,1755,1065,185,45,45,0,0,0,0,0,0,70,55,0,0,0,0,15,0,35,30,0,0,0,0,4,0,25,20,0,0,0,0,0,4,10,10,0,0,0,0,0,0,880,0,0,0,0,0,0,0,0,95,70,0,20,0,0,0,0,145,100,0,0,0,0,45,0,35,35,0,0,0,0,0,0,605,590,4,4,0,0,4,0,0,0,0,0,0,0,0,0,0,0,0,0,0,0,0,0,0,0,0,0,0,0,0,0,0,0,0,0,0,0,0,0,0,0,0,0,0,0,0,0,0,685,190,50,10,0,0,0,0,40,0,90,45,0,0,0,0,45,0,35,25,0,0,0,0,10,0,10,10,0,0,0,0,0,0,10,0,0,0,0,0,10,0,490,10,10,0,0,0,0,0,0,45,20,0,0,0,0,25,0,130,60,0,0,0,0,70,0,70,25,0,0,0,0,45,0,235,170,0,0,0,0,40,25,4,4,0,0,0,0,0,4,0,0,0,0,0,0,0,0,0,0,0,0,0,0,0,0,0,0,0,0,0,0,0,0,0,0,0,0,0,0,0,0,0,76,130,72,36,36,19,19,19,19,19,19,53,50,19,19,19,19,23,19,29,27,19,19,19,19,12,19,20,18,19,19,19,19,19,9,19,19,19,19,19,19,19,19,119,19,19,19,19,19,19,19,19,51,43,19,28,19,19,19,19,70,61,19,19,19,19,28,19,35,35,19,19,19,19,19,19,108,110,19,14,19,19,3,19,19,19,19,19,19,19,19,19,19,19,19,19,19,19,19,19,19,19,19,19,19,19,19,19,19,19,19,19,19,19,19,19,19,19,19,19,19,19,19,19,19,129,72,37,22,19,19,19,19,35,19,50,32,19,19,19,19,38,19,32,27,19,19,19,19,15,19,16,16,19,19,19,19,19,19,14,19,19,19,19,19,14,19,118,12,12,19,19,19,19,19,19,35,25,19,19,19,19,28,19,71,48,19,19,19,19,56,19,48,26,19,19,19,19,38,19,92,83,19,19,19,19,32,29,12,12,19,19,19,19,19,12,19,19,19,19,19,19,19,19,19,19,19,19,19,19,19,19,19,19,19,19,19,19,19,19,19,19,19,19,19,19,19,19,19
2013thru2017,50,05000US48207,"Haskell County, Texas",48,207,2130,1655,320,90,40,4,0,0,0,45,0,130,95,0,0,0,0,30,4,20,15,0,0,0,0,4,4,15,0,0,4,0,0,10,0,65,65,0,0,0,0,0,0,1325,30,10,4,0,0,0,15,0,100,80,0,0,0,0,20,0,240,165,4,0,4,0,70,4,130,115,10,0,0,0,10,0,820,740,4,0,0,0,70,10,10,10,4,0,0,0,0,4,0,0,0,0,0,0,0,0,0,0,0,0,0,0,0,0,0,0,0,0,0,0,0,0,0,0,0,0,0,0,0,0,0,475,210,95,60,10,0,0,0,30,0,95,20,75,0,0,0,4,0,15,15,0,0,0,0,0,0,4,0,0,0,0,0,4,0,0,0,0,0,0,0,0,0,235,20,20,0,0,0,0,0,0,35,30,0,0,0,0,4,0,40,30,0,0,0,0,15,0,55,50,0,0,0,0,0,4,85,70,0,0,0,0,15,0,30,30,30,0,0,0,0,0,0,0,0,0,0,0,0,0,0,0,0,0,0,0,0,0,0,0,0,0,0,0,0,0,0,0,0,0,0,0,0,0,0,215,163,73,37,23,14,19,19,19,29,19,61,51,19,19,19,19,37,19,15,13,19,19,19,19,7,5,18,19,19,10,19,19,14,19,32,32,19,19,19,19,19,19,151,17,9,12,19,19,19,14,19,42,36,19,19,19,19,20,19,56,51,2,19,7,19,37,4,48,45,14,19,19,19,14,19,129,101,11,19,19,19,53,13,10,10,11,19,19,19,19,2,19,19,19,19,19,19,19,19,19,19,19,19,19,19,19,19,19,19,19,19,19,19,19,19,19,19,19,19,19,19,19,19,19,137,86,48,41,14,19,19,19,27,19,72,19,69,19,19,19,7,19,17,17,19,19,19,19,19,19,7,19,19,19,19,19,7,19,19,19,19,19,19,19,19,19,88,14,14,19,19,19,19,19,19,29,25,19,19,19,19,7,19,40,22,19,19,19,19,35,19,41,41,19,19,19,19,19,3,44,32,19,19,19,19,29,19,35,35,35,19,19,19,19,19,19,19,19,19,19,19,19,19,19,19,19,19,19,19,19,19,19,19,19,19,19,19,19,19,19,19,19,19,19,19,19,19,19
2013thru2017,50,05000US48209,"Hays County, Texas",48,209,68045,42240,10575,2410,1290,70,15,4,0,935,100,1575,935,40,45,0,0,525,30,2965,1665,45,90,0,0,1140,25,1405,940,75,20,0,0,360,15,2215,1425,100,60,0,0,610,25,31475,310,125,0,0,0,0,185,0,1005,550,0,15,20,0,410,15,3600,2160,95,20,30,0,1275,20,3620,1955,65,20,0,0,1550,30,22945,17485,460,360,40,0,4505,100,190,190,185,0,0,0,0,4,0,0,0,0,0,0,0,0,0,0,0,0,0,0,0,0,0,0,0,0,0,0,0,0,0,0,0,0,0,0,0,0,0,25805,14625,5630,2980,200,35,10,0,2340,65,4685,2240,260,60,0,0,1985,140,3230,1260,185,50,0,0,1675,65,730,390,10,40,0,0,285,4,350,105,0,0,0,0,245,0,10115,545,220,20,0,0,0,305,0,645,350,15,0,0,0,275,0,2220,1230,155,70,0,0,750,10,1750,1280,70,15,0,10,340,40,4955,3255,135,0,65,0,1335,165,1060,1060,735,0,25,0,0,300,0,0,0,0,0,0,0,0,0,0,0,0,0,0,0,0,0,0,0,0,0,0,0,0,0,0,0,0,0,0,0,0,0,695,837,730,377,274,71,25,5,31,249,120,305,244,45,51,31,31,196,38,466,325,43,72,31,31,302,35,308,257,86,33,31,31,175,26,342,246,83,55,31,31,202,35,862,131,73,31,31,31,31,111,31,237,163,31,24,30,31,159,26,453,349,83,34,30,31,254,29,404,309,78,28,31,31,314,43,806,666,148,147,48,31,483,90,102,102,101,31,31,31,31,12,31,31,31,31,31,31,31,31,31,31,31,31,31,31,31,31,31,31,31,31,31,31,31,31,31,31,31,31,31,31,31,31,31,929,916,733,532,98,33,15,31,447,63,589,385,153,59,31,31,399,105,489,286,124,75,31,31,366,80,269,190,21,58,31,31,160,3,171,80,31,31,31,31,138,31,785,172,97,31,31,31,31,145,31,228,168,26,31,31,31,164,31,387,286,120,61,31,31,225,21,397,327,94,25,31,17,139,50,617,510,101,31,99,31,327,154,308,308,261,31,34,31,31,151,31,31,31,31,31,31,31,31,31,31,31,31,31,31,31,31,31,31,31,31,31,31,31,31,31,31,31,31,31,31,31,31,31
2013thru2017,50,05000US48211,"Hemphill County, Texas",48,211,1360,930,125,45,25,0,0,0,0,20,0,4,4,0,0,0,0,0,0,15,15,0,0,0,0,0,0,20,0,0,0,0,0,20,0,40,40,0,0,0,0,0,0,805,10,10,0,0,0,0,0,0,25,10,0,0,0,0,4,4,165,55,0,0,0,0,110,0,40,35,0,0,0,0,4,0,565,490,0,0,10,0,45,20,0,0,0,0,0,0,0,0,0,0,0,0,0,0,0,0,0,0,0,0,0,0,0,0,0,0,0,0,0,0,0,0,0,0,0,0,0,0,0,0,0,430,110,65,4,0,0,0,0,60,0,30,4,0,0,0,0,20,0,10,0,0,0,0,0,10,0,0,0,0,0,0,0,0,0,4,4,0,0,0,0,4,0,305,0,0,0,0,0,0,0,0,4,4,0,0,0,0,0,0,60,50,0,0,0,0,10,0,60,55,0,0,0,0,4,0,175,115,0,0,0,0,60,0,20,20,0,0,0,0,0,20,0,0,0,0,0,0,0,0,0,0,0,0,0,0,0,0,0,0,0,0,0,0,0,0,0,0,0,0,0,0,0,0,0,87,97,52,34,21,13,13,13,13,33,13,13,13,13,13,13,13,13,13,18,18,13,13,13,13,13,13,31,13,13,13,13,13,31,13,26,26,13,13,13,13,13,13,110,14,14,13,13,13,13,13,13,21,12,13,13,13,13,18,12,71,36,13,13,13,13,64,13,30,30,13,13,13,13,6,13,93,85,13,13,14,13,45,18,13,13,13,13,13,13,13,13,13,13,13,13,13,13,13,13,13,13,13,13,13,13,13,13,13,13,13,13,13,13,13,13,13,13,13,13,13,13,13,13,13,83,58,49,1,13,13,13,13,50,13,35,16,13,13,13,13,35,13,16,13,13,13,13,13,16,13,13,13,13,13,13,13,13,13,12,4,13,13,13,13,3,13,68,13,13,13,13,13,13,13,13,8,8,13,13,13,13,13,13,41,39,13,13,13,13,15,13,56,55,13,13,13,13,12,13,66,50,13,13,13,13,48,13,29,29,13,13,13,13,13,29,13,13,13,13,13,13,13,13,13,13,13,13,13,13,13,13,13,13,13,13,13,13,13,13,13,13,13,13,13,13,13,13,13
2013thru2017,50,05000US48213,"Henderson County, Texas",48,213,30460,22970,4695,1000,740,125,0,20,0,115,0,1195,935,75,0,15,0,150,20,1330,1125,15,20,25,0,150,0,455,370,15,0,45,0,20,4,715,625,30,10,4,0,50,0,17960,355,300,55,0,0,0,0,0,1200,905,60,4,4,0,210,15,2860,2320,175,0,4,0,360,0,1725,1475,140,0,30,0,75,4,11825,10765,255,25,125,0,580,70,315,315,295,4,0,0,0,15,0,0,0,0,0,0,0,0,0,0,0,0,0,0,0,0,0,0,0,0,0,0,0,0,0,0,0,0,0,0,0,0,0,7490,3300,1170,825,240,0,0,0,105,4,850,690,85,10,0,0,65,0,870,725,60,4,0,0,75,0,175,160,15,0,4,0,0,0,235,160,15,60,0,0,0,0,4100,435,350,65,0,0,0,0,15,365,225,50,0,0,0,90,0,605,515,15,0,10,0,65,4,495,415,65,0,0,0,15,0,2200,1870,95,10,0,0,165,60,90,90,55,20,15,0,0,0,0,0,0,0,0,0,0,0,0,0,0,0,0,0,0,0,0,0,0,0,0,0,0,0,0,0,0,0,0,0,0,0,0,569,551,403,183,158,82,31,24,31,78,31,251,205,48,31,23,31,92,19,271,225,16,36,30,31,110,31,162,130,19,31,69,31,22,4,159,152,29,15,4,31,44,31,577,139,121,53,31,31,31,31,31,222,182,40,4,11,31,115,24,323,279,90,31,9,31,146,31,282,241,74,31,48,31,51,2,547,518,105,27,84,31,176,68,113,113,105,31,31,31,31,24,31,31,31,31,31,31,31,31,31,31,31,31,31,31,31,31,31,31,31,31,31,31,31,31,31,31,31,31,31,31,31,31,31,463,352,249,198,126,31,31,31,84,4,192,160,60,16,31,31,74,31,205,193,63,20,31,31,65,31,102,98,27,31,2,31,31,31,107,89,24,63,31,31,31,31,430,146,132,64,31,31,31,31,18,139,93,39,31,31,31,93,31,165,149,16,31,15,31,77,3,170,162,57,31,31,31,25,31,287,293,48,18,31,31,95,63,66,66,47,35,34,31,31,31,31,31,31,31,31,31,31,31,31,31,31,31,31,31,31,31,31,31,31,31,31,31,31,31,31,31,31,31,31,31,31,31,31
2013thru2017,50,05000US48215,"Hidalgo County, Texas",48,215,232525,156950,48700,16015,925,0,50,0,0,14975,65,11525,685,0,130,15,0,10695,0,10150,650,0,40,25,0,9425,10,3470,210,0,40,0,0,3220,0,7540,445,65,165,0,0,6865,0,106850,3820,100,0,0,0,0,3725,0,11730,1135,0,0,0,0,10535,65,16310,2330,10,25,0,0,13940,0,11315,1800,70,60,0,0,9385,0,63670,10580,105,1320,100,15,51415,130,1400,1400,215,0,0,0,0,1185,0,0,0,0,0,0,0,0,0,0,0,0,0,0,0,0,0,0,0,0,0,0,0,0,0,0,0,0,0,0,0,0,0,75575,41430,19675,590,15,80,0,0,18990,0,10720,385,30,50,0,0,10255,0,6605,510,15,220,0,0,5860,0,1920,205,10,55,0,20,1635,0,2515,340,0,40,60,0,2070,0,32285,3130,95,0,0,0,0,3035,0,3020,155,0,0,0,0,2865,0,6375,425,50,0,0,0,5900,0,3985,370,70,25,0,0,3500,15,15780,2675,180,565,45,0,12250,65,1860,1860,50,15,35,0,0,1765,0,0,0,0,0,0,0,0,0,0,0,0,0,0,0,0,0,0,0,0,0,0,0,0,0,0,0,0,0,0,0,0,0,1609,1971,1888,1048,230,31,49,31,31,1024,89,918,174,31,101,26,31,880,31,854,207,31,42,38,31,813,19,467,88,31,41,31,31,447,31,647,137,68,76,31,31,608,31,1940,488,74,31,31,31,31,471,31,819,246,31,31,31,31,777,62,949,351,21,25,31,31,895,31,932,285,69,83,31,31,932,31,1710,580,69,270,70,27,1594,90,284,284,89,31,31,31,31,270,31,31,31,31,31,31,31,31,31,31,31,31,31,31,31,31,31,31,31,31,31,31,31,31,31,31,31,31,31,31,31,31,31,1633,1469,1202,164,26,100,31,31,1193,31,872,155,42,66,31,31,863,31,734,161,28,150,31,31,725,31,394,137,15,72,31,34,348,31,478,150,31,43,85,31,474,31,1379,450,74,31,31,31,31,459,31,515,90,31,31,31,31,498,31,680,136,68,31,31,31,680,31,631,174,73,35,31,31,608,25,1068,482,113,161,59,31,974,69,327,327,47,23,43,31,31,318,31,31,31,31,31,31,31,31,31,31,31,31,31,31,31,31,31,31,31,31,31,31,31,31,31,31,31,31,31,31,31,31,31
2013thru2017,50,05000US48217,"Hill County, Texas",48,217,12675,9350,2125,520,335,30,0,30,0,110,20,410,340,20,0,0,0,50,0,505,340,4,0,4,0,145,10,165,145,0,0,0,0,15,4,525,330,10,0,0,0,170,15,7090,75,55,4,0,0,0,10,4,535,385,50,4,0,0,90,4,950,760,70,0,15,0,100,4,725,545,60,0,0,0,120,0,4800,4200,90,4,0,15,445,45,140,140,120,20,0,0,0,0,0,0,0,0,0,0,0,0,0,0,0,0,0,0,0,0,0,0,0,0,0,0,0,0,0,0,0,0,0,0,0,0,0,3325,1385,535,320,90,0,0,0,125,0,510,315,150,0,4,0,40,0,270,220,10,0,0,0,35,4,35,25,0,0,0,0,4,0,35,20,4,0,0,0,15,0,1915,85,80,4,0,0,0,0,0,135,120,10,0,0,0,4,0,465,265,40,0,0,0,140,25,230,195,4,0,0,0,30,0,1000,665,175,10,0,0,130,25,25,25,20,0,0,0,0,10,0,0,0,0,0,0,0,0,0,0,0,0,0,0,0,0,0,0,0,0,0,0,0,0,0,0,0,0,0,0,0,0,0,311,283,212,109,79,22,28,35,28,52,28,86,78,15,28,28,28,34,28,102,78,28,28,3,28,74,15,57,50,28,28,28,28,15,4,110,95,19,28,28,28,74,14,304,34,28,9,28,28,28,16,3,122,111,32,10,28,28,39,5,177,149,44,28,21,28,51,28,128,91,45,28,28,28,41,28,271,243,48,14,28,29,88,31,96,96,89,32,28,28,28,28,28,28,28,28,28,28,28,28,28,28,28,28,28,28,28,28,28,28,28,28,28,28,28,28,28,28,28,28,28,28,28,28,28,260,221,144,87,56,28,28,28,68,28,116,98,74,28,3,28,29,28,107,100,18,28,28,28,26,5,26,24,28,28,28,28,16,28,24,18,9,28,28,28,15,28,207,40,41,7,28,28,28,28,28,49,46,19,28,28,28,4,28,117,88,37,28,28,28,68,31,86,80,8,28,28,28,26,28,193,141,88,14,28,28,56,27,28,28,19,28,28,28,28,16,28,28,28,28,28,28,28,28,28,28,28,28,28,28,28,28,28,28,28,28,28,28,28,28,28,28,28,28,28,28,28,28,28
2013thru2017,50,05000US48219,"Hockley County, Texas",48,219,8065,5535,1020,250,150,10,0,0,0,85,0,225,110,25,0,0,0,90,0,285,180,0,0,0,0,100,0,85,60,4,0,0,0,20,0,180,135,0,0,0,0,45,0,4485,120,50,0,0,0,0,70,0,300,125,4,0,0,0,165,4,625,335,15,0,0,0,275,4,520,315,0,0,0,0,200,0,2920,2025,40,0,20,0,820,15,25,25,15,0,0,0,0,10,0,0,0,0,0,0,0,0,0,0,0,0,0,0,0,0,0,0,0,0,0,0,0,0,0,0,0,0,0,0,0,0,0,2530,840,320,200,0,0,4,0,115,0,260,135,50,0,0,0,75,0,215,105,0,0,0,0,110,0,10,4,0,0,0,0,4,0,35,15,0,0,0,0,20,0,1595,145,35,35,0,0,0,75,0,220,55,70,0,0,0,90,4,325,90,0,0,0,0,200,30,230,115,10,0,0,0,105,0,675,310,20,0,0,0,345,0,95,95,65,0,0,0,0,25,0,0,0,0,0,0,0,0,0,0,0,0,0,0,0,0,0,0,0,0,0,0,0,0,0,0,0,0,0,0,0,0,0,225,220,133,71,49,19,25,25,25,51,25,80,56,40,25,25,25,50,25,90,72,25,25,25,25,48,25,48,38,7,25,25,25,24,25,59,51,25,25,25,25,33,25,239,69,52,25,25,25,25,41,25,74,42,3,25,25,25,65,12,110,87,23,25,25,25,77,2,96,75,25,25,25,25,63,25,225,147,37,25,20,25,147,21,18,18,12,25,25,25,25,18,25,25,25,25,25,25,25,25,25,25,25,25,25,25,25,25,25,25,25,25,25,25,25,25,25,25,25,25,25,25,25,25,25,267,178,121,97,25,25,9,25,65,25,102,78,47,25,25,25,49,25,86,59,25,25,25,25,66,25,14,13,25,25,25,25,3,25,27,20,25,25,25,25,21,25,218,76,28,44,25,25,25,65,25,121,56,80,25,25,25,56,25,99,45,25,25,25,25,87,42,90,53,17,25,25,25,69,25,148,79,29,25,25,25,127,25,72,72,67,25,25,25,25,29,25,25,25,25,25,25,25,25,25,25,25,25,25,25,25,25,25,25,25,25,25,25,25,25,25,25,25,25,25,25,25,25,25
2013thru2017,50,05000US48221,"Hood County, Texas",48,221,21525,16375,2925,790,730,0,0,0,0,60,0,525,440,0,0,15,0,60,10,695,605,0,0,4,0,90,0,220,220,0,0,0,0,0,0,695,640,0,0,45,0,10,0,13190,200,195,0,0,0,0,4,0,800,725,0,0,0,0,70,0,1990,1765,0,20,0,0,185,20,1195,1175,0,0,0,0,20,0,9005,8440,15,25,40,0,430,60,260,260,240,0,0,0,0,20,0,0,0,0,0,0,0,0,0,0,0,0,0,0,0,0,0,0,0,0,0,0,0,0,0,0,0,0,0,0,0,0,0,5155,2585,750,675,40,0,0,0,35,0,890,735,10,0,0,0,125,15,690,590,0,0,0,0,70,25,55,55,0,0,0,0,0,0,200,190,0,0,0,0,10,0,2500,155,150,0,0,0,0,4,0,145,145,0,0,0,0,0,0,575,455,0,15,0,0,100,0,365,300,0,0,0,0,50,15,1265,1005,10,4,0,0,245,0,70,70,50,0,0,0,0,20,0,0,0,0,0,0,0,0,0,0,0,0,0,0,0,0,0,0,0,0,0,0,0,0,0,0,0,0,0,0,0,0,0,461,503,330,222,212,31,31,31,31,55,31,158,139,31,31,32,31,67,19,187,170,31,31,3,31,81,31,110,110,31,31,31,31,31,31,184,168,31,31,66,31,25,31,516,109,108,31,31,31,31,19,31,227,212,31,31,31,31,69,31,351,322,31,34,31,31,121,30,228,233,31,31,31,31,28,31,523,523,34,27,49,31,177,54,144,144,141,31,31,31,31,35,31,31,31,31,31,31,31,31,31,31,31,31,31,31,31,31,31,31,31,31,31,31,31,31,31,31,31,31,31,31,31,31,31,443,385,202,199,60,31,31,31,38,31,226,206,19,31,31,31,118,28,167,154,31,31,31,31,64,37,50,50,31,31,31,31,31,31,101,103,31,31,31,31,15,31,352,124,123,31,31,31,31,11,31,81,81,31,31,31,31,31,31,194,171,31,32,31,31,77,31,129,117,31,31,31,31,64,30,268,207,21,2,31,31,161,31,51,51,41,31,31,31,31,33,31,31,31,31,31,31,31,31,31,31,31,31,31,31,31,31,31,31,31,31,31,31,31,31,31,31,31,31,31,31,31,31,31
2013thru2017,50,05000US48223,"Hopkins County, Texas",48,223,13285,9210,1655,350,250,75,0,0,0,25,0,425,335,10,4,0,0,65,15,445,310,4,0,0,0,135,0,130,95,10,0,0,0,15,4,305,235,4,4,0,0,50,10,7530,120,115,0,0,0,0,4,0,450,325,55,0,0,0,65,4,1065,885,25,10,0,0,125,25,695,535,75,0,0,0,85,0,5195,4620,155,30,4,0,340,50,25,25,25,0,0,0,0,0,0,0,0,0,0,0,0,0,0,0,0,0,0,0,0,0,0,0,0,0,0,0,0,0,0,0,0,0,0,0,0,0,0,4080,1815,700,495,85,0,0,0,115,0,565,315,105,0,10,0,125,10,500,295,65,0,15,0,130,0,15,4,0,4,0,0,4,0,40,20,0,10,0,0,4,0,2200,120,105,10,0,0,0,0,4,200,145,15,0,0,0,4,35,400,220,65,0,0,0,75,45,360,205,115,0,0,0,30,10,1120,920,95,0,0,4,95,10,65,65,65,0,0,0,0,0,0,0,0,0,0,0,0,0,0,0,0,0,0,0,0,0,0,0,0,0,0,0,0,0,0,0,0,0,0,0,0,0,0,271,294,202,96,70,56,28,28,28,23,28,111,105,18,28,28,28,36,21,114,95,8,28,28,28,69,28,76,68,21,28,28,28,23,17,93,78,2,17,28,28,48,16,307,56,56,28,28,28,28,2,28,118,89,31,28,28,28,48,14,166,157,25,16,28,28,54,36,155,125,51,28,28,28,57,28,244,247,73,22,8,28,97,45,24,24,24,28,28,28,28,28,28,28,28,28,28,28,28,28,28,28,28,28,28,28,28,28,28,28,28,28,28,28,28,28,28,28,28,28,28,28,28,28,28,301,239,175,130,81,28,28,28,85,28,144,94,66,28,16,28,90,16,152,101,64,28,18,28,78,28,18,11,28,1,28,28,5,28,27,24,28,15,28,28,9,28,222,86,87,17,28,28,28,28,3,89,71,24,28,28,28,9,38,114,91,47,28,28,28,55,42,128,91,73,28,28,28,29,18,154,161,62,28,28,8,64,17,56,56,56,28,28,28,28,28,28,28,28,28,28,28,28,28,28,28,28,28,28,28,28,28,28,28,28,28,28,28,28,28,28,28,28,28,28,28,28,28,28
2013thru2017,50,05000US48225,"Houston County, Texas",48,225,8330,5720,1165,360,215,95,0,0,0,40,10,305,195,90,0,0,0,20,0,280,135,60,15,0,0,35,35,55,20,25,0,0,0,10,0,170,160,0,0,0,0,0,4,4425,120,65,55,0,0,0,0,0,435,330,80,0,0,0,15,4,845,660,165,0,0,0,10,10,570,430,100,0,0,0,40,0,2450,2060,325,0,0,0,50,20,130,130,105,25,0,0,0,0,0,0,0,0,0,0,0,0,0,0,0,0,0,0,0,0,0,0,0,0,0,0,0,0,0,0,0,0,0,0,0,0,0,2605,1535,700,190,440,0,0,0,75,0,590,245,200,0,4,0,140,0,215,60,115,10,0,0,25,0,15,0,15,0,0,0,0,0,15,15,0,0,0,0,0,0,1045,75,40,30,0,0,0,4,0,170,100,60,4,0,0,0,0,220,90,100,0,0,0,30,0,170,120,30,0,0,0,20,0,415,370,35,0,0,0,10,0,30,30,10,20,0,0,0,0,0,0,0,0,0,0,0,0,0,0,0,0,0,0,0,0,0,0,0,0,0,0,0,0,0,0,0,0,0,0,0,0,0,239,250,217,116,79,51,25,25,25,58,15,119,92,64,25,25,25,35,25,106,72,49,22,25,25,36,47,45,27,30,25,25,25,17,25,74,70,25,25,25,25,25,17,262,58,41,44,25,25,25,25,25,128,103,53,25,25,25,29,15,200,178,77,25,25,25,15,16,147,114,60,25,25,25,43,25,212,196,90,25,25,25,39,32,71,71,62,37,25,25,25,25,25,25,25,25,25,25,25,25,25,25,25,25,25,25,25,25,25,25,25,25,25,25,25,25,25,25,25,25,25,25,25,25,25,248,229,176,107,139,25,25,25,67,25,156,87,93,25,13,25,78,25,108,50,77,16,25,25,44,25,25,25,25,25,25,25,25,25,15,15,25,25,25,25,25,25,196,51,35,37,25,25,25,9,25,81,63,46,18,25,25,25,25,99,46,75,25,25,25,36,25,86,79,29,25,25,25,35,25,144,139,40,25,25,25,15,25,28,28,14,27,25,25,25,25,25,25,25,25,25,25,25,25,25,25,25,25,25,25,25,25,25,25,25,25,25,25,25,25,25,25,25,25,25,25,25,25,25
2013thru2017,50,05000US48227,"Howard County, Texas",48,227,11030,7510,1195,500,250,50,0,0,0,205,0,130,80,0,0,10,0,40,4,245,200,4,0,0,0,10,25,110,40,0,0,0,0,20,50,210,140,10,25,10,0,20,0,6280,110,55,20,0,0,0,35,0,365,250,10,0,10,0,90,0,1175,640,10,0,0,0,490,35,605,360,55,0,0,0,190,0,4025,3110,90,45,25,0,675,85,30,30,25,0,0,0,0,4,0,0,0,0,0,0,0,0,0,0,0,0,0,0,0,0,0,0,0,0,0,0,0,0,0,0,0,0,0,0,0,0,0,3525,1390,400,180,110,0,0,0,110,0,475,175,90,0,0,0,210,0,360,180,0,0,0,0,155,25,55,50,0,0,0,0,4,0,100,65,0,0,0,0,35,0,2075,295,140,75,0,0,0,75,0,225,125,0,0,0,0,100,0,335,115,0,15,0,0,165,40,165,115,40,0,0,0,10,0,1055,715,100,0,10,0,230,0,55,55,15,0,0,0,0,25,15,0,0,0,0,0,0,0,0,0,0,0,0,0,0,0,0,0,0,0,0,0,0,0,0,0,0,0,0,0,0,0,0,350,315,191,145,81,63,28,28,28,97,28,51,32,28,28,15,28,40,16,92,89,17,28,28,28,19,38,73,27,28,28,28,28,18,67,82,68,16,37,15,28,20,28,337,57,36,31,28,28,28,28,28,105,97,16,28,19,28,50,28,177,129,16,28,28,28,128,27,126,84,55,28,28,28,74,28,284,267,51,46,23,28,138,53,29,29,26,28,28,28,28,15,28,28,28,28,28,28,28,28,28,28,28,28,28,28,28,28,28,28,28,28,28,28,28,28,28,28,28,28,28,28,28,28,28,388,261,147,76,117,28,28,28,56,28,207,80,120,28,28,28,96,28,151,105,28,28,28,28,96,38,59,58,28,28,28,28,12,28,58,47,28,28,28,28,35,28,280,150,77,124,28,28,28,72,28,82,82,28,28,28,28,63,28,129,61,28,24,28,28,88,53,81,54,51,28,28,28,18,28,215,168,87,28,18,28,93,28,59,59,28,28,28,28,28,39,28,28,28,28,28,28,28,28,28,28,28,28,28,28,28,28,28,28,28,28,28,28,28,28,28,28,28,28,28,28,28,28,28
2013thru2017,50,05000US48229,"Hudspeth County, Texas",48,229,890,665,185,125,10,0,0,0,0,115,0,20,4,0,0,0,0,15,0,15,4,0,0,0,0,10,0,15,0,0,0,0,0,15,0,10,4,0,0,0,0,4,0,465,10,4,0,0,0,0,4,0,100,10,0,0,0,0,90,0,165,45,0,0,0,0,120,0,35,15,4,0,0,0,15,0,155,70,0,4,0,0,80,4,15,15,10,0,0,0,0,4,0,0,0,0,0,0,0,0,0,0,0,0,0,0,0,0,0,0,0,0,0,0,0,0,0,0,0,0,0,0,0,0,0,225,75,35,10,0,0,0,0,30,0,25,15,0,0,0,0,10,0,0,0,0,0,0,0,0,0,10,10,0,0,0,0,0,0,4,4,0,0,0,0,0,0,150,40,0,0,0,0,0,40,0,4,0,0,0,0,0,4,0,15,10,0,0,0,0,4,0,25,0,0,0,0,0,25,0,65,50,0,0,0,0,10,4,0,0,0,0,0,0,0,0,0,0,0,0,0,0,0,0,0,0,0,0,0,0,0,0,0,0,0,0,0,0,0,0,0,0,0,0,0,0,0,0,0,109,94,64,62,13,13,13,13,13,61,13,19,7,13,13,13,13,18,13,15,7,13,13,13,13,12,13,19,13,13,13,13,13,19,13,14,8,13,13,13,13,10,13,86,15,13,13,13,13,13,4,13,45,18,13,13,13,13,44,13,62,27,13,13,13,13,61,13,20,17,2,13,13,13,19,13,58,34,13,10,13,13,41,5,17,17,16,13,13,13,13,18,13,13,13,13,13,13,13,13,13,13,13,13,13,13,13,13,13,13,13,13,13,13,13,13,13,13,13,13,13,13,13,13,13,65,36,27,14,13,13,13,13,24,13,20,16,13,13,13,13,14,13,13,13,13,13,13,13,13,13,15,15,13,13,13,13,13,13,5,5,13,13,13,13,13,13,52,30,13,13,13,13,13,30,13,6,13,13,13,13,13,6,13,20,19,13,13,13,13,4,13,27,13,13,13,13,13,27,13,31,27,13,13,13,13,21,4,13,13,13,13,13,13,13,13,13,13,13,13,13,13,13,13,13,13,13,13,13,13,13,13,13,13,13,13,13,13,13,13,13,13,13,13,13,13,13,13,13
2013thru2017,50,05000US48231,"Hunt County, Texas",48,231,31780,22145,5190,1985,1570,140,20,0,0,220,40,1320,980,65,0,10,0,260,0,1040,795,55,4,10,0,170,0,305,265,0,0,4,0,40,0,540,405,10,0,0,0,125,0,16795,525,410,80,4,0,0,30,0,1930,1475,95,0,4,0,325,40,2590,2090,185,10,4,0,270,30,2080,1695,110,30,0,0,195,50,9670,8620,265,15,110,0,620,40,160,160,125,4,0,0,0,30,0,0,0,0,0,0,0,0,0,0,0,0,0,0,0,0,0,0,0,0,0,0,0,0,0,0,0,0,0,0,0,0,0,9635,4670,2690,1810,555,20,20,0,270,10,1380,940,225,30,0,4,170,10,445,295,85,0,0,0,65,0,90,75,0,0,0,0,4,10,65,40,0,0,0,0,15,10,4670,445,305,125,0,10,0,10,0,395,215,85,4,0,0,90,0,1305,1010,205,10,4,0,70,4,700,525,170,0,0,0,0,0,1825,1485,135,15,75,0,75,35,295,295,120,65,75,15,0,15,0,0,0,0,0,0,0,0,0,0,0,0,0,0,0,0,0,0,0,0,0,0,0,0,0,0,0,0,0,0,0,0,0,489,522,437,277,257,76,26,31,31,86,34,220,175,47,31,17,31,104,31,239,195,55,14,19,31,101,31,109,101,31,31,3,31,40,31,154,127,18,31,31,31,90,31,570,143,120,52,3,31,31,28,31,226,189,52,31,1,31,138,28,292,247,94,16,9,31,129,34,288,258,72,36,31,31,95,49,542,519,87,21,78,31,159,24,81,81,67,4,31,31,31,47,31,31,31,31,31,31,31,31,31,31,31,31,31,31,31,31,31,31,31,31,31,31,31,31,31,31,31,31,31,31,31,31,31,584,469,357,314,142,26,25,31,139,17,247,195,129,31,31,12,83,15,143,122,67,31,31,31,43,31,56,51,31,31,31,31,8,13,51,36,31,31,31,31,26,16,484,141,132,71,31,20,31,14,31,128,77,60,14,31,31,63,31,281,238,100,22,11,31,71,2,176,153,107,31,31,31,31,31,295,249,73,26,97,31,76,44,129,129,81,77,26,31,31,26,31,31,31,31,31,31,31,31,31,31,31,31,31,31,31,31,31,31,31,31,31,31,31,31,31,31,31,31,31,31,31,31,31
2013thru2017,50,05000US48233,"Hutchinson County, Texas",48,233,7800,6200,1070,365,245,0,10,0,0,115,0,235,175,0,0,0,0,40,20,175,145,0,0,0,4,25,0,100,80,0,0,4,0,20,0,190,90,10,4,0,0,90,0,5100,150,110,0,0,0,0,40,0,400,290,0,0,45,0,65,0,675,515,0,4,0,0,155,4,580,490,0,4,0,0,80,4,3290,2965,10,4,30,0,270,10,35,35,30,0,0,0,0,0,4,0,0,0,0,0,0,0,0,0,0,0,0,0,0,0,0,0,0,0,0,0,0,0,0,0,0,0,0,0,0,0,0,1595,595,290,165,40,4,0,0,65,15,150,95,25,0,0,0,30,0,100,50,0,4,0,0,45,4,25,15,0,0,0,0,10,0,30,30,0,0,0,0,0,0,975,230,200,0,0,25,0,4,0,90,65,0,0,0,0,25,0,175,140,10,0,0,0,25,0,105,80,15,0,0,0,10,0,375,260,15,4,0,0,70,20,25,25,10,0,0,0,0,0,15,0,0,0,0,0,0,0,0,0,0,0,0,0,0,0,0,0,0,0,0,0,0,0,0,0,0,0,0,0,0,0,0,293,292,199,107,87,25,14,25,25,59,25,88,69,25,25,25,25,41,24,81,75,25,25,25,8,29,25,55,51,25,25,4,25,22,25,97,75,14,3,25,25,53,25,286,69,49,25,25,25,25,46,25,89,72,25,25,54,25,41,25,133,109,25,10,25,25,81,3,141,131,25,5,25,25,42,13,249,218,15,9,34,25,103,16,24,24,23,25,25,25,25,25,10,25,25,25,25,25,25,25,25,25,25,25,25,25,25,25,25,25,25,25,25,25,25,25,25,25,25,25,25,25,25,25,25,224,137,95,62,51,10,25,25,44,25,73,61,37,25,25,25,36,25,73,48,25,1,25,25,52,25,26,19,25,25,25,25,20,25,32,32,25,25,25,25,25,25,169,96,92,25,25,34,25,4,25,55,47,25,25,25,25,33,25,75,74,13,25,25,25,24,25,54,49,19,25,25,25,17,25,105,86,22,9,25,25,61,24,24,24,17,25,25,25,25,25,19,25,25,25,25,25,25,25,25,25,25,25,25,25,25,25,25,25,25,25,25,25,25,25,25,25,25,25,25,25,25,25,25
2013thru2017,50,05000US48235,"Irion County, Texas",48,235,650,515,100,45,45,0,0,0,0,0,0,10,4,0,0,0,0,0,4,15,15,0,0,0,0,0,0,4,4,0,0,0,0,0,0,25,20,0,0,0,0,4,0,415,15,15,0,0,0,0,0,0,35,35,0,0,0,0,0,0,50,40,0,0,0,0,10,0,10,10,0,0,0,0,0,0,310,245,0,0,0,0,60,0,0,0,0,0,0,0,0,0,0,0,0,0,0,0,0,0,0,0,0,0,0,0,0,0,0,0,0,0,0,0,0,0,0,0,0,0,0,0,0,0,0,135,55,25,10,15,0,0,0,0,0,10,0,0,0,0,0,10,0,4,4,0,0,0,0,0,0,0,0,0,0,0,0,0,0,15,10,0,0,0,0,4,0,75,0,0,0,0,0,0,0,0,4,4,0,0,0,0,0,0,30,30,0,0,0,0,0,0,0,0,0,0,0,0,0,0,40,40,0,0,0,0,0,0,0,0,0,0,0,0,0,0,0,0,0,0,0,0,0,0,0,0,0,0,0,0,0,0,0,0,0,0,0,0,0,0,0,0,0,0,0,0,0,0,0,66,62,35,29,29,13,13,13,13,13,13,14,1,13,13,13,13,13,10,19,19,13,13,13,13,13,13,10,10,13,13,13,13,13,13,18,17,13,13,13,13,11,13,56,19,19,13,13,13,13,13,13,23,23,13,13,13,13,13,13,23,19,13,13,13,13,13,13,8,8,13,13,13,13,13,13,58,53,13,13,13,13,35,13,13,13,13,13,13,13,13,13,13,13,13,13,13,13,13,13,13,13,13,13,13,13,13,13,13,13,13,13,13,13,13,13,13,13,13,13,13,13,13,13,13,50,32,22,15,17,13,13,13,13,13,15,13,13,13,13,13,15,13,15,15,13,13,13,13,13,13,13,13,13,13,13,13,13,13,17,13,13,13,13,13,7,13,34,13,13,13,13,13,13,13,13,15,15,13,13,13,13,13,13,22,22,13,13,13,13,13,13,13,13,13,13,13,13,13,13,27,27,13,13,13,13,13,13,13,13,13,13,13,13,13,13,13,13,13,13,13,13,13,13,13,13,13,13,13,13,13,13,13,13,13,13,13,13,13,13,13,13,13,13,13,13,13,13,13
2013thru2017,50,05000US48237,"Jack County, Texas",48,237,3075,2525,455,145,130,10,0,0,0,0,4,120,60,0,0,0,0,60,0,120,85,0,0,0,0,30,4,25,15,10,0,0,0,0,0,50,25,0,0,0,0,20,0,2070,15,15,0,0,0,0,0,0,185,180,0,0,0,0,10,0,295,260,4,0,0,0,30,0,175,165,0,0,0,0,4,0,1400,1350,0,4,4,0,40,4,0,0,0,0,0,0,0,0,0,0,0,0,0,0,0,0,0,0,0,0,0,0,0,0,0,0,0,0,0,0,0,0,0,0,0,0,0,0,0,0,0,550,150,50,45,0,0,4,0,4,0,45,30,0,0,10,0,10,0,50,50,0,0,0,0,0,0,4,4,0,0,0,0,0,0,0,0,0,0,0,0,0,0,375,35,35,0,0,0,0,0,0,60,45,0,0,0,0,15,0,110,75,10,0,0,0,25,0,45,45,0,0,0,0,0,0,130,115,4,0,10,0,0,0,25,25,25,0,0,0,0,0,0,0,0,0,0,0,0,0,0,0,0,0,0,0,0,0,0,0,0,0,0,0,0,0,0,0,0,0,0,0,0,0,0,184,186,111,61,60,17,19,19,19,19,9,69,44,19,19,19,19,53,19,51,44,19,19,19,19,29,1,22,18,13,19,19,19,19,19,36,21,19,19,19,19,27,19,180,16,16,19,19,19,19,19,19,80,80,19,19,19,19,13,19,90,85,2,19,19,19,33,19,68,64,19,19,19,19,13,19,161,154,19,8,6,19,27,5,19,19,19,19,19,19,19,19,19,19,19,19,19,19,19,19,19,19,19,19,19,19,19,19,19,19,19,19,19,19,19,19,19,19,19,19,19,19,19,19,19,133,56,31,29,19,19,5,19,5,19,35,27,19,19,15,19,22,19,41,41,19,19,19,19,19,19,7,7,19,19,19,19,19,19,19,19,19,19,19,19,19,19,118,25,25,19,19,19,19,19,19,38,30,19,19,19,19,23,19,66,50,15,19,19,19,38,19,33,33,19,19,19,19,19,19,74,71,10,19,15,19,19,19,40,40,40,19,19,19,19,19,19,19,19,19,19,19,19,19,19,19,19,19,19,19,19,19,19,19,19,19,19,19,19,19,19,19,19,19,19,19,19,19,19
2013thru2017,50,05000US48239,"Jackson County, Texas",48,239,5230,3650,630,235,165,0,0,0,0,70,0,95,40,0,0,0,0,50,0,85,60,15,0,0,0,15,0,70,55,10,0,0,0,0,0,150,100,40,0,0,0,10,0,2980,60,60,0,0,0,0,0,0,240,180,0,0,0,0,55,0,345,205,25,0,0,0,115,0,340,290,25,0,0,0,20,0,1995,1545,70,4,0,0,380,0,40,40,15,15,0,0,0,10,0,0,0,0,0,0,0,0,0,0,0,0,0,0,0,0,0,0,0,0,0,0,0,0,0,0,0,0,0,0,0,0,0,1580,600,290,100,100,0,0,0,90,0,160,50,4,0,0,0,100,0,95,25,40,0,0,0,30,0,35,20,0,10,0,0,0,0,20,4,0,0,0,0,20,0,985,70,55,0,0,0,0,15,0,100,60,4,0,0,0,35,0,235,150,0,0,0,0,85,0,80,35,10,0,0,0,35,0,495,350,30,15,0,0,105,0,0,0,0,0,0,0,0,0,0,0,0,0,0,0,0,0,0,0,0,0,0,0,0,0,0,0,0,0,0,0,0,0,0,0,0,0,0,0,0,0,0,250,235,167,109,97,21,21,21,21,51,21,44,26,21,21,21,21,40,21,54,48,24,21,21,21,17,21,52,51,18,21,21,21,21,21,102,83,45,21,21,21,17,21,261,41,41,21,21,21,21,21,21,95,82,21,21,21,21,44,21,112,66,31,21,21,21,70,21,105,101,32,21,21,21,27,21,226,188,56,4,21,21,106,21,38,38,28,24,21,21,21,15,21,21,21,21,21,21,21,21,21,21,21,21,21,21,21,21,21,21,21,21,21,21,21,21,21,21,21,21,21,21,21,21,21,222,135,104,59,75,21,21,21,49,21,98,40,19,21,21,21,85,21,65,29,37,21,21,21,39,21,41,36,21,22,21,21,21,21,32,7,21,21,21,21,32,21,168,42,39,21,21,21,21,17,21,70,53,10,21,21,21,42,21,88,69,21,21,21,21,55,21,60,29,21,21,21,21,45,21,162,129,37,23,21,21,74,21,21,21,21,21,21,21,21,21,21,21,21,21,21,21,21,21,21,21,21,21,21,21,21,21,21,21,21,21,21,21,21,21,21,21,21,21,21,21,21,21,21
2013thru2017,50,05000US48241,"Jasper County, Texas",48,241,11975,8995,1365,445,320,105,0,0,0,20,0,350,240,65,0,20,0,20,0,330,285,10,0,0,0,20,10,60,40,20,0,0,0,0,0,180,175,0,0,0,0,0,4,7560,280,145,135,0,0,0,0,0,810,645,120,4,0,0,40,0,1105,875,60,0,0,0,170,0,765,665,75,0,0,0,15,15,4600,4190,250,25,25,0,70,45,70,70,55,15,0,0,0,0,0,0,0,0,0,0,0,0,0,0,0,0,0,0,0,0,0,0,0,0,0,0,0,0,0,0,0,0,0,0,0,0,0,2975,1285,435,210,220,0,0,0,0,4,495,265,195,0,0,0,40,0,285,95,155,0,0,0,35,0,40,40,0,0,0,0,0,0,35,25,0,0,0,0,10,0,1575,205,95,85,0,0,0,4,20,220,140,20,0,0,0,60,0,385,240,125,0,0,0,25,0,105,105,0,0,0,0,0,0,660,495,165,0,0,0,0,0,115,115,90,25,0,0,0,0,0,0,0,0,0,0,0,0,0,0,0,0,0,0,0,0,0,0,0,0,0,0,0,0,0,0,0,0,0,0,0,0,0,445,453,267,148,140,68,28,28,28,26,28,129,107,42,28,35,28,29,28,132,126,17,28,28,28,27,17,47,42,36,28,28,28,28,28,103,103,28,28,28,28,28,10,432,133,96,84,28,28,28,28,28,219,197,78,20,28,28,49,28,237,200,53,28,28,28,121,28,184,177,42,28,28,28,27,26,412,379,98,27,32,28,60,40,50,50,41,29,28,28,28,28,28,28,28,28,28,28,28,28,28,28,28,28,28,28,28,28,28,28,28,28,28,28,28,28,28,28,28,28,28,28,28,28,28,359,249,152,120,114,28,28,28,28,9,183,126,110,28,28,28,40,28,107,61,82,28,28,28,36,28,43,43,28,28,28,28,28,28,39,36,28,28,28,28,15,28,298,99,56,69,28,28,28,5,29,111,79,17,28,28,28,81,28,150,115,71,28,28,28,39,28,83,83,28,28,28,28,28,28,187,160,89,28,28,28,28,28,60,60,52,33,28,28,28,28,28,28,28,28,28,28,28,28,28,28,28,28,28,28,28,28,28,28,28,28,28,28,28,28,28,28,28,28,28,28,28,28,28
2013thru2017,50,05000US48243,"Jeff Davis County, Texas",48,243,1005,810,170,60,15,0,4,0,0,40,0,40,25,0,0,0,0,15,0,60,15,0,0,0,0,45,0,4,4,0,0,0,0,0,0,10,10,0,0,0,0,0,0,640,45,45,0,0,0,0,0,0,60,55,0,0,0,0,4,0,125,85,0,0,0,0,40,0,80,55,0,4,0,0,25,0,325,310,0,0,0,0,15,0,0,0,0,0,0,0,0,0,0,0,0,0,0,0,0,0,0,0,0,0,0,0,0,0,0,0,0,0,0,0,0,0,0,0,0,0,0,0,0,0,0,200,15,0,0,0,0,0,0,0,0,0,0,0,0,0,0,0,0,4,4,0,0,0,0,0,0,4,4,0,0,0,0,0,0,0,0,0,0,0,0,0,0,185,0,0,0,0,0,0,0,0,4,0,0,0,0,0,4,0,50,0,0,0,0,0,50,0,10,0,0,0,4,0,10,0,115,115,0,0,0,0,4,0,0,0,0,0,0,0,0,0,0,0,0,0,0,0,0,0,0,0,0,0,0,0,0,0,0,0,0,0,0,0,0,0,0,0,0,0,0,0,0,0,0,116,111,60,45,20,13,4,13,13,41,13,30,24,13,13,13,13,21,13,46,27,13,13,13,13,43,13,2,2,13,13,13,13,13,13,13,13,13,13,13,13,13,13,131,47,47,13,13,13,13,13,13,43,43,13,13,13,13,6,13,60,60,13,13,13,13,39,13,44,32,13,10,13,13,29,13,86,85,13,13,13,13,22,13,13,13,13,13,13,13,13,13,13,13,13,13,13,13,13,13,13,13,13,13,13,13,13,13,13,13,13,13,13,13,13,13,13,13,13,13,13,13,13,13,13,75,18,13,13,13,13,13,13,13,13,13,13,13,13,13,13,13,13,16,16,13,13,13,13,13,13,15,15,13,13,13,13,13,13,13,13,13,13,13,13,13,13,73,13,13,13,13,13,13,13,13,15,13,13,13,13,13,15,13,27,13,13,13,13,13,27,13,18,13,13,13,8,13,15,13,58,57,13,13,13,13,4,13,13,13,13,13,13,13,13,13,13,13,13,13,13,13,13,13,13,13,13,13,13,13,13,13,13,13,13,13,13,13,13,13,13,13,13,13,13,13,13,13,13
2013thru2017,50,05000US48245,"Jefferson County, Texas",48,245,94020,58180,11775,3475,1335,1230,160,0,0,715,40,2445,1260,655,105,10,10,405,0,2165,945,765,40,0,0,390,20,1260,600,450,70,0,0,145,0,2430,1330,480,230,0,0,355,30,45590,975,350,395,35,0,0,190,0,3150,1295,1130,70,15,0,640,0,6000,2650,2255,90,4,0,970,30,4795,2370,1315,60,0,0,1010,40,30670,20270,6415,840,20,15,2840,265,815,815,240,375,35,0,0,150,20,0,0,0,0,0,0,0,0,0,0,0,0,0,0,0,0,0,0,0,0,0,0,0,0,0,0,0,0,0,0,0,0,35840,15930,6050,1100,3890,155,40,0,740,125,5040,1310,2835,225,0,0,575,90,3280,1100,1670,45,0,0,395,70,820,335,430,10,0,0,40,0,745,195,365,95,0,0,90,0,18060,1105,405,620,4,0,0,45,25,1210,305,750,70,0,0,85,0,3245,1050,1480,85,0,0,615,15,2830,1055,1180,25,0,30,515,20,9670,4980,2665,275,0,0,1555,190,1850,1850,430,1145,105,0,0,160,10,0,0,0,0,0,0,0,0,0,0,0,0,0,0,0,0,0,0,0,0,0,0,0,0,0,0,0,0,0,0,0,0,984,1169,799,369,232,234,79,31,31,197,51,347,203,188,54,14,18,147,31,280,192,196,32,31,31,145,35,272,177,179,47,31,31,87,31,326,243,175,103,31,31,119,37,1041,191,134,122,24,31,31,82,31,387,247,223,62,22,31,156,31,516,319,344,54,9,31,178,24,442,325,245,45,31,31,218,37,920,721,500,186,31,26,355,127,177,177,95,135,31,31,31,101,18,31,31,31,31,31,31,31,31,31,31,31,31,31,31,31,31,31,31,31,31,31,31,31,31,31,31,31,31,31,31,31,31,890,805,624,203,493,75,56,31,223,96,578,260,461,92,31,31,176,75,405,240,316,33,31,31,152,68,241,160,188,21,31,31,25,31,230,106,157,58,31,31,76,31,919,183,163,163,15,31,31,43,36,234,136,212,56,31,31,58,31,390,225,314,59,31,31,208,24,436,288,285,28,31,41,186,34,802,514,411,124,31,31,379,119,302,302,146,259,63,31,31,96,13,31,31,31,31,31,31,31,31,31,31,31,31,31,31,31,31,31,31,31,31,31,31,31,31,31,31,31,31,31,31,31,31
2013thru2017,50,05000US48247,"Jim Hogg County, Texas",48,247,1585,1205,210,55,10,0,0,0,0,45,0,15,10,0,0,0,0,4,0,55,10,0,0,0,0,45,0,35,0,0,0,0,0,35,0,45,0,0,0,0,0,45,0,985,70,0,0,0,0,0,70,0,185,20,0,0,0,0,170,0,200,0,0,0,0,0,200,0,105,0,0,0,0,0,105,0,425,40,0,0,0,0,380,4,10,10,0,0,0,0,0,10,0,0,0,0,0,0,0,0,0,0,0,0,0,0,0,0,0,0,0,0,0,0,0,0,0,0,0,0,0,0,0,0,0,380,190,130,15,0,0,0,0,110,0,60,10,0,0,0,0,50,0,0,0,0,0,0,0,0,0,4,0,0,0,0,0,4,0,0,0,0,0,0,0,0,0,175,25,0,0,0,0,0,25,0,55,10,0,0,0,0,40,0,35,0,0,0,0,0,35,0,15,0,0,0,0,0,15,0,45,0,0,0,0,0,45,0,15,15,0,0,0,0,0,15,0,0,0,0,0,0,0,0,0,0,0,0,0,0,0,0,0,0,0,0,0,0,0,0,0,0,0,0,0,0,0,0,0,188,153,81,45,19,19,19,19,19,46,19,19,14,19,19,19,19,16,19,43,13,19,19,19,19,40,19,32,19,19,19,19,19,32,19,47,19,19,19,19,19,47,19,168,51,19,19,19,19,19,51,19,91,24,19,19,19,19,91,19,97,19,19,19,19,19,97,19,52,19,19,19,19,19,52,19,99,42,19,19,19,19,95,12,15,15,19,19,19,19,19,15,19,19,19,19,19,19,19,19,19,19,19,19,19,19,19,19,19,19,19,19,19,19,19,19,19,19,19,19,19,19,19,19,19,106,81,63,30,19,19,19,19,57,19,41,18,19,19,19,19,42,19,19,19,19,19,19,19,19,19,7,19,19,19,19,19,7,19,19,19,19,19,19,19,19,19,69,25,19,19,19,19,19,25,19,48,17,19,19,19,19,45,19,29,19,19,19,19,19,29,19,26,19,19,19,19,19,26,19,38,19,19,19,19,19,38,19,24,24,19,19,19,19,19,24,19,19,19,19,19,19,19,19,19,19,19,19,19,19,19,19,19,19,19,19,19,19,19,19,19,19,19,19,19,19,19,19,19
2013thru2017,50,05000US48249,"Jim Wells County, Texas",48,249,13615,9445,2160,640,50,0,0,0,0,590,0,380,90,0,0,0,0,285,0,585,195,0,0,0,0,390,0,275,60,15,0,0,0,200,0,280,4,0,0,0,0,275,0,7180,215,30,0,0,0,0,190,0,810,160,10,0,0,0,625,15,1025,240,0,0,0,0,785,0,535,75,0,0,0,0,460,0,4595,1320,0,30,0,0,3240,4,105,105,0,0,0,0,0,105,0,0,0,0,0,0,0,0,0,0,0,0,0,0,0,0,0,0,0,0,0,0,0,0,0,0,0,0,0,0,0,0,0,4165,1900,815,25,0,0,20,0,770,0,590,100,0,0,0,0,490,0,350,70,0,0,0,0,280,0,85,0,0,0,0,0,85,0,60,20,0,0,10,0,30,0,2170,335,30,15,0,0,0,290,0,240,100,0,0,0,0,135,0,360,0,0,0,0,0,360,0,240,30,0,90,0,0,120,0,995,210,0,0,0,15,770,0,95,95,0,0,0,0,0,95,0,0,0,0,0,0,0,0,0,0,0,0,0,0,0,0,0,0,0,0,0,0,0,0,0,0,0,0,0,0,0,0,0,362,405,332,190,40,28,28,28,28,183,28,152,67,28,28,28,28,131,28,176,105,28,28,28,28,142,28,124,52,26,28,28,28,111,28,114,3,28,28,28,28,113,28,444,86,27,28,28,28,28,82,28,195,110,21,28,28,28,167,25,217,105,28,28,28,28,185,28,163,50,28,28,28,28,151,28,405,217,28,47,28,28,344,16,80,80,28,28,28,28,28,80,28,28,28,28,28,28,28,28,28,28,28,28,28,28,28,28,28,28,28,28,28,28,28,28,28,28,28,28,28,28,28,28,28,414,320,231,36,28,28,38,28,232,28,168,80,28,28,28,28,145,28,176,63,28,28,28,28,151,28,80,28,28,28,28,28,80,28,56,35,28,28,19,28,36,28,382,140,37,37,28,28,28,143,28,143,101,28,28,28,28,95,28,158,28,28,28,28,28,158,28,132,27,28,115,28,28,73,28,252,121,28,28,28,25,237,28,80,80,28,28,28,28,28,80,28,28,28,28,28,28,28,28,28,28,28,28,28,28,28,28,28,28,28,28,28,28,28,28,28,28,28,28,28,28,28,28,28
2013thru2017,50,05000US48251,"Johnson County, Texas",48,251,55465,40980,8200,2095,1485,55,10,45,0,470,30,1910,1430,75,30,0,0,375,0,2240,1690,4,35,0,0,425,90,930,700,65,0,0,0,155,10,1020,875,0,0,4,0,125,15,32455,535,520,0,0,0,0,15,0,1580,1210,4,25,0,0,315,20,4195,3300,85,40,0,0,745,25,4255,3145,100,35,15,0,905,55,21885,19090,410,145,100,15,1910,220,330,330,225,0,10,0,0,90,0,0,0,0,0,0,0,0,0,0,0,0,0,0,0,0,0,0,0,0,0,0,0,0,0,0,0,0,0,0,0,0,0,14485,6330,2005,1395,135,35,0,0,430,4,2185,1435,65,0,35,20,600,30,1690,1210,160,10,0,10,270,30,215,175,0,0,0,0,15,25,235,225,0,0,0,4,0,0,7845,335,280,4,0,0,0,50,0,645,480,0,0,0,0,165,4,1735,1195,35,25,0,25,455,0,1500,1185,30,0,10,0,255,20,3630,2910,215,4,0,40,455,0,315,315,195,0,0,0,0,95,25,0,0,0,0,0,0,0,0,0,0,0,0,0,0,0,0,0,0,0,0,0,0,0,0,0,0,0,0,0,0,0,0,614,923,680,340,253,46,21,53,31,203,28,361,291,62,46,31,31,190,31,390,303,9,46,31,31,170,77,221,181,98,31,31,31,86,17,211,200,31,31,5,31,78,21,919,161,159,31,31,31,31,21,31,271,205,12,28,31,31,167,24,391,348,63,44,31,31,190,28,456,417,73,43,24,31,247,49,834,720,178,80,56,21,341,92,153,153,98,31,20,31,31,118,31,31,31,31,31,31,31,31,31,31,31,31,31,31,31,31,31,31,31,31,31,31,31,31,31,31,31,31,31,31,31,31,31,854,711,335,262,89,53,31,31,167,14,372,282,73,31,33,31,190,39,363,286,149,17,31,18,150,35,137,127,31,31,31,31,24,40,118,120,31,31,31,16,31,31,661,123,121,2,31,31,31,37,31,189,162,31,31,31,31,82,4,303,218,29,41,31,30,213,31,275,254,38,31,14,31,122,26,440,352,148,19,31,37,172,31,136,136,111,31,31,31,31,77,41,31,31,31,31,31,31,31,31,31,31,31,31,31,31,31,31,31,31,31,31,31,31,31,31,31,31,31,31,31,31,31,31
2013thru2017,50,05000US48253,"Jones County, Texas",48,253,5635,4160,810,300,155,25,0,0,0,115,0,270,195,35,0,0,0,40,0,115,100,4,0,0,0,4,4,60,55,0,0,0,0,4,0,65,60,0,0,0,0,4,0,3345,75,40,0,0,0,0,30,0,225,190,10,0,0,0,20,0,380,230,20,0,0,0,120,10,455,415,4,0,0,0,30,4,2215,1840,35,0,4,0,330,0,4,4,4,0,0,0,0,4,0,0,0,0,0,0,0,0,0,0,0,0,0,0,0,0,0,0,0,0,0,0,0,0,0,0,0,0,0,0,0,0,0,1475,365,150,105,15,0,0,0,30,0,130,90,25,0,0,0,15,0,60,45,0,0,0,0,15,0,4,4,0,0,0,0,0,0,20,20,0,0,0,0,0,0,1090,95,95,0,0,0,0,0,0,130,90,4,0,0,0,35,4,155,125,4,0,0,0,15,10,200,145,0,0,0,0,60,0,505,420,4,0,0,0,80,4,20,20,10,0,0,0,0,4,10,0,0,0,0,0,0,0,0,0,0,0,0,0,0,0,0,0,0,0,0,0,0,0,0,0,0,0,0,0,0,0,0,333,272,196,112,67,27,21,21,21,93,21,115,96,36,21,21,21,44,21,63,61,4,21,21,21,3,9,36,36,21,21,21,21,20,21,44,45,21,21,21,21,13,21,281,47,35,21,21,21,21,31,21,81,77,17,21,21,21,28,21,106,73,15,21,21,21,67,13,127,127,10,21,21,21,29,12,265,249,30,21,9,21,109,21,11,11,5,21,21,21,21,6,21,21,21,21,21,21,21,21,21,21,21,21,21,21,21,21,21,21,21,21,21,21,21,21,21,21,21,21,21,21,21,21,21,229,107,90,85,24,21,21,21,25,21,79,72,27,21,21,21,23,21,47,47,21,21,21,21,18,21,3,3,21,21,21,21,21,21,30,30,21,21,21,21,21,21,205,67,67,21,21,21,21,21,21,88,74,4,21,21,21,41,3,103,94,10,21,21,21,23,17,119,100,21,21,21,21,49,21,170,163,9,21,21,21,58,5,34,34,13,21,21,21,21,18,15,21,21,21,21,21,21,21,21,21,21,21,21,21,21,21,21,21,21,21,21,21,21,21,21,21,21,21,21,21,21,21,21
2013thru2017,50,05000US48255,"Karnes County, Texas",48,255,4305,3200,560,240,100,4,4,0,0,125,0,90,25,0,0,0,0,60,0,100,50,4,0,0,0,45,0,30,10,0,0,0,0,20,0,105,45,0,0,0,0,65,0,2615,80,20,0,0,0,0,60,0,260,120,0,0,0,0,140,0,300,175,0,0,0,0,120,4,210,95,0,0,0,0,115,0,1765,1055,20,0,0,0,685,10,20,20,15,0,0,0,0,10,0,0,0,0,0,0,0,0,0,0,0,0,0,0,0,0,0,0,0,0,0,0,0,0,0,0,0,0,0,0,0,0,0,1105,400,135,50,20,0,0,0,65,0,100,20,0,0,0,0,80,0,65,25,0,0,0,0,35,0,90,30,35,0,0,0,25,0,10,0,0,0,0,0,10,0,700,130,25,4,0,0,0,100,0,50,35,0,0,0,0,10,0,80,45,0,0,0,0,35,0,100,20,0,0,0,0,85,0,340,170,0,0,0,0,170,0,4,4,0,0,0,0,0,4,0,0,0,0,0,0,0,0,0,0,0,0,0,0,0,0,0,0,0,0,0,0,0,0,0,0,0,0,0,0,0,0,0,274,256,129,95,54,4,16,21,21,66,21,53,24,21,21,21,21,54,21,48,34,5,21,21,21,35,21,31,12,21,21,21,21,30,21,56,28,21,21,21,21,49,21,236,36,28,21,21,21,21,35,21,86,53,21,21,21,21,60,21,85,60,21,21,21,21,57,8,87,44,21,21,21,21,71,21,198,125,29,21,21,21,134,17,18,18,14,21,21,21,21,14,21,21,21,21,21,21,21,21,21,21,21,21,21,21,21,21,21,21,21,21,21,21,21,21,21,21,21,21,21,21,21,21,21,171,102,53,32,28,21,21,21,36,21,51,17,21,21,21,21,48,21,37,29,21,21,21,21,28,21,78,45,55,21,21,21,30,21,13,21,21,21,21,21,13,21,144,79,27,2,21,21,21,72,21,44,39,21,21,21,21,15,21,38,29,21,21,21,21,24,21,63,18,21,21,21,21,58,21,90,60,21,21,21,21,71,21,7,7,21,21,21,21,21,7,21,21,21,21,21,21,21,21,21,21,21,21,21,21,21,21,21,21,21,21,21,21,21,21,21,21,21,21,21,21,21,21,21
2013thru2017,50,05000US48257,"Kaufman County, Texas",48,257,36525,28175,6910,1880,1195,220,0,35,0,420,10,1350,885,125,10,4,0,325,0,1935,1220,315,0,0,0,365,35,720,570,25,0,0,0,125,0,1020,785,145,10,10,0,75,0,21080,500,230,125,0,0,0,145,0,920,810,65,0,0,0,45,4,2880,2100,90,45,25,0,605,10,2220,1635,215,20,4,0,345,4,14560,11620,1090,175,45,45,1440,145,185,185,140,15,0,0,0,30,0,0,0,0,0,0,0,0,0,0,0,0,0,0,0,0,0,0,0,0,0,0,0,0,0,0,0,0,0,0,0,0,0,8350,3875,1680,890,435,15,0,0,325,15,1270,835,180,4,0,0,220,35,775,405,130,0,0,0,205,35,70,60,0,0,0,0,10,0,85,50,10,25,0,0,0,0,4300,300,235,25,0,0,0,20,20,330,185,55,0,0,0,90,0,1185,575,280,0,0,0,330,4,620,480,55,0,25,0,60,4,1860,1530,210,0,0,0,90,35,175,175,135,30,0,0,0,0,10,0,0,0,0,0,0,0,0,0,0,0,0,0,0,0,0,0,0,0,0,0,0,0,0,0,0,0,0,0,0,0,0,419,614,499,295,200,94,31,49,31,142,20,254,218,69,16,10,31,132,31,295,246,122,31,31,31,132,55,169,155,31,31,31,31,61,31,229,193,82,14,17,31,49,31,684,170,94,101,31,31,31,111,31,188,178,57,31,31,31,34,1,351,336,43,46,43,31,191,18,311,277,82,28,8,31,117,9,609,523,183,86,45,57,305,63,95,95,89,24,31,31,31,42,31,31,31,31,31,31,31,31,31,31,31,31,31,31,31,31,31,31,31,31,31,31,31,31,31,31,31,31,31,31,31,31,31,578,430,286,209,131,28,31,31,142,21,281,212,105,13,31,31,114,52,204,122,111,31,31,31,117,39,50,47,31,31,31,31,18,31,63,49,15,39,31,31,31,31,493,148,138,27,31,31,31,28,32,113,78,57,31,31,31,78,31,253,162,100,31,31,31,166,4,192,174,60,31,32,31,44,5,306,299,116,31,31,31,56,40,94,94,92,41,31,31,31,31,14,31,31,31,31,31,31,31,31,31,31,31,31,31,31,31,31,31,31,31,31,31,31,31,31,31,31,31,31,31,31,31,31
2013thru2017,50,05000US48259,"Kendall County, Texas",48,259,13690,9975,2275,495,410,0,10,0,0,75,0,475,385,0,0,0,0,90,0,340,325,0,0,0,0,15,0,350,315,0,0,0,0,35,0,610,570,0,0,0,0,35,10,7645,85,50,0,0,0,0,35,0,335,225,0,4,0,0,95,10,1020,780,0,0,0,0,235,4,630,485,10,0,0,0,140,0,5570,4885,10,20,0,0,585,70,60,60,50,0,0,0,0,10,0,0,0,0,0,0,0,0,0,0,0,0,0,0,0,0,0,0,0,0,0,0,0,0,0,0,0,0,0,0,0,0,0,3715,1590,530,465,0,0,0,0,65,0,535,385,4,0,0,0,120,25,255,125,4,0,0,0,125,0,95,95,0,0,0,0,0,0,170,170,0,0,0,0,0,0,2095,90,35,0,0,0,0,55,0,245,115,0,0,0,0,130,0,465,375,0,0,0,0,90,0,335,210,20,0,0,0,105,0,965,670,0,0,0,0,290,0,30,30,4,0,0,0,0,20,0,0,0,0,0,0,0,0,0,0,0,0,0,0,0,0,0,0,0,0,0,0,0,0,0,0,0,0,0,0,0,0,0,292,353,285,144,123,28,19,28,28,65,28,135,114,28,28,28,28,73,28,115,111,28,28,28,28,26,28,141,136,28,28,28,28,46,28,174,168,28,28,28,28,35,14,371,52,36,28,28,28,28,47,28,92,77,28,15,28,28,60,15,242,209,28,28,28,28,147,7,167,151,14,28,28,28,84,28,377,357,15,29,28,28,148,70,42,42,40,28,28,28,28,16,28,28,28,28,28,28,28,28,28,28,28,28,28,28,28,28,28,28,28,28,28,28,28,28,28,28,28,28,28,28,28,28,28,320,294,173,177,28,28,28,28,71,28,201,150,10,28,28,28,116,42,136,83,14,28,28,28,107,28,75,75,28,28,28,28,28,28,115,115,28,28,28,28,28,28,318,87,39,28,28,28,28,78,28,133,93,28,28,28,28,95,28,187,176,28,28,28,28,65,28,139,123,27,28,28,28,57,28,269,199,28,28,28,28,179,28,35,35,17,28,28,28,28,31,28,28,28,28,28,28,28,28,28,28,28,28,28,28,28,28,28,28,28,28,28,28,28,28,28,28,28,28,28,28,28,28,28
2013thru2017,50,05000US48261,"Kenedy County, Texas",48,261,150,45,0,0,0,0,0,0,0,0,0,0,0,0,0,0,0,0,0,0,0,0,0,0,0,0,0,0,0,0,0,0,0,0,0,0,0,0,0,0,0,0,0,45,20,4,0,0,0,0,15,0,4,0,0,0,0,0,4,0,0,0,0,0,0,0,0,0,0,0,0,0,0,0,0,0,15,4,0,0,0,0,10,0,0,0,0,0,0,0,0,0,0,0,0,0,0,0,0,0,0,0,0,0,0,0,0,0,0,0,0,0,0,0,0,0,0,0,0,0,0,0,0,0,0,110,25,15,0,0,0,0,0,15,0,0,0,0,0,0,0,0,0,4,0,0,0,0,0,4,0,0,0,0,0,0,0,0,0,4,0,0,0,0,0,4,0,85,0,0,0,0,0,0,0,0,25,0,0,0,0,0,25,0,10,10,0,0,0,0,0,0,25,0,0,0,0,0,25,0,20,4,0,0,0,0,15,0,0,0,0,0,0,0,0,0,0,0,0,0,0,0,0,0,0,0,0,0,0,0,0,0,0,0,0,0,0,0,0,0,0,0,0,0,0,0,0,0,0,51,26,13,13,13,13,13,13,13,13,13,13,13,13,13,13,13,13,13,13,13,13,13,13,13,13,13,13,13,13,13,13,13,13,13,13,13,13,13,13,13,13,13,26,16,13,13,13,13,13,17,13,13,13,13,13,13,13,13,13,13,13,13,13,13,13,13,13,13,13,13,13,13,13,13,13,15,2,13,13,13,13,15,13,13,13,13,13,13,13,13,13,13,13,13,13,13,13,13,13,13,13,13,13,13,13,13,13,13,13,13,13,13,13,13,13,13,13,13,13,13,13,13,13,13,45,21,19,13,13,13,13,13,19,13,13,13,13,13,13,13,13,13,6,13,13,13,13,13,6,13,13,13,13,13,13,13,13,13,15,13,13,13,13,13,15,13,44,13,13,13,13,13,13,13,13,28,13,13,13,13,13,28,13,22,22,13,13,13,13,13,13,24,13,13,13,13,13,24,13,19,4,13,13,13,13,18,13,13,13,13,13,13,13,13,13,13,13,13,13,13,13,13,13,13,13,13,13,13,13,13,13,13,13,13,13,13,13,13,13,13,13,13,13,13,13,13,13,13
2013thru2017,50,05000US48263,"Kent County, Texas",48,263,275,200,20,10,10,0,0,0,0,0,0,4,4,0,0,0,0,0,0,4,4,0,0,0,0,0,0,4,4,0,0,0,0,4,0,0,0,0,0,0,0,0,0,180,10,10,0,0,0,0,0,0,15,10,0,0,0,0,4,0,20,15,0,0,4,0,4,0,20,20,0,0,0,0,4,0,120,105,0,0,0,0,10,0,0,0,0,0,0,0,0,0,0,0,0,0,0,0,0,0,0,0,0,0,0,0,0,0,0,0,0,0,0,0,0,0,0,0,0,0,0,0,0,0,0,75,25,20,10,0,0,0,0,10,0,4,0,0,0,0,0,4,0,0,0,0,0,0,0,0,0,0,0,0,0,0,0,0,0,0,0,0,0,0,0,0,0,50,4,0,0,0,0,0,4,0,4,4,0,0,0,0,0,0,0,0,0,0,0,0,0,0,10,10,0,0,0,0,0,0,30,30,0,0,0,0,0,0,0,0,0,0,0,0,0,0,0,0,0,0,0,0,0,0,0,0,0,0,0,0,0,0,0,0,0,0,0,0,0,0,0,0,0,0,0,0,0,0,0,43,41,15,13,13,13,13,13,13,13,13,16,16,13,13,13,13,13,13,1,1,13,13,13,13,13,13,2,2,13,13,13,13,13,13,13,13,13,13,13,13,13,13,41,15,15,13,13,13,13,13,13,12,11,13,13,13,13,13,13,12,12,13,13,3,13,5,13,15,15,13,13,13,13,13,13,34,35,13,13,13,13,11,13,13,13,13,13,13,13,13,13,13,13,13,13,13,13,13,13,13,13,13,13,13,13,13,13,13,13,13,13,13,13,13,13,13,13,13,13,13,13,13,13,13,27,21,22,12,13,13,13,13,18,13,5,13,13,13,13,13,5,13,13,13,13,13,13,13,13,13,13,13,13,13,13,13,13,13,13,13,13,13,13,13,13,13,24,12,13,13,13,13,13,12,13,4,4,13,13,13,13,13,13,13,13,13,13,13,13,13,13,15,15,13,13,13,13,13,13,19,19,13,13,13,13,13,13,13,13,13,13,13,13,13,13,13,13,13,13,13,13,13,13,13,13,13,13,13,13,13,13,13,13,13,13,13,13,13,13,13,13,13,13,13,13,13,13,13
2013thru2017,50,05000US48265,"Kerr County, Texas",48,265,20580,14660,3105,730,560,30,4,0,0,135,0,735,505,15,4,0,0,210,0,565,400,0,0,0,0,130,35,290,230,0,0,0,0,60,0,790,680,4,0,0,0,90,15,11430,75,25,0,0,0,0,50,0,585,485,0,0,0,0,95,0,1415,1090,0,20,0,0,270,30,1360,1095,15,0,0,0,200,50,8000,7015,15,10,20,0,895,40,125,125,115,0,0,0,10,0,0,0,0,0,0,0,0,0,0,0,0,0,0,0,0,0,0,0,0,0,0,0,0,0,0,0,0,0,0,0,0,0,0,5920,2460,430,195,75,10,0,0,150,0,935,635,0,30,0,0,245,25,680,495,25,30,0,0,105,25,140,70,0,25,0,0,15,30,280,255,0,4,0,0,20,0,3420,75,75,0,0,0,0,0,0,135,130,0,0,0,0,4,4,790,485,30,0,0,0,275,0,605,380,40,0,0,0,165,25,1810,1265,30,90,0,0,405,20,40,40,40,0,0,0,0,0,0,0,0,0,0,0,0,0,0,0,0,0,0,0,0,0,0,0,0,0,0,0,0,0,0,0,0,0,0,0,0,0,0,440,517,371,241,186,45,18,31,31,112,31,197,157,21,4,31,31,126,31,161,135,31,31,31,31,75,45,123,102,31,31,31,31,65,31,177,164,5,31,31,31,67,32,527,56,26,31,31,31,31,50,31,178,157,31,31,31,31,85,31,272,238,31,33,31,31,117,48,211,190,29,31,31,31,90,68,503,467,26,17,35,31,181,45,80,80,78,31,31,31,16,31,31,31,31,31,31,31,31,31,31,31,31,31,31,31,31,31,31,31,31,31,31,31,31,31,31,31,31,31,31,31,31,31,31,495,379,161,82,73,14,31,31,99,31,264,211,31,50,31,31,136,30,247,202,30,37,31,31,95,33,77,58,31,39,31,31,27,24,114,108,31,18,31,31,34,31,407,70,70,31,31,31,31,31,31,97,97,31,31,31,31,4,7,226,158,39,31,31,31,149,31,211,163,56,31,31,31,94,37,335,268,46,113,31,31,146,22,43,43,43,31,31,31,31,31,31,31,31,31,31,31,31,31,31,31,31,31,31,31,31,31,31,31,31,31,31,31,31,31,31,31,31,31,31,31,31,31,31
2013thru2017,50,05000US48267,"Kimble County, Texas",48,267,1940,1460,320,110,55,0,0,0,0,50,0,65,40,0,0,0,0,25,0,75,75,0,0,0,0,0,0,20,20,0,0,0,0,4,0,45,45,0,0,4,0,0,0,1140,10,10,0,0,0,0,0,0,50,25,0,0,0,0,25,0,210,150,0,0,0,0,65,0,130,80,0,0,0,0,35,15,745,640,0,0,0,0,105,0,0,0,0,0,0,0,0,0,0,0,0,0,0,0,0,0,0,0,0,0,0,0,0,0,0,0,0,0,0,0,0,0,0,0,0,0,0,0,0,0,0,485,175,90,70,0,0,0,0,20,0,55,55,0,0,0,0,0,0,30,30,0,0,0,0,0,0,0,0,0,0,0,0,0,0,0,0,0,0,0,0,0,0,290,20,20,0,0,0,0,0,0,50,50,0,0,0,0,0,0,70,60,0,0,0,0,4,0,75,45,0,0,0,0,0,30,80,75,0,0,0,0,4,0,15,15,10,0,0,0,0,4,0,0,0,0,0,0,0,0,0,0,0,0,0,0,0,0,0,0,0,0,0,0,0,0,0,0,0,0,0,0,0,0,0,171,141,104,49,35,13,13,13,13,38,13,38,34,13,13,13,13,18,13,49,49,13,13,13,13,13,13,28,30,13,13,13,13,4,13,57,58,13,13,4,13,13,13,137,13,13,13,13,13,13,13,13,38,23,13,13,13,13,27,13,67,63,13,13,13,13,40,13,47,41,13,13,13,13,26,23,135,123,13,13,13,13,53,13,13,13,13,13,13,13,13,13,13,13,13,13,13,13,13,13,13,13,13,13,13,13,13,13,13,13,13,13,13,13,13,13,13,13,13,13,13,13,13,13,13,122,70,51,51,13,13,13,13,22,13,37,37,13,13,13,13,13,13,26,26,13,13,13,13,13,13,13,13,13,13,13,13,13,13,13,13,13,13,13,13,13,13,97,20,20,13,13,13,13,13,13,41,41,13,13,13,13,13,13,42,41,13,13,13,13,17,13,53,34,13,13,13,13,13,41,46,42,13,13,13,13,16,13,20,20,19,13,13,13,13,7,13,13,13,13,13,13,13,13,13,13,13,13,13,13,13,13,13,13,13,13,13,13,13,13,13,13,13,13,13,13,13,13,13
2013thru2017,50,05000US48269,"King County, Texas",48,269,100,20,0,0,0,0,0,0,0,0,0,0,0,0,0,0,0,0,0,0,0,0,0,0,0,0,0,0,0,0,0,0,0,0,0,0,0,0,0,0,0,0,0,20,0,0,0,0,0,0,0,0,4,4,0,0,0,0,0,0,4,4,0,0,0,0,0,0,4,4,0,0,0,0,0,0,10,10,0,0,0,0,0,0,0,0,0,0,0,0,0,0,0,0,0,0,0,0,0,0,0,0,0,0,0,0,0,0,0,0,0,0,0,0,0,0,0,0,0,0,0,0,0,0,0,80,15,4,4,0,0,0,0,0,0,0,0,0,0,0,0,0,0,10,10,0,0,0,0,0,0,4,0,0,0,0,0,4,0,0,0,0,0,0,0,0,0,65,4,0,0,0,0,0,4,0,4,4,0,0,0,0,4,0,15,15,0,0,0,0,4,0,4,4,0,0,0,0,4,0,40,40,0,0,0,0,0,0,0,0,0,0,0,0,0,0,0,0,0,0,0,0,0,0,0,0,0,0,0,0,0,0,0,0,0,0,0,0,0,0,0,0,0,0,0,0,0,0,0,25,12,13,13,13,13,13,13,13,13,13,13,13,13,13,13,13,13,13,13,13,13,13,13,13,13,13,13,13,13,13,13,13,13,13,13,13,13,13,13,13,13,13,12,13,13,13,13,13,13,13,13,13,13,13,13,13,13,13,13,1,1,13,13,13,13,13,13,4,4,13,13,13,13,13,13,10,10,13,13,13,13,13,13,13,13,13,13,13,13,13,13,13,13,13,13,13,13,13,13,13,13,13,13,13,13,13,13,13,13,13,13,13,13,13,13,13,13,13,13,13,13,13,13,13,24,15,3,3,13,13,13,13,13,13,13,13,13,13,13,13,13,13,13,13,13,13,13,13,13,13,8,13,13,13,13,13,8,13,13,13,13,13,13,13,13,13,21,13,13,13,13,13,13,13,13,8,4,13,13,13,13,3,13,14,13,13,13,13,13,1,13,13,13,13,13,13,13,5,13,17,17,13,13,13,13,13,13,13,13,13,13,13,13,13,13,13,13,13,13,13,13,13,13,13,13,13,13,13,13,13,13,13,13,13,13,13,13,13,13,13,13,13,13,13,13,13,13,13
2013thru2017,50,05000US48271,"Kinney County, Texas",48,271,1200,930,155,70,35,0,0,0,0,35,0,25,25,0,0,0,0,4,0,40,40,0,0,0,0,0,0,20,0,0,0,0,0,20,0,0,0,0,0,0,0,0,0,775,4,0,0,0,0,0,4,0,180,95,0,0,0,0,85,0,105,55,4,0,0,0,45,0,100,60,0,0,0,0,45,0,390,165,0,0,0,0,225,0,0,0,0,0,0,0,0,0,0,0,0,0,0,0,0,0,0,0,0,0,0,0,0,0,0,0,0,0,0,0,0,0,0,0,0,0,0,0,0,0,0,270,70,25,0,0,0,0,0,25,0,20,20,0,0,0,0,0,0,15,0,0,0,0,0,15,0,0,0,0,0,0,0,0,0,4,0,0,0,0,0,4,0,190,4,4,0,0,0,0,0,0,50,40,0,0,0,0,10,0,35,35,0,0,0,0,0,0,4,4,0,0,0,0,0,0,95,45,0,0,0,0,50,0,10,10,0,0,0,0,0,10,0,0,0,0,0,0,0,0,0,0,0,0,0,0,0,0,0,0,0,0,0,0,0,0,0,0,0,0,0,0,0,0,0,159,155,82,54,39,13,13,13,13,35,13,34,34,13,13,13,13,4,13,41,41,13,13,13,13,13,13,33,13,13,13,13,13,33,13,13,13,13,13,13,13,13,13,142,3,13,13,13,13,13,3,13,97,74,13,13,13,13,59,13,63,54,4,13,13,13,39,13,62,54,13,13,13,13,38,13,101,75,13,13,13,13,79,13,13,13,13,13,13,13,13,13,13,13,13,13,13,13,13,13,13,13,13,13,13,13,13,13,13,13,13,13,13,13,13,13,13,13,13,13,13,13,13,13,13,100,52,30,13,13,13,13,13,30,13,34,34,13,13,13,13,13,13,29,13,13,13,13,13,29,13,13,13,13,13,13,13,13,13,14,13,13,13,13,13,14,13,84,11,11,13,13,13,13,13,13,45,42,13,13,13,13,14,13,41,41,13,13,13,13,13,13,5,5,13,13,13,13,13,13,67,46,13,13,13,13,51,13,15,15,13,13,13,13,13,15,13,13,13,13,13,13,13,13,13,13,13,13,13,13,13,13,13,13,13,13,13,13,13,13,13,13,13,13,13,13,13,13,13
2013thru2017,50,05000US48273,"Kleberg County, Texas",48,273,10960,5810,1175,355,125,15,0,0,0,220,0,190,30,0,0,0,0,160,0,325,120,0,25,0,0,175,0,65,55,0,0,0,0,10,0,240,65,20,15,0,0,145,0,4595,50,0,0,15,0,0,35,0,370,140,0,0,0,0,230,0,435,145,10,0,15,0,245,20,430,120,15,0,0,0,295,0,3315,1015,65,40,0,0,2190,4,35,35,4,0,0,0,0,35,0,0,0,0,0,0,0,0,0,0,0,0,0,0,0,0,0,0,0,0,0,0,0,0,0,0,0,0,0,0,0,0,0,5150,2420,1030,165,105,20,0,0,730,0,600,75,15,0,0,0,475,40,545,105,0,10,25,0,405,0,75,0,0,0,0,0,50,25,170,40,0,20,0,0,115,0,2435,190,15,0,0,0,0,175,0,215,35,0,0,0,0,180,0,305,4,45,0,0,0,260,0,470,95,0,0,0,0,350,25,1255,550,40,20,0,0,625,15,295,295,0,60,65,0,0,170,0,0,0,0,0,0,0,0,0,0,0,0,0,0,0,0,0,0,0,0,0,0,0,0,0,0,0,0,0,0,0,0,0,426,347,273,143,86,24,28,28,28,125,28,113,31,28,28,28,28,109,28,150,74,28,38,28,28,109,28,46,44,28,28,28,28,16,28,118,71,27,28,28,28,97,28,377,44,28,28,25,28,28,39,28,178,109,28,28,28,28,139,28,138,72,18,28,27,28,110,35,151,89,23,28,28,28,123,28,337,177,63,35,28,28,286,4,42,42,4,28,28,28,28,41,28,28,28,28,28,28,28,28,28,28,28,28,28,28,28,28,28,28,28,28,28,28,28,28,28,28,28,28,28,28,28,28,28,468,437,299,102,125,35,28,28,249,28,198,74,25,28,28,28,192,54,199,75,28,18,43,28,181,28,78,28,28,28,28,28,61,48,126,38,28,32,28,28,119,28,396,127,30,28,28,28,28,123,28,146,53,28,28,28,28,134,28,152,3,67,28,28,28,144,28,182,65,28,28,28,28,158,39,265,134,51,32,28,28,197,26,154,154,28,92,56,28,28,117,28,28,28,28,28,28,28,28,28,28,28,28,28,28,28,28,28,28,28,28,28,28,28,28,28,28,28,28,28,28,28,28,28
2013thru2017,50,05000US48275,"Knox County, Texas",48,275,1375,1110,145,40,20,0,4,0,0,15,0,35,35,0,0,0,0,4,0,20,20,0,4,0,0,0,0,15,15,0,0,0,0,0,0,30,15,0,0,0,0,15,0,930,20,15,0,0,0,0,4,0,60,30,0,0,0,0,30,0,135,105,4,0,0,0,25,0,115,65,0,0,0,0,50,0,600,450,4,0,0,0,140,4,35,35,25,0,0,0,0,15,0,0,0,0,0,0,0,0,0,0,0,0,0,0,0,0,0,0,0,0,0,0,0,0,0,0,0,0,0,0,0,0,0,265,85,50,15,25,0,0,0,0,10,4,4,0,0,0,0,0,0,30,4,0,0,0,0,20,0,0,0,0,0,0,0,0,0,0,0,0,0,0,0,0,0,185,15,4,4,0,0,0,4,0,15,10,4,0,0,0,4,0,90,50,25,0,0,0,15,0,4,0,0,0,0,0,4,0,60,55,0,0,0,0,4,0,0,0,0,0,0,0,0,0,0,0,0,0,0,0,0,0,0,0,0,0,0,0,0,0,0,0,0,0,0,0,0,0,0,0,0,0,0,0,0,0,0,96,83,48,19,14,13,13,13,13,17,13,18,18,13,13,13,13,2,13,22,23,13,4,13,13,13,13,17,17,13,13,13,13,13,13,24,18,13,13,13,13,21,13,78,20,21,13,13,13,13,13,13,26,19,13,13,13,13,17,13,41,34,16,13,13,13,21,13,39,33,13,13,13,13,30,13,77,64,15,13,13,13,39,1,22,22,22,13,13,13,13,22,13,13,13,13,13,13,13,13,13,13,13,13,13,13,13,13,13,13,13,13,13,13,13,13,13,13,13,13,13,13,13,13,13,56,39,29,16,22,13,13,13,13,14,8,8,13,13,13,13,13,13,23,7,13,13,13,13,22,13,13,13,13,13,13,13,13,13,13,13,13,13,13,13,13,13,52,16,13,12,13,13,13,3,13,18,13,5,13,13,13,14,13,39,26,19,13,13,13,19,13,5,13,13,13,13,13,5,13,27,26,13,13,13,13,5,13,13,13,13,13,13,13,13,13,13,13,13,13,13,13,13,13,13,13,13,13,13,13,13,13,13,13,13,13,13,13,13,13,13,13,13,13,13,13,13,13,13
2013thru2017,50,05000US48277,"Lamar County, Texas",48,277,19085,12275,2325,840,545,255,0,0,0,30,10,445,370,50,0,0,0,20,4,560,380,50,25,10,0,35,55,220,120,40,0,0,0,20,40,265,220,20,0,0,0,10,10,9855,100,70,25,0,0,0,0,4,405,370,35,0,0,0,0,0,1480,1215,195,0,0,0,35,30,1155,960,75,0,4,0,80,35,6720,5855,280,50,15,75,290,160,95,95,95,0,0,0,0,0,0,0,0,0,0,0,0,0,0,0,0,0,0,0,0,0,0,0,0,0,0,0,0,0,0,0,0,0,0,0,0,0,0,6810,2970,1295,840,290,0,0,0,100,65,625,470,120,0,4,0,40,0,755,455,160,0,4,25,95,15,205,155,45,0,0,0,0,4,85,60,0,0,0,0,0,25,3665,345,215,60,35,0,0,0,30,320,190,95,0,0,0,15,25,785,525,170,0,0,0,60,35,695,495,115,0,0,0,65,20,1520,970,310,4,0,30,135,70,180,180,135,15,0,0,0,0,30,0,0,0,0,0,0,0,0,0,0,0,0,0,0,0,0,0,0,0,0,0,0,0,0,0,0,0,0,0,0,0,0,385,548,310,187,156,101,28,28,28,51,14,158,138,46,28,28,28,24,3,129,105,48,36,13,28,46,38,103,71,48,28,28,28,31,59,102,99,22,28,28,28,19,13,532,46,45,25,28,28,28,28,12,108,106,30,28,28,28,28,28,227,199,86,28,28,28,32,26,212,182,56,28,3,28,53,36,456,425,107,41,14,94,78,65,66,66,66,28,28,28,28,28,28,28,28,28,28,28,28,28,28,28,28,28,28,28,28,28,28,28,28,28,28,28,28,28,28,28,28,28,28,28,28,28,28,498,317,247,192,108,28,28,28,73,44,166,136,64,28,4,28,41,28,177,125,82,28,12,36,63,17,120,108,50,28,28,28,28,9,43,37,28,28,28,28,28,24,453,138,109,42,62,28,28,28,38,131,91,67,28,28,28,17,26,173,142,90,28,28,28,56,41,170,148,85,28,28,28,71,24,327,263,140,4,28,47,89,53,92,92,79,18,28,28,28,28,38,28,28,28,28,28,28,28,28,28,28,28,28,28,28,28,28,28,28,28,28,28,28,28,28,28,28,28,28,28,28,28,28
2013thru2017,50,05000US48279,"Lamb County, Texas",48,279,4790,3400,560,190,65,4,0,0,0,120,4,135,85,0,0,0,0,50,0,155,75,15,0,0,0,65,0,15,4,0,0,0,0,15,0,55,15,0,0,0,0,40,0,2810,70,20,0,0,0,0,50,0,385,210,4,0,0,0,175,0,440,155,50,0,0,0,235,0,315,160,4,0,0,0,150,0,1600,1065,10,20,0,0,495,4,30,30,4,4,0,0,0,25,0,0,0,0,0,0,0,0,0,0,0,0,0,0,0,0,0,0,0,0,0,0,0,0,0,0,0,0,0,0,0,0,0,1390,420,120,20,0,0,0,0,100,0,145,100,4,0,0,0,40,0,85,20,0,0,10,0,55,0,25,20,4,0,0,0,0,0,45,30,0,0,0,0,15,0,975,85,25,4,0,0,0,50,0,75,20,4,0,0,0,50,0,225,75,4,0,0,0,140,10,70,20,0,0,0,0,50,4,520,245,30,0,0,0,245,0,0,0,0,0,0,0,0,0,0,0,0,0,0,0,0,0,0,0,0,0,0,0,0,0,0,0,0,0,0,0,0,0,0,0,0,0,0,0,0,0,0,154,208,103,56,34,4,21,21,21,47,1,62,51,21,21,21,21,26,21,74,35,23,21,21,21,56,21,17,21,21,21,21,21,16,21,29,17,21,21,21,21,26,21,182,32,22,21,21,21,21,26,21,93,75,15,21,21,21,59,21,102,59,54,21,21,21,71,21,75,63,2,21,21,21,51,21,151,103,15,29,21,21,112,16,27,27,2,6,21,21,21,27,21,21,21,21,21,21,21,21,21,21,21,21,21,21,21,21,21,21,21,21,21,21,21,21,21,21,21,21,21,21,21,21,21,205,151,68,17,21,21,21,21,67,21,118,113,7,21,21,21,34,21,44,19,21,21,14,21,38,21,24,22,4,21,21,21,21,21,36,31,21,21,21,21,19,21,142,48,22,8,21,21,21,45,21,42,20,3,21,21,21,38,21,69,40,6,21,21,21,67,17,32,18,21,21,21,21,26,3,120,69,27,21,21,21,90,21,21,21,21,21,21,21,21,21,21,21,21,21,21,21,21,21,21,21,21,21,21,21,21,21,21,21,21,21,21,21,21,21,21,21,21,21,21,21,21,21,21
2013thru2017,50,05000US48281,"Lampasas County, Texas",48,281,7750,5760,1245,370,270,0,0,0,0,80,20,310,265,0,4,15,0,30,0,240,215,0,0,0,0,25,0,125,75,35,0,0,0,0,15,205,145,25,0,0,0,30,0,4450,15,15,0,0,0,0,0,0,115,95,0,0,0,0,20,0,550,390,0,0,0,0,160,0,590,505,0,15,0,0,70,0,3180,2605,150,55,0,15,325,30,60,60,60,0,0,0,0,0,0,0,0,0,0,0,0,0,0,0,0,0,0,0,0,0,0,0,0,0,0,0,0,0,0,0,0,0,0,0,0,0,0,1990,710,335,275,0,15,0,0,20,30,240,160,4,0,0,0,50,25,95,45,10,0,0,0,45,0,15,15,0,0,0,0,0,0,25,25,0,0,0,0,0,0,1235,20,20,0,0,0,0,0,0,80,50,0,0,0,0,10,20,305,225,0,0,0,15,65,0,205,180,0,0,0,0,10,20,620,460,65,0,0,20,75,0,40,40,30,0,0,0,0,10,0,0,0,0,0,0,0,0,0,0,0,0,0,0,0,0,0,0,0,0,0,0,0,0,0,0,0,0,0,0,0,0,0,233,283,182,124,102,25,25,25,25,56,42,107,95,25,7,27,25,32,25,91,85,25,25,25,25,37,25,68,50,45,25,25,25,25,24,83,66,44,25,25,25,33,25,284,18,18,25,25,25,25,25,25,57,53,25,25,25,25,20,25,141,98,25,25,25,25,106,25,159,144,25,30,25,25,49,25,264,232,68,30,25,22,115,43,48,48,48,25,25,25,25,25,25,25,25,25,25,25,25,25,25,25,25,25,25,25,25,25,25,25,25,25,25,25,25,25,25,25,25,25,25,25,25,25,25,286,194,138,134,25,23,25,25,22,49,95,78,12,25,25,25,38,39,52,32,14,25,25,25,40,25,24,24,25,25,25,25,25,25,38,38,25,25,25,25,25,25,267,22,22,25,25,25,25,25,25,60,50,25,25,25,25,20,36,139,113,25,25,25,29,55,25,99,101,25,25,25,25,13,22,181,131,72,25,25,34,66,25,36,36,31,25,25,25,25,17,25,25,25,25,25,25,25,25,25,25,25,25,25,25,25,25,25,25,25,25,25,25,25,25,25,25,25,25,25,25,25,25,25
2013thru2017,50,05000US48283,"La Salle County, Texas",48,283,2285,1605,365,100,0,0,0,0,0,100,0,120,25,0,0,0,0,95,0,95,0,0,0,0,0,95,0,35,0,0,0,0,0,35,0,10,0,0,0,0,0,10,0,1245,4,0,0,0,0,0,4,0,265,0,0,0,0,0,265,0,115,0,0,0,0,0,115,0,95,0,0,0,0,0,95,0,760,370,0,0,0,0,390,0,0,0,0,0,0,0,0,0,0,0,0,0,0,0,0,0,0,0,0,0,0,0,0,0,0,0,0,0,0,0,0,0,0,0,0,0,0,0,0,0,0,680,250,60,0,0,0,0,0,60,0,40,0,0,0,0,0,40,0,60,0,0,0,0,0,60,0,15,0,0,0,0,0,15,0,80,20,0,0,0,0,60,0,425,65,0,0,0,0,0,65,0,55,0,0,0,0,0,55,0,35,0,0,0,0,0,35,0,75,15,0,0,0,0,65,0,200,85,0,0,0,0,115,0,0,0,0,0,0,0,0,0,0,0,0,0,0,0,0,0,0,0,0,0,0,0,0,0,0,0,0,0,0,0,0,0,0,0,0,0,0,0,0,0,0,244,246,148,98,19,19,19,19,19,98,19,118,47,19,19,19,19,106,19,80,19,19,19,19,19,80,19,45,19,19,19,19,19,45,19,16,19,19,19,19,19,16,19,221,8,19,19,19,19,19,8,19,141,19,19,19,19,19,141,19,111,19,19,19,19,19,111,19,58,19,19,19,19,19,58,19,183,145,19,19,19,19,137,19,19,19,19,19,19,19,19,19,19,19,19,19,19,19,19,19,19,19,19,19,19,19,19,19,19,19,19,19,19,19,19,19,19,19,19,19,19,19,19,19,19,191,132,66,19,19,19,19,19,66,19,49,19,19,19,19,19,49,19,73,19,19,19,19,19,73,19,16,19,19,19,19,19,16,19,81,34,19,19,19,19,78,19,177,75,19,19,19,19,19,75,19,57,19,19,19,19,19,57,19,42,19,19,19,19,19,42,19,89,23,19,19,19,19,82,19,136,105,19,19,19,19,90,19,19,19,19,19,19,19,19,19,19,19,19,19,19,19,19,19,19,19,19,19,19,19,19,19,19,19,19,19,19,19,19,19,19,19,19,19,19,19,19,19,19
2013thru2017,50,05000US48285,"Lavaca County, Texas",48,285,7685,5800,985,210,185,10,0,0,0,20,0,180,95,30,4,0,0,50,0,205,130,15,0,0,0,60,0,90,60,0,0,0,0,30,0,295,230,15,0,0,0,35,15,4790,100,60,40,0,0,0,0,0,400,335,30,0,0,0,40,0,530,450,50,4,0,0,25,0,530,430,30,4,0,0,70,0,3225,2915,50,0,4,0,265,0,30,30,25,0,0,0,0,4,0,0,0,0,0,0,0,0,0,0,0,0,0,0,0,0,0,0,0,0,0,0,0,0,0,0,0,0,0,0,0,0,0,1885,660,105,60,15,0,0,0,35,0,240,120,55,0,0,0,50,15,95,40,35,0,0,0,20,0,65,40,0,0,0,0,25,0,155,100,20,0,0,0,35,0,1170,105,80,20,0,0,0,4,0,160,40,80,0,0,0,40,0,230,140,65,10,0,0,15,0,180,160,0,0,0,0,20,0,495,405,15,0,0,0,75,0,55,55,20,4,0,0,0,30,0,0,0,0,0,0,0,0,0,0,0,0,0,0,0,0,0,0,0,0,0,0,0,0,0,0,0,0,0,0,0,0,0,196,217,165,84,82,13,21,21,21,27,21,66,39,34,11,21,21,48,21,89,53,22,21,21,21,66,21,45,36,21,21,21,21,28,21,87,73,16,21,21,21,34,25,211,56,39,43,21,21,21,21,21,90,89,21,21,21,21,38,21,96,89,30,7,21,21,27,21,122,110,23,21,21,21,38,21,193,184,30,21,21,21,75,21,29,29,29,21,21,21,21,4,21,21,21,21,21,21,21,21,21,21,21,21,21,21,21,21,21,21,21,21,21,21,21,21,21,21,21,21,21,21,21,21,21,207,134,56,39,16,21,21,21,34,21,92,61,46,21,21,21,47,22,52,35,29,21,21,21,25,21,37,28,21,21,21,21,25,21,81,64,32,21,21,21,37,21,152,43,35,25,21,21,21,9,21,63,29,50,21,21,21,38,21,92,62,52,15,21,21,26,21,83,77,21,21,21,21,23,21,103,96,19,21,21,21,45,21,46,46,19,7,21,21,21,42,21,21,21,21,21,21,21,21,21,21,21,21,21,21,21,21,21,21,21,21,21,21,21,21,21,21,21,21,21,21,21,21,21
2013thru2017,50,05000US48287,"Lee County, Texas",48,287,6120,4740,1105,450,240,85,0,0,0,100,25,175,135,35,0,0,0,4,0,240,150,0,0,0,0,70,15,55,40,0,0,0,0,15,0,185,160,4,0,0,0,20,0,3605,60,45,10,0,0,0,0,0,210,165,35,0,0,0,10,0,535,305,85,0,0,0,135,10,385,340,10,0,0,0,30,0,2420,1935,145,35,0,0,270,30,30,30,30,0,0,0,0,0,0,0,0,0,0,0,0,0,0,0,0,0,0,0,0,0,0,0,0,0,0,0,0,0,0,0,0,0,0,0,0,0,0,1380,500,260,110,80,0,0,0,70,0,135,30,30,0,0,0,65,10,85,45,25,0,0,0,10,0,20,20,0,0,0,0,0,0,0,0,0,0,0,0,0,0,815,50,25,20,0,0,0,0,0,105,95,10,0,0,0,0,0,145,70,0,0,0,0,75,0,100,55,35,0,0,0,10,0,415,320,55,0,0,0,45,0,65,65,55,10,0,0,0,0,0,0,0,0,0,0,0,0,0,0,0,0,0,0,0,0,0,0,0,0,0,0,0,0,0,0,0,0,0,0,0,0,0,239,274,179,132,89,53,21,21,21,85,26,67,68,31,21,21,21,6,21,109,82,21,21,21,21,60,27,40,32,21,21,21,21,29,21,80,77,4,21,21,21,23,21,276,36,32,15,21,21,21,21,21,78,72,29,21,21,21,21,21,137,95,45,21,21,21,96,17,129,118,17,21,21,21,46,21,274,223,87,31,21,21,119,26,27,27,27,21,21,21,21,21,21,21,21,21,21,21,21,21,21,21,21,21,21,21,21,21,21,21,21,21,21,21,21,21,21,21,21,21,21,21,21,21,21,190,140,112,80,74,21,21,21,72,21,75,34,36,21,21,21,59,17,61,47,24,21,21,21,22,21,32,32,21,21,21,21,21,21,21,21,21,21,21,21,21,21,169,36,25,25,21,21,21,21,21,70,69,18,21,21,21,21,21,70,47,21,21,21,21,60,21,64,45,47,21,21,21,15,21,143,128,55,21,21,21,44,21,74,74,74,20,21,21,21,21,21,21,21,21,21,21,21,21,21,21,21,21,21,21,21,21,21,21,21,21,21,21,21,21,21,21,21,21,21,21,21,21,21
2013thru2017,50,05000US48289,"Leon County, Texas",48,289,6245,4895,950,305,205,40,0,0,0,60,0,200,170,4,0,0,0,25,4,195,135,4,0,0,0,55,0,80,80,0,0,0,0,0,0,175,100,40,0,4,0,30,0,3920,50,50,4,0,0,0,0,0,375,245,30,0,4,0,100,0,755,555,95,0,15,0,75,15,450,395,4,10,0,0,45,4,2285,2105,70,10,0,0,80,20,25,25,25,4,0,0,0,0,0,0,0,0,0,0,0,0,0,0,0,0,0,0,0,0,0,0,0,0,0,0,0,0,0,0,0,0,0,0,0,0,0,1350,460,210,155,10,0,0,0,45,0,160,120,10,0,0,0,30,0,55,40,0,0,0,0,15,0,30,25,0,0,0,0,4,0,4,0,0,0,0,0,4,0,885,25,20,4,0,0,0,0,0,80,55,10,0,0,0,15,0,195,110,15,4,0,0,60,0,115,105,4,0,0,0,4,0,470,425,25,4,0,0,15,0,4,4,4,0,0,0,0,0,0,0,0,0,0,0,0,0,0,0,0,0,0,0,0,0,0,0,0,0,0,0,0,0,0,0,0,0,0,0,0,0,0,349,334,202,105,91,36,21,21,21,43,21,84,71,9,21,21,21,25,3,96,79,15,21,21,21,50,21,63,63,21,21,21,21,21,21,95,75,33,21,3,21,45,21,329,40,40,3,21,21,21,21,21,125,95,26,21,1,21,64,21,188,166,59,21,22,21,46,30,140,125,3,15,21,21,40,5,281,274,52,15,21,21,43,26,23,23,26,3,21,21,21,21,21,21,21,21,21,21,21,21,21,21,21,21,21,21,21,21,21,21,21,21,21,21,21,21,21,21,21,21,21,21,21,21,21,290,164,121,99,13,21,21,21,38,21,96,90,20,21,21,21,47,21,31,28,21,21,21,21,15,21,27,26,21,21,21,21,12,21,2,21,21,21,21,21,2,21,238,23,21,7,21,21,21,21,21,70,61,16,21,21,21,18,21,90,74,22,11,21,21,46,21,88,89,5,21,21,21,7,21,156,157,24,4,21,21,17,21,9,9,9,21,21,21,21,21,21,21,21,21,21,21,21,21,21,21,21,21,21,21,21,21,21,21,21,21,21,21,21,21,21,21,21,21,21,21,21,21,21
2013thru2017,50,05000US48291,"Liberty County, Texas",48,291,25975,19440,4425,1725,1200,120,45,0,0,305,55,870,630,55,0,0,0,155,25,745,550,55,0,0,0,145,0,395,300,10,0,0,0,85,0,685,465,90,0,0,0,130,0,14895,565,360,55,20,35,0,90,4,1660,1130,175,0,4,0,320,25,2915,2060,265,25,0,0,560,10,1770,1325,80,0,10,0,350,4,7985,6695,500,50,50,0,615,70,125,125,50,4,0,0,0,70,0,0,0,0,0,0,0,0,0,0,0,0,0,0,0,0,0,0,0,0,0,0,0,0,0,0,0,0,0,0,0,0,0,6535,2715,1280,795,185,0,15,0,285,0,885,660,110,0,0,0,110,0,445,355,55,0,0,0,35,0,10,10,0,0,0,0,0,0,95,95,0,0,0,0,0,0,3750,420,345,40,0,0,0,40,0,590,455,70,0,0,0,60,4,865,560,100,0,30,0,180,0,900,710,100,0,0,0,40,50,975,760,45,0,0,0,125,50,70,70,20,4,0,0,0,45,0,0,0,0,0,0,0,0,0,0,0,0,0,0,0,0,0,0,0,0,0,0,0,0,0,0,0,0,0,0,0,0,0,636,607,483,298,256,80,61,31,31,136,42,250,225,36,31,31,31,97,39,230,201,57,31,31,31,111,31,154,121,14,31,31,31,82,31,202,186,73,31,31,31,74,31,602,190,144,43,32,54,31,84,3,315,260,92,31,15,31,131,36,461,382,115,43,31,31,222,12,341,309,46,31,14,31,145,4,539,470,124,38,54,31,201,43,102,102,37,6,31,31,31,98,31,31,31,31,31,31,31,31,31,31,31,31,31,31,31,31,31,31,31,31,31,31,31,31,31,31,31,31,31,31,31,31,31,567,446,288,253,118,31,26,31,132,31,335,299,84,31,31,31,110,31,212,205,63,31,31,31,51,31,18,18,31,31,31,31,31,31,100,100,31,31,31,31,31,31,400,149,136,47,31,31,31,36,31,203,175,69,31,31,31,77,16,240,175,110,31,30,31,143,31,288,282,79,31,31,31,44,53,260,217,44,31,31,31,107,47,52,52,25,8,31,31,31,51,31,31,31,31,31,31,31,31,31,31,31,31,31,31,31,31,31,31,31,31,31,31,31,31,31,31,31,31,31,31,31,31,31
2013thru2017,50,05000US48293,"Limestone County, Texas",48,293,8100,6110,1565,505,325,120,0,0,0,50,10,310,175,40,4,0,0,75,10,365,220,65,0,0,0,80,0,145,115,15,0,0,0,15,0,240,200,10,0,0,0,35,0,4505,50,25,0,0,0,0,20,0,315,235,50,0,0,0,30,0,770,550,110,0,0,0,110,0,595,420,65,0,10,0,90,15,2780,2150,300,35,0,0,260,30,40,40,40,0,0,0,0,0,0,0,0,0,0,0,0,0,0,0,0,0,0,0,0,0,0,0,0,0,0,0,0,0,0,0,0,0,0,0,0,0,0,1990,845,400,150,190,0,0,0,60,0,185,55,110,0,0,0,15,0,225,100,45,4,0,0,55,15,25,15,4,0,0,0,0,10,4,4,0,0,0,0,0,0,1105,75,40,20,0,0,0,10,0,105,60,30,0,0,0,15,0,260,90,50,0,0,0,120,0,90,70,0,0,20,0,0,0,575,405,60,0,4,0,105,0,40,40,20,20,0,0,0,0,0,0,0,0,0,0,0,0,0,0,0,0,0,0,0,0,0,0,0,0,0,0,0,0,0,0,0,0,0,0,0,0,0,259,240,190,112,98,59,25,25,25,31,18,88,64,33,2,25,25,50,22,120,82,48,25,25,25,65,25,57,49,16,25,25,25,18,25,76,78,16,25,25,25,28,25,279,36,24,25,25,25,25,31,25,93,81,36,25,25,25,20,25,129,122,53,25,25,25,57,25,114,100,34,25,13,25,47,19,264,189,103,28,25,25,75,41,30,30,30,25,25,25,25,25,25,25,25,25,25,25,25,25,25,25,25,25,25,25,25,25,25,25,25,25,25,25,25,25,25,25,25,25,25,25,25,25,25,215,169,112,70,76,25,25,25,53,25,76,40,57,25,25,25,19,25,96,65,39,12,25,25,46,21,26,19,6,25,25,25,25,15,16,16,25,25,25,25,25,25,169,38,39,25,25,25,25,22,25,58,46,27,25,25,25,17,25,94,54,42,25,25,25,69,25,60,51,25,25,30,25,25,25,146,116,46,25,1,25,57,25,29,29,19,23,25,25,25,25,25,25,25,25,25,25,25,25,25,25,25,25,25,25,25,25,25,25,25,25,25,25,25,25,25,25,25,25,25,25,25,25,25
2013thru2017,50,05000US48295,"Lipscomb County, Texas",48,295,1275,935,150,65,50,0,0,0,0,15,4,25,15,0,0,4,0,10,0,40,15,0,0,0,0,25,0,4,4,0,0,0,0,0,0,10,4,0,0,0,0,4,0,785,40,25,0,0,0,0,15,0,45,35,0,0,0,0,10,0,125,125,0,0,0,0,4,0,95,80,0,0,0,0,15,4,480,400,0,0,4,0,75,4,0,0,0,0,0,0,0,0,0,0,0,0,0,0,0,0,0,0,0,0,0,0,0,0,0,0,0,0,0,0,0,0,0,0,0,0,0,0,0,0,0,340,75,45,15,0,4,0,0,30,0,15,4,0,0,0,0,10,0,10,10,0,0,0,0,4,0,0,0,0,0,0,0,0,0,0,0,0,0,0,0,0,0,265,4,4,0,0,0,0,0,0,30,20,0,0,0,0,10,0,60,45,0,0,0,0,10,4,25,15,0,0,0,0,10,4,145,105,0,0,0,0,40,4,4,4,0,0,0,4,0,0,0,0,0,0,0,0,0,0,0,0,0,0,0,0,0,0,0,0,0,0,0,0,0,0,0,0,0,0,0,0,0,0,0,72,72,36,30,21,13,13,13,13,14,2,18,12,13,13,9,13,15,13,25,15,13,13,13,13,21,13,3,3,13,13,13,13,13,13,14,16,13,13,13,13,5,13,70,28,24,13,13,13,13,16,13,19,14,13,13,13,13,12,13,39,37,13,13,13,13,13,13,28,28,13,13,13,13,15,8,58,51,13,13,3,13,30,3,13,13,13,13,13,13,13,13,13,13,13,13,13,13,13,13,13,13,13,13,13,13,13,13,13,13,13,13,13,13,13,13,13,13,13,13,13,13,13,13,13,60,41,30,21,13,4,13,13,29,13,16,13,13,13,13,13,14,13,11,12,13,13,13,13,2,13,13,13,13,13,13,13,13,13,13,13,13,13,13,13,13,13,50,2,2,13,13,13,13,13,13,21,20,13,13,13,13,15,13,22,21,13,13,13,13,15,13,15,12,13,13,13,13,16,13,41,30,13,13,13,13,26,2,7,7,13,13,13,7,13,13,13,13,13,13,13,13,13,13,13,13,13,13,13,13,13,13,13,13,13,13,13,13,13,13,13,13,13,13,13,13,13,13,13
2013thru2017,50,05000US48297,"Live Oak County, Texas",48,297,3585,2960,420,75,20,0,0,0,0,55,0,85,75,0,0,0,0,10,0,70,60,0,0,0,0,10,0,25,15,0,0,0,0,10,0,165,115,0,0,0,0,55,0,2515,85,55,0,0,0,0,30,0,235,115,0,0,0,0,115,0,445,325,0,0,0,0,120,0,170,135,0,0,0,0,40,0,1580,1335,0,0,0,0,210,35,25,25,25,0,0,0,0,0,0,0,0,0,0,0,0,0,0,0,0,0,0,0,0,0,0,0,0,0,0,0,0,0,0,0,0,0,0,0,0,0,0,625,200,55,10,4,0,0,0,40,0,80,75,0,0,0,0,10,0,50,50,0,0,0,0,4,0,4,0,0,0,0,0,4,0,10,10,0,0,0,0,0,0,420,30,20,0,0,0,0,10,0,65,45,0,0,0,0,20,0,50,15,0,0,0,0,30,0,15,0,0,0,0,0,15,0,260,200,0,10,0,0,50,0,10,10,0,0,0,0,0,10,0,0,0,0,0,0,0,0,0,0,0,0,0,0,0,0,0,0,0,0,0,0,0,0,0,0,0,0,0,0,0,0,0,328,259,126,50,25,21,21,21,21,42,21,73,71,21,21,21,21,14,21,47,46,21,21,21,21,15,21,25,24,21,21,21,21,13,21,79,67,21,21,21,21,35,21,247,50,45,21,21,21,21,33,21,83,83,21,21,21,21,48,21,141,116,21,21,21,21,69,21,79,70,21,21,21,21,29,21,214,210,21,21,21,21,76,57,33,33,33,21,21,21,21,21,21,21,21,21,21,21,21,21,21,21,21,21,21,21,21,21,21,21,21,21,21,21,21,21,21,21,21,21,21,21,21,21,21,181,86,37,14,7,21,21,21,34,21,58,54,21,21,21,21,14,21,42,39,21,21,21,21,8,21,9,21,21,21,21,21,9,21,15,15,21,21,21,21,21,21,151,30,25,21,21,21,21,22,21,50,45,21,21,21,21,20,21,31,19,21,21,21,21,25,21,20,21,21,21,21,21,20,21,96,78,21,15,21,21,40,21,15,15,21,21,21,21,21,15,21,21,21,21,21,21,21,21,21,21,21,21,21,21,21,21,21,21,21,21,21,21,21,21,21,21,21,21,21,21,21,21,21
2013thru2017,50,05000US48299,"Llano County, Texas",48,299,8680,6645,1360,310,300,0,0,0,0,10,0,290,280,0,0,0,0,10,0,420,380,0,0,0,0,45,0,170,165,0,0,0,0,4,0,170,170,0,0,0,0,0,0,5200,30,30,0,0,0,0,0,0,360,345,0,0,0,0,20,0,655,595,0,0,15,0,40,0,375,365,0,0,0,0,10,0,3780,3530,40,0,10,0,145,50,85,85,80,0,4,0,0,4,0,0,0,0,0,0,0,0,0,0,0,0,0,0,0,0,0,0,0,0,0,0,0,0,0,0,0,0,0,0,0,0,0,2035,1010,265,245,0,0,0,0,20,0,370,275,0,0,0,0,95,0,175,160,0,0,0,0,15,0,120,100,0,0,0,0,0,20,80,25,0,0,0,0,25,35,980,45,45,0,0,0,0,0,0,145,145,0,0,0,0,0,0,215,200,0,0,0,0,0,15,190,165,0,0,0,0,20,0,385,340,0,0,0,0,40,4,45,45,45,0,0,0,0,0,0,0,0,0,0,0,0,0,0,0,0,0,0,0,0,0,0,0,0,0,0,0,0,0,0,0,0,0,0,0,0,0,0,444,391,263,129,127,25,25,25,25,15,25,104,104,25,25,25,25,23,25,161,153,25,25,25,25,57,25,110,111,25,25,25,25,2,25,66,66,25,25,25,25,25,25,317,32,32,25,25,25,25,25,25,150,140,25,25,25,25,31,25,162,151,25,25,37,25,44,25,103,99,25,25,25,25,15,25,237,262,67,25,19,25,93,51,64,64,59,25,7,25,25,14,25,25,25,25,25,25,25,25,25,25,25,25,25,25,25,25,25,25,25,25,25,25,25,25,25,25,25,25,25,25,25,25,25,302,238,134,131,25,25,25,25,35,25,160,128,25,25,25,25,88,25,84,85,25,25,25,25,31,25,98,86,25,25,25,25,25,55,60,40,25,25,25,25,33,36,199,47,47,25,25,25,25,25,25,73,73,25,25,25,25,25,25,119,108,25,25,25,25,25,41,118,112,25,25,25,25,45,25,132,116,25,25,25,25,52,11,52,52,52,25,25,25,25,25,25,25,25,25,25,25,25,25,25,25,25,25,25,25,25,25,25,25,25,25,25,25,25,25,25,25,25,25,25,25,25,25,25
2013thru2017,50,05000US48301,"Loving County, Texas",48,301,30,15,4,4,0,0,0,4,0,0,0,0,0,0,0,0,0,0,0,0,0,0,0,0,0,0,0,0,0,0,0,0,0,0,0,0,0,0,0,0,0,0,0,10,0,0,0,0,0,0,0,0,0,0,0,0,0,0,0,0,4,4,0,0,0,0,0,0,0,0,0,0,0,0,0,0,10,10,0,0,0,0,0,0,0,0,0,0,0,0,0,0,0,0,0,0,0,0,0,0,0,0,0,0,0,0,0,0,0,0,0,0,0,0,0,0,0,0,0,0,0,0,0,0,0,15,4,0,0,0,0,0,0,0,0,4,0,0,0,0,0,4,0,0,0,0,0,0,0,0,0,0,0,0,0,0,0,0,0,0,0,0,0,0,0,0,0,15,0,0,0,0,0,0,0,0,0,0,0,0,0,0,0,0,0,0,0,0,0,0,0,0,4,4,0,0,0,0,0,0,10,10,0,0,0,0,0,0,0,0,0,0,0,0,0,0,0,0,0,0,0,0,0,0,0,0,0,0,0,0,0,0,0,0,0,0,0,0,0,0,0,0,0,0,0,0,0,0,0,14,11,3,3,13,13,13,3,13,13,13,13,13,13,13,13,13,13,13,13,13,13,13,13,13,13,13,13,13,13,13,13,13,13,13,13,13,13,13,13,13,13,13,12,13,13,13,13,13,13,13,13,13,13,13,13,13,13,13,13,13,13,13,13,13,13,13,13,13,13,13,13,13,13,13,13,13,13,13,13,13,13,13,13,13,13,13,13,13,13,13,13,13,13,13,13,13,13,13,13,13,13,13,13,13,13,13,13,13,13,13,13,13,13,13,13,13,13,13,13,13,13,13,13,13,10,1,13,13,13,13,13,13,13,13,1,13,13,13,13,13,1,13,13,13,13,13,13,13,13,13,13,13,13,13,13,13,13,13,13,13,13,13,13,13,13,13,12,13,13,13,13,13,13,13,13,13,13,13,13,13,13,13,13,13,13,13,13,13,13,13,13,13,13,13,13,13,13,13,13,9,9,13,13,13,13,13,13,13,13,13,13,13,13,13,13,13,13,13,13,13,13,13,13,13,13,13,13,13,13,13,13,13,13,13,13,13,13,13,13,13,13,13,13,13,13,13,13,13
2013thru2017,50,05000US48303,"Lubbock County, Texas",48,303,110275,61695,12250,2830,1410,350,40,0,0,965,60,2125,1255,170,25,0,0,665,15,2565,1530,160,25,0,0,815,35,1445,875,100,50,0,0,380,40,3290,2375,85,90,4,0,700,35,49075,365,175,25,15,0,0,155,0,1925,890,145,15,0,0,875,0,4450,2495,320,20,0,0,1545,70,4770,2905,205,15,10,0,1625,10,37565,28195,1255,595,200,20,6945,365,365,365,315,0,4,0,0,50,0,0,0,0,0,0,0,0,0,0,0,0,0,0,0,0,0,0,0,0,0,0,0,0,0,0,0,0,0,0,0,0,0,48580,25095,8190,4100,845,215,60,0,2825,145,7315,3615,705,180,0,0,2755,60,6365,2975,440,85,0,0,2720,145,1535,920,160,25,25,0,410,0,1690,800,155,50,30,0,655,0,21960,720,280,185,0,0,4,225,25,860,460,45,10,0,0,345,0,4450,2140,350,120,25,0,1775,40,3370,1905,220,85,10,0,1075,80,12560,7695,1050,335,35,65,3195,185,1530,1530,910,185,105,0,0,310,15,0,0,0,0,0,0,0,0,0,0,0,0,0,0,0,0,0,0,0,0,0,0,0,0,0,0,0,0,0,0,0,0,820,1040,679,322,275,127,47,31,31,177,53,305,205,82,27,31,31,191,18,383,268,90,26,31,31,205,30,247,166,80,63,31,31,149,44,440,341,68,62,3,31,212,41,1030,151,96,42,24,31,31,81,31,259,175,74,25,31,31,178,31,447,317,109,17,31,31,326,52,515,303,87,25,13,31,373,20,974,887,235,143,100,41,523,124,130,130,124,31,31,31,31,45,31,31,31,31,31,31,31,31,31,31,31,31,31,31,31,31,31,31,31,31,31,31,31,31,31,31,31,31,31,31,31,31,31,1063,1162,667,467,197,113,56,31,449,70,682,466,241,86,31,31,439,54,603,414,137,53,31,31,408,91,274,226,97,33,27,31,162,31,347,218,72,38,46,31,214,31,1042,176,117,105,31,31,12,96,35,218,149,59,14,31,31,155,31,500,388,107,81,33,31,351,48,374,315,123,57,15,31,250,71,805,594,214,134,35,55,447,109,303,303,263,120,65,31,31,132,18,31,31,31,31,31,31,31,31,31,31,31,31,31,31,31,31,31,31,31,31,31,31,31,31,31,31,31,31,31,31,31,31
2013thru2017,50,05000US48305,"Lynn County, Texas",48,305,2145,1475,245,35,20,0,0,0,0,15,0,50,30,0,0,0,0,20,0,65,55,0,0,0,0,10,0,40,25,0,0,0,0,15,0,50,40,0,0,0,0,10,0,1225,35,0,0,0,0,0,35,0,65,15,0,0,0,0,50,0,200,100,10,0,0,0,95,0,125,75,0,0,0,0,50,0,800,565,25,0,10,0,200,4,4,4,4,0,0,0,0,0,0,0,0,0,0,0,0,0,0,0,0,0,0,0,0,0,0,0,0,0,0,0,0,0,0,0,0,0,0,0,0,0,0,670,175,75,0,0,0,0,0,70,10,50,15,0,0,0,0,35,0,30,4,0,0,0,0,25,0,10,10,0,0,0,0,0,0,10,4,0,0,0,0,4,0,450,130,40,0,0,0,0,95,0,60,20,0,0,0,0,40,0,65,35,0,0,0,0,30,0,40,30,0,0,0,0,10,0,150,80,0,0,0,0,70,0,50,50,10,0,0,0,0,40,0,0,0,0,0,0,0,0,0,0,0,0,0,0,0,0,0,0,0,0,0,0,0,0,0,0,0,0,0,0,0,0,0,81,103,51,17,15,19,19,19,19,12,19,28,20,19,19,19,19,24,19,33,32,19,19,19,19,11,19,27,17,19,19,19,19,18,19,22,22,19,19,19,19,12,19,109,23,19,19,19,19,19,23,19,42,14,19,19,19,19,38,19,52,41,16,19,19,19,32,19,43,36,19,19,19,19,23,19,90,66,33,19,18,19,46,1,4,4,4,19,19,19,19,19,19,19,19,19,19,19,19,19,19,19,19,19,19,19,19,19,19,19,19,19,19,19,19,19,19,19,19,19,19,19,19,19,19,104,64,54,19,19,19,19,19,49,16,34,13,19,19,19,19,32,19,26,7,19,19,19,19,26,19,10,10,19,19,19,19,19,19,13,12,19,19,19,19,1,19,89,59,24,19,19,19,19,49,19,38,16,19,19,19,19,35,19,40,33,19,19,19,19,24,19,25,23,19,19,19,19,13,19,51,38,19,19,19,19,35,19,48,48,19,19,19,19,19,46,19,19,19,19,19,19,19,19,19,19,19,19,19,19,19,19,19,19,19,19,19,19,19,19,19,19,19,19,19,19,19,19,19
2013thru2017,50,05000US48307,"McCulloch County, Texas",48,307,3145,2400,460,110,55,0,0,0,0,55,0,110,35,0,0,0,0,75,0,75,75,0,0,4,0,0,0,25,4,0,0,0,0,0,20,140,140,0,0,0,0,0,0,1905,50,35,0,0,0,0,15,0,110,65,0,0,0,0,45,0,305,85,0,0,0,0,220,0,250,95,0,0,0,0,150,4,1195,955,35,0,0,0,170,35,35,35,35,0,0,0,0,0,0,0,0,0,0,0,0,0,0,0,0,0,0,0,0,0,0,0,0,0,0,0,0,0,0,0,0,0,0,0,0,0,0,745,340,150,130,0,0,0,0,25,0,140,45,20,0,0,0,75,0,15,15,0,0,0,0,0,0,15,0,0,0,0,0,15,0,15,15,0,0,0,0,0,0,365,10,10,0,0,0,0,0,0,75,25,0,0,0,0,35,15,85,65,0,0,0,0,10,10,45,45,0,0,0,0,0,0,145,120,0,0,0,0,25,0,45,45,45,0,0,0,0,0,0,0,0,0,0,0,0,0,0,0,0,0,0,0,0,0,0,0,0,0,0,0,0,0,0,0,0,0,0,0,0,0,0,220,212,126,49,31,19,19,19,19,42,19,89,32,19,19,19,19,82,19,47,48,19,19,5,19,19,19,32,14,19,19,19,19,19,32,85,85,19,19,19,19,19,19,184,31,25,19,19,19,19,17,19,62,53,19,19,19,19,36,19,113,43,19,19,19,19,105,19,103,56,19,19,19,19,93,5,185,159,34,19,19,19,79,36,33,33,33,19,19,19,19,19,19,19,19,19,19,19,19,19,19,19,19,19,19,19,19,19,19,19,19,19,19,19,19,19,19,19,19,19,19,19,19,19,19,175,137,87,80,19,19,19,19,27,19,100,36,41,19,19,19,90,19,26,26,19,19,19,19,19,19,23,19,19,19,19,19,23,19,16,16,19,19,19,19,19,19,110,15,15,19,19,19,19,19,19,47,24,19,19,19,19,37,23,53,50,19,19,19,19,13,19,42,42,19,19,19,19,19,19,71,59,19,19,19,19,38,19,57,57,57,19,19,19,19,19,19,19,19,19,19,19,19,19,19,19,19,19,19,19,19,19,19,19,19,19,19,19,19,19,19,19,19,19,19,19,19,19,19
2013thru2017,50,05000US48309,"McLennan County, Texas",48,309,88210,51140,10735,2200,1175,410,40,15,0,545,15,2835,1335,340,30,0,0,1100,35,2490,1465,265,30,0,0,725,4,970,605,100,35,0,0,230,0,2240,1565,140,35,30,0,465,0,40135,330,150,40,0,0,0,110,25,1805,1100,245,0,0,0,420,40,5135,3050,445,50,25,0,1485,80,3730,2450,415,4,0,0,860,0,29135,23280,1815,325,25,4,3320,365,275,275,220,45,0,0,0,10,0,0,0,0,0,0,0,0,0,0,0,0,0,0,0,0,0,0,0,0,0,0,0,0,0,0,0,0,0,0,0,0,0,37070,18185,7385,3120,2310,95,4,0,1770,85,5215,2225,1450,45,10,0,1340,140,4205,2185,985,155,25,0,760,100,645,390,100,0,0,0,155,0,730,505,45,10,0,0,120,50,17750,1095,265,615,0,0,0,210,0,1020,370,305,0,0,0,340,4,3655,1875,820,15,0,10,910,30,3230,1745,905,25,4,0,410,140,8755,5665,1410,145,35,0,1385,115,1135,1135,610,210,180,15,0,100,15,0,0,0,0,0,0,0,0,0,0,0,0,0,0,0,0,0,0,0,0,0,0,0,0,0,0,0,0,0,0,0,0,830,886,639,261,207,152,39,18,31,156,20,390,218,102,31,31,31,246,34,311,247,111,29,31,31,177,15,188,153,67,42,31,31,78,31,312,238,69,36,35,31,158,31,803,96,62,32,31,31,31,59,31,198,179,74,31,31,31,109,43,410,314,157,39,22,31,260,68,377,298,141,2,31,31,173,31,795,665,281,114,21,10,337,141,98,98,84,35,31,31,31,14,31,31,31,31,31,31,31,31,31,31,31,31,31,31,31,31,31,31,31,31,31,31,31,31,31,31,31,31,31,31,31,31,31,885,882,605,354,399,60,16,31,331,74,462,325,304,36,15,31,243,128,547,392,274,143,30,31,219,64,175,138,81,31,31,31,97,31,212,141,43,14,31,31,99,56,755,246,99,236,31,31,31,106,31,189,119,142,31,31,31,124,15,404,316,231,29,31,15,222,31,413,283,255,39,15,31,191,133,627,483,304,89,42,31,290,90,249,249,181,123,85,23,31,61,30,31,31,31,31,31,31,31,31,31,31,31,31,31,31,31,31,31,31,31,31,31,31,31,31,31,31,31,31,31,31,31,31
2013thru2017,50,05000US48311,"McMullen County, Texas",48,311,195,145,30,4,4,0,0,0,0,0,0,0,0,0,0,0,0,0,0,20,10,0,0,0,0,4,0,4,4,0,0,0,0,0,0,4,0,0,0,0,0,4,0,100,0,0,0,0,0,0,0,0,4,4,0,0,0,0,0,0,15,15,0,0,0,0,0,0,4,4,0,0,0,0,0,0,75,40,0,0,0,0,35,0,10,10,0,0,0,0,0,10,0,0,0,0,0,0,0,0,0,0,0,0,0,0,0,0,0,0,0,0,0,0,0,0,0,0,0,0,0,0,0,0,0,50,15,0,0,0,0,0,0,0,0,0,0,0,0,0,0,0,0,0,0,0,0,0,0,0,0,0,0,0,0,0,0,0,0,15,15,0,0,0,0,0,0,35,4,0,0,0,0,0,4,0,4,0,0,0,0,0,4,0,0,0,0,0,0,0,0,0,10,0,0,0,0,0,10,0,20,4,0,0,0,0,15,0,0,0,0,0,0,0,0,0,0,0,0,0,0,0,0,0,0,0,0,0,0,0,0,0,0,0,0,0,0,0,0,0,0,0,0,0,0,0,0,0,0,52,50,23,8,8,13,13,13,13,13,13,13,13,13,13,13,13,13,13,21,19,13,13,13,13,13,13,5,5,13,13,13,13,13,13,13,13,13,13,13,13,13,13,42,13,13,13,13,13,13,13,13,11,11,13,13,13,13,13,13,14,14,13,13,13,13,13,13,13,13,13,13,13,13,13,13,38,23,13,13,13,13,30,13,16,16,13,13,13,13,13,16,13,13,13,13,13,13,13,13,13,13,13,13,13,13,13,13,13,13,13,13,13,13,13,13,13,13,13,13,13,13,13,13,13,27,27,13,13,13,13,13,13,13,13,13,13,13,13,13,13,13,13,13,13,13,13,13,13,13,13,13,13,13,13,13,13,13,13,27,27,13,13,13,13,13,13,21,7,13,13,13,13,13,7,13,3,13,13,13,13,13,3,13,13,13,13,13,13,13,13,13,12,13,13,13,13,13,12,13,17,8,13,13,13,13,17,13,13,13,13,13,13,13,13,13,13,13,13,13,13,13,13,13,13,13,13,13,13,13,13,13,13,13,13,13,13,13,13,13,13,13,13,13,13,13,13,13,13
2013thru2017,50,05000US48313,"Madison County, Texas",48,313,4175,3070,915,245,180,55,0,0,0,10,0,115,70,40,0,0,0,4,0,350,210,70,0,0,0,70,0,45,15,0,0,0,0,30,0,165,60,50,0,0,0,55,0,2130,50,45,4,0,0,0,4,0,140,95,20,0,0,0,25,0,260,240,4,0,0,0,4,15,230,220,4,0,0,0,4,0,1450,1205,85,0,0,0,150,10,20,20,20,0,0,0,0,0,0,0,0,0,0,0,0,0,0,0,0,0,0,0,0,0,0,0,0,0,0,0,0,0,0,0,0,0,0,0,0,0,0,1105,470,110,75,20,0,0,0,15,0,120,85,30,0,0,0,0,4,75,30,40,0,0,0,10,0,55,55,0,0,0,0,0,0,110,65,0,45,0,0,0,0,605,50,35,15,0,0,0,0,0,100,70,25,0,0,0,4,4,125,110,10,0,0,0,4,0,70,60,0,0,0,0,4,4,265,230,15,0,0,0,15,0,30,30,0,30,0,0,0,0,0,0,0,0,0,0,0,0,0,0,0,0,0,0,0,0,0,0,0,0,0,0,0,0,0,0,0,0,0,0,0,0,0,213,221,164,109,99,38,21,21,21,13,21,51,40,34,21,21,21,2,21,115,87,59,21,21,21,62,21,40,13,21,21,21,21,38,21,80,42,41,21,21,21,51,21,196,46,44,7,21,21,21,2,21,64,54,28,21,21,21,33,21,78,71,12,21,21,21,8,21,72,71,10,21,21,21,9,21,160,147,48,21,21,21,71,12,25,25,25,21,21,21,21,21,21,21,21,21,21,21,21,21,21,21,21,21,21,21,21,21,21,21,21,21,21,21,21,21,21,21,21,21,21,21,21,21,21,185,146,62,51,28,21,21,21,28,21,77,68,39,21,21,21,21,2,63,32,49,21,21,21,15,21,77,77,21,21,21,21,21,21,70,59,21,57,21,21,21,21,136,47,39,31,21,21,21,21,21,79,73,29,21,21,21,8,10,60,58,15,21,21,21,16,21,51,52,21,21,21,21,9,6,105,105,22,21,21,21,29,21,41,41,21,41,21,21,21,21,21,21,21,21,21,21,21,21,21,21,21,21,21,21,21,21,21,21,21,21,21,21,21,21,21,21,21,21,21,21,21,21,21
2013thru2017,50,05000US48315,"Marion County, Texas",48,315,4455,3530,690,230,105,130,0,0,0,0,0,130,90,20,0,0,0,0,15,95,85,10,0,0,0,0,0,100,40,60,0,0,0,0,0,140,100,40,0,0,0,0,0,2770,140,75,65,0,0,0,0,0,285,230,55,0,0,0,0,0,425,240,135,0,15,0,35,0,355,265,45,0,10,10,25,0,1570,1305,200,0,4,0,45,10,65,65,55,10,0,0,0,0,0,0,0,0,0,0,0,0,0,0,0,0,0,0,0,0,0,0,0,0,0,0,0,0,0,0,0,0,0,0,0,0,0,930,515,235,110,125,0,0,0,0,0,110,85,20,0,0,0,0,4,135,110,25,0,0,0,0,0,4,4,0,0,0,0,0,0,30,25,4,0,0,0,0,0,410,40,20,15,0,4,0,0,0,60,25,35,0,0,0,0,0,150,100,55,0,0,0,0,0,40,30,0,0,0,0,10,0,125,55,40,0,0,0,30,0,4,4,0,4,0,0,0,0,0,0,0,0,0,0,0,0,0,0,0,0,0,0,0,0,0,0,0,0,0,0,0,0,0,0,0,0,0,0,0,0,0,214,221,163,95,71,76,21,21,21,21,21,63,65,16,21,21,21,21,25,67,65,17,21,21,21,21,21,61,30,52,21,21,21,21,21,80,66,41,21,21,21,21,21,231,77,60,53,21,21,21,21,21,95,90,44,21,21,21,21,21,99,80,71,21,22,21,35,21,106,92,37,21,14,14,22,21,204,167,88,21,12,21,36,21,45,45,43,15,21,21,21,21,21,21,21,21,21,21,21,21,21,21,21,21,21,21,21,21,21,21,21,21,21,21,21,21,21,21,21,21,21,21,21,21,21,187,165,84,63,62,21,21,21,21,21,81,75,31,21,21,21,21,11,93,83,28,21,21,21,21,21,4,4,21,21,21,21,21,21,39,36,14,21,21,21,21,21,125,32,24,18,21,6,21,21,21,40,34,32,21,21,21,21,21,79,63,51,21,21,21,21,21,31,28,21,21,21,21,17,21,61,41,40,21,21,21,35,21,6,6,21,6,21,21,21,21,21,21,21,21,21,21,21,21,21,21,21,21,21,21,21,21,21,21,21,21,21,21,21,21,21,21,21,21,21,21,21,21,21
2013thru2017,50,05000US48317,"Martin County, Texas",48,317,1635,1260,255,55,4,0,0,0,0,50,0,20,20,0,0,0,0,0,0,85,50,4,0,15,0,10,0,30,15,0,0,0,0,15,0,70,25,0,0,0,0,45,0,990,15,4,0,0,0,0,10,0,4,4,0,0,0,0,0,0,110,40,0,0,10,0,55,4,145,95,0,0,0,0,50,0,715,525,0,0,0,0,190,0,20,20,10,0,0,0,0,10,0,0,0,0,0,0,0,0,0,0,0,0,0,0,0,0,0,0,0,0,0,0,0,0,0,0,0,0,0,0,0,0,0,375,115,15,15,0,0,0,0,0,0,65,25,0,0,0,0,40,0,10,4,0,0,0,0,4,0,0,0,0,0,0,0,0,0,25,25,0,0,0,0,0,0,255,15,0,0,0,0,0,15,0,10,0,0,0,0,0,10,0,60,25,0,0,0,0,35,0,30,20,0,0,0,0,4,0,150,105,0,0,0,0,40,0,0,0,0,0,0,0,0,0,0,0,0,0,0,0,0,0,0,0,0,0,0,0,0,0,0,0,0,0,0,0,0,0,0,0,0,0,0,0,0,0,0,84,117,78,45,18,19,19,19,19,41,19,18,18,19,19,19,19,19,19,52,42,11,19,30,19,21,19,30,24,19,19,19,19,18,19,42,18,19,19,19,19,42,19,125,19,2,19,19,19,19,16,19,15,15,19,19,19,19,19,19,49,32,19,19,13,19,36,1,62,52,19,19,19,19,38,19,109,96,19,19,19,19,53,19,23,23,19,19,19,19,19,15,19,19,19,19,19,19,19,19,19,19,19,19,19,19,19,19,19,19,19,19,19,19,19,19,19,19,19,19,19,19,19,19,19,96,60,26,26,19,19,19,19,19,19,47,26,19,19,19,19,39,19,12,5,19,19,19,19,4,19,19,19,19,19,19,19,19,19,31,31,19,19,19,19,19,19,82,17,19,19,19,19,19,17,19,14,19,19,19,19,19,14,19,44,27,19,19,19,19,37,19,26,25,19,19,19,19,16,19,65,53,19,19,19,19,41,19,19,19,19,19,19,19,19,19,19,19,19,19,19,19,19,19,19,19,19,19,19,19,19,19,19,19,19,19,19,19,19,19,19,19,19,19,19,19,19,19,19
2013thru2017,50,05000US48319,"Mason County, Texas",48,319,1620,1185,280,85,40,0,4,0,0,40,0,70,65,0,0,0,0,4,0,55,40,0,4,0,0,10,0,30,15,0,0,0,0,15,0,40,40,0,0,4,0,0,0,905,4,4,0,0,0,0,0,0,15,0,0,0,0,0,15,0,140,95,0,0,0,0,35,15,125,125,0,0,0,0,0,0,615,510,0,0,0,0,110,0,4,4,4,0,0,0,0,0,0,0,0,0,0,0,0,0,0,0,0,0,0,0,0,0,0,0,0,0,0,0,0,0,0,0,0,0,0,0,0,0,0,435,145,60,30,0,0,0,0,30,0,40,40,0,0,0,0,0,0,25,25,0,0,0,0,0,0,20,0,0,0,0,0,20,0,0,0,0,0,0,0,0,0,295,65,40,0,0,0,0,25,0,15,15,0,0,0,0,0,0,85,60,0,0,0,0,20,4,30,15,0,0,0,0,15,0,95,85,0,0,0,0,10,0,0,0,0,0,0,0,0,0,0,0,0,0,0,0,0,0,0,0,0,0,0,0,0,0,0,0,0,0,0,0,0,0,0,0,0,0,0,0,0,0,0,150,131,93,56,40,13,14,13,13,30,13,45,44,13,13,13,13,5,13,46,41,13,13,13,13,14,13,35,30,13,13,13,13,23,13,37,34,13,13,2,13,13,13,121,1,1,13,13,13,13,13,13,26,13,13,13,13,13,26,13,62,49,13,13,13,13,39,20,71,71,13,13,13,13,13,13,120,95,13,13,13,13,67,13,5,5,5,13,13,13,13,13,13,13,13,13,13,13,13,13,13,13,13,13,13,13,13,13,13,13,13,13,13,13,13,13,13,13,13,13,13,13,13,13,13,106,64,51,27,13,13,13,13,47,13,37,37,13,13,13,13,13,13,31,31,13,13,13,13,13,13,33,13,13,13,13,13,33,13,13,13,13,13,13,13,13,13,93,53,40,13,13,13,13,35,13,15,15,13,13,13,13,13,13,54,44,13,13,13,13,26,17,36,27,13,13,13,13,27,13,48,45,13,13,13,13,16,13,13,13,13,13,13,13,13,13,13,13,13,13,13,13,13,13,13,13,13,13,13,13,13,13,13,13,13,13,13,13,13,13,13,13,13,13,13,13,13,13,13
2013thru2017,50,05000US48321,"Matagorda County, Texas",48,321,13810,9360,2310,930,555,200,0,0,0,170,0,465,185,105,30,0,10,130,0,400,305,0,4,0,0,90,0,55,35,4,0,0,0,20,0,465,215,15,0,0,0,230,0,6850,80,55,30,0,0,0,0,0,565,175,30,95,4,0,255,0,970,445,110,0,10,0,405,0,700,415,55,0,0,0,230,0,4530,3015,235,60,10,20,1190,4,200,200,105,30,0,0,0,65,0,0,0,0,0,0,0,0,0,0,0,0,0,0,0,0,0,0,0,0,0,0,0,0,0,0,0,0,0,0,0,0,0,4450,1680,650,325,180,0,0,0,120,25,565,160,150,0,0,0,250,0,300,110,4,0,0,0,180,4,90,60,0,0,0,0,25,0,75,45,10,0,0,0,20,0,2690,150,40,25,0,0,0,80,0,165,4,100,0,0,0,60,0,405,70,85,0,0,0,255,0,540,205,70,0,0,0,255,15,1430,520,270,0,4,0,615,15,80,80,0,35,15,0,0,35,0,0,0,0,0,0,0,0,0,0,0,0,0,0,0,0,0,0,0,0,0,0,0,0,0,0,0,0,0,0,0,0,0,496,472,366,254,184,140,28,28,28,109,28,183,97,84,42,28,23,93,28,127,116,28,28,28,28,55,28,49,39,8,28,28,28,32,28,174,113,22,28,28,28,121,28,486,53,51,26,28,28,28,28,28,159,94,38,53,15,28,134,28,213,134,77,28,19,28,137,28,190,124,53,28,28,28,118,28,440,306,99,67,16,34,264,28,107,107,76,44,28,28,28,59,28,28,28,28,28,28,28,28,28,28,28,28,28,28,28,28,28,28,28,28,28,28,28,28,28,28,28,28,28,28,28,28,28,425,315,203,145,109,28,28,28,78,37,190,72,111,28,28,28,119,28,113,57,16,28,28,28,94,16,77,63,28,28,28,28,44,28,61,48,18,28,28,28,32,28,359,99,44,42,28,28,28,101,28,116,10,85,28,28,28,88,28,146,55,76,28,28,28,117,28,223,132,72,28,28,28,153,25,273,146,127,28,20,28,182,36,68,68,28,52,25,28,28,36,28,28,28,28,28,28,28,28,28,28,28,28,28,28,28,28,28,28,28,28,28,28,28,28,28,28,28,28,28,28,28,28,28
2013thru2017,50,05000US48323,"Maverick County, Texas",48,323,16415,11170,3125,860,4,0,0,4,0,855,0,560,30,0,0,0,0,530,0,875,0,0,0,0,0,875,0,275,0,0,0,4,0,275,0,550,10,0,0,4,0,535,0,8020,510,4,0,0,0,0,510,0,1220,10,0,0,10,0,1200,0,1145,25,0,0,10,0,1115,0,720,30,0,0,4,0,690,0,4425,175,15,45,125,0,4060,0,25,25,0,0,0,0,0,25,0,0,0,0,0,0,0,0,0,0,0,0,0,0,0,0,0,0,0,0,0,0,0,0,0,0,0,0,0,0,0,0,0,5245,2495,1065,50,0,0,4,0,1010,0,640,4,0,0,15,0,620,0,245,4,0,0,4,0,240,0,185,0,0,0,0,0,185,0,365,0,0,0,4,0,360,0,2650,410,0,0,0,10,0,395,4,440,0,0,0,4,0,435,0,520,10,0,0,4,0,505,0,245,25,0,0,4,0,215,0,1040,110,15,4,20,0,890,0,100,100,0,0,0,0,0,100,0,0,0,0,0,0,0,0,0,0,0,0,0,0,0,0,0,0,0,0,0,0,0,0,0,0,0,0,0,0,0,0,0,297,374,414,208,9,31,31,4,31,209,31,165,43,31,31,31,31,166,31,222,31,31,31,31,31,222,31,153,31,31,31,7,31,152,31,176,17,31,31,15,31,174,31,449,162,3,31,31,31,31,162,31,273,17,31,31,14,31,277,31,244,23,31,31,14,31,244,31,205,29,31,31,6,31,200,31,452,85,29,48,88,31,437,31,34,34,31,31,31,31,31,34,31,31,31,31,31,31,31,31,31,31,31,31,31,31,31,31,31,31,31,31,31,31,31,31,31,31,31,31,31,31,31,31,31,397,387,254,50,31,31,3,31,246,31,240,15,31,31,17,31,239,31,95,1,31,31,7,31,97,31,95,31,31,31,31,31,95,31,171,31,31,31,4,31,170,31,346,152,31,31,31,20,31,153,10,161,31,31,31,6,31,161,31,191,14,31,31,10,31,189,31,122,40,31,31,3,31,119,31,270,69,24,10,28,31,246,31,61,61,31,31,31,31,31,61,31,31,31,31,31,31,31,31,31,31,31,31,31,31,31,31,31,31,31,31,31,31,31,31,31,31,31,31,31,31,31,31,31
2013thru2017,50,05000US48325,"Medina County, Texas",48,325,15155,12450,2475,910,425,0,0,15,0,470,0,520,235,50,0,0,0,235,0,305,160,0,0,0,0,145,0,220,80,0,0,0,0,140,0,520,315,0,0,0,0,205,0,9885,440,215,35,0,0,0,195,0,760,260,10,0,0,0,495,0,1555,790,0,30,10,0,710,20,1100,480,0,0,0,0,620,0,6025,3865,55,35,25,0,1910,140,85,85,55,0,0,0,10,25,0,0,0,0,0,0,0,0,0,0,0,0,0,0,0,0,0,0,0,0,0,0,0,0,0,0,0,0,0,0,0,0,0,2705,870,430,195,0,0,0,0,230,0,315,110,10,0,0,0,195,0,70,45,0,0,0,0,25,0,4,4,0,0,0,0,0,0,55,15,0,0,0,0,40,0,1810,165,80,0,0,0,0,80,10,170,90,0,0,0,0,80,0,395,290,0,0,0,0,95,4,380,210,0,0,0,0,170,0,700,275,0,0,0,0,425,0,25,25,25,0,0,0,0,0,0,0,0,0,0,0,0,0,0,0,0,0,0,0,0,0,0,0,0,0,0,0,0,0,0,0,0,0,0,0,0,0,0,469,498,329,202,117,28,28,25,28,154,28,168,119,77,28,28,28,114,28,106,83,28,28,28,28,68,28,108,56,28,28,28,28,97,28,150,120,28,28,28,28,93,28,433,171,139,63,28,28,28,90,28,209,110,16,28,28,28,167,28,281,190,28,41,22,28,210,33,207,132,28,28,28,28,189,28,387,292,57,34,42,28,247,81,56,56,44,28,28,28,15,27,28,28,28,28,28,28,28,28,28,28,28,28,28,28,28,28,28,28,28,28,28,28,28,28,28,28,28,28,28,28,28,28,28,348,187,145,91,28,28,28,28,116,28,125,71,21,28,28,28,106,28,53,45,28,28,28,28,31,28,15,15,28,28,28,28,28,28,49,15,28,28,28,28,48,28,318,67,47,28,28,28,28,53,18,92,67,28,28,28,28,64,28,137,117,28,28,28,28,69,20,190,113,28,28,28,28,149,28,209,129,28,28,28,28,181,28,30,30,30,28,28,28,28,28,28,28,28,28,28,28,28,28,28,28,28,28,28,28,28,28,28,28,28,28,28,28,28,28,28,28,28,28,28,28,28,28,28
2013thru2017,50,05000US48327,"Menard County, Texas",48,327,965,645,160,20,15,0,0,0,0,4,0,45,30,0,0,0,0,15,0,35,25,0,0,0,0,10,0,25,10,0,0,0,0,15,0,30,0,0,0,0,0,30,0,480,20,4,0,0,0,0,15,0,4,0,0,0,0,0,4,0,120,75,0,0,4,0,40,0,85,50,0,0,0,0,10,20,245,210,0,0,0,0,25,10,4,4,4,0,0,0,0,0,0,0,0,0,0,0,0,0,0,0,0,0,0,0,0,0,0,0,0,0,0,0,0,0,0,0,0,0,0,0,0,0,0,320,95,35,0,0,0,0,0,35,0,40,40,0,0,0,0,0,0,25,20,0,0,0,0,4,0,0,0,0,0,0,0,0,0,0,0,0,0,0,0,0,0,225,10,0,0,0,0,0,10,0,65,20,10,0,0,0,35,0,30,0,0,0,0,0,30,0,30,10,0,0,0,0,15,0,90,45,0,0,0,0,45,0,0,0,0,0,0,0,0,0,0,0,0,0,0,0,0,0,0,0,0,0,0,0,0,0,0,0,0,0,0,0,0,0,0,0,0,0,0,0,0,0,0,104,88,63,22,21,13,13,13,13,6,13,36,33,13,13,13,13,21,13,33,28,13,13,13,13,19,13,33,14,13,13,13,13,31,13,31,13,13,13,13,13,31,13,92,27,9,13,13,13,13,29,13,10,13,13,13,13,13,10,13,50,43,13,13,14,13,30,13,47,35,13,13,13,13,19,25,78,76,13,13,13,13,27,16,7,7,7,13,13,13,13,13,13,13,13,13,13,13,13,13,13,13,13,13,13,13,13,13,13,13,13,13,13,13,13,13,13,13,13,13,13,13,13,13,13,84,52,32,13,13,13,13,13,32,13,42,42,13,13,13,13,13,13,27,24,13,13,13,13,15,13,13,13,13,13,13,13,13,13,13,13,13,13,13,13,13,13,65,14,13,13,13,13,13,14,13,46,27,17,13,13,13,34,13,30,13,13,13,13,13,30,13,31,19,13,13,13,13,26,13,45,32,13,13,13,13,45,13,13,13,13,13,13,13,13,13,13,13,13,13,13,13,13,13,13,13,13,13,13,13,13,13,13,13,13,13,13,13,13,13,13,13,13,13,13,13,13,13,13
2013thru2017,50,05000US48329,"Midland County, Texas",48,329,55045,36750,6865,1415,590,95,10,10,0,695,20,925,530,60,10,0,0,330,0,1860,1005,35,25,55,4,730,0,1145,450,95,0,0,0,605,0,1510,780,4,35,0,0,615,75,29665,480,235,65,0,0,0,180,0,1605,605,155,20,0,0,805,25,3300,1620,290,70,10,0,1295,15,2600,1375,60,20,0,0,1145,0,21675,15235,495,265,135,0,5325,220,225,225,125,20,20,0,0,60,0,0,0,0,0,0,0,0,0,0,0,0,0,0,0,0,0,0,0,0,0,0,0,0,0,0,0,0,0,0,0,0,0,18295,8845,1910,735,225,0,0,0,940,10,2300,775,550,0,25,0,950,0,2460,850,325,65,0,0,1220,0,695,295,65,0,0,0,335,0,1480,740,150,80,0,0,495,15,9295,185,125,0,0,0,0,60,0,310,185,60,0,0,0,65,0,970,385,70,0,0,0,485,25,1185,630,85,15,0,10,385,60,6645,3615,390,130,70,0,2370,75,155,155,100,25,0,0,0,30,0,0,0,0,0,0,0,0,0,0,0,0,0,0,0,0,0,0,0,0,0,0,0,0,0,0,0,0,0,0,0,0,0,619,724,621,300,179,68,18,16,31,235,30,231,194,68,15,31,31,126,31,367,260,36,29,77,18,250,31,320,176,53,31,31,31,249,31,303,238,12,38,31,31,186,73,740,176,134,58,31,31,31,95,31,308,159,85,24,31,31,204,29,465,338,127,45,21,31,308,27,332,261,39,19,31,31,261,31,675,520,157,100,109,31,489,109,109,109,91,35,32,31,31,57,31,31,31,31,31,31,31,31,31,31,31,31,31,31,31,31,31,31,31,31,31,31,31,31,31,31,31,31,31,31,31,31,31,807,705,343,207,106,31,31,31,254,16,421,215,250,31,38,31,290,31,436,240,137,60,31,31,292,31,206,110,71,31,31,31,184,31,363,236,138,90,31,31,206,31,735,90,74,31,31,31,31,39,31,145,115,62,31,31,31,55,31,251,133,67,31,31,31,209,28,309,255,61,24,31,29,166,64,678,474,156,104,78,31,430,54,102,102,88,30,31,31,31,41,31,31,31,31,31,31,31,31,31,31,31,31,31,31,31,31,31,31,31,31,31,31,31,31,31,31,31,31,31,31,31,31,31
2013thru2017,50,05000US48331,"Milam County, Texas",48,331,9435,6445,1420,410,230,25,0,0,0,155,0,385,260,50,0,0,0,75,0,310,135,55,0,0,0,115,0,70,30,0,0,0,0,35,4,240,130,0,4,0,0,100,10,5005,80,35,10,0,0,0,35,0,260,200,20,0,0,0,30,10,760,570,50,4,0,0,130,4,615,530,60,0,0,0,25,4,3285,2765,120,10,15,0,355,20,20,20,20,0,0,0,0,0,0,0,0,0,0,0,0,0,0,0,0,0,0,0,0,0,0,0,0,0,0,0,0,0,0,0,0,0,0,0,0,0,0,2995,1190,450,205,110,0,0,0,120,15,480,180,60,0,0,0,240,4,210,125,20,0,0,0,60,0,15,15,0,0,0,0,0,0,35,20,0,0,0,0,15,0,1765,100,55,25,0,0,0,25,0,215,125,55,0,10,0,25,0,420,225,15,0,0,0,180,0,365,155,0,0,0,0,205,0,670,450,155,4,0,0,60,0,35,35,35,4,0,0,0,0,0,0,0,0,0,0,0,0,0,0,0,0,0,0,0,0,0,0,0,0,0,0,0,0,0,0,0,0,0,0,0,0,0,303,354,282,188,105,30,25,25,25,145,25,112,94,41,25,25,25,56,25,144,64,74,25,25,25,111,25,56,26,25,25,25,25,50,4,86,48,25,4,25,25,67,16,323,44,39,16,25,25,25,34,25,99,90,28,25,25,25,45,13,195,161,39,13,25,25,86,7,141,136,38,25,25,25,21,3,282,253,81,11,20,25,125,18,23,23,23,25,25,25,25,25,25,25,25,25,25,25,25,25,25,25,25,25,25,25,25,25,25,25,25,25,25,25,25,25,25,25,25,25,25,25,25,25,25,336,272,191,108,91,25,25,25,104,28,186,106,50,25,25,25,143,4,109,81,32,25,25,25,61,25,21,21,25,25,25,25,25,25,40,35,25,25,25,25,20,25,300,53,33,29,25,25,25,27,25,123,93,52,25,15,25,28,25,156,123,26,25,25,25,93,25,205,77,25,25,25,25,201,25,149,118,78,19,25,25,53,25,26,26,24,25,25,25,25,25,25,25,25,25,25,25,25,25,25,25,25,25,25,25,25,25,25,25,25,25,25,25,25,25,25,25,25,25,25,25,25,25,25
2013thru2017,50,05000US48333,"Mills County, Texas",48,333,1835,1555,335,85,60,0,0,0,0,25,0,125,80,0,4,0,0,40,0,25,15,0,0,0,0,4,0,40,40,0,0,0,0,0,0,65,65,0,0,0,0,0,0,1195,15,15,0,0,0,0,0,0,105,105,0,0,0,0,0,0,190,160,0,0,0,0,30,4,115,105,0,0,0,0,4,0,775,670,0,0,0,0,105,0,20,20,20,0,0,0,0,0,0,0,0,0,0,0,0,0,0,0,0,0,0,0,0,0,0,0,0,0,0,0,0,0,0,0,0,0,0,0,0,0,0,280,100,65,65,0,0,0,0,0,0,20,20,0,0,0,0,0,0,15,15,0,0,0,0,0,0,0,0,0,0,0,0,0,0,0,0,0,0,0,0,0,0,180,20,4,0,0,0,0,15,0,25,25,0,0,0,0,0,0,25,20,0,0,0,0,4,0,45,45,0,0,0,0,0,0,60,60,0,0,0,0,0,0,0,0,0,0,0,0,0,0,0,0,0,0,0,0,0,0,0,0,0,0,0,0,0,0,0,0,0,0,0,0,0,0,0,0,0,0,0,0,0,0,0,147,136,84,41,38,13,13,13,13,19,13,62,47,13,4,13,13,31,13,18,14,13,13,13,13,15,13,37,37,13,13,13,13,13,13,32,32,13,13,13,13,13,13,150,21,21,13,13,13,13,13,13,58,58,13,13,13,13,13,13,69,64,13,13,13,13,27,3,56,54,13,13,13,13,11,13,114,110,13,13,13,13,56,13,22,22,22,13,13,13,13,13,13,13,13,13,13,13,13,13,13,13,13,13,13,13,13,13,13,13,13,13,13,13,13,13,13,13,13,13,13,13,13,13,13,75,44,40,40,13,13,13,13,13,13,17,17,13,13,13,13,13,13,14,14,13,13,13,13,13,13,13,13,13,13,13,13,13,13,13,13,13,13,13,13,13,13,58,16,3,13,13,13,13,17,13,23,23,13,13,13,13,13,13,24,21,13,13,13,13,12,13,29,29,13,13,13,13,13,13,39,39,13,13,13,13,13,13,13,13,13,13,13,13,13,13,13,13,13,13,13,13,13,13,13,13,13,13,13,13,13,13,13,13,13,13,13,13,13,13,13,13,13,13,13,13,13,13,13
2013thru2017,50,05000US48335,"Mitchell County, Texas",48,335,2640,2005,225,50,10,25,0,0,0,15,0,85,30,0,0,0,0,50,0,15,4,0,0,0,0,10,0,4,4,0,0,0,0,4,0,70,25,0,0,0,0,40,4,1780,30,4,4,0,0,0,25,0,225,140,0,0,0,0,80,0,210,130,0,0,0,0,80,0,350,240,4,0,0,0,110,0,965,715,10,0,4,0,235,4,0,0,0,0,0,0,0,0,0,0,0,0,0,0,0,0,0,0,0,0,0,0,0,0,0,0,0,0,0,0,0,0,0,0,0,0,0,0,0,0,0,635,120,30,25,0,0,0,0,4,0,55,0,30,0,0,0,20,0,25,25,0,0,0,0,0,0,10,0,10,0,0,0,0,0,0,0,0,0,0,0,0,0,515,0,0,0,0,0,0,0,0,40,40,0,0,0,0,4,0,80,25,0,0,0,0,55,0,95,80,0,0,0,0,15,0,300,120,0,0,4,0,175,0,0,0,0,0,0,0,0,0,0,0,0,0,0,0,0,0,0,0,0,0,0,0,0,0,0,0,0,0,0,0,0,0,0,0,0,0,0,0,0,0,0,217,209,89,50,10,46,19,19,19,19,19,51,24,19,19,19,19,46,19,26,5,19,19,19,19,26,19,2,1,19,19,19,19,4,19,62,34,19,19,19,19,50,13,189,40,16,4,19,19,19,38,19,109,68,19,19,19,19,75,19,82,73,19,19,19,19,51,19,158,133,5,19,19,19,94,19,143,138,26,19,7,19,92,9,19,19,19,19,19,19,19,19,19,19,19,19,19,19,19,19,19,19,19,19,19,19,19,19,19,19,19,19,19,19,19,19,19,19,19,19,19,19,19,19,19,194,79,36,35,19,19,19,19,1,19,80,19,68,19,19,19,40,19,28,28,19,19,19,19,19,19,21,19,21,19,19,19,19,19,19,19,19,19,19,19,19,19,176,19,19,19,19,19,19,19,19,41,35,19,19,19,19,9,19,60,24,19,19,19,19,58,19,62,60,19,19,19,19,22,19,157,73,19,19,6,19,139,19,19,19,19,19,19,19,19,19,19,19,19,19,19,19,19,19,19,19,19,19,19,19,19,19,19,19,19,19,19,19,19,19,19,19,19,19,19,19,19,19,19
2013thru2017,50,05000US48337,"Montague County, Texas",48,337,8045,5785,1190,250,210,0,0,0,0,35,0,310,225,0,0,0,0,15,70,305,275,0,0,0,0,30,0,140,125,0,0,0,0,4,10,185,175,0,0,0,0,10,0,4520,50,40,0,0,0,0,10,0,295,240,4,0,0,0,0,50,640,620,0,0,0,0,20,0,370,335,0,0,15,0,20,0,3165,3015,0,0,10,0,120,25,75,75,75,0,0,0,0,0,0,0,0,0,0,0,0,0,0,0,0,0,0,0,0,0,0,0,0,0,0,0,0,0,0,0,0,0,0,0,0,0,0,2260,925,235,200,0,0,0,0,40,0,215,205,0,0,0,0,10,0,340,275,0,4,0,0,35,25,100,35,0,0,0,0,0,65,35,30,0,0,4,0,0,0,1280,130,125,0,0,0,0,4,0,165,145,0,0,0,0,20,0,315,305,0,0,0,0,10,0,140,135,0,0,0,0,10,0,530,475,0,0,0,0,50,0,55,55,4,0,0,0,0,50,0,0,0,0,0,0,0,0,0,0,0,0,0,0,0,0,0,0,0,0,0,0,0,0,0,0,0,0,0,0,0,0,0,279,281,277,91,89,21,21,21,21,31,21,116,84,21,21,21,21,20,75,113,115,21,21,21,21,35,21,129,129,21,21,21,21,11,16,64,61,21,21,21,21,16,21,321,34,32,21,21,21,21,16,21,107,85,15,21,21,21,21,73,150,151,21,21,21,21,19,21,104,106,21,21,26,21,24,21,298,286,21,21,15,21,67,25,82,82,82,21,21,21,21,21,21,21,21,21,21,21,21,21,21,21,21,21,21,21,21,21,21,21,21,21,21,21,21,21,21,21,21,21,21,21,21,21,21,292,204,87,81,21,21,21,21,33,21,107,106,21,21,21,21,14,21,129,135,21,3,21,21,44,30,102,41,21,21,21,21,21,92,26,26,21,21,2,21,21,21,210,70,69,21,21,21,21,11,21,80,79,21,21,21,21,26,21,114,110,21,21,21,21,18,21,72,70,21,21,21,21,15,21,148,123,21,21,21,21,71,21,64,64,11,21,21,21,21,63,21,21,21,21,21,21,21,21,21,21,21,21,21,21,21,21,21,21,21,21,21,21,21,21,21,21,21,21,21,21,21,21,21
2013thru2017,50,05000US48339,"Montgomery County, Texas",48,339,186860,133080,28460,5585,3615,95,115,0,0,1705,55,6575,3845,260,4,15,0,2400,45,6285,4345,255,60,4,0,1530,100,3000,2275,90,75,45,0,490,25,7015,5425,260,220,0,0,1110,0,103755,1505,1040,50,0,0,0,415,0,4235,2880,140,95,0,0,1085,30,8855,6550,255,340,4,0,1635,70,7925,6185,180,130,25,0,1340,65,81230,67475,2480,2095,155,165,7815,1050,870,870,595,0,50,0,0,220,0,0,0,0,0,0,0,0,0,0,0,0,0,0,0,0,0,0,0,0,0,0,0,0,0,0,0,0,0,0,0,0,0,53780,22630,6220,3775,720,80,10,0,1545,95,6135,3295,585,255,15,0,1775,200,6835,4305,470,135,0,0,1750,175,1375,1055,115,40,0,0,165,0,2065,1450,100,235,0,0,225,55,30550,1620,940,180,35,0,0,440,20,1440,1020,100,0,0,0,245,75,4595,2695,270,70,25,0,1510,20,4470,3000,170,135,0,0,1165,0,18425,13245,1835,590,25,0,2340,390,595,595,345,45,35,0,0,170,0,0,0,0,0,0,0,0,0,0,0,0,0,0,0,0,0,0,0,0,0,0,0,0,0,0,0,0,0,0,0,0,0,1312,1836,1401,634,521,59,83,31,31,385,46,773,489,207,15,19,31,487,40,720,609,194,76,4,31,430,123,495,420,108,75,50,31,162,40,702,630,136,137,31,31,323,31,1957,318,257,44,31,31,31,180,31,592,487,91,113,31,31,311,36,744,651,97,206,9,31,329,59,776,701,99,87,24,31,393,83,1840,1593,547,348,86,156,889,239,232,232,190,31,53,31,31,127,31,31,31,31,31,31,31,31,31,31,31,31,31,31,31,31,31,31,31,31,31,31,31,31,31,31,31,31,31,31,31,31,31,1727,1216,667,508,268,97,20,31,515,74,678,511,249,149,19,31,416,105,807,551,219,82,31,31,485,132,306,284,80,44,31,31,116,31,434,351,118,177,31,31,131,49,1541,364,285,114,52,31,31,208,35,301,235,85,31,31,31,115,74,651,431,151,51,36,31,409,35,696,587,105,128,31,31,355,31,1260,958,533,171,34,31,503,177,255,255,178,37,45,31,31,148,31,31,31,31,31,31,31,31,31,31,31,31,31,31,31,31,31,31,31,31,31,31,31,31,31,31,31,31,31,31,31,31,31
2013thru2017,50,05000US48341,"Moore County, Texas",48,341,6725,4295,835,90,60,0,0,0,0,30,0,70,55,0,0,0,0,15,0,300,125,0,0,0,0,175,0,100,65,0,0,0,0,30,0,280,15,0,100,0,0,165,0,3455,15,10,0,0,0,0,4,0,210,50,0,0,0,0,160,0,315,210,0,0,0,0,70,30,295,185,0,0,0,0,115,0,2625,1580,75,4,0,0,935,30,4,4,4,0,0,0,0,0,0,0,0,0,0,0,0,0,0,0,0,0,0,0,0,0,0,0,0,0,0,0,0,0,0,0,0,0,0,0,0,0,0,2430,985,225,25,0,40,20,0,145,0,330,55,0,50,0,0,225,0,280,15,15,40,0,0,205,0,90,45,0,10,0,0,40,0,60,4,0,35,0,0,25,0,1420,50,35,0,0,0,0,15,0,65,40,0,0,0,0,25,0,250,90,0,4,0,0,155,0,265,65,75,0,0,0,125,0,790,335,120,25,0,0,305,0,30,30,20,0,0,0,0,0,10,0,0,0,0,0,0,0,0,0,0,0,0,0,0,0,0,0,0,0,0,0,0,0,0,0,0,0,0,0,0,0,0,234,356,217,54,50,25,25,25,25,27,25,39,38,25,25,25,25,14,25,131,80,25,25,25,25,104,25,65,51,25,25,25,25,44,25,130,17,25,70,25,25,98,25,290,20,19,25,25,25,25,3,25,87,37,25,25,25,25,81,25,106,86,25,25,25,25,50,60,111,92,25,25,25,25,61,25,287,182,74,8,25,25,206,32,3,3,3,25,25,25,25,25,25,25,25,25,25,25,25,25,25,25,25,25,25,25,25,25,25,25,25,25,25,25,25,25,25,25,25,25,25,25,25,25,25,325,262,112,23,25,52,20,25,91,25,150,48,25,56,25,25,123,25,148,24,31,59,25,25,134,25,80,58,25,14,25,25,40,25,59,3,25,53,25,25,31,25,249,49,41,25,25,25,25,29,25,50,41,25,25,25,25,26,25,94,50,25,16,25,25,80,25,132,59,94,25,25,25,86,25,206,130,85,31,25,25,135,25,30,30,26,25,25,25,25,25,16,25,25,25,25,25,25,25,25,25,25,25,25,25,25,25,25,25,25,25,25,25,25,25,25,25,25,25,25,25,25,25,25
2013thru2017,50,05000US48343,"Morris County, Texas",48,343,5025,3730,635,125,55,15,0,0,0,50,4,140,80,60,0,0,0,4,0,240,160,80,0,0,0,4,0,25,0,0,0,0,0,25,0,105,65,25,0,0,0,10,0,3065,20,10,10,0,0,0,0,4,205,145,55,0,0,0,4,0,585,460,115,0,0,0,4,10,545,300,175,0,15,0,20,30,1710,1460,190,10,0,0,55,0,30,30,30,4,0,0,0,0,0,0,0,0,0,0,0,0,0,0,0,0,0,0,0,0,0,0,0,0,0,0,0,0,0,0,0,0,0,0,0,0,0,1290,535,205,95,90,0,15,0,4,0,205,85,75,0,0,0,45,0,50,4,45,0,0,0,0,0,10,10,0,0,0,0,0,0,65,50,15,0,0,0,0,0,705,125,50,75,0,0,0,0,0,75,55,15,0,0,0,0,0,170,75,65,0,0,0,25,0,70,30,20,0,0,0,15,0,265,190,55,0,0,0,25,0,50,50,4,45,0,0,0,0,0,0,0,0,0,0,0,0,0,0,0,0,0,0,0,0,0,0,0,0,0,0,0,0,0,0,0,0,0,0,0,0,0,143,172,144,68,41,23,21,21,21,54,5,61,40,58,21,21,21,3,21,111,85,68,21,21,21,8,21,33,21,21,21,21,21,33,21,75,64,35,21,21,21,18,21,196,21,13,15,21,21,21,21,9,69,64,38,21,21,21,6,21,166,144,70,21,21,21,1,23,138,101,96,21,28,21,23,21,205,162,89,16,21,21,34,21,32,32,31,2,21,21,21,21,21,21,21,21,21,21,21,21,21,21,21,21,21,21,21,21,21,21,21,21,21,21,21,21,21,21,21,21,21,21,21,21,21,165,107,73,45,45,21,27,21,16,21,73,49,48,21,21,21,33,21,41,14,39,21,21,21,21,21,16,16,21,21,21,21,21,21,46,42,23,21,21,21,21,21,156,71,36,65,21,21,21,21,21,38,33,16,21,21,21,21,21,85,51,65,21,21,21,22,21,47,32,35,21,21,21,21,21,89,74,49,21,21,21,33,21,37,37,15,35,21,21,21,21,21,21,21,21,21,21,21,21,21,21,21,21,21,21,21,21,21,21,21,21,21,21,21,21,21,21,21,21,21,21,21,21,21
2013thru2017,50,05000US48345,"Motley County, Texas",48,345,470,335,75,10,10,0,0,0,0,0,0,15,15,0,0,0,0,0,0,15,15,0,0,0,0,0,0,30,4,10,0,0,0,10,0,4,4,0,0,0,0,0,0,255,4,4,0,0,0,0,0,0,40,40,0,0,0,0,0,0,55,50,0,0,0,0,4,0,30,30,0,0,0,0,0,0,130,125,0,0,0,0,0,4,4,4,4,0,0,0,0,0,0,0,0,0,0,0,0,0,0,0,0,0,0,0,0,0,0,0,0,0,0,0,0,0,0,0,0,0,0,0,0,0,0,135,30,4,0,0,0,0,0,0,4,15,15,0,0,0,0,0,0,10,0,0,0,0,0,10,0,0,0,0,0,0,0,0,0,0,0,0,0,0,0,0,0,105,15,15,0,0,0,0,0,0,10,10,0,0,0,0,0,4,15,15,0,0,0,0,0,0,4,4,0,0,0,0,0,0,55,40,0,0,0,0,15,0,0,0,0,0,0,0,0,0,0,0,0,0,0,0,0,0,0,0,0,0,0,0,0,0,0,0,0,0,0,0,0,0,0,0,0,0,0,0,0,0,0,45,39,28,9,9,13,13,13,13,13,13,15,15,13,13,13,13,13,13,19,19,13,13,13,13,13,13,22,10,7,13,13,13,16,13,12,12,13,13,13,13,13,13,41,13,13,13,13,13,13,13,13,24,24,13,13,13,13,13,13,22,21,13,13,13,13,4,13,18,18,13,13,13,13,13,13,31,30,13,13,13,13,13,4,10,10,10,13,13,13,13,13,13,13,13,13,13,13,13,13,13,13,13,13,13,13,13,13,13,13,13,13,13,13,13,13,13,13,13,13,13,13,13,13,13,36,21,11,13,13,13,13,13,13,11,15,15,13,13,13,13,13,13,11,13,13,13,13,13,11,13,13,13,13,13,13,13,13,13,13,13,13,13,13,13,13,13,34,13,13,13,13,13,13,13,13,18,14,13,13,13,13,13,13,14,14,13,13,13,13,13,13,10,10,13,13,13,13,13,13,30,22,13,13,13,13,21,13,13,13,13,13,13,13,13,13,13,13,13,13,13,13,13,13,13,13,13,13,13,13,13,13,13,13,13,13,13,13,13,13,13,13,13,13,13,13,13,13,13
2013thru2017,50,05000US48347,"Nacogdoches County, Texas",48,347,23825,13310,2605,600,370,130,0,0,0,75,20,650,330,125,0,0,0,170,25,545,290,115,20,4,0,115,0,365,290,30,0,4,0,40,0,445,325,45,0,0,0,75,0,10510,185,100,50,0,10,0,25,0,805,520,105,0,4,0,180,0,1160,830,130,0,0,0,150,55,945,605,110,0,0,0,230,4,7415,6250,465,110,60,0,460,70,195,195,165,0,0,0,0,20,15,0,0,0,0,0,0,0,0,0,0,0,0,0,0,0,0,0,0,0,0,0,0,0,0,0,0,0,0,0,0,0,0,10515,5235,2245,1015,815,4,0,0,305,105,1515,745,485,4,4,0,275,0,1040,480,430,0,0,0,85,45,265,225,25,4,0,0,10,0,170,120,0,0,0,0,50,0,5000,315,120,115,0,0,0,80,0,400,225,115,0,0,0,55,10,775,410,180,10,0,0,155,20,830,465,190,0,0,0,155,25,2680,1725,620,65,10,0,245,20,280,280,95,135,35,0,0,15,0,0,0,0,0,0,0,0,0,0,0,0,0,0,0,0,0,0,0,0,0,0,0,0,0,0,0,0,0,0,0,0,0,456,481,366,140,90,84,31,31,31,49,28,181,135,69,31,31,31,81,25,200,123,89,38,3,31,114,31,138,130,43,31,3,31,42,31,124,100,40,31,31,31,67,31,450,91,75,36,31,15,31,39,31,182,142,44,31,4,31,106,31,192,159,72,31,31,31,86,50,192,144,66,31,31,31,97,4,368,337,144,71,60,31,127,49,108,108,101,31,31,31,31,34,23,31,31,31,31,31,31,31,31,31,31,31,31,31,31,31,31,31,31,31,31,31,31,31,31,31,31,31,31,31,31,31,31,571,408,324,237,208,2,31,31,132,60,311,208,163,16,3,31,130,31,210,154,149,31,31,31,69,63,152,148,31,13,31,31,19,31,106,85,31,31,31,31,51,31,434,116,65,80,31,31,31,79,31,131,106,78,31,31,31,48,17,206,128,86,14,31,31,92,25,216,165,109,31,31,31,97,39,364,263,198,73,22,31,106,26,119,119,55,89,45,31,31,28,31,31,31,31,31,31,31,31,31,31,31,31,31,31,31,31,31,31,31,31,31,31,31,31,31,31,31,31,31,31,31,31,31
2013thru2017,50,05000US48349,"Navarro County, Texas",48,349,17325,11890,2495,585,420,75,4,4,0,85,0,665,335,95,0,0,0,235,4,585,370,55,4,15,0,140,0,320,220,45,0,0,0,55,0,340,255,0,0,0,15,65,4,9335,130,40,4,0,0,0,80,0,435,330,65,0,0,0,40,0,1570,960,165,0,4,0,435,4,1065,660,45,0,0,0,360,0,6135,4845,430,15,15,0,810,25,65,65,30,10,0,0,0,25,0,0,0,0,0,0,0,0,0,0,0,0,0,0,0,0,0,0,0,0,0,0,0,0,0,0,0,0,0,0,0,0,0,5435,2265,830,265,365,4,0,60,110,30,620,320,70,40,0,0,185,0,575,270,130,10,4,15,125,20,90,55,20,4,0,0,10,4,150,120,0,0,0,10,20,0,2980,220,55,160,0,0,0,4,0,465,110,225,0,0,0,130,0,430,235,125,0,0,0,65,0,310,125,175,0,0,0,4,4,1555,990,330,15,10,20,165,30,190,190,45,145,0,0,0,0,0,0,0,0,0,0,0,0,0,0,0,0,0,0,0,0,0,0,0,0,0,0,0,0,0,0,0,0,0,0,0,0,0,411,410,271,124,122,46,4,1,28,58,28,164,97,85,28,28,28,122,6,138,105,46,15,23,28,79,28,103,94,43,28,28,28,46,28,103,85,28,28,28,21,51,7,434,70,37,15,28,28,28,58,28,152,125,59,28,28,28,31,28,237,170,87,28,4,28,148,5,186,105,34,28,28,28,165,28,350,292,124,19,19,28,167,21,47,47,22,13,28,28,28,34,28,28,28,28,28,28,28,28,28,28,28,28,28,28,28,28,28,28,28,28,28,28,28,28,28,28,28,28,28,28,28,28,28,420,303,215,94,163,16,28,70,63,49,181,103,70,53,28,28,102,28,150,100,92,15,4,28,76,28,64,54,35,3,28,28,13,9,108,100,28,28,28,18,22,28,344,109,34,104,28,28,28,12,28,168,52,124,28,28,28,98,28,140,104,76,28,28,28,49,28,147,54,129,28,28,28,8,3,234,181,137,25,15,29,96,30,121,121,37,112,28,28,28,28,28,28,28,28,28,28,28,28,28,28,28,28,28,28,28,28,28,28,28,28,28,28,28,28,28,28,28,28,28,28,28,28,28
2013thru2017,50,05000US48351,"Newton County, Texas",48,351,4780,3955,595,150,90,50,0,0,0,10,0,150,105,40,0,0,0,0,0,115,45,70,0,0,0,0,0,10,10,0,0,0,0,0,0,170,105,40,0,25,0,0,4,3315,100,50,35,0,0,0,0,20,415,235,180,0,0,0,0,0,745,615,120,0,0,0,4,0,180,170,4,0,0,0,0,10,1875,1490,340,0,0,0,20,25,45,45,40,4,0,0,0,0,0,0,0,0,0,0,0,0,0,0,0,0,0,0,0,0,0,0,0,0,0,0,0,0,0,0,0,0,0,0,0,0,0,825,130,65,35,25,0,0,0,0,0,60,50,10,0,0,0,0,4,10,0,10,0,0,0,0,0,0,0,0,0,0,0,0,0,0,0,0,0,0,0,0,0,645,145,100,45,0,0,0,0,0,150,85,65,0,0,0,0,0,85,55,30,0,0,0,0,0,60,60,0,0,0,0,0,0,200,160,15,4,0,0,25,0,50,50,50,0,0,0,0,0,0,0,0,0,0,0,0,0,0,0,0,0,0,0,0,0,0,0,0,0,0,0,0,0,0,0,0,0,0,0,0,0,0,288,263,146,81,65,44,21,21,21,16,21,85,73,46,21,21,21,21,21,71,41,54,21,21,21,21,21,15,15,21,21,21,21,21,21,93,61,56,21,35,21,21,2,263,70,58,44,21,21,21,21,32,177,97,136,21,21,21,21,21,135,135,55,21,21,21,13,21,73,68,6,21,21,21,21,14,230,203,158,21,21,21,23,43,37,37,36,6,21,21,21,21,21,21,21,21,21,21,21,21,21,21,21,21,21,21,21,21,21,21,21,21,21,21,21,21,21,21,21,21,21,21,21,21,21,182,76,42,29,32,21,21,21,21,21,49,46,17,21,21,21,21,5,22,21,22,21,21,21,21,21,21,21,21,21,21,21,21,21,21,21,21,21,21,21,21,21,155,70,58,41,21,21,21,21,21,100,73,63,21,21,21,21,21,42,31,28,21,21,21,21,21,55,55,21,21,21,21,21,21,72,67,14,4,21,21,26,21,55,55,55,21,21,21,21,21,21,21,21,21,21,21,21,21,21,21,21,21,21,21,21,21,21,21,21,21,21,21,21,21,21,21,21,21,21,21,21,21,21
2013thru2017,50,05000US48353,"Nolan County, Texas",48,353,5550,3845,715,265,160,0,0,0,0,95,10,155,80,0,0,0,0,75,0,165,95,30,0,0,0,40,0,25,25,0,0,0,0,0,0,105,55,0,0,0,0,55,0,3120,30,15,10,0,0,0,4,0,265,105,75,0,0,0,85,0,515,405,10,0,4,0,95,0,285,160,0,0,0,0,105,20,2025,1485,10,0,4,0,525,0,10,10,10,0,0,0,0,0,0,0,0,0,0,0,0,0,0,0,0,0,0,0,0,0,0,0,0,0,0,0,0,0,0,0,0,0,0,0,0,0,0,1705,595,215,95,25,0,0,0,100,0,180,90,0,0,0,0,90,0,110,55,10,0,0,0,50,0,45,10,0,0,0,0,35,0,45,40,0,0,0,0,4,0,1090,85,30,10,0,0,0,45,0,220,55,90,0,0,0,75,0,220,110,0,0,0,0,105,0,125,70,0,0,0,0,55,0,440,310,0,10,0,0,120,0,20,20,15,0,0,0,0,4,0,0,0,0,0,0,0,0,0,0,0,0,0,0,0,0,0,0,0,0,0,0,0,0,0,0,0,0,0,0,0,0,0,206,226,157,99,66,21,21,21,21,59,17,68,36,21,21,21,21,60,21,58,45,31,21,21,21,28,21,24,24,21,21,21,21,21,21,71,29,21,21,21,21,60,21,210,22,11,17,21,21,21,13,21,115,51,99,21,21,21,56,21,110,97,17,21,21,21,45,21,78,53,21,21,21,21,52,15,180,146,19,21,6,21,101,21,13,13,13,21,21,21,21,21,21,21,21,21,21,21,21,21,21,21,21,21,21,21,21,21,21,21,21,21,21,21,21,21,21,21,21,21,21,21,21,21,21,232,115,71,45,24,21,21,21,59,21,80,47,21,21,21,21,62,21,57,35,15,21,21,21,37,21,48,15,21,21,21,21,47,21,38,37,21,21,21,21,10,21,214,48,27,17,21,21,21,38,21,92,37,79,21,21,21,49,21,95,72,21,21,21,21,58,21,69,42,21,21,21,21,60,21,136,107,21,21,21,21,76,21,23,23,23,21,21,21,21,17,21,21,21,21,21,21,21,21,21,21,21,21,21,21,21,21,21,21,21,21,21,21,21,21,21,21,21,21,21,21,21,21,21
2013thru2017,50,05000US48355,"Nueces County, Texas",48,355,128855,74465,17180,4055,1270,170,60,0,0,2465,90,3295,1050,50,4,0,0,2140,50,4165,1275,155,30,0,0,2670,35,1425,430,45,10,0,0,930,15,4240,2035,50,210,0,15,1905,25,56795,860,185,0,0,0,0,670,0,3105,775,125,10,20,0,2180,0,6320,2060,205,75,85,0,3860,35,4930,1655,170,50,0,0,3045,10,41580,19405,725,650,80,25,20475,220,490,490,265,25,15,0,0,185,0,0,0,0,0,0,0,0,0,0,0,0,0,0,0,0,0,0,0,0,0,0,0,0,0,0,0,0,0,0,0,0,0,54390,25720,8040,1605,430,65,45,0,5725,170,7335,2100,325,55,15,0,4820,20,6320,2090,435,85,0,0,3575,135,1960,720,135,60,0,0,1025,20,2070,1075,35,105,10,0,835,10,27705,1680,335,150,15,20,0,1150,10,1940,410,225,65,10,0,1215,15,4030,940,190,25,0,0,2850,25,3260,1095,260,100,40,30,1735,0,16790,6740,1000,375,20,0,8465,195,965,965,255,115,105,0,0,490,0,0,0,0,0,0,0,0,0,0,0,0,0,0,0,0,0,0,0,0,0,0,0,0,0,0,0,0,0,0,0,0,0,1019,1135,837,417,262,75,56,31,31,289,74,348,225,36,31,31,31,316,53,460,228,116,36,31,31,422,33,242,125,52,14,31,31,180,24,378,278,41,101,31,24,261,37,1209,164,82,31,31,31,31,153,31,365,179,72,15,31,31,292,31,465,277,89,68,113,31,381,38,463,220,99,59,31,31,341,22,1088,629,182,153,53,38,910,93,171,171,129,42,24,31,31,91,31,31,31,31,31,31,31,31,31,31,31,31,31,31,31,31,31,31,31,31,31,31,31,31,31,31,31,31,31,31,31,31,31,1353,1278,637,280,147,44,75,31,616,101,635,283,120,60,31,31,559,25,650,410,163,63,31,31,466,97,319,185,102,52,31,31,239,28,397,309,37,77,16,31,242,15,1226,308,136,103,23,36,31,240,14,362,152,113,88,21,31,324,28,487,210,105,29,31,31,436,34,439,303,128,82,62,50,349,31,928,661,246,109,29,31,707,126,265,265,122,86,79,31,31,171,31,31,31,31,31,31,31,31,31,31,31,31,31,31,31,31,31,31,31,31,31,31,31,31,31,31,31,31,31,31,31,31,31
2013thru2017,50,05000US48357,"Ochiltree County, Texas",48,357,3550,2560,650,210,110,0,0,0,0,90,15,105,80,0,0,0,0,25,0,145,65,0,0,20,0,60,0,90,80,0,0,0,0,4,0,100,25,0,0,0,0,65,10,1900,0,0,0,0,0,0,0,0,140,55,0,0,4,0,85,0,430,160,0,0,0,0,270,0,190,150,0,0,0,0,45,0,1140,790,0,4,0,0,350,0,10,10,10,0,0,0,0,0,0,0,0,0,0,0,0,0,0,0,0,0,0,0,0,0,0,0,0,0,0,0,0,0,0,0,0,0,0,0,0,0,0,985,210,55,25,0,0,0,0,30,0,110,70,0,0,0,0,45,0,4,4,0,0,0,0,0,0,0,0,0,0,0,0,0,0,40,0,0,0,0,0,40,0,770,20,10,0,0,0,0,10,0,45,25,0,0,0,0,20,0,180,85,0,0,0,0,95,0,95,25,0,0,0,0,70,0,430,230,0,0,0,0,200,0,4,4,0,0,0,0,0,4,0,0,0,0,0,0,0,0,0,0,0,0,0,0,0,0,0,0,0,0,0,0,0,0,0,0,0,0,0,0,0,0,0,134,169,166,84,57,21,21,21,21,65,24,76,61,21,21,21,21,35,21,59,33,21,21,27,21,48,21,84,82,21,21,21,21,15,21,53,23,21,21,21,21,45,16,173,21,21,21,21,21,21,21,21,63,33,21,21,7,21,51,21,110,67,21,21,21,21,92,21,81,70,21,21,21,21,35,21,152,108,21,7,21,21,117,21,14,14,14,21,21,21,21,21,21,21,21,21,21,21,21,21,21,21,21,21,21,21,21,21,21,21,21,21,21,21,21,21,21,21,21,21,21,21,21,21,21,169,99,44,28,21,21,21,21,36,21,77,70,21,21,21,21,37,21,17,17,21,21,21,21,21,21,21,21,21,21,21,21,21,21,38,21,21,21,21,21,38,21,156,19,17,21,21,21,21,15,21,44,29,21,21,21,21,36,21,83,68,21,21,21,21,71,21,64,29,21,21,21,21,49,21,128,93,21,21,21,21,86,21,8,8,21,21,21,21,21,8,21,21,21,21,21,21,21,21,21,21,21,21,21,21,21,21,21,21,21,21,21,21,21,21,21,21,21,21,21,21,21,21,21
2013thru2017,50,05000US48359,"Oldham County, Texas",48,359,580,430,65,20,15,0,0,0,0,4,0,30,30,0,0,0,0,0,0,10,10,0,0,0,0,0,0,4,0,0,0,0,0,4,0,4,4,0,0,0,0,4,0,360,4,4,0,0,0,0,0,0,40,35,0,0,0,0,4,0,50,45,0,0,0,0,4,0,45,40,0,0,0,0,4,0,220,210,0,4,0,0,4,4,4,4,4,0,0,0,0,0,0,0,0,0,0,0,0,0,0,0,0,0,0,0,0,0,0,0,0,0,0,0,0,0,0,0,0,0,0,0,0,0,0,150,20,10,10,0,0,0,0,0,0,4,0,0,0,0,0,4,0,4,4,0,0,0,0,0,0,0,0,0,0,0,0,0,0,0,0,0,0,0,0,0,0,135,4,4,0,0,0,0,0,0,4,0,0,0,0,0,4,0,25,25,0,0,0,0,0,0,4,4,0,0,0,0,0,0,105,100,0,0,0,0,4,0,0,0,0,0,0,0,0,0,0,0,0,0,0,0,0,0,0,0,0,0,0,0,0,0,0,0,0,0,0,0,0,0,0,0,0,0,0,0,0,0,0,171,135,25,13,13,13,13,13,13,11,13,15,15,13,13,13,13,13,13,11,11,13,13,13,13,13,13,4,13,13,13,13,13,4,13,13,1,13,13,13,13,5,13,119,14,14,13,13,13,13,13,13,19,19,13,13,13,13,6,13,22,20,13,13,13,13,8,13,23,20,13,13,13,13,7,13,87,69,13,10,13,13,8,21,1,1,1,13,13,13,13,13,13,13,13,13,13,13,13,13,13,13,13,13,13,13,13,13,13,13,13,13,13,13,13,13,13,13,13,13,13,13,13,13,13,56,17,13,13,13,13,13,13,13,13,1,13,13,13,13,13,1,13,5,5,13,13,13,13,13,13,13,13,13,13,13,13,13,13,13,13,13,13,13,13,13,13,48,13,13,13,13,13,13,13,13,5,13,13,13,13,13,5,13,17,17,13,13,13,13,13,13,4,4,13,13,13,13,13,13,42,42,13,13,13,13,2,13,13,13,13,13,13,13,13,13,13,13,13,13,13,13,13,13,13,13,13,13,13,13,13,13,13,13,13,13,13,13,13,13,13,13,13,13,13,13,13,13,13
2013thru2017,50,05000US48361,"Orange County, Texas",48,361,32270,24310,3945,1345,1055,175,10,0,0,105,0,760,720,25,0,0,0,15,0,775,695,50,0,0,0,30,0,300,215,15,20,0,0,20,30,765,625,60,30,0,0,50,0,20170,290,225,35,0,0,0,0,30,1250,1025,105,15,15,0,85,0,2885,2545,205,10,10,0,75,35,1990,1720,95,0,0,0,175,0,13755,12320,570,120,60,0,550,135,190,190,130,45,0,0,0,15,0,0,0,0,0,0,0,0,0,0,0,0,0,0,0,0,0,0,0,0,0,0,0,0,0,0,0,0,0,0,0,0,0,7965,2930,1355,780,515,0,0,0,20,35,810,480,230,0,0,0,95,4,535,390,110,10,0,0,25,0,95,85,0,0,0,0,0,10,140,95,0,0,4,0,30,10,4845,375,270,85,0,0,0,10,10,400,300,95,0,4,0,0,0,1030,700,220,0,0,0,110,0,835,645,130,30,0,0,30,0,2210,1615,340,55,0,4,185,10,190,190,175,15,0,0,0,0,0,0,0,0,0,0,0,0,0,0,0,0,0,0,0,0,0,0,0,0,0,0,0,0,0,0,0,0,0,0,0,0,0,500,661,444,253,222,73,20,31,31,61,31,227,226,32,31,31,31,20,31,180,184,34,31,31,31,35,31,115,94,24,33,31,31,24,41,202,190,61,29,31,31,42,31,660,105,101,36,31,31,31,31,39,259,242,69,24,32,31,56,31,375,330,98,16,15,31,46,41,257,244,57,31,31,31,77,31,649,611,143,67,64,31,137,62,88,88,83,39,31,31,31,22,31,31,31,31,31,31,31,31,31,31,31,31,31,31,31,31,31,31,31,31,31,31,31,31,31,31,31,31,31,31,31,31,31,665,379,255,190,167,31,31,31,36,51,225,169,118,31,31,31,74,10,154,145,77,17,31,31,35,31,69,68,31,31,31,31,31,17,81,75,31,31,11,31,31,22,565,130,118,72,31,31,31,14,19,145,127,75,31,13,31,31,31,242,190,95,31,31,31,91,31,215,181,81,45,31,31,41,31,413,380,142,45,31,4,86,17,131,131,129,18,31,31,31,31,31,31,31,31,31,31,31,31,31,31,31,31,31,31,31,31,31,31,31,31,31,31,31,31,31,31,31,31,31,31,31,31,31
2013thru2017,50,05000US48363,"Palo Pinto County, Texas",48,363,10440,7330,1560,360,275,35,0,0,0,40,10,415,310,4,0,15,0,75,10,335,305,0,0,0,0,20,10,85,65,0,0,0,0,20,0,365,325,10,0,0,0,30,0,5755,135,130,0,0,0,0,0,4,425,280,10,25,0,0,110,0,595,540,4,0,0,0,50,0,740,590,4,0,0,0,150,0,3860,3360,15,35,4,0,375,65,15,15,4,4,4,0,0,0,0,0,0,0,0,0,0,0,0,0,0,0,0,0,0,0,0,0,0,0,0,0,0,0,0,0,0,0,0,0,0,0,0,3110,1670,640,450,10,0,15,0,170,0,535,405,10,4,0,0,115,0,250,140,40,4,0,0,55,4,70,45,0,0,0,0,30,0,170,90,0,0,50,0,30,0,1405,40,25,15,0,0,0,0,0,110,85,0,0,0,0,15,10,385,155,15,30,0,0,165,20,245,200,10,0,0,0,35,0,625,565,45,0,0,0,20,0,35,35,30,0,0,0,0,4,0,0,0,0,0,0,0,0,0,0,0,0,0,0,0,0,0,0,0,0,0,0,0,0,0,0,0,0,0,0,0,0,0,309,270,188,95,82,39,25,25,25,41,13,100,92,13,25,20,25,42,18,122,121,25,25,25,25,24,14,37,40,25,25,25,25,19,25,97,97,17,25,25,25,33,25,260,81,81,25,25,25,25,25,9,102,90,16,36,25,25,46,25,123,123,15,25,25,25,42,25,164,145,9,25,25,25,81,25,271,256,23,37,14,25,105,47,16,16,11,3,12,25,25,25,25,25,25,25,25,25,25,25,25,25,25,25,25,25,25,25,25,25,25,25,25,25,25,25,25,25,25,25,25,25,25,25,25,267,167,138,122,23,25,24,25,88,25,156,134,16,9,25,25,81,25,104,71,40,3,25,25,61,17,66,52,25,25,25,25,36,25,83,62,25,25,53,25,33,25,225,30,21,23,25,25,25,25,25,55,47,25,25,25,25,23,18,117,66,20,44,25,25,85,20,101,89,18,25,25,25,43,25,187,169,42,25,25,25,21,25,30,30,31,25,25,25,25,12,25,25,25,25,25,25,25,25,25,25,25,25,25,25,25,25,25,25,25,25,25,25,25,25,25,25,25,25,25,25,25,25,25
2013thru2017,50,05000US48365,"Panola County, Texas",48,365,9030,6995,1280,410,255,145,0,0,0,10,0,335,170,90,25,0,0,50,0,255,175,4,0,0,0,80,0,115,100,15,0,0,0,0,0,165,110,55,0,0,0,0,0,5615,130,100,4,0,0,0,25,0,485,345,105,0,0,0,30,10,805,615,145,0,0,4,40,0,550,485,25,10,0,0,30,0,3645,3185,335,0,0,0,80,45,100,100,80,0,0,0,0,20,0,0,0,0,0,0,0,0,0,0,0,0,0,0,0,0,0,0,0,0,0,0,0,0,0,0,0,0,0,0,0,0,0,2035,565,285,150,135,0,0,0,0,0,90,35,35,0,0,0,20,0,140,80,45,0,0,0,10,0,40,40,0,0,0,0,0,0,10,10,0,0,0,0,0,0,1410,115,110,4,0,0,0,0,0,200,100,95,0,0,0,0,0,375,275,95,0,0,0,10,0,150,105,4,0,0,0,45,0,575,470,90,0,0,0,10,0,60,60,30,30,0,0,0,0,0,0,0,0,0,0,0,0,0,0,0,0,0,0,0,0,0,0,0,0,0,0,0,0,0,0,0,0,0,0,0,0,0,289,338,235,130,95,91,25,25,25,15,25,107,88,56,22,25,25,39,25,109,88,4,25,25,25,54,25,70,64,28,25,25,25,25,25,93,67,64,25,25,25,25,25,325,75,70,11,25,25,25,37,25,138,121,65,25,25,25,30,14,171,148,70,25,25,4,33,25,153,143,30,20,25,25,35,25,325,281,120,25,25,25,56,40,85,85,74,25,25,25,25,28,25,25,25,25,25,25,25,25,25,25,25,25,25,25,25,25,25,25,25,25,25,25,25,25,25,25,25,25,25,25,25,25,25,324,146,115,77,92,25,25,25,25,25,63,36,43,25,25,25,33,25,96,72,64,25,25,25,17,25,45,45,25,25,25,25,25,25,14,14,25,25,25,25,25,25,281,94,93,19,25,25,25,25,25,90,66,66,25,25,25,25,25,150,116,94,25,25,25,15,25,90,74,4,25,25,25,51,25,181,173,50,25,25,25,20,25,56,56,31,46,25,25,25,25,25,25,25,25,25,25,25,25,25,25,25,25,25,25,25,25,25,25,25,25,25,25,25,25,25,25,25,25,25,25,25,25,25
2013thru2017,50,05000US48367,"Parker County, Texas",48,367,43940,34060,6780,1455,1170,0,0,0,0,175,110,1125,950,4,0,0,0,165,4,1795,1505,25,15,15,0,225,10,755,575,0,0,4,0,150,25,1655,1480,25,4,0,0,110,40,27030,340,270,10,0,0,0,50,4,1060,945,0,20,0,0,90,4,2945,2680,25,4,4,20,210,10,2475,2315,0,0,10,0,105,40,20210,18575,85,110,175,0,1025,245,250,250,140,0,0,0,0,90,15,0,0,0,0,0,0,0,0,0,0,0,0,0,0,0,0,0,0,0,0,0,0,0,0,0,0,0,0,0,0,0,0,9880,4165,1650,1410,0,0,0,0,200,40,1185,1000,15,0,35,0,135,0,905,825,20,0,0,0,50,15,175,155,0,0,0,0,0,20,245,110,0,0,70,0,40,30,5595,300,290,0,0,0,0,4,4,345,180,0,0,0,0,150,15,1360,1085,30,0,0,0,215,30,1035,890,30,0,0,0,110,4,2555,2245,90,4,0,0,185,35,120,120,90,25,0,0,0,10,0,0,0,0,0,0,0,0,0,0,0,0,0,0,0,0,0,0,0,0,0,0,0,0,0,0,0,0,0,0,0,0,0,558,615,520,283,253,31,31,31,31,92,70,216,202,9,31,31,31,108,9,285,258,32,27,20,31,118,14,184,160,31,31,16,31,89,40,238,242,32,6,31,31,64,37,707,120,98,19,31,31,31,66,14,177,177,31,35,31,31,64,10,313,283,41,3,11,32,113,14,281,283,31,31,14,31,83,39,707,684,62,62,122,31,220,79,121,121,90,31,31,31,31,77,23,31,31,31,31,31,31,31,31,31,31,31,31,31,31,31,31,31,31,31,31,31,31,31,31,31,31,31,31,31,31,31,31,587,407,275,239,31,31,31,31,109,47,256,241,25,31,49,31,84,31,201,191,23,31,31,31,34,22,88,83,31,31,31,31,31,34,137,97,31,31,69,31,55,36,541,179,179,31,31,31,31,8,2,145,95,31,31,31,31,115,25,291,285,42,31,31,31,122,30,257,242,39,31,31,31,104,19,363,336,79,13,31,31,105,39,94,94,81,41,31,31,31,16,31,31,31,31,31,31,31,31,31,31,31,31,31,31,31,31,31,31,31,31,31,31,31,31,31,31,31,31,31,31,31,31,31
2013thru2017,50,05000US48369,"Parmer County, Texas",48,369,3220,2220,500,55,40,0,0,0,0,10,0,155,55,0,0,0,0,100,0,75,30,0,0,0,0,45,0,40,30,0,0,0,0,10,0,175,65,0,0,0,0,110,0,1700,10,0,0,0,0,0,10,0,85,50,0,0,0,0,35,0,320,130,0,0,0,0,185,0,175,45,15,0,0,0,115,0,1110,615,30,0,0,0,460,0,20,20,20,0,0,0,0,0,0,0,0,0,0,0,0,0,0,0,0,0,0,0,0,0,0,0,0,0,0,0,0,0,0,0,0,0,0,0,0,0,0,1000,390,140,35,10,10,0,0,90,0,85,35,0,0,4,0,45,0,115,35,0,0,0,0,75,0,35,0,0,0,0,0,35,0,15,0,0,0,0,0,15,0,605,10,4,0,0,0,0,4,0,55,25,0,0,0,0,30,0,115,30,0,0,0,0,85,0,110,30,0,0,0,0,80,0,315,170,0,0,0,0,145,0,4,4,0,0,0,0,0,4,0,0,0,0,0,0,0,0,0,0,0,0,0,0,0,0,0,0,0,0,0,0,0,0,0,0,0,0,0,0,0,0,0,132,139,110,31,30,19,19,19,19,18,19,59,33,19,19,19,19,48,19,50,25,19,19,19,19,42,19,32,29,19,19,19,19,18,19,76,46,19,19,19,19,58,19,128,22,19,19,19,19,19,22,19,39,32,19,19,19,19,26,19,83,53,19,19,19,19,65,19,60,26,12,19,19,19,54,19,127,83,34,19,19,19,95,19,24,24,24,19,19,19,19,19,19,19,19,19,19,19,19,19,19,19,19,19,19,19,19,19,19,19,19,19,19,19,19,19,19,19,19,19,19,19,19,19,19,130,95,69,33,16,14,19,19,50,19,42,31,19,19,5,19,27,19,57,26,19,19,19,19,50,19,37,19,19,19,19,19,37,19,20,19,19,19,19,19,20,19,114,14,2,19,19,19,19,17,19,34,24,19,19,19,19,26,19,58,22,19,19,19,19,53,19,52,30,19,19,19,19,43,19,87,67,19,19,19,19,57,19,11,11,19,19,19,19,19,11,19,19,19,19,19,19,19,19,19,19,19,19,19,19,19,19,19,19,19,19,19,19,19,19,19,19,19,19,19,19,19,19,19
2013thru2017,50,05000US48371,"Pecos County, Texas",48,371,4420,3075,530,205,35,0,0,0,0,165,0,50,15,0,0,0,0,35,0,120,65,0,0,0,0,55,0,60,20,0,0,0,0,40,0,95,65,0,0,0,0,25,4,2470,180,4,0,0,0,0,175,0,135,30,0,0,0,0,105,0,415,90,0,0,0,0,325,0,220,95,0,0,0,0,125,0,1515,505,0,0,4,0,1005,4,75,75,0,0,0,0,0,75,0,0,0,0,0,0,0,0,0,0,0,0,0,0,0,0,0,0,0,0,0,0,0,0,0,0,0,0,0,0,0,0,0,1345,480,95,30,0,0,0,0,65,4,165,10,0,0,0,0,140,15,130,20,0,0,4,0,105,0,40,4,0,0,0,0,30,0,55,4,15,15,0,0,25,0,865,115,0,0,0,0,0,115,0,45,20,0,0,0,0,25,0,125,40,0,0,0,0,80,4,130,35,10,0,0,0,90,0,450,115,10,0,0,0,310,15,0,0,0,0,0,0,0,0,0,0,0,0,0,0,0,0,0,0,0,0,0,0,0,0,0,0,0,0,0,0,0,0,0,0,0,0,0,0,0,0,0,215,186,129,99,36,21,21,21,21,91,21,37,23,21,21,21,21,32,21,71,48,21,21,21,21,49,21,43,23,21,21,21,21,36,21,44,33,21,21,21,21,25,11,185,89,17,21,21,21,21,85,21,65,18,21,21,21,21,63,21,134,55,21,21,21,21,119,21,80,41,21,21,21,21,69,21,170,79,21,21,13,21,169,3,69,69,21,21,21,21,21,69,21,21,21,21,21,21,21,21,21,21,21,21,21,21,21,21,21,21,21,21,21,21,21,21,21,21,21,21,21,21,21,21,21,190,121,65,25,21,21,21,21,60,4,88,23,21,21,21,21,84,22,71,19,21,21,6,21,65,21,38,16,21,21,21,21,38,21,41,8,24,21,21,21,36,21,180,83,21,21,21,21,21,83,21,34,18,21,21,21,21,28,21,66,42,21,21,21,21,48,5,67,33,17,21,21,21,53,21,123,49,19,21,21,21,103,30,21,21,21,21,21,21,21,21,21,21,21,21,21,21,21,21,21,21,21,21,21,21,21,21,21,21,21,21,21,21,21,21,21,21,21,21,21,21,21,21,21
2013thru2017,50,05000US48373,"Polk County, Texas",48,373,17630,13525,3010,725,595,55,0,10,0,65,0,670,440,105,0,10,0,110,4,750,690,30,0,10,0,25,0,350,235,65,25,4,0,25,0,520,430,20,0,0,0,65,4,10335,315,140,75,0,25,0,75,4,830,685,40,0,20,0,85,0,1600,1195,120,0,55,0,210,25,1000,750,130,0,20,0,100,0,6590,5690,295,30,65,0,410,95,175,175,150,0,0,0,0,25,4,0,0,0,0,0,0,0,0,0,0,0,0,0,0,0,0,0,0,0,0,0,0,0,0,0,0,0,0,0,0,0,0,4110,1700,675,505,115,0,4,0,50,0,540,400,80,0,10,0,25,30,310,205,65,0,0,0,40,0,35,25,10,0,0,0,0,0,135,115,20,0,0,0,0,0,2215,95,65,10,0,4,0,20,0,265,175,25,0,4,0,60,0,485,290,65,4,15,0,110,0,255,135,60,0,4,0,40,10,1120,905,135,15,20,0,35,15,195,195,110,70,0,10,0,0,0,0,0,0,0,0,0,0,0,0,0,0,0,0,0,0,0,0,0,0,0,0,0,0,0,0,0,0,0,0,0,0,0,464,454,348,173,166,38,28,12,28,52,28,189,135,69,28,14,28,89,5,167,161,35,28,14,28,28,28,153,123,90,30,2,28,28,28,161,137,35,28,28,28,55,6,465,141,75,101,28,19,28,58,1,192,193,30,28,16,28,68,28,271,232,76,28,28,28,117,26,215,176,109,28,22,28,59,28,406,417,74,29,31,28,106,42,96,96,96,28,28,28,28,25,3,28,28,28,28,28,28,28,28,28,28,28,28,28,28,28,28,28,28,28,28,28,28,28,28,28,28,28,28,28,28,28,28,448,317,210,184,85,28,5,28,48,28,159,140,61,28,15,28,25,18,128,102,48,28,28,28,44,28,40,35,20,28,28,28,28,28,110,108,33,28,28,28,28,28,320,70,55,14,28,8,28,28,28,108,91,27,28,1,28,47,28,151,148,45,5,13,28,70,28,97,64,49,28,7,28,45,19,235,199,102,20,16,28,29,21,119,119,88,84,28,17,28,28,28,28,28,28,28,28,28,28,28,28,28,28,28,28,28,28,28,28,28,28,28,28,28,28,28,28,28,28,28,28,28,28,28
2013thru2017,50,05000US48375,"Potter County, Texas",48,375,43455,24905,5490,1630,680,165,40,4,0,715,25,1295,610,160,70,0,4,450,0,1375,640,65,190,0,0,475,4,480,285,55,10,0,0,125,0,705,385,20,140,4,0,155,0,19115,735,390,130,10,0,0,200,4,1535,800,110,50,10,0,535,30,3585,1670,225,120,4,0,1540,20,2410,1230,35,145,4,0,950,45,10855,8215,245,320,20,0,1950,105,305,305,135,40,10,0,0,120,0,0,0,0,0,0,0,0,0,0,0,0,0,0,0,0,0,0,0,0,0,0,0,0,0,0,0,0,0,0,0,0,0,18545,9345,3950,1565,740,210,35,4,1310,85,3255,1790,480,140,0,10,825,10,1515,615,240,60,0,0,600,4,110,90,15,0,0,0,4,0,515,270,45,45,0,0,150,10,8820,480,185,65,10,0,0,170,50,725,440,20,10,20,0,220,10,2715,1315,195,45,4,0,1115,40,1415,630,125,70,25,0,520,45,3485,2110,255,70,10,4,970,65,385,385,205,35,70,4,0,65,0,0,0,0,0,0,0,0,0,0,0,0,0,0,0,0,0,0,0,0,0,0,0,0,0,0,0,0,0,0,0,0,0,487,590,459,292,143,65,39,7,31,226,26,196,143,86,51,31,5,152,31,279,168,52,102,31,31,164,8,130,101,45,23,31,31,87,31,178,108,21,79,9,31,90,31,558,149,112,70,16,31,31,68,3,190,151,56,45,12,31,135,24,352,198,83,59,31,31,261,20,348,192,27,80,12,31,225,40,470,371,95,114,19,31,285,53,107,107,75,38,15,31,31,72,31,31,31,31,31,31,31,31,31,31,31,31,31,31,31,31,31,31,31,31,31,31,31,31,31,31,31,31,31,31,31,31,31,693,587,372,264,190,132,30,13,260,59,422,304,168,105,31,16,240,15,301,153,130,60,31,31,215,5,60,56,21,31,31,31,19,31,161,99,57,45,31,31,94,16,634,164,93,65,15,31,31,84,63,138,134,24,24,31,31,98,15,332,237,83,47,4,31,209,30,246,143,87,75,36,31,169,40,429,296,142,51,13,11,230,47,133,133,93,37,75,14,31,40,31,31,31,31,31,31,31,31,31,31,31,31,31,31,31,31,31,31,31,31,31,31,31,31,31,31,31,31,31,31,31,31,31
2013thru2017,50,05000US48377,"Presidio County, Texas",48,377,2590,1545,405,115,10,0,0,0,0,100,0,35,0,0,0,0,0,35,0,130,0,0,0,0,0,130,0,70,10,0,0,0,0,55,0,60,0,0,0,0,0,60,0,1130,155,0,0,0,0,0,155,0,235,40,0,0,0,0,195,0,225,0,0,0,0,0,225,0,75,40,0,0,0,0,35,0,440,155,0,0,0,0,285,0,10,10,10,0,0,0,0,0,0,0,0,0,0,0,0,0,0,0,0,0,0,0,0,0,0,0,0,0,0,0,0,0,0,0,0,0,0,0,0,0,0,1045,380,205,10,0,0,0,0,190,0,135,20,0,0,0,0,115,0,40,0,0,0,0,0,40,0,0,0,0,0,0,0,0,0,0,0,0,0,0,0,0,0,650,190,25,0,0,0,0,165,0,45,0,0,0,0,0,45,0,110,4,0,35,0,0,65,0,95,70,0,0,0,0,25,0,205,130,0,25,0,0,50,0,20,20,0,0,0,0,0,20,0,0,0,0,0,0,0,0,0,0,0,0,0,0,0,0,0,0,0,0,0,0,0,0,0,0,0,0,0,0,0,0,0,180,194,127,63,21,19,19,19,19,60,19,35,19,19,19,19,19,35,19,96,19,19,19,19,19,96,19,46,15,19,19,19,19,44,19,66,19,19,19,19,19,66,19,179,89,19,19,19,19,19,89,19,106,58,19,19,19,19,94,19,106,19,19,19,19,19,106,19,60,45,19,19,19,19,41,19,127,72,19,19,19,19,110,19,15,15,15,19,19,19,19,19,19,19,19,19,19,19,19,19,19,19,19,19,19,19,19,19,19,19,19,19,19,19,19,19,19,19,19,19,19,19,19,19,19,230,138,108,18,19,19,19,19,106,19,78,33,19,19,19,19,71,19,46,19,19,19,19,19,46,19,19,19,19,19,19,19,19,19,19,19,19,19,19,19,19,19,175,119,38,19,19,19,19,113,19,42,19,19,19,19,19,42,19,70,12,19,30,19,19,65,19,73,66,19,19,19,19,31,19,95,82,19,34,19,19,39,19,31,31,19,19,19,19,19,31,19,19,19,19,19,19,19,19,19,19,19,19,19,19,19,19,19,19,19,19,19,19,19,19,19,19,19,19,19,19,19,19,19
2013thru2017,50,05000US48379,"Rains County, Texas",48,379,4335,3345,840,185,170,15,0,0,0,0,0,210,155,20,0,0,0,30,0,170,155,15,0,0,0,0,0,115,115,0,0,0,0,4,0,160,155,0,0,0,0,4,4,2450,20,20,0,0,0,0,0,0,305,305,0,4,0,0,0,0,330,325,4,0,0,0,0,0,175,175,0,0,0,0,0,0,1620,1540,45,0,0,0,35,0,55,55,55,0,0,0,0,0,0,0,0,0,0,0,0,0,0,0,0,0,0,0,0,0,0,0,0,0,0,0,0,0,0,0,0,0,0,0,0,0,0,985,385,130,95,10,0,0,0,25,0,145,140,0,0,0,0,4,4,55,50,0,0,0,0,4,0,0,0,0,0,0,0,0,0,55,55,0,0,0,0,4,0,575,30,30,0,0,0,0,0,0,70,50,10,0,0,0,4,10,140,120,4,0,0,0,20,0,35,30,0,0,0,0,4,0,300,250,4,0,0,0,45,0,25,25,4,0,0,4,0,10,4,0,0,0,0,0,0,0,0,0,0,0,0,0,0,0,0,0,0,0,0,0,0,0,0,0,0,0,0,0,0,0,0,199,191,190,97,92,33,21,21,21,21,21,94,73,45,21,21,21,29,21,77,71,30,21,21,21,21,21,68,70,21,21,21,21,6,21,83,82,21,21,21,21,6,11,222,19,19,21,21,21,21,21,21,108,109,21,21,21,21,21,21,110,109,11,21,21,21,21,21,64,64,21,21,21,21,21,21,183,167,43,21,21,21,29,21,51,51,51,21,21,21,21,21,21,21,21,21,21,21,21,21,21,21,21,21,21,21,21,21,21,21,21,21,21,21,21,21,21,21,21,21,21,21,21,21,21,160,111,71,60,18,21,21,21,37,21,53,51,21,21,21,21,3,7,40,37,21,21,21,21,12,21,21,21,21,21,21,21,21,21,51,50,21,21,21,21,4,21,121,23,23,21,21,21,21,21,21,37,34,16,21,21,21,2,15,52,48,12,21,21,21,24,21,19,16,21,21,21,21,14,21,108,96,5,21,21,21,38,21,23,23,21,21,21,17,21,16,4,21,21,21,21,21,21,21,21,21,21,21,21,21,21,21,21,21,21,21,21,21,21,21,21,21,21,21,21,21,21,21,21
2013thru2017,50,05000US48381,"Randall County, Texas",48,381,49120,34305,5635,965,780,0,45,0,0,125,15,1215,955,40,0,0,0,215,4,1535,1330,10,15,0,0,170,15,660,540,0,25,4,0,95,0,1255,955,20,80,15,0,195,4,28565,190,160,0,0,0,0,25,0,770,665,0,0,0,0,105,0,2790,2355,20,10,20,0,310,75,2520,2075,30,50,0,0,350,20,22300,19285,155,260,130,0,2285,185,100,100,65,0,0,0,0,35,0,0,0,0,0,0,0,0,0,0,0,0,0,0,0,0,0,0,0,0,0,0,0,0,0,0,0,0,0,0,0,0,0,14815,6075,2005,1225,160,30,0,0,505,90,1610,1010,60,0,20,0,445,75,1750,1235,15,25,10,0,445,25,365,200,50,0,0,0,115,0,340,315,0,10,0,0,15,0,8460,290,250,0,0,0,0,45,0,425,305,25,25,0,0,40,25,1655,1080,95,25,0,0,455,0,1380,895,180,20,0,0,280,0,4715,3335,230,125,20,0,955,45,280,280,155,25,0,0,0,100,0,0,0,0,0,0,0,0,0,0,0,0,0,0,0,0,0,0,0,0,0,0,0,0,0,0,0,0,0,0,0,0,0,646,596,503,197,163,31,64,31,31,78,20,245,196,50,31,31,31,95,6,248,237,15,24,31,31,75,21,170,150,31,34,31,31,66,31,229,189,26,67,14,31,99,7,565,81,77,31,31,31,31,34,31,182,165,31,31,31,31,56,31,290,278,21,21,24,31,120,44,265,256,30,53,31,31,127,21,581,533,63,86,62,31,314,83,67,67,53,31,31,31,31,44,31,31,31,31,31,31,31,31,31,31,31,31,31,31,31,31,31,31,31,31,31,31,31,31,31,31,31,31,31,31,31,31,31,677,504,314,228,117,34,31,31,147,63,282,218,60,31,34,31,173,59,324,274,28,30,19,31,192,29,160,104,59,31,31,31,97,31,143,140,31,16,31,31,27,31,572,99,87,31,31,31,31,49,31,133,114,37,39,31,31,39,45,313,236,68,30,31,31,142,31,287,242,118,25,31,31,138,31,540,386,154,81,23,31,273,36,130,130,82,37,31,31,31,95,31,31,31,31,31,31,31,31,31,31,31,31,31,31,31,31,31,31,31,31,31,31,31,31,31,31,31,31,31,31,31,31,31
2013thru2017,50,05000US48383,"Reagan County, Texas",48,383,1170,825,120,75,15,0,0,0,0,60,0,25,0,4,0,0,0,20,0,4,4,0,0,0,0,0,0,4,0,0,0,0,0,4,0,4,0,0,0,0,0,4,0,705,4,0,4,0,0,0,0,0,100,25,10,0,0,0,65,0,55,15,0,0,0,0,40,0,85,25,0,0,0,0,50,4,465,250,0,0,0,0,210,4,0,0,0,0,0,0,0,0,0,0,0,0,0,0,0,0,0,0,0,0,0,0,0,0,0,0,0,0,0,0,0,0,0,0,0,0,0,0,0,0,0,350,80,25,0,0,0,0,0,25,0,30,15,0,0,0,0,20,0,15,0,0,0,0,0,15,0,4,0,0,0,0,0,4,0,10,10,0,0,0,0,0,0,265,20,0,0,0,0,0,20,0,4,0,0,0,0,0,4,0,45,0,0,0,0,0,45,0,40,20,0,0,0,0,20,0,155,95,0,0,0,0,60,0,0,0,0,0,0,0,0,0,0,0,0,0,0,0,0,0,0,0,0,0,0,0,0,0,0,0,0,0,0,0,0,0,0,0,0,0,0,0,0,0,0,84,92,42,40,19,13,13,13,13,34,13,22,13,2,13,13,13,22,13,12,12,13,13,13,13,13,13,11,13,13,13,13,13,11,13,15,13,13,13,13,13,15,13,82,3,13,3,13,13,13,13,13,64,30,14,13,13,13,53,13,32,12,13,13,13,13,29,13,48,25,13,13,13,13,40,2,75,51,13,13,13,13,55,3,13,13,13,13,13,13,13,13,13,13,13,13,13,13,13,13,13,13,13,13,13,13,13,13,13,13,13,13,13,13,13,13,13,13,13,13,13,13,13,13,13,94,48,20,13,13,13,13,13,20,13,34,21,13,13,13,13,32,13,25,13,13,13,13,13,25,13,2,13,13,13,13,13,2,13,15,15,13,13,13,13,13,13,80,32,13,13,13,13,13,32,13,9,13,13,13,13,13,9,13,41,13,13,13,13,13,41,13,30,20,13,13,13,13,23,13,61,43,13,13,13,13,44,13,13,13,13,13,13,13,13,13,13,13,13,13,13,13,13,13,13,13,13,13,13,13,13,13,13,13,13,13,13,13,13,13,13,13,13,13,13,13,13,13,13
2013thru2017,50,05000US48385,"Real County, Texas",48,385,1125,860,150,65,55,0,0,0,0,10,0,60,55,0,0,0,0,4,0,4,4,0,0,0,0,0,0,10,10,0,0,0,0,0,0,15,10,0,0,0,0,4,0,700,30,25,0,0,0,0,4,0,95,90,0,0,0,0,4,0,125,115,0,0,0,0,10,0,120,120,0,0,0,0,0,0,335,315,0,0,0,0,20,0,10,10,10,0,0,0,0,0,0,0,0,0,0,0,0,0,0,0,0,0,0,0,0,0,0,0,0,0,0,0,0,0,0,0,0,0,0,0,0,0,0,260,80,40,35,0,0,0,0,4,0,0,0,0,0,0,0,0,0,30,30,0,0,0,0,4,0,4,4,0,0,0,0,0,0,4,0,0,0,0,0,4,0,180,35,15,0,0,0,0,15,0,4,0,0,0,0,0,4,0,25,15,0,0,0,0,10,0,25,25,0,0,0,0,4,0,90,85,0,0,0,0,4,0,0,0,0,0,0,0,0,0,0,0,0,0,0,0,0,0,0,0,0,0,0,0,0,0,0,0,0,0,0,0,0,0,0,0,0,0,0,0,0,0,0,153,144,68,51,44,13,13,13,13,15,13,47,43,13,13,13,13,5,13,6,6,13,13,13,13,13,13,14,14,13,13,13,13,13,13,16,14,13,13,13,13,7,13,145,27,25,13,13,13,13,6,13,63,63,13,13,13,13,3,13,64,63,13,13,13,13,18,13,63,63,13,13,13,13,13,13,89,88,13,13,13,13,20,13,14,14,14,13,13,13,13,13,13,13,13,13,13,13,13,13,13,13,13,13,13,13,13,13,13,13,13,13,13,13,13,13,13,13,13,13,13,13,13,13,13,76,33,24,25,13,13,13,13,3,13,13,13,13,13,13,13,13,13,23,24,13,13,13,13,4,13,7,7,13,13,13,13,13,13,12,13,13,13,13,13,12,13,65,32,25,13,13,13,13,24,13,8,13,13,13,13,13,8,13,19,14,13,13,13,13,14,13,28,25,13,13,13,13,13,13,54,52,13,13,13,13,3,13,13,13,13,13,13,13,13,13,13,13,13,13,13,13,13,13,13,13,13,13,13,13,13,13,13,13,13,13,13,13,13,13,13,13,13,13,13,13,13,13,13
2013thru2017,50,05000US48387,"Red River County, Texas",48,387,5220,3955,750,375,260,45,0,0,0,65,4,145,125,15,0,4,0,4,0,125,115,4,0,4,0,0,4,25,20,0,0,0,0,0,4,80,65,4,0,0,0,0,10,3170,60,50,10,0,0,0,0,0,440,310,115,4,0,0,10,0,750,610,70,0,0,0,60,10,350,210,80,0,0,0,10,50,1565,1460,80,0,0,0,4,20,40,40,40,0,0,0,0,0,0,0,0,0,0,0,0,0,0,0,0,0,0,0,0,0,0,0,0,0,0,0,0,0,0,0,0,0,0,0,0,0,0,1260,415,155,80,70,0,4,0,4,0,160,60,55,0,0,0,40,4,35,25,4,0,0,0,4,0,0,0,0,0,0,0,0,0,60,15,50,0,0,0,0,0,845,140,115,25,0,0,0,0,4,75,65,10,0,0,0,4,0,200,135,55,0,4,0,0,10,235,75,160,0,0,0,0,0,190,170,20,0,4,0,0,4,4,4,4,0,0,0,0,0,0,0,0,0,0,0,0,0,0,0,0,0,0,0,0,0,0,0,0,0,0,0,0,0,0,0,0,0,0,0,0,0,0,239,226,150,130,90,40,21,21,21,82,2,62,59,23,21,1,21,21,21,66,63,16,21,2,21,21,3,19,18,21,21,21,21,21,10,48,45,4,21,21,21,21,13,226,47,45,16,21,21,21,21,21,137,128,57,5,21,21,22,21,152,137,56,21,21,21,45,17,97,62,66,21,21,21,19,24,161,169,44,21,21,21,14,24,25,25,25,21,21,21,21,21,21,21,21,21,21,21,21,21,21,21,21,21,21,21,21,21,21,21,21,21,21,21,21,21,21,21,21,21,21,21,21,21,21,199,142,71,47,49,21,8,21,9,21,92,50,50,21,21,21,48,1,25,21,3,21,21,21,6,21,21,21,21,21,21,21,21,21,73,17,70,21,21,21,21,21,205,97,89,24,21,21,21,21,4,39,40,13,21,21,21,21,21,82,57,57,21,3,21,21,15,116,52,100,21,21,21,21,21,90,86,19,21,3,21,21,4,21,21,21,21,21,21,21,21,21,21,21,21,21,21,21,21,21,21,21,21,21,21,21,21,21,21,21,21,21,21,21,21,21,21,21,21,21,21,21,21,21
2013thru2017,50,05000US48389,"Reeves County, Texas",48,389,3730,2675,390,190,15,10,0,0,0,165,0,50,0,0,0,0,0,50,0,85,15,0,0,0,0,65,0,30,0,0,0,0,0,30,0,40,0,0,0,0,0,40,0,2280,90,30,0,0,0,0,60,0,325,40,55,0,0,0,200,25,295,60,15,0,0,0,225,0,165,30,0,0,0,0,135,0,1405,340,60,25,0,0,965,15,4,4,0,0,0,0,0,4,0,0,0,0,0,0,0,0,0,0,0,0,0,0,0,0,0,0,0,0,0,0,0,0,0,0,0,0,0,0,0,0,0,1055,390,130,55,0,0,0,0,75,0,90,30,0,0,0,0,60,0,50,4,0,0,0,0,45,0,65,0,0,0,55,0,4,4,55,0,0,15,0,0,40,0,620,25,10,0,0,0,0,15,0,75,4,0,0,0,0,40,30,30,4,0,0,0,0,25,0,80,10,0,0,0,0,70,0,410,155,0,4,0,0,250,0,45,45,45,0,0,0,0,0,0,0,0,0,0,0,0,0,0,0,0,0,0,0,0,0,0,0,0,0,0,0,0,0,0,0,0,0,0,0,0,0,0,176,175,111,73,23,17,21,21,21,70,21,38,21,21,21,21,21,38,21,52,26,21,21,21,21,47,21,41,21,21,21,21,21,41,21,31,21,21,21,21,21,31,21,174,50,32,21,21,21,21,38,21,99,30,56,21,21,21,69,48,75,37,21,21,21,21,64,21,62,22,21,21,21,21,58,21,176,119,44,34,21,21,149,26,3,3,21,21,21,21,21,3,21,21,21,21,21,21,21,21,21,21,21,21,21,21,21,21,21,21,21,21,21,21,21,21,21,21,21,21,21,21,21,21,21,181,119,66,53,21,21,21,21,39,21,59,33,21,21,21,21,44,21,34,12,21,21,21,21,34,21,85,21,21,21,87,21,2,16,44,21,21,20,21,21,42,21,147,23,14,21,21,21,21,18,21,52,10,21,21,21,21,29,43,20,13,21,21,21,21,17,21,62,17,21,21,21,21,62,21,109,87,21,11,21,21,89,21,70,70,70,21,21,21,21,21,21,21,21,21,21,21,21,21,21,21,21,21,21,21,21,21,21,21,21,21,21,21,21,21,21,21,21,21,21,21,21,21,21
2013thru2017,50,05000US48391,"Refugio County, Texas",48,391,2695,1945,375,90,55,10,0,0,0,25,0,120,50,0,0,0,0,70,0,85,30,4,0,0,0,50,0,35,25,0,0,0,0,10,0,50,30,4,0,0,0,15,0,1535,4,4,4,0,0,0,0,0,95,25,0,0,0,0,70,4,180,80,10,0,0,0,90,0,130,65,4,0,4,0,55,0,1120,700,50,0,4,0,325,50,35,35,35,0,0,0,0,0,0,0,0,0,0,0,0,0,0,0,0,0,0,0,0,0,0,0,0,0,0,0,0,0,0,0,0,0,0,0,0,0,0,745,235,130,20,0,0,0,0,110,0,80,15,4,0,0,0,65,0,20,10,0,0,0,0,10,0,0,0,0,0,0,0,0,0,10,10,0,0,0,0,0,0,510,40,4,4,0,0,0,25,10,80,10,4,0,0,0,65,0,100,80,15,0,0,0,10,0,45,0,0,0,0,0,45,0,245,115,15,4,4,0,100,10,4,4,0,0,0,0,0,4,0,0,0,0,0,0,0,0,0,0,0,0,0,0,0,0,0,0,0,0,0,0,0,0,0,0,0,0,0,0,0,0,0,124,114,82,41,30,13,19,19,19,22,19,57,38,19,19,19,19,41,19,35,21,3,19,19,19,28,19,27,24,19,19,19,19,15,19,26,19,19,19,19,19,20,19,128,10,2,2,19,19,19,19,19,36,21,19,19,19,19,34,3,59,35,19,19,19,19,46,19,50,36,10,19,12,19,36,19,147,110,25,19,4,19,70,29,38,38,38,19,19,19,19,19,19,19,19,19,19,19,19,19,19,19,19,19,19,19,19,19,19,19,19,19,19,19,19,19,19,19,19,19,19,19,19,19,19,105,72,63,22,19,19,19,19,61,19,40,18,4,19,19,19,36,19,22,14,19,19,19,19,17,19,19,19,19,19,19,19,19,19,13,13,19,19,19,19,19,19,102,29,19,5,19,19,19,24,15,57,13,2,19,19,19,52,19,43,39,22,19,19,19,13,19,31,19,19,19,19,19,31,19,73,49,20,6,6,19,52,13,2,2,19,19,19,19,19,2,19,19,19,19,19,19,19,19,19,19,19,19,19,19,19,19,19,19,19,19,19,19,19,19,19,19,19,19,19,19,19,19,19
2013thru2017,50,05000US48393,"Roberts County, Texas",48,393,325,240,15,4,4,0,0,0,0,0,0,4,4,0,0,0,0,4,0,4,4,0,0,0,0,0,0,4,4,0,0,0,0,0,0,4,4,0,0,0,0,0,0,225,4,4,0,0,0,0,0,0,10,10,0,0,0,0,0,0,40,40,0,0,0,0,0,0,20,15,0,0,0,0,4,0,150,150,0,0,0,0,4,0,0,0,0,0,0,0,0,0,0,0,0,0,0,0,0,0,0,0,0,0,0,0,0,0,0,0,0,0,0,0,0,0,0,0,0,0,0,0,0,0,0,85,10,4,4,0,0,0,0,0,0,4,4,0,0,0,0,0,0,4,4,0,0,0,0,0,0,0,0,0,0,0,0,0,0,0,0,0,0,0,0,0,0,75,0,0,0,0,0,0,0,0,4,4,0,0,0,0,0,0,10,10,0,0,0,0,0,0,10,10,0,0,0,0,0,0,55,50,0,0,0,0,0,4,0,0,0,0,0,0,0,0,0,0,0,0,0,0,0,0,0,0,0,0,0,0,0,0,0,0,0,0,0,0,0,0,0,0,0,0,0,0,0,0,0,35,45,18,3,3,13,13,13,13,13,13,12,13,13,13,13,13,6,13,13,13,13,13,13,13,13,13,13,13,13,13,13,13,13,13,2,2,13,13,13,13,13,13,41,10,10,13,13,13,13,13,13,18,18,13,13,13,13,13,13,15,15,13,13,13,13,13,13,13,14,13,13,13,13,2,13,33,33,13,13,13,13,2,13,13,13,13,13,13,13,13,13,13,13,13,13,13,13,13,13,13,13,13,13,13,13,13,13,13,13,13,13,13,13,13,13,13,13,13,13,13,13,13,13,13,29,10,1,1,13,13,13,13,13,13,3,3,13,13,13,13,13,13,13,13,13,13,13,13,13,13,13,13,13,13,13,13,13,13,13,13,13,13,13,13,13,13,27,13,13,13,13,13,13,13,13,13,13,13,13,13,13,13,13,13,13,13,13,13,13,13,13,13,13,13,13,13,13,13,13,29,28,13,13,13,13,13,2,13,13,13,13,13,13,13,13,13,13,13,13,13,13,13,13,13,13,13,13,13,13,13,13,13,13,13,13,13,13,13,13,13,13,13,13,13,13,13,13,13
2013thru2017,50,05000US48395,"Robertson County, Texas",48,395,6300,4690,830,240,150,65,0,0,0,25,0,190,160,20,0,0,0,4,4,190,55,40,0,0,0,100,0,55,50,4,0,0,0,0,0,150,110,10,0,0,0,30,0,3840,75,45,15,0,4,0,0,10,270,185,20,0,0,0,65,0,680,465,125,0,30,0,65,0,395,240,55,0,0,0,90,10,2420,1815,275,0,0,0,330,4,20,20,0,20,0,0,0,0,0,0,0,0,0,0,0,0,0,0,0,0,0,0,0,0,0,0,0,0,0,0,0,0,0,0,0,0,0,0,0,0,0,1605,690,410,130,235,0,0,0,30,15,210,60,70,0,0,0,80,0,65,40,25,0,0,0,0,0,0,0,0,0,0,0,0,0,4,4,0,0,0,0,0,0,870,100,55,45,0,0,0,0,0,55,35,20,0,0,0,0,0,175,130,40,0,0,0,4,0,210,105,15,20,0,0,70,4,330,190,95,0,0,0,50,0,45,45,10,35,0,0,0,0,0,0,0,0,0,0,0,0,0,0,0,0,0,0,0,0,0,0,0,0,0,0,0,0,0,0,0,0,0,0,0,0,0,278,253,188,104,78,43,21,21,21,30,21,79,72,25,21,21,21,8,7,114,47,34,21,21,21,100,21,35,33,8,21,21,21,21,21,69,56,17,21,21,21,37,21,253,46,41,13,21,7,21,21,18,104,78,19,21,21,21,72,21,140,101,72,21,30,21,63,21,151,84,48,21,21,21,91,18,277,200,111,21,21,21,145,7,23,23,21,23,21,21,21,21,21,21,21,21,21,21,21,21,21,21,21,21,21,21,21,21,21,21,21,21,21,21,21,21,21,21,21,21,21,21,21,21,21,240,158,133,64,94,21,21,21,35,13,91,37,45,21,21,21,72,21,60,34,48,21,21,21,21,21,21,21,21,21,21,21,21,21,11,11,21,21,21,21,21,21,166,54,39,34,21,21,21,21,21,34,31,19,21,21,21,21,21,79,76,32,21,21,21,12,21,97,57,19,34,21,21,66,6,107,72,73,21,21,21,53,21,35,35,15,34,21,21,21,21,21,21,21,21,21,21,21,21,21,21,21,21,21,21,21,21,21,21,21,21,21,21,21,21,21,21,21,21,21,21,21,21,21
2013thru2017,50,05000US48397,"Rockwall County, Texas",48,397,30365,24415,4980,770,490,35,40,0,0,165,35,1030,675,85,10,0,0,235,25,1345,815,20,70,0,0,435,0,755,505,50,10,10,0,170,10,1080,830,45,30,0,0,175,4,19350,75,40,0,0,0,0,35,0,410,275,0,0,0,0,140,0,1615,1290,45,35,0,0,250,0,980,810,15,0,0,0,145,15,16265,13275,1165,255,45,0,1315,210,80,80,40,40,0,0,0,0,0,0,0,0,0,0,0,0,0,0,0,0,0,0,0,0,0,0,0,0,0,0,0,0,0,0,0,0,0,0,0,0,0,5950,2735,775,360,145,15,0,0,250,0,760,610,90,40,0,0,20,0,775,595,20,50,0,0,105,0,260,260,0,0,0,0,0,0,165,160,0,0,0,0,4,0,3185,40,40,0,0,0,0,0,0,135,95,25,0,0,0,20,0,385,240,4,0,0,0,135,0,465,350,0,45,0,0,30,40,2160,1845,30,20,10,0,205,50,30,30,15,0,0,0,0,15,0,0,0,0,0,0,0,0,0,0,0,0,0,0,0,0,0,0,0,0,0,0,0,0,0,0,0,0,0,0,0,0,0,319,500,543,201,160,39,43,31,31,101,39,237,195,72,22,31,31,129,24,284,200,26,49,31,31,184,31,200,163,60,16,18,31,106,16,266,200,38,38,31,31,125,2,681,66,46,31,31,31,31,45,31,155,113,31,31,31,31,95,31,295,256,67,34,31,31,156,31,234,223,24,31,31,31,106,21,690,595,166,91,31,31,249,94,70,70,41,55,31,31,31,31,31,31,31,31,31,31,31,31,31,31,31,31,31,31,31,31,31,31,31,31,31,31,31,31,31,31,31,31,31,31,31,31,31,476,416,233,145,104,28,31,31,140,31,217,198,56,57,31,31,27,31,250,204,44,61,31,31,90,31,127,127,31,31,31,31,31,31,122,120,31,31,31,31,9,31,416,45,45,31,31,31,31,31,31,76,61,38,31,31,31,25,31,189,163,16,31,31,31,94,31,212,184,31,69,31,31,45,59,371,324,61,34,15,31,101,70,40,40,23,31,31,31,31,36,31,31,31,31,31,31,31,31,31,31,31,31,31,31,31,31,31,31,31,31,31,31,31,31,31,31,31,31,31,31,31,31,31
2013thru2017,50,05000US48399,"Runnels County, Texas",48,399,3780,2715,450,170,110,0,0,10,0,50,0,125,100,0,0,0,0,15,10,80,60,10,0,4,0,0,4,25,20,0,0,0,0,4,0,50,30,0,0,0,0,20,0,2235,40,30,0,0,0,0,10,0,185,125,0,0,0,0,60,0,420,300,0,0,0,0,110,4,195,145,0,0,0,0,50,0,1395,1075,4,25,0,0,275,20,25,25,20,0,0,0,0,4,0,0,0,0,0,0,0,0,0,0,0,0,0,0,0,0,0,0,0,0,0,0,0,0,0,0,0,0,0,0,0,0,0,1065,390,110,40,20,0,25,0,30,0,170,155,0,0,0,0,15,0,80,55,0,0,0,0,25,0,4,4,0,0,0,0,0,0,25,0,0,0,0,0,25,0,660,25,15,0,0,0,0,4,0,60,50,0,0,0,0,10,0,255,120,10,0,0,0,120,4,105,75,0,0,0,0,25,0,220,190,0,0,0,0,30,0,15,15,4,10,0,0,0,0,0,0,0,0,0,0,0,0,0,0,0,0,0,0,0,0,0,0,0,0,0,0,0,0,0,0,0,0,0,0,0,0,0,171,171,99,69,57,21,21,15,21,40,21,51,45,21,21,21,21,16,16,40,35,16,21,9,21,21,9,19,17,21,21,21,21,15,21,35,26,21,21,21,21,26,21,162,46,46,21,21,21,21,12,21,62,55,21,21,21,21,42,21,112,92,21,21,21,21,52,13,63,54,21,21,21,21,33,21,163,141,9,22,21,21,79,30,29,29,29,21,21,21,21,14,21,21,21,21,21,21,21,21,21,21,21,21,21,21,21,21,21,21,21,21,21,21,21,21,21,21,21,21,21,21,21,21,21,164,117,69,43,31,21,33,21,24,21,72,70,21,21,21,21,23,21,56,47,21,21,21,21,30,21,14,14,21,21,21,21,21,21,32,21,21,21,21,21,32,21,119,25,22,21,21,21,21,16,21,33,30,21,21,21,21,15,21,84,53,21,21,21,21,73,12,52,44,21,21,21,21,23,21,62,62,21,21,21,21,25,21,21,21,12,16,21,21,21,21,21,21,21,21,21,21,21,21,21,21,21,21,21,21,21,21,21,21,21,21,21,21,21,21,21,21,21,21,21,21,21,21,21
2013thru2017,50,05000US48401,"Rusk County, Texas",48,401,17980,13675,2290,700,370,85,0,10,0,200,35,605,280,185,15,0,0,85,35,350,250,15,0,0,0,75,4,295,265,15,0,0,0,10,0,340,235,35,0,0,0,75,0,11265,130,80,45,0,0,0,4,0,840,445,225,0,0,0,140,30,1520,1085,275,0,4,0,145,15,1205,925,130,0,0,0,140,4,7570,6335,730,20,0,0,420,65,125,125,95,15,0,0,0,4,10,0,0,0,0,0,0,0,0,0,0,0,0,0,0,0,0,0,0,0,0,0,0,0,0,0,0,0,0,0,0,0,0,4305,1705,510,285,200,0,0,0,20,0,555,275,205,0,0,0,75,4,440,235,180,0,4,0,20,0,40,4,0,0,0,0,40,0,155,75,10,15,0,0,55,0,2490,90,20,65,0,0,0,4,4,385,120,230,0,0,0,30,4,650,335,210,0,0,0,105,0,340,225,70,0,0,0,20,25,1025,845,165,0,0,0,20,0,110,110,60,45,0,0,0,0,4,0,0,0,0,0,0,0,0,0,0,0,0,0,0,0,0,0,0,0,0,0,0,0,0,0,0,0,0,0,0,0,0,343,320,320,160,108,49,31,21,31,110,38,162,115,97,27,31,31,56,29,113,100,18,31,31,31,48,10,111,106,18,31,31,31,20,31,111,79,37,31,31,31,56,31,372,59,45,29,31,31,31,8,31,185,128,95,31,31,31,79,41,241,207,82,31,6,31,90,18,176,160,61,31,31,31,67,12,381,332,136,19,31,31,165,46,54,54,47,16,31,31,31,7,16,31,31,31,31,31,31,31,31,31,31,31,31,31,31,31,31,31,31,31,31,31,31,31,31,31,31,31,31,31,31,31,31,329,254,139,94,98,31,31,31,22,31,149,93,85,31,31,31,66,13,152,103,115,31,11,31,22,31,45,31,31,31,31,31,45,31,74,49,19,28,31,31,61,31,267,48,13,45,31,31,31,8,1,127,67,103,31,31,31,41,3,193,153,98,31,31,31,66,31,110,101,53,31,31,31,27,38,170,156,93,31,31,31,25,31,74,74,63,42,31,31,31,31,13,31,31,31,31,31,31,31,31,31,31,31,31,31,31,31,31,31,31,31,31,31,31,31,31,31,31,31,31,31,31,31,31
2013thru2017,50,05000US48403,"Sabine County, Texas",48,403,3810,3355,550,195,185,4,0,0,0,0,4,130,95,4,0,0,0,30,4,145,135,10,0,0,0,0,0,25,25,0,0,0,0,0,0,55,55,0,0,0,0,0,0,2725,30,30,0,0,0,0,0,0,300,275,25,0,0,0,4,0,625,580,40,0,0,0,0,0,300,295,0,0,0,0,0,4,1470,1385,45,4,0,0,0,35,80,80,4,75,0,0,0,0,0,0,0,0,0,0,0,0,0,0,0,0,0,0,0,0,0,0,0,0,0,0,0,0,0,0,0,0,0,0,0,0,0,460,240,115,100,15,0,0,0,0,0,85,15,75,0,0,0,0,0,15,15,0,0,0,0,0,0,25,25,0,0,0,0,0,0,4,0,4,0,0,0,0,0,210,55,55,0,0,0,0,0,0,95,85,4,0,0,0,0,0,30,30,0,0,0,0,0,0,4,4,0,0,0,0,0,0,25,25,0,0,0,0,0,0,10,10,4,4,0,0,0,0,0,0,0,0,0,0,0,0,0,0,0,0,0,0,0,0,0,0,0,0,0,0,0,0,0,0,0,0,0,0,0,0,0,274,277,141,68,67,1,21,21,21,21,10,69,59,1,21,21,21,33,7,69,65,18,21,21,21,21,21,24,24,21,21,21,21,21,21,48,48,21,21,21,21,21,21,220,21,21,21,21,21,21,21,21,116,114,24,21,21,21,5,21,133,129,40,21,21,21,21,21,111,111,21,21,21,21,21,3,185,182,46,7,21,21,21,53,88,88,5,88,21,21,21,21,21,21,21,21,21,21,21,21,21,21,21,21,21,21,21,21,21,21,21,21,21,21,21,21,21,21,21,21,21,21,21,21,21,148,97,67,68,19,21,21,21,21,21,58,17,58,21,21,21,21,21,17,17,21,21,21,21,21,21,29,29,21,21,21,21,21,21,4,21,4,21,21,21,21,21,92,41,41,21,21,21,21,21,21,65,66,15,21,21,21,21,21,36,36,21,21,21,21,21,21,3,3,21,21,21,21,21,21,24,24,21,21,21,21,21,21,15,15,7,11,21,21,21,21,21,21,21,21,21,21,21,21,21,21,21,21,21,21,21,21,21,21,21,21,21,21,21,21,21,21,21,21,21,21,21,21,21
2013thru2017,50,05000US48405,"San Augustine County, Texas",48,405,3200,2535,465,215,110,70,0,15,0,15,0,140,80,35,0,0,0,25,0,40,30,4,0,0,0,10,0,15,10,4,0,0,0,0,0,55,40,0,0,0,0,0,15,1985,15,0,10,0,0,0,4,0,295,240,55,0,0,0,0,0,430,360,60,0,0,0,10,0,265,205,60,0,0,0,0,0,985,760,205,0,0,0,20,0,85,85,40,45,0,0,0,0,0,0,0,0,0,0,0,0,0,0,0,0,0,0,0,0,0,0,0,0,0,0,0,0,0,0,0,0,0,0,0,0,0,665,230,140,45,100,0,0,0,0,0,30,30,0,0,0,0,0,0,20,4,15,0,0,0,0,0,0,0,0,0,0,0,0,0,40,4,0,0,0,0,35,0,400,125,80,20,0,0,0,25,0,40,15,25,0,0,0,0,0,65,45,20,0,0,0,0,0,35,0,0,0,0,0,35,0,135,125,10,0,0,0,0,0,35,35,10,10,0,0,0,20,0,0,0,0,0,0,0,0,0,0,0,0,0,0,0,0,0,0,0,0,0,0,0,0,0,0,0,0,0,0,0,0,0,209,190,127,94,59,49,19,23,19,27,19,79,61,33,19,19,19,34,19,39,33,11,19,19,19,15,19,21,16,12,19,19,19,19,19,45,39,19,19,19,19,19,24,203,22,19,17,19,19,19,4,19,105,104,30,19,19,19,19,19,116,110,38,19,19,19,17,19,100,87,50,19,19,19,19,19,134,112,76,19,19,19,22,19,63,63,48,41,19,19,19,19,19,19,19,19,19,19,19,19,19,19,19,19,19,19,19,19,19,19,19,19,19,19,19,19,19,19,19,19,19,19,19,19,19,158,89,76,36,67,19,19,19,19,19,36,36,19,19,19,19,19,19,28,8,27,19,19,19,19,19,19,19,19,19,19,19,19,19,45,14,19,19,19,19,42,19,124,84,65,28,19,19,19,36,19,32,21,26,19,19,19,19,19,49,43,31,19,19,19,19,19,40,19,19,19,19,19,40,19,83,80,15,19,19,19,19,19,43,43,17,16,19,19,19,34,19,19,19,19,19,19,19,19,19,19,19,19,19,19,19,19,19,19,19,19,19,19,19,19,19,19,19,19,19,19,19,19,19
2013thru2017,50,05000US48407,"San Jacinto County, Texas",48,407,9415,7810,1915,515,265,195,0,0,0,50,0,620,395,70,0,0,0,155,0,360,305,50,0,0,0,4,0,75,65,15,0,0,0,0,0,340,325,0,0,0,0,15,0,5840,185,115,70,0,0,0,0,0,515,440,15,0,0,0,55,0,900,645,105,0,0,0,150,0,565,445,50,0,0,0,45,20,3675,3160,395,0,4,0,115,0,60,60,35,0,0,0,0,25,0,0,0,0,0,0,0,0,0,0,0,0,0,0,0,0,0,0,0,0,0,0,0,0,0,0,0,0,0,0,0,0,0,1600,770,280,175,50,0,0,0,50,4,305,185,60,0,0,0,60,0,130,120,10,0,0,0,0,0,25,4,20,0,0,0,0,0,35,25,4,0,0,0,0,0,810,65,60,10,0,0,0,0,0,75,30,20,0,0,0,20,0,205,120,35,0,0,0,35,15,115,115,0,0,0,0,0,0,350,250,35,0,45,0,25,0,25,25,25,0,0,0,0,0,0,0,0,0,0,0,0,0,0,0,0,0,0,0,0,0,0,0,0,0,0,0,0,0,0,0,0,0,0,0,0,0,0,454,460,336,182,129,102,25,25,25,78,25,177,134,72,25,25,25,112,25,155,142,55,25,25,25,3,25,46,41,24,25,25,25,25,25,124,124,25,25,25,25,36,25,473,111,87,77,25,25,25,25,25,177,162,25,25,25,25,51,25,253,209,92,25,25,25,114,25,174,140,71,25,25,25,48,37,367,363,124,25,14,25,85,25,55,55,37,25,25,25,25,47,25,25,25,25,25,25,25,25,25,25,25,25,25,25,25,25,25,25,25,25,25,25,25,25,25,25,25,25,25,25,25,25,25,312,248,137,113,43,25,25,25,72,10,156,126,63,25,25,25,77,25,111,108,16,25,25,25,25,25,23,9,21,25,25,25,25,25,41,38,13,25,25,25,25,25,204,55,54,15,25,25,25,25,25,45,27,27,25,25,25,34,25,125,85,50,25,25,25,53,24,94,94,25,25,25,25,25,25,149,126,37,25,68,25,38,25,31,31,31,25,25,25,25,25,25,25,25,25,25,25,25,25,25,25,25,25,25,25,25,25,25,25,25,25,25,25,25,25,25,25,25,25,25,25,25,25,25
2013thru2017,50,05000US48409,"San Patricio County, Texas",48,409,23245,15545,3385,910,340,0,15,0,0,555,0,695,330,4,10,15,0,335,4,685,250,25,10,4,0,385,10,355,180,0,15,0,0,140,15,735,425,4,0,4,0,300,0,12095,290,70,0,0,0,0,220,0,975,365,0,0,0,0,610,0,1490,640,10,0,0,0,840,0,1240,565,15,10,0,0,650,0,8105,4700,95,60,0,0,3180,70,70,70,40,0,0,0,0,30,0,0,0,0,0,0,0,0,0,0,0,0,0,0,0,0,0,0,0,0,0,0,0,0,0,0,0,0,0,0,0,0,0,7700,3390,1035,160,55,0,0,0,820,0,850,225,10,0,0,0,615,0,805,365,45,0,0,0,395,0,240,165,0,0,0,0,70,0,460,310,0,15,0,0,135,0,4160,340,75,20,0,0,0,245,0,275,95,35,0,0,0,130,10,945,250,0,0,0,0,695,0,575,135,60,0,0,0,375,4,2030,820,25,45,0,0,1140,0,150,150,75,0,0,45,0,30,0,0,0,0,0,0,0,0,0,0,0,0,0,0,0,0,0,0,0,0,0,0,0,0,0,0,0,0,0,0,0,0,0,480,507,355,186,115,31,24,31,31,137,31,148,101,13,15,28,31,115,1,162,82,31,14,10,31,121,14,110,81,31,18,31,31,69,30,178,112,12,31,5,31,120,31,452,97,32,31,31,31,31,94,31,199,126,31,31,31,31,155,31,225,148,15,31,31,31,168,31,208,146,25,15,31,31,183,31,401,315,46,42,31,31,297,58,37,37,31,31,31,31,31,24,31,31,31,31,31,31,31,31,31,31,31,31,31,31,31,31,31,31,31,31,31,31,31,31,31,31,31,31,31,31,31,31,31,515,389,186,70,61,31,31,31,181,31,208,88,21,31,31,31,191,31,212,142,48,31,31,31,158,31,106,94,31,31,31,31,60,31,172,132,31,24,31,31,90,31,408,131,60,26,31,31,31,115,31,115,66,38,31,31,31,88,14,279,119,31,31,31,31,232,31,166,74,53,31,31,31,127,7,338,192,26,35,31,31,279,31,109,109,75,31,31,71,31,29,31,31,31,31,31,31,31,31,31,31,31,31,31,31,31,31,31,31,31,31,31,31,31,31,31,31,31,31,31,31,31,31,31
2013thru2017,50,05000US48411,"San Saba County, Texas",48,411,2135,1440,385,105,85,0,0,0,0,20,0,165,110,0,0,0,0,55,0,75,60,0,0,0,0,4,10,15,10,0,0,0,0,4,0,35,35,0,0,0,0,0,0,1050,4,4,0,0,0,0,0,4,80,80,0,0,0,0,0,0,195,165,0,0,0,0,30,0,75,60,0,0,0,0,10,4,695,590,0,0,0,0,105,4,0,0,0,0,0,0,0,0,0,0,0,0,0,0,0,0,0,0,0,0,0,0,0,0,0,0,0,0,0,0,0,0,0,0,0,0,0,0,0,0,0,695,190,75,25,0,0,0,0,50,0,50,30,0,0,0,0,4,10,50,4,0,0,0,0,40,4,0,0,0,0,0,0,0,0,15,0,0,0,0,0,15,0,505,50,35,0,0,0,0,20,0,115,105,0,0,0,0,10,0,75,70,0,0,0,0,4,0,60,50,0,0,0,0,10,0,205,145,0,4,0,0,60,0,4,4,4,0,0,0,0,0,0,0,0,0,0,0,0,0,0,0,0,0,0,0,0,0,0,0,0,0,0,0,0,0,0,0,0,0,0,0,0,0,0,135,123,90,60,53,19,19,19,19,25,19,67,62,19,19,19,19,30,19,47,40,19,19,19,19,5,20,15,13,19,19,19,19,4,19,33,33,19,19,19,19,19,19,121,12,6,19,19,19,19,19,5,39,39,19,19,19,19,19,19,55,52,19,19,19,19,20,19,33,29,19,19,19,19,17,4,113,104,19,19,19,19,40,5,19,19,19,19,19,19,19,19,19,19,19,19,19,19,19,19,19,19,19,19,19,19,19,19,19,19,19,19,19,19,19,19,19,19,19,19,19,19,19,19,19,108,74,44,23,19,19,19,19,41,19,40,32,19,19,19,19,13,20,41,11,19,19,19,19,40,6,19,19,19,19,19,19,19,19,24,19,19,19,19,19,24,19,110,34,32,19,19,19,19,19,19,57,55,19,19,19,19,15,19,44,44,19,19,19,19,3,19,50,50,19,19,19,19,18,19,75,56,19,6,19,19,48,19,11,11,11,19,19,19,19,19,19,19,19,19,19,19,19,19,19,19,19,19,19,19,19,19,19,19,19,19,19,19,19,19,19,19,19,19,19,19,19,19,19
2013thru2017,50,05000US48413,"Schleicher County, Texas",48,413,1100,845,200,75,30,0,0,0,0,45,0,20,4,0,0,0,0,15,0,35,30,0,0,0,0,4,0,0,0,0,0,0,0,0,0,70,4,0,0,0,0,65,0,640,30,4,0,0,0,0,25,0,30,15,0,0,0,0,15,0,120,30,0,0,0,0,90,0,65,30,0,0,0,0,35,0,390,265,0,0,0,0,120,4,4,4,4,0,0,0,0,0,0,0,0,0,0,0,0,0,0,0,0,0,0,0,0,0,0,0,0,0,0,0,0,0,0,0,0,0,0,0,0,0,0,255,95,35,25,10,0,0,0,0,0,35,20,0,0,0,0,15,0,0,0,0,0,0,0,0,0,15,15,0,0,0,0,0,0,4,0,0,0,0,0,4,0,160,25,15,0,0,0,0,10,0,4,0,0,0,0,0,4,0,25,0,0,0,0,0,25,0,4,4,0,0,0,0,0,0,95,60,0,0,0,0,35,0,0,0,0,0,0,0,0,0,0,0,0,0,0,0,0,0,0,0,0,0,0,0,0,0,0,0,0,0,0,0,0,0,0,0,0,0,0,0,0,0,0,100,118,66,39,28,13,13,13,13,28,13,21,10,13,13,13,13,21,13,29,26,13,13,13,13,15,13,13,13,13,13,13,13,13,13,50,18,13,13,13,13,46,13,104,23,15,13,13,13,13,22,13,24,17,13,13,13,13,17,13,53,22,13,13,13,13,46,13,37,26,13,13,13,13,31,13,97,68,13,13,13,13,51,3,15,15,15,13,13,13,13,13,13,13,13,13,13,13,13,13,13,13,13,13,13,13,13,13,13,13,13,13,13,13,13,13,13,13,13,13,13,13,13,13,13,78,42,24,23,15,13,13,13,13,13,26,27,13,13,13,13,18,13,13,13,13,13,13,13,13,13,20,20,13,13,13,13,13,13,15,13,13,13,13,13,15,13,68,25,17,13,13,13,13,19,13,16,13,13,13,13,13,16,13,29,13,13,13,13,13,29,13,13,13,13,13,13,13,13,13,50,44,13,13,13,13,29,13,13,13,13,13,13,13,13,13,13,13,13,13,13,13,13,13,13,13,13,13,13,13,13,13,13,13,13,13,13,13,13,13,13,13,13,13,13,13,13,13,13
2013thru2017,50,05000US48415,"Scurry County, Texas",48,415,5840,4325,770,160,65,20,0,0,0,75,0,210,90,0,0,0,0,120,0,295,235,0,0,0,0,55,0,35,20,0,0,0,0,10,0,75,15,0,0,0,0,60,0,3545,65,30,0,0,0,0,35,0,295,200,20,0,0,0,75,0,450,305,0,0,4,0,130,15,265,200,0,0,0,0,65,0,2470,1600,90,0,0,0,770,10,15,15,15,0,0,0,0,0,0,0,0,0,0,0,0,0,0,0,0,0,0,0,0,0,0,0,0,0,0,0,0,0,0,0,0,0,0,0,0,0,0,1510,505,215,55,0,0,0,0,135,20,150,65,0,0,0,0,85,0,125,75,0,0,0,0,50,0,10,0,0,0,0,0,10,0,4,0,0,0,0,0,4,0,1005,70,20,0,0,0,0,50,0,40,40,0,0,0,0,0,0,220,155,0,0,0,0,65,0,180,105,15,0,0,0,55,0,500,285,70,0,4,0,145,0,0,0,0,0,0,0,0,0,0,0,0,0,0,0,0,0,0,0,0,0,0,0,0,0,0,0,0,0,0,0,0,0,0,0,0,0,0,0,0,0,0,252,215,206,80,44,39,21,21,21,59,21,125,58,21,21,21,21,108,21,112,107,21,21,21,21,54,21,35,27,21,21,21,21,28,21,55,19,21,21,21,21,51,21,259,74,35,21,21,21,21,47,21,129,93,34,21,21,21,54,21,130,108,21,21,4,21,56,25,97,78,21,21,21,21,52,21,265,188,61,21,21,21,202,13,16,16,16,21,21,21,21,21,21,21,21,21,21,21,21,21,21,21,21,21,21,21,21,21,21,21,21,21,21,21,21,21,21,21,21,21,21,21,21,21,21,263,178,106,44,21,21,21,21,85,40,101,57,21,21,21,21,85,21,89,66,21,21,21,21,57,21,21,21,21,21,21,21,21,21,4,21,21,21,21,21,4,21,224,72,32,21,21,21,21,68,21,41,41,21,21,21,21,21,21,91,78,21,21,21,21,51,21,103,82,34,21,21,21,42,21,165,112,78,21,9,21,81,21,21,21,21,21,21,21,21,21,21,21,21,21,21,21,21,21,21,21,21,21,21,21,21,21,21,21,21,21,21,21,21,21,21,21,21,21,21,21,21,21,21
2013thru2017,50,05000US48417,"Shackelford County, Texas",48,417,1255,990,190,105,105,0,0,0,0,0,4,45,30,0,0,0,0,15,0,4,4,0,0,0,0,0,0,0,0,0,0,0,0,0,0,30,30,0,0,0,0,0,0,800,15,15,0,0,0,0,0,0,60,60,0,0,0,0,0,0,145,125,0,4,0,0,15,0,120,100,0,0,0,0,20,0,460,450,0,0,4,0,10,0,4,4,4,0,0,0,0,0,0,0,0,0,0,0,0,0,0,0,0,0,0,0,0,0,0,0,0,0,0,0,0,0,0,0,0,0,0,0,0,0,0,265,110,55,45,0,0,0,0,10,0,20,4,0,0,0,0,15,0,4,0,0,0,0,0,0,4,10,10,0,0,0,0,0,0,25,25,0,0,0,0,0,0,150,10,10,0,0,0,0,0,0,10,4,0,0,0,0,4,0,20,20,0,0,0,0,0,0,35,30,0,0,0,0,4,0,70,70,0,0,0,0,4,0,4,4,4,0,0,0,0,0,0,0,0,0,0,0,0,0,0,0,0,0,0,0,0,0,0,0,0,0,0,0,0,0,0,0,0,0,0,0,0,0,0,106,88,66,55,55,13,13,13,13,13,5,30,28,13,13,13,13,20,13,15,15,13,13,13,13,13,13,13,13,13,13,13,13,13,13,24,24,13,13,13,13,13,13,97,20,20,13,13,13,13,13,13,35,35,13,13,13,13,13,13,52,48,13,1,13,13,24,13,53,44,13,13,13,13,33,13,89,87,13,13,1,13,15,13,2,2,2,13,13,13,13,13,13,13,13,13,13,13,13,13,13,13,13,13,13,13,13,13,13,13,13,13,13,13,13,13,13,13,13,13,13,13,13,13,13,75,52,36,32,13,13,13,13,16,13,26,9,13,13,13,13,26,13,7,13,13,13,13,13,13,7,15,15,13,13,13,13,13,13,22,22,13,13,13,13,13,13,52,17,17,13,13,13,13,13,13,13,4,13,13,13,13,15,13,23,23,13,13,13,13,13,13,29,27,13,13,13,13,8,13,43,42,13,13,13,13,13,13,13,13,13,13,13,13,13,13,13,13,13,13,13,13,13,13,13,13,13,13,13,13,13,13,13,13,13,13,13,13,13,13,13,13,13,13,13,13,13,13,13
2013thru2017,50,05000US48419,"Shelby County, Texas",48,419,9220,6580,1170,325,215,75,0,0,0,35,0,275,160,80,0,0,0,35,0,305,170,35,0,0,0,100,0,70,70,0,0,0,0,0,0,190,165,10,0,0,0,20,0,5390,130,80,40,0,0,0,10,0,485,335,70,0,0,0,75,4,845,635,105,0,0,0,105,0,905,500,235,0,4,0,170,0,3020,2635,210,0,0,0,175,0,25,25,15,4,0,0,0,0,0,0,0,0,0,0,0,0,0,0,0,0,0,0,0,0,0,0,0,0,0,0,0,0,0,0,0,0,0,0,0,0,0,2640,1115,540,180,335,0,0,0,25,4,435,315,65,0,0,0,55,0,120,55,50,0,0,0,15,0,25,25,0,0,0,0,0,0,0,0,0,0,0,0,0,0,1370,185,120,45,0,0,0,20,0,250,95,115,10,0,0,25,4,345,175,100,10,0,0,55,0,215,125,70,0,0,0,15,4,375,285,20,0,0,0,70,0,150,150,115,35,0,0,0,0,0,0,0,0,0,0,0,0,0,0,0,0,0,0,0,0,0,0,0,0,0,0,0,0,0,0,0,0,0,0,0,0,0,297,322,180,102,69,62,25,25,25,43,25,105,90,52,25,25,25,34,25,105,84,34,25,25,25,54,25,63,63,25,25,25,25,25,25,87,86,14,25,25,25,28,25,329,58,40,33,25,25,25,15,25,122,101,45,25,25,25,49,2,204,160,73,25,25,25,69,25,231,133,104,25,2,25,132,25,267,241,92,25,25,25,95,25,18,18,16,9,25,25,25,25,25,25,25,25,25,25,25,25,25,25,25,25,25,25,25,25,25,25,25,25,25,25,25,25,25,25,25,25,25,25,25,25,25,311,243,185,91,166,25,25,25,21,7,172,148,65,25,25,25,53,25,70,56,44,25,25,25,23,25,37,37,25,25,25,25,25,25,25,25,25,25,25,25,25,25,242,62,64,39,25,25,25,21,25,120,72,81,13,25,25,29,3,122,84,59,27,25,25,65,25,116,89,75,25,25,25,24,11,145,130,20,25,25,25,61,25,96,96,91,28,25,25,25,25,25,25,25,25,25,25,25,25,25,25,25,25,25,25,25,25,25,25,25,25,25,25,25,25,25,25,25,25,25,25,25,25,25
2013thru2017,50,05000US48421,"Sherman County, Texas",48,421,1065,860,125,10,4,0,0,0,0,4,0,20,15,0,0,0,0,4,0,60,25,0,0,0,0,30,0,20,20,0,0,0,0,0,0,15,4,0,0,4,0,4,0,730,4,4,0,0,0,0,4,0,65,40,0,0,0,0,25,0,110,75,0,0,0,0,35,0,85,45,0,0,0,0,40,0,460,395,0,0,0,0,65,0,4,4,4,0,0,0,0,0,0,0,0,0,0,0,0,0,0,0,0,0,0,0,0,0,0,0,0,0,0,0,0,0,0,0,0,0,0,0,0,0,0,205,75,55,30,0,0,0,0,25,0,15,4,0,0,0,0,10,0,4,4,0,0,0,0,4,0,0,0,0,0,0,0,0,0,0,0,0,0,0,0,0,0,130,25,15,0,0,0,0,10,0,10,0,0,0,0,0,10,0,25,4,0,0,0,0,20,0,25,4,0,0,0,0,20,0,45,30,0,0,0,0,15,0,0,0,0,0,0,0,0,0,0,0,0,0,0,0,0,0,0,0,0,0,0,0,0,0,0,0,0,0,0,0,0,0,0,0,0,0,0,0,0,0,0,63,73,53,14,12,13,13,13,13,9,13,16,17,13,13,13,13,13,13,31,23,13,13,13,13,27,13,20,20,13,13,13,13,13,13,18,13,13,13,12,13,10,13,81,4,13,13,13,13,13,1,13,33,24,13,13,13,13,25,13,35,29,13,13,13,13,21,13,35,26,13,13,13,13,25,13,69,65,13,13,13,13,31,13,6,6,6,13,13,13,13,13,13,13,13,13,13,13,13,13,13,13,13,13,13,13,13,13,13,13,13,13,13,13,13,13,13,13,13,13,13,13,13,13,13,53,37,32,23,13,13,13,13,21,13,16,13,13,13,13,13,15,13,8,1,13,13,13,13,13,13,13,13,13,13,13,13,13,13,13,13,13,13,13,13,13,13,42,22,19,13,13,13,13,14,13,13,13,13,13,13,13,13,13,17,7,13,13,13,13,16,13,20,8,13,13,13,13,19,13,21,19,13,13,13,13,12,13,13,13,13,13,13,13,13,13,13,13,13,13,13,13,13,13,13,13,13,13,13,13,13,13,13,13,13,13,13,13,13,13,13,13,13,13,13,13,13,13,13
2013thru2017,50,05000US48423,"Smith County, Texas",48,423,77800,51275,10800,2460,1455,635,10,0,0,335,25,2385,1420,425,0,15,0,525,0,2600,1640,400,75,0,0,470,10,1185,830,170,0,0,0,165,20,2170,1505,240,4,40,0,360,20,39850,550,310,115,0,0,0,125,0,2160,1390,475,0,4,0,295,0,5075,3500,655,35,35,0,810,35,3770,2530,615,25,0,0,555,40,28290,23165,2315,365,100,0,2145,205,625,625,475,55,30,0,0,70,0,0,0,0,0,0,0,0,0,0,0,0,0,0,0,0,0,0,0,0,0,0,0,0,0,0,0,0,0,0,0,0,0,26525,12905,3840,1585,1430,80,0,0,720,25,4175,2040,1370,55,0,0,700,10,3445,2095,810,120,20,40,355,4,845,540,165,0,0,0,125,10,605,385,95,4,0,0,120,0,13180,605,345,140,0,0,0,90,30,870,490,200,15,0,0,165,0,2135,1020,630,55,0,0,420,4,2295,1405,490,0,30,0,315,50,7275,5200,1230,215,35,0,570,30,440,440,90,295,0,20,0,35,0,0,0,0,0,0,0,0,0,0,0,0,0,0,0,0,0,0,0,0,0,0,0,0,0,0,0,0,0,0,0,0,0,842,991,726,364,290,177,22,31,31,145,26,416,292,152,31,25,31,175,31,365,311,154,73,31,31,151,14,276,218,97,31,31,31,100,32,357,320,101,20,44,31,124,25,1086,173,124,75,31,31,31,82,31,296,270,129,31,15,31,123,31,483,420,201,35,38,31,181,47,598,439,212,29,31,31,206,37,946,771,324,131,56,31,326,97,236,236,223,44,47,31,31,60,31,31,31,31,31,31,31,31,31,31,31,31,31,31,31,31,31,31,31,31,31,31,31,31,31,31,31,31,31,31,31,31,31,940,695,437,283,296,33,31,31,229,25,538,360,345,49,31,31,223,15,430,389,189,82,23,57,152,14,244,198,110,31,31,31,101,16,162,128,71,11,31,31,81,31,844,195,148,89,31,31,31,61,40,246,190,136,28,31,31,104,31,288,218,190,49,31,31,143,9,460,331,234,31,47,31,183,45,632,561,304,109,32,31,190,29,162,162,100,133,31,34,31,40,31,31,31,31,31,31,31,31,31,31,31,31,31,31,31,31,31,31,31,31,31,31,31,31,31,31,31,31,31,31,31,31,31
2013thru2017,50,05000US48425,"Somervell County, Texas",48,425,3235,2390,700,160,160,0,0,0,0,0,0,145,90,0,0,0,0,55,0,55,35,0,0,0,0,25,0,55,55,0,0,0,0,0,0,285,180,0,0,0,0,65,40,1665,0,0,0,0,0,0,0,0,190,170,0,0,0,0,20,0,160,160,0,0,0,0,0,0,90,55,0,0,0,0,30,4,1225,1115,0,0,0,0,110,0,30,30,30,0,0,0,0,0,0,0,0,0,0,0,0,0,0,0,0,0,0,0,0,0,0,0,0,0,0,0,0,0,0,0,0,0,0,0,0,0,0,845,365,85,65,0,0,0,0,20,0,150,135,0,0,0,0,10,0,130,75,0,0,0,0,55,0,0,0,0,0,0,0,0,0,0,0,0,0,0,0,0,0,480,4,4,0,0,0,0,0,0,85,40,0,0,0,0,30,15,85,60,0,0,0,0,25,0,110,110,0,0,0,0,0,0,195,195,0,0,0,0,0,0,0,0,0,0,0,0,0,0,0,0,0,0,0,0,0,0,0,0,0,0,0,0,0,0,0,0,0,0,0,0,0,0,0,0,0,0,0,0,0,0,0,208,223,216,114,114,19,19,19,19,19,19,97,85,19,19,19,19,50,19,59,43,19,19,19,19,38,19,63,63,19,19,19,19,19,19,145,115,19,19,19,19,58,66,234,19,19,19,19,19,19,19,19,124,123,19,19,19,19,27,19,79,79,19,19,19,19,19,19,58,48,19,19,19,19,34,12,207,186,19,19,19,19,63,19,46,46,46,19,19,19,19,19,19,19,19,19,19,19,19,19,19,19,19,19,19,19,19,19,19,19,19,19,19,19,19,19,19,19,19,19,19,19,19,19,19,203,119,53,45,19,19,19,19,33,19,93,102,19,19,19,19,24,19,88,61,19,19,19,19,69,19,19,19,19,19,19,19,19,19,19,19,19,19,19,19,19,19,184,8,8,19,19,19,19,19,19,76,53,19,19,19,19,55,26,70,52,19,19,19,19,43,19,101,101,19,19,19,19,19,19,107,107,19,19,19,19,19,19,19,19,19,19,19,19,19,19,19,19,19,19,19,19,19,19,19,19,19,19,19,19,19,19,19,19,19,19,19,19,19,19,19,19,19,19,19,19,19,19,19
2013thru2017,50,05000US48427,"Starr County, Texas",48,427,16320,12135,3300,1490,10,0,0,0,0,1480,0,480,0,0,0,10,0,470,0,630,0,0,0,0,0,630,0,305,0,0,0,0,0,305,0,395,10,0,0,0,0,385,0,8755,885,4,0,0,0,0,885,0,1730,4,0,0,0,0,1730,0,1725,25,0,0,0,0,1700,0,855,0,0,0,0,0,855,0,3555,65,0,0,0,0,3490,0,85,85,0,0,0,0,0,85,0,0,0,0,0,0,0,0,0,0,0,0,0,0,0,0,0,0,0,0,0,0,0,0,0,0,0,0,0,0,0,0,0,4185,2145,1295,0,0,4,0,0,1290,0,540,0,0,0,0,0,540,0,255,0,0,0,0,0,255,0,10,0,0,0,0,0,10,0,40,0,0,0,0,0,40,0,2000,310,0,0,0,0,0,310,0,440,0,0,0,0,0,440,0,530,20,0,0,0,0,510,0,210,0,0,0,0,0,210,0,510,4,0,0,0,0,505,0,40,40,0,0,0,0,0,40,0,0,0,0,0,0,0,0,0,0,0,0,0,0,0,0,0,0,0,0,0,0,0,0,0,0,0,0,0,0,0,0,0,410,510,367,263,13,31,31,31,31,264,31,139,31,31,31,15,31,135,31,199,31,31,31,31,31,199,31,113,31,31,31,31,31,113,31,124,14,31,31,31,31,127,31,467,174,4,31,31,31,31,173,31,225,3,31,31,31,31,224,31,264,31,31,31,31,31,264,31,157,31,31,31,31,31,157,31,356,68,31,31,31,31,355,31,50,50,31,31,31,31,31,50,31,31,31,31,31,31,31,31,31,31,31,31,31,31,31,31,31,31,31,31,31,31,31,31,31,31,31,31,31,31,31,31,31,365,301,229,31,31,8,31,31,228,31,157,31,31,31,31,31,157,31,115,31,31,31,31,31,115,31,17,31,31,31,31,31,17,31,53,31,31,31,31,31,53,31,311,142,31,31,31,31,31,142,31,177,31,31,31,31,31,177,31,189,31,31,31,31,31,190,31,102,31,31,31,31,31,102,31,138,4,31,31,31,31,138,31,37,37,31,31,31,31,31,37,31,31,31,31,31,31,31,31,31,31,31,31,31,31,31,31,31,31,31,31,31,31,31,31,31,31,31,31,31,31,31,31,31
2013thru2017,50,05000US48429,"Stephens County, Texas",48,429,3360,2655,580,265,170,40,0,0,0,55,0,105,90,0,0,10,0,4,0,145,105,0,4,0,0,40,0,25,15,0,0,0,0,4,0,40,40,0,0,0,0,0,0,2075,30,4,0,0,0,0,25,0,145,135,0,0,0,0,10,0,270,210,4,0,0,0,40,10,245,190,0,0,0,0,60,0,1385,1210,0,0,0,0,160,15,0,0,0,0,0,0,0,0,0,0,0,0,0,0,0,0,0,0,0,0,0,0,0,0,0,0,0,0,0,0,0,0,0,0,0,0,0,0,0,0,0,710,260,75,70,0,0,0,0,4,0,115,55,20,0,0,0,35,0,40,40,0,0,0,0,0,0,0,0,0,0,0,0,0,0,35,35,0,0,0,0,0,0,430,60,50,0,0,0,0,0,4,40,25,0,0,0,0,15,0,60,60,0,0,0,0,0,0,30,20,0,0,0,0,4,0,245,175,35,20,0,0,10,0,15,15,10,0,0,0,0,4,0,0,0,0,0,0,0,0,0,0,0,0,0,0,0,0,0,0,0,0,0,0,0,0,0,0,0,0,0,0,0,0,0,216,177,122,96,82,30,19,19,19,48,19,46,45,19,19,14,19,7,19,63,51,19,5,19,19,36,19,30,25,19,19,19,19,21,19,34,34,19,19,19,19,19,19,170,36,16,19,19,19,19,33,19,69,70,19,19,19,19,20,19,81,75,15,19,19,19,34,19,79,75,19,19,19,19,37,19,136,116,19,19,19,19,76,24,19,19,19,19,19,19,19,19,19,19,19,19,19,19,19,19,19,19,19,19,19,19,19,19,19,19,19,19,19,19,19,19,19,19,19,19,19,19,19,19,19,152,88,43,43,19,19,19,19,6,19,69,38,29,19,19,19,52,19,30,30,19,19,19,19,19,19,19,19,19,19,19,19,19,19,45,45,19,19,19,19,19,19,129,40,40,19,19,19,19,19,15,36,24,19,19,19,19,27,19,41,41,19,19,19,19,19,19,26,23,19,19,19,19,15,19,119,91,51,34,19,19,15,19,19,19,15,19,19,19,19,17,19,19,19,19,19,19,19,19,19,19,19,19,19,19,19,19,19,19,19,19,19,19,19,19,19,19,19,19,19,19,19,19,19
2013thru2017,50,05000US48431,"Sterling County, Texas",48,431,460,395,55,15,15,0,0,0,0,0,0,15,15,0,0,0,0,0,0,25,25,0,0,0,0,4,0,0,0,0,0,0,0,0,0,0,0,0,0,0,0,0,0,335,25,4,0,0,0,0,20,0,35,4,0,0,0,0,25,0,40,25,0,0,0,0,10,10,35,35,0,0,0,0,0,0,200,120,0,0,0,0,85,0,4,4,4,0,0,0,0,0,0,0,0,0,0,0,0,0,0,0,0,0,0,0,0,0,0,0,0,0,0,0,0,0,0,0,0,0,0,0,0,0,0,70,10,4,4,0,0,0,0,0,0,4,4,0,0,0,0,0,0,0,0,0,0,0,0,0,0,10,10,0,0,0,0,0,0,0,0,0,0,0,0,0,0,55,0,0,0,0,0,0,0,0,0,0,0,0,0,0,0,0,0,0,0,0,0,0,0,0,30,0,0,0,0,0,30,0,25,10,0,0,0,0,15,0,0,0,0,0,0,0,0,0,0,0,0,0,0,0,0,0,0,0,0,0,0,0,0,0,0,0,0,0,0,0,0,0,0,0,0,0,0,0,0,0,0,73,74,35,19,19,13,13,13,13,13,13,22,22,13,13,13,13,13,13,23,21,13,13,13,13,2,13,13,13,13,13,13,13,13,13,13,13,13,13,13,13,13,13,89,26,10,13,13,13,13,24,13,27,14,13,13,13,13,22,13,35,27,13,13,13,13,17,14,25,25,13,13,13,13,13,13,68,40,13,13,13,13,62,13,13,13,13,13,13,13,13,13,13,13,13,13,13,13,13,13,13,13,13,13,13,13,13,13,13,13,13,13,13,13,13,13,13,13,13,13,13,13,13,13,13,38,15,14,14,13,13,13,13,13,13,13,13,13,13,13,13,13,13,13,13,13,13,13,13,13,13,15,15,13,13,13,13,13,13,13,13,13,13,13,13,13,13,36,13,13,13,13,13,13,13,13,13,13,13,13,13,13,13,13,13,13,13,13,13,13,13,13,28,13,13,13,13,13,28,13,22,15,13,13,13,13,25,13,13,13,13,13,13,13,13,13,13,13,13,13,13,13,13,13,13,13,13,13,13,13,13,13,13,13,13,13,13,13,13,13,13,13,13,13,13,13,13,13,13
2013thru2017,50,05000US48433,"Stonewall County, Texas",48,433,460,350,70,40,25,0,0,0,0,15,0,15,4,0,0,0,0,10,0,4,4,0,0,0,0,0,0,0,0,0,0,0,0,0,0,20,0,0,0,0,0,20,0,275,4,4,0,0,0,0,0,0,30,25,0,0,0,0,4,0,45,25,0,0,0,0,20,0,20,15,0,0,0,0,4,0,180,170,0,0,0,0,10,0,0,0,0,0,0,0,0,0,0,0,0,0,0,0,0,0,0,0,0,0,0,0,0,0,0,0,0,0,0,0,0,0,0,0,0,0,0,0,0,0,0,110,25,4,4,0,0,0,0,0,0,15,15,0,0,0,0,0,0,4,4,0,0,0,0,0,0,0,0,0,0,0,0,0,0,0,0,0,0,0,0,0,0,85,25,4,20,0,0,0,0,0,15,10,0,0,0,0,0,4,30,20,10,0,0,0,0,0,0,0,0,0,0,0,0,0,20,20,0,0,0,0,0,0,0,0,0,0,0,0,0,0,0,0,0,0,0,0,0,0,0,0,0,0,0,0,0,0,0,0,0,0,0,0,0,0,0,0,0,0,0,0,0,0,0,69,54,34,25,19,13,13,13,13,15,13,14,13,13,13,13,13,14,13,3,3,13,13,13,13,13,13,13,13,13,13,13,13,13,13,25,13,13,13,13,13,25,13,60,13,13,13,13,13,13,13,13,20,17,13,13,13,13,5,13,28,20,13,13,13,13,20,13,16,14,13,13,13,13,9,13,42,43,13,13,13,13,14,13,13,13,13,13,13,13,13,13,13,13,13,13,13,13,13,13,13,13,13,13,13,13,13,13,13,13,13,13,13,13,13,13,13,13,13,13,13,13,13,13,13,36,19,13,13,13,13,13,13,13,13,18,18,13,13,13,13,13,13,1,1,13,13,13,13,13,13,13,13,13,13,13,13,13,13,13,13,13,13,13,13,13,13,37,23,1,25,13,13,13,13,13,14,12,13,13,13,13,13,2,24,23,15,13,13,13,13,13,13,13,13,13,13,13,13,13,15,15,13,13,13,13,13,13,13,13,13,13,13,13,13,13,13,13,13,13,13,13,13,13,13,13,13,13,13,13,13,13,13,13,13,13,13,13,13,13,13,13,13,13,13,13,13,13,13
2013thru2017,50,05000US48435,"Sutton County, Texas",48,435,1575,1075,320,65,10,0,0,0,0,55,0,60,30,0,0,0,0,30,0,30,4,0,0,0,0,25,0,40,0,0,0,0,0,40,0,135,100,0,0,0,0,35,0,740,4,0,0,0,0,0,4,0,35,4,0,0,0,0,30,0,120,55,0,0,0,0,65,0,50,0,0,0,0,0,40,10,530,260,0,0,0,0,270,0,10,10,10,0,0,0,0,0,0,0,0,0,0,0,0,0,0,0,0,0,0,0,0,0,0,0,0,0,0,0,0,0,0,0,0,0,0,0,0,0,0,500,85,15,15,0,0,0,0,0,0,35,30,0,0,0,0,4,0,0,0,0,0,0,0,0,0,15,15,0,0,0,0,0,0,25,0,0,0,0,0,25,0,415,4,0,0,0,0,0,4,0,35,10,0,0,0,0,25,0,40,15,0,0,0,0,25,0,125,55,0,0,0,0,70,0,215,100,0,0,0,0,115,0,0,0,0,0,0,0,0,0,0,0,0,0,0,0,0,0,0,0,0,0,0,0,0,0,0,0,0,0,0,0,0,0,0,0,0,0,0,0,0,0,0,109,128,93,39,15,13,13,13,13,36,13,47,37,13,13,13,13,31,13,28,14,13,13,13,13,26,13,44,13,13,13,13,13,44,13,78,69,13,13,13,13,26,13,127,5,13,13,13,13,13,5,13,29,7,13,13,13,13,27,13,69,51,13,13,13,13,44,13,38,13,13,13,13,13,35,15,100,61,13,13,13,13,86,13,17,17,17,13,13,13,13,13,13,13,13,13,13,13,13,13,13,13,13,13,13,13,13,13,13,13,13,13,13,13,13,13,13,13,13,13,13,13,13,13,13,122,53,18,18,13,13,13,13,13,13,36,35,13,13,13,13,11,13,13,13,13,13,13,13,13,13,23,23,13,13,13,13,13,13,40,13,13,13,13,13,40,13,107,5,13,13,13,13,13,5,13,43,14,13,13,13,13,38,13,40,27,13,13,13,13,30,13,69,36,13,13,13,13,57,13,76,44,13,13,13,13,65,13,13,13,13,13,13,13,13,13,13,13,13,13,13,13,13,13,13,13,13,13,13,13,13,13,13,13,13,13,13,13,13,13,13,13,13,13,13,13,13,13,13
2013thru2017,50,05000US48437,"Swisher County, Texas",48,437,2600,1815,380,135,70,20,0,0,0,45,0,135,100,4,0,0,0,25,4,65,30,0,0,0,0,30,4,4,4,0,0,0,0,0,0,40,10,0,0,0,0,30,0,1430,25,0,0,0,0,0,25,0,130,50,0,0,0,0,80,0,280,195,4,0,0,0,85,0,195,100,4,0,0,0,75,10,800,595,15,0,0,0,185,4,4,4,4,0,0,0,0,0,0,0,0,0,0,0,0,0,0,0,0,0,0,0,0,0,0,0,0,0,0,0,0,0,0,0,0,0,0,0,0,0,0,790,350,205,55,40,0,0,0,110,4,135,35,35,0,0,0,70,0,10,4,0,0,0,0,4,0,0,0,0,0,0,0,0,0,0,0,0,0,0,0,0,0,415,35,35,0,0,0,0,0,0,40,40,0,0,0,0,4,0,70,30,10,0,0,0,10,20,115,35,0,0,4,0,75,0,150,75,0,4,0,0,65,4,20,20,20,0,0,0,0,0,0,0,0,0,0,0,0,0,0,0,0,0,0,0,0,0,0,0,0,0,0,0,0,0,0,0,0,0,0,0,0,0,0,142,125,109,60,38,34,19,19,19,30,19,56,52,2,19,19,19,23,6,51,23,19,19,19,19,44,4,3,3,19,19,19,19,19,19,45,15,19,19,19,19,42,19,123,28,19,19,19,19,19,28,19,55,35,19,19,19,19,38,19,81,65,4,19,19,19,42,19,90,51,8,19,19,19,65,14,123,88,14,19,19,19,92,4,12,12,12,19,19,19,19,19,19,19,19,19,19,19,19,19,19,19,19,19,19,19,19,19,19,19,19,19,19,19,19,19,19,19,19,19,19,19,19,19,19,129,118,86,39,33,19,19,19,68,4,81,30,36,19,19,19,67,19,14,13,19,19,19,19,7,19,19,19,19,19,19,19,19,19,19,19,19,19,19,19,19,19,117,37,37,19,19,19,19,19,19,33,34,19,19,19,19,1,19,48,29,18,19,19,19,15,29,88,26,19,19,13,19,86,19,64,36,19,4,19,19,50,3,23,23,23,19,19,19,19,19,19,19,19,19,19,19,19,19,19,19,19,19,19,19,19,19,19,19,19,19,19,19,19,19,19,19,19,19,19,19,19,19,19
2013thru2017,50,05000US48439,"Tarrant County, Texas",48,439,689920,418850,91585,18675,9175,3205,820,55,25,5120,280,18715,8710,2020,1150,40,4,6635,155,25105,13180,2500,1480,90,15,7465,380,9930,5880,1120,520,0,25,2270,120,19160,12035,2095,1240,75,0,3385,330,324445,3045,1260,730,120,4,0,840,85,11400,5725,1235,470,85,0,3775,115,29795,15995,2855,1290,70,25,9230,335,28365,15890,3050,1105,45,0,7965,315,251840,180815,23880,10935,835,205,31660,3505,2820,2820,1620,545,100,35,0,525,0,0,0,0,0,0,0,0,0,0,0,0,0,0,0,0,0,0,0,0,0,0,0,0,0,0,0,0,0,0,0,0,0,271070,130440,42400,12855,14185,1705,130,40,12535,945,39390,14475,10485,1580,80,145,11590,1035,33185,13535,9470,875,85,205,8320,690,7800,3585,2075,250,35,45,1590,220,7670,3880,1700,485,25,0,1425,160,135120,4410,2050,1275,180,55,0,755,90,5335,2025,1055,295,10,0,1830,120,24720,8915,5535,760,55,15,8570,865,23015,10605,5340,375,85,80,5945,585,77640,45260,15595,2520,255,105,12775,1130,5510,5510,1765,1640,565,0,4,1310,225,0,0,0,0,0,0,0,0,0,0,0,0,0,0,0,0,0,0,0,0,0,0,0,0,0,0,0,0,0,0,0,0,2079,3145,1998,796,608,394,237,41,24,511,87,1081,645,344,240,34,12,593,66,1134,783,373,317,103,26,732,143,690,579,274,206,31,39,406,55,1061,807,351,261,57,31,428,101,3282,368,206,147,59,14,31,187,68,596,354,192,133,70,31,393,62,1009,730,327,268,40,39,650,110,1196,810,379,288,37,31,628,148,2640,2156,1149,632,190,114,1377,385,357,357,282,170,64,41,31,129,31,31,31,31,31,31,31,31,31,31,31,31,31,31,31,31,31,31,31,31,31,31,31,31,31,31,31,31,31,31,31,31,31,2738,2573,1525,777,986,321,74,43,837,228,1673,957,857,359,60,110,787,346,1344,952,756,241,70,110,757,181,685,385,454,99,36,58,288,105,711,489,356,182,35,31,325,87,2763,453,331,267,98,60,31,158,73,510,283,191,102,15,31,327,88,1129,648,610,181,52,37,624,225,1092,708,684,143,61,66,638,189,2165,1538,1043,337,117,79,860,268,624,624,371,303,171,31,24,270,126,31,31,31,31,31,31,31,31,31,31,31,31,31,31,31,31,31,31,31,31,31,31,31,31,31,31,31,31,31,31,31,31
2013thru2017,50,05000US48441,"Taylor County, Texas",48,441,49445,29150,5175,1420,855,30,4,4,0,490,35,930,645,15,15,0,0,245,15,1505,1040,55,30,15,0,360,4,630,425,15,4,0,0,185,0,695,565,0,35,0,0,95,0,23680,275,115,4,0,0,0,155,0,1370,805,75,4,0,0,475,10,2520,1830,70,10,10,0,595,10,2190,1615,95,15,0,0,415,50,17330,14345,615,125,30,15,2065,135,295,295,205,0,0,0,15,75,0,0,0,0,0,0,0,0,0,0,0,0,0,0,0,0,0,0,0,0,0,0,0,0,0,0,0,0,0,0,0,0,0,20290,9160,2510,1380,395,15,35,0,670,15,2845,1940,290,75,0,0,475,65,2790,1795,170,80,50,0,590,105,450,285,45,20,0,0,100,4,560,390,120,10,0,0,30,10,10780,325,85,60,0,0,0,180,0,565,285,120,0,0,0,155,10,2015,1005,460,30,4,0,480,35,1930,1055,190,55,60,0,565,0,5945,4095,430,130,20,0,1200,70,355,355,210,4,45,0,0,95,0,0,0,0,0,0,0,0,0,0,0,0,0,0,0,0,0,0,0,0,0,0,0,0,0,0,0,0,0,0,0,0,0,723,656,394,231,182,20,10,3,31,155,34,149,112,24,20,31,31,84,16,254,217,50,33,25,31,135,8,172,141,22,15,31,31,97,31,164,151,31,29,31,31,69,31,668,97,43,31,31,31,31,89,31,265,173,55,14,31,31,156,14,261,216,45,15,13,31,161,15,273,238,55,22,31,31,117,35,628,566,180,61,27,22,283,73,83,83,70,31,31,31,22,48,31,31,31,31,31,31,31,31,31,31,31,31,31,31,31,31,31,31,31,31,31,31,31,31,31,31,31,31,31,31,31,31,31,880,688,386,257,164,18,32,31,195,25,361,340,133,56,31,31,158,58,449,348,101,88,43,31,216,96,134,117,53,31,31,31,57,4,222,150,130,14,31,31,40,18,809,117,39,60,31,31,31,86,31,205,152,102,31,31,31,82,14,319,224,174,34,8,31,132,35,365,232,120,46,50,31,191,31,541,410,162,68,30,31,270,60,158,158,123,8,67,31,31,75,31,31,31,31,31,31,31,31,31,31,31,31,31,31,31,31,31,31,31,31,31,31,31,31,31,31,31,31,31,31,31,31,31
2013thru2017,50,05000US48443,"Terrell County, Texas",48,443,345,265,30,4,0,0,0,4,0,0,0,10,0,0,0,0,0,10,0,15,0,0,0,0,0,15,0,0,0,0,0,0,0,0,0,4,4,0,0,0,0,0,0,215,25,0,0,0,0,0,25,0,40,10,0,0,0,0,30,0,40,10,0,0,0,0,30,0,30,15,0,0,0,0,15,0,80,35,10,0,0,0,35,0,15,15,15,0,0,0,0,0,0,0,0,0,0,0,0,0,0,0,0,0,0,0,0,0,0,0,0,0,0,0,0,0,0,0,0,0,0,0,0,0,0,80,25,10,0,10,0,0,0,0,0,10,4,0,0,0,0,4,0,4,4,0,0,0,0,0,0,0,0,0,0,0,0,0,0,0,0,0,0,0,0,0,0,55,20,0,0,0,0,0,20,0,0,0,0,0,0,0,0,0,4,4,0,0,0,0,4,0,4,0,0,0,0,0,4,0,25,15,0,0,0,0,10,0,0,0,0,0,0,0,0,0,0,0,0,0,0,0,0,0,0,0,0,0,0,0,0,0,0,0,0,0,0,0,0,0,0,0,0,0,0,0,0,0,0,74,68,31,10,13,13,13,10,13,13,13,16,13,13,13,13,13,16,13,25,13,13,13,13,13,25,13,13,13,13,13,13,13,13,13,5,5,13,13,13,13,13,13,60,26,13,13,13,13,13,26,13,32,14,13,13,13,13,31,13,33,15,13,13,13,13,29,13,21,15,13,13,13,13,16,13,40,28,13,13,13,13,27,13,28,28,28,13,13,13,13,13,13,13,13,13,13,13,13,13,13,13,13,13,13,13,13,13,13,13,13,13,13,13,13,13,13,13,13,13,13,13,13,13,13,45,29,25,13,25,13,13,13,13,13,13,6,13,13,13,13,11,13,12,12,13,13,13,13,13,13,13,13,13,13,13,13,13,13,13,13,13,13,13,13,13,13,30,25,13,13,13,13,13,25,13,13,13,13,13,13,13,13,13,12,5,13,13,13,13,1,13,13,13,13,13,13,13,13,13,19,15,13,13,13,13,14,13,13,13,13,13,13,13,13,13,13,13,13,13,13,13,13,13,13,13,13,13,13,13,13,13,13,13,13,13,13,13,13,13,13,13,13,13,13,13,13,13,13
2013thru2017,50,05000US48445,"Terry County, Texas",48,445,4140,2895,580,140,65,4,0,0,0,70,0,45,35,0,0,0,0,10,0,235,50,60,0,0,0,120,0,40,25,0,0,0,0,20,0,120,70,0,0,0,0,50,0,2305,50,4,0,0,0,0,45,0,170,35,0,0,0,0,135,0,460,155,25,0,15,0,265,0,175,100,0,0,0,0,75,0,1445,1010,45,0,0,0,385,4,10,10,10,0,0,0,0,4,0,0,0,0,0,0,0,0,0,0,0,0,0,0,0,0,0,0,0,0,0,0,0,0,0,0,0,0,0,0,0,0,0,1250,455,105,30,0,0,0,0,75,0,240,80,35,0,0,0,125,0,80,60,0,0,0,0,20,0,15,0,0,0,0,0,15,0,20,4,0,0,0,0,15,0,790,40,10,20,0,0,0,10,0,45,25,0,0,0,0,20,0,230,30,0,0,0,0,200,0,200,100,0,0,0,0,95,4,275,185,0,0,0,0,90,0,0,0,0,0,0,0,0,0,0,0,0,0,0,0,0,0,0,0,0,0,0,0,0,0,0,0,0,0,0,0,0,0,0,0,0,0,0,0,0,0,0,231,270,161,76,57,19,21,21,21,43,21,34,34,21,21,21,21,15,21,139,43,83,21,21,21,99,21,35,30,21,21,21,21,26,21,76,78,21,21,21,21,57,21,259,41,8,21,21,21,21,40,21,95,33,21,21,21,21,89,21,140,71,39,21,23,21,113,21,86,65,21,21,21,21,60,21,195,168,51,21,21,21,101,8,14,14,15,21,21,21,21,21,21,21,21,21,21,21,21,21,21,21,21,21,21,21,21,21,21,21,21,21,21,21,21,21,21,21,21,21,21,21,21,21,21,217,169,68,44,21,21,21,21,53,21,129,76,46,21,21,21,86,21,72,66,21,21,21,21,27,21,23,21,21,21,21,21,23,21,25,4,21,21,21,21,25,21,188,43,17,39,21,21,21,20,21,40,37,21,21,21,21,20,21,110,29,21,21,21,21,104,21,96,71,21,21,21,21,60,21,104,90,21,21,21,21,59,21,21,21,21,21,21,21,21,21,21,21,21,21,21,21,21,21,21,21,21,21,21,21,21,21,21,21,21,21,21,21,21,21,21,21,21,21,21,21,21,21,21
2013thru2017,50,05000US48447,"Throckmorton County, Texas",48,447,710,520,65,20,15,0,4,0,0,0,0,25,15,0,0,0,0,10,0,10,10,0,0,0,0,4,0,0,0,0,0,0,0,0,0,10,10,0,0,0,0,0,0,455,25,25,0,0,0,0,0,0,50,45,0,0,0,0,4,0,70,60,0,0,0,0,10,0,65,65,0,0,0,0,0,0,245,220,0,0,0,0,25,0,0,0,0,0,0,0,0,0,0,0,0,0,0,0,0,0,0,0,0,0,0,0,0,0,0,0,0,0,0,0,0,0,0,0,0,0,0,0,0,0,0,190,55,40,35,0,0,0,0,4,0,0,0,0,0,0,0,0,0,15,10,0,0,0,0,0,4,4,4,0,0,0,0,0,0,0,0,0,0,0,0,0,0,135,20,20,0,0,0,0,0,0,40,30,0,0,0,0,0,4,20,20,0,0,0,0,0,0,10,10,0,0,0,0,0,0,50,15,0,0,0,0,35,0,0,0,0,0,0,0,0,0,0,0,0,0,0,0,0,0,0,0,0,0,0,0,0,0,0,0,0,0,0,0,0,0,0,0,0,0,0,0,0,0,0,59,52,24,15,11,13,9,13,13,13,13,16,12,13,13,13,13,17,13,13,13,13,13,13,13,1,13,13,13,13,13,13,13,13,13,11,11,13,13,13,13,13,13,54,15,15,13,13,13,13,13,13,26,25,13,13,13,13,4,13,25,20,13,13,13,13,13,13,24,24,13,13,13,13,13,13,44,40,13,13,13,13,22,13,13,13,13,13,13,13,13,13,13,13,13,13,13,13,13,13,13,13,13,13,13,13,13,13,13,13,13,13,13,13,13,13,13,13,13,13,13,13,13,13,13,51,30,25,25,13,13,13,13,4,13,13,13,13,13,13,13,13,13,18,15,13,13,13,13,13,12,5,5,13,13,13,13,13,13,13,13,13,13,13,13,13,13,47,16,16,13,13,13,13,13,13,29,30,13,13,13,13,13,14,21,21,13,13,13,13,13,13,14,14,13,13,13,13,13,13,28,12,13,13,13,13,28,13,13,13,13,13,13,13,13,13,13,13,13,13,13,13,13,13,13,13,13,13,13,13,13,13,13,13,13,13,13,13,13,13,13,13,13,13,13,13,13,13,13
2013thru2017,50,05000US48449,"Titus County, Texas",48,449,10675,7165,1715,305,115,55,0,4,0,130,0,445,135,65,0,0,0,245,0,455,160,65,0,0,0,225,4,225,130,4,0,0,0,90,0,285,160,25,4,0,0,85,15,5365,45,40,10,0,0,0,0,0,265,195,35,4,0,0,40,0,795,455,65,0,0,0,275,0,595,430,4,0,0,0,160,0,3660,2670,165,35,15,0,730,50,85,85,45,0,0,0,0,40,0,0,0,0,0,0,0,0,0,0,0,0,0,0,0,0,0,0,0,0,0,0,0,0,0,0,0,0,0,0,0,0,0,3510,1560,460,100,100,0,0,0,255,10,455,145,85,0,0,0,225,0,385,125,175,0,15,0,70,0,35,30,0,0,0,0,0,4,225,45,10,0,0,0,175,0,1895,80,40,25,0,0,0,15,0,150,75,35,0,0,0,35,0,380,165,105,0,0,0,115,0,330,165,25,0,0,0,110,30,955,650,80,0,0,0,220,4,60,60,10,30,0,0,0,20,0,0,0,0,0,0,0,0,0,0,0,0,0,0,0,0,0,0,0,0,0,0,0,0,0,0,0,0,0,0,0,0,0,257,344,205,97,57,39,28,13,28,70,28,124,61,56,28,28,28,91,28,124,73,50,28,28,28,90,6,98,67,9,28,28,28,67,28,82,60,30,28,28,28,52,24,318,29,28,15,28,28,28,28,28,67,61,29,4,28,28,26,28,153,113,45,28,28,28,90,28,142,119,13,28,28,28,64,28,263,237,71,23,23,28,147,50,50,50,39,28,28,28,28,45,28,28,28,28,28,28,28,28,28,28,28,28,28,28,28,28,28,28,28,28,28,28,28,28,28,28,28,28,28,28,28,28,28,343,255,160,81,50,28,28,28,118,15,138,77,60,28,28,28,98,28,110,71,86,28,22,28,48,28,32,30,28,28,28,28,28,7,135,43,19,28,28,28,122,28,263,48,38,25,28,28,28,23,28,87,57,36,28,28,28,47,28,135,82,76,28,28,28,71,28,92,83,29,28,28,28,67,15,184,167,44,28,28,28,83,9,40,40,14,33,28,28,28,26,28,28,28,28,28,28,28,28,28,28,28,28,28,28,28,28,28,28,28,28,28,28,28,28,28,28,28,28,28,28,28,28,28
2013thru2017,50,05000US48451,"Tom Green County, Texas",48,451,43080,27170,5390,1085,595,60,0,0,0,425,4,1015,675,15,15,0,0,295,15,1715,1085,4,0,0,0,625,0,690,500,10,25,0,0,150,10,880,540,0,15,0,0,320,10,21580,305,160,30,0,10,0,100,4,1060,520,25,10,0,0,500,0,2625,1500,40,15,0,0,1065,10,2020,1230,60,25,20,10,680,0,15570,11120,290,95,30,0,3910,130,200,200,110,4,15,0,0,70,0,0,0,0,0,0,0,0,0,0,0,0,0,0,0,0,0,0,0,0,0,0,0,0,0,0,0,0,0,0,0,0,0,15910,7070,2325,1105,200,4,0,0,1015,0,1900,895,140,30,0,0,825,10,2135,1050,135,50,0,25,865,10,310,195,10,10,20,0,70,10,405,305,0,20,0,0,75,0,8555,305,150,10,0,0,0,150,0,520,350,45,0,0,0,120,0,2225,1200,230,0,0,0,790,0,1090,510,10,0,0,0,565,10,4415,2580,275,135,15,0,1340,75,285,285,75,30,0,0,0,180,0,0,0,0,0,0,0,0,0,0,0,0,0,0,0,0,0,0,0,0,0,0,0,0,0,0,0,0,0,0,0,0,0,610,654,501,208,132,56,31,31,31,134,17,236,165,23,29,31,31,123,25,308,226,10,31,31,31,211,31,217,179,17,30,31,31,83,14,242,165,31,24,31,31,143,17,667,108,80,29,31,18,31,54,5,217,127,35,20,31,31,153,31,301,220,31,24,31,31,217,15,310,213,61,38,34,17,221,31,553,489,114,58,38,31,366,64,80,80,59,10,24,31,31,45,31,31,31,31,31,31,31,31,31,31,31,31,31,31,31,31,31,31,31,31,31,31,31,31,31,31,31,31,31,31,31,31,31,732,636,358,243,140,11,31,31,251,31,331,221,107,33,31,31,253,16,369,255,91,66,31,39,229,15,126,90,15,18,38,31,64,26,123,123,31,35,31,31,57,31,627,109,82,15,31,31,31,79,31,132,108,44,31,31,31,71,31,365,283,110,31,31,31,229,31,266,171,15,31,31,31,200,15,548,394,146,103,26,31,307,70,141,141,57,38,31,31,31,125,31,31,31,31,31,31,31,31,31,31,31,31,31,31,31,31,31,31,31,31,31,31,31,31,31,31,31,31,31,31,31,31,31
2013thru2017,50,05000US48453,"Travis County, Texas",48,453,447560,234225,57090,10415,4910,865,580,15,0,3805,240,10275,5270,790,475,15,0,3555,175,14435,8000,1045,560,15,0,4425,385,6720,4120,475,245,10,0,1745,130,15250,10785,620,1325,10,0,2255,255,175360,1290,430,135,25,0,0,610,90,4455,2210,215,155,10,0,1835,35,12820,6780,1350,535,15,0,3950,195,13345,7310,1530,695,45,0,3645,120,143450,104060,6775,8885,290,70,20915,2455,1775,1775,900,175,80,0,0,610,10,0,0,0,0,0,0,0,0,0,0,0,0,0,0,0,0,0,0,0,0,0,0,0,0,0,0,0,0,0,0,0,0,213335,104490,33075,12045,4590,2095,45,15,13365,910,28650,11005,3360,1220,15,0,12530,520,28015,13530,2700,1050,30,0,10065,640,7325,4275,465,365,25,0,2025,165,7425,3900,475,835,25,0,2010,180,104215,2395,785,460,60,65,0,915,110,2735,790,530,145,0,0,1245,25,17000,7150,2215,715,105,0,6200,620,16880,8825,1915,570,0,15,5210,340,65205,41540,4000,5080,60,40,13240,1245,4630,4630,1865,530,730,20,0,1280,210,0,0,0,0,0,0,0,0,0,0,0,0,0,0,0,0,0,0,0,0,0,0,0,0,0,0,0,0,0,0,0,0,1720,2275,1379,705,408,198,150,24,31,422,133,768,566,226,151,23,31,496,100,808,599,243,159,25,31,447,189,513,452,194,104,13,31,351,80,863,668,191,332,17,31,376,88,2323,259,128,60,29,31,31,189,102,413,314,78,78,17,31,368,27,785,498,302,163,22,31,434,81,746,562,365,186,45,31,451,70,1940,1525,661,576,88,43,971,354,331,331,228,105,73,31,31,187,21,31,31,31,31,31,31,31,31,31,31,31,31,31,31,31,31,31,31,31,31,31,31,31,31,31,31,31,31,31,31,31,31,2381,1862,1066,714,534,270,47,32,868,205,1352,683,460,278,26,31,857,183,1275,834,503,242,27,31,851,187,628,428,199,181,46,31,401,81,628,387,191,252,42,31,419,112,1983,362,200,175,34,75,31,234,85,415,187,207,70,31,31,293,31,914,581,392,168,106,31,605,214,1029,624,385,184,31,26,668,140,1796,1218,540,388,56,62,870,265,535,535,383,144,200,27,31,313,120,31,31,31,31,31,31,31,31,31,31,31,31,31,31,31,31,31,31,31,31,31,31,31,31,31,31,31,31,31,31,31,31
2013thru2017,50,05000US48455,"Trinity County, Texas",48,455,5935,4615,940,265,200,55,0,0,0,10,4,240,195,20,0,0,0,25,0,240,195,4,0,0,0,35,0,65,55,0,0,0,0,10,0,130,120,0,0,0,0,4,4,3610,105,75,30,0,0,0,0,0,560,440,95,0,15,0,4,0,570,495,55,0,4,0,20,4,490,420,45,0,0,0,25,0,1885,1720,125,0,0,0,35,0,70,70,50,0,0,0,0,0,15,0,0,0,0,0,0,0,0,0,0,0,0,0,0,0,0,0,0,0,0,0,0,0,0,0,0,0,0,0,0,0,0,1320,505,235,85,95,0,0,0,45,10,175,115,20,10,0,0,30,0,90,90,0,0,0,0,0,0,0,0,0,0,0,0,0,0,4,4,0,0,0,0,0,0,770,55,50,0,0,0,0,4,0,80,65,10,0,0,0,0,4,145,100,35,0,0,0,4,4,140,90,40,0,0,0,10,0,350,305,10,0,15,0,15,0,45,45,45,0,0,0,0,0,0,0,0,0,0,0,0,0,0,0,0,0,0,0,0,0,0,0,0,0,0,0,0,0,0,0,0,0,0,0,0,0,0,266,237,167,101,78,56,21,21,21,19,21,103,93,29,21,21,21,24,21,71,63,14,21,21,21,34,21,37,34,21,21,21,21,15,21,64,61,21,21,21,21,13,16,220,67,66,37,21,21,21,21,21,145,127,80,21,24,21,7,21,128,120,48,21,4,21,23,3,113,107,37,21,21,21,34,21,177,176,59,21,21,21,29,21,41,41,38,21,21,21,21,21,26,21,21,21,21,21,21,21,21,21,21,21,21,21,21,21,21,21,21,21,21,21,21,21,21,21,21,21,21,21,21,21,21,193,136,97,55,67,21,21,21,36,15,96,71,31,19,21,21,40,21,48,48,21,21,21,21,21,21,21,21,21,21,21,21,21,21,11,11,21,21,21,21,21,21,147,36,38,21,21,21,21,10,21,44,47,17,21,21,21,21,3,76,51,50,21,21,21,21,16,76,60,41,21,21,21,18,21,119,114,15,21,26,21,28,21,39,39,39,21,21,21,21,21,21,21,21,21,21,21,21,21,21,21,21,21,21,21,21,21,21,21,21,21,21,21,21,21,21,21,21,21,21,21,21,21,21
2013thru2017,50,05000US48457,"Tyler County, Texas",48,457,7310,6165,1195,490,415,45,0,0,0,10,20,205,180,20,0,0,0,4,0,180,180,0,0,0,0,0,4,115,105,4,0,0,0,0,4,205,140,15,0,0,0,35,10,4915,135,130,4,0,0,0,0,0,345,300,40,0,0,0,0,10,980,880,70,0,4,0,4,20,460,450,4,0,0,0,0,4,2995,2755,45,4,10,0,95,85,55,55,55,4,0,0,0,0,0,0,0,0,0,0,0,0,0,0,0,0,0,0,0,0,0,0,0,0,0,0,0,0,0,0,0,0,0,0,0,0,0,1150,500,295,230,65,0,0,0,0,0,120,55,45,0,0,0,20,0,70,60,0,0,0,0,0,4,4,4,0,0,0,0,0,0,4,4,0,0,0,0,0,0,650,75,25,0,0,0,0,25,25,70,65,10,0,0,0,0,0,140,135,4,0,0,0,0,0,55,30,20,0,0,0,0,0,315,290,10,0,0,0,10,4,0,0,0,0,0,0,0,0,0,0,0,0,0,0,0,0,0,0,0,0,0,0,0,0,0,0,0,0,0,0,0,0,0,0,0,0,0,0,0,0,0,435,366,248,142,132,43,25,25,25,16,30,95,92,19,25,25,25,2,25,80,80,25,25,25,25,25,3,68,67,8,25,25,25,25,12,88,63,28,25,25,25,56,12,357,91,90,5,25,25,25,25,25,93,92,26,25,25,25,25,14,212,199,67,25,4,25,11,27,135,134,8,25,25,25,25,1,326,328,43,9,17,25,56,52,41,41,41,11,25,25,25,25,25,25,25,25,25,25,25,25,25,25,25,25,25,25,25,25,25,25,25,25,25,25,25,25,25,25,25,25,25,25,25,25,25,247,162,142,122,51,25,25,25,25,25,60,40,35,25,25,25,29,25,41,42,25,25,25,25,25,17,14,14,25,25,25,25,25,25,14,14,25,25,25,25,25,25,169,63,30,25,25,25,25,42,38,43,40,16,25,25,25,25,25,95,93,4,25,25,25,25,25,44,28,33,25,25,25,25,25,97,92,15,25,25,25,15,3,25,25,25,25,25,25,25,25,25,25,25,25,25,25,25,25,25,25,25,25,25,25,25,25,25,25,25,25,25,25,25,25,25,25,25,25,25,25,25,25,25
2013thru2017,50,05000US48459,"Upshur County, Texas",48,459,14060,10825,2190,595,455,85,0,15,0,40,0,425,415,4,0,0,0,0,0,515,450,25,0,0,0,35,0,190,170,20,0,0,0,0,0,465,355,25,0,0,0,85,0,8505,75,50,25,0,0,0,0,0,485,375,50,0,0,0,55,0,1320,995,75,0,55,0,175,25,825,760,65,0,0,0,4,0,5800,5470,255,4,15,0,50,4,130,130,130,0,0,0,0,0,0,0,0,0,0,0,0,0,0,0,0,0,0,0,0,0,0,0,0,0,0,0,0,0,0,0,0,0,0,0,0,0,0,3240,1295,400,295,75,0,0,0,15,15,455,300,75,0,0,0,70,10,300,190,65,0,0,0,4,40,90,70,20,0,0,0,0,0,50,25,15,0,0,0,10,0,1890,205,205,0,0,0,0,0,0,110,85,25,0,0,0,0,0,295,280,10,0,0,0,0,0,310,280,20,0,0,0,0,15,975,745,140,0,0,0,70,15,50,50,45,4,0,0,0,0,0,0,0,0,0,0,0,0,0,0,0,0,0,0,0,0,0,0,0,0,0,0,0,0,0,0,0,0,0,0,0,0,0,430,421,273,153,144,59,28,28,28,43,28,135,137,15,28,28,28,28,28,155,151,33,28,28,28,43,28,92,86,30,28,28,28,28,28,133,113,25,28,28,28,57,28,463,45,34,30,28,28,28,28,28,125,100,55,28,28,28,58,28,186,165,38,28,66,28,76,23,170,167,36,28,28,28,15,28,405,402,97,28,29,28,48,18,81,81,81,28,28,28,28,28,28,28,28,28,28,28,28,28,28,28,28,28,28,28,28,28,28,28,28,28,28,28,28,28,28,28,28,28,28,28,28,28,28,377,231,125,103,57,28,28,28,24,15,143,113,58,28,28,28,55,16,125,103,44,28,28,28,5,43,64,60,24,28,28,28,28,28,39,29,24,28,28,28,21,28,314,141,141,28,28,28,28,28,28,55,48,38,28,28,28,28,28,117,116,23,28,28,28,28,28,117,116,22,28,28,28,28,25,191,170,72,28,28,28,53,24,59,59,58,13,28,28,28,28,28,28,28,28,28,28,28,28,28,28,28,28,28,28,28,28,28,28,28,28,28,28,28,28,28,28,28,28,28,28,28,28,28
2013thru2017,50,05000US48461,"Upton County, Texas",48,461,1310,955,145,90,20,4,0,0,0,65,0,25,10,0,0,0,0,15,0,15,15,0,0,0,0,0,4,0,0,0,0,0,0,0,0,15,4,0,0,0,0,10,0,810,20,4,0,0,0,0,15,0,65,4,0,0,0,0,60,4,140,85,15,0,0,0,40,0,30,15,0,0,0,0,15,0,550,340,15,4,4,0,180,4,0,0,0,0,0,0,0,0,0,0,0,0,0,0,0,0,0,0,0,0,0,0,0,0,0,0,0,0,0,0,0,0,0,0,0,0,0,0,0,0,0,355,95,30,10,0,0,0,0,20,0,25,4,0,0,0,0,20,0,10,0,0,0,0,0,10,0,10,0,0,0,0,0,10,0,20,4,0,0,0,0,10,0,230,20,4,0,0,0,0,15,0,0,0,0,0,0,0,0,0,55,25,0,0,0,0,35,0,45,4,0,0,0,0,40,0,105,50,15,0,0,0,40,0,30,30,10,0,0,0,0,20,0,0,0,0,0,0,0,0,0,0,0,0,0,0,0,0,0,0,0,0,0,0,0,0,0,0,0,0,0,0,0,0,0,72,82,51,42,21,3,13,13,13,37,13,16,12,13,13,13,13,14,13,16,15,13,13,13,13,13,2,13,13,13,13,13,13,13,13,17,12,13,13,13,13,13,13,97,17,13,13,13,13,13,17,13,37,6,13,13,13,13,36,3,48,38,18,13,13,13,25,13,24,18,13,13,13,13,18,13,71,50,28,13,3,13,51,2,13,13,13,13,13,13,13,13,13,13,13,13,13,13,13,13,13,13,13,13,13,13,13,13,13,13,13,13,13,13,13,13,13,13,13,13,13,13,13,13,13,64,37,21,13,13,13,13,13,19,13,23,9,13,13,13,13,20,13,12,13,13,13,13,13,12,13,14,13,13,13,13,13,14,13,20,16,13,13,13,13,20,13,62,18,10,13,13,13,13,12,13,13,13,13,13,13,13,13,13,35,21,13,13,13,13,26,13,30,8,13,13,13,13,28,13,44,28,21,13,13,13,30,13,23,23,14,13,13,13,13,16,13,13,13,13,13,13,13,13,13,13,13,13,13,13,13,13,13,13,13,13,13,13,13,13,13,13,13,13,13,13,13,13,13
2013thru2017,50,05000US48463,"Uvalde County, Texas",48,463,8625,6285,1275,385,45,0,0,0,0,285,50,280,80,0,0,0,0,195,0,255,115,15,0,0,0,130,0,110,55,0,0,0,0,55,0,240,125,0,0,0,0,115,4,4980,110,4,0,0,0,0,105,0,620,175,0,0,0,0,445,0,885,360,0,0,0,0,525,0,500,175,0,0,0,0,325,0,2870,1460,0,70,30,0,1310,0,30,30,20,0,0,0,0,10,0,0,0,0,0,0,0,0,0,0,0,0,0,0,0,0,0,0,0,0,0,0,0,0,0,0,0,0,0,0,0,0,0,2340,955,465,90,0,0,4,0,370,0,175,30,0,0,0,0,145,0,240,35,0,0,0,0,190,15,15,4,0,0,0,0,10,0,60,20,0,0,0,0,40,0,1365,85,75,0,0,0,0,10,0,215,15,0,0,0,0,200,0,255,15,0,0,0,0,235,0,230,25,0,0,0,0,205,0,580,295,0,0,0,0,285,0,25,25,0,0,0,0,0,25,0,0,0,0,0,0,0,0,0,0,0,0,0,0,0,0,0,0,0,0,0,0,0,0,0,0,0,0,0,0,0,0,0,353,337,278,161,40,25,25,25,25,127,92,129,57,25,25,25,25,110,25,135,85,25,25,25,25,94,25,67,53,25,25,25,25,53,25,102,67,25,25,25,25,67,7,377,77,25,25,25,25,25,76,25,158,82,25,25,25,25,164,25,217,138,25,25,25,25,157,25,169,77,25,25,25,25,139,25,314,184,25,56,47,25,239,25,37,37,32,25,25,25,25,21,25,25,25,25,25,25,25,25,25,25,25,25,25,25,25,25,25,25,25,25,25,25,25,25,25,25,25,25,25,25,25,25,25,352,245,173,58,25,25,8,25,170,25,89,27,25,25,25,25,81,25,151,37,25,25,25,25,142,24,18,9,25,25,25,25,15,25,72,31,25,25,25,25,62,25,280,78,77,25,25,25,25,16,25,134,17,25,25,25,25,133,25,133,24,25,25,25,25,132,25,119,28,25,25,25,25,116,25,212,114,25,25,25,25,172,25,27,27,25,25,25,25,25,27,25,25,25,25,25,25,25,25,25,25,25,25,25,25,25,25,25,25,25,25,25,25,25,25,25,25,25,25,25,25,25,25,25
2013thru2017,50,05000US48465,"Val Verde County, Texas",48,465,15190,9590,2125,685,75,0,0,0,0,610,0,435,20,0,0,0,0,415,0,385,85,45,15,0,0,245,0,180,95,0,0,0,0,85,0,440,55,0,0,0,0,385,0,7420,250,10,0,0,0,0,240,0,625,45,0,0,0,0,580,0,1035,100,0,0,0,0,935,0,670,210,0,0,0,0,455,0,4840,1420,0,15,0,0,3375,30,45,45,15,0,0,0,0,30,0,0,0,0,0,0,0,0,0,0,0,0,0,0,0,0,0,0,0,0,0,0,0,0,0,0,0,0,0,0,0,0,0,5595,2255,905,20,0,20,0,0,865,0,565,80,0,0,0,0,485,0,550,140,50,0,0,0,350,15,105,15,0,0,0,0,80,10,125,75,0,0,0,0,40,10,3160,200,4,0,0,0,0,195,0,220,45,15,0,0,0,160,0,800,65,40,0,0,0,695,0,460,175,0,10,0,0,270,0,1480,590,120,0,0,0,690,75,180,180,75,0,0,0,0,105,0,0,0,0,0,0,0,0,0,0,0,0,0,0,0,0,0,0,0,0,0,0,0,0,0,0,0,0,0,0,0,0,0,418,422,302,189,43,28,28,28,28,178,28,129,24,28,28,28,28,128,28,126,47,48,22,28,28,110,28,91,78,28,28,28,28,51,28,167,49,28,28,28,28,162,28,417,108,16,28,28,28,28,104,28,177,38,28,28,28,28,162,28,230,72,28,28,28,28,222,28,182,105,28,28,28,28,135,28,395,198,28,20,28,28,326,45,51,51,23,28,28,28,28,48,28,28,28,28,28,28,28,28,28,28,28,28,28,28,28,28,28,28,28,28,28,28,28,28,28,28,28,28,28,28,28,28,28,468,313,239,23,28,40,28,28,233,28,187,68,28,28,28,28,167,28,213,76,54,28,28,28,171,23,75,24,28,28,28,28,78,16,82,66,28,28,28,28,40,21,378,103,4,28,28,28,28,102,28,110,48,31,28,28,28,84,28,256,47,63,28,28,28,235,28,195,152,28,22,28,28,122,28,264,134,79,28,28,28,228,56,131,131,99,28,28,28,28,85,28,28,28,28,28,28,28,28,28,28,28,28,28,28,28,28,28,28,28,28,28,28,28,28,28,28,28,28,28,28,28,28,28
2013thru2017,50,05000US48467,"Van Zandt County, Texas",48,467,19355,14925,3105,695,510,15,0,20,0,140,15,640,560,15,4,0,0,40,15,765,690,15,0,4,0,55,0,345,340,4,0,0,0,0,0,655,610,0,0,10,0,30,0,11705,125,105,4,0,0,0,15,0,850,770,50,0,0,0,10,20,1970,1625,95,25,20,0,200,4,1030,825,60,4,0,0,130,10,7725,7145,95,0,90,0,310,85,120,120,110,0,0,0,0,10,0,0,0,0,0,0,0,0,0,0,0,0,0,0,0,0,0,0,0,0,0,0,0,0,0,0,0,0,0,0,0,0,0,4430,1625,560,445,10,0,10,0,95,0,575,405,35,0,0,0,105,30,320,290,4,0,0,0,20,10,75,75,0,0,0,0,0,0,95,95,0,0,0,0,4,0,2740,175,135,0,0,0,0,40,0,250,205,20,0,0,0,20,0,330,280,0,0,0,0,45,4,430,395,0,0,0,0,35,0,1555,1445,50,25,0,0,30,4,60,60,45,10,0,0,0,10,0,0,0,0,0,0,0,0,0,0,0,0,0,0,0,0,0,0,0,0,0,0,0,0,0,0,0,0,0,0,0,0,0,436,448,353,159,118,16,31,29,31,91,23,146,140,27,16,31,31,37,28,179,175,25,31,9,31,46,31,141,138,11,31,31,31,31,31,173,169,31,31,19,31,32,31,491,70,61,11,31,31,31,26,31,190,174,52,31,31,31,15,27,337,297,76,50,24,31,90,5,206,165,55,14,31,31,93,18,454,431,57,31,60,31,140,50,66,66,63,31,31,31,31,22,31,31,31,31,31,31,31,31,31,31,31,31,31,31,31,31,31,31,31,31,31,31,31,31,31,31,31,31,31,31,31,31,31,334,280,150,138,15,31,19,31,54,31,149,118,33,31,31,31,74,36,131,133,2,31,31,31,26,17,47,47,31,31,31,31,31,31,73,73,31,31,31,31,4,31,338,88,58,31,31,31,31,66,31,95,90,25,31,31,31,26,31,96,87,31,31,31,31,51,13,149,149,31,31,31,31,44,31,273,252,41,26,31,31,31,9,35,35,31,15,31,31,31,15,31,31,31,31,31,31,31,31,31,31,31,31,31,31,31,31,31,31,31,31,31,31,31,31,31,31,31,31,31,31,31,31,31
2013thru2017,50,05000US48469,"Victoria County, Texas",48,469,32735,21460,4095,865,440,25,0,45,0,345,15,825,325,45,0,0,0,455,0,1175,540,20,45,0,0,560,15,510,270,60,0,0,0,145,35,720,395,15,0,0,0,305,4,17150,185,110,20,0,0,0,55,0,780,365,75,0,0,0,305,30,1720,880,180,0,0,0,660,0,1430,865,75,20,0,0,475,0,13035,8860,455,215,0,0,3415,80,210,210,145,0,0,0,0,60,4,0,0,0,0,0,0,0,0,0,0,0,0,0,0,0,0,0,0,0,0,0,0,0,0,0,0,0,0,0,0,0,0,11275,5330,1560,400,110,35,0,0,1005,10,1525,415,125,10,0,0,980,0,1335,595,100,0,0,0,645,0,380,285,35,0,0,0,65,0,525,155,125,0,0,0,245,0,5810,275,70,35,0,0,0,165,0,235,85,4,0,0,0,145,0,920,230,160,0,0,0,490,35,855,355,55,0,0,0,440,0,3530,1890,145,30,0,0,1425,40,140,140,20,4,0,0,0,110,0,0,0,0,0,0,0,0,0,0,0,0,0,0,0,0,0,0,0,0,0,0,0,0,0,0,0,0,0,0,0,0,0,465,580,425,219,148,26,31,66,31,135,25,189,114,41,31,31,31,174,31,218,139,28,66,31,31,171,22,131,92,72,31,31,31,72,49,165,131,19,31,31,31,119,31,681,78,70,25,31,31,31,29,31,165,109,52,31,31,31,93,53,244,177,79,31,31,31,128,31,235,169,61,27,31,31,132,31,666,474,118,70,31,31,363,68,96,96,73,31,31,31,31,57,14,31,31,31,31,31,31,31,31,31,31,31,31,31,31,31,31,31,31,31,31,31,31,31,31,31,31,31,31,31,31,31,31,614,507,304,157,83,41,31,31,247,20,268,128,85,15,31,31,224,31,277,170,70,31,31,31,181,31,156,137,38,31,31,31,63,31,184,104,106,31,31,31,130,31,503,138,78,34,31,31,31,90,31,110,61,6,31,31,31,89,31,231,107,104,31,31,31,169,37,219,152,55,31,31,31,157,31,395,284,101,36,31,31,284,37,72,72,21,11,31,31,31,72,31,31,31,31,31,31,31,31,31,31,31,31,31,31,31,31,31,31,31,31,31,31,31,31,31,31,31,31,31,31,31,31,31
2013thru2017,50,05000US48471,"Walker County, Texas",48,471,21295,11240,1970,500,305,145,0,0,0,50,0,440,245,75,0,10,0,115,0,375,240,70,0,0,0,70,0,145,80,0,0,0,0,65,0,505,420,60,0,0,0,30,0,9130,235,135,65,0,0,0,35,0,665,390,145,0,10,0,120,0,1365,935,210,50,4,0,165,4,860,610,110,0,0,0,130,10,6005,4985,585,80,4,0,330,20,140,140,140,0,0,0,0,0,0,0,0,0,0,0,0,0,0,0,0,0,0,0,0,0,0,0,0,0,0,0,0,0,0,0,0,0,0,0,0,0,0,10055,4595,2205,870,765,140,0,0,430,0,1460,865,425,4,0,0,165,0,755,585,90,0,0,0,80,0,35,35,0,0,0,0,0,0,140,75,55,10,0,0,0,0,4180,160,110,50,0,0,0,0,0,175,135,35,0,0,0,0,4,1010,510,435,0,0,0,70,0,840,500,210,10,0,0,115,0,1995,1265,515,75,40,0,70,30,1280,1280,930,285,0,0,0,65,0,0,0,0,0,0,0,0,0,0,0,0,0,0,0,0,0,0,0,0,0,0,0,0,0,0,0,0,0,0,0,0,0,876,635,380,163,123,93,31,31,31,39,31,170,119,62,31,24,31,103,31,143,106,70,31,31,31,54,31,86,75,31,31,31,31,51,31,182,171,55,31,31,31,26,31,589,139,103,58,31,31,31,52,31,228,146,145,31,16,31,107,31,251,227,118,62,4,31,101,31,187,171,71,31,31,31,67,15,564,502,173,76,10,31,139,23,79,79,79,31,31,31,31,31,31,31,31,31,31,31,31,31,31,31,31,31,31,31,31,31,31,31,31,31,31,31,31,31,31,31,31,31,31,31,31,31,31,686,498,406,271,248,129,31,31,182,31,336,230,240,8,31,31,129,31,245,200,93,31,31,31,80,31,31,31,31,31,31,31,31,31,110,79,72,22,31,31,31,31,529,88,68,61,31,31,31,31,31,98,92,37,31,31,31,31,11,313,167,242,31,31,31,64,31,247,176,129,38,31,31,99,31,369,263,238,78,47,31,70,49,304,304,271,137,31,31,31,77,31,31,31,31,31,31,31,31,31,31,31,31,31,31,31,31,31,31,31,31,31,31,31,31,31,31,31,31,31,31,31,31,31
2013thru2017,50,05000US48473,"Waller County, Texas",48,473,14700,10085,2620,655,285,215,15,0,0,125,10,695,205,95,4,0,0,385,4,535,170,95,15,0,0,225,30,200,75,65,4,0,0,55,0,535,375,60,0,0,0,100,0,7440,155,90,4,0,0,0,65,0,225,185,4,0,0,0,30,0,1120,540,120,0,0,0,455,0,735,450,65,0,0,0,220,4,5205,3820,550,45,10,0,670,110,25,25,25,0,0,0,0,0,0,0,0,0,0,0,0,0,0,0,0,0,0,0,0,0,0,0,0,0,0,0,0,0,0,0,0,0,0,0,0,0,0,4615,2530,1285,320,700,0,0,0,240,25,645,165,255,0,0,0,225,0,530,135,305,10,0,0,80,0,4,0,0,0,0,0,4,0,70,25,45,0,0,0,0,0,2000,75,40,10,0,0,0,20,4,125,30,55,0,0,0,30,10,710,350,215,0,0,0,140,0,285,100,115,0,0,0,70,0,805,535,135,0,10,0,125,0,85,85,4,70,0,0,0,10,0,0,0,0,0,0,0,0,0,0,0,0,0,0,0,0,0,0,0,0,0,0,0,0,0,0,0,0,0,0,0,0,0,627,417,300,226,168,135,27,28,28,86,23,249,99,116,4,28,28,198,6,150,83,94,22,28,28,119,43,88,53,52,9,28,28,51,28,157,131,62,28,28,28,78,28,452,114,93,9,28,28,28,62,28,100,88,13,28,28,28,38,28,294,172,77,28,28,28,198,28,167,161,49,28,28,28,113,3,436,357,164,34,14,28,169,67,34,34,34,28,28,28,28,28,28,28,28,28,28,28,28,28,28,28,28,28,28,28,28,28,28,28,28,28,28,28,28,28,28,28,28,28,28,28,28,28,28,604,504,429,149,330,28,28,28,125,35,229,95,165,28,28,28,102,28,215,82,182,16,28,28,64,28,5,28,28,28,28,28,5,28,70,38,48,28,28,28,28,28,386,65,51,17,28,28,28,27,13,72,33,51,28,28,28,29,24,273,175,172,28,28,28,86,28,135,87,96,28,28,28,58,28,221,189,102,28,22,28,86,28,94,94,10,82,28,28,28,18,28,28,28,28,28,28,28,28,28,28,28,28,28,28,28,28,28,28,28,28,28,28,28,28,28,28,28,28,28,28,28,28,28
2013thru2017,50,05000US48475,"Ward County, Texas",48,475,3955,2765,510,245,35,20,0,4,0,190,0,120,50,0,0,0,0,65,4,50,10,15,0,0,0,25,0,0,0,0,0,0,0,0,0,95,20,0,0,4,0,75,0,2235,60,35,4,0,0,0,20,0,175,95,0,0,4,0,75,4,215,115,0,0,0,0,95,0,230,60,0,4,0,0,170,0,1560,855,40,25,20,0,620,0,20,20,4,0,0,0,0,20,0,0,0,0,0,0,0,0,0,0,0,0,0,0,0,0,0,0,0,0,0,0,0,0,0,0,0,0,0,0,0,0,0,1185,290,170,50,0,0,0,0,110,10,60,15,0,0,0,0,45,0,60,55,0,0,0,0,4,0,4,4,0,0,0,0,0,0,4,0,0,0,0,0,4,0,885,30,10,0,0,0,0,25,0,75,35,10,0,0,0,25,4,55,30,0,0,15,0,10,0,100,35,30,0,0,0,35,0,630,300,110,0,0,0,220,0,10,10,10,0,0,0,0,0,0,0,0,0,0,0,0,0,0,0,0,0,0,0,0,0,0,0,0,0,0,0,0,0,0,0,0,0,0,0,0,0,0,155,158,113,81,25,35,21,6,21,70,21,75,27,21,21,21,21,71,11,40,16,24,21,21,21,32,21,21,21,21,21,21,21,21,21,58,19,21,21,5,21,60,21,158,41,34,21,21,21,21,21,21,54,40,21,21,4,21,36,5,63,45,21,21,21,21,41,21,89,30,21,7,21,21,83,21,141,118,44,38,18,21,110,21,28,28,4,21,21,21,21,27,21,21,21,21,21,21,21,21,21,21,21,21,21,21,21,21,21,21,21,21,21,21,21,21,21,21,21,21,21,21,21,21,21,175,122,93,45,21,21,21,21,74,13,53,23,21,21,21,21,47,21,62,60,21,21,21,21,3,21,7,7,21,21,21,21,21,21,3,21,21,21,21,21,3,21,164,24,13,21,21,21,21,21,21,49,35,20,21,21,21,35,8,37,30,21,21,24,21,14,21,68,40,46,21,21,21,36,21,124,71,77,21,21,21,89,21,16,16,16,21,21,21,21,21,21,21,21,21,21,21,21,21,21,21,21,21,21,21,21,21,21,21,21,21,21,21,21,21,21,21,21,21,21,21,21,21,21
2013thru2017,50,05000US48477,"Washington County, Texas",48,477,12205,9400,1855,450,215,175,30,0,0,30,0,515,290,160,0,0,0,65,0,290,185,65,0,0,0,40,0,130,130,0,0,0,0,0,0,470,435,0,20,0,0,15,0,7370,110,65,30,0,0,0,15,0,370,310,0,0,0,40,20,0,1120,800,195,0,4,0,120,0,705,485,110,0,0,0,110,0,5060,4325,500,50,25,0,155,10,175,175,130,45,0,0,0,0,0,0,0,0,0,0,0,0,0,0,0,0,0,0,0,0,0,0,0,0,0,0,0,0,0,0,0,0,0,0,0,0,0,2805,1275,365,205,100,0,0,0,60,0,540,250,195,0,0,0,90,0,220,135,70,0,0,0,15,0,60,50,0,0,0,0,10,0,95,75,15,0,0,0,0,0,1480,75,75,0,0,0,0,0,0,85,40,30,0,0,0,15,0,395,230,50,0,0,0,85,30,225,120,40,0,0,0,70,0,700,540,10,50,0,0,95,0,50,50,0,0,0,0,0,50,0,0,0,0,0,0,0,0,0,0,0,0,0,0,0,0,0,0,0,0,0,0,0,0,0,0,0,0,0,0,0,0,0,621,477,281,135,94,104,42,28,28,39,28,155,125,92,28,28,28,66,28,143,121,68,28,28,28,35,28,73,73,28,28,28,28,28,28,177,175,28,30,28,28,23,28,474,76,58,43,28,28,28,20,28,125,113,28,28,28,62,25,28,240,184,132,28,16,28,79,28,173,142,69,28,28,28,65,28,447,381,199,54,39,28,90,20,103,103,87,66,28,28,28,28,28,28,28,28,28,28,28,28,28,28,28,28,28,28,28,28,28,28,28,28,28,28,28,28,28,28,28,28,28,28,28,28,28,390,322,151,107,80,28,28,28,49,28,245,149,157,28,28,28,68,28,116,70,89,28,28,28,21,28,56,53,28,28,28,28,15,28,71,54,38,28,28,28,28,28,274,55,55,28,28,28,28,28,28,59,42,36,28,28,28,28,28,184,132,78,28,28,28,94,53,136,82,52,28,28,28,74,28,226,204,22,73,28,28,73,28,62,62,28,28,28,28,28,62,28,28,28,28,28,28,28,28,28,28,28,28,28,28,28,28,28,28,28,28,28,28,28,28,28,28,28,28,28,28,28,28,28
2013thru2017,50,05000US48479,"Webb County, Texas",48,479,72380,45600,16135,3565,165,0,0,10,0,3390,0,3510,140,0,60,0,0,3310,0,3885,150,10,0,4,0,3725,0,1780,80,0,0,0,0,1700,0,3390,125,0,40,0,0,3225,0,28665,630,0,0,0,0,0,630,0,2045,55,0,0,0,0,1990,0,3250,65,10,0,0,0,3165,10,2820,85,0,0,0,0,2735,0,19920,1420,35,160,20,0,18285,0,800,800,135,0,25,0,0,645,0,0,0,0,0,0,0,0,0,0,0,0,0,0,0,0,0,0,0,0,0,0,0,0,0,0,0,0,0,0,0,0,0,26780,15185,6300,100,30,0,4,0,6170,0,3835,45,0,10,0,0,3780,4,3275,125,15,35,0,0,3095,10,845,20,0,0,0,0,825,0,925,65,0,15,0,0,850,0,9480,880,45,0,0,0,0,835,0,665,60,0,0,0,0,600,0,1900,0,0,15,0,0,1890,0,1175,105,0,0,0,0,1065,0,4860,585,150,180,10,0,3940,0,2115,2115,45,0,15,0,0,2055,0,0,0,0,0,0,0,0,0,0,0,0,0,0,0,0,0,0,0,0,0,0,0,0,0,0,0,0,0,0,0,0,0,562,923,799,449,90,31,31,13,31,424,31,459,85,31,66,31,31,429,31,449,83,15,31,3,31,442,31,386,63,31,31,31,31,372,31,347,80,31,41,31,31,370,31,1038,141,31,31,31,31,31,141,31,303,44,31,31,31,31,300,31,299,45,15,31,31,31,305,19,322,54,31,31,31,31,323,31,917,288,46,98,22,31,814,31,212,212,118,31,35,31,31,180,31,31,31,31,31,31,31,31,31,31,31,31,31,31,31,31,31,31,31,31,31,31,31,31,31,31,31,31,31,31,31,31,31,891,750,548,62,35,31,1,31,547,31,395,53,31,13,31,31,397,5,410,84,24,32,31,31,392,14,216,26,31,31,31,31,215,31,207,64,31,24,31,31,196,31,700,194,62,31,31,31,31,170,31,162,70,31,31,31,31,155,31,298,31,31,15,31,31,294,31,248,101,31,31,31,31,223,31,488,172,85,86,14,31,424,31,329,329,44,31,24,31,31,327,31,31,31,31,31,31,31,31,31,31,31,31,31,31,31,31,31,31,31,31,31,31,31,31,31,31,31,31,31,31,31,31,31
2013thru2017,50,05000US48481,"Wharton County, Texas",48,481,15225,10270,2410,640,255,145,4,0,0,225,10,675,300,55,0,0,0,310,10,445,175,70,0,0,0,200,0,220,140,40,0,0,0,40,0,430,240,80,0,0,0,110,0,7845,125,0,15,0,0,0,110,0,340,160,85,0,0,0,95,4,950,410,80,0,0,0,460,0,730,365,195,0,0,0,170,0,5700,4220,435,0,20,0,1020,0,15,15,10,0,0,0,0,4,0,0,0,0,0,0,0,0,0,0,0,0,0,0,0,0,0,0,0,0,0,0,0,0,0,0,0,0,0,0,0,0,0,4955,1715,630,135,220,0,0,0,255,20,635,210,140,0,0,0,280,0,360,175,35,0,0,0,150,0,45,20,0,0,0,0,30,0,45,15,15,0,0,0,15,0,3195,290,50,180,0,0,0,60,0,255,105,30,0,0,0,120,0,575,155,60,0,0,0,360,0,445,125,75,0,0,0,245,0,1635,830,225,10,0,0,570,0,45,45,25,10,0,0,0,4,0,0,0,0,0,0,0,0,0,0,0,0,0,0,0,0,0,0,0,0,0,0,0,0,0,0,0,0,0,0,0,0,0,376,430,307,169,103,81,5,28,28,106,18,179,126,42,28,28,28,137,20,152,80,74,28,28,28,98,28,101,78,54,28,28,28,45,28,170,102,87,28,28,28,89,28,429,88,28,19,28,28,28,88,28,117,86,54,28,28,28,55,28,186,115,53,28,28,28,163,28,174,119,94,28,28,28,89,28,347,286,153,28,34,28,181,28,15,15,15,28,28,28,28,3,28,28,28,28,28,28,28,28,28,28,28,28,28,28,28,28,28,28,28,28,28,28,28,28,28,28,28,28,28,28,28,28,28,510,261,178,79,95,28,28,28,131,31,175,110,79,28,28,28,115,28,135,104,29,28,28,28,101,28,36,22,28,28,28,28,31,28,39,23,26,28,28,28,25,28,402,119,48,93,28,28,28,50,28,126,94,27,28,28,28,79,28,171,102,43,28,28,28,138,28,151,89,59,28,28,28,108,28,285,206,137,17,28,28,163,28,36,36,29,15,28,28,28,16,28,28,28,28,28,28,28,28,28,28,28,28,28,28,28,28,28,28,28,28,28,28,28,28,28,28,28,28,28,28,28,28,28
2013thru2017,50,05000US48483,"Wheeler County, Texas",48,483,2285,1460,205,40,40,0,0,0,0,0,0,45,25,4,0,0,0,15,0,30,25,0,0,0,0,4,0,45,20,0,0,0,0,25,0,50,25,20,0,0,0,0,4,1245,20,20,0,0,0,0,0,0,75,35,0,0,0,0,35,10,160,145,0,0,0,0,10,0,115,100,0,0,0,0,4,10,870,765,4,0,0,0,90,10,15,15,0,0,0,0,0,15,0,0,0,0,0,0,0,0,0,0,0,0,0,0,0,0,0,0,0,0,0,0,0,0,0,0,0,0,0,0,0,0,0,825,235,75,35,10,0,0,0,30,0,85,25,15,0,0,0,40,0,30,10,0,0,0,0,20,0,10,10,0,0,0,0,0,0,35,25,0,0,0,0,10,0,590,15,10,0,0,0,0,4,0,70,30,4,0,0,0,20,10,110,60,0,0,4,0,45,0,85,60,10,0,0,0,15,0,310,230,0,0,0,0,80,0,0,0,0,0,0,0,0,0,0,0,0,0,0,0,0,0,0,0,0,0,0,0,0,0,0,0,0,0,0,0,0,0,0,0,0,0,0,0,0,0,0,86,115,64,22,22,19,19,19,19,19,19,26,19,6,19,19,19,19,19,23,23,19,19,19,19,19,19,39,19,19,19,19,19,35,19,33,28,22,19,19,19,19,14,109,17,17,19,19,19,19,19,19,36,19,19,19,19,19,28,15,45,47,19,19,19,19,18,19,41,40,19,19,19,19,11,14,110,98,9,19,19,19,39,12,23,23,19,19,19,19,19,23,19,19,19,19,19,19,19,19,19,19,19,19,19,19,19,19,19,19,19,19,19,19,19,19,19,19,19,19,19,19,19,19,19,99,68,39,24,19,19,19,19,27,19,44,21,18,19,19,19,33,19,26,13,19,19,19,19,27,19,13,13,19,19,19,19,19,19,34,31,19,19,19,19,15,19,91,16,15,19,19,19,19,4,19,39,24,16,19,19,19,26,14,56,32,19,19,3,19,46,19,49,50,19,19,19,19,18,19,71,59,19,19,19,19,41,19,19,19,19,19,19,19,19,19,19,19,19,19,19,19,19,19,19,19,19,19,19,19,19,19,19,19,19,19,19,19,19,19,19,19,19,19,19,19,19,19,19
2013thru2017,50,05000US48485,"Wichita County, Texas",48,485,48530,29760,6360,1820,1180,145,20,45,0,410,20,1495,985,100,30,4,4,295,70,1190,785,55,0,0,0,325,25,575,440,50,25,0,0,50,10,1280,945,15,40,25,0,250,4,23175,290,190,25,0,0,0,70,0,980,665,60,20,0,0,235,4,2920,2145,150,15,0,0,595,15,2060,1605,130,10,0,0,240,75,16920,14325,545,265,110,0,1470,210,225,225,140,15,4,0,0,65,0,0,0,0,0,0,0,0,0,0,0,0,0,0,0,0,0,0,0,0,0,0,0,0,0,0,0,0,0,0,0,0,0,18770,8785,3230,1830,850,15,4,0,365,160,2195,1365,380,30,0,0,375,50,2295,1625,275,0,30,0,330,30,550,435,55,0,0,0,60,4,520,345,35,0,35,0,70,30,9615,615,370,80,15,0,0,155,0,565,375,60,0,0,0,95,30,1730,1110,325,0,0,0,280,10,1385,1050,180,10,15,10,100,20,5320,3955,480,105,50,15,540,175,365,365,150,185,15,10,0,10,0,0,0,0,0,0,0,0,0,0,0,0,0,0,0,0,0,0,0,0,0,0,0,0,0,0,0,0,0,0,0,0,0,833,580,525,252,189,80,24,57,31,152,16,268,219,64,37,31,15,109,37,222,174,53,31,31,31,124,24,168,144,35,29,31,31,39,19,245,224,27,42,38,31,106,15,681,98,75,24,31,31,31,59,31,185,151,54,26,31,31,100,1,303,253,71,19,31,31,170,23,254,224,59,17,31,31,96,56,586,506,132,106,53,31,227,83,116,116,91,18,4,31,31,67,31,31,31,31,31,31,31,31,31,31,31,31,31,31,31,31,31,31,31,31,31,31,31,31,31,31,31,31,31,31,31,31,31,846,620,367,287,203,30,14,31,145,88,332,249,120,36,31,31,149,55,375,312,120,31,35,31,180,27,168,154,54,31,31,31,57,2,151,119,42,31,40,31,43,35,681,162,127,49,19,31,31,93,31,182,156,54,31,31,31,63,39,271,208,137,31,31,31,140,17,273,246,102,19,24,15,82,25,501,485,155,60,52,25,197,93,101,101,73,70,25,13,31,16,31,31,31,31,31,31,31,31,31,31,31,31,31,31,31,31,31,31,31,31,31,31,31,31,31,31,31,31,31,31,31,31,31
2013thru2017,50,05000US48487,"Wilbarger County, Texas",48,487,5155,3345,700,195,125,50,4,0,0,25,0,295,260,0,0,0,0,35,0,155,120,0,0,0,0,40,0,4,4,0,0,0,0,0,0,50,25,0,0,0,0,25,0,2600,25,4,0,0,0,0,0,20,180,50,25,4,0,0,100,0,355,275,20,0,0,0,60,0,260,110,55,0,0,0,70,25,1785,1430,35,0,0,0,305,20,40,40,30,0,0,0,0,10,0,0,0,0,0,0,0,0,0,0,0,0,0,0,0,0,0,0,0,0,0,0,0,0,0,0,0,0,0,0,0,0,0,1810,570,140,65,30,0,0,0,45,0,210,165,20,0,0,0,25,0,105,20,0,15,0,0,70,0,50,35,15,0,0,0,0,0,65,15,10,0,0,0,10,25,1205,70,55,20,0,0,0,0,0,170,115,30,0,0,0,20,0,225,70,55,0,45,0,60,0,115,115,0,0,0,0,0,0,625,355,60,15,40,0,155,0,40,40,20,0,0,0,0,20,0,0,0,0,0,0,0,0,0,0,0,0,0,0,0,0,0,0,0,0,0,0,0,0,0,0,0,0,0,0,0,0,0,228,236,194,91,69,57,4,21,21,24,21,135,123,21,21,21,21,47,21,97,79,21,21,21,21,41,21,8,8,21,21,21,21,21,21,51,28,21,21,21,21,41,21,270,38,21,21,21,21,21,21,38,110,43,49,4,21,21,83,21,126,106,34,21,21,21,49,21,116,57,62,21,21,21,57,40,225,190,43,21,21,21,119,26,35,35,30,21,21,21,21,17,21,21,21,21,21,21,21,21,21,21,21,21,21,21,21,21,21,21,21,21,21,21,21,21,21,21,21,21,21,21,21,21,21,259,182,83,50,41,21,21,21,50,21,91,86,35,21,21,21,30,21,84,22,21,29,21,21,77,21,57,52,21,21,21,21,21,21,48,16,22,21,21,21,17,42,212,53,48,32,21,21,21,21,21,96,89,43,21,21,21,35,21,104,65,44,21,48,21,61,21,79,79,21,21,21,21,21,21,160,99,59,32,54,21,97,21,39,39,24,21,21,21,21,31,21,21,21,21,21,21,21,21,21,21,21,21,21,21,21,21,21,21,21,21,21,21,21,21,21,21,21,21,21,21,21,21,21
2013thru2017,50,05000US48489,"Willacy County, Texas",48,489,5735,4465,1095,505,150,0,0,4,0,350,0,240,4,0,0,0,0,235,0,225,35,0,0,0,0,190,0,60,0,0,0,0,0,60,0,70,15,0,0,0,0,55,0,3040,240,40,0,0,0,0,200,0,535,45,0,0,0,0,490,0,495,85,0,0,0,0,415,0,340,65,0,0,0,0,275,0,1435,340,0,0,0,0,1080,10,330,330,40,0,0,0,0,285,0,0,0,0,0,0,0,0,0,0,0,0,0,0,0,0,0,0,0,0,0,0,0,0,0,0,0,0,0,0,0,0,0,1270,560,330,25,0,0,0,0,305,0,145,0,0,0,0,0,145,0,35,0,0,0,0,0,35,0,10,0,0,0,0,0,10,0,40,0,0,0,0,0,40,0,670,115,4,0,0,0,0,110,0,80,4,0,0,0,0,75,0,200,15,0,0,0,0,185,0,20,0,0,0,0,0,20,0,255,80,25,0,0,0,150,0,45,45,0,0,0,0,0,45,0,0,0,0,0,0,0,0,0,0,0,0,0,0,0,0,0,0,0,0,0,0,0,0,0,0,0,0,0,0,0,0,0,183,249,204,178,139,25,25,2,25,109,25,72,7,25,25,25,25,72,25,100,27,25,25,25,25,95,25,45,25,25,25,25,25,45,25,68,23,25,25,25,25,65,25,250,83,33,25,25,25,25,78,25,127,47,25,25,25,25,123,25,130,60,25,25,25,25,107,25,103,33,25,25,25,25,94,25,172,111,25,25,25,25,143,17,119,119,55,25,25,25,25,105,25,25,25,25,25,25,25,25,25,25,25,25,25,25,25,25,25,25,25,25,25,25,25,25,25,25,25,25,25,25,25,25,25,207,143,126,30,25,25,25,25,122,25,78,25,25,25,25,25,78,25,33,25,25,25,25,25,33,25,14,25,25,25,25,25,14,25,58,25,25,25,25,25,58,25,156,61,13,25,25,25,25,59,25,65,11,25,25,25,25,63,25,94,26,25,25,25,25,94,25,18,25,25,25,25,25,18,25,115,98,35,25,25,25,65,25,43,43,25,25,25,25,25,43,25,25,25,25,25,25,25,25,25,25,25,25,25,25,25,25,25,25,25,25,25,25,25,25,25,25,25,25,25,25,25,25,25
2013thru2017,50,05000US48491,"Williamson County, Texas",48,491,170050,117210,23140,3770,2645,230,205,50,0,590,55,4255,2660,280,185,0,0,1040,90,7410,4975,425,300,0,0,1540,170,2940,1955,280,140,0,0,510,60,4760,3395,220,265,15,0,820,45,93300,515,375,30,15,0,0,90,0,2160,1495,60,45,0,0,525,35,7135,5215,245,190,20,0,1365,95,8410,6050,435,220,65,0,1550,85,75080,56865,3125,4735,120,95,8955,1185,770,770,595,0,110,0,0,50,15,0,0,0,0,0,0,0,0,0,0,0,0,0,0,0,0,0,0,0,0,0,0,0,0,0,0,0,0,0,0,0,0,52840,23070,5215,2650,790,135,0,0,1520,120,7670,3835,695,180,0,20,2645,290,7390,4830,725,330,0,0,1280,225,1555,1050,75,20,0,0,335,80,1245,655,65,220,0,0,300,0,29155,620,275,135,0,0,0,195,20,965,540,95,15,0,0,315,4,4605,2720,380,150,15,0,1310,35,6035,3645,405,240,0,0,1555,185,16935,10705,1395,1465,35,0,3020,310,615,615,205,35,45,0,0,310,15,0,0,0,0,0,0,0,0,0,0,0,0,0,0,0,0,0,0,0,0,0,0,0,0,0,0,0,0,0,0,0,0,1055,1371,1017,421,295,116,120,42,31,191,49,409,298,139,93,31,31,265,64,635,469,125,103,31,31,315,105,335,284,113,75,31,31,163,51,478,383,99,100,26,31,259,43,1390,126,120,26,23,31,31,47,31,323,250,47,35,31,31,194,34,405,358,102,79,34,31,245,80,650,485,150,105,49,31,297,51,1222,1150,397,359,65,82,620,231,215,215,187,31,98,31,31,48,24,31,31,31,31,31,31,31,31,31,31,31,31,31,31,31,31,31,31,31,31,31,31,31,31,31,31,31,31,31,31,31,31,1306,999,577,422,258,81,31,31,294,75,774,466,178,97,31,31,554,134,622,522,232,146,31,31,257,156,278,230,55,28,31,31,130,72,205,151,54,99,31,31,143,31,1147,178,110,89,31,31,31,125,30,244,179,89,23,31,31,140,12,543,397,146,84,27,31,358,41,586,454,176,112,31,31,326,93,846,666,285,302,41,31,457,123,212,212,83,62,54,31,31,172,24,31,31,31,31,31,31,31,31,31,31,31,31,31,31,31,31,31,31,31,31,31,31,31,31,31,31,31,31,31,31,31,31
2013thru2017,50,05000US48493,"Wilson County, Texas",48,493,15755,13155,2700,625,365,10,0,0,0,245,4,585,295,0,0,4,0,280,0,520,255,0,0,0,0,255,15,230,165,0,0,0,0,65,0,740,360,45,0,0,0,340,0,10405,230,115,0,0,0,0,115,0,635,340,4,0,0,0,290,0,1160,665,15,4,0,0,475,0,815,535,20,0,0,0,260,0,7565,5680,115,20,4,0,1695,60,50,50,30,0,0,0,0,20,0,0,0,0,0,0,0,0,0,0,0,0,0,0,0,0,0,0,0,0,0,0,0,0,0,0,0,0,0,0,0,0,0,2600,920,295,75,15,10,0,0,195,0,265,75,4,0,0,0,185,4,255,105,0,0,0,0,150,0,75,60,0,0,0,0,15,0,30,10,0,0,10,0,10,0,1640,115,25,0,0,0,0,80,10,165,115,4,0,0,0,40,4,180,130,0,0,0,0,45,4,210,135,0,10,4,0,60,0,970,610,0,0,0,0,340,20,35,35,35,0,0,0,0,0,0,0,0,0,0,0,0,0,0,0,0,0,0,0,0,0,0,0,0,0,0,0,0,0,0,0,0,0,0,0,0,0,0,265,311,251,165,122,18,28,28,28,105,16,169,98,28,28,16,28,138,28,148,98,28,28,28,28,106,23,102,84,28,28,28,28,62,28,178,129,42,28,28,28,128,28,351,104,78,28,28,28,28,71,28,163,113,12,28,28,28,127,28,203,151,25,1,28,28,149,28,168,139,31,28,28,28,101,28,341,293,64,20,5,28,230,33,42,42,27,28,28,28,28,30,28,28,28,28,28,28,28,28,28,28,28,28,28,28,28,28,28,28,28,28,28,28,28,28,28,28,28,28,28,28,28,28,28,276,187,107,49,20,17,28,28,89,28,112,45,1,28,28,28,100,9,91,71,28,28,28,28,75,28,76,75,28,28,28,28,22,28,29,23,28,28,16,28,14,28,251,73,26,28,28,28,28,56,19,91,84,15,28,28,28,34,11,89,84,28,28,28,28,25,18,99,75,28,16,7,28,65,28,199,149,28,28,28,28,119,26,31,31,31,28,28,28,28,28,28,28,28,28,28,28,28,28,28,28,28,28,28,28,28,28,28,28,28,28,28,28,28,28,28,28,28,28,28,28,28,28,28
2013thru2017,50,05000US48495,"Winkler County, Texas",48,495,2525,1975,380,195,40,0,0,0,0,155,0,70,50,0,0,0,0,10,4,30,4,20,0,0,0,4,0,35,0,0,0,0,0,30,4,50,10,0,0,0,0,40,0,1595,75,30,0,0,0,0,50,0,165,45,0,0,0,0,120,0,295,175,4,0,0,0,120,0,90,60,0,0,0,0,30,0,970,490,15,0,0,0,455,10,0,0,0,0,0,0,0,0,0,0,0,0,0,0,0,0,0,0,0,0,0,0,0,0,0,0,0,0,0,0,0,0,0,0,0,0,0,0,0,0,0,550,185,50,30,0,0,0,0,15,0,70,35,0,0,0,0,35,0,40,10,0,0,20,0,10,0,0,0,0,0,0,0,0,0,25,15,0,0,0,0,10,0,345,4,0,0,0,0,0,4,0,20,20,0,0,0,0,0,0,20,15,4,0,0,0,10,0,55,4,0,0,0,0,45,0,245,95,0,0,0,0,150,0,20,20,20,0,0,0,0,0,0,0,0,0,0,0,0,0,0,0,0,0,0,0,0,0,0,0,0,0,0,0,0,0,0,0,0,0,0,0,0,0,0,121,126,111,73,28,19,19,19,19,69,19,55,45,19,19,19,19,24,23,29,7,30,19,19,19,3,19,39,19,19,19,19,19,37,9,45,14,19,19,19,19,43,19,156,57,24,19,19,19,19,53,19,64,25,19,19,19,19,62,19,100,61,5,19,19,19,78,19,48,42,19,19,19,19,21,19,110,66,18,19,19,19,102,20,19,19,19,19,19,19,19,19,19,19,19,19,19,19,19,19,19,19,19,19,19,19,19,19,19,19,19,19,19,19,19,19,19,19,19,19,19,19,19,19,19,131,62,37,27,19,19,19,19,24,19,50,29,19,19,19,19,44,19,38,13,19,19,33,19,13,19,19,19,19,19,19,19,19,19,28,18,19,19,19,19,22,19,110,1,19,19,19,19,19,1,19,27,27,19,19,19,19,19,19,19,19,5,19,19,19,14,19,50,15,19,19,19,19,46,19,90,53,19,19,19,19,73,19,22,22,22,19,19,19,19,19,19,19,19,19,19,19,19,19,19,19,19,19,19,19,19,19,19,19,19,19,19,19,19,19,19,19,19,19,19,19,19,19,19
2013thru2017,50,05000US48497,"Wise County, Texas",48,497,21690,16640,3360,715,595,0,4,0,0,115,0,905,685,25,0,0,0,190,0,700,525,0,20,0,0,150,10,350,345,0,0,0,0,0,4,685,575,0,15,0,4,90,4,13140,125,125,0,0,0,0,0,0,655,480,0,0,15,0,160,4,1540,1345,0,10,0,0,185,0,1235,1130,0,15,10,0,80,0,9585,8435,90,25,100,0,870,65,145,145,145,0,0,0,0,4,0,0,0,0,0,0,0,0,0,0,0,0,0,0,0,0,0,0,0,0,0,0,0,0,0,0,0,0,0,0,0,0,0,5050,2230,780,410,0,0,0,0,370,0,870,615,0,0,35,0,205,15,435,330,0,0,4,0,100,0,75,75,0,0,0,0,0,0,75,45,0,0,0,0,30,0,2770,165,150,0,0,0,0,10,0,150,110,0,0,4,0,25,10,405,325,0,0,0,0,80,0,635,380,30,0,0,0,215,10,1420,1245,25,0,0,0,150,0,50,50,50,0,0,0,0,0,0,0,0,0,0,0,0,0,0,0,0,0,0,0,0,0,0,0,0,0,0,0,0,0,0,0,0,0,0,0,0,0,0,402,543,377,193,180,31,4,31,31,80,31,193,179,43,31,31,31,93,31,166,155,31,28,31,31,71,16,136,135,31,31,31,31,31,10,153,132,31,12,31,31,69,2,521,91,91,31,31,31,31,31,31,178,145,31,31,20,31,86,3,262,242,31,17,31,31,114,31,213,202,31,25,21,31,50,31,490,422,45,28,66,31,242,50,75,75,76,31,31,31,31,5,31,31,31,31,31,31,31,31,31,31,31,31,31,31,31,31,31,31,31,31,31,31,31,31,31,31,31,31,31,31,31,31,31,461,343,219,144,31,31,31,31,167,31,236,206,31,31,47,31,118,17,155,142,31,31,10,31,71,31,68,68,31,31,31,31,31,31,53,40,31,31,31,31,37,31,414,91,94,31,31,31,31,15,31,57,58,31,31,9,31,24,20,146,127,31,31,31,31,61,31,262,139,46,31,31,31,215,16,240,220,39,31,31,31,104,31,40,40,40,31,31,31,31,31,31,31,31,31,31,31,31,31,31,31,31,31,31,31,31,31,31,31,31,31,31,31,31,31,31,31,31,31,31,31,31,31,31
2013thru2017,50,05000US48499,"Wood County, Texas",48,499,16120,12965,2685,665,545,30,10,10,0,65,10,590,540,30,0,0,0,20,0,665,550,30,0,10,0,55,25,255,240,4,0,0,0,10,0,510,495,4,0,0,0,10,0,10155,150,150,0,0,0,0,0,0,580,485,20,0,0,0,70,0,1480,1170,175,0,15,0,115,4,1020,885,20,0,0,0,110,4,6930,6495,190,0,4,35,175,30,125,125,100,25,0,0,0,4,0,0,0,0,0,0,0,0,0,0,0,0,0,0,0,0,0,0,0,0,0,0,0,0,0,0,0,0,0,0,0,0,0,3155,1350,445,340,4,0,0,0,90,15,465,295,100,0,0,0,50,15,355,355,0,0,0,0,0,0,35,35,0,0,0,0,0,0,50,30,0,0,0,0,20,0,1750,140,115,4,0,0,0,25,0,160,155,0,0,0,0,4,0,405,325,25,0,15,0,40,0,185,145,40,0,0,0,4,0,855,745,15,0,0,0,85,4,55,55,40,15,0,0,0,0,0,0,0,0,0,0,0,0,0,0,0,0,0,0,0,0,0,0,0,0,0,0,0,0,0,0,0,0,0,0,0,0,0,406,400,296,171,165,32,19,18,28,48,15,156,151,35,28,28,28,24,28,160,136,48,28,14,28,52,29,94,91,13,28,28,28,19,28,144,144,6,28,28,28,15,28,469,91,91,28,28,28,28,28,28,179,151,25,28,28,28,97,28,242,209,102,28,28,28,64,2,177,170,18,28,28,28,72,13,488,477,87,28,4,56,98,44,89,89,83,35,28,28,28,28,28,28,28,28,28,28,28,28,28,28,28,28,28,28,28,28,28,28,28,28,28,28,28,28,28,28,28,28,28,28,28,28,28,291,240,136,112,9,28,28,28,87,19,147,121,84,28,28,28,42,17,151,151,28,28,28,28,28,28,20,20,28,28,28,28,28,28,48,36,28,28,28,28,32,28,232,73,57,7,28,28,28,41,28,74,74,28,28,28,28,4,28,161,145,23,28,27,28,39,28,80,57,48,28,28,28,28,28,178,163,29,28,28,28,62,17,43,43,33,30,28,28,28,28,28,28,28,28,28,28,28,28,28,28,28,28,28,28,28,28,28,28,28,28,28,28,28,28,28,28,28,28,28,28,28,28,28
2013thru2017,50,05000US48501,"Yoakum County, Texas",48,501,2650,2055,325,160,25,0,0,0,0,135,0,15,0,0,0,0,0,15,0,75,25,0,0,15,0,40,0,50,0,0,0,0,0,50,0,25,20,0,0,0,0,4,0,1730,115,60,0,0,0,0,55,0,135,40,0,0,0,0,95,0,140,50,0,0,0,0,90,0,185,80,0,0,0,0,110,0,1155,570,0,0,0,0,585,0,0,0,0,0,0,0,0,0,0,0,0,0,0,0,0,0,0,0,0,0,0,0,0,0,0,0,0,0,0,0,0,0,0,0,0,0,0,0,0,0,0,600,225,35,0,0,0,0,0,35,0,15,0,0,0,0,0,15,0,120,0,0,0,0,0,120,0,30,0,0,0,0,0,30,0,30,0,0,0,0,0,30,0,355,4,4,0,0,0,0,0,0,60,4,0,0,0,0,55,0,120,80,0,0,0,0,35,0,55,20,0,0,0,0,40,0,115,50,0,0,0,0,70,0,15,15,15,0,0,0,0,0,0,0,0,0,0,0,0,0,0,0,0,0,0,0,0,0,0,0,0,0,0,0,0,0,0,0,0,0,0,0,0,0,0,150,147,113,96,29,19,19,19,19,89,19,23,19,19,19,19,19,23,19,46,30,19,19,22,19,33,19,45,19,19,19,19,19,45,19,34,31,19,19,19,19,4,19,180,84,49,19,19,19,19,64,19,61,38,19,19,19,19,52,19,66,39,19,19,19,19,61,19,92,49,19,19,19,19,75,19,171,99,19,19,19,19,148,19,19,19,19,19,19,19,19,19,19,19,19,19,19,19,19,19,19,19,19,19,19,19,19,19,19,19,19,19,19,19,19,19,19,19,19,19,19,19,19,19,19,141,113,40,19,19,19,19,19,40,19,25,19,19,19,19,19,25,19,98,19,19,19,19,19,98,19,46,19,19,19,19,19,46,19,46,19,19,19,19,19,46,19,113,3,3,19,19,19,19,19,19,60,14,19,19,19,19,56,19,60,59,19,19,19,19,26,19,47,21,19,19,19,19,43,19,76,46,19,19,19,19,68,19,32,32,32,19,19,19,19,19,19,19,19,19,19,19,19,19,19,19,19,19,19,19,19,19,19,19,19,19,19,19,19,19,19,19,19,19,19,19,19,19,19
2013thru2017,50,05000US48503,"Young County, Texas",48,503,7065,5530,900,265,255,0,0,10,0,0,0,305,265,0,0,0,0,35,0,245,180,0,35,0,0,30,0,35,35,0,0,0,0,0,0,55,55,0,0,0,0,0,0,4610,60,40,0,15,0,0,0,0,340,265,20,0,4,0,50,0,730,545,10,0,0,0,175,0,500,390,15,0,10,0,85,0,2975,2830,0,0,30,0,120,0,20,20,20,0,0,0,0,0,0,0,0,0,0,0,0,0,0,0,0,0,0,0,0,0,0,0,0,0,0,0,0,0,0,0,0,0,0,0,0,0,0,1535,505,175,160,0,0,0,0,20,0,155,120,10,0,0,0,0,20,130,110,0,0,0,0,20,0,15,15,0,0,0,0,0,0,30,0,0,0,0,0,30,0,975,115,75,0,0,0,0,35,0,135,75,0,0,0,0,65,0,215,215,0,0,0,0,0,0,210,115,0,0,0,0,95,0,300,270,15,4,0,0,15,0,50,50,50,0,0,0,0,0,0,0,0,0,0,0,0,0,0,0,0,0,0,0,0,0,0,0,0,0,0,0,0,0,0,0,0,0,0,0,0,0,0,311,304,180,121,113,21,21,20,21,21,21,124,112,21,21,21,21,49,21,107,82,21,26,21,21,58,21,37,37,21,21,21,21,21,21,45,45,21,21,21,21,21,21,310,41,36,21,18,21,21,21,21,124,103,35,21,3,21,54,21,192,171,15,21,21,21,100,21,130,104,25,21,15,21,79,21,292,294,21,21,46,21,93,21,23,23,23,21,21,21,21,21,21,21,21,21,21,21,21,21,21,21,21,21,21,21,21,21,21,21,21,21,21,21,21,21,21,21,21,21,21,21,21,21,21,252,159,94,97,21,21,21,21,29,21,83,72,22,21,21,21,21,33,106,101,21,21,21,21,33,21,26,26,21,21,21,21,21,21,41,21,21,21,21,21,41,21,237,83,75,21,21,21,21,40,21,82,50,21,21,21,21,72,21,93,93,21,21,21,21,21,21,104,67,21,21,21,21,88,21,140,136,22,21,21,21,21,21,43,43,43,21,21,21,21,21,21,21,21,21,21,21,21,21,21,21,21,21,21,21,21,21,21,21,21,21,21,21,21,21,21,21,21,21,21,21,21,21,21
2013thru2017,50,05000US48505,"Zapata County, Texas",48,505,4455,3220,805,395,0,0,0,0,0,395,0,125,0,0,0,0,0,125,0,175,0,0,0,0,0,175,0,0,0,0,0,0,0,0,0,105,0,0,0,0,0,105,0,2385,90,0,0,0,0,0,90,0,245,55,0,0,0,0,195,0,475,95,0,0,0,0,380,0,315,15,0,0,0,0,300,0,1255,140,0,15,0,0,1100,0,30,30,0,0,0,0,0,30,0,0,0,0,0,0,0,0,0,0,0,0,0,0,0,0,0,0,0,0,0,0,0,0,0,0,0,0,0,0,0,0,0,1235,505,325,0,0,0,0,0,325,0,130,40,0,0,0,0,90,0,20,0,0,0,0,0,20,0,0,0,0,0,0,0,0,0,30,0,0,0,0,0,30,0,715,190,20,0,0,0,0,170,0,115,0,0,0,0,0,115,0,90,0,0,0,0,0,90,0,90,0,0,0,0,0,90,0,225,65,0,0,0,0,160,0,15,15,0,0,0,0,0,15,0,0,0,0,0,0,0,0,0,0,0,0,0,0,0,0,0,0,0,0,0,0,0,0,0,0,0,0,0,0,0,0,0,296,307,202,157,21,21,21,21,21,157,21,76,21,21,21,21,21,76,21,106,21,21,21,21,21,106,21,21,21,21,21,21,21,21,21,85,21,21,21,21,21,85,21,281,68,21,21,21,21,21,68,21,138,75,21,21,21,21,108,21,164,64,21,21,21,21,147,21,130,23,21,21,21,21,129,21,235,77,21,18,21,21,205,21,32,32,21,21,21,21,21,32,21,21,21,21,21,21,21,21,21,21,21,21,21,21,21,21,21,21,21,21,21,21,21,21,21,21,21,21,21,21,21,21,21,265,199,158,21,21,21,21,21,158,21,86,60,21,21,21,21,57,21,32,21,21,21,21,21,32,21,21,21,21,21,21,21,21,21,49,21,21,21,21,21,49,21,223,136,31,21,21,21,21,133,21,88,21,21,21,21,21,88,21,64,21,21,21,21,21,64,21,80,21,21,21,21,21,80,21,125,54,21,21,21,21,109,21,25,25,21,21,21,21,21,25,21,21,21,21,21,21,21,21,21,21,21,21,21,21,21,21,21,21,21,21,21,21,21,21,21,21,21,21,21,21,21,21,21
2013thru2017,50,05000US48507,"Zavala County, Texas",48,507,3535,2450,555,200,4,0,0,4,0,185,0,145,0,0,0,0,0,145,0,145,0,0,0,0,0,125,20,35,0,0,0,0,0,15,20,30,0,0,0,0,0,30,0,1875,140,0,0,0,0,0,140,0,255,45,0,0,0,0,210,0,395,10,0,0,0,0,385,0,255,0,0,0,0,0,255,0,825,75,0,0,0,0,750,0,25,25,0,0,0,0,0,25,0,0,0,0,0,0,0,0,0,0,0,0,0,0,0,0,0,0,0,0,0,0,0,0,0,0,0,0,0,0,0,0,0,1085,705,490,30,0,0,0,0,460,0,155,0,0,0,0,0,155,0,30,15,0,0,0,0,15,0,30,0,0,0,0,0,30,0,0,0,0,0,0,0,0,0,370,115,0,0,0,0,0,115,0,65,4,0,0,0,0,60,0,85,20,0,0,0,0,65,0,20,0,0,0,0,0,20,0,85,25,0,0,0,0,60,0,10,10,0,0,0,0,0,10,0,0,0,0,0,0,0,0,0,0,0,0,0,0,0,0,0,0,0,0,0,0,0,0,0,0,0,0,0,0,0,0,0,145,198,165,100,15,21,21,4,21,102,21,99,21,21,21,21,21,99,21,96,21,21,21,21,21,96,31,37,21,21,21,21,21,30,28,51,21,21,21,21,21,51,21,185,94,21,21,21,21,21,94,21,111,47,21,21,21,21,100,21,132,15,21,21,21,21,132,21,129,21,21,21,21,21,129,21,208,65,21,21,21,21,196,21,27,27,21,21,21,21,21,27,21,21,21,21,21,21,21,21,21,21,21,21,21,21,21,21,21,21,21,21,21,21,21,21,21,21,21,21,21,21,21,21,21,189,185,159,36,21,21,21,21,150,21,100,21,21,21,21,21,100,21,33,30,21,21,21,21,19,21,30,21,21,21,21,21,30,21,21,21,21,21,21,21,21,21,111,77,21,21,21,21,21,77,21,47,9,21,21,21,21,50,21,58,40,21,21,21,21,43,21,32,21,21,21,21,21,32,21,55,31,21,21,21,21,51,21,17,17,21,21,21,21,21,17,21,21,21,21,21,21,21,21,21,21,21,21,21,21,21,21,21,21,21,21,21,21,21,21,21,21,21,21,21,21,21,21,21