source,sumlevel,geoid,name,st,cnty,T12_est1,T12_est2,T12_est3,T12_est4,T12_est5,T12_est6,T12_est7,T12_est8,T12_est9,T12_est10,T12_est11,T12_est12,T12_est13,T12_est14,T12_est15,T12_est16,T12_est17,T12_est18,T12_est19,T12_est20,T12_est21,T12_est22,T12_est23,T12_est24,T12_est25,T12_est26,T12_est27,T12_est28,T12_est29,T12_est30,T12_est31,T12_est32,T12_est33,T12_est34,T12_est35,T12_est36,T12_est37,T12_est38,T12_est39,T12_est40,T12_est41,T12_est42,T12_est43,T12_est44,T12_est45,T12_est46,T12_est47,T12_est48,T12_est49,T12_est50,T12_est51,T12_est52,T12_est53,T12_est54,T12_est55,T12_est56,T12_est57,T12_est58,T12_est59,T12_est60,T12_est61,T12_est62,T12_est63,T12_est64,T12_est65,T12_est66,T12_est67,T12_est68,T12_est69,T12_est70,T12_est71,T12_est72,T12_est73,T12_est74,T12_est75,T12_est76,T12_est77,T12_est78,T12_est79,T12_est80,T12_est81,T12_est82,T12_est83,T12_est84,T12_est85,T12_est86,T12_est87,T12_est88,T12_est89,T12_est90,T12_est91,T12_est92,T12_est93,T12_est94,T12_est95,T12_est96,T12_est97,T12_est98,T12_est99,T12_est100,T12_est101,T12_est102,T12_est103,T12_est104,T12_est105,T12_est106,T12_est107,T12_est108,T12_est109,T12_est110,T12_est111,T12_est112,T12_est113,T12_est114,T12_est115,T12_est116,T12_est117,T12_est118,T12_est119,T12_est120,T12_est121,T12_est122,T12_est123,T12_est124,T12_est125,T12_est126,T12_est127,T12_est128,T12_est129,T12_est130,T12_est131,T12_est132,T12_est133,T12_est134,T12_est135,T12_est136,T12_est137,T12_est138,T12_est139,T12_est140,T12_est141,T12_est142,T12_est143,T12_est144,T12_est145,T12_est146,T12_est147,T12_est148,T12_est149,T12_est150,T12_est151,T12_est152,T12_est153,T12_est154,T12_est155,T12_est156,T12_est157,T12_est158,T12_est159,T12_est160,T12_est161,T12_est162,T12_est163,T12_est164,T12_est165,T12_est166,T12_est167,T12_est168,T12_est169,T12_est170,T12_est171,T12_est172,T12_est173,T12_est174,T12_est175,T12_est176,T12_est177,T12_est178,T12_est179,T12_est180,T12_est181,T12_est182,T12_est183,T12_est184,T12_est185,T12_est186,T12_est187,T12_est188,T12_est189,T12_est190,T12_est191,T12_est192,T12_est193,T12_est194,T12_est195,T12_est196,T12_est197,T12_est198,T12_est199,T12_est200,T12_est201,T12_est202,T12_est203,T12_est204,T12_est205,T12_est206,T12_est207,T12_est208,T12_est209,T12_est210,T12_est211,T12_est212,T12_est213,T12_moe1,T12_moe2,T12_moe3,T12_moe4,T12_moe5,T12_moe6,T12_moe7,T12_moe8,T12_moe9,T12_moe10,T12_moe11,T12_moe12,T12_moe13,T12_moe14,T12_moe15,T12_moe16,T12_moe17,T12_moe18,T12_moe19,T12_moe20,T12_moe21,T12_moe22,T12_moe23,T12_moe24,T12_moe25,T12_moe26,T12_moe27,T12_moe28,T12_moe29,T12_moe30,T12_moe31,T12_moe32,T12_moe33,T12_moe34,T12_moe35,T12_moe36,T12_moe37,T12_moe38,T12_moe39,T12_moe40,T12_moe41,T12_moe42,T12_moe43,T12_moe44,T12_moe45,T12_moe46,T12_moe47,T12_moe48,T12_moe49,T12_moe50,T12_moe51,T12_moe52,T12_moe53,T12_moe54,T12_moe55,T12_moe56,T12_moe57,T12_moe58,T12_moe59,T12_moe60,T12_moe61,T12_moe62,T12_moe63,T12_moe64,T12_moe65,T12_moe66,T12_moe67,T12_moe68,T12_moe69,T12_moe70,T12_moe71,T12_moe72,T12_moe73,T12_moe74,T12_moe75,T12_moe76,T12_moe77,T12_moe78,T12_moe79,T12_moe80,T12_moe81,T12_moe82,T12_moe83,T12_moe84,T12_moe85,T12_moe86,T12_moe87,T12_moe88,T12_moe89,T12_moe90,T12_moe91,T12_moe92,T12_moe93,T12_moe94,T12_moe95,T12_moe96,T12_moe97,T12_moe98,T12_moe99,T12_moe100,T12_moe101,T12_moe102,T12_moe103,T12_moe104,T12_moe105,T12_moe106,T12_moe107,T12_moe108,T12_moe109,T12_moe110,T12_moe111,T12_moe112,T12_moe113,T12_moe114,T12_moe115,T12_moe116,T12_moe117,T12_moe118,T12_moe119,T12_moe120,T12_moe121,T12_moe122,T12_moe123,T12_moe124,T12_moe125,T12_moe126,T12_moe127,T12_moe128,T12_moe129,T12_moe130,T12_moe131,T12_moe132,T12_moe133,T12_moe134,T12_moe135,T12_moe136,T12_moe137,T12_moe138,T12_moe139,T12_moe140,T12_moe141,T12_moe142,T12_moe143,T12_moe144,T12_moe145,T12_moe146,T12_moe147,T12_moe148,T12_moe149,T12_moe150,T12_moe151,T12_moe152,T12_moe153,T12_moe154,T12_moe155,T12_moe156,T12_moe157,T12_moe158,T12_moe159,T12_moe160,T12_moe161,T12_moe162,T12_moe163,T12_moe164,T12_moe165,T12_moe166,T12_moe167,T12_moe168,T12_moe169,T12_moe170,T12_moe171,T12_moe172,T12_moe173,T12_moe174,T12_moe175,T12_moe176,T12_moe177,T12_moe178,T12_moe179,T12_moe180,T12_moe181,T12_moe182,T12_moe183,T12_moe184,T12_moe185,T12_moe186,T12_moe187,T12_moe188,T12_moe189,T12_moe190,T12_moe191,T12_moe192,T12_moe193,T12_moe194,T12_moe195,T12_moe196,T12_moe197,T12_moe198,T12_moe199,T12_moe200,T12_moe201,T12_moe202,T12_moe203,T12_moe204,T12_moe205,T12_moe206,T12_moe207,T12_moe208,T12_moe209,T12_moe210,T12_moe211,T12_moe212,T12_moe213
2013thru2017,50,05000US48001,"Anderson County, Texas",48,1,16565,11750,2695,425,155,160,75,40,255,185,65,0,0,670,470,195,4,0,1350,1310,40,0,0,3590,685,305,195,120,60,680,565,105,15,0,665,595,70,0,0,1560,1495,55,10,0,3250,480,175,135,130,40,705,440,235,30,0,660,560,15,85,0,1405,1405,4,0,0,1405,435,205,65,165,0,140,125,10,10,0,425,415,10,0,0,405,400,0,4,0,805,170,90,20,60,0,140,125,10,4,0,160,155,4,0,0,340,265,70,0,0,4820,700,320,85,80,155,0,150,35,115,0,0,110,55,10,45,0,120,120,0,0,0,1905,715,240,215,245,15,460,195,265,0,0,375,365,10,0,0,355,340,15,0,0,1215,510,140,150,220,0,235,145,75,20,0,130,130,0,0,0,345,345,0,0,0,655,195,35,50,110,0,130,105,25,0,0,115,115,0,0,0,210,210,0,0,0,345,30,4,0,25,0,225,150,75,0,0,50,30,20,0,0,35,35,0,0,0,424,468,283,127,65,104,39,31,99,80,60,31,31,167,111,141,31,31,241,236,34,31,31,297,164,110,97,71,60,172,165,72,20,31,152,140,81,31,31,211,211,40,15,31,345,160,85,82,98,38,192,176,108,46,31,206,182,24,69,31,246,245,1,31,31,251,143,84,46,110,31,60,61,15,15,31,163,164,14,31,31,107,107,31,31,31,157,76,56,23,48,31,75,73,15,7,31,72,72,31,31,31,120,94,90,31,31,452,195,114,53,66,98,31,118,29,115,31,31,82,48,12,66,31,87,87,31,31,31,287,209,130,117,97,20,174,133,134,31,31,147,145,15,31,31,129,128,25,31,31,249,157,96,83,104,31,119,90,78,32,31,72,72,31,31,31,135,135,31,31,31,200,73,43,56,47,31,74,74,26,31,31,79,79,31,31,31,117,117,31,31,31,144,22,16,31,22,31,134,95,90,31,31,51,35,38,31,31,30,30,31,31,31
2013thru2017,50,05000US48003,"Andrews County, Texas",48,3,5415,3980,530,50,20,20,15,0,60,35,30,0,0,50,40,0,10,0,370,350,0,20,0,1165,220,105,30,70,10,45,45,0,0,0,185,150,35,0,0,715,715,0,0,0,1020,220,70,55,70,25,135,125,10,0,0,200,190,15,0,0,465,465,0,0,0,1240,190,110,70,0,4,240,210,30,0,0,205,205,0,0,0,605,605,0,0,0,20,4,4,0,0,0,15,15,0,0,0,0,0,0,0,0,0,0,0,0,0,1430,255,85,45,20,20,0,30,20,0,10,0,50,40,4,0,0,90,90,0,0,0,425,150,55,50,45,0,50,50,0,0,0,60,60,0,0,0,165,155,10,0,0,485,140,30,70,40,0,75,30,45,0,0,105,105,0,0,0,160,160,0,0,0,235,80,10,0,70,0,60,40,20,0,0,75,75,0,0,0,20,20,0,0,0,30,10,0,0,10,0,10,10,0,0,0,0,0,0,0,0,10,10,0,0,0,193,264,148,45,35,20,20,21,53,39,39,21,21,45,40,21,17,21,112,104,21,38,21,243,101,78,33,59,16,35,35,21,21,21,72,56,42,21,21,203,203,21,21,21,215,123,60,57,83,33,77,75,15,21,21,95,93,24,21,21,158,158,21,21,21,194,80,73,55,21,13,99,100,37,21,21,112,112,21,21,21,163,163,21,21,21,26,11,11,21,21,21,24,24,21,21,21,21,21,21,21,21,21,21,21,21,21,252,114,63,50,38,26,21,41,35,21,19,21,44,43,17,21,21,86,86,21,21,21,178,110,72,41,67,21,40,40,21,21,21,56,56,21,21,21,95,92,22,21,21,166,86,35,71,36,21,71,26,66,21,21,84,84,21,21,21,91,91,21,21,21,116,55,13,21,55,21,59,43,35,21,21,62,62,21,21,21,27,27,21,21,21,33,18,21,21,18,21,21,21,21,21,21,21,21,21,21,21,15,15,21,21,21
2013thru2017,50,05000US48005,"Angelina County, Texas",48,5,30930,20425,4395,440,80,85,210,70,615,435,145,35,0,700,585,40,75,0,2645,2590,55,0,0,6600,1040,485,185,325,50,745,610,100,35,0,1310,1140,115,55,0,3505,3430,75,0,0,6425,1220,485,370,320,45,1175,980,130,65,0,1395,1315,80,0,0,2640,2625,15,0,0,2100,380,165,55,145,15,585,515,15,55,0,555,525,30,0,0,580,565,15,0,0,900,160,30,45,85,0,210,165,20,25,0,130,130,0,0,0,395,395,0,0,0,10505,1985,1000,275,250,445,35,310,90,175,45,0,365,345,20,0,0,305,275,30,0,0,3760,1485,350,440,685,10,670,410,220,40,0,720,600,105,15,0,890,820,55,15,0,2840,1390,330,335,625,100,375,140,205,30,0,435,435,0,0,0,645,645,0,0,0,1360,470,95,45,235,95,250,150,50,50,0,220,220,0,0,0,415,415,0,0,0,565,300,0,145,80,70,125,4,120,0,0,90,90,0,0,0,50,50,0,0,0,527,609,387,139,45,51,92,65,190,163,79,57,31,176,159,39,65,31,290,278,62,31,31,485,229,167,97,120,40,172,167,64,35,31,250,232,59,52,31,361,349,51,31,31,443,241,153,160,118,37,252,231,90,53,31,235,239,74,31,31,324,319,18,31,31,267,120,82,34,88,23,150,155,21,57,31,167,159,43,31,31,150,142,26,31,31,209,125,36,52,74,31,101,91,29,35,31,78,78,31,31,31,148,148,31,31,31,541,262,202,133,94,156,27,136,80,78,57,31,133,132,26,31,31,92,90,46,31,31,360,261,155,140,155,14,197,156,113,35,31,217,206,63,24,31,228,217,59,22,31,382,316,143,147,191,102,151,77,118,49,31,182,182,31,31,31,170,170,31,31,31,284,186,82,42,115,93,114,71,66,69,31,118,118,31,31,31,183,183,31,31,31,160,156,31,111,61,85,80,17,79,31,31,74,74,31,31,31,59,59,31,31,31
2013thru2017,50,05000US48007,"Aransas County, Texas",48,7,9530,7040,2095,295,80,60,140,10,220,155,65,4,0,400,300,45,55,0,1180,1105,60,15,0,2540,555,290,85,180,4,400,330,15,55,0,505,405,40,60,0,1080,1045,35,0,0,1925,280,150,75,45,10,470,270,185,15,0,250,240,10,0,0,920,825,95,0,0,370,80,4,20,55,0,40,30,10,0,0,70,35,15,20,0,180,180,0,0,0,110,35,10,0,20,0,30,30,0,0,0,0,0,0,0,0,45,45,0,0,0,2490,660,305,15,110,185,0,95,30,65,0,0,150,90,60,0,0,110,110,0,0,0,705,385,165,60,160,0,80,25,55,0,0,100,60,40,0,0,140,140,0,0,0,890,350,120,140,85,0,150,110,40,0,0,280,210,70,0,0,110,95,15,0,0,215,50,0,0,50,0,40,40,0,0,0,60,60,0,0,0,65,65,0,0,0,15,0,0,0,0,0,15,0,15,0,0,0,0,0,0,0,0,0,0,0,0,506,346,338,130,53,85,82,21,123,104,68,3,25,165,139,44,50,25,275,275,44,22,25,346,159,119,74,97,2,198,191,31,43,25,191,158,42,72,25,263,259,34,25,25,237,121,96,54,44,12,191,141,120,18,25,89,88,21,25,25,164,169,67,25,25,115,51,15,25,49,25,36,33,15,25,25,48,30,23,40,25,95,95,25,25,25,74,30,17,25,29,25,48,48,25,25,25,25,25,25,25,25,51,51,25,25,25,411,238,181,25,108,125,25,64,46,43,25,25,97,86,54,25,25,80,80,25,25,25,212,176,120,57,113,25,73,27,64,25,25,64,45,54,25,25,89,89,25,25,25,278,188,159,105,82,25,91,83,35,25,25,210,184,110,25,25,74,69,19,25,25,128,54,25,25,54,25,62,62,25,25,25,76,76,25,25,25,71,71,25,25,25,31,25,25,25,25,25,31,25,31,25,25,25,25,25,25,25,25,25,25,25,25
2013thru2017,50,05000US48009,"Archer County, Texas",48,9,3350,2750,385,10,4,4,4,0,45,25,10,10,0,25,15,4,10,0,300,270,25,0,0,1030,85,35,10,40,0,95,55,0,40,0,135,125,10,0,0,710,690,20,0,0,770,105,35,40,30,0,120,100,10,10,0,125,110,10,4,0,420,415,4,0,0,355,75,45,25,4,0,40,15,15,10,0,55,55,0,0,0,190,190,0,0,0,220,50,30,4,15,0,75,65,10,0,0,20,20,0,0,0,75,75,4,0,0,600,75,15,4,10,0,0,30,15,15,0,0,15,15,0,0,0,10,10,0,0,0,130,65,30,10,30,0,30,25,4,0,0,10,10,0,0,0,25,20,4,0,0,230,105,55,25,25,0,35,15,15,0,0,30,25,4,0,0,60,60,0,0,0,95,25,20,4,0,0,35,10,25,0,0,30,30,0,0,0,4,4,0,0,0,70,15,15,0,0,0,20,20,0,0,0,0,0,0,0,0,40,40,0,0,0,138,136,85,13,19,19,13,19,23,18,14,14,19,18,15,11,13,19,82,81,21,19,19,137,58,25,21,50,19,57,40,19,45,19,49,46,11,19,19,113,112,20,19,19,125,42,26,27,27,19,54,52,14,14,19,42,39,12,8,19,84,85,19,19,19,78,29,28,29,9,19,23,20,20,14,19,29,29,19,19,19,68,68,19,19,19,75,29,27,2,15,19,54,53,15,19,19,20,20,19,19,19,41,41,2,19,19,98,40,22,16,14,19,19,32,21,26,19,19,19,19,19,19,19,15,15,19,19,19,51,41,21,13,26,19,24,25,4,19,19,18,18,19,19,19,22,24,4,19,19,74,45,33,28,28,19,36,24,20,19,19,20,19,10,19,19,35,35,19,19,19,40,24,20,11,19,19,28,14,26,19,19,25,25,19,19,19,2,2,19,19,19,42,16,16,19,19,19,21,21,19,19,19,19,19,19,19,19,33,33,19,19,19
2013thru2017,50,05000US48011,"Armstrong County, Texas",48,11,700,570,60,10,0,0,10,0,4,0,0,4,0,4,4,0,0,0,40,40,0,0,0,85,4,4,0,0,0,10,10,0,0,0,15,15,0,0,0,50,50,0,0,0,150,25,15,0,10,0,4,4,0,4,0,30,30,0,0,0,90,90,0,0,0,150,15,10,0,4,4,15,15,0,0,0,30,30,0,0,0,95,95,0,0,0,125,20,4,4,15,0,20,20,0,0,0,35,35,0,0,0,45,45,0,0,0,135,15,0,0,0,0,0,0,0,0,0,0,0,0,0,0,0,15,15,0,0,0,20,15,0,10,4,4,4,4,0,0,0,0,0,0,0,0,0,0,0,0,0,40,4,0,4,4,0,4,4,0,0,0,4,4,0,0,0,25,25,0,0,0,15,15,10,0,4,0,0,0,0,0,0,0,0,0,0,0,4,4,0,0,0,40,0,0,0,0,0,20,10,10,0,0,20,20,0,0,0,4,4,0,0,0,48,49,27,9,13,13,9,13,3,13,13,3,13,11,11,13,13,13,24,24,13,13,13,33,12,12,13,13,13,12,12,13,13,13,18,18,13,13,13,25,25,13,13,13,45,24,15,13,16,13,13,9,13,5,13,20,20,13,13,13,33,33,13,13,13,41,12,11,13,4,2,14,14,13,13,13,18,18,13,13,13,34,34,13,13,13,41,17,1,13,18,13,16,16,13,13,13,24,24,13,13,13,27,27,13,13,13,41,13,13,13,13,13,13,13,13,13,13,13,13,13,13,13,13,13,13,13,13,13,14,15,13,12,5,13,3,3,13,13,13,13,13,13,13,13,13,13,13,13,13,28,3,13,1,3,13,9,9,13,13,13,2,2,13,13,13,24,24,13,13,13,15,14,15,13,9,13,13,13,13,13,13,13,13,13,13,13,13,13,13,13,13,25,13,13,13,13,13,19,12,15,13,13,22,22,13,13,13,3,3,13,13,13
2013thru2017,50,05000US48013,"Atascosa County, Texas",48,13,15510,11535,3020,285,85,30,170,0,240,215,0,25,0,725,590,135,0,0,1770,1735,35,0,0,4410,730,455,50,190,30,570,475,95,0,0,890,820,55,15,0,2220,2130,75,15,0,2185,500,325,80,60,40,535,475,50,10,0,365,330,35,0,0,785,785,0,0,0,1140,280,150,45,85,0,200,180,15,0,0,180,180,0,0,0,480,480,0,0,0,780,155,90,35,30,0,130,110,4,15,0,100,100,0,0,0,400,400,0,0,0,3970,685,140,50,25,60,0,250,185,65,0,0,100,100,0,0,0,195,195,0,0,0,1390,420,110,130,160,15,225,95,110,20,0,210,190,25,0,0,535,530,4,0,0,1185,370,170,75,125,0,250,85,115,50,0,440,425,15,0,0,125,125,0,0,0,490,165,60,25,50,30,60,40,20,0,0,185,185,0,0,0,85,85,0,0,0,220,80,55,15,15,0,0,0,0,0,0,40,40,0,0,0,100,100,0,0,0,407,438,407,130,80,33,99,28,117,111,28,29,28,208,182,99,28,28,316,310,36,28,28,430,197,158,40,101,48,173,159,60,28,28,236,228,50,28,28,295,301,60,30,28,284,182,151,73,54,44,165,160,36,16,28,150,143,43,28,28,171,171,28,28,28,236,106,76,44,58,28,95,91,26,28,28,102,102,28,28,28,180,180,28,28,28,205,102,86,51,24,28,82,74,13,31,28,94,94,28,28,28,148,148,28,28,28,413,194,88,44,31,96,28,154,135,90,28,28,83,83,28,28,28,123,123,28,28,28,308,192,79,91,116,29,95,69,73,35,28,118,115,29,28,28,202,202,8,28,28,257,169,105,72,104,28,168,74,98,76,28,175,175,26,28,28,71,71,28,28,28,184,81,47,29,55,41,60,47,34,28,28,136,136,28,28,28,101,101,28,28,28,119,82,80,28,25,28,28,28,28,28,28,63,63,28,28,28,89,89,28,28,28
2013thru2017,50,05000US48015,"Austin County, Texas",48,15,11020,8175,2360,195,75,25,70,25,325,205,45,70,0,325,230,60,35,0,1515,1430,60,20,0,2715,510,170,165,100,75,335,230,100,4,0,580,515,35,35,0,1290,1255,35,0,0,1535,205,105,55,45,0,275,265,10,0,0,365,350,10,10,0,695,680,15,0,0,785,215,165,30,10,10,135,125,0,10,0,145,120,25,0,0,290,280,10,0,0,780,125,15,60,50,0,105,105,0,0,0,75,75,0,0,0,470,440,30,0,0,2845,450,295,45,170,75,0,85,35,50,0,0,25,25,0,0,0,50,50,0,0,0,1085,655,175,240,225,15,165,165,4,0,0,110,110,0,0,0,155,155,0,0,0,685,265,55,75,130,0,250,180,60,10,0,120,120,0,0,0,45,45,0,0,0,275,120,4,100,15,0,30,30,0,0,0,75,75,0,0,0,55,55,0,0,0,350,110,4,30,70,0,65,40,25,0,0,55,55,0,0,0,120,120,0,0,0,295,338,246,88,52,27,52,34,127,87,43,76,25,96,87,37,42,25,238,236,39,27,25,266,138,99,90,66,81,107,87,73,4,25,173,161,34,45,25,212,214,29,25,25,229,85,64,43,39,25,137,137,15,25,25,143,138,14,31,25,170,170,23,25,25,207,120,114,30,13,21,80,80,25,15,25,89,77,42,25,25,118,116,20,25,25,156,57,16,43,48,25,59,59,25,25,25,47,47,25,25,25,117,114,40,25,25,328,176,156,42,157,56,25,74,44,59,25,25,29,29,25,25,25,43,43,25,25,25,255,208,87,156,126,24,94,95,25,25,25,75,75,25,25,25,95,95,25,25,25,214,132,39,58,112,25,127,110,80,18,25,92,92,25,25,25,50,50,25,25,25,132,86,4,87,22,25,25,25,25,25,25,83,83,25,25,25,53,53,25,25,25,151,87,11,39,75,25,51,30,40,25,25,50,50,25,25,25,93,93,25,25,25
2013thru2017,50,05000US48017,"Bailey County, Texas",48,17,2230,1610,115,0,0,0,0,0,75,0,75,0,0,10,10,0,0,0,35,35,0,0,0,180,30,20,10,0,0,30,30,0,0,0,20,20,0,0,0,95,95,0,0,0,715,190,4,45,50,95,105,75,35,0,0,165,130,35,0,0,250,250,0,0,0,475,55,15,15,30,0,160,140,10,4,0,135,135,0,0,0,125,125,0,0,0,120,4,4,0,0,0,20,20,0,0,0,40,40,0,0,0,55,55,0,0,0,620,145,10,0,0,10,0,0,0,0,0,0,110,110,0,0,0,25,25,0,0,0,125,45,0,25,10,10,25,25,0,0,0,0,0,0,0,0,60,60,0,0,0,205,25,0,4,20,0,105,65,35,0,0,50,50,0,0,0,25,25,0,0,0,75,20,0,0,20,0,30,30,0,0,0,4,4,0,0,0,20,20,0,0,0,70,70,0,70,0,0,0,0,0,0,0,0,0,0,0,0,0,0,0,0,0,189,255,98,19,19,19,19,19,79,19,79,19,19,17,17,19,19,19,41,41,19,19,19,103,43,38,15,19,19,44,44,19,19,19,38,38,19,19,19,63,63,19,19,19,177,121,2,48,42,117,73,64,49,19,19,98,87,47,19,19,107,107,19,19,19,164,49,25,24,33,19,113,113,22,11,19,76,76,19,19,19,83,83,19,19,19,73,10,10,19,19,19,22,22,19,19,19,47,47,19,19,19,54,54,19,19,19,187,115,19,19,19,19,19,19,19,19,19,19,111,111,19,19,19,42,42,19,19,19,89,40,19,28,23,17,37,37,19,19,19,19,19,19,19,19,68,68,19,19,19,96,35,19,11,32,19,76,59,53,19,19,55,55,19,19,19,32,32,19,19,19,63,33,19,19,33,19,40,40,19,19,19,16,16,19,19,19,32,32,19,19,19,94,94,19,94,19,19,19,19,19,19,19,19,19,19,19,19,19,19,19,19,19
2013thru2017,50,05000US48019,"Bandera County, Texas",48,19,8280,7005,2450,380,45,45,230,60,235,165,60,10,0,470,375,95,0,0,1365,1325,35,10,0,3180,600,295,70,160,80,565,400,105,60,0,630,520,110,0,0,1380,1355,30,0,0,800,110,65,4,35,4,55,35,20,0,0,195,150,25,20,0,440,435,4,0,0,425,135,110,10,15,0,100,85,4,10,0,65,50,15,0,0,130,130,0,0,0,150,40,4,4,30,0,25,20,4,0,0,25,25,0,0,0,65,65,0,0,0,1270,345,205,95,60,55,0,35,25,10,0,0,30,30,0,0,0,80,80,0,0,0,505,125,20,50,35,15,205,150,55,0,0,75,75,0,0,0,95,95,0,0,0,280,130,55,35,25,15,10,4,10,0,0,100,90,10,0,0,40,40,0,0,0,100,50,10,4,30,10,45,40,4,0,0,4,4,0,0,0,0,0,0,0,0,45,30,15,15,0,0,0,0,0,0,0,15,15,0,0,0,0,0,0,0,0,432,379,298,144,29,42,122,73,114,97,57,18,25,143,112,70,25,25,229,223,30,15,25,357,164,127,60,89,64,181,150,77,65,25,190,166,83,25,25,265,262,31,25,25,199,62,44,17,41,1,40,35,25,25,25,110,93,41,39,25,143,141,18,25,25,144,99,98,15,29,25,67,63,19,13,25,43,39,19,25,25,66,66,25,25,25,67,30,25,9,29,25,27,29,3,25,25,32,32,25,25,25,44,44,25,25,25,249,147,127,93,61,67,25,24,19,18,25,25,27,27,25,25,25,65,65,25,25,25,169,75,26,55,28,31,105,84,86,25,25,66,66,25,25,25,63,63,25,25,25,122,91,60,47,32,27,14,4,13,25,25,56,58,12,25,25,37,37,25,25,25,59,38,14,10,28,15,42,42,4,25,25,10,10,25,25,25,25,25,25,25,25,37,28,23,19,25,25,25,25,25,25,25,23,23,25,25,25,25,25,25,25,25
2013thru2017,50,05000US48021,"Bastrop County, Texas",48,21,26015,19910,7925,1290,255,390,520,130,1515,1000,390,125,0,1815,1380,435,0,0,3300,3115,185,0,0,8120,2135,875,395,765,95,1810,1350,370,85,0,1490,1395,80,15,0,2685,2660,25,0,0,2120,510,315,45,125,25,370,350,15,4,0,485,475,10,0,0,760,760,0,0,0,1005,390,220,75,90,0,210,180,30,0,0,165,165,0,0,0,240,235,4,0,0,745,95,30,25,40,0,165,120,30,15,0,120,110,10,0,0,365,350,0,10,0,6105,1415,620,260,150,100,110,240,185,40,15,0,335,315,20,0,0,220,220,0,0,0,2305,1140,240,455,390,55,455,310,115,35,0,380,365,15,0,0,325,325,0,0,0,1425,645,215,150,215,65,320,220,100,0,0,245,245,0,0,0,220,220,0,0,0,490,230,55,30,135,10,140,115,25,0,0,25,25,0,0,0,90,90,0,0,0,470,150,50,35,65,0,165,140,20,10,0,85,85,0,0,0,70,70,0,0,0,596,706,609,298,113,170,156,111,329,276,145,85,31,382,358,142,31,31,410,403,89,31,31,549,321,214,146,232,78,363,305,161,105,31,282,283,64,30,31,410,419,30,31,31,331,176,137,59,71,40,126,124,19,4,31,158,158,19,31,31,231,231,31,31,31,227,172,115,56,91,31,102,107,37,31,31,81,81,31,31,31,116,116,9,31,31,167,62,31,28,46,31,74,63,38,25,31,49,47,17,31,31,141,137,31,21,31,605,337,218,143,119,76,124,121,109,43,31,31,197,190,34,31,31,129,129,31,31,31,413,286,132,190,172,58,157,134,87,53,31,185,181,18,31,31,149,149,31,31,31,316,190,138,89,143,53,157,120,109,31,31,135,135,31,31,31,144,144,31,31,31,164,120,48,33,110,15,112,105,30,31,31,22,22,31,31,31,86,86,31,31,31,157,70,46,37,48,31,110,106,28,14,31,79,79,31,31,31,53,53,31,31,31
2013thru2017,50,05000US48023,"Baylor County, Texas",48,23,1645,1275,80,0,0,0,0,0,0,0,0,0,0,25,25,0,0,0,55,55,0,0,0,240,95,80,0,15,0,10,10,0,0,0,30,30,0,0,0,105,105,0,0,0,375,40,30,4,10,0,110,110,0,0,0,60,60,0,0,0,165,165,0,0,0,315,95,25,25,20,25,120,120,0,0,0,75,75,0,0,0,25,25,0,0,0,265,80,40,35,4,0,30,20,10,0,0,40,40,0,0,0,115,90,20,0,0,370,0,0,0,0,0,0,0,0,0,0,0,0,0,0,0,0,0,0,0,0,0,135,65,20,25,10,4,55,40,10,0,0,20,20,0,0,0,0,0,0,0,0,70,35,20,0,20,0,25,25,0,0,0,0,0,0,0,0,10,10,0,0,0,125,35,20,4,10,0,60,60,0,0,0,10,10,0,0,0,20,20,0,0,0,40,0,0,0,0,0,4,0,4,0,0,35,35,0,0,0,0,0,0,0,0,109,110,57,13,13,13,13,13,13,13,13,13,13,37,37,13,13,13,46,46,13,13,13,90,74,70,13,23,13,20,20,13,13,13,29,29,13,13,13,64,64,13,13,13,95,32,32,9,14,13,60,60,13,13,13,35,35,13,13,13,75,75,13,13,13,75,41,29,24,25,28,52,52,13,13,13,51,51,13,13,13,21,21,13,13,13,94,58,31,48,14,13,26,23,14,13,13,41,41,13,13,13,62,56,26,13,13,89,13,13,13,13,13,13,13,13,13,13,13,13,13,13,13,13,13,13,13,13,13,68,46,24,39,20,13,39,38,21,13,13,30,30,13,13,13,13,13,13,13,13,43,34,23,13,24,13,36,36,13,13,13,13,13,13,13,13,15,15,13,13,13,64,30,24,14,15,13,50,50,13,13,13,14,14,13,13,13,20,20,13,13,13,44,13,13,13,13,13,13,13,13,13,13,44,44,13,13,13,13,13,13,13,13
2013thru2017,50,05000US48025,"Bee County, Texas",48,25,8530,5375,635,80,45,0,35,0,75,55,15,4,0,110,95,15,0,0,370,350,20,0,0,1320,160,45,65,40,10,225,145,65,10,0,320,320,4,0,0,610,610,0,0,0,2035,395,195,85,85,30,335,295,25,20,0,430,425,4,0,0,870,850,20,0,0,1070,375,130,100,130,20,165,135,30,0,0,155,150,4,0,0,375,375,0,0,0,315,50,25,0,25,0,115,65,50,0,0,25,20,4,0,0,125,125,0,0,0,3155,400,70,4,15,55,0,55,0,55,0,0,120,40,80,0,0,150,150,0,0,0,715,300,30,95,110,60,75,50,25,0,0,85,50,35,0,0,255,255,0,0,0,1465,575,120,125,330,0,245,95,150,0,0,315,295,15,0,0,330,330,0,0,0,515,210,55,130,25,0,50,40,10,0,0,155,155,0,0,0,95,95,0,0,0,65,30,15,0,0,15,0,0,0,0,0,25,25,0,0,0,10,10,0,0,0,297,333,166,72,59,28,46,28,49,44,24,13,28,60,48,27,28,28,133,133,26,28,28,206,66,36,47,43,16,77,66,56,25,28,138,136,3,28,28,157,157,28,28,28,295,110,78,68,60,33,146,136,29,32,28,131,130,28,28,28,212,212,24,28,28,276,149,65,96,94,24,98,92,32,28,28,170,170,3,28,28,132,132,28,28,28,100,40,25,28,28,28,54,48,35,28,28,23,20,10,28,28,68,68,28,28,28,349,160,65,3,23,63,28,72,28,72,28,28,109,35,104,28,28,109,109,28,28,28,233,151,40,119,84,58,66,48,37,28,28,60,43,42,28,28,127,127,28,28,28,295,205,71,103,173,28,111,63,94,28,28,119,113,30,28,28,171,171,28,28,28,188,141,46,129,24,28,46,46,20,28,28,130,130,28,28,28,58,58,28,28,28,56,36,24,28,28,28,28,28,28,28,28,38,38,28,28,28,14,14,28,28,28
2013thru2017,50,05000US48027,"Bell County, Texas",48,27,116395,63765,25750,1845,170,315,1165,200,2615,790,1245,585,0,4530,3030,1250,250,0,16755,15930,760,65,0,19800,2515,670,590,805,450,2370,1360,765,245,0,3750,3350,370,30,0,11170,11025,115,30,0,12335,1895,505,440,835,115,1820,1310,345,165,0,2660,2315,270,75,0,5960,5795,125,40,0,4410,955,425,270,200,65,830,735,85,10,0,990,925,60,4,0,1640,1575,65,0,0,1470,350,140,105,90,10,245,180,60,4,0,185,160,25,0,0,690,605,90,0,0,52630,15615,2960,460,625,1650,230,2680,845,1605,235,0,3915,3075,790,50,0,6060,5940,120,0,0,17895,5535,660,1575,2925,375,3985,1725,2060,200,0,4075,3500,525,45,0,4305,4260,35,10,0,14445,5345,880,1555,2610,295,3655,2325,1235,100,0,3095,2720,365,10,0,2355,2335,15,0,0,3550,1355,205,300,695,160,860,530,315,15,0,825,720,105,0,0,510,510,0,0,0,1120,625,40,330,250,0,185,125,60,4,0,130,130,4,0,0,185,165,15,0,0,1464,1309,1016,362,86,147,323,100,413,182,328,218,31,489,410,231,106,31,771,774,188,77,31,849,409,209,153,176,190,274,210,167,128,31,457,439,122,33,31,639,649,79,34,31,691,252,118,147,208,59,235,171,117,86,31,291,281,80,89,31,494,487,79,59,31,404,177,128,82,82,56,194,186,52,16,31,162,166,43,10,31,268,265,46,31,31,219,111,66,58,56,16,68,74,38,2,31,75,69,32,31,31,191,160,78,31,31,1198,925,389,201,235,335,93,395,292,310,110,31,531,503,270,64,31,631,628,94,31,31,913,518,170,313,407,148,502,338,386,103,31,506,443,201,41,31,521,520,31,17,31,847,483,217,285,376,131,505,406,302,58,31,410,387,146,13,31,318,316,21,31,31,405,217,88,112,164,99,185,148,102,12,31,212,196,59,31,31,155,155,31,31,31,222,178,28,127,104,31,83,69,52,3,31,99,101,15,31,31,81,80,25,31,31
2013thru2017,50,05000US48029,"Bexar County, Texas",48,29,627890,368815,102670,7815,1225,1840,4225,520,9680,3615,4515,1550,0,17700,12185,4650,865,0,67480,63805,3355,320,0,105860,13910,3635,3095,6245,930,13385,7660,4305,1420,0,18845,14790,3395,655,0,59720,57575,1830,310,0,86935,17580,6365,4220,6315,680,15725,11235,3880,610,0,18020,16055,1855,105,0,35610,34815,725,70,0,55610,14600,6495,3365,4070,675,12205,10030,1830,350,0,11230,10540,590,100,0,17575,17200,355,20,0,17740,4970,2255,1150,1335,230,3230,2540,495,195,0,3330,3150,105,75,0,6210,5960,225,25,0,259070,67520,19825,2470,4495,11080,1775,11550,3835,6480,1235,0,14215,11115,2875,225,0,21930,21250,605,75,0,84780,29215,3450,7965,15635,2170,19610,8645,9710,1255,0,16935,14485,2330,120,0,19015,18520,455,45,0,66800,29610,4205,8880,14840,1680,15435,8305,6135,995,0,11290,10410,860,20,0,10465,10305,160,0,0,28075,14090,2780,4155,6495,665,5915,3885,1875,150,0,4800,4385,375,40,0,3270,3265,4,0,0,11900,5655,1215,1490,2595,355,2240,1530,615,90,0,1895,1655,220,20,0,2110,2090,10,10,0,2209,2619,1829,551,247,325,407,171,737,445,512,285,31,888,767,433,180,31,1677,1603,446,141,31,1749,861,399,391,505,217,724,546,441,259,31,893,709,466,195,31,1576,1559,300,115,31,1748,782,425,461,584,148,872,739,432,164,31,792,775,300,54,31,1227,1249,196,49,31,1365,692,471,441,390,157,636,582,318,133,31,647,602,173,64,31,974,957,122,17,31,732,430,309,217,226,73,369,332,113,82,31,373,356,61,90,31,494,487,83,34,31,2593,1727,969,314,439,741,403,740,483,637,271,31,961,883,395,117,31,1129,1112,212,50,31,1946,1179,359,708,874,395,1030,781,743,304,31,984,909,379,73,31,979,952,191,59,31,1610,1350,420,679,953,342,1052,721,650,273,31,740,722,260,26,31,710,698,101,31,31,1057,819,332,472,630,211,471,419,311,64,31,529,486,154,39,31,441,441,7,31,31,635,487,225,270,306,130,349,287,185,56,31,361,320,115,17,31,284,286,10,19,31
2013thru2017,50,05000US48031,"Blanco County, Texas",48,31,4230,3240,1205,170,30,4,135,0,120,75,30,15,0,240,205,15,20,0,675,645,30,0,0,1260,260,85,90,65,20,220,175,40,4,0,210,170,25,15,0,570,545,30,0,0,310,50,15,15,20,0,35,15,20,0,0,125,120,4,0,0,105,105,0,0,0,265,95,70,4,15,4,60,40,10,4,0,30,30,0,0,0,85,85,0,0,0,200,35,15,10,10,4,30,10,15,0,0,30,20,10,0,0,110,110,0,0,0,990,275,45,15,25,0,0,55,15,40,0,0,90,90,0,0,0,85,85,0,0,0,275,95,10,25,50,10,105,105,0,0,0,55,55,0,0,0,20,20,0,0,0,225,85,35,20,30,0,35,30,10,0,0,55,55,0,0,0,45,45,0,0,0,100,55,30,10,15,0,35,15,20,0,0,4,4,0,0,0,4,4,0,0,0,115,15,4,4,4,0,35,35,0,0,0,35,35,0,0,0,30,30,0,0,0,261,234,169,99,30,1,92,21,55,50,32,23,21,94,90,23,31,21,142,142,34,21,21,253,101,62,68,42,23,106,93,33,10,21,86,88,22,28,21,167,167,27,21,21,112,37,23,17,26,21,29,17,24,21,21,79,78,4,21,21,78,78,21,21,21,77,52,47,4,19,21,33,29,12,13,21,25,25,21,21,21,37,37,21,21,21,80,32,20,15,20,4,30,15,30,21,21,29,23,14,21,21,65,65,21,21,21,204,109,41,24,32,21,21,46,26,41,21,21,63,63,21,21,21,59,59,21,21,21,97,45,11,22,39,16,63,63,21,21,21,57,57,21,21,21,28,28,21,21,21,83,53,23,27,37,21,36,33,16,21,21,37,37,21,21,21,37,37,21,21,21,64,48,34,16,24,21,34,21,27,21,21,9,9,21,21,21,21,21,21,21,21,72,17,5,8,12,21,41,41,21,21,21,38,38,21,21,21,33,33,21,21,21
2013thru2017,50,05000US48033,"Borden County, Texas",48,33,250,185,35,0,0,0,0,0,4,4,0,0,0,10,10,4,0,0,20,20,0,0,0,30,4,4,0,4,4,10,10,0,0,0,4,4,0,0,0,10,10,0,0,0,70,4,4,4,0,0,0,0,0,0,0,4,4,0,0,0,55,55,0,0,0,30,4,4,0,0,4,0,0,0,0,0,4,4,0,0,0,20,20,0,0,0,15,4,0,0,4,0,4,0,4,0,0,0,0,0,0,0,10,10,0,0,0,65,15,0,0,0,0,0,0,0,0,0,0,15,15,0,0,0,4,4,0,0,0,25,4,0,4,0,0,10,10,0,0,0,4,4,0,0,0,4,4,0,0,0,15,0,0,0,0,0,4,4,0,0,0,10,10,0,0,0,4,4,0,0,0,10,0,0,0,0,0,0,0,0,0,0,4,4,0,0,0,4,4,0,0,0,0,0,0,0,0,0,0,0,0,0,0,0,0,0,0,0,0,0,0,0,0,37,40,20,13,13,13,13,13,2,2,13,13,13,17,14,1,13,13,15,15,13,13,13,13,12,2,13,13,13,9,9,13,13,13,4,4,13,13,13,13,13,13,13,13,31,17,9,3,13,13,13,13,13,13,13,11,11,13,13,13,30,30,13,13,13,13,8,13,13,13,13,13,13,13,13,13,13,13,13,13,13,13,13,13,13,13,10,13,13,13,13,13,1,13,1,13,13,13,13,13,13,13,9,9,13,13,13,21,18,13,13,13,13,13,13,13,13,13,13,13,13,13,13,13,13,13,13,13,13,17,1,13,1,13,13,13,13,13,13,13,11,11,13,13,13,12,12,13,13,13,12,13,13,13,13,13,1,1,13,13,13,14,14,13,13,13,13,13,13,13,13,15,13,13,13,13,13,13,13,13,13,13,13,13,13,13,13,13,13,13,13,13,13,13,13,13,13,13,13,13,13,13,13,13,13,13,13,13,13,13,13,13,13
2013thru2017,50,05000US48035,"Bosque County, Texas",48,35,7025,5435,950,95,10,25,65,0,140,100,25,20,0,150,75,55,20,0,560,510,55,0,0,1595,230,115,35,55,25,260,220,20,20,0,280,225,50,4,0,825,820,4,0,0,1570,290,70,105,115,4,240,195,30,15,0,285,275,10,0,0,760,715,15,25,0,745,155,65,60,30,0,135,125,4,10,0,240,215,25,0,0,215,215,0,0,0,575,100,55,30,15,4,125,105,20,0,0,85,65,10,10,0,265,265,0,0,0,1590,170,40,20,10,10,0,35,25,10,0,0,30,30,0,0,0,70,70,0,0,0,450,175,85,40,45,10,140,95,45,0,0,75,75,0,0,0,55,55,0,0,0,565,235,80,40,100,15,110,85,20,4,0,115,115,0,0,0,105,105,0,0,0,250,45,10,4,30,0,40,40,0,4,0,70,70,0,0,0,95,95,0,0,0,160,45,15,4,25,0,50,40,10,0,0,30,30,0,0,0,35,35,0,0,0,224,183,124,39,12,22,35,21,50,43,23,20,21,60,29,47,27,21,114,110,32,21,21,178,75,52,33,31,25,76,70,18,21,21,72,65,38,21,21,141,141,1,21,21,180,85,34,46,51,3,85,78,20,15,21,65,62,14,21,21,134,131,31,23,21,145,66,43,42,23,21,61,60,3,14,21,71,68,20,21,21,66,66,21,21,21,93,41,29,28,15,21,51,47,21,21,21,34,32,15,14,21,75,75,21,21,21,182,60,26,15,19,15,21,31,27,14,21,21,24,24,21,21,21,44,44,21,21,21,102,65,47,27,43,15,52,43,38,21,21,38,38,21,21,21,36,36,21,21,21,117,74,49,24,44,17,48,42,25,21,21,61,61,21,21,21,50,50,21,21,21,88,24,13,5,22,21,38,40,21,21,21,35,35,21,21,21,57,57,21,21,21,61,27,15,7,24,21,43,39,21,21,21,21,21,21,21,21,23,23,21,21,21
2013thru2017,50,05000US48037,"Bowie County, Texas",48,37,33170,21585,4165,580,165,195,205,15,335,210,50,75,0,700,580,110,10,0,2550,2435,105,15,0,6775,810,305,165,280,60,945,615,280,55,0,1310,1095,215,0,0,3705,3660,45,0,0,7550,1165,505,315,220,125,1200,815,250,135,0,1430,1160,270,0,0,3755,3720,35,0,0,2285,545,185,80,225,60,460,330,95,35,0,500,385,115,4,0,775,765,10,0,0,810,150,40,25,85,0,130,60,35,35,0,215,215,0,0,0,315,290,25,0,0,11590,2755,1120,160,215,655,85,695,340,355,0,0,375,300,60,15,0,565,565,0,0,0,3270,1205,175,500,505,25,595,420,175,0,0,535,475,60,0,0,935,865,70,0,0,3410,1395,195,355,740,110,870,460,410,0,0,460,460,0,0,0,690,690,0,0,0,1435,780,100,95,565,20,245,185,55,4,0,235,215,20,0,0,180,135,45,0,0,715,240,65,60,55,65,175,115,60,0,0,55,55,0,0,0,245,245,0,0,0,604,608,407,156,73,84,111,24,143,108,53,63,31,193,180,96,14,31,295,304,66,23,31,552,201,99,138,104,45,212,167,140,52,31,259,236,98,31,31,371,366,42,31,31,571,260,194,129,94,114,283,199,144,113,31,303,247,160,31,31,387,385,40,31,31,323,167,81,60,126,50,126,105,76,37,31,154,136,85,5,31,202,200,15,31,31,174,81,34,32,61,31,90,51,59,53,31,80,80,31,31,31,102,98,28,31,31,628,377,275,72,112,241,94,230,155,161,31,31,156,146,53,34,31,152,152,31,31,31,422,284,97,187,176,31,197,159,109,31,31,187,176,59,31,31,247,248,63,31,31,391,285,98,145,200,76,198,155,142,31,31,148,148,31,31,31,170,170,31,31,31,284,238,67,58,204,24,89,77,36,31,31,130,129,25,31,31,85,67,68,31,31,233,121,48,64,54,61,109,90,61,31,31,36,36,31,31,31,155,155,31,31,31
2013thru2017,50,05000US48039,"Brazoria County, Texas",48,39,117090,84215,31530,3205,835,640,1450,280,3850,2265,1160,425,0,6035,4635,1315,85,0,18445,17915,530,0,0,25660,4375,2070,1065,1065,175,4085,3210,770,100,0,4650,4305,345,0,0,12545,12445,105,0,0,18915,4415,2300,890,1035,190,3530,3055,410,65,0,3845,3595,255,0,0,7125,7055,70,0,0,7125,2005,1040,450,440,75,1450,1310,130,4,0,1635,1625,10,0,0,2035,2035,4,0,0,985,435,255,120,40,15,125,125,4,0,0,165,155,10,0,0,260,255,4,0,0,32870,10200,2840,330,800,1580,135,2025,980,895,150,0,2495,2125,370,0,0,2840,2745,95,0,0,10705,4705,1165,1210,2160,170,2335,1645,690,0,0,1600,1535,65,0,0,2065,2045,20,0,0,7680,3490,1190,880,1330,95,2095,1880,210,10,0,1275,1255,15,0,0,820,820,0,0,0,3695,1475,555,280,550,95,855,705,145,4,0,830,830,0,0,0,535,535,0,0,0,595,325,165,65,20,75,75,75,0,0,0,95,95,0,0,0,100,100,0,0,0,970,1397,1103,453,208,185,374,131,647,494,406,190,31,674,625,474,96,31,986,986,182,31,31,1006,518,411,260,214,109,506,447,232,75,31,510,488,136,31,31,762,759,91,31,31,934,424,318,203,207,96,413,372,160,52,31,477,436,126,31,31,547,549,63,31,31,657,249,198,139,136,43,253,233,89,14,31,324,323,15,31,31,384,386,3,31,31,189,130,99,82,39,18,46,50,31,31,31,78,77,16,31,31,104,102,11,31,31,1307,874,525,197,218,394,100,482,337,331,177,31,574,582,163,31,31,676,656,145,31,31,923,655,389,261,491,113,396,309,230,31,31,377,376,63,31,31,468,466,35,31,31,640,417,299,221,296,64,408,395,101,15,31,313,308,31,31,31,231,231,31,31,31,552,374,189,136,241,54,213,194,90,4,31,256,256,31,31,31,237,237,31,31,31,250,227,188,59,23,83,45,45,31,31,31,58,58,31,31,31,65,65,31,31,31
2013thru2017,50,05000US48041,"Brazos County, Texas",48,41,77480,35245,12390,1250,170,180,755,145,1230,505,410,315,0,1725,1025,555,140,0,8185,7735,395,60,0,11800,1570,515,330,640,75,1370,895,280,195,0,1925,1630,270,25,0,6940,6770,170,0,0,7180,1285,400,285,480,115,990,625,320,45,0,1050,940,90,20,0,3860,3740,120,0,0,2895,535,250,100,170,15,505,315,175,15,0,720,615,60,45,0,1135,1120,15,0,0,980,120,60,50,15,0,205,105,75,20,0,125,125,0,0,0,530,485,35,10,0,42235,12425,6465,355,400,5145,565,2155,690,715,750,0,1520,835,600,85,0,2285,2225,60,0,0,16615,6960,630,1480,4365,485,3825,1645,1760,420,0,2905,2610,250,45,0,2930,2885,45,0,0,10285,4605,200,1040,2945,425,2130,1120,940,70,0,1840,1695,150,0,0,1710,1700,0,10,0,2305,1045,155,160,660,70,555,295,245,20,0,340,320,20,0,0,360,360,0,0,0,605,320,100,60,125,35,80,60,15,0,0,70,20,0,50,0,135,135,0,0,0,830,690,563,251,97,73,211,103,262,167,163,142,31,310,243,155,83,31,449,428,132,38,31,584,277,142,130,192,57,251,220,110,102,31,296,264,122,32,31,440,431,82,31,31,501,299,161,161,170,72,225,172,139,41,31,225,210,63,34,31,370,379,61,31,31,339,155,106,69,78,22,150,107,106,26,31,225,197,66,67,31,224,224,24,31,31,232,106,78,66,16,31,105,77,86,22,31,93,93,31,31,31,140,140,28,15,31,934,768,652,147,146,571,188,356,240,200,211,31,354,241,214,104,31,416,413,51,31,31,887,676,152,269,568,176,456,321,291,179,31,427,408,102,38,31,470,467,45,31,31,670,531,90,227,439,164,353,233,266,51,31,300,288,84,31,31,344,343,31,19,31,379,249,100,100,194,81,186,137,130,24,31,134,136,22,31,31,145,145,31,31,31,173,132,75,54,75,42,49,44,21,31,31,82,20,31,78,31,96,96,31,31,31
2013thru2017,50,05000US48043,"Brewster County, Texas",48,43,3930,2155,380,60,40,4,15,0,55,30,25,0,0,55,35,20,0,0,210,200,0,15,0,650,160,90,30,40,0,125,55,0,70,0,55,55,0,0,0,310,265,45,0,0,510,70,40,0,25,10,65,55,0,4,0,80,80,0,0,0,295,295,0,0,0,360,90,75,0,15,0,50,50,0,0,0,95,95,0,0,0,125,125,0,0,0,255,30,30,0,0,0,55,40,15,0,0,70,60,10,0,0,100,100,0,0,0,1775,230,35,35,0,0,0,40,15,25,0,0,100,85,15,0,0,55,55,0,0,0,585,145,55,50,35,0,205,100,105,0,0,95,75,25,0,0,140,140,0,0,0,555,195,80,35,80,0,110,55,55,0,0,210,190,20,0,0,45,45,0,0,0,175,70,30,15,25,0,35,4,25,0,0,15,15,0,0,0,55,55,0,0,0,235,75,15,15,45,0,125,125,0,0,0,30,25,4,0,0,10,10,0,0,0,236,205,96,34,30,8,21,19,39,30,27,19,19,41,34,29,19,19,84,83,19,21,19,161,90,57,42,51,19,66,35,19,62,19,44,44,19,19,19,105,93,47,19,19,123,37,27,19,22,17,54,54,19,12,19,52,52,19,19,19,100,100,19,19,19,124,66,60,19,28,19,42,42,19,19,19,63,63,19,19,19,67,67,19,19,19,91,22,22,19,19,19,43,30,29,19,19,40,36,15,19,19,69,69,19,19,19,236,111,37,37,19,19,19,33,15,29,19,19,94,93,25,19,19,48,48,19,19,19,143,64,60,45,36,19,84,66,57,19,19,77,71,34,19,19,76,76,19,19,19,148,113,79,44,66,19,60,42,49,19,19,103,99,34,19,19,39,39,19,19,19,89,46,32,29,21,19,42,14,44,19,19,16,16,19,19,19,54,54,19,19,19,109,61,19,25,51,19,88,88,19,19,19,27,26,2,19,19,14,14,19,19,19
2013thru2017,50,05000US48045,"Briscoe County, Texas",48,45,665,505,45,4,4,4,4,0,4,0,4,0,0,4,4,0,0,0,30,30,0,0,0,40,4,4,0,4,0,4,4,4,0,0,10,10,0,0,0,15,15,0,0,0,150,15,10,4,0,4,65,55,4,0,0,20,20,4,0,0,55,55,0,0,0,185,50,35,4,4,4,30,30,0,0,0,50,50,0,0,0,55,55,0,0,0,80,25,15,4,4,0,20,20,4,0,0,15,15,0,0,0,20,20,0,0,0,160,4,4,0,0,4,0,0,0,0,0,0,0,0,0,0,0,0,0,0,0,0,15,0,0,0,0,0,4,4,0,0,0,0,0,0,0,0,4,4,0,0,0,60,25,10,4,10,0,15,15,0,0,0,4,4,0,0,0,15,15,0,0,0,65,15,4,4,10,0,15,15,0,0,0,15,15,0,0,0,15,15,0,0,0,20,0,0,0,0,0,4,4,0,0,0,15,15,0,0,0,0,0,0,0,0,54,57,25,4,3,13,5,13,13,13,13,13,13,15,15,13,13,13,20,20,13,13,13,15,16,9,13,2,13,14,8,13,13,13,11,11,13,13,13,10,10,13,13,13,36,10,13,13,13,1,30,27,15,13,13,14,15,4,13,13,22,22,13,13,13,43,22,24,8,13,13,18,18,13,13,13,28,28,13,13,13,26,26,13,13,13,31,17,16,6,13,13,16,18,3,13,13,13,13,13,13,13,18,18,13,13,13,42,3,3,13,13,3,13,13,13,13,13,13,13,13,13,13,13,13,13,13,13,13,15,13,13,13,13,13,12,12,13,13,13,13,13,13,13,13,6,6,13,13,13,25,18,11,8,16,13,14,14,13,13,13,9,9,13,13,13,15,15,13,13,13,28,13,2,13,11,13,19,19,13,13,13,13,13,13,13,13,15,15,13,13,13,19,13,13,13,13,13,13,13,13,13,13,19,19,13,13,13,13,13,13,13,13
2013thru2017,50,05000US48047,"Brooks County, Texas",48,47,2020,1245,235,100,60,15,25,0,15,15,0,0,0,40,20,20,0,0,85,55,30,0,0,230,90,50,4,25,10,20,20,0,0,0,45,45,0,0,0,75,75,0,0,0,375,85,35,35,15,0,105,105,0,0,0,45,45,0,0,0,135,130,4,0,0,330,140,65,25,45,0,35,35,0,0,0,40,35,4,0,0,120,120,0,0,0,70,25,15,10,0,0,15,15,0,0,0,4,4,0,0,0,20,20,0,0,0,780,130,85,20,0,65,0,20,20,0,0,0,15,15,0,0,0,10,10,0,0,0,205,150,65,50,4,25,40,35,4,0,0,4,4,0,0,0,10,10,0,0,0,300,195,40,15,90,45,75,75,0,0,0,30,30,0,0,0,0,0,0,0,0,130,65,55,0,10,4,40,35,4,0,0,0,0,0,0,0,30,30,0,0,0,15,15,0,0,15,0,0,0,0,0,0,0,0,0,0,0,0,0,0,0,0,232,165,81,61,54,20,24,19,23,23,19,19,19,39,26,26,19,19,63,42,46,19,19,82,52,40,4,29,14,22,22,19,19,19,39,39,19,19,19,43,43,19,19,19,102,55,39,42,19,19,51,51,19,19,19,34,34,19,19,19,70,69,11,19,19,118,64,39,33,43,19,38,38,19,19,19,36,35,7,19,19,64,64,19,19,19,48,25,26,15,19,19,22,22,19,19,19,12,12,19,19,19,29,29,19,19,19,151,73,63,23,19,61,19,35,35,19,19,19,20,20,19,19,19,15,15,19,19,19,89,76,65,60,11,45,36,33,11,19,19,12,12,19,19,19,20,20,19,19,19,98,92,42,17,61,54,66,66,19,19,19,41,41,19,19,19,19,19,19,19,19,55,46,47,19,16,5,37,36,7,19,19,19,19,19,19,19,23,23,19,19,19,24,24,19,19,24,19,19,19,19,19,19,19,19,19,19,19,19,19,19,19,19
2013thru2017,50,05000US48049,"Brown County, Texas",48,49,13835,10040,1465,280,4,85,170,20,220,175,30,15,0,320,270,40,10,0,645,625,15,0,0,2795,450,125,125,195,4,480,365,100,20,0,495,480,15,0,0,1370,1315,55,0,0,2840,390,145,105,125,10,435,325,90,25,0,530,480,40,10,0,1480,1470,10,0,0,2070,525,165,180,135,50,600,370,220,10,0,295,295,0,0,0,645,645,0,0,0,870,215,75,80,55,4,165,95,55,20,0,235,225,10,0,0,260,260,0,0,0,3795,445,190,30,90,40,30,115,20,75,15,0,85,85,0,0,0,60,60,0,0,0,900,390,20,135,130,105,125,85,40,0,0,140,140,0,0,0,245,245,0,0,0,1135,430,130,175,115,15,260,195,70,0,0,190,160,30,0,0,255,255,0,0,0,1045,410,85,170,120,40,280,135,105,35,0,120,120,0,0,0,230,230,0,0,0,275,65,35,25,4,0,50,25,20,0,0,90,85,4,0,0,70,70,0,0,0,401,342,206,122,16,56,90,21,100,96,22,19,28,108,97,27,12,28,125,128,20,28,28,223,112,53,72,90,5,135,116,56,19,28,124,118,20,28,28,178,179,36,28,28,261,98,62,52,47,12,113,106,44,24,28,134,126,37,13,28,171,171,15,28,28,256,158,80,94,98,49,163,128,101,19,28,93,93,28,28,28,133,133,28,28,28,133,85,58,60,44,9,64,58,42,23,28,81,81,14,28,28,85,85,28,28,28,330,120,75,24,62,24,44,66,25,59,25,28,63,63,28,28,28,51,51,28,28,28,204,149,32,69,86,94,59,51,27,28,28,75,75,28,28,28,90,90,28,28,28,199,121,55,92,52,20,93,85,53,28,28,92,88,37,28,28,90,90,28,28,28,158,126,42,88,78,31,103,78,82,49,28,53,53,28,28,28,103,103,28,28,28,84,51,40,32,16,28,35,23,28,28,28,46,46,9,28,28,47,47,28,28,28
2013thru2017,50,05000US48051,"Burleson County, Texas",48,51,6565,5125,1260,80,30,30,15,10,140,90,45,0,0,255,190,35,25,0,790,750,15,25,0,2145,410,280,25,70,35,385,360,0,30,0,500,480,20,0,0,845,835,10,0,0,1130,255,95,30,90,40,195,165,25,4,0,195,180,15,0,0,480,480,0,0,0,285,100,65,15,10,10,30,30,0,0,0,40,40,0,0,0,115,115,0,0,0,310,60,25,0,4,30,60,50,0,10,0,100,90,0,10,0,90,90,0,0,0,1440,180,85,20,0,65,0,25,25,0,0,0,60,60,0,0,0,15,15,0,0,0,365,100,20,35,25,15,30,30,0,0,0,90,90,0,0,0,150,150,0,0,0,515,230,115,30,75,15,100,75,25,0,0,70,70,0,0,0,110,110,0,0,0,220,115,30,70,10,0,25,15,4,0,0,4,4,0,0,0,80,80,0,0,0,160,60,10,10,40,0,25,25,0,0,0,10,10,0,0,0,65,65,0,0,0,283,309,209,41,24,28,17,14,66,58,35,21,21,81,72,32,25,21,184,182,24,24,21,262,147,116,21,49,45,101,100,21,30,21,131,128,29,21,21,184,180,16,21,21,170,101,45,32,72,48,88,79,37,4,21,64,57,25,21,21,127,127,21,21,21,82,53,47,22,17,15,25,25,21,21,21,41,41,21,21,21,52,52,21,21,21,103,51,28,21,4,45,39,37,21,15,21,53,54,21,21,21,53,53,21,21,21,246,103,83,35,21,76,21,27,27,21,21,21,55,55,21,21,21,17,17,21,21,21,121,66,22,42,27,28,29,29,21,21,21,60,60,21,21,21,91,91,21,21,21,158,101,70,34,63,25,77,70,29,21,21,53,53,21,21,21,78,78,21,21,21,100,81,35,69,19,21,23,19,15,21,21,2,2,21,21,21,57,57,21,21,21,77,41,17,19,39,21,32,32,21,21,21,17,17,21,21,21,59,59,21,21,21
2013thru2017,50,05000US48053,"Burnet County, Texas",48,53,16545,12610,4200,410,160,40,200,15,400,275,105,15,0,910,600,265,45,0,2480,2125,275,75,0,4565,730,335,195,180,20,770,570,165,35,0,965,840,115,10,0,2100,1975,125,4,0,2845,490,170,190,130,0,540,375,140,25,0,425,390,35,0,0,1390,1360,25,4,0,615,100,55,30,20,0,155,155,0,0,0,60,45,15,0,0,300,300,0,0,0,385,90,75,0,15,0,100,60,40,0,0,65,50,20,0,0,130,130,0,0,0,3935,1395,575,180,185,205,0,285,120,125,40,0,215,190,30,0,0,320,320,0,0,0,880,260,30,90,115,30,260,205,60,0,0,110,75,35,0,0,245,245,0,0,0,1295,560,40,240,270,15,285,220,65,4,0,285,285,0,0,0,165,165,0,0,0,210,35,0,10,20,0,40,4,35,0,0,80,80,0,0,0,55,55,0,0,0,150,10,0,0,10,0,10,10,0,0,0,0,0,0,0,0,130,130,0,0,0,588,577,394,137,105,31,96,23,141,110,90,28,28,234,196,115,43,28,347,295,122,89,28,519,250,147,153,93,29,247,207,137,25,28,241,236,66,11,28,313,318,101,4,28,389,204,106,121,98,28,189,142,93,25,28,153,146,34,28,28,277,271,26,4,28,183,70,54,31,32,28,93,93,28,28,28,48,43,23,28,28,143,143,28,28,28,133,71,68,28,23,28,92,79,52,28,28,48,39,25,28,28,65,65,28,28,28,454,279,150,81,84,116,28,154,105,94,67,28,129,124,39,28,28,194,194,28,28,28,254,119,27,77,85,36,151,136,63,28,28,56,44,38,28,28,131,131,28,28,28,299,179,46,125,186,24,144,119,72,4,28,185,185,28,28,28,111,111,28,28,28,93,34,28,21,28,28,47,11,47,28,28,64,64,28,28,28,54,54,28,28,28,110,16,28,28,16,28,20,20,28,28,28,28,28,28,28,28,105,105,28,28,28
2013thru2017,50,05000US48055,"Caldwell County, Texas",48,55,12895,8670,2815,620,290,90,230,10,605,490,110,10,0,585,570,15,0,0,1000,1000,0,0,0,2725,525,230,65,180,45,570,455,85,30,0,580,505,75,0,0,1050,1020,30,0,0,1300,335,165,120,25,25,295,265,25,4,0,305,300,10,0,0,360,360,0,0,0,990,450,275,110,65,4,190,190,0,0,0,155,155,0,0,0,195,195,0,0,0,845,175,110,20,35,10,80,45,35,0,0,220,220,0,0,0,365,365,0,0,0,4220,990,465,115,210,130,10,310,270,40,0,0,175,170,0,4,0,40,40,0,0,0,1490,800,195,240,335,25,270,210,45,15,0,300,300,0,0,0,125,125,0,0,0,860,410,80,135,140,50,160,125,35,0,0,170,150,20,0,0,120,120,0,0,0,460,175,35,95,45,0,185,185,0,0,0,50,50,0,0,0,50,40,4,0,0,425,315,75,70,170,0,40,25,20,0,0,25,25,0,0,0,40,40,0,0,0,350,386,289,164,150,58,88,17,188,170,62,14,28,146,144,13,28,28,161,161,28,28,28,269,153,114,62,71,52,166,147,66,42,28,152,135,67,28,28,183,176,43,28,28,219,106,75,73,25,25,110,107,25,7,28,121,122,14,28,28,116,116,28,28,28,215,185,160,79,59,5,91,91,28,28,28,87,87,28,28,28,86,86,28,28,28,212,97,84,25,31,18,48,32,37,28,28,110,110,28,28,28,153,153,28,28,28,384,261,188,75,142,91,14,142,129,49,28,28,107,108,28,13,28,37,37,28,28,28,220,220,120,123,147,43,100,88,36,27,28,112,112,28,28,28,53,53,28,28,28,230,150,56,83,84,59,84,74,54,28,28,111,105,33,28,28,88,88,28,28,28,157,104,52,86,48,28,137,137,28,28,28,38,38,28,28,28,54,53,16,28,28,194,180,52,50,148,28,33,25,27,28,28,27,27,28,28,28,43,43,28,28,28
2013thru2017,50,05000US48057,"Calhoun County, Texas",48,57,7735,5460,1055,90,40,4,40,0,185,140,35,10,0,135,60,75,0,0,645,625,20,0,0,1595,175,135,25,10,0,235,200,15,20,0,300,265,35,0,0,885,885,0,0,0,1595,180,90,4,85,0,260,150,95,20,0,380,315,55,15,0,775,765,15,0,0,1060,230,100,105,25,4,210,200,10,0,0,175,115,50,10,0,445,445,0,0,0,155,25,15,0,10,0,15,4,10,0,0,80,80,0,0,0,40,40,0,0,0,2275,215,100,10,35,60,0,40,35,4,0,0,30,30,0,0,0,45,10,0,35,0,845,295,190,65,45,0,240,140,60,35,0,70,70,0,0,0,240,240,0,0,0,645,220,80,30,110,0,110,110,0,0,0,40,40,0,0,0,270,270,0,0,0,460,200,60,75,45,20,65,25,40,0,0,80,70,0,4,0,120,120,0,0,0,110,4,4,0,0,0,75,40,35,0,0,0,0,0,0,0,30,30,0,0,0,330,286,212,52,41,17,36,25,92,79,54,14,25,84,45,71,25,25,167,167,27,25,25,301,61,59,31,16,25,122,109,29,30,25,127,125,32,25,25,231,231,25,25,25,247,81,58,2,68,25,109,85,61,28,25,128,118,51,24,25,197,195,23,25,25,181,94,55,68,24,4,89,88,14,25,25,81,59,57,14,25,94,94,25,25,25,89,22,19,25,15,25,19,9,16,25,25,75,75,25,25,25,40,40,25,25,25,290,96,72,15,46,54,25,35,36,4,25,25,35,35,25,25,25,56,13,25,55,25,195,131,116,57,40,25,113,96,58,60,25,56,56,25,25,25,106,106,25,25,25,182,86,66,22,65,25,92,92,25,25,25,34,34,25,25,25,121,121,25,25,25,139,84,53,59,33,25,62,25,50,25,25,45,44,25,14,25,94,94,25,25,25,78,16,16,25,25,25,72,58,40,25,25,25,25,25,25,25,31,31,25,25,25
2013thru2017,50,05000US48059,"Callahan County, Texas",48,59,5290,4350,850,150,60,20,30,40,125,95,30,0,0,180,160,15,4,0,395,390,4,0,0,1110,270,40,80,65,85,265,225,10,25,0,120,110,10,0,0,460,450,10,0,0,1205,385,125,35,150,70,180,170,4,10,0,205,200,4,0,0,435,410,10,15,0,740,235,65,80,65,25,140,115,25,0,0,125,120,4,0,0,240,240,0,0,0,450,130,55,15,60,0,110,100,10,0,0,70,70,0,0,0,140,140,0,0,0,940,95,75,10,4,25,35,4,4,0,0,0,15,15,0,0,0,0,0,0,0,0,305,85,35,10,15,20,70,55,15,0,0,130,130,0,0,0,20,20,0,0,0,245,115,55,20,20,20,40,40,0,0,0,45,45,0,0,0,45,45,0,0,0,245,110,10,15,35,50,30,30,0,0,0,40,40,0,0,0,65,65,0,0,0,50,15,4,0,10,0,4,0,4,0,0,25,25,0,0,0,4,4,0,0,0,231,214,145,64,43,18,35,40,60,55,26,21,21,79,73,17,20,21,96,95,17,21,21,171,105,23,57,47,63,100,95,15,27,21,46,45,12,21,21,106,105,18,21,21,145,119,72,25,81,56,59,56,1,12,21,54,55,10,21,21,99,96,16,27,21,146,76,31,45,45,27,60,56,26,21,21,55,54,7,21,21,99,99,21,21,21,76,52,34,15,47,21,51,50,18,21,21,30,30,21,21,21,49,49,21,21,21,150,69,72,15,3,36,51,2,2,21,21,21,17,17,21,21,21,21,21,21,21,21,100,49,25,21,19,33,41,37,22,21,21,68,68,21,21,21,20,20,21,21,21,72,49,24,18,19,30,31,31,21,21,21,34,34,21,21,21,27,27,21,21,21,105,70,14,20,35,65,27,27,21,21,21,53,53,21,21,21,48,48,21,21,21,26,12,12,21,11,21,13,21,13,21,21,25,25,21,21,21,8,8,21,21,21
2013thru2017,50,05000US48061,"Cameron County, Texas",48,61,122190,82070,26090,5025,1145,1205,1975,700,4480,2415,1740,325,0,5135,4000,1060,70,0,11450,11040,365,45,0,28925,7800,3175,1715,1955,960,5370,4380,805,185,0,4615,4215,315,85,0,11140,10835,255,50,0,17470,5280,2625,1100,1245,310,3400,2835,425,140,0,3015,2755,235,25,0,5770,5605,160,4,0,7775,2640,1300,475,695,170,1380,1240,90,45,0,1545,1495,45,4,0,2210,2190,4,10,0,1810,670,440,100,80,55,230,160,55,15,0,285,265,20,0,0,625,615,0,10,0,40120,9725,5125,1055,1555,2115,400,1365,665,695,4,0,1580,1495,85,0,0,1655,1630,25,0,0,14510,8150,1695,2105,3470,875,2270,1490,665,115,0,1880,1665,200,15,0,2210,2155,45,10,0,10550,6040,1400,1635,2495,510,1790,1205,520,60,0,1240,1165,75,0,0,1480,1460,20,0,0,4215,2510,630,750,925,215,655,465,190,0,0,655,580,70,0,0,390,390,0,0,0,1120,695,195,130,300,75,155,120,35,0,0,100,95,4,0,0,170,170,0,0,0,1027,1121,956,618,257,353,428,223,574,375,395,145,31,664,587,360,39,31,722,718,134,40,31,967,647,360,310,344,217,512,489,211,76,31,412,419,110,84,31,549,554,91,40,31,698,487,355,227,250,132,337,312,127,68,31,374,369,92,31,31,467,461,81,11,31,488,352,216,127,202,94,249,228,53,42,31,278,269,39,10,31,287,289,18,15,31,239,142,125,51,39,43,80,61,45,23,31,117,116,20,31,31,125,122,31,16,31,1173,795,565,241,375,364,159,288,171,264,1,31,321,314,69,31,31,341,332,43,31,31,847,656,269,345,434,266,346,267,190,88,31,341,320,121,22,31,388,381,37,14,31,639,501,223,277,368,167,269,246,172,51,31,221,219,56,31,31,318,311,33,31,31,463,364,175,198,261,99,153,136,78,31,31,179,170,53,31,31,114,114,31,31,31,233,192,106,59,115,57,75,80,33,31,31,54,56,5,31,31,95,95,31,31,31
2013thru2017,50,05000US48063,"Camp County, Texas",48,63,4730,3345,610,10,0,0,10,0,105,40,50,15,0,90,65,25,0,0,405,390,15,0,0,1400,325,95,110,110,15,235,170,70,0,0,285,265,15,0,0,555,530,25,0,0,870,190,150,20,10,4,170,165,4,0,0,205,180,20,0,0,305,305,0,0,0,325,70,25,20,25,0,45,45,0,0,0,75,65,4,0,0,135,135,0,0,0,140,30,20,0,0,4,30,15,10,4,0,0,0,0,0,0,80,80,0,0,0,1385,225,55,0,25,30,0,105,80,20,0,0,45,25,20,0,0,20,20,0,0,0,650,340,10,120,215,0,20,4,15,0,0,155,155,0,0,0,135,135,0,0,0,435,170,25,60,80,0,115,90,20,0,0,80,80,0,0,0,75,75,0,0,0,70,25,25,0,0,0,4,4,0,0,0,30,0,25,10,0,15,15,0,0,0,4,0,0,0,0,0,0,0,0,0,0,4,4,0,0,0,0,0,0,0,0,192,200,158,17,21,21,17,21,66,42,47,22,21,52,42,29,21,21,125,124,23,21,21,185,97,59,65,61,28,85,63,56,21,21,104,102,20,21,21,106,107,22,21,21,152,100,95,28,14,17,67,68,8,21,21,71,66,26,21,21,96,96,21,21,21,103,46,26,25,24,21,40,40,21,21,21,45,45,16,21,21,79,79,21,21,21,75,31,28,21,21,15,27,18,14,15,21,21,21,21,21,21,58,58,21,21,21,187,98,58,21,34,48,21,78,71,35,21,21,42,27,33,21,21,31,31,21,21,21,152,114,14,72,80,21,25,11,22,21,21,85,85,21,21,21,81,81,21,21,21,111,80,33,50,45,21,50,49,23,21,21,63,63,21,21,21,50,50,21,21,21,48,24,24,21,21,21,5,5,21,21,21,39,21,38,15,21,19,19,21,21,21,9,21,21,21,21,21,21,21,21,21,21,9,9,21,21,21,21,21,21,21,21
2013thru2017,50,05000US48065,"Carson County, Texas",48,65,2290,1950,250,20,0,10,15,0,10,0,10,0,0,80,70,10,0,0,140,140,4,0,0,480,55,40,4,10,0,25,15,10,0,0,75,75,0,0,0,320,305,15,0,0,470,80,45,20,4,4,55,50,4,0,0,90,90,0,0,0,245,245,0,0,0,475,80,55,20,4,4,110,110,0,0,0,125,120,0,10,0,160,160,0,0,0,275,35,20,4,15,0,40,35,4,0,0,45,45,0,0,0,155,155,0,0,0,345,55,0,0,0,0,0,30,25,4,0,0,0,0,0,0,0,25,25,0,0,0,50,40,25,0,0,15,10,10,0,0,0,0,0,0,0,0,0,0,0,0,0,75,30,15,10,4,0,10,10,0,0,0,25,15,4,0,0,15,15,0,0,0,110,35,20,10,4,4,15,15,0,0,0,25,25,0,0,0,30,30,0,0,0,55,0,0,0,0,0,20,15,4,0,0,30,30,0,0,0,10,10,0,0,0,99,103,81,20,19,15,17,19,13,19,13,19,19,50,48,15,19,19,61,61,1,19,19,101,34,26,5,21,19,27,18,19,19,19,49,49,19,19,19,80,74,24,19,19,82,39,25,20,11,11,33,32,12,19,19,41,41,19,19,19,67,67,19,19,19,73,37,29,21,12,19,49,49,19,19,19,44,43,19,14,19,45,45,19,19,19,71,22,16,2,14,19,32,30,5,19,19,35,35,19,19,19,58,58,19,19,19,90,41,19,19,19,19,19,33,33,19,19,19,19,19,19,19,19,24,24,19,19,19,38,36,29,19,19,24,16,16,19,19,19,19,19,19,19,19,19,19,19,19,19,40,25,21,16,13,19,14,14,19,19,19,22,17,15,19,19,19,19,19,19,19,60,33,27,17,3,2,26,26,19,19,19,27,27,19,19,19,39,39,19,19,19,49,19,19,19,19,19,19,17,2,19,19,41,41,19,19,19,15,15,19,19,19
2013thru2017,50,05000US48067,"Cass County, Texas",48,67,11810,9195,1710,250,45,25,130,45,200,110,65,25,0,265,230,35,0,0,995,965,4,25,0,3285,635,260,160,205,15,595,490,80,25,0,695,650,45,0,0,1360,1300,60,0,0,2520,500,170,90,175,60,405,345,40,20,0,430,335,55,40,0,1185,1185,0,0,0,1185,245,175,40,15,15,300,170,100,25,0,305,275,25,0,0,335,335,0,0,0,495,225,95,95,35,4,65,65,0,0,0,100,100,0,0,0,105,105,0,0,0,2615,380,130,20,40,15,60,75,45,30,0,0,80,80,0,0,0,95,95,0,0,0,785,385,75,85,140,85,185,180,4,0,0,105,80,10,20,0,110,105,4,0,0,980,425,165,115,80,60,245,195,35,15,0,195,180,15,0,0,115,115,0,0,0,395,165,40,30,45,50,95,85,10,0,0,65,65,0,0,0,70,70,0,0,0,80,50,20,4,25,4,15,15,4,0,0,4,4,0,0,0,10,10,0,0,0,340,363,253,83,41,25,70,53,91,69,57,28,28,129,122,57,28,28,194,194,9,40,28,330,146,102,71,109,19,176,160,76,32,28,162,162,33,28,28,232,227,85,28,28,295,111,93,44,77,47,91,84,32,32,28,118,108,43,62,28,228,228,28,28,28,227,98,91,32,15,22,143,103,90,37,28,129,129,38,28,28,116,116,28,28,28,158,138,83,91,54,4,44,44,28,28,28,58,58,28,28,28,42,42,28,28,28,276,148,113,18,41,17,86,55,48,27,28,28,65,65,28,28,28,55,55,28,28,28,236,169,40,64,66,104,115,115,11,28,28,53,47,15,34,28,80,78,28,28,28,188,124,86,65,38,54,100,87,28,22,28,110,108,18,28,28,55,55,28,28,28,121,81,30,32,42,51,63,62,15,28,28,49,49,28,28,28,47,47,28,28,28,40,38,19,5,29,10,16,19,4,28,28,3,3,28,28,28,12,12,28,28,28
2013thru2017,50,05000US48069,"Castro County, Texas",48,69,2460,1585,105,10,4,4,0,0,20,10,0,10,0,10,10,4,0,0,60,50,15,0,0,210,15,10,0,4,0,45,40,4,0,0,45,45,4,0,0,105,105,0,0,0,700,75,50,20,4,0,140,95,20,25,0,130,130,0,0,0,355,345,10,0,0,475,50,30,4,10,4,160,120,40,0,0,90,85,10,0,0,170,170,0,0,0,95,25,10,4,10,0,15,15,0,0,0,4,4,0,0,0,55,55,0,0,0,880,15,15,0,0,15,0,0,0,0,0,0,4,4,0,0,0,0,0,0,0,0,185,95,60,0,40,0,40,30,10,0,0,25,25,0,0,0,25,25,0,0,0,255,45,30,10,4,0,110,105,4,0,0,25,25,0,0,0,70,70,0,0,0,405,120,45,4,50,20,115,60,55,0,0,50,50,0,0,0,125,125,0,0,0,15,10,0,4,0,4,0,0,0,0,0,4,4,0,0,0,4,4,0,0,0,118,131,41,15,3,10,19,19,25,13,19,22,19,12,11,2,19,19,34,29,23,19,19,69,16,16,19,9,19,45,42,10,19,19,36,35,2,19,19,64,64,19,19,19,130,41,30,24,12,19,71,50,26,41,19,58,58,19,19,19,97,98,18,19,19,96,36,30,14,14,12,66,66,38,19,19,41,39,15,19,19,60,60,19,19,19,47,17,10,2,17,19,17,17,19,19,19,19,19,19,19,19,45,45,19,19,19,127,17,15,19,19,15,19,19,19,19,19,19,5,5,19,19,19,19,19,19,19,19,71,66,49,19,41,19,28,22,16,19,19,24,24,19,19,19,22,22,19,19,19,76,40,38,13,5,19,46,47,9,19,19,21,21,19,19,19,47,47,19,19,19,118,68,36,4,51,31,69,52,41,19,19,32,32,19,19,19,70,70,19,19,19,17,14,19,8,19,12,19,19,19,19,19,2,2,19,19,19,7,7,19,19,19
2013thru2017,50,05000US48071,"Chambers County, Texas",48,71,13320,11025,5395,950,160,190,460,135,445,270,75,95,0,605,470,115,15,0,3400,3315,80,0,0,2930,655,265,80,205,110,325,275,55,0,0,460,445,10,10,0,1485,1460,25,0,0,1630,305,120,40,140,4,440,180,195,65,0,320,320,0,0,0,565,565,0,0,0,695,190,135,20,15,15,130,125,4,0,0,85,85,0,0,0,290,290,0,0,0,370,90,0,0,90,0,25,25,0,0,0,120,120,0,0,0,135,135,0,0,0,2295,600,190,115,30,40,0,55,0,55,0,0,180,180,0,0,0,175,175,0,0,0,995,395,100,150,135,15,65,40,20,0,0,190,190,0,0,0,345,345,0,0,0,535,290,105,15,170,0,40,40,0,0,0,120,120,0,0,0,85,85,0,0,0,135,90,25,40,20,0,4,0,4,0,0,45,45,0,0,0,0,0,0,0,0,30,10,10,0,0,0,0,0,0,0,0,15,15,0,0,0,4,4,0,0,0,290,437,487,257,111,105,181,171,193,155,74,81,28,208,190,83,24,28,459,453,58,28,28,372,207,148,69,117,72,169,158,60,28,28,149,147,13,16,28,292,292,45,28,28,292,143,70,48,110,8,202,80,161,65,28,116,116,28,28,28,174,174,28,28,28,268,83,72,21,24,27,98,98,9,28,28,61,61,28,28,28,200,200,28,28,28,193,85,28,28,85,28,35,35,28,28,28,133,133,28,28,28,90,90,28,28,28,414,289,135,118,51,40,28,64,28,64,28,28,149,149,28,28,28,147,147,28,28,28,305,177,103,122,109,20,52,34,41,28,28,134,134,28,28,28,243,243,28,28,28,172,144,84,24,117,28,44,44,28,28,28,66,66,28,28,28,88,88,28,28,28,87,67,40,44,29,28,10,28,10,28,28,67,67,28,28,28,28,28,28,28,28,30,20,20,28,28,28,28,28,28,28,28,26,26,28,28,28,6,6,28,28,28
2013thru2017,50,05000US48073,"Cherokee County, Texas",48,73,17885,13170,3125,350,40,140,160,10,245,135,55,55,0,540,370,145,25,0,1985,1950,35,0,0,3515,705,350,205,140,10,495,390,50,55,0,630,555,45,30,0,1680,1610,75,0,0,3360,735,265,170,275,25,730,540,135,55,0,615,585,10,25,0,1280,1280,4,0,0,2195,430,225,70,100,35,615,330,190,95,0,615,555,60,0,0,535,535,0,0,0,980,285,180,40,30,30,195,90,100,4,0,210,210,0,0,0,295,280,15,0,0,4715,630,335,40,70,165,55,95,40,50,4,0,75,45,30,0,0,125,125,0,0,0,1285,520,110,170,210,30,220,175,25,20,0,375,370,4,0,0,170,170,0,0,0,1660,655,165,145,255,85,320,285,35,0,0,340,295,45,0,0,345,345,0,0,0,880,325,75,100,140,10,305,195,105,4,0,125,125,4,0,0,125,125,0,0,0,260,95,10,10,40,40,20,20,0,0,0,55,55,0,0,0,85,85,0,0,0,357,369,366,143,36,96,98,16,102,57,55,51,31,142,141,77,34,31,306,309,35,31,31,404,186,125,87,102,18,160,143,39,45,31,168,161,34,36,31,243,244,50,31,31,347,204,136,77,112,36,174,156,76,51,31,171,157,13,38,31,218,219,4,31,31,313,126,91,41,73,33,196,120,120,77,31,165,160,50,31,31,146,146,31,31,31,225,145,117,47,32,45,82,55,67,4,31,113,113,31,31,31,125,116,27,31,31,411,142,128,38,63,98,54,67,43,47,15,31,49,34,37,31,31,81,81,31,31,31,251,176,58,100,115,40,90,80,28,29,31,159,159,9,31,31,83,83,31,31,31,323,190,77,60,120,87,145,139,37,31,31,185,166,71,31,31,138,138,31,31,31,201,108,45,73,84,16,140,116,70,9,31,77,72,6,31,31,79,79,31,31,31,99,61,19,13,25,54,27,27,31,31,31,46,46,31,31,31,65,65,31,31,31
2013thru2017,50,05000US48075,"Childress County, Texas",48,75,2280,1255,145,4,4,0,0,0,65,35,30,0,0,15,15,0,0,0,65,60,4,0,0,310,4,0,0,4,0,45,20,25,0,0,15,15,0,0,0,245,245,0,0,0,265,35,0,35,0,0,95,70,0,20,0,60,60,0,0,0,75,65,15,0,0,355,140,75,0,65,0,55,45,10,0,0,10,10,0,0,0,145,145,0,0,0,185,60,0,0,35,25,55,50,10,0,0,25,25,0,0,0,45,40,4,0,0,1030,105,10,0,0,10,0,0,0,0,0,0,15,15,0,0,0,80,80,0,0,0,340,125,0,30,95,0,75,30,40,4,0,30,15,15,0,0,110,110,0,0,0,165,135,85,50,0,0,10,10,0,0,0,0,0,0,0,0,20,20,0,0,0,135,75,75,0,0,0,0,0,0,0,0,35,35,0,0,0,30,30,0,0,0,280,20,0,0,20,0,40,20,20,0,0,190,190,0,0,0,25,25,0,0,0,214,161,70,1,1,19,19,19,65,55,43,19,19,27,27,19,19,19,35,33,19,19,19,105,6,19,19,6,19,42,29,37,19,19,19,19,19,19,19,97,97,19,19,19,113,40,19,40,19,19,69,63,19,34,19,59,59,19,19,19,46,42,20,19,19,127,90,62,19,63,19,57,59,20,19,19,15,15,19,19,19,105,105,19,19,19,100,56,19,19,45,36,49,44,16,19,19,37,37,19,19,19,40,39,15,19,19,219,103,56,19,19,56,19,19,19,19,19,19,25,25,19,19,19,74,74,19,19,19,155,91,19,41,83,19,56,36,44,13,19,34,26,27,19,19,116,116,19,19,19,102,96,74,55,19,19,22,22,19,19,19,19,19,19,19,19,22,22,19,19,19,99,88,88,19,19,19,19,19,19,19,19,45,45,19,19,19,31,31,19,19,19,156,41,19,19,41,19,48,37,35,19,19,146,146,19,19,19,39,39,19,19,19
2013thru2017,50,05000US48077,"Clay County, Texas",48,77,4075,3480,735,60,25,4,15,15,60,50,4,4,0,140,110,30,0,0,475,435,45,0,0,920,125,35,10,60,20,165,135,20,10,0,275,230,45,0,0,355,355,0,0,0,915,170,70,60,40,0,150,105,30,15,0,120,105,20,0,0,475,475,0,0,0,560,90,40,30,20,4,130,95,30,4,0,125,125,0,0,0,215,215,0,0,0,345,100,30,55,10,0,70,60,10,0,0,45,45,0,0,0,130,130,0,0,0,595,60,30,10,15,10,0,10,4,4,0,0,0,0,0,0,0,20,20,0,0,0,175,70,25,4,40,0,65,40,20,4,0,20,20,0,0,0,20,20,0,0,0,140,55,35,0,25,0,30,30,0,0,0,25,25,0,0,0,35,35,0,0,0,100,35,10,4,15,0,20,10,10,0,0,20,20,0,0,0,30,30,0,0,0,120,90,50,4,35,0,15,15,0,0,0,4,0,4,0,0,15,15,0,0,0,146,154,97,34,26,1,16,19,36,36,3,21,21,57,45,33,21,21,86,83,32,21,21,134,46,22,13,32,24,63,59,19,13,21,83,75,34,21,21,92,92,21,21,21,133,66,40,42,25,21,53,47,26,18,21,49,41,21,21,21,91,91,21,21,21,79,32,19,28,19,2,42,35,28,3,21,46,46,21,21,21,59,59,21,21,21,88,53,25,46,15,21,35,31,13,21,21,26,26,21,21,21,47,47,21,21,21,114,29,26,15,14,14,21,13,14,21,21,21,21,21,21,21,21,16,16,21,21,21,59,38,24,14,31,21,37,27,31,4,21,18,18,21,21,21,19,19,21,21,21,58,40,32,21,20,21,32,32,21,21,21,21,21,21,21,21,23,23,21,21,21,47,28,12,14,23,21,21,15,17,21,21,21,21,21,21,21,31,31,21,21,21,68,62,41,21,44,21,15,15,21,21,21,21,21,21,21,21,15,15,21,21,21
2013thru2017,50,05000US48079,"Cochran County, Texas",48,79,1000,760,4,4,0,0,4,0,4,4,0,0,0,0,0,0,0,0,4,4,0,0,0,145,30,20,10,0,4,25,25,0,0,0,10,10,0,0,0,80,80,0,0,0,310,85,65,15,4,4,65,55,10,0,0,50,50,4,0,0,110,110,0,0,0,270,95,75,4,10,4,50,45,4,0,0,50,40,4,0,0,80,80,0,0,0,25,4,4,4,0,0,4,4,0,0,0,10,10,0,0,0,10,10,0,0,0,240,10,4,0,0,4,0,0,0,0,0,0,0,0,0,0,0,4,4,0,0,0,70,40,10,4,15,10,10,10,0,0,0,4,4,0,0,0,15,10,4,0,0,115,65,20,20,20,4,4,4,0,0,0,20,20,0,0,0,25,25,0,0,0,40,20,0,4,15,0,0,0,0,0,0,0,0,0,0,0,20,20,0,0,0,4,4,0,0,4,0,4,4,0,0,0,0,0,0,0,0,0,0,0,0,0,67,61,11,4,13,13,4,13,3,3,13,13,13,13,13,13,13,13,2,2,13,13,13,38,18,15,11,13,6,24,24,13,13,13,12,12,13,13,13,31,31,13,13,13,48,30,26,15,13,1,26,23,12,13,13,25,26,2,13,13,26,26,13,13,13,52,38,33,4,16,10,24,22,4,13,13,22,23,9,13,13,30,30,13,13,13,16,12,3,7,13,13,5,5,13,13,13,15,15,13,13,13,15,15,13,13,13,59,13,11,13,13,11,13,13,13,13,13,13,13,13,13,13,13,2,2,13,13,13,33,31,14,17,23,14,14,14,13,13,13,9,9,13,13,13,12,13,2,13,13,44,30,19,17,19,13,1,1,13,13,13,19,19,13,13,13,20,20,13,13,13,27,21,13,15,22,13,13,13,13,13,13,13,13,13,13,13,15,15,13,13,13,8,4,13,13,4,13,4,4,13,13,13,13,13,13,13,13,13,13,13,13,13
2013thru2017,50,05000US48081,"Coke County, Texas",48,81,1575,1120,80,0,0,0,0,0,35,35,0,0,0,4,4,0,0,0,40,40,0,0,0,295,70,30,4,35,0,60,55,0,4,0,55,55,0,0,0,110,110,0,0,0,395,75,50,15,10,0,70,65,10,0,0,95,95,0,0,0,150,150,0,0,0,320,75,55,15,4,0,60,45,10,4,0,70,70,0,0,0,120,120,0,0,0,35,15,0,15,0,0,0,0,0,0,0,0,0,0,0,0,20,20,0,0,0,455,45,45,0,15,30,0,0,0,0,0,0,0,0,0,0,0,0,0,0,0,0,85,15,15,0,0,0,20,10,10,0,0,4,4,0,0,0,45,45,0,0,0,125,60,30,15,10,0,35,35,4,0,0,20,20,0,0,0,4,4,0,0,0,160,100,40,20,40,0,15,0,15,0,0,0,0,0,0,0,50,50,0,0,0,40,15,0,10,4,0,15,15,0,0,0,0,0,0,0,0,10,10,0,0,0,97,81,31,13,13,13,13,13,20,20,13,13,13,4,4,13,13,13,30,30,13,13,13,61,30,21,9,25,13,33,32,13,9,13,27,27,13,13,13,38,38,13,13,13,70,38,32,16,15,13,35,31,14,13,13,39,39,13,13,13,45,45,13,13,13,72,38,33,17,9,13,30,26,14,11,13,39,39,13,13,13,44,44,13,13,13,18,15,13,15,13,13,13,13,13,13,13,13,13,13,13,13,16,16,13,13,13,89,36,36,13,22,33,13,13,13,13,13,13,13,13,13,13,13,13,13,13,13,13,40,19,19,13,13,13,21,15,16,13,13,14,14,13,13,13,37,37,13,13,13,49,30,23,14,17,13,26,27,13,13,13,27,27,13,13,13,9,9,13,13,13,63,52,36,18,32,13,17,13,17,13,13,13,13,13,13,13,32,32,13,13,13,23,18,13,13,15,13,21,21,13,13,13,13,13,13,13,13,13,13,13,13,13
2013thru2017,50,05000US48083,"Coleman County, Texas",48,83,3470,2465,355,35,4,4,20,4,80,75,4,0,0,100,75,10,10,0,140,135,4,0,0,515,85,15,60,4,4,80,75,4,4,0,140,75,55,4,0,205,205,0,4,0,565,120,15,15,80,10,70,65,4,0,0,155,155,4,0,0,215,210,4,0,0,500,225,115,50,55,4,55,45,10,0,0,110,110,0,0,0,115,115,0,0,0,535,100,25,10,65,0,35,35,0,0,0,175,170,4,0,0,230,230,0,0,0,1005,30,10,0,4,10,0,0,0,0,0,0,0,0,0,0,0,20,20,0,0,0,235,50,15,10,20,4,65,40,25,0,0,30,30,0,0,0,90,90,0,0,0,330,190,30,95,40,25,35,20,15,0,0,75,70,4,0,0,35,35,0,0,0,175,95,4,15,75,4,35,35,0,0,0,20,20,0,0,0,20,20,0,0,0,235,120,75,35,10,0,85,85,0,0,0,10,10,0,0,0,20,20,0,0,0,238,205,109,23,12,11,13,2,44,42,5,19,19,68,61,15,15,19,67,67,19,19,19,116,60,20,59,5,16,46,45,19,14,19,73,41,69,11,19,62,59,19,3,19,126,64,19,16,56,20,40,36,13,19,19,86,86,19,19,19,71,72,19,19,19,137,116,86,38,52,19,39,33,15,19,19,79,79,19,19,19,55,55,19,19,19,133,63,23,16,58,19,34,34,19,19,19,81,82,2,19,19,93,93,19,19,19,185,20,15,19,19,14,19,19,19,19,19,19,19,19,19,19,19,18,18,19,19,19,105,33,21,18,23,19,64,50,43,19,19,36,36,19,19,19,80,80,19,19,19,99,69,30,53,31,20,35,24,27,19,19,55,53,19,19,19,36,36,19,19,19,80,72,11,19,70,2,30,30,19,19,19,25,25,19,19,19,19,19,19,19,19,120,80,76,27,16,19,68,68,19,19,19,16,16,19,19,19,31,31,19,19,19
2013thru2017,50,05000US48085,"Collin County, Texas",48,85,323905,212555,92260,5445,845,1095,2980,525,7450,2705,2715,2035,0,12785,8040,3875,870,0,66575,62295,3830,450,0,90245,7750,1360,1375,4050,965,7650,3500,2710,1445,0,12650,9090,3070,485,0,62195,59345,2525,320,0,24780,3670,1145,945,1270,315,3885,2535,1040,305,0,4850,4120,695,35,0,12375,12035,315,20,0,3450,1005,480,250,240,35,675,565,65,50,0,780,760,10,10,0,985,985,0,0,0,1820,300,180,35,55,25,220,195,25,0,0,305,305,0,0,0,995,980,15,0,0,111350,39410,8510,430,1420,5980,685,6025,1245,3520,1260,0,9415,6620,2490,305,0,15460,14735,590,130,0,55450,12815,755,3275,7820,970,11010,4440,5815,755,0,12695,10515,2025,155,0,18930,18440,490,0,0,13195,4275,625,1260,2165,225,3590,1745,1660,185,0,2660,2395,265,0,0,2665,2625,40,0,0,2600,1145,80,315,655,95,610,350,255,4,0,480,415,65,4,0,365,335,30,0,0,690,185,30,55,80,25,115,65,45,0,0,160,155,4,0,0,230,220,10,0,0,1314,1950,1602,494,212,211,404,139,655,458,392,391,31,721,635,469,219,31,1361,1430,459,173,31,1287,706,315,251,509,253,565,349,362,236,31,735,589,369,142,31,1195,1143,366,114,31,868,359,232,223,228,155,457,354,240,138,31,421,368,192,29,31,672,660,195,28,31,452,247,167,118,123,37,180,171,47,64,31,199,199,17,13,31,229,229,31,31,31,342,106,88,33,42,39,114,116,29,31,31,131,131,31,31,31,258,255,27,31,31,1668,1319,732,145,377,650,198,601,236,470,283,31,814,713,394,120,31,775,772,209,96,31,1449,865,190,504,748,250,763,492,602,211,31,843,814,299,104,31,1099,1091,193,31,31,936,538,204,306,388,116,456,353,347,99,31,402,366,112,31,31,438,440,37,31,31,422,281,49,148,227,86,205,162,136,31,31,147,139,60,4,31,134,124,40,31,31,182,106,31,59,63,27,72,56,36,31,31,98,100,14,31,31,117,119,17,31,31
2013thru2017,50,05000US48087,"Collingsworth County, Texas",48,87,1100,885,35,0,0,0,0,0,0,0,0,0,0,10,10,4,0,0,25,25,0,0,0,95,15,0,0,10,4,15,15,0,0,0,30,30,0,0,0,35,35,4,0,0,305,50,20,0,30,0,60,55,0,4,0,75,75,0,0,0,120,120,0,0,0,205,35,25,4,4,0,65,55,4,4,0,50,50,0,0,0,55,55,0,0,0,245,40,25,4,15,0,45,45,0,0,0,65,65,0,0,0,90,90,0,0,0,215,0,0,0,0,0,0,0,0,0,0,0,0,0,0,0,0,0,0,0,0,0,25,20,0,10,10,0,0,0,0,0,0,4,4,0,0,0,4,4,0,0,0,55,35,10,20,4,0,10,10,0,0,0,0,0,0,0,0,15,15,0,0,0,85,20,4,10,10,0,25,25,0,0,0,20,20,0,0,0,20,20,0,0,0,50,4,0,4,0,0,40,40,0,0,0,0,0,0,0,0,4,4,0,0,0,79,78,28,13,13,13,13,13,13,13,13,13,13,15,14,3,13,13,23,23,13,13,13,41,19,13,13,13,8,24,24,13,13,13,26,26,13,13,13,20,18,2,13,13,66,44,34,13,30,13,32,32,13,3,13,36,36,13,13,13,44,44,13,13,13,51,30,23,10,17,13,28,28,3,7,13,32,32,13,13,13,36,36,13,13,13,64,29,21,10,19,13,27,27,13,13,13,43,43,13,13,13,45,45,13,13,13,74,13,13,13,13,13,13,13,13,13,13,13,13,13,13,13,13,13,13,13,13,13,24,22,13,15,16,13,13,13,13,13,13,13,13,13,13,13,3,3,13,13,13,35,30,14,25,15,13,17,17,13,13,13,13,13,13,13,13,17,17,13,13,13,44,23,5,12,18,13,29,29,13,13,13,18,18,13,13,13,23,23,13,13,13,39,2,13,2,13,13,38,38,13,13,13,13,13,13,13,13,4,4,13,13,13
2013thru2017,50,05000US48089,"Colorado County, Texas",48,89,7605,6240,1295,195,105,15,80,0,220,125,60,30,0,220,165,35,20,0,660,620,40,0,0,1640,205,95,40,10,60,195,180,20,0,0,375,320,55,0,0,860,845,15,0,0,1550,215,135,15,35,30,275,230,35,10,0,335,320,15,0,0,720,705,15,0,0,1140,285,135,60,90,0,245,155,85,0,0,160,150,4,0,0,455,455,0,0,0,615,135,30,50,15,35,70,25,0,45,0,110,110,0,0,0,300,295,10,0,0,1365,145,50,15,4,10,15,15,15,0,0,0,70,0,70,0,0,4,4,0,0,0,540,145,60,55,25,4,170,115,45,10,0,125,125,0,0,0,95,95,0,0,0,245,45,0,20,20,0,55,55,0,0,0,40,30,10,0,0,110,110,0,0,0,305,135,50,45,35,0,50,35,15,0,0,55,55,0,0,0,70,70,0,0,0,125,40,35,0,4,0,50,45,10,0,0,25,25,0,0,0,10,10,0,0,0,349,343,246,103,81,18,66,25,94,70,39,48,25,94,86,40,35,25,179,171,42,25,25,278,99,63,36,23,70,95,96,20,25,25,171,158,73,25,25,198,196,33,25,25,250,88,71,20,31,36,103,96,38,22,25,123,124,15,25,25,194,191,27,25,25,187,109,77,58,72,25,100,72,86,25,25,84,84,17,25,25,122,122,25,25,25,170,85,31,53,19,50,59,26,25,55,25,91,91,25,25,25,106,104,15,25,25,269,116,42,24,11,20,27,31,31,25,25,25,105,25,105,25,25,17,17,25,25,25,174,69,41,53,24,13,121,95,71,20,25,82,82,25,25,25,57,57,25,25,25,114,28,25,25,17,25,45,45,25,25,25,39,35,17,25,25,91,91,25,25,25,127,65,40,35,35,25,42,33,27,25,25,57,57,25,25,25,66,66,25,25,25,74,37,33,25,11,25,50,44,14,25,25,41,41,25,25,25,16,16,25,25,25
2013thru2017,50,05000US48091,"Comal County, Texas",48,91,47255,35605,16700,1010,210,115,575,115,1430,795,325,310,0,2105,1460,515,135,0,12155,11140,945,70,0,11355,1245,395,240,540,70,1610,1110,345,160,0,1855,1630,190,35,0,6640,6410,220,15,0,4785,650,240,120,250,40,690,535,110,45,0,995,780,215,0,0,2450,2380,75,0,0,1835,545,150,145,245,0,240,180,35,25,0,415,395,20,0,0,640,615,25,0,0,930,220,120,35,65,0,115,80,25,4,0,160,110,50,0,0,440,425,10,0,0,11650,4355,1075,90,340,625,15,855,195,560,95,0,975,685,275,15,0,1455,1345,95,15,0,3410,1220,310,160,590,160,580,225,310,45,0,730,560,170,0,0,880,860,20,0,0,2680,1060,185,320,510,40,665,440,200,25,0,500,485,15,0,0,455,455,0,0,0,765,195,15,95,85,0,180,130,45,0,0,210,190,10,10,0,185,185,0,0,0,435,115,50,35,25,0,40,15,0,25,0,110,110,0,0,0,170,170,0,0,0,579,685,644,210,104,63,183,72,228,196,115,89,31,267,239,155,72,31,617,660,235,46,31,595,204,132,107,115,49,268,246,110,78,31,258,230,88,41,31,489,488,88,22,31,433,136,92,68,99,44,183,146,62,45,31,214,174,122,31,31,338,323,75,31,31,268,165,96,86,116,31,95,90,30,29,31,138,136,26,31,31,147,151,31,31,31,188,94,57,40,55,31,57,52,28,11,31,71,55,47,31,31,143,144,22,31,31,670,517,277,79,150,236,24,254,126,213,65,31,220,198,121,27,31,269,257,88,22,31,371,294,157,101,160,101,151,104,128,41,31,218,180,109,31,31,233,234,32,31,31,362,257,123,160,198,36,203,185,89,28,31,179,175,27,31,31,168,168,31,31,31,219,88,17,63,48,31,98,86,49,31,31,126,126,15,17,31,105,105,31,31,31,161,89,63,50,29,31,42,24,31,34,31,86,86,31,31,31,87,87,31,31,31
2013thru2017,50,05000US48093,"Comanche County, Texas",48,93,5105,4000,560,85,20,10,45,15,110,45,30,30,0,90,60,25,4,0,275,265,10,0,0,1260,215,70,25,60,60,170,135,30,4,0,290,255,40,0,0,580,580,0,0,0,1000,175,75,40,40,20,195,175,25,0,0,195,195,0,0,0,430,415,15,0,0,600,110,60,35,10,0,185,165,20,4,0,125,115,10,0,0,180,180,0,0,0,580,210,70,75,70,0,70,60,0,15,0,75,75,0,0,0,225,225,0,0,0,1105,175,40,25,0,15,0,25,25,0,0,0,40,40,0,0,0,65,65,0,0,0,240,105,40,20,0,45,65,65,0,0,0,40,40,0,0,0,30,30,0,0,0,340,140,30,25,70,15,95,50,50,0,0,60,60,0,0,0,40,40,0,0,0,180,55,0,45,10,0,45,30,15,0,0,20,20,0,0,0,55,55,0,0,0,170,55,25,4,25,0,40,40,0,0,0,50,50,0,0,0,25,25,0,0,0,236,252,128,68,23,14,62,17,64,36,42,28,21,38,33,17,11,21,79,78,16,21,21,188,92,63,21,36,55,61,58,27,4,21,103,99,46,21,21,111,111,21,21,21,149,74,59,28,29,25,72,68,27,21,21,71,71,21,21,21,88,88,11,21,21,122,50,36,26,15,21,82,79,24,3,21,69,64,18,21,21,57,57,21,21,21,160,119,48,49,78,21,40,36,21,24,21,37,37,21,21,21,90,90,21,21,21,186,85,40,37,21,21,21,28,28,21,21,21,37,37,21,21,21,59,59,21,21,21,102,64,31,34,21,44,45,45,21,21,21,31,31,21,21,21,31,31,21,21,21,97,72,34,28,64,23,62,51,63,21,21,40,40,21,21,21,25,25,21,21,21,77,41,21,38,14,21,37,27,27,21,21,19,19,21,21,21,53,53,21,21,21,100,40,30,11,25,21,51,51,21,21,21,75,75,21,21,21,28,28,21,21,21
2013thru2017,50,05000US48095,"Concho County, Texas",48,95,790,565,65,4,0,0,4,0,10,4,4,0,0,4,4,0,4,0,45,40,4,0,0,125,4,4,0,4,0,15,10,4,0,0,20,20,4,0,0,80,80,0,0,0,125,35,4,20,10,0,15,0,15,0,0,10,10,0,0,0,65,65,0,0,0,140,20,4,10,4,0,35,35,0,0,0,40,40,0,0,0,45,45,0,0,0,110,45,10,25,10,0,10,4,4,0,0,15,15,0,0,0,40,40,0,0,0,225,4,0,0,0,0,0,4,4,4,0,0,0,0,0,0,0,0,0,0,0,0,45,10,4,0,0,4,15,15,0,0,0,4,4,0,0,0,10,10,0,0,0,105,60,15,25,15,0,20,20,0,0,0,4,4,0,0,0,20,20,0,0,0,45,10,0,0,4,4,20,20,0,0,0,15,15,0,0,0,4,4,0,0,0,25,0,0,0,0,0,0,0,0,0,0,15,15,0,0,0,10,10,0,0,0,115,103,31,10,13,13,10,13,12,11,2,13,13,2,4,13,2,13,27,25,13,13,13,41,13,13,13,5,13,13,16,3,13,13,13,13,1,13,13,37,37,13,13,13,43,18,5,18,12,13,22,13,22,13,13,13,13,13,13,13,35,35,13,13,13,44,15,6,13,5,13,25,25,13,13,13,27,27,13,13,13,29,29,13,13,13,48,35,15,27,13,13,11,13,10,13,13,19,19,13,13,13,23,23,13,13,13,64,14,13,13,13,13,13,14,1,6,13,13,13,13,13,13,13,13,13,13,13,13,25,15,5,13,13,14,15,15,13,13,13,13,13,13,13,13,15,15,13,13,13,44,32,18,24,21,13,26,26,13,13,13,6,6,13,13,13,23,23,13,13,13,30,16,13,13,12,2,22,22,13,13,13,17,17,13,13,13,3,3,13,13,13,28,13,13,13,13,13,13,13,13,13,13,26,26,13,13,13,14,14,13,13,13
2013thru2017,50,05000US48097,"Cooke County, Texas",48,97,15185,10455,2660,130,4,75,55,0,200,130,65,4,0,345,310,35,4,0,1980,1820,130,30,0,3310,330,150,105,70,4,435,255,180,0,0,510,445,65,4,0,2035,1965,70,0,0,2405,315,110,75,130,0,485,390,75,20,0,460,450,4,4,0,1145,1030,115,0,0,1490,265,100,50,100,20,320,215,65,40,0,240,200,40,0,0,665,635,30,0,0,595,85,40,4,40,0,55,50,4,0,0,130,125,4,0,0,325,325,4,0,0,4730,700,295,100,95,75,20,160,140,20,4,0,85,65,20,0,0,160,160,0,0,0,1305,560,225,70,205,65,305,255,50,4,0,260,250,15,0,0,180,180,0,0,0,1370,410,175,50,185,4,415,250,165,0,0,325,325,0,0,0,220,220,0,0,0,850,315,40,160,110,10,250,110,140,0,0,155,145,10,0,0,130,130,0,0,0,505,215,50,105,60,4,135,75,60,0,0,85,85,0,0,0,70,70,0,0,0,343,440,272,83,28,72,44,28,95,77,47,9,28,142,139,33,3,28,240,243,78,25,28,302,87,60,57,48,15,137,103,97,28,28,120,107,43,1,28,237,235,81,28,28,233,90,52,47,64,28,124,115,43,28,28,143,143,2,1,28,172,166,80,28,28,221,106,47,28,84,26,95,75,45,44,28,101,79,55,28,28,144,143,26,28,28,129,47,40,3,31,28,31,27,19,28,28,57,58,5,28,28,93,94,3,28,28,486,179,138,90,79,43,36,87,86,19,3,28,53,45,32,28,28,97,97,28,28,28,245,167,108,47,95,74,105,99,33,4,28,99,96,21,28,28,115,115,28,28,28,266,123,82,34,95,3,134,93,98,28,28,143,143,28,28,28,102,102,28,28,28,199,144,30,127,53,14,121,74,87,28,28,102,99,13,28,28,65,65,28,28,28,163,105,32,94,38,28,89,65,60,28,28,56,56,28,28,28,48,48,28,28,28
2013thru2017,50,05000US48099,"Coryell County, Texas",48,99,22425,12915,3650,365,50,45,250,20,425,235,90,105,0,800,590,210,0,0,2060,2005,55,0,0,3775,365,105,95,165,4,400,270,100,35,0,805,670,115,20,0,2200,2135,55,10,0,3845,675,325,210,130,15,550,380,140,30,0,865,800,65,0,0,1755,1745,10,0,0,1060,245,100,105,35,4,210,140,70,0,0,265,245,20,0,0,345,345,0,0,0,580,175,65,70,20,20,145,95,50,0,0,140,140,0,0,0,125,125,0,0,0,9510,1965,405,50,135,220,0,445,180,255,10,0,540,405,135,0,0,575,530,45,0,0,3255,850,125,325,355,40,860,465,385,15,0,720,615,100,0,0,820,820,0,0,0,3150,1170,185,430,480,75,640,305,300,35,0,630,575,55,0,0,705,705,0,0,0,915,295,75,60,155,4,220,150,60,15,0,220,220,0,0,0,180,180,0,0,0,230,110,15,25,15,55,40,40,0,0,0,40,35,4,0,0,35,35,0,0,0,523,453,335,118,46,36,109,18,145,134,50,75,31,195,182,83,31,31,233,232,41,31,31,345,122,41,63,92,5,113,95,58,41,31,187,174,78,18,31,260,258,46,15,31,306,164,106,90,81,18,134,102,88,33,31,172,170,58,31,31,234,235,17,31,31,194,91,44,78,25,9,104,61,84,31,31,84,86,33,31,31,107,107,31,31,31,131,74,46,45,21,21,81,64,51,31,31,60,60,31,31,31,58,58,31,31,31,597,284,143,46,102,99,31,157,124,95,15,31,156,121,83,31,31,204,195,64,31,31,401,186,83,154,108,32,220,182,117,23,31,180,171,66,31,31,197,197,31,31,31,362,305,92,191,157,55,162,117,99,40,31,161,157,35,31,31,188,188,31,31,31,187,116,44,51,98,10,119,88,51,26,31,95,95,31,31,31,85,85,31,31,31,96,63,17,25,21,47,56,56,31,31,31,34,33,7,31,31,25,25,31,31,31
2013thru2017,50,05000US48101,"Cottle County, Texas",48,101,665,435,30,0,0,0,0,0,4,4,0,0,0,15,0,15,0,0,15,15,0,0,0,50,10,4,0,4,0,4,4,0,0,0,15,15,0,0,0,20,20,0,0,0,150,15,10,4,4,0,35,35,0,0,0,40,35,4,0,0,60,60,0,0,0,120,35,15,20,0,0,30,30,0,0,0,20,20,4,0,0,35,35,0,0,0,85,10,4,4,4,0,10,10,0,0,0,20,20,0,0,0,45,45,0,0,0,230,25,20,10,10,0,0,0,0,0,0,0,0,0,0,0,0,4,4,0,0,0,30,10,10,0,4,0,15,15,0,4,0,0,0,0,0,0,4,4,0,0,0,85,35,20,4,10,4,35,25,10,0,0,4,4,0,0,0,4,4,0,0,0,85,75,30,15,15,15,4,4,0,0,0,4,4,0,0,0,0,0,0,0,0,4,0,0,0,0,0,4,4,0,0,0,0,0,0,0,0,4,4,0,0,0,71,69,25,13,13,13,13,13,13,13,13,13,13,23,13,23,13,13,13,13,13,13,13,31,15,13,13,7,13,3,3,13,13,13,22,22,13,13,13,20,20,13,13,13,40,16,13,13,1,13,26,26,13,13,13,22,20,13,13,13,25,25,13,13,13,45,27,21,22,13,13,27,27,13,13,13,15,14,13,13,13,20,20,13,13,13,37,12,13,13,13,13,12,12,13,13,13,25,25,13,13,13,26,26,13,13,13,64,23,24,15,19,13,13,13,13,13,13,13,13,13,13,13,13,6,6,13,13,13,28,19,17,13,4,13,23,22,13,13,13,13,13,13,13,13,13,13,13,13,13,48,29,24,3,20,1,40,36,20,13,13,6,6,13,13,13,12,12,13,13,13,45,42,27,19,21,26,12,12,13,13,13,4,4,13,13,13,13,13,13,13,13,10,13,13,13,13,13,13,13,13,13,13,13,13,13,13,13,13,13,13,13,13
2013thru2017,50,05000US48103,"Crane County, Texas",48,103,1480,1160,100,15,10,0,4,0,4,4,0,0,0,40,40,0,0,0,40,40,0,0,0,240,35,4,10,20,0,55,55,0,0,0,50,50,0,0,0,95,95,0,0,0,380,40,20,15,4,0,45,45,0,0,0,90,90,0,0,0,210,210,0,0,0,425,100,40,20,35,10,65,65,0,0,0,125,125,0,0,0,140,140,0,0,0,10,0,0,0,0,0,0,0,0,0,0,4,4,0,0,0,4,4,0,0,0,320,40,10,0,0,10,0,10,0,10,0,0,10,0,10,0,0,15,15,0,0,0,115,50,10,10,25,4,20,20,0,0,0,10,10,0,0,0,35,35,0,0,0,115,15,0,0,15,0,55,40,10,0,0,30,30,0,0,0,20,20,0,0,0,50,35,25,0,10,0,0,0,0,0,0,10,10,0,0,0,4,4,0,0,0,0,0,0,0,0,0,0,0,0,0,0,0,0,0,0,0,0,0,0,0,0,70,78,45,19,16,13,9,13,14,14,13,13,13,30,30,13,13,13,25,25,13,13,13,61,27,16,17,23,13,39,39,13,13,13,33,33,13,13,13,40,40,13,13,13,98,30,23,20,15,13,28,28,13,13,13,51,51,13,13,13,72,72,13,13,13,98,44,23,20,30,14,35,35,13,13,13,75,75,13,13,13,56,56,13,13,13,14,13,13,13,13,13,13,13,13,13,13,8,8,13,13,13,12,12,13,13,13,78,34,14,13,13,14,13,16,13,16,13,13,15,13,15,13,13,19,19,13,13,13,42,32,14,15,26,10,20,20,13,13,13,16,16,13,13,13,24,24,13,13,13,58,24,13,13,24,13,42,38,20,13,13,26,26,13,13,13,20,20,13,13,13,42,37,34,13,15,13,13,13,13,13,13,16,16,13,13,13,6,6,13,13,13,13,13,13,13,13,13,13,13,13,13,13,13,13,13,13,13,13,13,13,13,13
2013thru2017,50,05000US48105,"Crockett County, Texas",48,105,1410,1025,165,40,40,0,0,0,20,20,0,0,0,20,20,0,0,0,85,85,0,0,0,185,4,0,0,4,0,0,0,0,0,0,50,50,0,0,0,130,130,0,0,0,240,100,50,25,25,0,40,40,0,0,0,75,75,0,0,0,25,25,0,0,0,390,125,100,0,25,0,15,15,0,0,0,55,20,35,0,0,190,190,0,0,0,55,0,0,0,0,0,0,0,0,0,0,0,0,0,0,0,55,55,0,0,0,385,0,0,0,0,0,0,0,0,0,0,0,0,0,0,0,0,0,0,0,0,0,155,50,0,25,25,0,30,30,0,0,0,0,0,0,0,0,70,70,0,0,0,100,40,0,15,25,0,60,60,0,0,0,0,0,0,0,0,0,0,0,0,0,40,0,0,0,0,0,25,25,0,0,0,15,15,0,0,0,0,0,0,0,0,90,40,0,0,40,0,35,25,0,10,0,15,15,0,0,0,0,0,0,0,0,128,147,93,57,57,13,13,13,31,31,13,13,13,25,25,13,13,13,66,66,13,13,13,90,17,13,13,17,13,13,13,13,13,13,54,54,13,13,13,74,74,13,13,13,92,64,42,35,42,13,36,36,13,13,13,67,67,13,13,13,26,26,13,13,13,130,79,75,13,30,13,27,27,13,13,13,60,33,51,13,13,92,92,13,13,13,46,13,13,13,13,13,13,13,13,13,13,13,13,13,13,13,46,46,13,13,13,138,13,13,13,13,13,13,13,13,13,13,13,13,13,13,13,13,13,13,13,13,13,93,52,13,34,40,13,49,49,13,13,13,13,13,13,13,13,67,67,13,13,13,82,42,13,23,36,13,71,71,13,13,13,13,13,13,13,13,13,13,13,13,13,47,13,13,13,13,13,39,39,13,13,13,29,29,13,13,13,13,13,13,13,13,71,62,13,13,62,13,38,32,13,23,13,27,27,13,13,13,13,13,13,13,13
2013thru2017,50,05000US48107,"Crosby County, Texas",48,107,2065,1415,80,30,4,20,4,0,15,15,0,0,0,10,4,4,0,0,25,25,0,0,0,100,15,10,0,10,0,40,40,0,0,0,15,15,0,0,0,25,25,0,0,0,545,125,50,35,35,10,110,105,4,0,0,100,95,4,0,0,205,205,0,0,0,570,160,80,45,35,4,100,85,15,0,0,135,135,0,0,0,175,175,0,0,0,120,35,35,4,0,0,25,20,4,0,0,25,25,0,0,0,35,35,0,0,0,650,30,15,4,10,4,0,0,0,0,0,0,10,10,0,0,0,4,4,0,0,0,145,100,40,30,25,4,45,45,0,0,0,0,0,0,0,0,4,4,0,0,0,200,65,15,25,15,10,55,50,4,0,0,35,35,0,0,0,40,40,0,0,0,210,70,35,20,10,0,65,65,0,4,0,30,30,0,0,0,45,45,0,0,0,65,4,0,0,4,0,15,15,0,0,0,35,35,0,0,0,10,10,0,0,0,100,119,31,24,2,19,12,19,12,12,19,19,19,13,19,10,19,19,18,18,19,19,19,44,19,12,19,12,19,31,31,19,19,19,16,16,19,19,19,19,19,19,19,19,74,41,20,20,22,13,41,41,14,19,19,33,34,3,19,19,49,49,19,19,19,91,44,35,28,25,19,40,35,19,19,19,43,43,19,19,19,42,42,19,19,19,44,26,21,19,19,19,18,17,19,19,19,21,21,19,19,19,17,17,19,19,19,91,20,12,19,15,1,19,19,19,19,19,19,14,14,19,19,19,10,10,19,19,19,50,41,25,29,20,4,33,33,19,19,19,19,19,19,19,19,6,6,19,19,19,52,27,20,19,15,16,32,28,15,19,19,25,25,19,19,19,28,28,19,19,19,45,32,21,23,20,19,29,28,19,19,19,23,23,19,19,19,29,29,19,19,19,28,2,19,19,2,19,15,15,19,19,19,24,24,19,19,19,13,13,19,19,19
2013thru2017,50,05000US48109,"Culberson County, Texas",48,109,735,490,40,20,10,0,10,0,0,0,0,0,0,4,4,0,0,0,20,20,0,0,0,90,15,4,4,10,0,15,15,0,0,0,20,20,0,0,0,40,40,0,0,0,235,75,50,10,15,0,75,70,0,4,0,40,40,0,0,0,50,50,0,0,0,70,25,20,0,4,0,10,10,0,0,0,10,10,0,0,0,20,20,0,0,0,55,25,25,0,0,0,0,0,0,0,0,20,15,4,0,0,10,10,0,0,0,245,45,10,0,10,0,0,0,0,0,0,0,0,0,0,0,0,35,20,20,0,0,70,45,20,4,20,0,4,4,0,0,0,15,15,0,0,0,4,4,0,0,0,75,35,10,10,20,0,4,4,0,0,0,20,20,0,0,0,15,15,0,0,0,40,30,15,15,0,0,4,4,0,0,0,0,0,0,0,0,4,4,0,0,0,15,15,4,4,0,0,0,0,0,0,0,0,0,0,0,0,0,0,0,0,0,98,79,24,21,12,13,15,13,13,13,13,13,13,13,13,13,13,13,15,15,13,13,13,41,16,13,13,16,13,15,15,13,13,13,16,16,13,13,13,29,29,13,13,13,54,36,33,14,15,13,39,36,13,1,13,26,26,13,13,13,22,22,13,13,13,29,21,20,13,8,13,13,13,13,13,13,14,14,13,13,13,17,17,13,13,13,31,25,25,13,13,13,13,13,13,13,13,20,19,2,13,13,15,15,13,13,13,63,36,16,13,16,13,13,13,13,13,13,13,13,13,13,13,13,32,18,29,13,13,25,20,12,3,18,13,9,9,13,13,13,18,18,13,13,13,9,9,13,13,13,36,26,14,14,21,13,13,13,13,13,13,23,23,13,13,13,21,21,13,13,13,28,24,18,18,13,13,5,5,13,13,13,13,13,13,13,13,15,15,13,13,13,16,16,13,13,13,13,13,13,13,13,13,13,13,13,13,13,13,13,13,13,13
2013thru2017,50,05000US48111,"Dallam County, Texas",48,111,2430,1450,180,10,10,0,0,4,20,15,4,0,0,85,85,0,0,0,60,55,4,0,0,380,40,35,4,0,0,30,25,4,0,0,85,75,0,10,0,225,225,0,0,0,400,85,60,10,20,0,75,40,25,10,0,65,60,0,4,0,170,170,0,0,0,215,25,20,0,4,0,45,20,20,0,0,50,50,0,0,0,95,95,0,4,0,275,45,35,10,4,0,30,15,15,0,0,105,100,0,10,0,90,90,0,0,0,980,165,15,15,0,0,0,20,10,10,0,0,105,105,0,0,0,30,30,0,0,0,125,4,4,0,4,0,40,20,20,4,0,30,15,15,0,0,50,50,0,0,0,430,120,15,15,75,15,55,40,4,10,0,115,115,0,0,0,140,140,0,0,0,220,60,25,35,0,0,40,40,0,0,0,115,115,0,0,0,4,4,0,0,0,40,0,0,0,0,0,15,15,0,0,0,15,15,0,0,0,10,10,0,0,0,143,148,78,15,14,19,19,4,21,21,3,19,19,62,62,19,19,19,39,40,19,19,19,102,39,38,7,19,19,23,24,7,19,19,64,65,19,20,19,74,74,19,19,19,116,51,44,16,21,19,54,27,35,13,19,48,48,19,8,19,68,68,19,19,19,70,21,21,19,4,19,38,28,28,19,19,39,39,19,19,19,54,55,19,19,19,78,42,36,18,4,19,31,24,23,19,19,53,55,19,15,19,43,43,19,19,19,169,95,27,27,19,19,19,23,20,15,19,19,100,100,19,19,19,35,35,19,19,19,62,2,19,19,3,19,32,22,27,3,19,34,25,25,19,19,39,39,19,19,19,125,68,20,35,44,25,37,33,19,14,19,66,66,19,19,19,91,91,19,19,19,109,48,24,41,19,19,49,49,19,19,19,87,87,19,19,19,11,11,19,19,19,29,19,19,19,19,19,24,24,19,19,19,19,19,19,19,19,14,14,19,19,19
2013thru2017,50,05000US48113,"Dallas County, Texas",48,113,906180,457250,75080,9375,1995,2120,4940,320,9380,4115,3600,1665,0,12780,9335,2905,535,0,43545,39880,3105,560,0,123520,18145,4670,4505,8170,800,17890,9830,6225,1835,0,24160,19945,3845,370,0,63325,60545,2495,285,0,146435,29165,9185,7480,11120,1380,26355,18330,6460,1565,0,30740,27030,3280,430,0,60175,57920,2025,230,0,93355,25780,10430,6695,7420,1235,19705,15345,3520,835,0,17830,16015,1515,300,0,30040,28660,1005,375,0,18865,4630,1815,1100,1575,135,2530,1935,320,270,0,2735,2350,275,105,0,8975,8230,610,130,0,448930,82260,24505,3690,5875,13025,1915,13125,4975,6400,1750,0,15325,11475,3585,265,0,29305,28275,870,160,0,158240,60915,7315,19665,30185,3750,35480,21100,12860,1515,0,29755,26520,2995,240,0,32095,31495,520,75,0,144015,68875,9990,24380,30895,3605,33160,23115,9350,695,0,23340,21665,1525,150,0,18640,18465,170,0,0,49995,22970,4280,7075,10180,1435,10705,7515,2840,350,0,8370,7455,845,65,0,7955,7850,95,15,0,14415,5915,1225,1425,2825,440,2930,1865,825,240,0,2140,1720,380,40,0,3430,3280,150,0,0,2127,3980,1720,695,378,340,429,124,746,486,479,366,31,929,817,464,159,31,1313,1332,439,138,31,1964,786,462,412,579,221,1000,688,607,296,31,979,1009,417,120,31,1385,1319,322,83,31,2288,1035,632,592,657,266,920,812,572,277,31,1202,1072,352,124,31,1503,1471,303,92,31,1788,968,616,526,598,236,1073,891,397,199,31,993,958,258,105,31,926,883,151,101,31,781,429,251,258,281,64,320,269,109,87,31,330,300,90,58,31,482,466,144,61,31,3635,1686,1083,415,636,888,316,832,520,745,334,31,823,735,455,91,31,1064,1050,245,96,31,2537,1672,633,1014,1259,469,1515,1143,859,299,31,1298,1277,386,134,31,1446,1428,137,77,31,2600,1669,648,1139,1254,451,1556,1263,697,172,31,1090,1052,273,73,31,972,957,81,31,31,1651,1102,499,636,776,297,747,562,432,119,31,779,747,222,46,31,675,675,60,23,31,787,506,225,275,382,157,412,337,214,139,31,321,297,122,34,31,384,370,113,31,31
2013thru2017,50,05000US48115,"Dawson County, Texas",48,115,4340,3085,125,15,10,4,4,0,20,15,0,4,0,15,15,0,0,0,75,75,0,0,0,465,145,45,40,60,0,20,20,0,0,0,30,30,4,0,0,265,265,0,0,0,1150,210,105,45,45,15,210,125,65,20,0,235,235,0,0,0,490,490,0,0,0,1240,335,155,70,100,10,120,85,20,20,0,275,275,0,0,0,505,505,0,0,0,110,20,20,0,0,0,4,4,0,0,0,4,4,0,0,0,80,80,0,0,0,1255,4,0,0,0,0,0,0,0,0,0,0,0,0,0,0,0,4,4,0,0,0,325,220,120,50,35,10,15,10,4,0,0,70,70,0,0,0,25,25,0,0,0,450,120,60,30,25,4,100,65,35,0,0,125,125,0,0,0,100,100,0,0,0,420,205,65,85,30,25,90,90,0,0,0,70,70,0,0,0,50,50,0,0,0,60,25,10,15,0,0,15,15,0,0,0,4,4,0,0,0,20,20,0,0,0,185,214,75,15,14,2,21,21,23,19,21,15,21,29,29,21,21,21,65,65,21,21,21,136,84,36,36,72,21,17,17,21,21,21,26,25,2,21,21,85,85,21,21,21,188,79,50,47,31,30,76,63,44,26,21,92,92,21,21,21,115,115,21,21,21,147,87,65,47,62,14,49,45,25,11,21,87,87,21,21,21,112,112,21,21,21,65,27,27,21,21,21,7,7,21,21,21,10,10,21,21,21,57,57,21,21,21,200,1,21,21,21,21,21,21,21,21,21,21,21,21,21,21,21,1,1,21,21,21,119,108,71,60,38,18,14,13,7,21,21,53,53,21,21,21,34,34,21,21,21,154,69,62,39,38,4,80,70,35,21,21,110,110,21,21,21,59,59,21,21,21,145,110,45,83,37,37,65,65,21,21,21,54,54,21,21,21,34,34,21,21,21,43,28,13,26,21,21,23,23,21,21,21,4,4,21,21,21,25,25,21,21,21
2013thru2017,50,05000US48117,"Deaf Smith County, Texas",48,117,6120,3980,245,45,25,15,4,0,15,15,0,0,0,35,35,0,0,0,150,150,0,4,0,730,80,20,4,55,0,165,140,4,20,0,120,85,35,0,0,370,365,4,0,0,1740,170,80,35,45,10,265,210,55,0,0,415,390,25,0,0,885,885,4,0,0,1030,185,105,40,25,15,165,145,15,0,0,210,210,0,0,0,475,475,0,0,0,230,30,10,10,15,0,50,40,10,0,0,80,80,0,0,0,65,65,0,0,0,2140,170,55,0,0,35,20,30,15,15,0,0,55,55,0,0,0,30,15,0,15,0,335,115,50,40,15,10,30,20,4,10,0,40,40,0,0,0,145,145,0,0,0,920,295,140,45,90,20,145,105,30,10,0,80,75,0,4,0,400,400,0,0,0,630,220,15,45,155,10,90,85,4,0,0,120,120,0,0,0,195,195,0,0,0,90,35,0,15,20,0,4,4,0,0,0,25,25,0,0,0,25,25,0,0,0,178,192,92,49,43,21,6,21,22,22,21,21,21,43,43,21,21,21,69,68,21,6,21,185,56,22,8,47,21,108,104,2,33,21,66,54,39,21,21,119,119,11,21,21,207,67,48,29,33,15,81,81,44,21,21,122,122,24,21,21,166,167,4,21,21,176,85,67,43,24,19,55,56,25,21,21,92,92,21,21,21,122,122,21,21,21,95,29,16,14,23,21,38,33,21,21,21,57,57,21,21,21,59,59,21,21,21,238,91,46,21,21,36,29,24,24,23,21,21,70,70,21,21,21,32,25,21,22,21,110,64,38,46,18,15,31,30,11,14,21,39,39,21,21,21,79,79,21,21,21,177,94,74,36,50,20,86,78,31,19,21,63,62,21,11,21,111,111,21,21,21,146,88,24,47,74,15,73,70,11,21,21,61,61,21,21,21,89,89,21,21,21,57,41,21,24,33,21,8,8,21,21,21,39,39,21,21,21,30,30,21,21,21
2013thru2017,50,05000US48119,"Delta County, Texas",48,119,2035,1570,300,15,4,4,4,0,10,10,0,0,0,65,65,0,0,0,210,210,0,0,0,485,110,25,4,80,0,85,50,25,4,0,60,55,4,0,0,235,215,15,0,0,395,85,50,15,25,0,90,85,0,4,0,85,80,4,0,0,135,135,0,0,0,195,35,20,10,4,4,45,40,4,0,0,45,15,25,0,0,70,70,0,0,0,195,20,4,0,10,0,80,65,15,0,0,15,15,0,0,0,80,80,0,0,0,465,25,10,0,0,10,0,4,4,0,0,0,0,0,0,0,0,15,15,0,0,0,150,70,4,15,45,4,4,4,4,0,0,20,20,0,0,0,50,50,0,0,0,195,135,45,50,40,0,25,20,4,0,0,25,25,0,0,0,10,10,0,0,0,65,20,0,4,15,0,25,4,20,0,0,10,10,0,0,0,10,10,0,0,0,30,10,4,0,10,0,15,15,0,0,0,0,0,0,0,0,4,4,0,0,0,86,110,82,13,7,11,19,19,21,21,19,19,19,48,48,19,19,19,62,62,19,19,19,106,68,26,11,59,19,39,31,23,9,19,48,48,11,19,19,92,89,23,19,19,83,41,29,17,17,19,54,54,19,11,19,48,46,4,19,19,46,46,19,19,19,50,28,18,18,10,19,27,27,5,19,19,40,19,36,19,19,38,38,19,19,19,67,14,12,19,14,19,49,42,23,19,19,11,11,19,19,19,42,42,19,19,19,91,28,14,19,19,14,19,4,4,19,19,19,19,19,19,19,19,22,22,19,19,19,54,39,10,18,32,15,7,1,4,19,19,15,15,19,19,19,37,37,19,19,19,52,48,29,34,28,19,20,18,4,19,19,19,19,19,19,19,11,11,19,19,19,39,19,19,19,16,19,27,11,26,19,19,13,13,19,19,19,15,15,19,19,19,24,13,2,19,14,19,20,20,19,19,19,19,19,19,19,19,5,5,19,19,19
2013thru2017,50,05000US48121,"Denton County, Texas",48,121,275165,177520,82985,4695,705,1145,2675,170,6180,2185,2920,1075,0,11380,7345,3335,700,0,60730,56410,3810,515,0,69265,6405,1335,1815,2995,260,7325,3690,2580,1055,0,11555,8740,2375,440,0,43980,42135,1695,150,0,20720,3155,1085,810,1175,85,3565,2350,1045,170,0,5045,4305,630,110,0,8950,8760,170,25,0,3425,695,285,150,190,65,570,520,55,0,0,710,660,50,0,0,1450,1410,40,0,0,1135,265,65,100,95,10,325,245,50,35,0,200,170,30,0,0,345,335,4,4,0,97640,33010,7880,735,1370,5400,370,6545,1585,4320,635,0,7765,6110,1555,100,0,10825,10630,195,0,0,45500,14015,960,4225,7745,1080,11160,5865,4785,510,0,10275,9100,1120,55,0,10055,9880,175,0,0,14925,6400,755,1670,3605,370,3220,1820,1300,100,0,3235,2965,270,0,0,2070,2055,15,0,0,3355,1375,245,375,735,20,690,485,195,10,0,695,675,20,0,0,595,595,0,0,0,850,340,80,100,160,0,80,25,45,10,0,345,300,45,0,0,90,90,0,0,0,1154,1422,1277,519,190,223,382,67,567,335,412,204,31,840,640,430,162,31,1181,1207,399,152,31,1329,534,274,267,429,79,519,363,379,188,31,671,580,295,140,31,1253,1206,270,80,31,727,369,228,187,233,52,408,318,213,81,31,478,458,160,55,31,552,548,105,15,31,368,152,118,61,96,96,141,140,40,31,31,178,177,48,31,31,254,253,37,31,31,244,89,47,56,64,14,150,141,37,33,31,98,85,35,31,31,104,105,6,6,31,1421,993,720,254,319,599,156,596,289,481,199,31,698,635,340,76,31,682,686,88,31,31,1188,849,252,515,523,292,800,672,525,157,31,748,683,207,48,31,598,585,91,31,31,939,602,208,342,462,158,382,284,256,68,31,479,451,127,31,31,359,360,19,31,31,400,270,88,122,206,34,202,141,112,13,31,162,161,19,31,31,238,238,31,31,31,220,111,61,80,69,31,58,22,49,16,31,175,162,41,31,31,49,49,31,31,31
2013thru2017,50,05000US48123,"DeWitt County, Texas",48,123,7260,5465,815,175,85,40,40,10,130,30,4,95,0,45,45,0,0,0,465,450,15,0,0,1645,485,375,55,50,4,240,225,10,0,0,225,200,25,0,0,695,695,0,0,0,1155,210,115,65,25,10,255,245,10,0,0,180,180,0,0,0,505,505,0,0,0,1020,235,100,80,55,0,95,80,15,0,0,265,265,0,0,0,425,420,4,0,0,830,220,75,50,95,0,120,110,4,0,0,140,135,4,0,0,355,355,0,0,0,1795,150,90,0,65,15,10,25,25,0,0,0,15,15,0,0,0,20,20,0,0,0,465,215,100,60,55,0,110,60,45,0,0,70,70,0,0,0,75,75,0,0,0,355,170,40,85,50,0,15,4,10,0,0,70,60,15,0,0,95,95,0,0,0,410,160,70,25,65,0,50,45,4,0,0,20,20,0,0,0,180,180,0,0,0,420,115,15,50,30,20,155,55,40,60,0,50,50,0,0,0,95,95,0,0,0,270,241,172,86,75,35,30,17,76,33,10,71,25,27,27,25,25,25,119,115,18,25,25,236,143,141,34,41,16,84,83,15,25,25,90,89,32,25,25,158,158,25,25,25,221,79,67,41,28,14,139,135,16,25,25,80,80,25,25,25,142,142,25,25,25,198,95,61,49,38,25,50,52,24,25,25,91,91,25,25,25,138,139,13,25,25,151,84,51,33,57,25,61,61,13,25,25,56,56,10,25,25,97,97,25,25,25,246,90,83,25,78,25,15,40,40,25,25,25,25,25,25,25,25,27,27,25,25,25,151,81,64,50,40,25,89,53,71,25,25,59,59,25,25,25,50,50,25,25,25,120,98,30,59,68,25,14,14,13,25,25,50,44,23,25,25,55,55,25,25,25,150,93,54,29,73,25,32,30,13,25,25,18,18,25,25,25,111,111,25,25,25,144,68,19,47,38,22,112,38,54,92,25,36,36,25,25,25,63,63,25,25,25
2013thru2017,50,05000US48125,"Dickens County, Texas",48,125,830,595,80,4,4,0,0,4,10,10,0,0,0,10,10,0,0,0,50,50,4,0,0,55,20,4,10,4,0,10,10,0,0,0,10,10,0,0,0,15,15,0,0,0,125,20,10,4,4,0,15,15,0,0,0,25,25,0,0,0,65,65,0,0,0,225,60,25,10,15,4,40,40,0,0,0,50,50,0,0,0,75,75,0,0,0,115,45,25,4,15,4,10,10,0,0,0,10,10,0,0,0,50,50,0,0,0,235,4,0,0,0,0,0,0,0,0,0,0,4,4,0,0,0,4,4,0,0,0,15,4,0,4,0,0,4,4,0,0,0,0,0,0,0,0,4,4,0,0,0,50,25,10,4,10,4,0,0,0,0,0,20,20,0,0,0,10,10,0,0,0,145,70,45,10,10,4,15,15,0,0,0,45,45,0,0,0,20,20,4,0,0,20,4,0,4,4,0,4,4,0,0,0,4,4,0,0,0,10,10,0,0,0,74,59,29,10,3,13,13,2,15,15,13,13,13,11,11,13,13,13,26,25,7,13,13,25,12,8,13,5,13,13,13,13,13,13,14,14,13,13,13,13,13,13,13,13,33,14,11,4,10,13,13,13,13,13,13,18,18,13,13,13,25,25,13,13,13,42,30,19,10,17,13,17,17,13,13,13,26,26,13,13,13,24,24,13,13,13,39,29,27,3,15,1,13,13,13,13,13,15,15,13,13,13,19,19,13,13,13,60,2,13,13,13,13,13,13,13,13,13,13,4,4,13,13,13,1,1,13,13,13,14,13,13,13,13,13,5,5,13,13,13,13,13,13,13,13,12,12,13,13,13,26,17,11,13,15,5,13,13,13,13,13,18,18,13,13,13,12,12,13,13,13,52,39,33,16,14,6,15,15,13,13,13,33,33,13,13,13,12,14,2,13,13,13,8,13,13,1,13,2,2,13,13,13,2,2,13,13,13,13,13,13,13,13
2013thru2017,50,05000US48127,"Dimmit County, Texas",48,127,3475,2450,205,35,15,10,10,4,100,75,25,0,0,10,10,0,0,0,60,60,0,0,0,745,120,115,4,0,0,75,70,4,0,0,290,290,0,0,0,260,260,0,0,0,790,420,265,80,75,0,165,160,0,4,0,115,115,0,0,0,90,90,0,0,0,525,250,185,0,60,0,75,55,20,0,0,40,40,0,0,0,165,165,0,0,0,185,45,40,0,4,0,90,90,0,0,0,0,0,0,0,0,50,50,0,0,0,1030,45,20,10,15,0,0,0,0,0,0,0,0,0,0,0,0,25,25,0,0,0,380,160,85,15,60,0,60,60,0,0,0,135,135,0,0,0,25,25,0,0,0,355,145,25,30,90,0,10,10,0,0,0,80,80,0,0,0,125,125,0,0,0,175,170,125,0,45,0,0,0,0,0,0,10,10,0,0,0,0,0,0,0,0,70,30,0,4,0,20,0,0,0,0,0,45,0,45,0,0,0,0,0,0,0,224,270,102,24,15,14,15,21,69,65,32,21,21,20,20,21,21,21,65,65,21,21,21,220,57,56,6,21,21,63,65,8,21,21,169,169,21,21,21,152,152,21,21,21,216,156,109,84,94,21,116,114,21,6,21,90,90,21,21,21,84,84,21,21,21,204,134,127,21,58,21,87,71,40,21,21,51,51,21,21,21,134,134,21,21,21,112,36,36,21,7,21,98,98,21,21,21,21,21,21,21,21,45,45,21,21,21,260,38,24,13,19,21,21,21,21,21,21,21,21,21,21,21,21,37,37,21,21,21,165,90,66,17,69,21,72,72,21,21,21,117,117,21,21,21,49,49,21,21,21,138,84,34,46,74,21,15,15,21,21,21,66,66,21,21,21,105,105,21,21,21,160,160,147,21,60,21,21,21,21,21,21,14,14,21,21,21,21,21,21,21,21,79,40,21,17,21,39,21,21,21,21,21,68,21,68,21,21,21,21,21,21,21
2013thru2017,50,05000US48129,"Donley County, Texas",48,129,1230,915,85,4,0,0,4,0,30,25,0,4,0,15,4,4,4,0,35,35,0,0,0,225,55,35,4,15,0,35,30,4,4,0,45,45,0,0,0,90,90,0,0,0,230,40,4,10,25,0,25,25,0,0,0,65,65,0,0,0,95,95,0,0,0,170,30,15,4,10,0,30,25,4,0,0,45,45,0,0,0,65,65,0,0,0,210,40,30,4,4,0,40,35,4,0,0,40,35,4,0,0,90,90,0,0,0,315,40,10,10,0,4,0,4,0,4,0,0,4,4,0,0,0,15,15,0,0,0,75,35,10,10,15,0,10,4,4,0,0,25,25,0,0,0,10,10,0,0,0,105,45,4,20,20,0,10,4,4,0,0,10,10,0,0,0,35,35,4,0,0,65,30,15,0,15,0,10,4,4,0,0,4,4,0,0,0,25,25,0,0,0,30,10,0,10,4,0,0,0,0,0,0,10,10,0,0,0,10,10,0,0,0,83,70,36,13,13,13,13,13,25,22,13,8,13,15,8,3,10,13,23,23,13,13,13,43,23,20,13,13,13,20,18,1,2,13,23,23,13,13,13,28,28,13,13,13,47,24,16,14,24,13,15,15,13,13,13,29,29,13,13,13,31,31,13,13,13,43,18,13,13,12,13,20,20,1,13,13,25,25,13,13,13,26,26,13,13,13,50,27,27,3,13,13,19,20,4,13,13,18,18,1,13,13,30,30,13,13,13,73,30,16,14,13,2,13,12,13,12,13,13,13,13,13,13,13,24,24,13,13,13,31,22,11,13,11,13,13,8,10,13,13,19,19,13,13,13,10,10,13,13,13,39,27,10,18,17,13,14,14,13,13,13,16,16,13,13,13,21,25,13,13,13,30,23,18,13,14,13,11,13,13,13,13,3,3,13,13,13,19,19,13,13,13,22,17,13,13,3,13,13,13,13,13,13,13,13,13,13,13,13,13,13,13,13
2013thru2017,50,05000US48131,"Duval County, Texas",48,131,3845,2585,575,165,120,15,30,0,55,55,0,0,0,60,60,0,0,0,295,295,4,0,0,520,150,35,40,45,30,110,65,50,0,0,100,100,0,0,0,160,160,0,0,0,715,155,80,50,10,15,190,190,0,0,0,170,170,0,0,0,200,200,0,0,0,575,260,175,35,15,30,95,95,0,0,0,90,85,4,0,0,130,130,0,0,0,200,60,0,35,25,4,25,25,0,0,0,40,40,0,0,0,75,75,0,0,0,1260,190,50,50,0,0,0,35,35,0,0,0,65,45,15,0,0,45,45,0,0,0,445,205,120,40,45,0,60,60,0,0,0,95,95,0,0,0,85,85,0,0,0,370,245,100,100,35,15,45,15,30,0,0,50,50,0,0,0,30,30,0,0,0,205,65,30,4,20,10,70,25,45,0,0,55,55,0,0,0,15,15,0,0,0,50,4,4,0,0,0,25,25,0,0,0,0,0,0,0,0,20,20,0,0,0,214,191,153,99,91,24,30,21,35,35,21,21,21,43,43,21,21,21,123,123,2,21,21,108,73,40,41,38,41,72,46,53,21,21,69,69,21,21,21,78,78,21,21,21,148,70,55,38,15,26,91,91,21,21,21,86,86,21,21,21,89,89,21,21,21,147,108,95,36,23,39,63,63,21,21,21,53,52,10,21,21,68,68,21,21,21,100,60,21,44,39,1,25,25,21,21,21,49,49,21,21,21,52,52,21,21,21,229,89,50,50,21,21,21,38,38,21,21,21,58,53,20,21,21,44,44,21,21,21,146,93,79,42,51,21,78,78,21,21,21,63,63,21,21,21,67,67,21,21,21,144,110,68,83,34,23,55,20,50,21,21,52,52,21,21,21,45,45,21,21,21,102,54,35,12,30,17,62,34,50,21,21,56,56,21,21,21,24,24,21,21,21,35,1,1,21,21,21,23,23,21,21,21,21,21,21,21,21,29,29,21,21,21
2013thru2017,50,05000US48133,"Eastland County, Texas",48,133,6435,4815,750,250,105,85,15,45,125,105,20,0,0,105,95,10,0,0,275,275,0,0,0,985,315,95,60,55,110,150,135,10,4,0,225,220,4,0,0,290,290,4,0,0,1180,395,175,80,85,60,205,160,40,4,0,180,135,45,0,0,400,390,10,0,0,1170,480,210,115,4,150,180,145,30,0,0,265,240,30,0,0,245,245,0,0,0,730,180,80,50,20,30,280,270,4,0,0,110,105,4,0,0,160,160,0,0,0,1620,150,50,4,4,40,0,50,50,0,0,0,0,0,0,0,0,55,55,0,0,0,320,95,30,4,20,40,100,55,45,0,0,90,90,0,0,0,35,35,0,0,0,625,170,55,15,85,15,190,170,20,0,0,85,85,0,0,0,180,180,0,0,0,455,90,30,4,15,40,120,120,0,0,0,135,135,0,0,0,110,110,0,0,0,70,35,30,0,10,0,15,15,0,0,0,0,0,0,0,0,20,20,0,0,0,356,305,192,125,81,72,18,45,76,75,17,21,21,63,58,14,21,21,119,119,21,21,21,203,109,54,46,70,67,91,89,18,2,21,106,106,12,21,21,108,107,7,21,21,202,151,122,69,65,46,91,79,37,18,21,96,76,55,21,21,138,137,19,21,21,175,171,113,64,15,106,75,71,34,21,21,97,94,35,21,21,93,93,21,21,21,152,76,50,54,20,26,127,126,16,21,21,49,50,7,21,21,73,73,21,21,21,272,98,60,4,21,57,21,65,65,21,21,21,21,21,21,21,21,39,39,21,21,21,112,57,33,6,21,37,81,56,53,21,21,69,69,21,21,21,30,30,21,21,21,190,80,44,26,59,22,123,119,26,21,21,64,64,21,21,21,98,98,21,21,21,136,58,30,9,23,49,88,88,21,21,21,86,86,21,21,21,68,68,21,21,21,42,29,25,21,15,21,24,24,21,21,21,21,21,21,21,21,19,19,21,21,21
2013thru2017,50,05000US48135,"Ector County, Texas",48,135,51475,33995,6325,505,80,140,200,90,720,260,320,140,0,860,590,240,25,0,4245,4035,195,15,0,7130,1020,380,290,300,50,1085,825,145,115,0,1230,1115,95,15,0,3795,3695,100,0,0,8605,1235,475,250,465,45,1195,755,205,235,0,1460,1250,170,40,0,4715,4645,55,10,0,11300,1575,675,270,565,60,1800,1475,240,85,0,2075,1850,225,0,0,5850,5800,50,0,0,635,245,230,0,10,0,105,90,15,0,0,110,110,0,0,0,180,180,0,0,0,17480,2125,460,140,110,180,30,375,250,70,55,0,305,260,35,10,0,980,920,60,0,0,4905,1145,250,340,510,50,840,425,255,160,0,1165,920,245,0,0,1750,1710,30,15,0,6565,1745,375,385,835,150,1445,610,545,285,0,1630,1250,340,40,0,1745,1720,25,0,0,3805,1055,280,170,480,130,740,140,430,170,0,765,600,160,10,0,1245,1190,50,0,0,80,10,0,10,0,0,30,30,0,0,0,25,0,0,25,0,20,20,0,0,0,578,717,565,151,68,84,99,64,231,104,165,105,31,234,192,115,35,31,459,456,92,25,31,509,249,116,138,132,53,260,227,108,74,31,218,217,55,23,31,428,445,89,31,31,553,242,144,98,142,41,265,192,130,129,31,275,241,93,39,31,445,447,40,19,31,649,321,251,115,175,41,333,300,119,95,31,326,298,155,31,31,541,548,60,31,31,193,133,131,31,23,31,59,58,19,31,31,71,71,31,31,31,89,89,31,31,31,797,363,155,85,93,105,28,175,138,69,68,31,114,108,38,18,31,275,261,90,31,31,515,293,144,165,196,52,240,182,111,95,31,314,259,158,31,31,324,329,44,26,31,611,340,179,187,238,114,302,203,198,158,31,433,388,137,61,31,353,351,29,31,31,504,255,136,123,188,89,216,74,197,98,31,220,161,125,14,31,273,267,63,31,31,57,14,31,14,31,31,45,45,31,31,31,35,31,31,35,31,24,24,31,31,31
2013thru2017,50,05000US48137,"Edwards County, Texas",48,137,635,550,65,25,25,0,0,0,10,4,4,0,0,0,0,0,0,0,35,35,0,0,0,160,30,25,0,4,0,10,10,0,0,0,40,40,0,0,0,85,85,0,0,0,95,60,35,10,15,0,4,4,0,0,0,10,10,0,0,0,20,20,0,0,0,130,40,20,0,20,0,15,15,0,0,0,30,30,0,0,0,45,45,0,0,0,100,10,0,0,10,0,25,25,4,0,0,15,15,0,0,0,50,50,0,0,0,85,4,0,0,0,0,0,0,0,0,0,0,0,0,0,0,0,4,4,0,0,0,0,0,0,0,0,0,0,0,0,0,0,0,0,0,0,0,0,0,0,0,0,25,15,15,0,0,0,10,10,0,0,0,0,0,0,0,0,0,0,0,0,0,25,0,0,0,0,0,20,20,0,0,0,4,0,4,0,0,0,0,0,0,0,30,10,10,0,0,0,20,20,0,0,0,0,0,0,0,0,0,0,0,0,0,124,116,40,28,28,13,13,13,13,9,13,13,13,13,13,13,13,13,31,31,13,13,13,71,30,30,13,9,13,13,13,13,13,13,38,38,13,13,13,56,56,13,13,13,45,39,30,16,18,13,19,19,13,13,13,14,14,13,13,13,20,20,13,13,13,58,34,25,13,27,13,16,16,13,13,13,30,30,13,13,13,39,39,13,13,13,58,14,13,13,14,13,24,23,1,13,13,23,23,13,13,13,43,43,13,13,13,45,13,13,13,13,13,13,13,13,13,13,13,13,13,13,13,13,13,13,13,13,13,13,13,13,13,13,13,13,13,13,13,13,13,13,13,13,13,13,13,13,13,13,27,22,22,13,13,13,14,14,13,13,13,13,13,13,13,13,13,13,13,13,13,19,13,13,13,13,13,17,17,13,13,13,13,13,13,13,13,13,13,13,13,13,26,15,15,13,13,13,24,24,13,13,13,13,13,13,13,13,13,13,13,13,13
2013thru2017,50,05000US48139,"Ellis County, Texas",48,139,54725,39980,15500,1390,370,255,630,130,1310,670,430,210,0,3460,2750,575,130,0,9345,9030,265,50,0,14145,2000,685,485,795,35,2295,1610,560,125,0,3390,3010,380,0,0,6460,6315,145,0,0,6320,1540,685,295,540,20,1035,895,135,0,0,1545,1430,115,0,0,2200,2190,10,0,0,2340,470,190,125,155,0,550,480,65,10,0,650,650,0,0,0,670,670,0,0,0,1670,325,95,125,100,0,290,240,25,25,0,465,435,30,0,0,590,590,0,0,0,14745,4870,1460,415,295,705,50,1375,605,750,20,0,1185,1030,155,0,0,845,845,0,0,0,4980,2210,330,755,1075,50,1230,860,360,10,0,1050,970,75,0,0,490,490,0,0,0,2600,985,255,305,405,20,660,480,185,0,0,455,405,50,0,0,495,495,0,0,0,1510,660,100,260,285,10,485,265,220,0,0,185,185,0,0,0,180,180,0,0,0,790,370,40,100,230,0,95,90,4,0,0,120,115,4,0,0,200,200,0,0,0,476,799,623,249,128,93,172,95,222,157,125,113,31,442,370,212,109,31,466,460,92,53,31,610,304,160,155,203,31,329,242,167,74,31,356,368,143,31,31,547,545,71,31,31,354,269,147,106,210,22,191,187,78,31,31,274,257,76,31,31,308,305,12,31,31,296,147,84,79,96,31,170,158,57,14,31,177,177,31,31,31,135,135,31,31,31,235,91,46,63,47,31,78,74,25,35,31,166,168,35,31,31,127,127,31,31,31,703,540,212,160,118,193,31,359,219,257,34,31,243,216,103,31,31,220,220,31,31,31,457,326,155,250,224,42,277,239,159,22,31,233,243,75,31,31,161,161,31,31,31,367,197,83,148,124,29,208,168,122,31,31,166,145,62,31,31,223,223,31,31,31,252,173,60,134,104,14,145,103,127,31,31,89,89,31,31,31,118,118,31,31,31,166,130,38,56,118,31,56,57,11,31,31,63,62,4,31,31,108,108,31,31,31
2013thru2017,50,05000US48141,"El Paso County, Texas",48,141,263200,162110,43435,5850,1260,1175,3035,380,5525,2490,2210,825,0,8085,5270,2555,255,0,23980,22515,1285,185,0,48845,9335,2905,2480,3325,625,7085,4755,1730,600,0,9370,8190,1090,90,0,23060,22315,710,35,0,40205,7865,3080,1620,2725,445,6815,4710,1600,500,0,7475,6380,925,170,0,18050,17625,395,30,0,23990,5905,2750,1305,1715,140,5170,3950,855,360,0,5320,4955,310,50,0,7600,7470,130,0,0,5630,1620,760,340,455,65,820,630,170,20,0,1100,1005,45,50,0,2090,2015,70,4,0,101090,24005,7435,1390,1850,3585,610,4425,1360,2720,345,0,4810,3380,1390,40,0,7340,7135,205,0,0,28230,10970,2015,3060,4910,990,6310,2965,2870,475,0,5440,4565,770,110,0,5505,5370,115,20,0,30240,12900,3325,3555,5085,930,7135,3780,3120,235,0,4550,3890,630,30,0,5660,5520,140,0,0,13935,7355,2340,2200,2450,365,3145,1995,940,210,0,1875,1705,140,25,0,1560,1535,30,0,0,4680,2520,480,640,1155,245,1060,510,515,35,0,425,290,135,0,0,675,655,15,0,0,1519,2245,1332,623,276,240,496,238,609,335,381,330,31,864,535,597,134,31,1191,1090,343,94,31,1279,710,304,367,419,201,686,539,309,216,31,666,619,251,54,31,951,954,171,33,31,1252,617,372,274,417,185,501,377,254,170,31,662,561,241,85,31,855,853,103,36,31,836,503,265,243,298,59,475,399,225,171,31,465,476,115,48,31,472,461,91,31,31,423,230,145,120,151,48,199,180,86,23,31,214,201,39,62,31,295,288,45,10,31,1894,1280,801,281,372,617,182,592,328,563,150,31,560,521,298,40,31,758,747,91,31,31,1226,780,307,451,519,276,623,385,472,277,31,618,565,222,64,31,554,551,54,25,31,1179,849,371,453,530,248,741,478,449,123,31,473,438,207,31,31,699,694,98,31,31,910,685,395,355,385,124,461,385,254,127,31,293,295,86,31,31,270,267,32,31,31,572,366,135,185,232,110,221,141,175,33,31,151,119,89,31,31,168,163,32,31,31
2013thru2017,50,05000US48143,"Erath County, Texas",48,143,13825,8805,2065,305,40,80,100,80,170,95,35,40,0,275,155,50,65,0,1320,1265,55,4,0,2905,385,125,75,120,65,380,295,35,50,0,495,360,100,35,0,1645,1605,20,20,0,2090,430,75,75,235,45,290,190,50,50,0,520,520,0,0,0,850,850,0,0,0,1035,180,60,25,85,10,155,70,85,0,0,295,245,50,0,0,410,410,0,0,0,705,100,35,40,4,20,180,180,0,0,0,115,45,70,0,0,315,315,0,0,0,5025,1370,845,175,120,420,130,105,75,25,4,0,170,75,50,50,0,250,250,0,0,0,1385,540,85,155,245,55,295,105,190,0,0,275,245,30,0,0,275,275,0,0,0,1495,670,85,55,525,10,260,190,25,45,0,150,90,40,20,0,415,415,0,0,0,450,80,35,15,25,0,125,110,15,0,0,130,110,20,0,0,120,120,0,0,0,320,115,10,4,80,20,100,75,30,0,0,45,45,0,0,0,55,55,0,0,0,447,406,233,131,51,78,77,56,65,46,32,31,28,106,69,35,71,28,215,209,33,1,28,344,140,81,68,82,55,122,112,26,38,28,171,131,94,34,28,263,256,29,26,28,309,154,40,57,136,50,122,98,46,49,28,181,181,28,28,28,197,197,28,28,28,249,111,43,30,91,15,93,50,80,28,28,134,130,45,28,28,139,139,28,28,28,179,48,26,35,10,22,118,118,28,28,28,71,30,65,28,28,120,120,28,28,28,390,275,221,153,97,183,113,52,53,25,4,28,103,40,44,80,28,113,113,28,28,28,255,184,84,93,118,51,123,63,104,28,28,116,108,45,28,28,120,120,28,28,28,259,193,83,47,182,13,137,121,32,55,28,87,64,39,32,28,151,151,28,28,28,136,52,45,20,26,28,77,76,25,28,28,78,71,32,28,28,63,63,28,28,28,110,66,18,3,62,24,68,64,32,28,28,46,46,28,28,28,48,48,28,28,28
2013thru2017,50,05000US48145,"Falls County, Texas",48,145,5405,3930,555,55,15,0,40,0,45,15,15,10,0,90,70,20,0,0,370,350,20,0,0,1005,190,20,35,125,4,175,150,15,15,0,185,185,4,0,0,455,430,30,0,0,1170,280,65,110,100,4,220,205,15,0,0,150,140,10,0,0,520,515,10,0,0,785,215,95,15,70,30,185,150,25,10,0,200,195,4,0,0,190,190,0,0,0,415,100,35,40,15,10,100,95,4,0,0,60,60,0,0,0,160,160,0,0,0,1475,85,45,45,0,0,0,0,0,0,0,0,20,20,0,0,0,15,15,0,0,0,380,250,65,90,60,35,30,30,0,0,0,35,35,0,0,0,60,60,0,0,0,525,270,120,75,60,15,100,85,20,0,0,125,125,0,0,0,30,30,0,0,0,335,145,55,15,75,4,50,50,4,0,0,120,120,0,0,0,15,15,0,0,0,150,120,4,30,65,20,10,10,0,0,0,4,4,0,0,0,15,15,0,0,0,267,189,111,32,17,21,27,21,32,19,27,15,21,41,35,25,21,21,94,92,26,21,21,150,64,19,24,57,4,102,97,20,16,21,62,62,2,21,21,104,107,37,21,21,191,98,34,71,49,3,87,84,23,21,21,55,53,14,21,21,113,111,13,21,21,151,87,63,17,51,23,65,62,24,19,21,82,83,3,21,21,68,68,21,21,21,103,54,36,43,14,14,41,40,21,21,21,38,38,21,21,21,69,69,21,21,21,217,45,35,35,21,21,21,21,21,21,21,21,17,17,21,21,21,27,27,21,21,21,104,97,44,60,48,46,26,26,21,21,21,22,22,21,21,21,51,51,21,21,21,135,108,70,47,46,20,55,53,21,21,21,71,71,21,21,21,20,20,21,21,21,116,67,35,22,53,10,38,37,3,21,21,86,86,21,21,21,18,18,21,21,21,91,85,12,43,72,36,20,20,21,21,21,13,13,21,21,21,16,16,21,21,21
2013thru2017,50,05000US48147,"Fannin County, Texas",48,147,12025,8975,2415,270,55,85,125,10,210,155,60,0,0,345,275,70,4,0,1590,1555,30,4,0,2500,305,110,95,85,15,400,285,75,40,0,520,440,70,10,0,1275,1260,15,0,0,2090,380,125,40,140,75,420,305,105,10,0,480,410,45,20,0,810,805,0,4,0,970,270,110,40,100,20,195,165,30,0,0,140,125,15,0,0,370,340,25,0,0,995,205,75,55,65,10,200,160,35,4,0,210,210,4,0,0,380,380,4,0,0,3050,565,265,30,10,225,0,85,35,50,0,0,95,85,10,0,0,120,120,0,0,0,945,330,105,135,75,15,255,205,40,10,0,230,230,0,4,0,135,135,0,0,0,795,355,120,105,125,4,180,125,45,10,0,120,110,15,0,0,135,135,0,0,0,385,180,80,55,45,0,85,70,15,0,0,65,65,0,0,0,55,55,0,0,0,360,90,35,20,30,0,85,70,15,0,0,100,95,4,0,0,85,85,0,0,0,304,289,192,80,26,48,52,14,78,64,35,28,28,85,79,39,28,28,176,179,30,9,28,239,78,53,44,42,15,109,87,49,52,28,138,114,62,14,28,168,165,19,28,28,231,95,49,31,76,62,107,86,55,13,28,124,112,35,27,28,177,176,28,28,28,148,78,44,27,57,31,65,65,34,28,28,57,55,15,28,28,105,101,38,28,28,120,63,36,28,39,13,73,63,35,4,28,69,67,4,28,28,84,84,4,28,28,264,150,126,25,14,127,28,57,32,50,28,28,48,46,14,28,28,55,55,28,28,28,195,92,50,65,38,29,111,103,22,13,28,99,99,28,28,28,65,65,28,28,28,179,122,69,76,74,6,67,52,40,13,28,66,65,24,28,28,58,58,28,28,28,115,82,57,50,22,28,37,37,15,28,28,48,48,28,28,28,27,27,28,28,28,103,34,25,22,26,28,60,58,17,28,28,52,53,12,28,28,57,57,28,28,28
2013thru2017,50,05000US48149,"Fayette County, Texas",48,149,9300,7550,1975,270,105,85,80,4,310,265,20,25,0,370,295,30,45,0,1025,1010,10,4,0,2285,315,165,80,40,25,405,350,45,10,0,410,390,20,0,0,1155,1130,25,0,0,1375,445,205,110,65,65,200,180,20,0,0,265,230,30,0,0,470,470,0,0,0,935,250,130,85,35,0,165,160,4,0,0,190,185,4,4,0,330,330,0,0,0,980,240,50,35,130,25,175,140,30,4,0,225,180,45,0,0,340,340,4,0,0,1745,295,90,25,25,40,0,25,4,15,0,0,80,80,0,0,0,105,105,0,0,0,645,175,40,40,80,20,60,50,0,4,0,150,150,0,0,0,260,260,0,0,0,335,160,35,65,45,15,50,40,10,0,0,75,75,0,0,0,50,50,0,0,0,180,50,25,15,10,0,80,60,20,0,0,35,35,0,0,0,15,15,0,0,0,290,100,35,50,15,4,60,50,10,0,0,45,45,0,0,0,80,80,0,0,0,304,313,282,105,62,58,62,5,140,137,19,22,25,110,89,25,59,25,203,202,9,3,25,273,101,73,42,29,27,137,129,46,16,25,93,95,23,25,25,208,208,24,25,25,189,118,90,54,43,56,81,80,17,25,25,93,92,45,25,25,126,126,25,25,25,139,76,56,60,24,25,68,67,25,25,25,74,75,4,25,25,95,95,25,25,25,187,93,27,25,86,29,73,66,36,3,25,93,77,48,25,25,107,108,2,25,25,231,115,48,25,27,32,25,20,14,19,25,25,84,84,25,25,25,62,62,25,25,25,164,66,26,36,57,24,55,54,25,9,25,70,70,25,25,25,123,123,25,25,25,108,79,35,46,40,30,30,27,16,25,25,59,59,25,25,25,41,41,25,25,25,64,40,34,20,14,25,54,47,21,25,25,23,23,25,25,25,14,14,25,25,25,109,64,33,50,15,3,41,38,13,25,25,38,38,25,25,25,61,61,25,25,25
2013thru2017,50,05000US48151,"Fisher County, Texas",48,151,1695,1225,105,10,4,10,0,0,0,0,0,0,0,4,4,0,0,0,90,90,0,0,0,175,20,4,10,0,4,10,10,4,0,0,40,40,0,0,0,105,100,4,0,0,400,80,45,25,10,0,65,65,0,0,0,100,85,4,4,0,160,155,4,0,0,455,80,30,20,15,15,75,65,10,0,0,115,95,15,0,0,190,190,0,0,0,95,4,4,0,0,0,25,15,10,0,0,25,25,0,0,0,35,35,0,0,0,470,30,4,0,0,4,0,10,10,0,0,0,15,15,0,0,0,0,0,0,0,0,55,15,4,4,4,0,0,0,0,0,0,20,15,4,0,0,20,20,0,0,0,175,90,45,30,4,10,20,20,0,0,0,40,40,0,0,0,25,25,0,0,0,150,65,30,20,10,0,30,30,0,0,0,10,10,0,0,0,45,45,0,0,0,55,4,0,0,4,0,4,4,0,0,0,40,40,0,0,0,10,10,0,0,0,116,94,46,17,3,14,13,13,13,13,13,13,13,3,3,13,13,13,42,42,13,13,13,48,17,13,15,13,8,16,13,2,13,13,26,26,13,13,13,37,37,1,13,13,66,36,27,18,18,13,35,35,13,13,13,39,37,11,9,13,44,43,9,13,13,73,33,19,18,15,15,28,26,10,13,13,48,43,27,13,13,43,43,13,13,13,40,10,10,13,13,13,20,12,13,13,13,17,17,13,13,13,22,22,13,13,13,84,27,9,13,13,9,13,21,21,13,13,13,15,15,13,13,13,13,13,13,13,13,36,14,2,11,9,13,13,13,13,13,13,19,19,8,13,13,21,21,13,13,13,57,47,33,29,14,13,16,16,13,13,13,34,34,13,13,13,26,26,13,13,13,45,29,22,16,11,13,27,27,13,13,13,14,14,13,13,13,38,38,13,13,13,38,4,13,13,4,13,2,2,13,13,13,35,35,13,13,13,14,14,13,13,13
2013thru2017,50,05000US48153,"Floyd County, Texas",48,153,2320,1685,70,4,0,4,0,4,20,20,0,0,0,10,0,10,0,0,30,30,0,0,0,135,15,0,4,0,10,20,10,10,0,0,15,15,0,0,0,85,85,0,0,0,765,135,80,20,25,15,65,50,15,0,0,165,160,4,0,0,400,400,0,0,0,575,105,50,35,15,4,100,100,4,0,0,100,100,0,0,0,260,260,0,0,0,140,40,0,4,35,0,25,20,0,10,0,30,30,0,0,0,45,45,0,0,0,635,40,15,0,0,15,0,4,4,0,0,0,0,0,0,0,0,20,20,0,0,0,55,25,25,0,0,0,25,25,0,0,0,0,0,0,0,0,4,4,0,0,0,235,120,30,55,35,4,35,35,0,0,0,50,50,0,0,0,25,25,0,0,0,285,85,45,4,40,0,80,70,10,0,0,55,55,0,0,0,65,65,0,0,0,15,4,0,0,4,0,4,4,0,0,0,0,0,0,0,0,10,10,0,0,0,104,112,34,13,19,2,19,2,22,22,19,19,19,11,19,11,19,19,23,23,19,19,19,47,20,19,13,19,18,18,16,13,19,19,17,17,19,19,19,38,38,19,19,19,115,55,44,16,19,23,29,28,17,19,19,56,58,9,19,19,98,98,19,19,19,111,47,27,28,18,3,55,54,4,19,19,47,47,19,19,19,76,76,19,19,19,59,33,19,4,33,19,17,16,19,13,19,29,29,19,19,19,36,36,19,19,19,128,34,25,19,19,25,19,13,13,19,19,19,19,19,19,19,19,23,23,19,19,19,30,27,27,19,19,19,22,22,19,19,19,19,19,19,19,19,2,2,19,19,19,83,53,23,46,24,8,39,39,19,19,19,37,37,19,19,19,25,25,19,19,19,99,54,48,3,34,19,59,59,14,19,19,37,37,19,19,19,51,51,19,19,19,18,3,19,19,3,19,2,2,19,19,19,19,19,19,19,19,16,16,19,19,19
2013thru2017,50,05000US48155,"Foard County, Texas",48,155,560,450,15,0,0,0,0,0,15,4,4,0,0,0,0,0,0,0,4,4,0,0,0,80,4,4,4,0,0,25,15,10,0,0,10,10,0,0,0,40,40,0,0,0,85,15,4,0,10,0,30,30,0,0,0,15,4,10,0,0,25,25,0,0,0,160,10,10,0,0,0,50,50,0,0,0,40,40,0,0,0,60,60,0,0,0,105,20,15,4,0,0,15,10,4,0,0,25,25,0,0,0,40,40,0,0,0,110,15,0,0,0,0,0,4,4,0,0,0,0,0,0,0,0,10,10,0,0,0,15,10,10,0,0,0,10,0,0,10,0,0,0,0,0,0,0,0,0,0,0,35,15,15,0,0,0,10,10,0,0,0,0,0,0,0,0,10,10,0,0,0,15,0,0,0,0,0,4,4,0,0,0,4,4,0,0,0,10,10,0,0,0,30,4,4,0,0,0,0,0,0,0,0,0,0,0,0,0,25,25,0,0,0,68,67,18,13,13,13,13,13,16,13,17,13,13,13,13,13,13,13,13,13,13,13,13,40,14,1,6,13,13,24,22,19,13,13,12,12,13,13,13,28,28,13,13,13,37,18,3,13,19,13,20,20,13,13,13,15,7,14,13,13,25,25,13,13,13,52,18,18,13,13,13,32,32,13,13,13,28,28,13,13,13,29,29,13,13,13,43,23,22,11,13,13,15,15,2,13,13,26,26,13,13,13,28,28,13,13,13,42,17,13,13,13,13,13,11,11,13,13,13,13,13,13,13,13,14,14,13,13,13,16,14,14,13,13,13,14,13,13,14,13,13,13,13,13,13,13,13,13,13,13,24,14,14,13,13,13,15,15,13,13,13,13,13,13,13,13,15,15,13,13,13,13,13,13,13,13,13,13,13,13,13,13,13,13,13,13,13,14,14,13,13,13,27,7,7,13,13,13,13,13,13,13,13,13,13,13,13,13,26,26,13,13,13
2013thru2017,50,05000US48157,"Fort Bend County, Texas",48,157,222330,173535,91250,5605,980,410,3645,575,6885,2380,2455,2050,0,11560,6635,4210,710,0,67195,62535,4285,375,0,57830,6670,1375,1645,3305,345,6610,3305,1930,1380,0,8650,6440,1905,300,0,35900,34370,1350,180,0,21130,3590,1165,885,1400,135,3040,2240,540,255,0,4765,4090,670,0,0,9740,9620,120,0,0,2375,560,315,130,120,0,525,435,90,0,0,540,480,65,0,0,745,710,35,0,0,955,180,80,30,70,0,220,185,35,0,0,145,140,4,0,0,410,410,0,0,0,48795,19510,4125,255,615,2935,315,2945,665,1705,575,0,3715,2285,1210,225,0,8720,8350,355,15,0,19575,5140,970,1060,2655,460,3665,1195,1840,630,0,4300,3220,1025,55,0,6470,6320,150,0,0,7875,3330,675,790,1770,95,1230,610,525,95,0,1440,1185,255,0,0,1880,1880,0,0,0,1430,670,105,120,400,45,330,245,85,0,0,215,175,40,0,0,215,215,0,0,0,405,230,25,90,95,20,80,80,0,0,0,15,15,0,0,0,85,85,0,0,0,1127,1910,1783,753,285,161,618,227,790,413,478,510,31,1026,784,625,242,31,1928,1941,609,162,31,1405,636,254,396,462,161,637,459,384,367,31,619,485,373,136,31,1216,1194,231,100,31,923,441,277,227,295,78,407,340,159,113,31,525,480,225,31,31,721,721,64,31,31,351,164,129,69,82,31,182,166,75,31,31,183,177,46,31,31,198,192,38,31,31,245,86,70,30,46,31,126,127,59,31,31,86,85,10,31,31,126,126,31,31,31,1713,1285,592,151,209,498,234,561,258,438,220,31,458,456,304,125,31,1117,1079,165,29,31,1161,696,304,341,494,194,545,246,372,238,31,548,504,244,47,31,692,698,95,31,31,714,443,232,238,318,65,323,204,200,80,31,284,227,131,31,31,405,405,31,31,31,263,208,82,74,159,48,128,104,59,31,31,108,100,36,31,31,106,106,31,31,31,147,124,41,111,85,31,69,69,31,31,31,24,24,31,31,31,47,47,31,31,31
2013thru2017,50,05000US48159,"Franklin County, Texas",48,159,3930,2930,620,60,0,4,50,0,85,30,50,4,0,100,85,15,0,0,375,355,10,10,0,1250,285,55,130,90,10,300,240,20,40,0,220,160,30,30,0,445,405,40,0,0,585,135,35,4,80,15,65,30,35,0,0,115,115,0,0,0,270,260,4,0,0,295,70,40,15,15,0,75,75,0,0,0,30,20,10,0,0,120,120,0,0,0,175,50,10,4,25,4,45,35,4,0,0,60,55,4,0,0,25,25,0,0,0,1000,115,60,10,10,30,10,4,4,0,0,0,45,45,0,0,0,4,4,0,0,0,445,165,50,35,80,0,70,50,15,0,0,70,60,0,10,0,140,135,4,0,0,235,95,55,25,15,0,30,10,20,0,0,55,55,0,0,0,55,55,0,0,0,100,30,4,15,15,0,50,25,25,0,0,4,4,0,0,0,20,20,0,0,0,110,65,60,0,10,0,20,20,0,0,0,20,20,0,0,0,0,0,0,0,0,252,252,152,48,21,14,48,21,70,31,63,7,21,60,56,19,21,21,109,106,15,15,21,222,101,55,85,51,14,129,118,25,39,21,106,90,42,34,21,147,134,60,21,21,146,91,37,5,74,25,45,29,27,21,21,62,62,21,21,21,114,116,15,21,21,89,45,37,22,17,21,57,57,21,21,21,28,25,15,21,21,60,60,21,21,21,95,35,14,10,31,10,43,41,14,21,21,84,85,10,21,21,23,23,21,21,21,179,63,43,15,18,36,15,8,8,21,21,21,41,41,21,21,21,14,14,21,21,21,142,72,44,35,63,21,57,52,19,21,21,66,64,21,14,21,82,80,15,21,21,79,57,43,29,25,21,30,13,32,21,21,45,45,21,21,21,47,47,21,21,21,56,31,1,23,20,21,37,18,38,21,21,6,6,21,21,21,20,20,21,21,21,70,51,52,21,13,21,33,33,21,21,21,29,29,21,21,21,21,21,21,21,21
2013thru2017,50,05000US48161,"Freestone County, Texas",48,161,7230,5410,1420,215,70,40,105,4,280,155,85,40,0,165,105,50,10,0,760,725,35,0,0,1855,300,120,75,105,0,360,325,20,10,0,260,220,40,0,0,935,930,10,0,0,1385,290,130,75,60,25,295,280,10,4,0,140,140,0,0,0,660,655,4,0,0,410,130,70,35,25,0,55,55,4,0,0,65,50,15,0,0,160,145,15,0,0,335,105,20,45,40,0,40,30,4,4,0,80,80,0,0,0,105,100,4,0,0,1825,285,220,15,50,90,60,15,15,4,0,0,15,15,0,0,0,35,35,0,0,0,625,225,120,25,80,0,160,135,20,0,0,80,80,0,0,0,160,160,0,0,0,380,115,10,65,30,10,80,60,10,4,0,85,85,0,0,0,100,100,0,0,0,360,115,4,90,20,0,55,40,15,0,0,55,55,0,0,0,135,135,0,0,0,175,40,0,0,35,4,25,15,10,0,0,60,60,0,0,0,50,50,0,0,0,281,289,217,107,55,31,87,11,106,60,85,37,21,63,47,46,22,21,167,168,30,21,21,208,82,46,35,57,21,136,134,17,16,21,102,92,36,21,21,182,178,15,21,21,232,127,93,63,40,41,124,124,14,5,21,56,56,21,21,21,153,155,12,21,21,110,65,51,39,32,21,39,39,1,21,21,39,35,22,21,21,65,61,27,21,21,86,65,28,40,50,21,26,25,1,13,21,47,47,21,21,21,57,55,7,21,21,243,125,112,26,58,68,57,18,15,1,21,21,26,26,21,21,21,43,43,21,21,21,157,102,81,23,50,21,113,108,25,21,21,56,56,21,21,21,92,92,21,21,21,102,62,14,41,34,19,46,43,14,11,21,49,49,21,21,21,66,66,21,21,21,142,81,9,82,24,21,43,37,21,21,21,57,57,21,21,21,86,86,21,21,21,85,35,21,21,35,21,22,16,14,21,21,86,86,21,21,21,41,41,21,21,21
2013thru2017,50,05000US48163,"Frio County, Texas",48,163,4530,3175,535,175,60,10,55,55,20,15,4,0,0,105,65,40,0,0,230,200,30,0,0,1335,245,160,30,25,30,300,215,70,15,0,310,300,10,0,0,475,475,0,0,0,750,220,155,25,45,0,170,150,20,0,0,105,105,0,0,0,255,255,0,0,0,430,185,35,40,85,25,100,65,0,30,0,70,65,4,0,0,75,75,0,0,0,130,45,40,0,4,0,30,4,25,0,0,4,4,0,0,0,55,20,35,0,0,1355,115,95,40,0,55,0,4,4,0,0,0,15,15,0,0,0,0,0,0,0,0,715,225,105,10,55,50,165,85,80,0,0,195,195,0,0,0,130,130,0,0,0,365,110,40,10,60,0,20,10,10,0,0,105,105,0,0,0,130,130,0,0,0,125,45,45,0,0,4,35,35,0,0,0,30,10,20,0,0,15,15,0,0,0,40,0,0,0,0,0,4,0,4,0,0,40,40,0,0,0,0,0,0,0,0,316,320,190,110,65,18,59,73,30,25,17,21,21,97,76,60,21,21,122,117,48,21,21,260,137,110,45,35,45,171,149,87,29,21,156,156,16,21,21,159,159,21,21,21,197,100,88,23,54,21,84,76,30,21,21,89,89,21,21,21,112,112,21,21,21,139,96,32,42,69,43,69,45,21,47,21,77,79,6,21,21,52,52,21,21,21,76,33,32,21,9,21,41,7,39,21,21,6,6,21,21,21,57,29,53,21,21,263,71,69,51,21,46,21,21,21,21,21,21,25,25,21,21,21,21,21,21,21,21,208,123,107,20,45,59,114,86,81,21,21,117,117,21,21,21,88,88,21,21,21,147,72,40,15,61,21,25,18,15,21,21,85,85,21,21,21,101,101,21,21,21,90,65,63,21,21,3,39,39,21,21,21,44,23,35,21,21,22,22,21,21,21,63,21,21,21,21,21,3,21,3,21,21,65,65,21,21,21,21,21,21,21,21
2013thru2017,50,05000US48165,"Gaines County, Texas",48,165,5715,4365,1135,170,65,35,35,40,80,50,30,0,0,215,215,0,0,0,670,670,0,0,0,1105,125,4,55,65,0,275,265,10,0,0,330,300,30,0,0,375,375,0,0,0,1250,260,110,60,90,0,220,185,25,10,0,230,190,40,0,0,540,530,10,0,0,840,165,140,4,20,0,200,110,85,0,0,210,210,0,0,0,270,245,25,0,0,30,15,10,4,0,0,0,0,0,0,0,0,0,0,0,0,10,0,0,10,0,1350,250,105,60,0,0,45,60,40,20,0,0,25,25,0,0,0,60,60,0,0,0,360,95,10,20,30,35,85,70,15,0,0,50,50,0,0,0,130,130,0,0,0,405,150,60,50,0,40,80,55,25,0,0,60,55,4,0,0,120,120,0,0,0,335,85,45,45,0,0,30,30,0,0,0,45,45,0,0,0,170,170,0,0,0,0,0,0,0,0,0,0,0,0,0,0,0,0,0,0,0,0,0,0,0,0,220,263,210,102,64,42,34,65,68,62,26,21,21,144,144,21,21,21,173,173,21,21,21,216,96,21,66,64,21,108,111,18,21,21,138,123,57,21,21,104,104,21,21,21,201,90,67,48,63,21,97,78,40,15,21,112,98,57,21,21,139,145,20,21,21,185,75,71,8,23,21,122,80,76,21,21,88,88,21,21,21,123,118,37,21,21,33,22,16,17,21,21,21,21,21,21,21,21,21,21,21,21,27,21,21,27,21,218,110,77,53,21,21,68,48,39,30,21,21,32,32,21,21,21,63,63,21,21,21,129,73,15,21,34,56,62,61,23,21,21,44,44,21,21,21,88,88,21,21,21,150,87,61,47,21,41,49,44,30,21,21,53,52,4,21,21,88,88,21,21,21,117,76,57,52,21,21,36,36,21,21,21,42,42,21,21,21,90,90,21,21,21,21,21,21,21,21,21,21,21,21,21,21,21,21,21,21,21,21,21,21,21,21
2013thru2017,50,05000US48167,"Galveston County, Texas",48,167,117455,77875,25890,2345,610,385,1265,90,1870,1095,330,450,0,3215,1905,1120,190,0,18465,17495,835,135,0,22355,2625,750,675,1110,90,2355,1690,450,215,0,3380,2720,410,250,0,13995,13690,295,10,0,19675,4180,1450,1225,1300,205,3005,2245,615,145,0,3370,2885,385,95,0,9120,8940,150,25,0,6840,1790,855,410,495,30,1575,1360,130,80,0,1410,1355,55,0,0,2065,2040,25,0,0,3115,885,430,145,265,45,440,325,95,20,0,510,410,65,35,0,1275,1215,60,0,0,39580,10015,3410,450,930,1850,185,1590,690,820,80,0,1360,1090,260,10,0,3660,3640,4,10,0,11515,3900,445,1265,1960,235,2940,1145,1690,105,0,2320,2090,225,4,0,2355,2310,45,0,0,11065,4900,905,1355,2215,425,2360,1365,930,65,0,2240,2050,185,4,0,1565,1540,25,0,0,4690,2480,460,680,1125,215,995,730,235,30,0,665,550,115,0,0,550,550,0,0,0,2295,1060,145,260,555,95,405,245,160,4,0,410,385,30,0,0,415,415,0,0,0,1032,1272,925,439,211,181,337,53,342,290,135,162,31,479,388,268,120,31,876,850,229,83,31,949,413,203,233,230,76,424,400,145,88,31,425,381,147,151,31,808,817,105,12,31,872,427,229,278,312,95,444,351,173,90,31,344,314,115,55,31,596,610,71,41,31,445,224,155,115,166,19,263,253,58,48,31,255,247,41,31,31,269,265,28,31,31,292,194,166,65,101,35,122,95,51,20,31,130,100,53,51,31,199,192,42,31,31,1257,860,547,197,337,408,128,396,216,299,85,31,297,277,131,17,31,557,563,11,19,31,878,455,197,304,315,96,462,294,382,78,31,384,339,154,3,31,419,416,44,31,31,654,506,194,264,361,124,356,236,215,64,31,345,331,76,8,31,267,262,25,31,31,537,439,173,196,270,151,272,241,111,36,31,214,193,101,31,31,157,157,31,31,31,263,193,72,104,149,69,143,124,66,31,31,130,130,22,31,31,126,126,31,31,31
2013thru2017,50,05000US48169,"Garza County, Texas",48,169,1715,1115,130,15,0,10,4,0,10,10,0,0,0,15,15,0,0,0,90,90,0,0,0,160,10,0,10,0,0,20,20,0,0,0,4,4,4,0,0,125,110,15,0,0,315,20,15,0,4,0,45,45,0,0,0,15,15,4,0,0,230,230,0,0,0,435,40,30,10,0,0,80,80,0,0,0,140,140,0,0,0,180,180,0,0,0,75,0,0,0,0,0,15,15,0,0,0,10,10,0,0,0,45,45,0,0,0,600,4,4,4,0,0,0,4,0,4,0,0,0,0,0,0,0,0,0,0,0,0,310,55,10,10,35,0,70,45,20,4,0,100,100,0,0,0,80,80,0,0,0,125,40,0,20,20,0,25,25,0,0,0,20,20,0,0,0,40,40,0,0,0,90,50,40,0,0,10,15,4,10,0,0,0,0,0,0,0,25,25,0,0,0,70,0,0,0,0,0,0,0,0,0,0,70,70,0,0,0,0,0,0,0,0,129,141,68,20,19,14,16,19,13,13,19,19,19,29,29,19,19,19,53,53,19,19,19,73,15,19,15,19,19,29,29,19,19,19,16,4,10,19,19,60,55,26,19,19,97,17,19,19,4,19,36,36,19,19,19,21,22,2,19,19,93,93,19,19,19,119,32,27,14,19,19,51,51,19,19,19,83,83,19,19,19,73,73,19,19,19,55,19,19,19,19,19,26,26,19,19,19,18,18,19,19,19,46,46,19,19,19,154,19,15,15,19,19,19,11,19,11,19,19,19,19,19,19,19,19,19,19,19,19,124,44,16,15,40,19,55,47,27,14,19,95,95,19,19,19,55,55,19,19,19,70,39,19,33,25,19,30,30,19,19,19,23,23,19,19,19,36,36,19,19,19,57,53,51,19,19,16,20,9,17,19,19,19,19,19,19,19,28,28,19,19,19,106,19,19,19,19,19,19,19,19,19,19,106,106,19,19,19,19,19,19,19,19
2013thru2017,50,05000US48171,"Gillespie County, Texas",48,171,10795,8235,2620,435,160,85,165,20,440,265,105,70,0,395,290,75,35,0,1350,1265,80,0,0,2640,445,195,30,200,20,340,265,55,20,0,640,595,45,0,0,1215,1140,70,0,0,1540,285,80,55,90,60,285,175,70,40,0,200,185,10,10,0,770,735,35,0,0,595,165,75,45,35,10,135,90,35,10,0,85,75,10,0,0,210,180,0,30,0,840,165,90,30,50,0,105,105,0,0,0,115,95,20,0,0,450,445,4,0,0,2560,540,250,30,160,55,0,60,55,10,0,0,55,55,0,0,0,175,175,0,0,0,1040,550,250,105,200,0,80,45,25,10,0,250,240,4,0,0,160,160,0,0,0,535,320,85,100,135,0,100,25,25,50,0,75,40,20,20,0,40,40,0,0,0,280,55,0,4,50,0,45,25,20,0,0,130,85,0,50,0,50,40,10,0,0,170,30,15,0,15,0,40,0,40,0,0,35,35,0,0,0,60,60,0,0,0,349,391,302,154,78,75,127,26,151,118,77,46,25,143,118,61,47,25,235,243,50,25,25,265,133,90,28,95,23,100,92,38,32,25,167,165,39,25,25,220,218,51,25,25,230,120,45,60,53,81,125,100,68,60,25,91,91,14,14,25,158,150,46,25,25,160,74,45,43,43,14,95,75,37,20,25,49,49,15,25,25,89,80,25,42,25,186,72,63,33,43,25,76,76,25,25,25,71,64,31,25,25,143,143,10,25,25,324,144,116,33,93,45,25,51,49,14,25,25,39,39,25,25,25,87,87,25,25,25,266,195,155,77,113,25,53,48,30,15,25,124,123,18,25,25,111,111,25,25,25,161,124,60,64,91,25,72,25,30,61,25,62,44,32,37,25,53,53,25,25,25,124,49,25,10,48,25,42,25,32,25,25,93,63,25,74,25,50,50,15,25,25,75,36,23,25,30,25,41,25,41,25,25,35,35,25,25,25,54,54,25,25,25
2013thru2017,50,05000US48173,"Glasscock County, Texas",48,173,475,340,70,10,10,0,4,0,15,15,0,0,0,4,4,0,0,0,40,40,0,0,0,105,25,10,10,0,4,10,4,4,0,0,10,10,0,0,0,65,60,4,0,0,110,35,25,0,4,0,10,10,0,0,0,20,20,0,0,0,50,50,0,0,0,45,10,10,4,0,0,4,4,0,0,0,0,0,0,0,0,30,30,0,0,0,4,4,0,0,4,0,0,0,0,0,0,0,0,0,0,0,0,0,0,0,0,135,25,25,15,10,0,0,0,0,0,0,0,0,0,0,0,0,0,0,0,0,0,55,45,45,0,0,0,0,0,0,0,0,10,10,0,0,0,0,0,0,0,0,35,4,0,4,0,0,25,25,0,0,0,0,0,0,0,0,10,10,0,0,0,20,10,10,0,0,0,0,0,0,0,0,10,10,0,0,0,0,0,0,0,0,0,0,0,0,0,0,0,0,0,0,0,0,0,0,0,0,0,0,0,0,0,52,52,44,11,13,13,13,13,13,13,13,13,13,8,8,13,13,13,45,45,13,13,13,36,23,14,14,13,4,13,13,10,13,13,16,16,13,13,13,33,35,13,13,13,37,20,19,13,15,13,13,13,13,13,13,22,22,13,13,13,28,28,13,13,13,35,15,15,1,13,13,9,9,13,13,13,13,13,13,13,13,30,30,13,13,13,12,12,13,13,12,13,13,13,13,13,13,13,13,13,13,13,13,13,13,13,13,53,25,25,24,15,13,13,13,13,13,13,13,13,13,13,13,13,13,13,13,13,13,44,38,38,13,13,13,13,13,13,13,13,17,17,13,13,13,13,13,13,13,13,28,3,13,3,13,13,22,22,13,13,13,13,13,13,13,13,14,14,13,13,13,23,15,15,13,13,13,13,13,13,13,13,16,16,13,13,13,13,13,13,13,13,13,13,13,13,13,13,13,13,13,13,13,13,13,13,13,13,13,13,13,13,13
2013thru2017,50,05000US48175,"Goliad County, Texas",48,175,2755,2255,580,75,55,0,20,0,30,20,10,4,0,70,55,15,0,0,400,395,4,0,0,790,100,85,15,0,0,135,130,4,0,0,125,120,4,0,0,430,425,10,0,0,340,105,70,25,15,0,70,70,0,0,0,35,35,0,0,0,125,125,0,0,0,270,75,20,4,4,45,15,15,0,0,0,145,145,0,0,0,30,30,0,0,0,280,35,15,0,20,0,30,30,0,0,0,20,10,10,0,0,195,180,15,0,0,500,105,90,40,4,45,0,20,20,0,0,0,0,0,0,0,0,0,0,0,0,0,80,25,10,4,10,0,20,20,0,0,0,30,30,4,0,0,4,4,0,0,0,200,100,40,50,10,0,50,40,4,0,0,30,30,0,0,0,20,20,0,0,0,75,15,15,0,0,4,15,15,0,0,0,0,0,0,0,0,40,40,0,0,0,40,35,35,0,4,0,4,4,0,0,0,0,0,0,0,0,4,4,0,0,0,185,168,121,41,37,19,22,19,24,20,14,11,19,47,43,18,19,19,107,106,16,19,19,118,54,53,18,19,19,74,72,3,19,19,58,58,4,19,19,98,99,14,19,19,84,57,45,31,24,19,39,39,19,19,19,27,27,19,19,19,45,45,19,19,19,79,53,17,16,13,46,19,19,19,19,19,66,66,19,19,19,21,21,19,19,19,91,29,16,19,29,19,27,27,19,19,19,22,19,17,19,19,74,73,23,19,19,140,78,75,63,5,39,19,23,23,19,19,19,19,19,19,19,19,19,19,19,19,19,50,19,16,5,15,19,28,28,19,19,19,39,34,6,19,19,2,2,19,19,19,87,71,36,48,18,19,41,40,14,19,19,27,27,19,19,19,21,21,19,19,19,53,22,22,19,19,3,25,25,19,19,19,19,19,19,19,19,47,47,19,19,19,34,33,31,19,3,19,4,4,19,19,19,19,19,19,19,19,3,3,19,19,19
2013thru2017,50,05000US48177,"Gonzales County, Texas",48,177,7020,4820,1005,140,40,80,25,0,185,90,70,20,0,160,140,20,0,0,520,515,4,0,0,1335,240,145,30,60,4,160,120,30,10,0,235,235,0,0,0,705,655,50,0,0,1275,230,115,30,80,0,200,165,25,10,0,195,190,4,0,0,650,630,15,0,0,715,135,55,35,45,0,130,130,0,4,0,180,155,25,0,0,265,265,0,0,0,490,115,55,20,40,0,20,15,4,0,0,135,135,0,0,0,225,195,4,20,0,2195,290,55,20,0,25,10,130,85,45,0,0,35,35,0,0,0,75,75,0,0,0,870,390,90,125,175,0,175,100,80,0,0,190,190,0,0,0,115,115,0,0,0,430,205,80,25,100,0,55,55,0,0,0,45,45,0,0,0,125,125,0,0,0,340,90,55,30,4,0,85,75,10,0,0,70,50,20,0,0,100,100,0,0,0,260,165,85,45,40,0,0,0,0,0,0,20,20,0,0,0,70,70,0,0,0,252,252,160,76,33,63,28,25,78,56,55,33,25,81,77,33,25,25,117,117,12,25,25,183,74,62,31,37,3,62,52,27,13,25,91,91,25,25,25,138,130,53,25,25,150,59,56,23,46,25,75,68,32,15,25,76,76,13,25,25,119,118,30,25,25,116,70,25,33,50,25,59,58,25,25,25,66,60,28,25,25,68,68,25,25,25,129,64,36,28,41,25,19,17,9,25,25,71,71,25,25,25,77,69,16,32,25,221,103,42,27,25,30,15,78,66,46,25,25,29,29,25,25,25,52,52,25,25,25,178,120,56,65,86,25,90,68,63,25,25,86,86,25,25,25,65,65,25,25,25,107,80,42,31,63,25,35,35,25,25,25,33,33,25,25,25,65,65,25,25,25,114,60,43,42,16,25,58,55,14,25,25,56,44,34,25,25,56,56,25,25,25,108,86,65,46,42,25,25,25,25,25,25,30,30,25,25,25,53,53,25,25,25
2013thru2017,50,05000US48179,"Gray County, Texas",48,179,7970,5995,405,30,20,0,15,0,35,15,0,20,0,70,45,25,0,0,265,265,0,0,0,905,55,50,4,0,0,135,95,30,10,0,125,70,55,0,0,585,580,4,0,0,1615,305,170,25,70,40,255,220,20,15,0,275,230,35,10,0,780,780,0,0,0,2315,480,230,150,90,10,450,320,115,15,0,465,445,20,4,0,915,915,0,0,0,755,175,115,20,35,0,165,155,0,10,0,135,135,0,0,0,280,280,0,0,0,1975,160,55,15,0,45,0,30,0,10,20,0,20,20,0,0,0,50,40,10,0,0,380,215,85,70,35,25,70,40,20,10,0,25,25,0,0,0,75,75,0,0,0,690,285,105,10,160,10,115,25,55,35,0,60,60,0,0,0,230,230,0,0,0,585,180,45,65,55,15,135,120,0,15,0,60,55,4,0,0,215,215,0,0,0,160,75,20,25,30,0,50,50,0,0,0,15,15,0,0,0,25,25,0,0,0,261,285,114,26,22,25,15,25,28,17,25,23,25,53,46,23,25,25,109,109,25,25,25,155,28,30,9,25,25,49,40,31,15,25,75,45,53,25,25,129,130,13,25,25,216,91,65,29,45,29,94,97,22,28,25,112,100,43,18,25,187,187,25,25,25,240,124,72,98,47,17,131,92,75,23,25,136,134,22,4,25,172,172,25,25,25,134,66,53,26,27,25,66,67,25,18,25,57,57,25,25,25,100,100,25,25,25,255,87,54,24,25,49,25,33,25,21,26,25,31,31,25,25,25,55,52,19,25,25,110,84,56,48,33,39,43,34,21,15,25,22,22,25,25,25,65,65,25,25,25,211,124,63,15,100,15,69,30,41,51,25,39,39,25,25,25,103,103,25,25,25,158,91,42,58,39,30,73,71,25,25,25,35,34,14,25,25,114,114,25,25,25,59,38,19,22,21,25,42,42,25,25,25,17,17,25,25,25,20,20,25,25,25
2013thru2017,50,05000US48181,"Grayson County, Texas",48,181,47550,31865,6985,615,100,140,305,65,680,370,275,35,0,1130,915,155,60,0,4555,4435,105,20,0,8740,1240,530,250,390,70,1115,710,280,125,0,1485,1315,145,25,0,4895,4710,185,0,0,8695,1600,520,505,475,105,1510,1130,375,4,0,1610,1490,120,0,0,3970,3925,45,0,0,4890,1170,600,250,300,20,1135,935,180,25,0,1160,1075,90,0,0,1420,1420,0,0,0,2555,795,350,150,285,4,525,445,60,20,0,445,395,35,15,0,790,790,0,0,0,15685,2895,1000,185,240,560,20,475,250,205,20,0,390,285,70,40,0,1030,1030,0,0,0,4110,1420,410,345,575,95,870,520,315,35,0,940,885,35,15,0,880,860,10,10,0,4965,2190,525,585,925,155,920,595,325,0,0,785,750,20,10,0,1070,1040,30,0,0,2545,1040,295,395,340,10,425,240,185,0,0,530,510,20,0,0,545,545,0,0,0,1175,565,50,175,335,4,185,115,60,10,0,270,220,50,0,0,155,155,0,0,0,556,754,442,143,52,72,114,52,185,132,136,32,31,199,180,64,52,31,381,378,54,19,31,481,247,177,93,124,43,202,133,111,80,31,259,253,65,21,31,418,425,104,31,31,586,261,162,117,143,82,257,230,122,14,31,275,266,61,31,31,423,425,35,31,31,460,218,181,93,100,24,245,211,91,28,31,231,207,77,31,31,267,267,31,31,31,272,186,113,71,130,11,130,116,42,37,31,119,101,33,32,31,149,149,31,31,31,774,381,223,122,98,165,26,140,110,77,28,31,131,110,41,63,31,269,269,31,31,31,390,235,161,117,171,74,187,154,102,33,31,206,193,53,22,31,195,188,20,13,31,368,332,161,164,216,116,196,150,117,31,31,214,206,21,19,31,259,252,47,31,31,473,252,132,152,130,15,140,90,112,31,31,214,218,25,31,31,219,219,31,31,31,246,202,42,79,191,10,81,65,58,13,31,118,108,56,31,31,81,81,31,31,31
2013thru2017,50,05000US48183,"Gregg County, Texas",48,183,45615,26845,4695,410,150,55,185,20,535,245,160,125,0,840,600,200,40,0,2910,2710,170,30,0,7470,790,455,135,150,50,860,635,150,70,0,1090,830,215,45,0,4730,4545,165,20,0,9445,1185,445,265,410,60,1315,985,260,70,0,1690,1450,225,15,0,5255,5170,85,0,0,4555,885,430,210,225,20,955,670,270,15,0,860,760,95,0,0,1850,1840,10,0,0,680,190,30,70,80,15,125,125,0,0,0,80,80,0,0,0,285,275,10,0,0,18770,2960,1095,85,240,765,10,565,110,400,55,0,375,245,130,0,0,925,850,30,45,0,5615,1655,225,310,1035,85,1495,480,825,190,0,920,800,90,30,0,1540,1485,35,15,0,7440,2745,495,675,1475,95,1980,935,870,175,0,1230,1015,215,0,0,1490,1465,25,0,0,2320,985,220,145,605,15,475,285,150,40,0,470,405,65,0,0,390,390,0,0,0,435,100,55,0,45,0,175,110,65,0,0,50,50,0,0,0,105,105,0,0,0,667,685,376,170,101,60,104,29,161,94,85,76,31,199,196,100,42,31,314,307,82,27,31,619,186,149,72,74,48,203,169,113,63,31,223,179,94,38,31,497,461,98,20,31,531,199,138,125,126,42,246,195,134,47,31,260,240,112,24,31,435,432,57,31,31,453,195,123,96,115,36,225,169,118,17,31,203,194,67,31,31,327,330,14,31,31,137,86,24,43,68,20,60,60,31,31,31,48,48,31,31,31,96,94,13,31,31,815,464,243,73,126,212,13,219,83,204,45,31,179,159,94,31,31,294,281,36,72,31,553,325,122,125,269,79,326,200,253,104,31,252,230,89,33,31,326,313,42,18,31,616,413,155,244,294,61,364,260,234,96,31,343,294,133,31,31,293,293,22,31,31,309,234,110,93,185,26,190,147,114,47,31,149,143,47,31,31,147,147,31,31,31,160,68,56,31,37,31,127,107,65,31,31,56,56,31,31,31,81,81,31,31,31
2013thru2017,50,05000US48185,"Grimes County, Texas",48,185,8980,6985,2365,480,210,85,180,10,205,145,60,0,0,595,530,40,25,0,1080,1005,55,25,0,2395,470,105,130,230,4,360,325,25,10,0,390,390,0,0,0,1175,1155,20,0,0,1445,300,95,105,70,25,210,170,40,0,0,215,200,15,0,0,715,715,0,0,0,455,135,45,30,40,20,105,100,10,0,0,60,60,0,0,0,150,150,0,0,0,325,50,20,4,20,0,60,45,20,0,0,4,4,0,0,0,210,195,15,0,0,1995,275,150,95,25,0,30,55,35,20,0,0,55,55,0,0,0,15,15,0,0,0,645,335,115,145,65,4,125,125,0,0,0,80,50,30,0,0,100,100,0,0,0,740,395,115,145,105,25,60,40,15,4,0,90,90,0,0,0,195,195,0,0,0,310,85,45,35,10,0,95,40,55,0,0,0,0,0,0,0,130,130,0,0,0,25,15,0,15,0,0,0,0,0,0,0,0,0,0,0,0,10,10,0,0,0,334,339,273,144,87,59,87,14,85,69,51,25,25,158,153,36,36,25,194,185,40,28,25,269,137,54,63,112,10,127,119,27,14,25,129,129,25,25,25,184,185,20,25,25,227,128,72,67,69,28,86,81,38,25,25,100,99,17,25,25,148,148,25,25,25,158,65,45,27,36,35,66,65,15,25,25,42,42,25,25,25,107,107,25,25,25,104,37,21,7,29,25,46,36,34,25,25,8,8,25,25,25,81,76,24,25,25,293,126,101,81,35,25,41,69,64,24,25,25,69,69,25,25,25,15,15,25,25,25,172,135,85,94,49,13,81,81,25,25,25,61,44,51,25,25,64,64,25,25,25,202,136,56,102,64,39,47,41,19,17,25,94,94,25,25,25,108,108,25,25,25,168,77,67,30,17,25,95,51,78,25,25,25,25,25,25,25,122,122,25,25,25,19,21,25,21,25,25,25,25,25,25,25,25,25,25,25,25,19,19,25,25,25
2013thru2017,50,05000US48187,"Guadalupe County, Texas",48,187,51990,39220,18185,1840,325,500,895,120,1915,860,685,370,0,2945,1925,995,25,0,11480,11000,415,65,0,11770,1245,575,145,460,60,1595,1180,370,50,0,2485,2190,205,90,0,6450,6225,195,30,0,5940,1015,445,270,260,35,1190,930,140,125,0,1335,1240,95,0,0,2400,2390,0,10,0,2180,790,320,215,220,30,395,250,140,4,0,370,325,45,0,0,625,625,0,0,0,1145,200,95,80,25,0,250,190,20,40,0,205,180,0,25,0,490,480,10,0,0,12770,4420,920,70,245,535,75,685,290,365,30,0,940,630,310,0,0,1880,1870,10,0,0,4300,1475,375,380,605,120,805,340,420,45,0,980,865,120,0,0,1040,1005,35,0,0,2810,1125,160,500,345,115,600,430,160,10,0,610,595,15,0,0,475,475,0,0,0,840,215,50,80,80,0,210,150,30,30,0,165,165,0,0,0,250,250,0,0,0,400,155,0,40,85,30,140,95,25,20,0,80,80,4,0,0,25,25,0,0,0,456,833,748,384,124,203,261,108,285,192,183,136,31,404,313,228,22,31,556,557,141,60,31,610,214,174,62,113,41,267,232,120,43,31,301,298,79,61,31,440,434,108,26,31,540,196,134,114,106,33,218,182,76,85,31,231,190,106,31,31,335,337,31,13,31,227,183,104,106,117,38,121,85,91,5,31,114,95,57,31,31,144,144,31,31,31,199,84,68,52,21,31,98,89,25,35,31,93,79,31,41,31,133,130,18,31,31,728,512,212,57,112,169,71,197,153,162,33,31,210,163,132,31,31,324,325,14,31,31,419,271,194,146,174,96,232,148,148,49,31,218,212,76,31,31,229,224,32,31,31,390,248,90,180,135,92,226,187,140,17,31,189,185,17,31,31,177,177,31,31,31,166,92,44,58,49,31,103,96,38,43,31,63,63,31,31,31,107,107,31,31,31,139,101,31,61,75,38,81,70,40,31,31,46,46,5,31,31,27,27,31,31,31
2013thru2017,50,05000US48189,"Hale County, Texas",48,189,11215,6775,345,10,4,0,10,0,30,25,4,0,0,35,25,10,0,0,265,225,40,0,0,1030,130,45,10,70,4,175,165,15,0,0,145,115,35,0,0,575,560,15,0,0,2465,320,175,55,75,10,290,275,15,0,0,680,640,40,0,0,1180,1170,10,0,0,2300,360,190,45,110,15,360,280,65,15,0,530,450,80,0,0,1050,1050,0,0,0,640,110,10,4,90,0,105,105,0,0,0,100,95,4,0,0,325,325,0,0,0,4445,150,50,15,4,30,0,70,55,15,4,0,0,0,0,0,0,30,30,0,0,0,700,300,170,50,55,20,165,130,30,4,0,95,95,0,0,0,140,140,0,0,0,1875,775,120,245,390,20,240,185,50,4,0,495,485,10,0,0,360,360,0,0,0,1415,535,155,135,195,55,365,260,105,0,0,315,315,0,0,0,200,200,0,0,0,305,90,15,35,40,0,100,65,35,0,0,85,85,0,0,0,35,35,0,0,0,276,274,113,13,4,28,13,28,25,25,6,28,28,29,22,14,28,28,101,90,38,28,28,190,59,33,15,51,11,84,80,17,28,28,84,70,46,28,28,134,128,17,28,28,259,97,74,42,51,20,101,100,15,28,28,171,171,33,28,28,203,201,14,28,28,245,106,72,34,67,24,110,90,57,30,28,122,105,63,28,28,169,169,28,28,28,161,62,16,16,59,28,60,60,28,28,28,64,65,28,28,28,115,115,28,28,28,318,73,43,26,4,36,28,67,64,24,3,28,28,28,28,28,28,29,29,28,28,28,163,112,98,49,47,33,78,79,30,3,28,64,64,28,28,28,83,83,28,28,28,245,169,48,91,142,28,89,78,44,15,28,159,158,14,28,28,130,130,28,28,28,218,144,86,74,77,47,131,109,73,28,28,107,107,28,28,28,89,89,28,28,28,113,58,15,36,44,28,67,44,53,28,28,63,63,28,28,28,37,37,28,28,28
2013thru2017,50,05000US48191,"Hall County, Texas",48,191,1245,780,15,0,0,0,0,0,4,4,0,0,0,4,4,0,0,0,4,0,4,0,0,65,30,10,4,15,0,10,4,4,4,0,10,10,0,0,0,15,15,0,0,0,285,80,55,4,15,4,70,50,4,15,0,10,10,0,0,0,125,125,0,0,0,260,65,45,10,10,4,75,70,4,0,0,75,65,15,0,0,40,40,0,0,0,155,55,30,10,10,4,30,30,0,0,0,35,35,0,0,0,40,40,0,0,0,465,4,4,0,4,0,0,0,0,0,0,0,0,0,0,0,0,0,0,0,0,0,60,20,4,10,4,0,10,10,0,0,0,4,4,0,0,0,30,30,0,0,0,200,70,25,25,25,0,60,60,0,0,0,35,35,0,0,0,35,35,0,0,0,110,45,25,0,20,0,30,30,0,0,0,10,10,0,0,0,25,25,0,0,0,95,50,10,20,20,0,45,30,15,0,0,4,4,0,0,0,0,0,0,0,0,80,67,14,13,13,13,13,13,11,11,13,13,13,13,13,13,13,13,12,13,12,13,13,33,28,14,5,23,13,14,4,4,6,13,14,14,13,13,13,15,15,13,13,13,47,33,30,9,16,12,37,34,1,16,13,12,12,13,13,13,34,34,13,13,13,52,32,32,14,15,3,31,30,2,13,13,39,38,19,13,13,25,25,13,13,13,52,28,20,16,14,13,27,27,13,13,13,20,20,13,13,13,24,24,13,13,13,96,4,4,13,4,13,13,13,13,13,13,13,13,13,13,13,13,13,13,13,13,13,47,18,3,12,8,13,15,15,13,13,13,9,9,13,13,13,38,38,13,13,13,74,35,24,21,23,13,38,38,13,13,13,30,30,13,13,13,26,26,13,13,13,41,28,24,13,20,13,24,24,13,13,13,13,13,13,13,13,26,26,13,13,13,46,35,14,23,24,13,38,32,25,13,13,13,13,13,13,13,13,13,13,13,13
2013thru2017,50,05000US48193,"Hamilton County, Texas",48,193,3155,2390,320,4,0,0,4,0,60,55,4,0,0,65,50,15,0,0,190,190,0,0,0,495,135,70,35,30,0,65,65,0,0,0,70,70,0,0,0,225,225,0,0,0,800,160,80,20,65,0,85,80,4,0,0,150,140,10,0,0,405,400,4,0,0,455,125,35,30,50,4,55,40,15,0,0,130,130,0,0,0,145,145,0,0,0,320,70,30,30,10,0,55,35,20,0,0,65,65,0,0,0,125,125,0,0,0,770,55,40,4,4,25,4,0,0,0,0,0,4,4,0,0,0,15,15,0,0,0,130,25,25,0,0,0,75,45,30,0,0,10,10,0,0,0,25,25,0,0,0,315,110,65,35,10,0,45,45,0,0,0,50,50,0,0,0,110,110,0,0,0,185,130,60,55,10,4,15,0,15,0,0,15,15,0,0,0,25,25,0,0,0,80,25,10,0,0,20,30,25,4,0,0,0,0,0,0,0,20,20,0,0,0,199,198,91,2,19,19,2,19,45,43,10,19,19,41,33,22,19,19,68,68,19,19,19,136,82,63,38,29,19,43,43,19,19,19,49,49,19,19,19,83,83,19,19,19,130,70,47,21,45,19,38,39,4,19,19,75,70,19,19,19,113,113,12,19,19,122,56,30,27,48,1,36,32,16,19,19,73,73,19,19,19,78,78,19,19,19,91,36,22,27,14,19,36,27,22,19,19,39,39,19,19,19,65,65,19,19,19,146,35,27,4,18,23,4,19,19,19,19,19,13,13,19,19,19,12,12,19,19,19,66,39,39,19,19,19,49,36,24,19,19,13,13,19,19,19,25,25,19,19,19,124,78,64,43,12,19,31,31,19,19,19,32,32,19,19,19,72,72,19,19,19,95,76,51,56,15,7,24,19,24,19,19,17,17,19,19,19,38,38,19,19,19,46,26,15,19,19,25,29,26,6,19,19,19,19,19,19,19,22,22,19,19,19
2013thru2017,50,05000US48195,"Hansford County, Texas",48,195,1925,1405,105,0,0,0,0,0,25,25,0,0,0,0,0,0,0,0,85,80,4,0,0,150,4,4,0,0,0,15,15,0,0,0,65,65,0,0,0,65,60,0,4,0,625,135,65,15,40,20,120,35,90,0,0,170,140,30,0,0,200,190,10,0,0,425,115,40,0,50,25,105,60,45,0,0,20,20,0,0,0,180,175,10,0,0,100,4,0,4,4,0,35,0,35,0,0,20,20,0,0,0,40,40,0,0,0,520,25,15,0,15,0,0,0,0,0,0,0,0,0,0,0,0,10,10,0,0,0,220,65,10,45,10,0,60,50,10,0,0,60,50,10,0,0,35,35,0,0,0,115,40,20,10,15,0,25,25,0,0,0,45,45,0,0,0,4,4,0,0,0,130,50,4,10,30,4,25,20,4,0,0,45,45,0,0,0,10,10,0,0,0,30,20,0,20,0,0,4,4,0,0,0,0,0,0,0,0,4,4,0,0,0,125,128,64,19,19,19,19,19,24,24,19,19,19,19,19,19,19,19,56,53,11,19,19,70,4,4,19,19,19,24,24,19,19,19,53,53,19,19,19,36,36,19,2,19,101,65,48,18,41,32,74,37,78,19,19,70,66,36,19,19,78,74,15,19,19,102,66,30,19,46,37,49,37,43,19,19,17,17,19,19,19,75,72,17,19,19,38,15,19,6,19,19,35,19,35,19,19,20,20,19,19,19,25,25,19,19,19,139,29,19,19,19,19,19,19,19,19,19,19,19,19,19,19,19,24,24,19,19,19,105,48,18,53,15,19,42,39,15,19,19,59,57,15,19,19,43,43,19,19,19,56,37,24,17,24,19,28,28,19,19,19,39,39,19,19,19,11,11,19,19,19,66,37,16,16,32,19,29,25,15,19,19,52,52,19,19,19,14,14,19,19,19,34,31,19,31,19,19,15,15,19,19,19,19,19,19,19,19,5,5,19,19,19
2013thru2017,50,05000US48197,"Hardeman County, Texas",48,197,1535,1150,60,20,20,0,0,0,10,0,0,10,0,4,4,0,0,0,25,25,0,0,0,155,45,25,0,20,0,10,10,0,0,0,40,40,0,0,0,60,60,0,0,0,300,75,65,4,0,4,40,35,4,0,0,55,55,0,0,0,135,135,0,0,0,265,75,35,25,15,0,25,25,0,0,0,40,40,4,0,0,125,125,0,0,0,365,130,90,20,15,0,55,40,15,0,0,75,75,0,0,0,105,105,0,0,0,385,20,15,15,0,0,0,4,4,0,0,0,0,0,0,0,0,0,0,0,0,0,50,15,10,0,10,0,25,25,4,0,0,0,0,0,0,0,4,4,0,0,0,125,45,20,4,0,20,20,10,4,0,0,20,20,0,0,0,45,45,0,0,0,85,45,35,4,0,0,10,0,10,0,0,15,15,0,0,0,15,15,0,0,0,100,40,20,0,20,0,45,45,0,0,0,15,15,0,0,0,4,4,0,0,0,100,107,37,32,32,13,13,13,20,13,13,20,13,10,10,13,13,13,20,20,13,13,13,59,38,27,13,26,13,13,13,13,13,13,27,27,13,13,13,41,41,13,13,13,77,44,42,3,13,5,21,22,3,13,13,35,35,13,13,13,60,60,13,13,13,70,42,28,26,21,13,18,18,13,13,13,22,24,3,13,13,48,48,13,13,13,76,52,47,23,18,13,36,27,28,13,13,37,37,13,13,13,37,37,13,13,13,83,21,21,21,13,13,13,8,8,13,13,13,13,13,13,13,13,13,13,13,13,13,32,18,13,13,12,13,29,28,4,13,13,13,13,13,13,13,10,10,13,13,13,56,34,17,2,13,29,15,12,15,13,13,19,19,13,13,13,35,35,13,13,13,36,25,24,15,13,13,20,13,20,13,13,17,17,13,13,13,14,14,13,13,13,56,28,20,13,18,13,38,38,13,13,13,23,23,13,13,13,9,9,13,13,13
2013thru2017,50,05000US48199,"Hardin County, Texas",48,199,20740,16755,5490,685,310,130,170,80,590,430,120,35,0,780,630,105,40,0,3435,3365,60,15,0,4695,700,295,235,95,80,790,620,135,35,0,825,760,40,20,0,2380,2350,30,0,0,4500,1250,465,200,460,120,445,340,60,50,0,820,775,35,4,0,1985,1970,15,0,0,1690,290,125,85,80,4,290,215,75,0,0,425,415,10,0,0,685,685,0,0,0,385,70,50,0,20,0,50,50,0,0,0,130,70,0,60,0,130,130,4,0,0,3980,1115,280,75,4,160,40,170,75,95,0,0,155,120,30,0,0,510,510,0,0,0,1265,440,45,55,310,35,145,50,95,0,0,355,350,4,0,0,325,325,0,0,0,1205,410,50,35,275,45,390,215,160,15,0,255,225,30,0,0,155,150,4,0,0,290,125,55,40,30,0,45,15,25,0,0,55,55,0,0,0,70,70,4,0,0,100,15,15,0,4,0,55,55,0,0,0,10,10,0,0,0,25,25,0,0,0,450,552,539,267,170,89,100,113,189,159,87,35,31,219,207,72,38,31,417,423,60,23,31,421,185,124,118,60,79,217,189,96,58,31,187,187,40,25,31,355,351,32,31,31,431,277,153,99,179,103,135,114,43,45,31,197,196,38,15,31,273,274,21,31,31,290,118,70,49,71,4,91,77,59,31,31,153,151,13,31,31,222,222,31,31,31,130,56,51,31,23,31,37,37,31,31,31,90,45,31,75,31,60,60,5,31,31,425,341,113,46,18,98,50,100,63,69,31,31,90,79,52,31,31,296,296,31,31,31,264,158,33,29,158,39,86,48,74,31,31,202,202,10,31,31,138,138,31,31,31,238,162,54,33,150,44,166,128,108,22,31,108,104,37,31,31,81,81,4,31,31,118,73,52,40,27,31,38,30,40,31,31,55,55,31,31,31,47,45,3,31,31,68,21,22,31,1,31,55,55,31,31,31,13,13,31,31,31,29,29,31,31,31
2013thru2017,50,05000US48201,"Harris County, Texas",48,201,1562815,855630,249930,23240,4105,4455,13160,1520,26110,10310,11175,4625,0,40955,28720,10415,1820,0,159620,150055,8270,1295,0,236245,31240,7875,6775,14805,1785,29090,17270,8630,3190,0,40230,32260,6795,1175,0,135685,131425,3780,475,0,236960,44060,15725,9920,16335,2080,38915,26630,9430,2855,0,47045,40740,5385,920,0,106940,104425,2260,255,0,108480,28730,12435,6445,8690,1160,20060,15795,3355,910,0,20875,19130,1410,335,0,38815,37195,1375,245,0,24015,5430,2410,1090,1640,290,3355,2545,570,240,0,3365,2825,415,125,0,11865,10780,880,205,0,707185,166045,49935,5185,10295,30850,3605,26655,9550,14020,3085,0,29450,20720,8090,635,0,60005,57315,2480,210,0,224410,81215,7885,23305,44365,5660,49050,24820,21430,2800,0,43620,36765,6370,485,0,50525,49170,1260,95,0,235970,107190,13465,35645,52345,5730,53540,34195,17675,1670,0,38225,35135,2930,165,0,37015,36455,460,100,0,62875,28020,5080,7950,12955,2035,13565,9125,4100,345,0,10685,9650,910,125,0,10605,10295,285,25,0,17880,8290,1860,2590,3090,755,3335,2390,770,180,0,2180,1785,325,75,0,4075,3965,100,10,0,3974,5248,2844,1234,520,618,923,292,1507,817,1080,560,31,1697,1641,925,381,31,2415,2438,732,285,31,2939,1411,732,612,907,304,1248,959,731,401,31,1447,1315,678,264,31,2666,2740,379,151,31,2826,1502,977,735,912,403,1466,1169,744,360,31,1381,1293,552,222,31,1923,1890,291,78,31,1983,1238,737,614,750,238,870,831,447,221,31,941,886,216,109,31,1222,1209,239,100,31,1030,578,353,237,264,165,393,376,145,102,31,443,403,149,65,31,593,554,187,116,31,4409,3153,1748,664,711,1653,588,1356,828,1133,478,31,1589,1414,757,209,31,2157,2076,382,160,31,3083,2329,623,1388,1904,703,1693,1405,1215,550,31,1986,1814,727,186,31,1828,1841,315,80,31,3577,2102,945,1387,1716,594,2017,1599,1087,354,31,1620,1499,421,97,31,1749,1750,151,106,31,1590,1329,554,691,869,401,750,666,470,154,31,760,722,248,77,31,726,692,139,33,31,934,691,316,380,391,210,456,399,204,104,31,408,357,128,62,31,416,415,72,15,31
2013thru2017,50,05000US48203,"Harrison County, Texas",48,203,23365,17330,3250,320,80,40,155,50,325,150,90,80,0,345,285,60,4,0,2260,2175,90,0,0,6040,1030,305,285,295,145,690,530,150,15,0,1220,1060,140,25,0,3095,2960,135,0,0,4635,895,365,215,260,55,940,795,125,25,0,810,775,25,10,0,1990,1980,15,0,0,2345,560,170,100,250,35,290,265,10,15,0,490,485,4,0,0,1000,1000,0,0,0,1060,375,165,60,125,25,205,135,60,4,0,200,170,30,0,0,280,280,0,0,0,6035,1465,440,50,135,245,15,320,180,140,0,0,195,145,45,0,0,505,500,10,0,0,1770,635,175,195,255,10,375,245,125,4,0,375,360,20,0,0,380,370,10,0,0,1345,480,130,170,135,50,260,165,80,15,0,365,335,30,0,0,240,240,0,0,0,895,400,125,55,225,0,90,65,10,15,0,180,180,0,0,0,230,230,0,0,0,560,310,15,50,205,40,90,75,15,0,0,70,60,10,0,0,90,90,0,0,0,460,464,325,130,67,46,75,60,123,67,63,74,31,131,123,46,4,31,282,264,65,31,31,459,263,141,153,131,85,205,181,104,23,31,270,258,90,30,31,343,318,102,31,31,441,203,144,123,80,53,239,229,72,27,31,201,203,27,14,31,267,268,23,31,31,293,135,78,70,93,33,102,96,16,25,31,136,136,20,31,31,217,217,31,31,31,175,142,90,62,76,28,96,79,56,18,31,94,87,37,31,31,94,94,31,31,31,552,296,153,48,86,119,25,193,146,113,31,31,78,78,57,31,31,149,149,15,31,31,277,202,83,132,129,20,140,116,85,18,31,128,123,32,31,31,149,148,13,31,31,254,166,70,123,75,53,104,76,68,23,31,143,129,36,31,31,110,110,31,31,31,208,147,108,56,102,31,68,60,14,23,31,98,98,31,31,31,108,108,31,31,31,185,145,28,53,121,38,61,59,18,31,31,45,39,20,31,31,74,74,31,31,31
2013thru2017,50,05000US48205,"Hartley County, Texas",48,205,1755,1065,105,30,0,0,30,0,20,4,15,0,0,20,20,0,0,0,40,25,10,0,0,320,45,15,15,15,0,50,50,0,0,0,95,80,15,0,0,130,130,0,0,0,470,100,70,10,20,0,100,90,10,0,0,50,50,0,0,0,220,220,0,0,0,120,10,10,0,0,0,10,10,0,0,0,10,4,4,0,0,90,90,0,0,0,50,25,4,4,10,0,4,4,0,0,0,4,4,0,0,0,20,20,0,0,0,685,70,20,10,0,10,0,10,10,0,0,0,10,10,0,0,0,25,25,0,0,0,245,70,35,30,0,4,60,60,0,0,0,90,90,0,0,0,25,25,0,0,0,235,50,4,20,30,0,75,55,20,4,0,95,85,10,0,0,20,20,0,0,0,95,35,4,0,25,0,20,20,0,0,0,30,30,0,0,0,10,10,0,0,0,45,30,15,4,4,0,0,0,0,0,0,10,10,0,0,0,4,4,0,0,0,76,130,60,39,19,19,39,19,26,15,23,19,19,22,22,19,19,19,31,31,19,19,19,87,34,18,23,23,19,35,35,19,19,19,58,56,18,19,19,50,50,19,19,19,99,54,49,16,31,19,55,59,15,19,19,37,37,19,19,19,68,68,19,19,19,47,18,18,19,19,19,15,15,19,19,19,15,5,6,19,19,47,47,19,19,19,32,25,15,16,20,19,5,5,19,19,19,3,3,19,19,19,20,20,19,19,19,129,50,24,18,19,16,19,15,15,19,19,19,25,25,19,19,19,35,35,19,19,19,86,52,36,33,19,12,57,57,19,19,19,62,62,19,19,19,27,27,19,19,19,93,37,3,24,29,19,55,47,28,5,19,78,76,16,19,19,17,17,19,19,19,51,30,20,19,31,19,21,21,19,19,19,31,31,19,19,19,15,15,19,19,19,27,23,18,16,13,19,19,19,19,19,19,13,13,19,19,19,4,4,19,19,19
2013thru2017,50,05000US48207,"Haskell County, Texas",48,207,2130,1655,125,30,15,4,10,4,25,25,0,0,0,25,25,0,0,0,40,40,4,0,0,230,15,4,0,15,0,40,35,4,4,0,70,70,0,0,0,105,105,0,0,0,460,105,55,40,10,4,45,40,0,4,0,105,105,0,0,0,205,200,4,0,0,550,150,70,60,20,4,110,110,0,0,0,110,110,0,0,0,185,185,0,0,0,290,60,25,20,10,4,45,30,10,4,0,50,50,0,0,0,140,130,10,0,0,475,0,0,0,0,0,0,0,0,0,0,0,0,0,0,0,0,0,0,0,0,0,80,55,4,20,4,30,20,15,4,0,0,0,0,0,0,0,4,4,0,0,0,160,130,15,110,4,0,4,4,4,0,0,15,15,0,0,0,15,15,0,0,0,155,80,40,0,40,0,15,4,10,0,0,30,30,4,0,0,30,30,0,0,0,75,15,0,10,4,0,15,15,0,0,0,35,35,0,0,0,10,10,0,0,0,215,163,43,24,15,9,16,19,20,20,19,19,19,25,25,19,19,19,28,27,3,19,19,70,14,1,19,12,19,28,28,19,5,19,47,47,19,19,19,41,41,19,19,19,107,47,40,30,15,6,21,23,19,7,19,35,35,19,19,19,78,78,5,19,19,124,67,34,46,20,4,41,41,19,19,19,43,43,19,19,19,78,78,19,19,19,69,29,18,17,19,19,22,18,14,19,19,30,30,19,19,19,57,57,13,19,19,137,19,19,19,19,19,19,19,19,19,19,19,19,19,19,19,19,19,19,19,19,19,45,40,4,19,4,35,20,19,2,19,19,19,19,19,19,19,14,14,19,19,19,74,71,17,74,13,19,3,4,4,19,19,21,21,19,19,19,14,14,19,19,19,76,51,28,19,38,19,18,6,17,19,19,28,26,7,19,19,34,34,19,19,19,56,22,19,15,1,19,37,37,19,19,19,33,33,19,19,19,13,13,19,19,19
2013thru2017,50,05000US48209,"Hays County, Texas",48,209,68045,42240,22315,1920,380,425,1030,80,3110,1535,1115,460,0,4835,3525,1110,200,0,12455,11630,780,45,0,13990,2220,665,550,910,90,2455,1655,480,320,0,3150,2670,425,55,0,6170,5915,250,4,0,4035,885,380,255,230,20,735,540,180,15,0,770,670,85,10,0,1650,1610,40,0,0,1320,345,175,55,115,0,185,155,15,10,0,245,210,35,0,0,545,510,35,0,0,580,130,15,20,95,0,85,65,15,10,0,60,35,25,0,0,310,310,0,0,0,25805,12605,5800,500,1230,3455,620,2590,950,1440,200,0,2375,2005,370,0,0,1840,1840,0,0,0,8155,4260,340,1295,2260,365,1860,995,830,35,0,1285,1155,95,35,0,750,735,0,15,0,3145,1845,340,475,935,95,665,275,385,4,0,390,340,50,0,0,245,245,0,0,0,1405,540,55,160,290,35,215,145,65,0,0,335,335,0,0,0,315,315,0,0,0,495,120,45,30,45,0,125,120,10,0,0,175,165,10,0,0,75,75,0,0,0,695,837,795,340,128,143,271,82,440,292,293,155,31,509,438,289,109,31,757,696,208,39,31,731,345,191,177,243,57,409,316,152,168,31,382,354,156,54,31,455,446,115,8,31,453,223,162,141,107,25,205,165,113,22,31,204,192,74,18,31,333,331,36,31,31,258,146,115,40,77,31,79,76,32,15,31,128,117,41,31,31,174,176,42,31,31,140,81,22,21,75,31,37,36,16,17,31,52,33,40,31,31,115,115,31,31,31,929,777,579,213,274,560,249,377,267,308,125,31,457,428,190,31,31,372,372,31,31,31,717,553,142,290,401,170,368,317,219,33,31,286,283,59,57,31,207,206,31,27,31,470,389,169,207,262,71,199,111,176,31,31,156,139,61,31,31,133,133,31,31,31,314,204,56,109,171,47,118,85,71,31,31,185,185,31,31,31,177,177,31,31,31,172,83,68,48,38,31,103,96,14,31,31,89,87,18,31,31,68,68,31,31,31
2013thru2017,50,05000US48211,"Hemphill County, Texas",48,211,1360,930,90,40,4,0,30,0,4,4,0,0,0,4,4,0,0,0,45,45,0,0,0,175,4,4,0,0,0,50,50,0,0,0,55,55,0,0,0,65,55,4,0,0,325,15,15,0,0,0,95,90,4,0,0,50,35,15,0,0,165,165,0,0,0,155,20,4,15,0,0,4,4,0,0,0,55,55,0,0,0,75,75,0,0,0,185,10,4,4,0,0,25,15,10,0,0,25,25,0,0,0,120,120,0,0,0,430,160,45,0,20,25,0,30,30,0,0,0,65,65,0,0,0,25,25,0,0,0,110,20,0,0,4,20,10,10,0,0,0,25,25,0,0,0,55,55,0,0,0,90,35,0,15,20,0,25,15,10,0,0,4,4,4,0,0,20,20,0,0,0,30,10,4,0,4,0,4,4,0,0,0,10,10,0,0,0,10,10,0,0,0,40,4,0,4,0,0,0,0,0,0,0,4,4,0,0,0,30,30,0,0,0,87,97,43,33,18,13,32,13,1,1,13,13,13,12,12,13,13,13,31,31,13,13,13,65,10,10,13,13,13,46,46,13,13,13,34,34,13,13,13,37,31,14,13,13,89,18,18,13,13,13,61,62,9,13,13,31,25,21,13,13,49,49,13,13,13,47,19,10,17,13,13,12,12,13,13,13,29,29,13,13,13,41,41,13,13,13,71,15,9,12,13,13,26,24,15,13,13,31,31,13,13,13,59,59,13,13,13,83,67,45,13,35,37,13,33,33,13,13,13,49,49,13,13,13,28,28,13,13,13,55,26,13,13,6,29,16,16,13,13,13,20,20,13,13,13,40,40,13,13,13,50,34,13,21,30,13,26,21,16,13,13,8,3,3,13,13,24,24,13,13,13,19,14,8,13,5,13,13,13,13,13,13,14,14,13,13,13,12,12,13,13,13,41,1,13,1,13,13,13,13,13,13,13,4,4,13,13,13,41,41,13,13,13
2013thru2017,50,05000US48213,"Henderson County, Texas",48,213,30460,22970,5465,725,330,100,230,65,875,470,275,135,0,1080,865,210,4,0,2780,2580,170,30,0,8960,1620,670,280,520,145,1705,1270,285,150,0,1820,1605,200,15,0,3815,3755,60,4,0,6630,1250,475,290,400,85,1120,855,170,95,0,1255,1045,145,65,0,3005,2950,50,0,0,1220,260,125,50,35,50,395,310,65,20,0,105,90,10,0,0,465,455,4,0,0,695,205,50,135,20,0,90,70,20,0,0,205,190,15,0,0,195,190,0,4,0,7490,1410,500,135,155,200,15,215,105,100,10,0,165,140,15,15,0,530,525,4,0,0,2540,1115,330,140,620,25,495,270,225,4,0,330,250,30,50,0,595,595,4,0,0,2700,985,285,200,445,55,550,225,270,60,0,665,625,40,0,0,495,495,0,0,0,595,180,35,30,115,0,150,25,125,0,0,90,90,0,0,0,180,180,0,0,0,245,130,60,55,15,0,60,25,40,0,0,25,15,10,0,0,30,30,0,0,0,569,551,405,188,144,64,93,60,183,119,125,76,31,194,177,98,10,31,325,299,100,25,31,476,263,157,127,159,78,293,247,129,78,31,254,241,106,16,31,351,356,38,3,31,435,207,141,97,125,45,212,174,91,60,31,241,205,78,74,31,348,344,48,31,31,229,85,63,41,32,38,142,138,79,28,31,45,37,16,31,31,158,159,10,31,31,150,81,36,76,16,31,64,58,24,31,31,94,91,15,31,31,94,93,31,9,31,463,251,146,85,72,82,22,91,66,57,17,31,72,70,15,21,31,178,180,3,31,31,345,220,134,61,180,26,186,132,117,31,31,114,119,34,79,31,151,150,3,31,31,362,200,102,103,146,54,170,82,132,60,31,180,174,32,31,31,176,176,31,31,31,178,94,31,33,86,31,77,27,78,31,31,76,76,31,31,31,103,103,31,31,31,107,103,74,69,19,31,42,24,36,31,31,18,13,15,31,31,28,28,31,31,31
2013thru2017,50,05000US48215,"Hidalgo County, Texas",48,215,232525,156950,56870,13535,4065,3510,5455,510,9125,5750,2675,700,0,9150,7435,1525,185,0,25065,23955,1060,55,0,65235,19280,9040,4410,5040,785,11590,9200,1845,545,0,11500,10580,850,70,0,22870,22485,365,20,0,25165,8520,4560,1920,1710,335,4085,3345,605,140,0,4555,4360,175,15,0,8005,7745,255,10,0,7455,2365,1080,695,510,80,1280,1180,90,10,0,1425,1410,15,0,0,2385,2385,0,0,0,2220,795,405,215,150,25,385,280,105,0,0,375,375,0,0,0,665,645,20,0,0,75575,29390,13835,2545,3520,6845,925,5325,2835,2265,230,0,4420,3755,615,50,0,5805,5685,120,0,0,25785,13400,3085,3570,5945,805,4105,2510,1445,150,0,3205,2900,295,10,0,5075,4980,95,0,0,15150,8095,1630,2320,3720,420,2565,1975,585,10,0,2195,2050,145,0,0,2295,2240,55,0,0,4080,2340,610,550,1130,45,810,655,155,0,0,415,395,20,0,0,515,515,0,0,0,1170,735,275,120,330,10,175,135,35,0,0,150,120,30,0,0,115,115,0,0,0,1609,1971,1592,1042,577,505,667,196,756,585,464,211,31,658,605,271,105,31,1280,1236,235,49,31,1643,1177,847,609,590,201,886,855,357,193,31,961,908,238,59,31,1027,1032,128,25,31,963,679,520,344,361,131,492,420,167,94,31,471,472,96,19,31,561,562,150,13,31,552,385,248,181,159,76,213,209,76,14,31,276,274,22,31,31,310,310,31,31,31,378,233,140,131,115,30,141,121,92,31,31,146,146,31,31,31,194,189,34,31,31,1633,1268,962,495,522,631,262,571,429,458,129,31,663,587,267,77,31,668,667,122,31,31,1024,1029,410,489,705,228,502,415,321,107,31,416,402,150,14,31,572,566,99,31,31,993,737,287,366,539,149,420,335,207,14,31,447,414,124,31,31,345,337,73,31,31,464,356,174,173,205,38,260,217,117,31,31,168,164,34,31,31,153,153,31,31,31,292,236,139,88,162,14,95,82,48,31,31,92,77,50,31,31,95,95,31,31,31
2013thru2017,50,05000US48217,"Hill County, Texas",48,217,12675,9350,2355,250,90,50,55,55,315,185,105,25,0,430,350,50,30,0,1360,1270,80,10,0,2605,495,200,100,140,55,440,305,110,25,0,495,435,30,30,0,1180,1130,50,0,0,2040,450,180,60,205,4,360,285,55,20,0,345,340,4,0,0,890,885,4,0,0,1295,285,115,90,55,25,145,105,40,4,0,320,295,25,0,0,550,540,10,0,0,1050,200,85,40,70,10,195,160,30,4,0,180,160,15,0,0,470,440,35,0,0,3325,565,230,35,65,125,10,105,45,65,0,0,75,75,0,0,0,155,155,0,0,0,955,370,115,135,120,0,230,145,85,0,0,130,115,10,0,0,225,225,0,0,0,1050,415,95,135,175,10,305,265,40,0,0,160,155,4,0,0,170,170,0,0,0,505,170,35,50,85,4,70,55,20,0,0,150,150,0,0,0,110,110,0,0,0,255,105,10,20,70,4,20,15,4,0,0,25,25,0,0,0,100,100,0,0,0,311,283,229,84,43,25,35,56,76,59,49,26,28,105,94,30,24,28,197,181,48,15,28,262,119,95,40,54,71,122,112,68,25,28,100,96,24,20,28,170,165,33,28,28,203,104,72,26,63,1,90,82,31,21,28,75,74,16,28,28,136,134,19,28,28,161,68,48,41,40,31,40,36,27,28,28,83,82,20,28,28,132,131,13,28,28,154,65,39,26,37,13,61,54,24,5,28,64,54,30,28,28,108,100,30,28,28,260,106,77,28,41,58,15,55,30,50,28,28,41,41,28,28,28,74,74,28,28,28,180,97,50,72,51,28,96,75,63,28,28,57,55,18,28,28,91,91,28,28,28,181,128,64,67,80,16,97,90,30,28,28,82,80,13,28,28,88,88,28,28,28,92,55,22,30,43,4,42,35,15,28,28,68,68,28,28,28,51,51,28,28,28,86,56,14,18,50,10,14,11,11,28,28,18,18,28,28,28,56,56,28,28,28
2013thru2017,50,05000US48219,"Hockley County, Texas",48,219,8065,5535,565,75,50,4,20,0,65,45,10,10,0,145,135,10,0,0,280,255,25,0,0,1460,185,65,20,85,15,225,155,60,10,0,285,260,20,4,0,770,755,15,0,0,2120,390,215,115,60,4,355,265,75,15,0,500,480,20,0,0,870,865,10,0,0,1145,210,100,80,15,15,190,175,15,0,0,235,220,15,0,0,510,505,4,0,0,240,60,50,0,4,4,70,55,20,0,0,45,40,4,0,0,65,65,0,0,0,2530,310,235,130,65,25,20,30,20,10,0,0,30,30,0,0,0,15,15,0,0,0,695,250,55,95,35,70,180,105,75,0,0,105,105,0,0,0,165,155,0,10,0,945,365,130,100,135,0,220,170,25,30,0,165,160,4,0,0,195,195,0,0,0,475,110,45,25,25,15,110,80,30,0,0,175,175,0,0,0,80,80,0,0,0,110,85,30,0,45,10,0,0,0,0,0,4,4,0,0,0,20,20,0,0,0,225,220,92,50,50,11,16,25,31,26,20,16,25,63,62,12,25,25,65,63,22,25,25,190,66,47,24,34,15,77,65,38,14,25,96,96,20,25,25,145,144,20,25,25,217,94,72,52,34,5,91,76,50,24,25,110,103,22,25,25,178,179,16,25,25,153,64,43,44,14,19,56,55,17,25,25,75,67,24,25,25,120,119,25,25,25,77,43,43,25,12,4,42,32,25,25,25,46,45,2,25,25,33,33,25,25,25,267,129,124,100,62,19,32,22,16,16,25,25,38,38,25,25,25,18,18,25,25,25,153,88,30,59,26,68,92,72,60,25,25,52,52,25,25,25,73,70,25,18,25,183,123,73,58,91,25,91,79,27,38,25,71,70,13,25,25,93,93,25,25,25,126,51,42,24,25,23,50,45,21,25,25,80,80,25,25,25,38,38,25,25,25,67,60,38,25,46,14,25,25,25,25,25,25,25,25,25,25,35,35,25,25,25
2013thru2017,50,05000US48221,"Hood County, Texas",48,221,21525,16375,5365,530,110,140,175,105,675,490,145,40,0,795,625,165,4,0,3370,3160,190,20,0,6720,1150,520,170,395,65,1075,840,145,85,0,1360,1315,35,10,0,3135,3015,115,4,0,3505,745,340,145,175,85,720,550,150,20,0,590,500,70,15,0,1450,1430,20,0,0,525,95,20,45,25,0,195,180,15,0,0,115,105,4,0,0,120,120,0,0,0,260,50,15,15,20,0,20,20,0,0,0,45,40,10,0,0,145,145,0,0,0,5155,1635,610,120,120,370,0,480,85,340,55,0,215,150,25,35,0,330,300,10,20,0,2045,650,130,225,275,20,520,375,120,25,0,400,385,15,0,0,475,465,0,10,0,1105,560,95,250,165,50,145,120,15,10,0,175,170,4,0,0,225,225,0,0,0,290,155,20,50,85,0,90,50,40,0,0,30,30,0,0,0,10,10,0,0,0,80,30,25,0,4,0,30,15,15,0,0,0,0,0,0,0,20,20,0,0,0,461,503,404,152,67,82,91,92,161,178,76,31,31,186,167,102,31,31,385,379,75,31,31,520,255,204,91,160,56,236,236,62,54,31,278,275,35,22,31,346,356,90,5,31,464,215,133,77,113,85,180,158,104,33,31,197,171,75,29,31,273,272,37,31,31,142,56,17,43,26,31,123,122,24,31,31,50,48,19,31,31,62,62,31,31,31,117,39,14,25,28,31,29,29,31,31,31,40,37,13,31,31,102,102,31,31,31,443,294,201,109,98,139,31,159,81,136,45,31,95,78,32,39,31,133,129,15,26,31,337,201,104,116,121,34,174,156,71,29,31,141,142,26,31,31,181,179,31,14,31,252,197,66,137,93,42,83,82,17,17,31,92,94,9,31,31,108,108,31,31,31,108,81,33,49,68,31,56,39,44,31,31,31,31,31,31,31,13,13,31,31,31,41,27,28,31,9,31,18,16,13,31,31,31,31,31,31,31,24,24,31,31,31
2013thru2017,50,05000US48223,"Hopkins County, Texas",48,223,13285,9210,2090,235,95,50,70,15,220,180,20,20,0,250,195,60,0,0,1385,1365,20,0,0,2805,385,175,100,110,4,505,400,70,35,0,455,345,100,10,0,1460,1440,20,0,0,2590,375,165,130,85,0,520,380,125,15,0,515,460,55,0,0,1185,1185,0,0,0,1025,210,80,60,50,20,175,115,50,4,0,210,210,0,0,0,430,430,0,0,0,695,165,95,30,40,0,95,85,10,0,0,175,175,0,0,0,260,240,15,0,0,4080,475,255,30,20,160,40,90,80,10,0,0,60,60,0,0,0,70,70,0,0,0,1040,380,110,70,145,55,220,135,50,30,0,180,170,10,0,0,265,265,0,0,0,1490,560,115,175,255,15,345,230,115,0,0,215,215,0,0,0,365,365,0,0,0,715,325,105,40,185,0,110,85,25,0,0,125,120,4,0,0,150,150,0,0,0,360,125,40,30,55,0,135,10,125,0,0,45,45,0,0,0,55,55,0,0,0,271,294,237,89,61,36,44,19,73,64,25,28,28,78,74,43,28,28,185,186,20,28,28,251,109,77,46,53,1,123,98,53,30,28,107,90,58,14,28,208,208,22,28,28,268,98,61,64,54,28,126,101,56,23,28,138,125,54,28,28,208,208,28,28,28,177,80,48,46,38,23,75,54,50,10,28,73,73,28,28,28,130,130,28,28,28,122,62,45,32,38,28,52,56,15,28,28,71,71,28,28,28,73,76,28,28,28,301,116,99,29,24,87,49,62,60,22,28,28,54,54,28,28,28,47,47,28,28,28,185,107,66,45,71,66,100,84,30,42,28,76,77,14,28,28,97,97,28,28,28,243,151,59,98,102,21,146,112,78,28,28,79,79,28,28,28,104,104,28,28,28,169,137,82,29,112,28,62,56,28,28,28,80,80,11,28,28,80,80,28,28,28,124,77,39,48,39,28,78,16,77,28,28,28,28,28,28,28,49,49,28,28,28
2013thru2017,50,05000US48225,"Houston County, Texas",48,225,8330,5720,1165,225,70,50,80,30,85,65,10,10,0,335,275,60,0,0,515,500,20,0,0,2025,455,210,55,145,40,385,290,55,40,0,490,455,35,0,0,695,690,4,0,0,1430,345,165,70,70,35,335,235,100,4,0,310,280,30,0,0,440,430,4,4,0,725,175,75,35,40,25,260,255,0,4,0,95,95,0,0,0,195,195,0,0,0,375,150,65,50,35,0,65,40,20,0,0,80,70,10,0,0,80,80,0,0,0,2605,280,145,50,15,70,10,85,60,20,0,0,25,25,0,0,0,30,30,0,0,0,860,495,80,135,285,0,80,40,35,0,0,75,75,0,0,0,215,215,0,0,0,960,615,115,140,360,0,190,75,115,0,0,80,80,0,0,0,75,75,0,0,0,375,220,40,95,80,4,70,40,30,0,0,70,65,4,0,0,15,15,0,0,0,130,90,4,4,70,15,10,10,0,0,0,20,20,0,0,0,10,10,0,0,0,239,250,188,91,44,39,61,28,46,48,17,13,25,102,94,50,25,25,133,129,24,25,25,245,143,87,46,94,38,134,117,50,33,25,120,109,44,25,25,143,142,10,25,25,204,108,82,44,35,40,126,100,76,3,25,95,94,31,25,25,112,110,9,10,25,157,73,46,26,35,35,115,115,25,25,25,55,55,25,25,25,66,66,25,25,25,119,80,41,45,49,25,61,49,39,25,25,54,51,15,25,25,42,42,25,25,25,248,90,75,51,19,63,15,64,56,35,25,25,27,27,25,25,25,27,27,25,25,25,182,150,51,74,127,25,47,36,30,25,25,72,72,25,25,25,123,123,25,25,25,213,193,83,87,147,25,92,48,79,25,25,49,49,25,25,25,45,45,25,25,25,113,91,38,59,54,9,50,36,39,25,25,49,51,13,25,25,22,22,25,25,25,57,48,3,8,40,25,14,14,25,25,25,25,25,25,25,25,20,20,25,25,25
2013thru2017,50,05000US48227,"Howard County, Texas",48,227,11030,7510,625,35,4,4,10,15,75,45,30,0,0,135,70,65,0,0,380,370,10,0,0,1110,120,55,25,40,0,140,125,4,15,0,195,180,15,0,0,655,640,15,0,0,2610,350,185,4,150,10,605,480,120,4,0,495,475,15,4,0,1155,1155,0,0,0,2665,595,235,85,270,4,470,435,40,0,0,615,600,10,4,0,985,985,0,0,0,500,40,10,4,25,0,125,125,0,0,0,145,145,0,0,0,190,190,0,0,0,3525,160,75,45,10,20,0,10,4,4,0,0,50,30,20,0,0,20,20,0,0,0,535,260,90,85,60,25,65,35,30,0,0,55,30,25,0,0,160,160,0,0,0,1470,580,220,115,230,15,320,160,130,35,0,275,220,40,10,0,300,300,0,0,0,1055,390,185,100,90,15,215,75,145,0,0,155,155,0,0,0,295,295,0,0,0,305,140,10,0,130,0,85,70,20,0,0,45,45,0,0,0,30,30,0,0,0,350,315,162,28,10,2,15,23,62,54,32,28,28,79,44,70,28,28,118,118,15,28,28,189,50,39,21,30,28,66,56,5,31,28,76,74,16,28,28,132,130,21,28,28,266,101,77,10,70,13,163,135,94,12,28,117,118,18,11,28,179,179,28,28,28,270,136,89,51,109,15,125,121,31,28,28,161,160,13,12,28,199,199,28,28,28,122,26,15,10,26,28,57,57,28,28,28,70,70,28,28,28,78,78,28,28,28,388,69,51,40,14,25,28,15,11,7,28,28,43,29,34,28,28,26,26,28,28,28,149,99,77,57,45,39,45,33,32,28,28,51,36,36,28,28,95,95,28,28,28,263,166,136,66,122,28,132,82,88,46,28,119,120,43,18,28,109,109,28,28,28,242,144,85,117,54,28,112,54,95,28,28,86,86,28,28,28,116,116,28,28,28,139,96,14,28,95,28,67,61,28,28,28,41,41,28,28,28,35,35,28,28,28
2013thru2017,50,05000US48229,"Hudspeth County, Texas",48,229,890,665,110,35,4,10,25,0,0,0,0,0,0,20,20,0,0,0,50,50,0,0,0,300,130,85,40,0,4,95,95,0,0,0,40,40,0,0,0,35,35,0,0,0,160,60,30,15,15,4,50,40,4,4,0,20,20,0,0,0,30,30,0,0,0,50,10,10,0,0,0,35,35,0,0,0,4,4,0,0,0,4,4,0,0,0,45,35,20,0,4,10,0,0,0,0,0,0,0,0,0,0,10,10,0,0,0,225,60,35,35,0,4,0,10,10,0,0,0,0,0,0,0,0,10,10,0,0,0,55,25,0,10,10,0,0,0,0,0,0,15,15,0,0,0,20,15,4,0,0,60,40,25,10,10,0,4,4,0,0,0,10,10,0,0,0,10,10,0,0,0,45,10,4,0,4,0,0,0,0,0,0,25,25,0,0,0,15,15,0,0,0,4,0,0,0,0,0,0,0,0,0,0,0,0,0,0,0,4,4,0,0,0,109,94,49,35,13,13,30,13,13,13,13,13,13,21,21,13,13,13,28,28,13,13,13,78,55,48,40,13,6,52,52,13,13,13,29,29,13,13,13,24,24,13,13,13,55,32,23,15,20,13,31,25,11,7,13,15,15,13,13,13,23,23,13,13,13,37,15,15,13,13,13,29,29,13,13,13,6,6,13,13,13,10,10,13,13,13,27,23,18,13,7,16,13,13,13,13,13,13,13,13,13,13,16,16,13,13,13,65,37,28,30,13,1,13,19,19,13,13,13,13,13,13,13,13,15,15,13,13,13,33,24,13,14,22,13,13,13,13,13,13,17,17,13,13,13,17,14,5,13,13,29,27,20,14,14,13,4,4,13,13,13,13,13,13,13,13,13,13,13,13,13,34,14,1,13,8,13,13,13,13,13,13,26,26,13,13,13,22,22,13,13,13,13,13,13,13,13,13,13,13,13,13,13,13,13,13,13,13,13,13,13,13,13
2013thru2017,50,05000US48231,"Hunt County, Texas",48,231,31780,22145,5995,1155,535,190,385,45,825,515,230,80,0,1030,895,130,4,0,2980,2890,90,4,0,7460,1690,695,445,485,65,1320,1100,160,65,0,1735,1505,180,50,0,2715,2685,30,0,0,5980,2030,950,445,590,45,985,760,175,50,0,1340,1280,60,0,0,1625,1585,40,0,0,1665,655,320,155,160,20,360,315,45,0,0,325,325,0,0,0,325,325,0,0,0,1045,390,185,100,105,0,140,130,10,0,0,205,205,0,0,0,310,310,0,0,0,9635,1200,675,30,190,410,50,170,150,20,0,0,180,135,45,0,0,175,175,0,0,0,3620,1945,350,795,665,135,750,610,140,0,0,430,420,10,0,0,495,495,0,0,0,3135,1755,335,495,850,75,530,355,175,0,0,565,565,4,0,0,285,285,0,0,0,1330,695,175,185,245,85,230,195,35,0,0,190,190,0,0,0,220,220,0,0,0,345,140,50,70,15,0,75,70,4,0,0,45,45,0,0,0,85,85,0,0,0,489,522,417,215,152,83,126,49,183,140,105,45,31,200,188,72,31,31,286,287,72,4,31,465,209,145,106,152,44,214,202,85,50,31,262,218,102,61,31,267,265,25,31,31,468,296,176,136,155,49,208,174,106,44,31,258,244,46,31,31,230,229,41,31,31,221,167,126,85,78,19,123,125,40,31,31,106,106,31,31,31,105,105,31,31,31,190,124,88,52,64,31,62,58,16,31,31,87,87,31,31,31,87,87,31,31,31,584,237,190,22,96,174,36,81,74,28,31,31,74,69,36,31,31,89,89,31,31,31,426,325,125,209,199,72,200,174,87,31,31,124,126,15,31,31,171,171,31,31,31,380,323,101,142,237,62,142,118,90,31,31,164,163,31,31,31,121,121,31,31,31,249,146,84,90,102,85,129,120,47,31,31,139,139,31,31,31,120,120,31,31,31,97,61,36,51,18,31,52,51,31,31,31,39,39,31,31,31,46,46,31,31,31
2013thru2017,50,05000US48233,"Hutchinson County, Texas",48,233,7800,6200,300,10,4,4,0,0,40,35,0,4,0,55,55,0,0,0,195,155,35,10,0,1540,155,45,70,30,15,110,90,20,0,0,335,295,35,4,0,940,940,4,0,0,1990,335,115,100,115,4,295,220,75,0,0,360,345,10,4,0,1000,1000,0,0,0,2110,580,340,115,110,10,370,315,40,15,0,450,435,15,0,0,715,710,4,0,0,255,105,40,65,0,0,35,25,10,0,0,50,50,0,0,0,65,55,10,0,0,1595,130,45,0,25,15,4,40,30,10,0,0,35,20,10,0,0,10,10,0,0,0,290,50,15,15,10,10,125,50,80,0,0,30,30,0,0,0,85,85,0,0,0,505,290,140,30,120,0,20,10,10,0,0,110,100,10,0,0,80,80,0,0,0,620,360,190,115,55,0,80,80,0,0,0,55,55,0,0,0,125,125,0,0,0,50,40,10,0,20,10,4,4,0,0,0,0,0,0,0,0,4,4,0,0,0,293,292,86,14,15,25,25,25,30,29,25,8,25,51,51,25,25,25,74,60,37,14,25,225,69,34,59,27,19,59,52,27,25,25,118,108,31,4,25,155,154,3,25,25,216,103,57,73,66,14,76,70,51,25,25,101,96,17,9,25,171,171,25,25,25,243,127,101,54,47,15,125,120,41,23,25,114,110,18,25,25,137,138,25,25,25,102,71,30,65,25,25,25,23,15,25,25,45,45,25,25,25,48,43,21,25,25,224,61,49,25,45,22,6,30,25,13,25,25,27,20,20,25,25,24,24,25,25,25,86,31,18,20,15,15,79,34,72,25,25,30,30,25,25,25,50,50,25,25,25,124,99,84,36,61,25,20,14,16,25,25,48,48,14,25,25,62,62,25,25,25,158,112,85,63,35,25,59,59,25,25,25,37,37,25,25,25,71,71,25,25,25,36,34,14,25,26,17,13,13,25,25,25,25,25,25,25,25,10,10,25,25,25
2013thru2017,50,05000US48235,"Irion County, Texas",48,235,650,515,50,10,10,0,0,0,4,4,0,0,0,4,0,4,0,0,25,25,0,0,0,170,35,10,0,20,0,35,25,10,0,0,10,10,0,0,0,90,90,0,0,0,100,15,0,4,10,0,4,4,0,0,0,20,10,4,4,0,60,60,0,0,0,100,10,10,0,4,0,10,4,0,10,0,20,10,4,0,0,60,60,0,0,0,95,30,15,0,10,0,15,15,0,0,0,4,4,0,0,0,50,50,0,0,0,135,0,0,0,0,0,0,0,0,0,0,0,0,0,0,0,0,0,0,0,0,0,50,10,0,10,0,0,20,20,0,0,0,0,0,0,0,0,25,25,0,0,0,25,15,0,0,15,0,4,4,0,0,0,0,0,0,0,0,4,4,0,0,0,40,4,0,0,4,0,15,15,0,0,0,0,0,0,0,0,20,20,0,0,0,15,10,4,4,0,0,0,0,0,0,0,0,0,0,0,0,4,4,0,0,0,66,62,30,16,16,13,13,13,13,13,13,13,13,11,13,11,13,13,23,23,13,13,13,48,27,11,13,22,13,22,20,13,13,13,12,12,13,13,13,41,41,13,13,13,39,19,13,10,15,13,2,2,13,13,13,16,15,13,11,13,30,30,13,13,13,33,17,14,13,13,13,17,1,13,15,13,17,15,10,13,13,30,30,13,13,13,32,21,20,13,14,13,12,12,13,13,13,1,1,13,13,13,30,30,13,13,13,50,13,13,13,13,13,13,13,13,13,13,13,13,13,13,13,13,13,13,13,13,13,31,15,13,15,13,13,18,18,13,13,13,13,13,13,13,13,26,26,13,13,13,21,17,13,13,17,13,15,15,13,13,13,13,13,13,13,13,6,6,13,13,13,26,13,13,13,13,13,18,18,13,13,13,13,13,13,13,13,18,18,13,13,13,18,20,15,9,13,13,13,13,13,13,13,13,13,13,13,13,13,13,13,13,13
2013thru2017,50,05000US48237,"Jack County, Texas",48,237,3075,2525,435,60,25,15,25,0,30,20,10,0,0,60,55,4,0,0,285,285,0,0,0,590,120,70,4,45,0,135,85,50,0,0,100,100,0,0,0,235,225,4,4,0,630,110,65,0,45,0,75,70,4,4,0,90,85,10,0,0,355,355,0,0,0,560,140,35,95,4,0,85,85,0,0,0,100,95,4,0,0,240,240,0,0,0,310,40,20,15,4,0,90,70,15,0,0,55,55,0,0,0,125,125,0,0,0,550,45,15,15,0,4,0,25,4,20,0,0,4,4,0,0,0,0,0,0,0,0,145,40,15,10,10,4,45,35,0,4,0,20,20,0,0,0,40,40,0,0,0,175,85,50,15,20,0,15,15,0,0,0,20,20,0,0,0,55,55,0,0,0,135,40,10,15,20,0,70,55,15,0,0,10,10,0,0,0,15,15,0,0,0,55,35,4,0,4,25,0,0,0,0,0,10,10,0,0,0,4,4,0,0,0,184,186,100,38,21,25,30,19,19,18,12,19,19,35,35,9,19,19,80,80,19,19,19,100,72,63,19,38,19,57,41,37,19,19,45,45,19,19,19,68,67,11,13,19,113,60,47,19,35,19,39,39,3,19,19,44,37,16,19,19,90,90,19,19,19,136,68,28,64,6,19,52,52,19,19,19,68,68,5,19,19,100,100,19,19,19,107,27,20,19,7,19,54,50,17,19,19,54,54,19,19,19,64,64,19,19,19,133,34,23,23,19,5,19,25,9,24,19,19,10,10,19,19,19,19,19,19,19,19,63,27,16,18,13,7,41,37,19,10,19,18,18,19,19,19,30,30,19,19,19,70,42,37,18,24,19,25,25,19,19,19,21,21,19,19,19,54,54,19,19,19,67,27,13,24,22,19,54,47,26,19,19,15,15,19,19,19,22,22,19,19,19,47,41,10,19,5,40,19,19,19,19,19,18,18,19,19,19,12,12,19,19,19
2013thru2017,50,05000US48239,"Jackson County, Texas",48,239,5230,3650,670,70,20,30,20,0,105,75,15,15,0,150,130,20,0,0,345,335,10,0,0,760,65,35,10,0,15,85,75,10,0,0,180,165,15,0,0,430,430,0,0,0,1215,280,100,105,75,0,115,80,10,25,0,250,215,30,4,0,570,570,0,0,0,715,235,135,50,25,25,105,95,10,0,0,160,160,0,0,0,215,215,0,0,0,290,20,20,0,0,0,25,25,0,0,0,60,60,0,0,0,185,185,0,0,0,1580,160,40,20,20,4,0,20,20,0,0,0,10,10,0,0,0,85,85,0,0,0,605,275,60,60,150,0,140,140,0,0,0,150,150,0,0,0,40,40,0,0,0,295,75,30,10,35,0,60,50,10,0,0,55,55,0,0,0,105,105,0,0,0,380,165,50,15,100,0,110,85,25,0,0,85,85,0,0,0,15,15,0,0,0,150,60,10,0,50,0,0,0,0,0,0,50,50,0,0,0,35,35,0,0,0,250,235,159,48,24,28,28,21,69,59,21,24,21,81,77,33,21,21,116,112,16,21,21,137,37,39,16,21,28,41,40,16,21,21,73,75,24,21,21,104,104,21,21,21,191,93,51,63,60,21,65,46,15,41,21,88,82,36,11,21,136,136,21,21,21,149,89,76,45,26,25,45,43,15,21,21,78,78,21,21,21,81,81,21,21,21,114,20,20,21,21,21,23,23,21,21,21,46,46,21,21,21,90,90,21,21,21,222,86,37,24,29,11,21,25,25,21,21,21,15,15,21,21,21,75,75,21,21,21,130,100,53,43,89,21,74,74,21,21,21,69,69,21,21,21,41,41,21,21,21,109,55,29,18,38,21,49,43,21,21,21,44,44,21,21,21,77,77,21,21,21,140,92,50,17,76,21,76,63,34,21,21,55,55,21,21,21,23,23,21,21,21,80,53,15,21,51,21,21,21,21,21,21,71,71,21,21,21,34,34,21,21,21
2013thru2017,50,05000US48241,"Jasper County, Texas",48,241,11975,8995,1710,180,75,35,30,40,285,250,25,10,0,315,260,55,0,0,925,900,25,0,0,3250,705,370,235,90,10,485,380,90,15,0,375,365,10,0,0,1685,1675,4,0,0,2865,680,405,95,180,0,410,285,115,4,0,545,540,0,4,0,1230,1210,20,0,0,870,345,215,70,45,15,185,145,45,0,0,105,105,0,0,0,230,230,0,0,0,305,40,25,0,10,10,70,55,4,4,0,105,105,0,0,0,90,90,0,0,0,2975,570,285,115,60,100,10,110,75,30,0,0,110,110,0,0,0,70,70,0,0,0,1085,555,80,235,190,45,215,120,95,0,0,125,125,0,0,0,190,190,0,0,0,940,465,165,200,40,60,230,135,90,4,0,80,80,0,0,0,165,165,0,0,0,275,120,60,45,0,15,80,65,10,0,0,35,35,0,0,0,40,40,0,0,0,105,45,15,20,0,4,35,35,0,0,0,20,20,0,0,0,4,4,0,0,0,445,453,301,94,57,37,43,46,162,150,36,19,28,116,92,62,28,28,229,228,25,28,28,409,181,145,105,61,15,186,172,63,23,28,131,131,13,28,28,287,289,12,28,28,341,185,163,55,103,28,154,111,106,18,28,161,160,28,9,28,255,249,33,28,28,207,134,112,71,40,25,80,72,43,28,28,71,71,28,28,28,91,91,28,28,28,114,29,16,28,14,17,48,46,8,10,28,74,74,28,28,28,68,68,28,28,28,359,183,119,94,57,63,20,65,56,34,28,28,86,86,28,28,28,70,70,28,28,28,248,186,48,133,130,46,102,78,71,28,28,73,73,28,28,28,112,112,28,28,28,202,146,89,109,38,53,114,88,63,9,28,61,61,28,28,28,105,105,28,28,28,132,84,54,54,28,27,57,52,21,28,28,50,50,28,28,28,33,33,28,28,28,66,41,19,34,28,13,42,42,28,28,28,21,21,28,28,28,15,15,28,28,28
2013thru2017,50,05000US48243,"Jeff Davis County, Texas",48,243,1005,810,200,60,30,15,20,0,30,30,4,0,0,4,4,4,0,0,100,100,0,0,0,370,110,70,35,4,0,70,70,0,0,0,85,85,0,0,0,105,105,0,0,0,105,30,10,15,4,0,4,4,0,0,0,30,30,0,0,0,45,45,0,0,0,75,0,0,0,0,0,55,55,0,0,0,0,0,0,0,0,20,20,0,0,0,60,4,0,4,0,0,25,10,15,0,0,10,4,4,0,0,25,25,0,0,0,200,4,0,0,0,0,0,4,4,0,0,0,0,0,0,0,0,0,0,0,0,0,90,0,0,0,0,0,25,25,0,0,0,15,15,0,0,0,50,50,0,0,0,10,0,0,0,0,0,10,10,0,0,0,0,0,0,0,0,0,0,0,0,0,40,0,0,0,0,0,0,0,0,0,0,15,10,0,4,0,25,25,0,0,0,55,4,4,0,0,0,20,20,0,0,0,0,0,0,0,0,30,30,0,0,0,116,111,84,35,23,19,18,13,46,43,5,13,13,13,1,3,13,13,57,57,13,13,13,88,66,55,38,3,13,45,45,13,13,13,49,49,13,13,13,50,50,13,13,13,54,24,14,19,9,13,5,5,13,13,13,34,34,13,13,13,36,36,13,13,13,53,13,13,13,13,13,46,46,13,13,13,13,13,13,13,13,20,20,13,13,13,43,8,13,8,13,13,30,14,27,13,13,15,7,2,13,13,28,28,13,13,13,75,7,13,13,13,13,13,7,7,13,13,13,13,13,13,13,13,13,13,13,13,13,45,13,13,13,13,13,18,18,13,13,13,19,19,13,13,13,40,40,13,13,13,15,13,13,13,13,13,15,15,13,13,13,13,13,13,13,13,13,13,13,13,13,41,13,13,13,13,13,13,13,13,13,13,20,16,13,15,13,36,36,13,13,13,43,15,15,13,13,13,24,24,13,13,13,13,13,13,13,13,35,35,13,13,13
2013thru2017,50,05000US48245,"Jefferson County, Texas",48,245,94020,58180,8695,1865,650,420,705,95,1085,820,195,70,0,1195,770,330,90,0,4550,4300,225,25,0,11015,1610,575,320,565,150,1030,605,255,170,0,1585,1240,295,55,0,6785,6500,285,0,0,21365,3510,1370,560,1290,285,3135,2255,725,150,0,4445,3690,690,65,0,10280,10035,195,55,0,13840,3060,1380,645,775,260,2345,2040,220,85,0,3210,2895,295,20,0,5230,5210,20,0,0,3265,815,390,180,180,60,575,485,70,20,0,685,570,115,0,0,1190,1165,25,0,0,35840,7840,3055,550,850,1345,310,1420,575,710,135,0,1015,795,220,0,0,2345,2305,10,25,0,8945,3685,555,975,1710,445,1440,835,480,125,0,1860,1615,245,0,0,1965,1935,30,0,0,11405,4750,835,1495,1960,460,2170,1165,965,40,0,2210,1780,420,10,0,2275,2275,0,0,0,6070,3025,375,515,1580,550,1150,780,300,70,0,930,860,70,0,0,965,965,0,0,0,1580,740,125,180,280,155,345,140,205,0,0,190,180,0,10,0,305,305,0,0,0,984,1169,535,316,150,149,219,42,236,198,116,57,31,260,187,149,82,31,390,386,79,29,31,712,308,205,119,171,90,164,131,93,99,31,250,233,112,42,31,541,528,133,31,31,900,396,242,156,263,118,438,361,204,80,31,400,371,215,51,31,684,687,99,59,31,673,356,223,148,186,114,295,263,78,49,31,422,424,130,23,31,483,481,34,31,31,387,161,113,76,76,42,141,135,41,25,31,171,129,97,31,31,256,258,26,31,31,890,600,402,172,228,236,116,347,199,258,84,31,252,242,133,31,31,354,345,20,31,31,797,466,189,224,335,164,310,244,173,102,31,434,400,142,31,31,405,404,35,31,31,800,572,214,308,372,158,307,243,211,37,31,395,334,192,19,31,303,303,31,31,31,501,381,117,160,286,209,265,201,136,58,31,215,224,49,31,31,200,200,31,31,31,301,167,58,76,91,88,126,67,105,31,31,93,90,31,19,31,138,138,31,31,31
2013thru2017,50,05000US48247,"Jim Hogg County, Texas",48,247,1585,1205,245,0,0,0,0,0,60,60,0,0,0,45,25,10,15,0,140,140,0,0,0,335,55,30,0,15,10,85,75,10,0,0,30,25,10,0,0,165,165,0,0,0,315,120,110,4,4,0,85,85,0,0,0,70,70,0,0,0,40,40,0,0,0,220,95,70,4,20,0,20,20,0,0,0,20,20,0,0,0,85,85,0,0,0,90,70,45,20,0,0,4,4,0,0,0,15,15,0,0,0,0,0,0,0,0,380,35,30,20,0,10,0,10,10,0,0,0,0,0,0,0,0,0,0,0,0,0,150,100,60,25,0,15,15,15,0,0,0,20,20,0,0,0,15,15,0,0,0,145,105,10,60,35,0,15,15,0,0,0,0,0,0,0,0,30,30,0,0,0,25,25,4,0,15,0,0,0,0,0,0,0,0,0,0,0,0,0,0,0,0,25,25,0,0,25,0,0,0,0,0,0,0,0,0,0,0,0,0,0,0,0,188,153,98,19,19,19,19,19,50,50,19,19,19,44,28,14,23,19,85,85,19,19,19,100,42,31,19,24,15,70,69,13,19,19,28,28,15,19,19,54,54,19,19,19,97,80,79,12,3,19,48,48,19,19,19,37,37,19,19,19,25,25,19,19,19,98,59,50,19,25,19,29,29,19,19,19,23,23,19,19,19,61,61,19,19,19,63,57,48,32,19,19,17,17,19,19,19,19,19,19,19,19,19,19,19,19,19,106,30,27,24,19,18,19,17,17,19,19,19,19,19,19,19,19,19,19,19,19,19,76,55,51,26,19,24,24,24,19,19,19,26,26,19,19,19,23,23,19,19,19,68,52,15,46,34,19,24,24,19,19,19,19,19,19,19,19,32,32,19,19,19,30,30,15,19,30,19,19,19,19,19,19,19,19,19,19,19,19,19,19,19,19,35,35,19,19,35,19,19,19,19,19,19,19,19,19,19,19,19,19,19,19,19
2013thru2017,50,05000US48249,"Jim Wells County, Texas",48,249,13615,9445,2005,360,230,50,60,15,280,140,85,55,0,145,140,4,0,0,1225,1195,25,0,0,2335,360,230,90,40,0,400,260,135,4,0,410,320,75,15,0,1170,1160,10,0,0,2930,905,430,205,185,90,415,390,25,0,0,380,330,55,0,0,1225,1225,0,0,0,1640,350,180,115,45,4,350,170,125,55,0,290,270,25,0,0,650,650,0,0,0,540,180,80,10,90,0,170,150,20,0,0,75,70,0,4,0,115,115,0,0,0,4165,345,240,75,70,95,0,20,4,0,15,0,55,55,0,0,0,30,20,10,0,0,745,315,115,95,95,4,75,10,70,0,0,120,120,0,0,0,235,235,0,0,0,2285,1075,300,345,370,60,545,390,155,0,0,395,375,20,0,0,270,270,0,0,0,600,305,95,90,120,0,55,35,25,0,0,50,50,0,0,0,190,190,0,0,0,195,145,45,0,70,35,10,0,10,0,0,0,0,0,0,0,35,35,0,0,0,362,405,332,172,155,51,59,23,140,80,73,77,28,76,76,13,28,28,267,264,33,28,28,326,128,92,73,46,28,167,143,82,9,28,160,151,53,28,28,259,258,15,28,28,361,218,156,119,94,77,129,130,33,28,28,123,106,60,28,28,248,248,28,28,28,269,140,89,88,38,14,116,81,75,66,28,134,129,28,28,28,165,165,28,28,28,164,102,57,18,81,28,98,94,31,28,28,57,56,28,15,28,77,77,28,28,28,414,113,115,95,56,76,28,26,5,28,23,28,52,52,28,28,28,30,27,19,28,28,179,122,71,68,83,4,70,15,69,28,28,95,95,28,28,28,109,109,28,28,28,356,274,140,150,198,53,221,175,124,28,28,194,190,35,28,28,113,113,28,28,28,200,122,84,76,70,28,43,37,25,28,28,38,38,28,28,28,128,128,28,28,28,114,105,50,28,61,55,14,28,14,28,28,28,28,28,28,28,43,43,28,28,28
2013thru2017,50,05000US48251,"Johnson County, Texas",48,251,55465,40980,13230,1335,380,280,610,65,1835,865,825,145,0,2795,2190,595,15,0,7265,7030,190,40,0,14605,2165,815,730,545,75,2230,1525,570,135,0,3360,3225,135,0,0,6850,6765,80,4,0,9275,1920,720,390,670,140,1625,1405,195,20,0,2110,1940,150,15,0,3625,3580,45,0,0,2640,680,290,245,140,4,540,370,110,60,0,625,605,20,0,0,795,795,4,0,0,1230,350,145,90,70,45,210,180,10,15,0,275,270,4,0,0,395,395,0,0,0,14485,3225,740,160,280,255,45,795,335,385,75,0,950,815,135,0,0,740,715,15,10,0,5330,2355,445,820,975,115,1130,680,440,15,0,975,910,70,0,0,870,870,0,0,0,4075,1520,345,440,610,130,1090,785,300,10,0,765,745,20,0,0,695,695,0,0,0,1205,555,70,200,280,10,315,120,195,0,0,245,245,0,0,0,95,95,0,0,0,650,310,20,90,165,35,95,90,4,0,0,110,110,0,0,0,130,130,0,0,0,614,923,623,250,154,132,183,54,298,174,249,85,31,385,319,202,23,31,464,443,95,65,31,578,355,187,208,190,52,275,230,175,109,31,444,431,80,31,31,504,496,54,23,31,609,395,188,140,211,133,265,251,94,25,31,305,286,88,26,31,452,451,44,31,31,291,153,94,104,72,5,162,111,82,74,31,142,142,33,31,31,180,180,4,31,31,210,134,74,64,82,71,88,86,21,29,31,115,116,4,31,31,125,125,31,31,31,854,352,204,79,122,102,44,202,117,191,66,31,229,209,90,31,31,186,185,27,16,31,506,339,150,234,255,76,282,196,182,22,31,223,215,72,31,31,225,225,31,31,31,548,353,138,162,219,114,251,226,143,16,31,200,199,26,31,31,221,221,31,31,31,252,179,46,114,129,14,137,80,116,31,31,134,134,31,31,31,55,55,31,31,31,162,111,21,63,104,37,65,62,16,31,31,87,87,31,31,31,71,71,31,31,31
2013thru2017,50,05000US48253,"Jones County, Texas",48,253,5635,4160,445,25,0,15,4,0,40,15,15,4,0,40,40,4,0,0,340,335,4,0,0,770,150,50,40,60,0,115,80,35,4,0,220,215,4,4,0,290,290,0,0,0,1185,165,55,40,65,4,140,130,4,4,0,295,250,45,0,0,585,580,4,0,0,1230,420,155,135,135,0,140,110,25,4,0,280,275,4,0,0,390,390,0,0,0,530,115,50,60,0,4,60,55,4,0,0,140,130,4,0,0,215,215,0,0,0,1475,135,65,60,4,4,0,4,4,0,0,0,10,10,0,0,0,60,60,0,0,0,350,110,35,40,30,4,45,30,15,0,0,95,95,0,0,0,100,100,0,0,0,605,240,85,75,70,15,55,25,15,10,0,140,140,0,0,0,165,165,0,0,0,160,15,4,0,10,0,35,30,4,0,0,30,30,4,0,0,75,75,0,0,0,225,95,60,4,35,0,75,70,4,0,0,25,25,0,0,0,25,25,0,0,0,333,272,128,27,21,25,11,21,29,20,22,15,21,39,37,3,21,21,113,111,11,21,21,155,62,35,29,49,21,62,50,35,4,21,98,101,3,4,21,72,72,21,21,21,250,84,30,69,45,5,59,59,3,9,21,121,117,35,21,21,214,213,9,21,21,195,124,78,80,67,21,57,49,28,14,21,109,105,20,21,21,98,98,21,21,21,131,79,33,70,21,6,31,29,11,21,21,68,64,18,21,21,79,79,21,21,21,229,87,52,51,5,1,21,1,1,21,21,21,18,18,21,21,21,73,73,21,21,21,125,77,34,59,33,11,35,31,20,21,21,61,61,21,21,21,78,78,21,21,21,171,94,52,72,42,31,49,23,31,23,21,102,102,21,21,21,115,115,21,21,21,68,23,19,21,20,21,30,29,7,21,21,29,29,3,21,21,46,46,21,21,21,104,73,62,5,28,21,83,83,5,21,21,33,33,21,21,21,23,23,21,21,21
2013thru2017,50,05000US48255,"Karnes County, Texas",48,255,4305,3200,420,30,10,0,10,4,70,50,15,4,0,35,30,4,0,0,285,285,0,0,0,705,180,75,50,55,0,75,65,10,0,0,85,80,4,0,0,370,370,0,0,0,960,145,70,40,30,4,100,95,4,0,0,215,195,20,0,0,500,480,20,0,0,695,250,150,30,60,15,80,65,15,0,0,75,75,0,0,0,285,285,0,0,0,425,85,40,20,25,0,75,75,0,0,0,35,35,0,0,0,230,230,0,0,0,1105,185,35,20,4,10,0,25,25,0,0,0,70,35,35,0,0,50,50,0,0,0,270,110,85,10,15,0,15,15,0,4,0,40,30,0,10,0,105,105,0,0,0,365,165,70,55,35,4,55,25,20,10,0,80,80,0,0,0,60,60,0,0,0,200,65,15,20,30,0,30,10,10,10,0,55,55,0,0,0,50,50,0,0,0,85,45,35,0,10,0,15,15,0,0,0,4,4,0,0,0,25,25,0,0,0,274,256,91,24,19,21,17,8,40,34,17,4,21,23,23,4,21,21,77,77,21,21,21,163,73,47,50,45,21,41,39,14,21,21,58,60,21,21,21,106,106,21,21,21,171,59,43,38,27,4,52,53,1,21,21,77,73,31,21,21,117,112,33,21,21,148,83,68,25,47,16,46,40,24,21,21,44,44,21,21,21,110,110,21,21,21,107,41,26,25,30,21,40,40,21,21,21,28,28,21,21,21,86,86,21,21,21,171,76,30,24,21,18,21,21,21,21,21,21,57,27,55,21,21,34,34,21,21,21,93,54,53,13,18,21,15,14,21,2,21,32,31,21,14,21,62,62,21,21,21,106,73,54,33,29,7,36,23,26,14,21,48,48,21,21,21,39,39,21,21,21,77,44,24,31,29,21,25,14,16,17,21,52,52,21,21,21,45,45,21,21,21,48,41,39,21,14,21,23,23,21,21,21,10,10,21,21,21,25,25,21,21,21
2013thru2017,50,05000US48257,"Kaufman County, Texas",48,257,36525,28175,12965,1540,320,490,650,80,1860,715,1025,120,0,2545,1760,740,40,0,7025,6825,190,15,0,8305,1555,450,500,520,80,1495,1055,360,85,0,1970,1780,170,25,0,3280,3150,135,0,0,4645,1195,540,275,335,40,855,690,130,35,0,1030,940,90,0,0,1570,1550,10,10,0,1360,310,125,95,90,0,365,275,85,4,0,205,180,25,0,0,480,480,0,0,0,900,240,115,40,85,0,240,225,15,0,0,130,130,4,0,0,290,290,0,0,0,8350,2310,830,65,360,380,25,635,285,355,0,0,385,315,55,10,0,455,455,0,0,0,2875,1145,210,370,480,90,795,615,180,0,0,410,410,0,0,0,525,525,0,0,0,1890,1005,275,320,365,40,375,355,20,0,0,310,310,0,0,0,205,205,0,0,0,855,540,70,110,340,20,135,105,30,0,0,130,130,0,0,0,50,50,0,0,0,420,230,70,45,95,20,20,20,0,0,0,120,120,0,0,0,50,50,0,0,0,419,614,525,243,123,164,155,55,338,212,249,87,31,312,258,162,36,31,446,435,103,19,31,493,237,123,167,139,62,203,191,119,51,31,273,270,69,32,31,317,305,91,31,31,423,226,161,118,125,44,195,174,72,31,31,206,204,67,31,31,277,280,16,14,31,264,108,69,65,63,31,131,107,82,10,31,74,67,32,31,31,176,176,31,31,31,180,86,55,48,68,31,84,82,25,31,31,75,74,31,31,31,117,117,31,31,31,578,346,210,41,164,155,26,217,135,144,31,31,131,123,47,20,31,137,137,31,31,31,332,230,97,129,138,79,224,227,103,31,31,119,119,31,31,31,169,169,31,31,31,305,213,143,116,132,49,123,125,26,31,31,143,143,31,31,31,108,108,31,31,31,242,201,46,55,188,25,77,66,31,31,31,85,85,31,31,31,43,43,31,31,31,158,106,58,52,62,37,14,14,31,31,31,94,94,31,31,31,48,48,31,31,31
2013thru2017,50,05000US48259,"Kendall County, Texas",48,259,13690,9975,4610,565,135,120,290,20,555,300,145,115,0,715,455,205,55,0,2775,2475,225,70,0,3195,510,185,130,175,15,425,370,40,15,0,725,575,95,50,0,1535,1490,50,0,0,1135,295,115,30,140,10,180,175,0,4,0,235,235,0,0,0,425,395,30,0,0,510,45,20,0,25,0,130,130,0,0,0,55,35,20,0,0,275,250,25,0,0,525,35,10,15,0,10,75,60,10,0,0,170,100,70,0,0,250,240,10,0,0,3715,1955,725,230,90,380,30,220,145,75,0,0,535,475,20,40,0,470,450,25,0,0,965,450,70,170,215,0,190,135,55,0,0,110,75,20,15,0,215,215,0,0,0,390,140,40,55,45,0,185,140,40,4,0,50,20,30,0,0,15,15,0,0,0,220,25,25,0,0,0,55,40,15,0,0,85,55,30,0,0,55,55,0,0,0,185,90,10,25,55,0,70,35,35,0,0,25,25,0,0,0,0,0,0,0,0,292,353,387,155,72,78,112,28,151,125,79,65,28,158,122,93,41,28,302,300,102,61,28,307,147,87,76,81,26,147,146,29,19,28,149,143,72,49,28,213,215,56,28,28,232,111,58,33,86,14,110,110,28,11,28,125,125,28,28,28,136,132,33,28,28,166,34,24,28,32,28,99,99,28,28,28,43,38,24,28,28,110,105,29,28,28,178,33,21,23,28,18,75,70,20,28,28,118,69,97,28,28,134,132,21,28,28,320,305,221,168,58,152,35,107,92,75,28,28,174,158,34,67,28,176,173,28,28,28,252,202,52,131,125,28,118,94,67,28,28,60,48,23,25,28,152,152,28,28,28,149,87,55,58,42,28,128,107,66,15,28,42,26,33,28,28,23,23,28,28,28,110,25,25,28,28,28,55,43,32,28,28,92,76,49,28,28,63,63,28,28,28,121,89,13,44,80,28,67,46,44,28,28,43,43,28,28,28,28,28,28,28,28
2013thru2017,50,05000US48261,"Kenedy County, Texas",48,261,150,45,4,0,0,0,0,0,0,0,0,0,0,0,0,0,0,0,4,4,0,0,0,10,10,10,0,0,0,0,0,0,0,0,0,0,0,0,0,0,0,0,0,0,15,15,15,0,0,0,0,0,0,0,0,0,0,0,0,0,0,0,0,0,0,15,4,4,0,0,0,0,0,0,0,0,0,0,0,0,0,10,10,0,0,0,0,0,0,0,0,0,0,0,0,0,0,0,0,0,0,0,0,0,0,0,0,110,10,0,0,0,0,0,4,4,0,0,0,0,0,0,0,0,4,4,0,0,0,15,15,15,0,0,0,0,0,0,0,0,0,0,0,0,0,0,0,0,0,0,10,0,0,0,0,0,0,0,0,0,0,4,4,0,0,0,4,4,0,0,0,40,4,0,0,4,0,0,0,0,0,0,30,30,0,0,0,4,4,0,0,0,35,20,20,0,0,0,10,10,0,0,0,0,0,0,0,0,0,0,0,0,0,51,26,2,13,13,13,13,13,13,13,13,13,13,13,13,13,13,13,2,2,13,13,13,13,13,13,13,13,13,13,13,13,13,13,13,13,13,13,13,13,13,13,13,13,22,22,22,13,13,13,13,13,13,13,13,13,13,13,13,13,13,13,13,13,13,15,13,13,13,13,13,13,13,13,13,13,13,13,13,13,13,15,15,13,13,13,13,13,13,13,13,13,13,13,13,13,13,13,13,13,13,13,13,13,13,13,13,45,16,13,13,13,13,13,6,6,13,13,13,13,13,13,13,13,15,15,13,13,13,24,24,24,13,13,13,13,13,13,13,13,13,13,13,13,13,13,13,13,13,13,15,13,13,13,13,13,13,13,13,13,13,17,17,13,13,13,4,4,13,13,13,25,4,13,13,4,13,13,13,13,13,13,21,21,13,13,13,12,12,13,13,13,30,25,25,13,13,13,22,22,13,13,13,13,13,13,13,13,13,13,13,13,13
2013thru2017,50,05000US48263,"Kent County, Texas",48,263,275,200,10,0,0,0,0,0,0,0,0,0,0,0,0,0,0,0,10,10,0,0,0,15,4,4,0,0,0,4,4,0,0,0,4,4,0,0,0,10,10,0,0,0,70,4,4,0,0,0,4,4,0,0,0,15,10,4,0,0,50,50,0,0,0,65,20,15,4,4,0,15,15,0,0,0,15,10,4,0,0,20,20,0,0,0,40,10,4,4,4,0,4,0,4,0,0,15,15,0,0,0,15,15,0,0,0,75,10,0,0,0,0,0,0,0,0,0,0,0,0,0,0,0,10,10,0,0,0,10,0,0,0,0,0,0,0,0,0,0,0,0,0,0,0,10,10,0,0,0,15,15,15,0,0,0,0,0,0,0,0,0,0,0,0,0,4,4,0,0,0,4,4,4,0,0,0,0,0,0,0,0,0,0,0,0,0,0,0,0,0,0,35,20,0,0,20,0,0,0,0,0,0,15,15,0,0,0,0,0,0,0,0,43,41,10,13,13,13,13,13,13,13,13,13,13,13,13,13,13,13,10,10,13,13,13,11,3,3,13,13,13,13,13,13,13,13,13,13,13,13,13,13,13,13,13,13,27,17,17,13,13,13,3,3,13,13,13,10,15,13,13,13,22,22,13,13,13,21,16,16,1,1,13,11,11,13,13,13,13,12,2,13,13,11,11,13,13,13,26,10,2,4,6,13,1,13,1,13,13,15,15,13,13,13,22,22,13,13,13,27,13,13,13,13,13,13,13,13,13,13,13,13,13,13,13,13,13,13,13,13,13,8,13,13,13,13,13,13,13,13,13,13,13,13,13,13,13,8,8,13,13,13,17,17,17,13,13,13,13,13,13,13,13,13,13,13,13,13,13,13,13,13,13,13,13,13,13,13,13,13,13,13,13,13,13,13,13,13,13,13,13,13,13,13,24,22,13,13,22,13,13,13,13,13,13,18,18,13,13,13,13,13,13,13,13
2013thru2017,50,05000US48265,"Kerr County, Texas",48,265,20580,14660,3075,430,115,115,140,60,330,230,55,40,0,475,280,155,40,0,1845,1630,200,15,0,6170,785,230,260,295,0,945,700,155,85,0,1135,1045,75,15,0,3310,3195,110,0,0,3370,630,225,135,255,15,400,290,75,35,0,785,675,90,20,0,1555,1480,50,20,0,1375,305,140,85,70,15,200,165,30,10,0,355,340,15,0,0,510,510,0,0,0,675,95,25,10,20,35,105,95,10,0,0,60,60,0,0,0,415,390,25,0,0,5920,1095,360,30,125,210,0,250,105,145,0,0,70,60,10,0,0,410,390,20,0,0,2190,715,40,270,365,45,515,325,115,75,0,530,440,90,0,0,430,415,15,0,0,1705,370,80,160,125,4,485,275,195,15,0,430,410,20,0,0,420,420,0,0,0,610,150,70,25,50,0,135,135,0,0,0,85,85,0,0,0,245,210,15,15,0,320,20,4,0,15,0,85,85,0,0,0,95,95,0,0,0,115,115,0,0,0,440,517,327,168,76,80,69,71,119,94,55,38,31,131,90,92,36,31,245,224,98,22,31,405,197,130,112,117,31,197,181,76,52,31,198,197,42,25,31,349,354,60,31,31,352,178,108,79,134,20,123,98,58,60,31,179,179,54,31,31,223,215,49,37,31,278,132,99,83,73,23,95,87,33,15,31,146,140,26,31,31,165,165,31,31,31,178,71,31,22,37,44,83,81,20,31,31,46,46,31,31,31,124,122,34,31,31,495,244,154,41,90,146,31,140,74,117,31,31,56,53,19,31,31,168,162,33,31,31,340,218,43,137,166,44,180,151,72,72,31,151,141,67,31,31,161,156,23,31,31,344,167,70,92,104,8,184,139,126,25,31,174,174,30,31,31,162,162,31,31,31,225,103,80,30,52,31,91,91,31,31,31,71,71,31,31,31,153,148,30,25,31,121,30,8,31,27,31,78,78,31,31,31,76,76,31,31,31,73,73,31,31,31
2013thru2017,50,05000US48267,"Kimble County, Texas",48,267,1940,1460,310,40,20,4,10,0,50,20,10,20,0,65,40,25,0,0,160,160,0,0,0,355,35,25,15,0,0,45,45,0,0,0,70,30,40,0,0,210,210,0,0,0,305,80,25,25,30,0,90,90,0,0,0,75,75,0,0,0,60,60,0,0,0,275,55,0,15,40,0,30,20,15,0,0,70,70,0,0,0,120,120,0,0,0,210,15,4,0,10,0,75,40,20,15,0,40,40,0,0,0,80,80,0,0,0,485,30,0,0,0,0,0,10,10,0,0,0,20,20,0,0,0,0,0,0,0,0,155,95,30,40,15,10,20,20,0,0,0,25,25,0,0,0,10,10,0,0,0,140,55,4,15,30,4,30,4,25,0,0,25,25,0,0,0,30,30,0,0,0,100,55,20,4,30,0,30,25,4,0,0,0,0,0,0,0,10,10,0,0,0,60,20,15,4,4,0,4,4,0,0,0,30,30,0,0,0,0,0,0,0,0,171,141,105,33,28,14,18,13,38,23,17,31,13,44,34,31,13,13,83,83,13,13,13,107,29,22,22,13,13,33,33,13,13,13,63,21,54,13,13,85,85,13,13,13,87,46,28,27,28,13,50,50,13,13,13,46,46,13,13,13,42,42,13,13,13,80,43,13,26,37,13,30,20,22,13,13,38,38,13,13,13,59,59,13,13,13,79,18,10,13,14,13,40,26,24,22,13,32,32,13,13,13,51,51,13,13,13,122,27,13,13,13,13,13,14,14,13,13,13,22,22,13,13,13,13,13,13,13,13,72,57,33,43,21,19,29,29,13,13,13,28,28,13,13,13,18,18,13,13,13,57,35,15,17,26,7,29,8,26,13,13,22,22,13,13,13,32,32,13,13,13,57,41,25,5,34,13,28,26,7,13,13,13,13,13,13,13,15,15,13,13,13,50,21,18,9,13,13,17,17,13,13,13,41,41,13,13,13,13,13,13,13,13
2013thru2017,50,05000US48269,"King County, Texas",48,269,100,20,4,0,0,0,0,0,0,0,0,0,0,4,4,0,0,0,0,0,0,0,0,4,0,0,0,0,0,0,0,0,0,0,0,0,0,0,0,4,4,0,0,0,10,0,0,0,0,0,0,0,0,0,0,0,0,0,0,0,10,10,0,0,0,4,0,0,0,0,0,4,4,0,0,0,0,0,0,0,0,0,0,0,0,0,4,4,4,0,0,0,0,0,0,0,0,4,4,0,0,0,4,4,0,0,0,80,20,4,4,0,0,0,0,0,0,0,0,10,10,0,0,0,4,4,0,0,0,20,4,4,0,4,0,4,4,4,0,0,0,0,0,0,0,10,10,0,0,0,25,0,0,0,0,0,15,15,0,0,0,4,4,0,0,0,4,4,0,0,0,4,0,0,0,0,0,0,0,0,0,0,0,0,0,0,0,4,4,0,0,0,10,4,4,0,0,0,4,4,0,0,0,0,0,0,0,0,4,4,0,0,0,25,12,5,13,13,13,13,13,13,13,13,13,13,5,5,13,13,13,13,13,13,13,13,2,13,13,13,13,13,13,13,13,13,13,13,13,13,13,13,2,2,13,13,13,12,13,13,13,13,13,13,13,13,13,13,13,13,13,13,13,12,12,13,13,13,1,13,13,13,13,13,1,1,13,13,13,13,13,13,13,13,13,13,13,13,13,13,13,13,13,13,13,13,13,13,13,13,13,13,13,13,13,4,4,13,13,13,24,15,3,3,13,13,13,13,13,13,13,13,18,18,13,13,13,8,8,13,13,13,15,7,4,13,3,13,9,5,13,13,13,13,13,13,13,13,11,11,13,13,13,18,13,13,13,13,13,16,16,13,13,13,13,13,13,13,13,11,11,13,13,13,9,13,13,13,13,13,13,13,13,13,13,13,13,13,13,13,9,9,13,13,13,14,13,13,13,13,13,2,2,13,13,13,13,13,13,13,13,2,2,13,13,13
2013thru2017,50,05000US48271,"Kinney County, Texas",48,271,1200,930,110,10,0,4,4,0,45,45,0,0,0,20,20,0,0,0,40,40,0,0,0,370,105,50,50,4,0,40,0,20,20,0,45,45,0,0,0,180,180,0,0,0,230,55,55,0,0,0,40,40,0,0,0,35,35,0,0,0,100,100,0,0,0,105,30,15,15,0,0,20,20,0,0,0,35,35,0,0,0,25,25,0,0,0,115,75,60,20,0,0,4,4,0,0,0,4,4,0,0,0,30,30,0,0,0,270,25,25,4,0,20,0,0,0,0,0,0,4,4,0,0,0,0,0,0,0,0,75,25,15,0,0,10,4,4,0,0,0,0,0,0,0,0,40,40,0,0,0,65,4,4,0,0,0,30,30,0,0,0,30,30,0,0,0,0,0,0,0,0,90,55,30,15,10,0,0,0,0,0,0,0,0,0,0,0,35,35,0,0,0,20,4,4,0,0,0,15,0,15,0,0,0,0,0,0,0,0,0,0,0,0,159,155,71,13,13,4,14,13,52,52,13,13,13,19,19,13,13,13,43,43,13,13,13,94,73,49,51,1,13,41,13,33,33,13,52,52,13,13,13,71,71,13,13,13,98,58,58,13,13,13,36,36,13,13,13,36,36,13,13,13,57,57,13,13,13,56,28,21,23,13,13,27,27,13,13,13,39,39,13,13,13,24,24,13,13,13,63,54,47,30,13,13,5,5,13,13,13,11,11,13,13,13,31,31,13,13,13,100,34,32,3,13,34,13,13,13,13,13,13,5,5,13,13,13,13,13,13,13,13,65,25,22,13,13,15,17,17,13,13,13,13,13,13,13,13,61,61,13,13,13,53,8,8,13,13,13,38,38,13,13,13,39,39,13,13,13,13,13,13,13,13,60,49,40,27,17,13,13,13,13,13,13,13,13,13,13,13,34,34,13,13,13,29,2,2,13,13,13,29,13,29,13,13,13,13,13,13,13,13,13,13,13,13
2013thru2017,50,05000US48273,"Kleberg County, Texas",48,273,10960,5810,825,95,50,4,15,25,90,55,25,10,0,80,80,0,0,0,560,555,4,4,0,895,105,55,35,15,0,170,135,30,4,0,235,220,0,15,0,385,385,0,0,0,2115,300,155,100,30,15,210,100,80,30,0,280,210,70,0,0,1330,1315,15,0,0,1805,435,160,105,150,25,280,190,90,0,0,305,285,20,0,0,785,785,0,0,0,170,70,0,50,20,0,10,10,0,0,0,35,35,0,0,0,55,55,4,0,0,5150,1330,900,110,235,455,95,80,35,45,0,0,120,75,45,0,0,230,210,25,0,0,830,335,75,105,150,4,190,75,100,20,0,180,160,15,0,0,130,130,0,0,0,1190,470,100,65,150,155,145,85,60,0,0,285,250,35,0,0,290,290,0,0,0,1480,515,120,70,330,0,350,170,175,0,0,290,290,0,0,0,330,330,0,0,0,320,110,20,0,50,35,90,90,0,0,0,15,15,0,0,0,105,105,0,0,0,426,347,195,83,73,3,26,34,59,48,38,15,28,60,60,28,28,28,159,159,5,3,28,218,76,62,37,26,28,104,91,30,5,28,116,114,28,30,28,126,126,28,28,28,308,130,94,105,34,25,115,69,83,40,28,114,86,80,28,28,262,263,22,28,28,278,143,110,75,83,35,119,92,74,28,28,110,112,26,28,28,221,221,28,28,28,92,73,28,67,34,28,15,15,28,28,28,29,29,28,28,28,49,48,3,28,28,468,290,263,101,125,189,113,71,41,60,28,28,98,59,76,28,28,91,97,34,28,28,248,179,65,76,136,14,108,66,73,31,28,115,106,24,28,28,105,105,28,28,28,267,171,98,59,95,109,98,81,53,28,28,159,146,53,28,28,144,144,28,28,28,317,198,88,62,159,28,202,128,131,28,28,153,153,28,28,28,158,158,28,28,28,145,93,34,28,67,49,84,84,28,28,28,26,26,28,28,28,69,69,28,28,28
2013thru2017,50,05000US48275,"Knox County, Texas",48,275,1375,1110,20,4,0,0,4,0,4,0,4,0,0,0,0,0,0,0,15,15,0,0,0,150,30,10,4,4,15,20,20,4,0,0,35,35,0,0,0,65,65,0,0,0,390,75,25,15,20,15,50,45,4,0,0,95,95,0,0,0,170,170,0,0,0,380,45,30,0,10,4,60,45,15,0,0,105,105,0,0,0,170,170,0,0,0,170,35,20,10,4,4,20,20,0,0,0,15,15,0,0,0,95,95,0,0,0,265,25,20,0,0,15,4,0,0,0,0,0,0,0,0,0,0,4,4,0,0,0,45,20,15,0,4,0,10,10,0,0,0,0,0,0,0,0,15,15,0,0,0,85,20,4,20,0,0,50,40,10,0,0,4,4,0,0,0,10,10,0,0,0,70,15,10,4,0,0,50,45,4,0,0,0,0,0,0,0,4,4,0,0,0,45,10,0,4,10,0,10,10,0,0,0,15,15,0,0,0,4,4,0,0,0,96,83,15,13,13,13,13,13,4,13,4,13,13,13,13,13,13,13,13,13,13,13,13,39,25,13,11,3,22,19,17,5,13,13,22,22,13,13,13,23,23,13,13,13,70,33,20,13,18,21,26,26,4,13,13,42,42,13,13,13,51,51,13,13,13,62,22,18,13,12,11,28,20,23,13,13,41,41,13,13,13,47,47,13,13,13,49,25,17,12,10,13,16,16,13,13,13,15,15,13,13,13,39,39,13,13,13,56,25,24,13,13,22,5,13,13,13,13,13,13,13,13,13,13,5,5,13,13,13,26,16,17,13,1,13,12,12,13,13,13,13,13,13,13,13,17,17,13,13,13,39,21,13,19,13,13,34,31,14,13,13,8,8,13,13,13,12,12,13,13,13,31,15,14,13,13,13,30,27,13,13,13,13,13,13,13,13,12,12,13,13,13,27,16,13,4,14,13,13,13,13,13,13,18,18,13,13,13,11,11,13,13,13
2013thru2017,50,05000US48277,"Lamar County, Texas",48,277,19085,12275,2160,355,60,150,140,10,220,120,95,0,0,320,270,55,0,0,1265,1205,60,0,0,4600,550,120,190,215,30,755,550,110,95,0,820,710,85,25,0,2475,2435,40,0,0,3270,410,150,65,185,15,540,410,105,25,0,730,665,50,15,0,1595,1580,0,15,0,1410,340,65,90,145,40,285,285,0,0,0,360,360,0,0,0,425,425,0,0,0,830,220,125,20,75,0,245,190,40,15,0,110,110,4,0,0,250,250,0,0,0,6810,1075,435,90,140,190,15,265,165,90,10,0,195,180,15,0,0,180,170,10,0,0,1870,750,235,125,340,50,540,270,215,55,0,330,325,0,4,0,250,250,0,0,0,2455,1060,225,320,450,65,395,230,165,0,0,500,445,55,0,0,500,500,0,0,0,940,335,90,75,125,45,245,190,50,4,0,215,160,20,30,0,145,145,0,0,0,475,185,50,25,110,0,95,45,50,0,0,125,125,0,0,0,70,70,0,0,0,385,548,322,149,41,107,83,14,86,52,77,28,28,132,110,65,28,28,267,256,61,28,28,420,140,62,95,82,40,172,167,57,65,28,197,184,69,26,28,281,286,46,28,28,345,115,65,41,80,20,133,115,57,25,28,150,141,33,25,28,240,239,28,23,28,259,127,40,47,92,43,117,117,28,28,28,107,107,28,28,28,144,144,28,28,28,188,84,69,21,51,28,92,75,47,21,28,73,73,3,28,28,111,111,28,28,28,498,200,137,73,82,79,19,118,93,65,16,28,89,87,21,28,28,98,96,17,28,28,265,190,110,66,113,51,172,87,137,65,28,115,111,28,12,28,98,98,28,28,28,348,235,110,119,169,60,139,105,77,28,28,157,144,73,28,28,182,182,28,28,28,193,108,54,53,66,38,88,78,40,11,28,106,96,25,44,28,102,102,28,28,28,140,78,45,32,66,28,70,47,56,28,28,85,85,28,28,28,60,60,28,28,28
2013thru2017,50,05000US48279,"Lamb County, Texas",48,279,4790,3400,140,35,25,0,10,0,30,30,0,0,0,10,4,0,4,0,60,55,10,0,0,605,130,45,25,50,10,125,55,70,4,0,130,120,10,0,0,220,220,0,0,0,1010,215,105,85,25,4,170,145,25,0,0,245,245,0,0,0,380,375,4,0,0,1320,360,225,75,45,15,195,175,15,0,0,240,235,4,0,0,525,525,0,0,0,330,70,60,4,4,0,80,80,0,0,0,75,75,0,0,0,100,100,0,0,0,1390,110,10,4,0,4,0,30,20,10,0,0,50,50,0,0,0,20,20,0,0,0,275,100,45,25,35,0,50,25,15,10,0,20,20,0,0,0,105,105,0,0,0,515,200,65,100,35,0,95,90,4,0,0,65,45,15,0,0,155,155,0,0,0,370,55,35,4,20,0,105,105,0,0,0,40,40,0,0,0,165,165,0,0,0,125,50,35,10,0,4,35,35,0,0,0,30,30,0,0,0,10,10,0,0,0,154,208,54,31,29,21,15,21,27,27,21,21,21,13,8,21,10,21,35,30,12,21,21,121,69,35,29,47,14,70,28,65,21,21,64,62,14,21,21,71,71,21,21,21,123,62,45,40,22,8,53,49,19,21,21,71,71,21,21,21,87,85,12,21,21,119,89,65,43,31,25,68,67,17,21,21,61,62,11,21,21,105,105,21,21,21,99,45,44,16,21,21,62,62,21,21,21,38,38,21,21,21,40,40,21,21,21,205,65,14,15,21,3,21,25,18,15,21,21,56,56,21,21,21,22,22,21,21,21,96,68,46,22,43,21,26,19,14,14,21,20,20,21,21,21,61,61,21,21,21,146,129,43,110,46,21,54,55,11,21,21,35,28,23,21,21,69,69,21,21,21,76,32,25,4,19,21,55,55,21,21,21,26,26,21,21,21,53,53,21,21,21,50,38,32,15,21,14,26,26,21,21,21,32,32,21,21,21,15,15,21,21,21
2013thru2017,50,05000US48281,"Lampasas County, Texas",48,281,7750,5760,1905,140,35,50,35,15,140,50,35,55,0,365,260,100,4,0,1260,1170,70,20,0,1595,305,45,115,120,30,145,85,30,25,0,395,350,40,0,0,755,755,0,0,0,1210,155,15,45,65,30,205,185,10,10,0,290,260,35,0,0,560,560,0,0,0,805,250,35,100,105,4,220,200,10,10,0,155,155,0,0,0,185,165,15,0,0,240,20,4,20,0,0,80,70,4,0,0,70,70,0,0,0,75,70,4,0,0,1990,320,80,0,30,25,20,95,65,30,0,0,45,45,0,0,0,105,85,25,0,0,680,245,35,40,160,4,95,65,30,0,0,125,110,15,0,0,215,215,0,0,0,555,225,40,35,135,15,105,90,10,0,0,105,105,0,0,0,125,125,0,0,0,310,150,25,55,70,0,65,60,4,0,0,55,55,0,0,0,45,45,0,0,0,120,25,4,20,0,0,45,45,0,0,0,10,10,0,0,0,40,40,0,0,0,233,283,215,69,40,33,33,29,84,42,35,52,25,129,112,60,15,25,184,186,59,33,25,193,101,28,76,57,33,58,38,33,31,25,130,124,37,25,25,121,121,25,25,25,223,79,17,46,43,46,71,67,13,12,25,97,97,37,25,25,157,157,25,25,25,168,107,34,66,81,4,107,104,17,15,25,66,66,25,25,25,75,70,27,25,25,78,24,4,23,25,25,47,45,16,25,25,44,44,25,25,25,35,34,25,25,25,286,123,49,25,35,32,25,67,60,36,25,25,38,38,25,25,25,85,79,38,25,25,158,105,46,41,93,18,68,61,31,25,25,63,61,24,25,25,102,102,25,25,25,153,96,40,31,77,19,71,66,16,25,25,78,78,25,25,25,84,84,25,25,25,122,75,25,42,54,25,54,52,12,25,25,59,59,25,25,25,40,40,25,25,25,87,30,17,31,25,25,68,68,25,25,25,19,19,25,25,25,41,41,25,25,25
2013thru2017,50,05000US48283,"La Salle County, Texas",48,283,2285,1605,315,90,65,4,20,0,15,15,0,0,0,80,80,0,0,0,125,125,0,0,0,335,4,4,0,0,0,115,100,15,0,0,50,50,0,0,0,160,160,0,0,0,605,240,150,30,65,0,70,45,0,25,0,80,80,0,0,0,220,220,0,0,0,220,135,55,0,85,0,10,10,0,0,0,15,15,0,0,0,60,60,0,0,0,130,25,0,20,4,0,4,4,0,0,0,70,70,0,0,0,35,35,0,0,0,680,235,110,50,20,45,0,25,20,4,0,0,100,100,0,0,0,0,0,0,0,0,205,75,65,10,4,0,0,0,0,0,0,125,125,0,0,0,4,4,0,0,0,160,10,10,0,0,0,70,70,0,0,0,85,85,0,0,0,0,0,0,0,0,55,20,0,0,20,0,0,0,0,0,0,0,0,0,0,0,35,35,0,0,0,25,4,4,0,0,0,0,0,0,0,0,15,15,0,0,0,0,0,0,0,0,244,246,189,94,86,19,33,19,20,20,19,19,19,82,82,19,19,19,108,108,19,19,19,171,9,9,19,19,19,117,114,27,19,19,52,52,19,19,19,106,106,19,19,19,214,165,142,48,86,19,70,53,19,36,19,59,59,19,19,19,120,120,19,19,19,159,129,71,19,99,19,14,14,19,19,19,35,35,19,19,19,81,81,19,19,19,116,29,19,29,9,19,4,4,19,19,19,96,96,19,19,19,54,54,19,19,19,191,144,104,72,40,53,19,34,35,11,19,19,104,104,19,19,19,19,19,19,19,19,128,66,64,15,5,19,19,19,19,19,19,115,115,19,19,19,14,14,19,19,19,115,14,14,19,19,19,74,74,19,19,19,88,88,19,19,19,19,19,19,19,19,62,42,19,19,42,19,19,19,19,19,19,19,19,19,19,19,51,51,19,19,19,26,17,17,19,19,19,19,19,19,19,19,24,24,19,19,19,19,19,19,19,19
2013thru2017,50,05000US48285,"Lavaca County, Texas",48,285,7685,5800,1120,130,80,10,40,0,115,60,25,25,0,175,145,30,0,0,700,650,50,0,0,1850,315,180,30,95,10,195,160,35,4,0,220,215,10,0,0,1120,1110,10,0,0,1150,175,105,50,25,0,160,120,35,4,0,315,300,15,4,0,495,490,4,0,0,960,175,70,25,65,20,95,80,10,0,0,240,235,4,0,0,455,455,0,0,0,720,120,70,15,35,4,170,160,4,10,0,160,160,0,0,0,265,250,0,20,0,1885,160,65,25,15,15,10,25,20,4,0,0,55,40,15,0,0,15,15,0,0,0,500,235,85,70,45,30,55,45,10,0,0,100,95,10,0,0,110,110,0,0,0,580,200,105,65,25,4,100,50,40,10,0,80,80,0,0,0,205,205,0,0,0,450,115,55,10,40,10,90,75,15,0,0,190,190,0,0,0,55,55,0,0,0,195,50,30,0,20,0,60,50,10,0,0,40,40,0,0,0,40,40,0,0,0,196,217,153,73,51,14,42,21,48,31,21,28,21,62,57,24,21,21,127,124,35,21,21,188,79,55,20,56,15,67,61,31,3,21,64,59,12,21,21,133,132,14,21,21,133,67,47,34,27,21,52,44,28,12,21,98,97,23,3,21,96,95,11,21,21,136,72,44,21,52,21,43,41,19,21,21,85,84,5,21,21,95,95,21,21,21,123,50,38,18,31,4,75,72,5,14,21,52,52,21,21,21,74,73,21,32,21,207,54,30,22,17,16,12,15,15,4,21,21,42,37,26,21,21,18,18,21,21,21,119,86,48,51,44,42,43,35,13,21,21,56,53,14,21,21,60,60,21,21,21,133,75,43,46,27,8,50,36,36,15,21,44,44,21,21,21,78,78,21,21,21,108,45,34,15,33,16,57,53,19,21,21,81,81,21,21,21,29,29,21,21,21,73,34,28,21,23,21,44,41,19,21,21,44,44,21,21,21,28,28,21,21,21
2013thru2017,50,05000US48287,"Lee County, Texas",48,287,6120,4740,1200,125,35,4,85,0,200,120,80,0,0,160,135,15,15,0,715,645,30,40,0,1880,370,70,100,190,10,200,175,25,0,0,395,365,25,4,0,915,870,45,0,0,1095,255,130,30,85,10,285,230,55,0,0,130,130,0,0,0,420,420,0,0,0,325,130,70,40,20,0,40,35,10,0,0,60,55,0,4,0,90,90,0,0,0,240,40,25,0,10,10,45,35,10,0,0,75,75,0,0,0,80,80,0,0,0,1380,295,140,15,10,115,0,55,35,20,0,0,30,30,0,0,0,70,70,0,0,0,390,125,30,30,65,0,90,55,35,0,0,85,85,0,0,0,90,90,0,0,0,400,250,120,15,50,65,20,10,15,0,0,80,75,4,0,0,50,50,0,0,0,180,45,0,45,0,0,45,45,0,0,0,25,10,20,0,0,65,65,0,0,0,115,50,0,0,50,0,20,20,0,0,0,45,45,0,0,0,4,4,0,0,0,239,274,168,67,33,6,53,21,85,63,62,21,21,85,73,17,25,21,137,127,36,53,21,200,123,61,58,85,17,86,82,32,21,21,133,130,30,21,21,160,148,39,21,21,200,107,73,27,68,15,115,99,52,21,21,79,79,21,21,21,131,131,21,21,21,99,70,39,52,23,21,40,39,14,21,21,57,58,21,7,21,60,60,21,21,21,89,29,23,21,16,13,41,34,17,21,21,59,59,21,21,21,57,57,21,21,21,190,120,88,23,13,89,21,38,33,21,21,21,38,38,21,21,21,69,69,21,21,21,140,82,21,39,72,21,70,54,45,21,21,61,61,21,21,21,65,65,21,21,21,121,114,68,27,39,74,27,14,23,21,21,61,61,4,21,21,38,38,21,21,21,101,48,21,48,21,21,65,65,21,21,21,34,15,32,21,21,44,44,21,21,21,101,67,21,21,67,21,32,32,21,21,21,44,44,21,21,21,7,7,21,21,21
2013thru2017,50,05000US48289,"Leon County, Texas",48,289,6245,4895,1285,230,100,25,100,0,175,125,50,0,0,255,225,30,0,0,625,605,20,0,0,1880,290,165,65,55,4,490,430,60,0,0,390,380,10,0,0,710,710,0,0,0,1060,280,115,85,65,20,200,145,25,30,0,100,100,0,0,0,475,460,15,0,0,495,110,70,20,20,4,70,55,0,15,0,115,115,0,0,0,200,170,30,0,0,180,45,10,15,0,20,15,15,0,0,0,65,55,4,0,0,60,60,0,0,0,1350,215,70,4,50,15,0,20,10,10,0,0,50,45,10,0,0,70,70,0,0,0,480,210,65,70,75,0,125,110,20,0,0,35,35,0,0,0,105,105,0,0,0,475,150,25,90,35,0,85,65,15,4,0,70,65,4,0,0,165,165,0,0,0,90,30,4,10,15,0,10,0,10,0,0,20,20,0,0,0,35,35,0,0,0,85,20,4,10,0,4,4,4,4,0,0,60,60,0,0,0,4,4,0,0,0,349,334,230,97,73,28,65,21,85,70,55,21,21,89,80,32,21,21,194,191,27,21,21,286,112,77,46,47,3,168,150,70,21,21,126,124,13,21,21,203,203,21,21,21,197,106,62,55,44,25,109,100,18,37,21,59,59,21,21,21,158,157,23,21,21,130,57,47,25,24,4,43,39,21,24,21,62,62,21,21,21,95,85,43,21,21,70,36,13,19,21,30,16,16,21,21,21,48,48,17,21,21,35,35,21,21,21,290,108,54,12,53,20,21,20,20,15,21,21,50,49,16,21,21,72,72,21,21,21,183,139,63,78,65,21,78,75,23,21,21,32,32,21,21,21,63,63,21,21,21,144,101,27,88,34,21,47,38,21,4,21,43,41,12,21,21,106,106,21,21,21,59,31,4,22,24,21,14,21,14,21,21,21,21,21,21,21,48,48,21,21,21,74,17,3,13,21,9,14,9,4,21,21,70,70,21,21,21,5,5,21,21,21
2013thru2017,50,05000US48291,"Liberty County, Texas",48,291,25975,19440,5690,1165,525,230,390,15,865,640,175,50,0,1245,1070,155,20,0,2415,2390,30,0,0,6480,1740,1010,365,290,75,1320,1145,100,75,0,1230,1165,55,10,0,2190,2190,4,0,0,5205,1230,510,285,425,10,1165,1065,95,4,0,1185,990,105,90,0,1630,1630,0,0,0,1525,580,260,85,215,20,215,170,50,0,0,345,345,0,0,0,380,380,0,0,0,540,230,65,80,85,0,95,95,0,0,0,80,80,0,0,0,130,130,0,0,0,6535,1065,435,50,105,265,10,275,130,115,30,0,320,320,0,0,0,35,35,0,0,0,3125,1700,600,605,495,0,680,510,170,0,0,415,415,0,0,0,330,280,50,0,0,1520,660,310,180,165,10,260,200,65,0,0,465,465,0,0,0,135,135,0,0,0,475,180,90,15,30,45,100,80,20,0,0,75,75,0,0,0,120,120,0,0,0,345,265,25,205,35,0,0,0,0,0,0,55,55,0,0,0,25,25,0,0,0,636,607,606,254,170,120,149,26,242,200,122,56,31,283,267,93,32,31,366,363,30,31,31,557,370,282,118,134,98,325,310,74,68,31,257,260,40,15,31,336,334,5,31,31,482,250,133,135,165,18,301,279,77,5,31,287,291,63,127,31,285,285,31,31,31,276,195,125,54,133,26,98,83,52,31,31,142,142,31,31,31,115,115,31,31,31,157,95,49,55,80,31,73,73,31,31,31,56,56,31,31,31,80,80,31,31,31,567,227,166,38,100,134,22,143,85,106,51,31,165,165,31,31,31,35,35,31,31,31,467,387,190,211,197,31,259,212,132,31,31,148,148,31,31,31,143,126,82,31,31,314,205,147,122,98,16,128,103,73,31,31,232,232,31,31,31,116,116,31,31,31,169,91,84,32,29,45,64,56,32,31,31,53,53,31,31,31,115,115,31,31,31,212,204,19,188,53,31,31,31,31,31,31,66,66,31,31,31,34,34,31,31,31
2013thru2017,50,05000US48293,"Limestone County, Texas",48,293,8100,6110,1405,190,40,90,55,0,250,125,120,10,0,415,355,50,10,0,550,530,25,0,0,2085,380,120,90,150,20,380,270,85,25,0,400,350,45,4,0,925,900,15,10,0,1530,390,130,105,145,10,250,195,50,0,0,315,305,10,0,0,575,555,20,0,0,585,135,35,35,55,10,160,135,25,0,0,125,120,4,0,0,165,165,0,0,0,505,120,55,20,40,4,90,80,10,0,0,70,50,10,10,0,225,220,4,0,0,1990,215,70,4,45,20,0,40,35,4,0,0,65,55,4,10,0,45,45,0,0,0,555,255,85,65,105,0,105,55,55,4,0,80,80,0,0,0,110,110,0,0,0,750,400,105,65,195,30,135,75,60,0,0,110,105,4,0,0,105,105,0,0,0,285,50,4,20,20,10,165,100,65,0,0,50,50,0,0,0,15,15,0,0,0,190,35,4,15,10,4,40,10,30,0,0,20,20,0,0,0,95,95,0,0,0,259,240,216,75,32,54,33,25,103,64,73,15,25,126,121,35,14,25,130,127,27,25,25,213,88,50,51,73,23,106,82,42,34,25,115,107,31,10,25,169,166,18,15,25,197,113,65,70,77,22,92,83,45,25,25,75,72,16,25,25,135,131,22,25,25,131,50,23,25,30,13,66,62,35,25,25,57,57,8,25,25,65,65,25,25,25,88,60,44,17,34,14,36,33,15,25,25,31,28,14,14,25,61,63,10,25,25,215,83,46,10,40,29,25,41,44,6,25,25,48,46,5,15,25,30,30,25,25,25,132,81,49,49,60,25,69,39,57,5,25,54,54,25,25,25,66,66,25,25,25,146,110,43,36,96,21,67,55,43,25,25,62,61,6,25,25,58,58,25,25,25,103,29,1,14,20,13,84,67,53,25,25,62,62,25,25,25,14,14,25,25,25,79,29,9,25,20,7,29,19,26,25,25,24,24,25,25,25,61,61,25,25,25
2013thru2017,50,05000US48295,"Lipscomb County, Texas",48,295,1275,935,85,20,10,4,10,0,25,25,0,0,0,4,4,4,0,0,35,35,0,0,0,230,25,15,10,4,0,45,35,10,0,0,50,50,0,0,0,110,110,0,0,0,330,70,45,10,10,0,25,20,4,0,0,75,75,0,0,0,165,165,0,0,0,175,40,15,4,25,0,35,35,4,0,0,40,40,0,0,0,60,60,0,0,0,115,20,4,10,4,0,35,25,10,4,0,25,25,0,0,0,35,35,0,0,0,340,45,4,0,0,4,0,15,15,0,0,0,4,4,0,0,0,25,25,0,0,0,55,25,10,15,4,0,4,4,0,0,0,4,4,0,0,0,15,15,0,0,0,135,30,10,10,10,0,20,20,0,0,0,25,25,0,0,0,60,60,0,0,0,70,15,10,0,4,0,25,20,4,0,0,20,20,0,0,0,10,10,0,0,0,40,25,20,0,0,4,10,10,0,0,0,4,4,0,0,0,4,4,0,0,0,72,72,34,17,16,9,13,13,24,24,13,13,13,10,13,13,13,13,19,19,13,13,13,49,22,13,14,7,13,18,19,14,13,13,27,27,13,13,13,37,37,13,13,13,55,27,19,10,16,13,13,10,8,13,13,31,31,13,13,13,39,39,13,13,13,37,24,16,1,14,13,17,16,1,13,13,16,16,13,13,13,22,22,13,13,13,32,13,13,14,13,13,25,18,16,13,13,16,16,13,13,13,12,12,13,13,13,60,26,13,13,13,13,13,15,15,13,13,13,2,2,13,13,13,21,21,13,13,13,32,28,14,24,4,13,9,9,13,13,13,12,12,13,13,13,20,20,13,13,13,44,21,14,18,12,13,17,17,13,13,13,15,15,13,13,13,32,32,13,13,13,22,16,16,13,13,13,16,15,2,13,13,12,12,13,13,13,11,11,13,13,13,23,20,20,13,13,7,15,15,13,13,13,13,13,13,13,13,3,3,13,13,13
2013thru2017,50,05000US48297,"Live Oak County, Texas",48,297,3585,2960,525,55,25,10,10,4,50,50,0,0,0,50,50,0,0,0,365,365,0,0,0,895,90,80,4,10,0,245,225,4,15,0,85,80,10,0,0,475,470,4,0,0,1075,220,160,30,10,20,145,125,25,0,0,170,150,25,0,0,535,480,55,0,0,385,130,50,15,60,0,55,50,4,0,0,90,70,20,0,0,110,110,0,0,0,80,10,0,10,0,0,15,15,0,0,0,55,55,0,0,0,4,4,0,0,0,625,25,0,0,0,0,0,0,0,0,0,0,4,4,0,0,0,15,15,0,0,0,260,75,30,10,35,0,80,40,40,0,0,20,15,4,0,0,90,90,0,0,0,270,130,65,0,55,10,25,10,10,4,0,35,35,0,0,0,80,80,0,0,0,70,35,0,15,20,0,0,0,0,0,0,0,0,0,0,0,35,35,0,0,0,0,0,0,0,0,0,0,0,0,0,0,0,0,0,0,0,0,0,0,0,0,328,259,124,37,19,20,21,3,41,41,21,21,21,44,44,21,21,21,111,111,21,21,21,181,61,59,2,14,21,117,115,2,24,21,47,48,15,21,21,132,132,3,21,21,180,93,77,32,14,34,70,60,33,21,21,59,59,26,21,21,132,124,63,21,21,114,74,42,23,62,21,47,44,10,21,21,69,68,26,21,21,61,61,21,21,21,55,14,21,14,21,21,21,21,21,21,21,54,54,21,21,21,5,5,21,21,21,181,22,21,21,21,21,21,21,21,21,21,21,12,12,21,21,21,22,22,21,21,21,98,47,33,15,35,21,38,25,37,21,21,28,27,9,21,21,57,57,21,21,21,114,66,51,21,42,15,21,13,14,3,21,33,33,21,21,21,57,57,21,21,21,47,35,21,31,24,21,21,21,21,21,21,21,21,21,21,21,33,33,21,21,21,21,21,21,21,21,21,21,21,21,21,21,21,21,21,21,21,21,21,21,21,21
2013thru2017,50,05000US48299,"Llano County, Texas",48,299,8680,6645,2125,260,65,25,150,20,280,195,65,20,0,345,245,90,10,0,1240,1190,35,10,0,2275,320,90,60,155,10,330,205,55,70,0,205,150,50,4,0,1420,1380,20,20,0,1625,355,185,40,80,45,265,180,80,4,0,405,375,25,10,0,600,590,4,4,0,360,60,25,15,20,4,75,75,0,0,0,70,65,4,0,0,155,155,0,0,0,260,85,60,0,25,0,125,80,40,0,0,15,15,0,0,0,40,35,4,0,0,2035,440,205,60,35,65,45,100,40,60,0,0,75,75,0,0,0,65,65,0,0,0,665,265,25,50,190,0,140,125,15,0,0,120,60,60,0,0,135,135,0,0,0,615,215,60,60,95,0,110,45,60,0,0,160,160,0,0,0,125,125,0,0,0,260,155,60,95,0,0,30,20,10,0,0,50,50,0,0,0,25,25,0,0,0,55,25,0,20,10,0,15,0,15,0,0,4,4,0,0,0,10,10,0,0,0,444,391,276,101,62,25,82,30,148,133,60,24,25,124,80,102,14,25,185,181,28,16,25,255,123,60,42,79,20,108,78,49,58,25,70,63,36,25,25,205,197,26,33,25,260,145,117,45,54,53,83,77,53,25,25,100,99,29,16,25,125,123,16,25,25,99,46,19,18,29,14,51,51,25,25,25,38,37,7,25,25,70,70,25,25,25,116,59,46,25,40,25,88,61,53,25,25,18,18,25,25,25,29,29,5,25,25,302,158,98,54,36,60,52,70,57,48,25,25,73,73,25,25,25,54,54,25,25,25,176,130,28,51,119,25,84,79,31,25,25,90,63,68,25,25,78,78,25,25,25,196,109,46,66,70,25,77,49,59,25,25,105,105,25,25,25,91,91,25,25,25,133,99,47,84,25,25,28,24,14,25,25,54,54,25,25,25,34,34,25,25,25,39,30,25,23,14,25,22,25,22,25,25,10,10,25,25,25,13,13,25,25,25
2013thru2017,50,05000US48301,"Loving County, Texas",48,301,30,15,0,0,0,0,0,0,0,0,0,0,0,0,0,0,0,0,0,0,0,0,0,4,0,0,0,0,0,4,4,0,0,0,0,0,0,0,0,4,4,0,0,0,4,4,0,4,0,0,0,0,0,0,0,0,0,0,0,0,0,0,0,0,0,4,0,0,0,0,0,0,0,0,0,0,0,0,0,0,0,4,4,0,0,0,0,0,0,0,0,0,0,0,0,0,0,0,0,0,0,0,0,0,0,0,0,15,0,0,0,0,0,0,0,0,0,0,0,0,0,0,0,0,0,0,0,0,0,4,0,0,0,0,0,0,0,0,0,0,0,0,0,0,0,4,4,0,0,0,10,0,0,0,0,0,0,0,0,0,0,4,4,0,0,0,4,4,0,0,0,4,4,0,4,0,0,0,0,0,0,0,0,0,0,0,0,0,0,0,0,0,0,0,0,0,0,0,0,0,0,0,0,0,0,0,0,0,0,0,0,0,0,14,11,13,13,13,13,13,13,13,13,13,13,13,13,13,13,13,13,13,13,13,13,13,11,13,13,13,13,13,13,13,13,13,13,13,13,13,13,13,13,13,13,13,13,3,3,13,3,13,13,13,13,13,13,13,13,13,13,13,13,13,13,13,13,13,7,13,13,13,13,13,13,13,13,13,13,13,13,13,13,13,7,7,13,13,13,13,13,13,13,13,13,13,13,13,13,13,13,13,13,13,13,13,13,13,13,13,10,13,13,13,13,13,13,13,13,13,13,13,13,13,13,13,13,13,13,13,13,13,13,13,13,13,13,13,13,13,13,13,13,13,13,13,13,13,13,13,13,13,13,11,13,13,13,13,13,13,13,13,13,13,7,7,13,13,13,8,8,13,13,13,1,1,13,1,13,13,13,13,13,13,13,13,13,13,13,13,13,13,13,13,13,13,13,13,13,13,13,13,13,13,13,13,13,13,13,13,13,13,13,13,13,13
2013thru2017,50,05000US48303,"Lubbock County, Texas",48,303,110275,61695,14055,705,140,160,315,85,875,350,310,210,0,2080,1390,585,100,0,10400,9570,745,85,0,16380,2045,555,535,820,135,1585,990,385,210,0,2975,2205,615,150,0,9775,9450,270,50,0,18350,2355,695,540,1030,90,2515,1575,755,185,0,3885,3320,450,120,0,9590,9410,160,25,0,11405,2175,835,580,650,110,1800,1495,195,110,0,2995,2760,165,65,0,4435,4400,35,0,0,1505,330,170,60,100,0,235,155,70,10,0,245,230,0,10,0,690,670,20,0,0,48580,9860,3600,205,530,2455,415,1900,530,1035,335,0,1685,1060,540,85,0,2670,2510,135,25,0,14180,5265,505,1025,3400,335,3055,1325,1410,320,0,2775,2280,410,80,0,3085,3000,50,35,0,16235,6550,725,1555,3620,655,3895,2025,1640,230,0,2975,2625,345,4,0,2815,2745,60,10,0,7115,2750,325,590,1670,165,1660,735,815,110,0,1420,1190,230,0,0,1285,1245,25,10,0,1190,445,20,35,325,60,295,170,130,0,0,160,70,95,0,0,285,285,0,0,0,820,1040,549,197,81,91,106,93,195,111,110,118,31,291,262,161,72,31,530,471,203,65,31,599,284,139,159,171,79,285,228,136,83,31,381,338,190,106,31,468,471,92,39,31,792,333,160,150,252,54,346,258,209,137,31,361,351,124,75,31,527,505,72,26,31,690,305,179,131,177,86,303,290,82,66,31,343,341,80,59,31,424,425,37,31,31,254,121,97,46,54,31,91,76,57,17,31,100,101,31,19,31,196,192,32,31,31,1063,632,442,99,177,355,153,337,193,257,147,31,314,258,193,59,31,367,380,67,24,31,935,690,145,289,554,132,463,289,283,180,31,391,361,147,71,31,402,396,44,37,31,872,568,205,335,458,212,504,365,351,133,31,384,351,188,10,31,365,364,65,14,31,658,439,113,201,336,93,357,239,254,68,31,298,283,99,31,31,220,223,19,14,31,261,137,23,35,123,45,128,87,88,31,31,104,52,87,31,31,134,134,31,31,31
2013thru2017,50,05000US48305,"Lynn County, Texas",48,305,2145,1475,145,10,4,0,4,4,4,4,0,4,0,15,4,4,10,0,110,100,4,4,0,240,30,20,4,4,0,25,25,0,4,0,50,50,0,0,0,140,125,10,0,0,535,95,50,15,30,0,115,80,20,20,0,90,70,20,0,0,230,230,0,0,0,400,30,15,10,10,0,85,65,20,0,0,120,115,4,0,0,165,165,0,0,0,160,20,10,10,4,4,35,35,0,0,0,15,4,10,0,0,90,90,0,0,0,670,60,30,25,0,4,0,4,4,4,0,0,20,10,0,4,0,4,0,4,0,0,85,45,40,4,0,0,15,10,4,0,0,10,10,0,0,0,15,15,0,0,0,315,155,90,25,40,4,65,60,4,0,0,35,30,4,0,0,65,65,0,0,0,150,115,25,4,35,45,4,4,4,0,0,15,15,0,0,0,20,20,0,0,0,60,25,25,0,0,0,4,0,4,0,0,20,20,0,0,0,15,15,0,0,0,81,103,43,11,8,19,19,5,9,4,19,4,19,13,19,3,13,19,43,41,9,11,19,65,23,21,7,19,19,18,23,19,4,19,28,28,19,19,19,49,45,16,19,19,82,46,37,23,22,19,48,37,17,20,19,34,29,16,19,19,58,58,19,19,19,73,16,14,13,10,19,34,32,17,19,19,42,42,4,19,19,54,54,19,19,19,44,15,13,15,1,4,20,20,19,19,19,16,11,14,19,19,31,31,19,19,19,104,30,24,21,19,16,19,9,3,4,19,19,16,16,19,10,19,12,19,12,19,19,39,35,34,10,19,19,16,15,5,19,19,14,14,19,19,19,9,9,19,19,19,86,77,58,21,42,4,38,37,1,19,19,26,24,7,19,19,36,36,19,19,19,67,66,21,8,38,47,12,7,4,19,19,19,19,19,19,19,20,20,19,19,19,39,24,24,19,19,19,19,19,19,19,19,24,24,19,19,19,24,24,19,19,19
2013thru2017,50,05000US48307,"McCulloch County, Texas",48,307,3145,2400,210,25,10,20,0,0,10,10,0,0,0,50,35,10,4,0,125,105,4,20,0,595,65,10,40,4,10,100,55,4,40,0,135,75,60,0,0,295,295,4,0,0,575,105,20,60,15,4,75,75,4,0,0,95,95,0,0,0,300,295,4,0,0,550,95,65,30,4,0,145,130,0,15,0,90,90,4,0,0,220,220,0,0,0,470,120,85,10,15,15,50,35,0,15,0,115,110,4,0,0,180,180,0,0,0,745,150,135,40,20,75,0,0,0,0,0,0,4,4,0,0,0,10,10,0,0,0,210,115,15,20,35,45,45,45,0,0,0,30,20,4,0,0,20,20,0,0,0,245,105,10,20,70,0,50,35,15,0,0,25,15,10,0,0,65,65,0,0,0,110,65,15,0,50,0,10,10,0,0,0,25,25,0,0,0,15,15,0,0,0,30,0,0,0,0,0,0,0,0,0,0,15,15,0,0,0,15,15,0,0,0,220,212,79,25,15,20,19,19,10,10,19,19,19,36,28,15,7,19,55,50,3,32,19,130,45,13,42,8,19,51,29,19,39,19,76,44,58,19,19,105,102,5,19,19,156,77,23,73,22,14,66,66,5,19,19,68,68,19,19,19,117,118,8,19,19,153,45,41,26,2,19,108,104,19,15,19,72,71,3,19,19,80,80,19,19,19,161,51,53,15,19,27,48,41,19,26,19,105,104,3,19,19,93,93,19,19,19,175,91,90,43,27,88,19,19,19,19,19,19,2,2,19,19,19,14,14,19,19,19,91,77,17,29,42,57,37,37,19,19,19,30,28,14,19,19,24,24,19,19,19,118,77,16,41,67,19,43,36,26,19,19,28,22,17,19,19,49,49,19,19,19,56,44,22,19,44,19,19,19,19,19,19,30,30,19,19,19,22,22,19,19,19,35,19,19,19,19,19,19,19,19,19,19,21,21,19,19,19,28,28,19,19,19
2013thru2017,50,05000US48309,"McLennan County, Texas",48,309,88210,51140,10860,975,145,235,480,115,1050,550,310,185,0,1295,960,285,50,0,7540,7015,435,85,0,13845,1400,405,130,800,60,1745,1190,360,190,0,2210,1755,410,40,0,8495,8125,355,15,0,13440,2205,580,620,955,45,2170,1550,565,55,0,2465,2190,225,50,0,6600,6410,175,15,0,10285,2175,970,625,550,30,2180,1670,440,75,0,2185,2005,170,10,0,3740,3690,35,15,0,2710,685,270,190,190,30,485,400,70,10,0,610,590,20,0,0,935,885,45,4,0,37070,5680,1980,330,370,1060,215,1035,445,505,80,0,775,495,255,25,0,1895,1830,65,0,0,11020,4690,665,960,2635,430,2150,1070,840,235,0,2190,1945,215,30,0,1990,1965,25,0,0,12840,5925,635,1525,3395,365,2925,1605,1180,140,0,2055,1940,115,0,0,1935,1880,45,10,0,5285,2315,525,660,1050,80,1180,570,485,125,0,735,725,15,0,0,1045,1045,0,0,0,2245,940,155,235,495,55,575,425,130,20,0,425,335,85,0,0,310,310,0,0,0,830,886,648,186,75,105,126,63,228,165,143,83,31,199,169,102,36,31,540,529,158,59,31,595,222,98,57,194,42,233,187,111,77,31,294,248,144,33,31,519,535,116,23,31,620,244,135,152,195,37,263,251,139,60,31,339,307,94,70,31,472,441,116,23,31,559,258,194,164,156,27,286,255,146,62,31,290,280,84,12,31,325,325,38,23,31,286,135,93,76,73,27,115,108,40,17,31,146,142,25,31,31,145,137,33,10,31,885,547,355,153,150,265,137,257,179,186,61,31,191,140,142,30,31,317,313,58,31,31,791,543,200,217,387,146,378,256,229,113,31,332,348,132,37,31,354,344,22,31,31,744,505,161,299,445,135,413,297,257,90,31,337,324,69,31,31,414,398,71,15,31,534,330,178,162,225,45,294,192,173,110,31,218,217,16,31,31,266,266,31,31,31,317,213,79,116,162,52,168,162,64,36,31,134,111,67,31,31,100,100,31,31,31
2013thru2017,50,05000US48311,"McMullen County, Texas",48,311,195,145,40,4,0,0,4,0,4,4,0,0,0,0,0,0,0,0,35,35,0,0,0,30,4,4,0,0,0,20,10,0,10,0,4,4,0,0,0,4,4,0,0,0,50,4,4,0,4,0,4,0,4,0,0,0,0,0,0,0,35,35,0,0,0,25,10,0,0,0,10,4,4,0,0,0,4,4,0,0,0,4,4,0,0,0,0,0,0,0,0,0,0,0,0,0,0,0,0,0,0,0,0,0,0,0,0,50,25,0,0,0,0,0,0,0,0,0,0,4,4,0,0,0,20,20,0,0,0,15,4,4,0,0,0,0,0,0,0,0,4,4,0,0,0,4,4,0,0,0,4,0,0,0,0,0,0,0,0,0,0,0,0,0,0,0,4,4,0,0,0,10,4,4,0,0,0,0,0,0,0,0,0,0,0,0,0,10,10,0,0,0,0,0,0,0,0,0,0,0,0,0,0,0,0,0,0,0,0,0,0,0,0,52,50,26,13,13,13,13,13,13,13,13,13,13,13,13,13,13,13,26,26,13,13,13,25,1,1,13,13,13,24,15,13,19,13,5,5,13,13,13,13,13,13,13,13,33,13,4,13,13,13,13,13,13,13,13,13,13,13,13,13,28,28,13,13,13,21,16,13,13,13,16,8,8,13,13,13,13,13,13,13,13,13,13,13,13,13,13,13,13,13,13,13,13,13,13,13,13,13,13,13,13,13,13,13,13,13,13,27,25,13,13,13,13,13,13,13,13,13,13,6,6,13,13,13,27,27,13,13,13,14,7,7,13,13,13,13,13,13,13,13,9,9,13,13,13,4,4,13,13,13,6,13,13,13,13,13,13,13,13,13,13,13,13,13,13,13,6,6,13,13,13,13,3,3,13,13,13,13,13,13,13,13,13,13,13,13,13,14,14,13,13,13,13,13,13,13,13,13,13,13,13,13,13,13,13,13,13,13,13,13,13,13,13
2013thru2017,50,05000US48313,"Madison County, Texas",48,313,4175,3070,675,70,15,10,45,0,145,85,60,0,0,125,70,55,0,0,335,325,4,0,0,1095,215,90,35,55,30,240,115,40,85,0,145,125,20,0,0,495,470,30,0,0,815,220,55,95,50,20,110,65,25,20,0,180,145,20,15,0,305,305,0,0,0,260,45,20,20,4,0,80,20,55,4,0,35,35,0,0,0,100,100,0,0,0,225,20,20,0,0,0,40,10,0,30,0,25,25,0,0,0,140,140,0,0,0,1105,135,35,35,4,0,0,70,50,0,20,0,4,4,0,0,0,30,30,0,0,0,410,135,60,40,35,4,85,50,35,0,0,30,30,0,0,0,160,160,0,0,0,265,95,0,0,65,30,25,10,15,0,0,110,110,0,0,0,40,40,0,0,0,155,95,60,0,40,0,25,25,0,0,0,15,15,0,0,0,15,15,0,0,0,140,45,4,25,15,0,0,0,0,0,0,90,35,55,0,0,4,4,0,0,0,213,221,133,42,24,12,31,21,74,44,54,21,21,59,40,49,21,21,83,83,11,21,21,167,64,44,33,35,29,97,52,30,78,21,56,52,22,21,21,127,121,29,21,21,153,106,48,83,37,25,60,45,28,29,21,84,69,26,32,21,87,87,21,21,21,101,42,32,31,5,21,56,23,52,14,21,43,43,21,21,21,61,61,21,21,21,109,26,26,21,21,21,49,15,21,47,21,30,30,21,21,21,86,86,21,21,21,185,79,37,38,7,21,21,57,47,21,29,21,4,4,21,21,21,27,27,21,21,21,131,78,49,52,30,15,60,46,46,21,21,41,41,21,21,21,72,72,21,21,21,96,54,21,21,50,41,32,16,25,21,21,73,73,21,21,21,33,33,21,21,21,83,80,71,21,45,21,22,22,21,21,21,21,21,21,21,21,28,28,21,21,21,111,44,14,37,24,21,21,21,21,21,21,92,53,77,21,21,9,9,21,21,21
2013thru2017,50,05000US48315,"Marion County, Texas",48,315,4455,3530,595,130,65,0,40,25,60,45,15,0,0,150,100,50,0,0,255,255,4,0,0,1265,390,225,25,130,10,175,165,10,0,0,285,205,75,4,0,420,420,0,0,0,1105,225,130,60,30,10,185,125,60,0,0,295,235,60,0,0,395,395,0,0,0,300,75,35,4,15,20,50,45,4,0,0,75,75,0,0,0,100,100,0,0,0,260,35,4,10,20,0,50,40,0,4,0,55,55,0,0,0,125,125,0,0,0,930,95,20,10,0,10,0,30,25,0,4,0,25,25,0,0,0,15,15,0,0,0,380,190,60,45,85,0,115,80,35,0,0,20,20,0,0,0,60,60,0,0,0,355,200,25,105,65,4,135,55,70,4,0,15,15,0,0,0,4,4,0,0,0,75,30,0,25,10,0,4,4,0,0,0,30,30,0,0,0,10,10,0,0,0,20,4,4,0,0,0,0,0,0,0,0,0,0,0,0,0,15,15,0,0,0,214,221,149,74,52,21,41,32,43,33,22,21,21,81,70,39,21,21,96,94,5,21,21,188,117,88,38,73,14,60,62,15,21,21,119,94,59,7,21,123,123,21,21,21,172,82,67,44,33,16,93,71,52,21,21,114,96,58,21,21,121,121,21,21,21,103,42,29,7,16,25,39,37,7,21,21,46,46,21,21,21,70,70,21,21,21,100,39,5,16,36,21,40,37,21,12,21,48,48,21,21,21,65,65,21,21,21,187,63,27,16,21,22,21,44,42,21,14,21,36,36,21,21,21,19,19,21,21,21,139,98,44,41,70,21,65,54,37,21,21,24,24,21,21,21,52,52,21,21,21,112,81,17,72,47,6,84,39,79,9,21,20,20,21,21,21,17,17,21,21,21,44,25,21,18,15,21,17,17,21,21,21,27,27,21,21,21,15,15,21,21,21,25,13,13,21,21,21,21,21,21,21,21,21,21,21,21,21,24,24,21,21,21
2013thru2017,50,05000US48317,"Martin County, Texas",48,317,1635,1260,295,40,4,0,35,0,35,35,0,0,0,25,25,0,0,0,200,195,4,0,0,315,30,10,0,20,0,95,60,30,0,0,55,40,0,15,0,140,140,0,0,0,360,35,4,4,10,20,60,30,10,15,0,80,80,0,0,0,180,180,0,0,0,285,4,0,4,4,0,4,4,0,0,0,80,80,0,0,0,200,200,0,0,0,4,0,0,0,0,0,0,0,0,0,0,0,0,0,0,0,4,4,0,0,0,375,60,20,20,0,0,0,20,20,0,0,0,0,0,0,0,0,20,20,0,0,0,40,4,0,4,0,0,0,0,0,0,0,15,4,10,0,0,20,20,0,0,0,90,15,0,0,15,0,10,10,0,0,0,10,10,0,0,0,50,50,0,0,0,170,50,15,35,0,0,35,35,0,0,0,20,20,0,0,0,65,65,0,0,0,10,10,0,0,10,0,0,0,0,0,0,0,0,0,0,0,0,0,0,0,0,84,117,92,50,10,19,49,19,28,28,19,19,19,29,29,19,19,19,73,72,1,19,19,82,24,16,19,22,19,60,48,30,19,19,36,26,19,24,19,67,67,19,19,19,88,27,8,19,14,23,34,25,21,18,19,41,41,19,19,19,68,68,19,19,19,92,15,19,4,18,19,3,3,19,19,19,52,52,19,19,19,74,74,19,19,19,8,19,19,19,19,19,19,19,19,19,19,19,19,19,19,19,8,8,19,19,19,96,36,24,24,19,19,19,27,27,19,19,19,19,19,19,19,19,21,21,19,19,19,40,7,19,7,19,19,19,19,19,19,19,19,15,15,19,19,34,34,19,19,19,48,26,19,19,26,19,12,12,19,19,19,17,17,19,19,19,36,36,19,19,19,67,44,18,40,19,19,37,37,19,19,19,15,15,19,19,19,51,51,19,19,19,16,16,19,19,16,19,19,19,19,19,19,19,19,19,19,19,19,19,19,19,19
2013thru2017,50,05000US48319,"Mason County, Texas",48,319,1620,1185,235,4,0,0,4,0,20,15,4,0,0,75,70,4,0,0,130,125,4,0,0,190,30,0,4,25,0,20,15,4,0,0,35,35,0,0,0,110,95,0,15,0,325,50,0,0,50,0,100,70,35,0,0,75,50,30,0,0,100,100,0,0,0,150,35,15,20,0,0,35,35,0,0,0,10,10,0,0,0,70,70,0,0,0,280,55,4,20,35,4,20,20,0,0,0,70,60,15,0,0,135,135,0,0,0,435,10,0,0,0,0,0,0,0,0,0,0,0,0,0,0,0,10,10,0,0,0,95,30,0,0,30,0,25,25,0,0,0,30,10,20,0,0,10,10,0,0,0,165,105,65,20,20,0,35,20,15,0,0,15,15,0,0,0,10,10,0,0,0,90,15,15,0,0,0,15,15,0,0,0,30,30,0,0,0,30,30,0,0,0,85,30,4,0,25,0,35,30,4,0,0,4,4,0,0,0,10,10,0,0,0,150,131,86,5,13,13,5,13,23,20,13,13,13,57,56,10,13,13,66,70,16,13,13,68,29,13,5,25,13,19,18,13,13,13,37,37,13,13,13,52,49,13,23,13,97,47,13,13,47,13,64,47,40,13,13,51,34,35,13,13,42,42,13,13,13,58,32,26,23,13,13,36,36,13,13,13,13,13,13,13,13,36,36,13,13,13,89,41,1,25,32,5,28,28,13,13,13,37,34,22,13,13,70,70,13,13,13,106,14,13,13,13,13,13,13,13,13,13,13,13,13,13,13,13,14,14,13,13,13,57,47,13,13,47,13,23,23,13,13,13,42,17,33,13,13,15,15,13,13,13,77,58,49,25,24,13,36,24,29,13,13,27,27,13,13,13,16,16,13,13,13,50,27,27,13,13,13,23,23,13,13,13,37,37,13,13,13,27,27,13,13,13,55,33,6,13,33,13,39,37,11,13,13,13,13,13,13,13,16,16,13,13,13
2013thru2017,50,05000US48321,"Matagorda County, Texas",48,321,13810,9360,1435,220,30,40,100,45,105,50,10,45,0,205,175,30,0,0,910,890,15,0,0,2730,605,205,70,310,25,275,215,45,10,0,515,485,30,0,0,1335,1245,90,0,0,3025,725,285,130,230,75,670,505,145,20,0,400,395,4,0,0,1230,1170,60,0,0,1590,495,195,25,245,30,265,215,50,0,0,215,210,10,0,0,610,610,0,0,0,580,195,20,10,140,30,60,45,15,0,0,50,50,0,0,0,275,275,0,0,0,4450,230,115,15,30,60,15,30,25,4,0,0,35,35,0,0,0,50,30,20,0,0,1215,380,65,130,190,0,130,85,20,30,0,370,315,55,0,0,335,335,0,0,0,2030,690,250,170,210,60,360,215,125,25,0,375,375,0,0,0,600,600,0,0,0,755,345,75,65,210,0,140,90,55,0,0,100,90,15,0,0,165,165,0,0,0,220,70,15,30,15,4,40,30,10,0,0,55,55,0,0,0,55,55,0,0,0,496,472,270,85,36,38,65,47,60,46,14,43,28,100,97,35,28,28,237,232,20,28,28,373,209,94,49,169,41,119,112,37,17,28,193,185,36,28,28,263,254,71,28,28,356,190,121,74,140,57,182,157,85,21,28,136,135,11,28,28,216,205,65,28,28,313,178,120,42,128,53,111,94,47,28,28,79,79,14,28,28,199,199,28,28,28,192,115,31,14,111,41,57,49,27,28,28,48,48,28,28,28,100,100,28,28,28,425,112,89,25,35,64,25,40,37,16,28,28,40,40,28,28,28,46,40,22,28,28,266,176,54,86,113,28,77,55,22,50,28,171,159,56,28,28,126,126,28,28,28,330,211,160,106,115,61,138,101,80,27,28,182,182,28,28,28,192,192,28,28,28,197,150,61,52,121,28,83,68,43,28,28,68,65,23,28,28,91,91,28,28,28,106,60,27,48,31,12,52,51,18,28,28,43,43,28,28,28,60,60,28,28,28
2013thru2017,50,05000US48323,"Maverick County, Texas",48,323,16415,11170,3650,785,325,135,325,0,470,265,130,70,0,545,445,85,15,0,1855,1855,0,0,0,4115,1285,875,150,235,25,840,640,175,20,0,970,920,40,15,0,1015,1015,0,0,0,2440,735,380,165,190,0,575,375,145,50,0,485,450,15,20,0,645,645,0,0,0,730,250,180,55,20,0,115,70,30,20,0,120,60,55,0,0,245,245,0,0,0,235,120,65,10,35,4,25,25,0,0,0,30,30,0,0,0,60,60,0,0,0,5245,1380,705,250,185,245,25,90,80,10,0,0,165,145,20,0,0,420,420,0,0,0,1880,740,285,115,300,40,455,445,10,0,0,190,190,0,0,0,495,495,0,0,0,1165,635,255,250,135,0,135,120,15,0,0,170,160,10,0,0,220,220,0,0,0,665,430,225,80,95,30,90,50,40,0,0,45,30,20,0,0,100,100,0,0,0,160,140,65,55,15,4,0,0,0,0,0,0,0,0,0,0,20,20,0,0,0,297,374,388,230,174,88,145,31,159,115,87,72,31,197,184,88,28,31,303,303,31,31,31,377,260,228,84,110,37,196,175,123,37,31,262,256,37,23,31,263,263,31,31,31,292,168,133,69,98,31,198,141,102,67,31,144,137,24,30,31,151,151,31,31,31,185,102,88,45,19,31,71,46,49,32,31,105,81,61,31,31,115,115,31,31,31,115,78,63,16,44,14,30,30,31,31,31,38,38,31,31,31,53,53,31,31,31,397,270,252,150,135,156,39,90,89,16,31,31,98,94,32,31,31,184,184,31,31,31,289,168,120,67,119,41,162,161,17,31,31,89,89,31,31,31,187,187,31,31,31,237,174,112,128,71,31,81,78,24,31,31,110,105,25,31,31,138,138,31,31,31,214,179,121,72,74,37,74,60,42,31,31,40,29,31,31,31,71,71,31,31,31,79,76,53,60,29,10,31,31,31,31,31,31,31,31,31,31,31,31,31,31,31
2013thru2017,50,05000US48325,"Medina County, Texas",48,325,15155,12450,3570,460,145,35,250,35,380,275,80,20,0,775,605,115,55,0,1955,1840,105,10,0,4395,925,590,125,195,20,685,615,65,10,0,745,705,35,0,0,2040,1975,65,0,0,2085,610,285,175,120,30,345,315,25,10,0,375,350,0,25,0,750,740,15,0,0,1485,470,155,95,205,15,335,315,10,4,0,210,210,0,0,0,470,465,4,0,0,915,250,110,40,90,4,115,110,4,0,0,190,180,10,0,0,360,340,25,0,0,2705,530,255,25,140,90,0,50,25,20,0,0,120,120,0,0,0,100,100,0,0,0,1085,450,255,130,60,4,110,110,0,0,0,340,340,0,0,0,185,185,0,0,0,600,285,125,45,115,0,90,80,10,0,0,40,40,0,0,0,185,180,4,0,0,215,80,45,15,0,20,110,100,15,0,0,10,10,0,0,0,10,10,0,0,0,275,30,25,0,4,0,100,100,0,0,0,80,75,4,0,0,65,65,0,0,0,469,498,361,162,94,24,141,41,144,132,53,32,28,201,166,93,49,28,243,238,100,20,28,437,232,182,75,87,34,191,191,47,19,28,211,201,43,28,28,302,299,61,28,28,245,176,126,108,64,26,148,147,44,14,28,130,122,28,41,28,181,179,21,28,28,237,137,84,70,119,17,153,153,18,12,28,99,99,28,28,28,141,141,8,28,28,224,90,62,46,48,19,71,70,9,28,28,140,134,17,28,28,144,139,39,28,28,348,207,131,28,104,85,28,48,35,40,28,28,107,107,28,28,28,83,83,28,28,28,247,134,99,83,40,7,73,73,28,28,28,174,174,28,28,28,104,104,28,28,28,189,128,59,49,89,28,58,56,16,28,28,70,70,28,28,28,97,95,10,28,28,108,57,40,29,28,32,97,96,22,28,28,18,18,28,28,28,17,17,28,28,28,122,32,31,28,11,28,83,83,28,28,28,58,57,15,28,28,84,84,28,28,28
2013thru2017,50,05000US48327,"Menard County, Texas",48,327,965,645,15,4,0,0,0,4,4,4,0,0,0,0,0,0,0,0,4,4,0,0,0,140,15,0,4,10,0,25,15,10,0,0,60,60,0,0,0,35,35,0,0,0,135,35,0,30,4,0,20,20,0,0,0,30,30,0,0,0,50,50,0,0,0,175,25,4,20,0,0,20,10,10,0,0,45,35,10,0,0,85,85,0,0,0,175,25,25,0,0,0,90,90,0,0,0,30,30,0,0,0,35,35,0,0,0,320,40,30,15,20,0,0,4,4,0,0,0,0,0,0,0,0,0,0,0,0,0,95,45,25,0,20,0,10,10,0,0,0,0,0,0,0,0,35,35,0,0,0,80,35,15,25,0,0,30,30,0,0,0,10,10,0,0,0,0,0,0,0,0,35,0,0,0,0,0,4,0,4,0,0,20,20,0,0,0,10,10,0,0,0,75,30,25,0,10,0,0,0,0,0,0,15,15,0,0,0,25,25,0,0,0,104,88,14,7,13,13,13,7,9,9,13,13,13,13,13,13,13,13,9,9,13,13,13,66,22,13,12,17,13,28,23,17,13,13,49,49,13,13,13,28,28,13,13,13,59,34,13,33,6,13,18,18,13,13,13,25,25,13,13,13,43,43,13,13,13,60,22,9,22,13,13,24,17,19,13,13,30,29,14,13,13,51,51,13,13,13,58,28,28,13,13,13,43,43,13,13,13,31,31,13,13,13,27,27,13,13,13,84,35,34,24,31,13,13,15,15,13,13,13,13,13,13,13,13,13,13,13,13,13,62,47,32,13,31,13,18,18,13,13,13,13,13,13,13,13,39,39,13,13,13,46,33,21,27,13,13,33,33,13,13,13,13,13,13,13,13,13,13,13,13,13,24,13,13,13,13,13,14,13,14,13,13,21,21,13,13,13,14,14,13,13,13,50,31,26,13,14,13,13,13,13,13,13,26,26,13,13,13,27,27,13,13,13
2013thru2017,50,05000US48329,"Midland County, Texas",48,329,55045,36750,7795,435,130,65,175,65,895,460,290,150,0,1015,605,410,0,0,5450,5215,235,0,0,10995,1400,630,215,545,10,1560,1115,330,120,0,1590,1240,315,40,0,6445,6215,180,50,0,8910,1245,575,270,310,90,1495,960,430,105,0,1500,1320,170,10,0,4670,4525,140,0,0,8355,1380,675,245,405,60,1135,895,145,95,0,2015,1870,135,10,0,3825,3805,20,0,0,695,195,175,0,20,0,75,60,15,0,0,175,175,0,0,0,245,245,0,0,0,18295,3255,670,60,95,495,15,650,230,380,35,0,595,420,175,0,0,1345,1325,15,0,0,8240,2075,230,565,1230,45,1660,575,815,275,0,2005,1735,265,4,0,2505,2480,25,0,0,4610,1435,175,560,595,105,720,325,330,65,0,1025,815,210,0,0,1425,1425,0,0,0,2015,595,60,160,345,35,400,160,225,10,0,325,290,35,0,0,695,695,0,0,0,175,90,10,20,60,0,0,0,0,0,0,25,25,0,0,0,60,60,0,0,0,619,724,588,150,91,43,91,57,250,175,120,136,31,271,196,185,31,31,532,523,120,31,31,727,315,233,96,234,16,321,296,133,82,31,258,217,174,50,31,543,486,147,53,31,769,304,209,137,117,85,293,207,188,112,31,316,304,102,16,31,412,413,93,31,31,541,241,175,96,137,58,233,180,92,81,31,321,307,69,13,31,388,386,24,31,31,197,107,106,31,26,31,54,51,21,31,31,112,112,31,31,31,91,91,31,31,31,807,473,198,61,66,178,24,227,145,176,43,31,262,233,106,31,31,278,279,30,31,31,667,340,121,211,294,74,356,190,244,182,31,471,450,110,13,31,405,397,29,31,31,535,343,95,196,219,97,216,147,132,66,31,267,238,106,31,31,258,258,31,31,31,324,196,43,140,157,40,137,83,114,20,31,169,157,59,31,31,184,184,31,31,31,90,65,14,35,56,31,31,31,31,31,31,31,31,31,31,31,52,52,31,31,31
2013thru2017,50,05000US48331,"Milam County, Texas",48,331,9435,6445,1105,65,25,20,20,0,120,95,30,0,0,270,215,40,10,0,650,620,35,0,0,2270,360,75,200,85,0,390,295,45,55,0,510,510,0,0,0,1005,980,25,0,0,1465,255,95,80,75,10,280,175,90,10,0,250,250,4,0,0,680,670,10,0,0,1105,345,70,110,155,10,175,165,10,0,0,285,285,0,0,0,300,300,0,0,0,500,130,90,10,35,0,105,100,4,0,0,75,75,0,0,0,185,185,0,0,0,2995,535,105,65,40,0,0,65,45,20,0,0,195,195,0,0,0,170,170,0,0,0,970,550,175,245,120,4,185,115,70,0,0,115,105,10,0,0,120,120,0,0,0,745,355,70,150,125,10,175,110,45,15,0,80,80,0,0,0,140,140,0,0,0,620,235,70,45,100,20,160,155,4,0,0,120,100,20,0,0,100,100,0,0,0,125,40,10,4,25,0,45,10,10,30,0,10,4,4,0,0,25,25,0,0,0,303,354,190,31,23,16,18,25,67,58,32,25,25,99,99,34,18,25,134,128,22,25,25,288,165,39,147,51,25,153,123,33,70,25,160,160,25,25,25,165,162,30,25,25,207,113,61,63,56,14,142,87,108,21,25,75,76,4,25,25,134,136,15,25,25,203,117,52,53,99,18,70,65,14,25,25,98,98,25,25,25,104,104,25,25,25,131,67,53,14,33,25,56,56,25,25,25,40,40,25,25,25,87,87,25,25,25,336,241,69,57,41,25,25,53,39,36,25,25,199,199,25,25,25,88,88,25,25,25,228,204,103,146,106,15,114,92,62,25,25,61,58,18,25,25,70,70,25,25,25,178,133,58,85,83,13,107,86,66,28,25,56,56,25,25,25,62,62,25,25,25,188,129,59,61,90,19,122,121,9,25,25,71,70,35,25,25,53,53,25,25,25,80,42,17,2,36,25,55,16,15,48,25,14,12,8,25,25,24,24,25,25,25
2013thru2017,50,05000US48333,"Mills County, Texas",48,333,1835,1555,250,60,25,4,35,4,15,10,4,4,0,15,15,0,0,0,155,145,10,0,0,470,60,15,4,45,0,95,95,0,4,0,85,65,20,4,0,225,225,4,0,0,430,85,10,30,30,15,40,25,10,0,0,135,125,4,0,0,175,165,10,0,0,270,105,50,55,0,0,40,40,0,0,0,60,45,10,0,0,65,65,0,0,0,135,35,20,0,4,4,25,25,0,0,0,10,10,0,0,0,70,70,0,0,0,280,20,15,0,0,15,0,4,4,0,0,0,0,0,0,0,0,0,0,0,0,0,65,35,20,10,4,0,10,0,10,0,0,4,4,0,0,0,10,10,0,0,0,105,60,15,30,10,0,20,20,0,0,0,15,15,0,0,0,15,15,0,0,0,40,20,10,10,0,0,0,0,0,0,0,10,10,0,0,0,10,10,0,0,0,50,4,0,0,4,0,4,4,0,0,0,15,15,0,0,0,20,20,0,0,0,147,136,71,41,27,5,31,13,13,13,13,3,13,15,15,13,13,13,53,51,9,13,13,96,41,22,3,35,13,50,49,13,4,13,45,38,31,13,13,79,78,3,13,13,82,36,14,26,21,17,25,21,13,13,13,54,55,13,13,13,68,64,18,13,13,85,54,44,32,13,13,27,27,13,13,13,36,35,15,13,13,37,37,13,13,13,48,25,23,13,5,11,23,23,13,13,13,11,11,13,13,13,36,36,13,13,13,75,23,22,13,13,22,13,12,12,13,13,13,13,13,13,13,13,13,13,13,13,13,32,27,24,15,3,13,12,13,12,13,13,11,11,13,13,13,15,15,13,13,13,47,30,16,31,16,13,21,21,13,13,13,18,18,13,13,13,20,20,13,13,13,28,20,11,16,13,13,13,13,13,13,13,20,20,13,13,13,14,14,13,13,13,39,6,13,13,6,13,13,13,13,13,13,19,19,13,13,13,32,32,13,13,13
2013thru2017,50,05000US48335,"Mitchell County, Texas",48,335,2640,2005,120,10,4,4,0,0,4,4,0,0,0,10,4,4,0,0,100,100,0,0,0,405,100,75,25,4,0,45,35,0,10,0,95,95,4,0,0,165,160,4,0,0,365,75,35,10,30,0,40,40,4,0,0,50,50,0,0,0,195,195,0,0,0,700,130,90,20,25,0,75,75,0,0,0,150,150,0,0,0,340,335,4,0,0,415,70,60,4,4,0,65,65,0,0,0,165,165,0,0,0,120,100,20,0,0,635,30,0,0,0,0,0,10,10,0,0,0,20,10,10,0,0,4,4,0,0,0,225,35,10,20,4,0,55,35,4,15,0,135,135,0,0,0,4,4,0,0,0,210,45,15,0,30,0,4,4,0,0,0,80,80,0,0,0,85,85,0,0,0,155,40,15,20,4,0,40,40,0,0,0,35,35,0,0,0,40,40,0,0,0,15,4,4,0,0,0,4,4,0,0,0,10,10,0,0,0,0,0,0,0,0,217,209,70,14,16,19,19,19,19,19,19,19,19,10,15,4,19,19,64,64,19,19,19,114,65,55,36,19,19,35,28,19,26,19,75,73,1,19,19,79,77,3,19,19,116,63,39,18,46,19,40,37,5,19,19,37,37,19,19,19,73,73,19,19,19,162,72,66,20,21,19,58,58,19,19,19,83,83,19,19,19,117,117,13,19,19,161,58,59,9,19,19,50,50,19,19,19,123,123,19,19,19,75,67,34,19,19,194,27,19,19,19,19,19,15,15,19,19,19,24,14,21,19,19,1,1,19,19,19,118,34,14,34,4,19,45,34,4,31,19,97,97,19,19,19,6,6,19,19,19,135,68,20,19,68,19,1,1,19,19,19,73,73,19,19,19,86,86,19,19,19,80,43,25,40,6,19,48,48,19,19,19,33,33,19,19,19,42,42,19,19,19,13,12,12,19,19,19,7,7,19,19,19,13,13,19,19,19,19,19,19,19,19
2013thru2017,50,05000US48337,"Montague County, Texas",48,337,8045,5785,1495,135,30,4,55,50,140,80,45,15,0,190,135,55,0,0,1025,985,30,10,0,1295,185,15,75,80,15,305,185,100,20,0,190,170,20,0,0,620,620,0,0,0,1765,335,215,35,70,10,390,300,75,15,0,360,265,90,10,0,675,660,15,0,0,770,280,90,70,120,0,55,50,4,0,0,140,130,10,0,0,290,275,15,0,0,455,40,20,15,4,0,50,50,0,0,0,155,150,10,0,0,210,210,0,0,0,2260,440,175,90,40,20,20,125,30,95,0,0,35,35,0,0,0,100,95,0,10,0,275,110,30,15,65,4,60,50,15,0,0,35,35,0,0,0,65,65,4,0,0,825,220,95,15,110,0,295,195,90,15,0,155,90,70,0,0,150,150,0,0,0,540,250,60,10,130,50,95,4,90,0,0,80,50,30,0,0,115,115,0,0,0,185,45,35,10,0,0,75,45,30,0,0,30,30,0,0,0,30,30,0,0,0,279,281,226,92,26,10,49,75,58,43,36,16,21,94,71,67,21,21,209,202,24,16,21,181,67,15,50,49,25,97,64,80,19,21,80,75,27,21,21,139,139,21,21,21,228,121,108,26,40,17,146,131,68,30,21,116,70,91,15,21,177,172,28,21,21,174,115,51,48,88,21,36,33,5,21,21,61,60,17,21,21,106,103,21,21,21,114,33,25,21,21,21,37,37,21,21,21,84,83,14,21,21,87,87,21,21,21,292,148,92,67,62,26,25,89,35,81,21,21,30,30,21,21,21,63,61,21,14,21,91,56,30,22,40,11,47,41,18,21,21,35,35,21,21,21,50,50,1,21,21,193,87,56,22,61,21,123,96,77,23,21,118,78,91,21,21,94,94,21,21,21,160,120,40,14,95,63,85,21,85,21,21,64,47,38,21,21,56,56,21,21,21,74,45,39,20,21,21,55,48,31,21,21,22,22,21,21,21,28,28,21,21,21
2013thru2017,50,05000US48339,"Montgomery County, Texas",48,339,186860,133080,62245,6060,1535,1125,2930,470,5095,2665,1730,700,0,9285,6710,1950,625,0,41805,38735,2850,220,0,45465,7095,2495,1370,2955,280,5975,4020,1330,625,0,7210,6020,1010,180,0,25180,24150,985,40,0,22280,4495,2135,1075,1135,150,3595,2525,975,95,0,4440,4140,240,65,0,9745,9590,150,0,0,2495,940,600,245,90,4,380,335,45,0,0,430,425,10,0,0,745,735,10,0,0,595,175,50,60,60,4,95,75,4,15,0,75,75,0,0,0,250,205,45,0,0,53780,22800,5505,605,1150,3495,255,3745,940,2290,515,0,4480,3745,725,10,0,9070,8710,330,35,0,20375,6715,1535,1875,2990,315,5210,2585,1895,725,0,3615,3060,440,115,0,4835,4710,120,10,0,9120,3225,1135,745,1305,35,2085,1420,615,50,0,2225,2070,135,15,0,1580,1535,45,0,0,1160,400,155,120,110,15,305,220,80,0,0,305,290,0,20,0,150,150,0,0,0,325,170,30,65,55,20,90,55,35,0,0,4,4,0,0,0,65,65,0,0,0,1312,1836,1841,675,366,327,478,181,711,439,502,183,31,995,824,400,325,31,1764,1774,571,137,31,1414,776,435,305,510,131,684,637,276,198,31,732,708,241,164,31,1038,1066,256,39,31,1271,473,375,292,272,69,628,471,337,57,31,569,534,102,48,31,776,773,106,31,31,404,269,220,145,59,13,162,161,43,31,31,155,155,13,31,31,253,257,13,31,31,191,127,65,57,79,19,72,64,11,21,31,62,62,31,31,31,129,110,63,31,31,1727,1522,685,195,305,619,177,638,353,501,221,31,694,680,235,14,31,1127,1117,208,31,31,1136,623,369,382,502,193,673,452,382,248,31,545,475,183,98,31,692,716,80,13,31,723,441,264,203,360,44,400,348,210,39,31,447,441,101,31,31,333,331,36,31,31,370,182,102,81,99,27,185,166,76,31,31,256,253,31,33,31,87,87,31,31,31,155,104,30,83,45,32,92,75,48,31,31,8,8,31,31,31,68,68,31,31,31
2013thru2017,50,05000US48341,"Moore County, Texas",48,341,6725,4295,565,30,4,0,25,0,15,15,0,0,0,75,70,0,4,0,450,415,35,0,0,1250,110,70,15,25,0,175,120,55,0,0,375,355,4,15,0,590,590,0,0,0,1685,170,110,40,25,0,265,180,90,4,0,310,275,30,4,0,935,930,4,0,0,690,35,20,15,0,4,135,125,10,0,0,145,125,15,0,0,380,380,0,0,0,100,40,30,0,10,0,20,20,0,0,0,0,0,0,0,0,40,40,0,0,0,2430,385,65,35,15,15,0,75,70,10,0,0,85,85,0,0,0,160,160,0,0,0,570,175,65,20,85,0,235,105,130,0,0,110,65,45,0,0,50,50,0,0,0,1045,295,80,110,90,20,105,105,0,0,0,320,320,0,0,0,320,320,0,0,0,380,165,15,45,90,10,75,45,35,0,0,60,60,0,0,0,80,80,0,0,0,55,0,0,0,0,0,35,0,35,0,0,20,20,0,0,0,0,0,0,0,0,234,356,166,41,1,25,42,25,28,28,25,25,25,60,59,25,4,25,149,148,49,25,25,222,64,53,21,24,25,103,84,66,25,25,120,121,10,25,25,178,178,25,25,25,241,75,64,32,24,25,111,99,55,4,25,126,116,36,16,25,151,151,2,25,25,186,26,16,19,25,3,80,80,16,25,25,84,84,23,25,25,155,155,25,25,25,69,35,36,25,12,25,28,28,25,25,25,25,25,25,25,25,50,50,25,25,25,325,153,48,41,19,20,25,58,55,12,25,25,81,81,25,25,25,97,97,25,25,25,195,103,60,29,76,25,142,73,124,25,25,71,44,58,25,25,50,50,25,25,25,247,140,73,95,75,26,61,61,25,25,25,127,127,25,25,25,153,153,25,25,25,146,94,24,46,77,16,47,32,40,25,25,61,61,25,25,25,84,84,25,25,25,61,25,25,25,25,25,54,25,54,25,25,32,32,25,25,25,25,25,25,25,25
2013thru2017,50,05000US48343,"Morris County, Texas",48,343,5025,3730,680,60,30,4,10,15,155,75,50,35,0,130,125,4,0,0,335,335,0,0,0,880,105,60,10,35,0,190,125,65,0,0,260,260,0,0,0,325,325,0,0,0,975,170,75,35,45,15,205,160,45,0,0,220,220,0,0,0,380,380,0,0,0,985,130,80,45,4,0,225,185,35,4,0,285,285,0,0,0,350,350,0,0,0,215,55,50,0,4,0,60,45,0,10,0,60,60,0,0,0,40,40,0,0,0,1290,40,4,4,0,0,0,20,15,4,0,0,15,4,4,0,0,4,4,0,0,0,275,115,60,30,15,10,55,35,20,0,0,20,20,0,0,0,85,70,15,0,0,480,340,125,75,110,30,60,45,10,0,0,30,30,0,0,0,50,50,0,0,0,405,175,35,50,85,4,40,30,10,0,0,85,80,4,0,0,100,100,0,0,0,90,20,4,10,0,4,50,50,0,0,0,0,0,0,0,0,20,20,0,0,0,143,172,165,44,29,4,17,28,87,56,64,40,21,60,61,15,21,21,127,127,21,21,21,178,61,47,16,35,21,94,68,60,21,21,117,117,21,21,21,120,120,21,21,21,174,79,55,27,55,21,97,88,54,21,21,73,73,21,21,21,90,90,21,21,21,180,62,42,43,18,21,109,105,33,21,21,117,117,21,21,21,125,125,21,21,21,84,45,42,21,10,21,42,36,21,23,21,54,54,21,21,21,27,27,21,21,21,165,42,21,21,21,21,21,30,26,8,21,21,18,13,16,21,21,15,15,21,21,21,101,68,53,35,24,14,43,28,28,21,21,25,25,21,21,21,63,58,27,21,21,118,92,67,39,53,31,41,37,16,21,21,25,25,21,21,21,36,36,21,21,21,122,79,43,44,53,9,32,29,15,21,21,48,47,3,21,21,59,59,21,21,21,75,27,1,20,21,20,69,69,21,21,21,21,21,21,21,21,25,25,21,21,21
2013thru2017,50,05000US48345,"Motley County, Texas",48,345,470,335,10,4,4,0,4,0,0,0,0,0,0,4,4,0,0,0,0,0,0,0,0,50,4,0,0,4,0,10,0,10,0,0,15,4,10,0,0,25,25,0,0,0,100,25,15,10,0,0,15,15,0,0,0,20,15,4,0,0,40,40,0,0,0,100,35,25,4,0,4,25,25,0,0,0,10,10,0,0,0,30,30,0,0,0,75,4,0,4,4,0,15,15,0,0,0,35,35,0,0,0,20,20,0,0,0,135,0,0,0,0,0,0,0,0,0,0,0,0,0,0,0,0,0,0,0,0,0,15,10,0,10,0,0,0,0,0,0,0,0,0,0,0,0,4,4,0,0,0,40,10,10,0,0,0,15,4,10,0,0,0,0,0,0,0,15,15,0,0,0,25,4,4,0,4,0,4,4,0,0,0,10,10,0,0,0,4,4,0,0,0,50,20,15,4,0,0,4,4,0,0,0,10,10,0,0,0,15,15,0,0,0,45,39,12,11,13,13,4,13,13,13,13,13,13,7,7,13,13,13,13,13,13,13,13,23,3,13,13,3,13,19,13,19,13,13,11,13,7,13,13,15,15,13,13,13,28,16,15,13,13,13,12,12,13,13,13,13,12,10,13,13,19,19,13,13,13,31,21,18,13,13,10,17,17,13,13,13,12,12,13,13,13,16,16,13,13,13,29,9,13,13,1,13,18,18,13,13,13,22,22,13,13,13,15,15,13,13,13,36,13,13,13,13,13,13,13,13,13,13,13,13,13,13,13,13,13,13,13,13,13,17,14,13,14,13,13,13,13,13,13,13,13,13,13,13,13,16,16,13,13,13,20,13,13,13,13,13,14,8,11,13,13,13,13,13,13,13,13,13,13,13,13,23,19,9,13,11,13,11,11,13,13,13,16,16,13,13,13,4,4,13,13,13,27,18,14,10,13,13,4,4,13,13,13,19,19,13,13,13,15,15,13,13,13
2013thru2017,50,05000US48347,"Nacogdoches County, Texas",48,347,23825,13310,3305,410,195,45,125,40,470,310,130,30,0,470,315,135,20,0,1955,1890,55,10,0,5080,1040,470,235,220,115,635,435,205,0,0,1035,865,95,75,0,2370,2350,20,0,0,3180,635,255,155,190,35,350,250,30,65,0,625,525,70,25,0,1575,1525,35,15,0,1105,215,90,55,70,4,220,185,35,0,0,225,195,30,0,0,445,435,10,0,0,640,130,65,4,55,4,30,15,4,10,0,80,50,30,0,0,400,400,0,0,0,10515,2665,1280,130,305,820,25,340,120,215,0,0,560,410,150,0,0,485,485,0,0,0,3845,1630,290,355,885,105,605,260,345,0,0,630,575,55,0,0,975,970,0,10,0,2555,1175,315,260,525,75,585,305,240,35,0,355,350,4,0,0,440,440,0,0,0,1055,490,70,95,305,20,240,110,130,0,0,60,55,4,0,0,265,265,0,0,0,400,180,35,25,65,60,45,40,4,0,0,105,70,30,0,0,75,75,0,0,0,456,481,340,142,112,40,76,50,171,125,119,27,31,134,103,84,33,31,247,246,38,15,31,394,226,134,116,103,92,167,124,130,31,31,208,193,67,63,31,279,274,21,31,31,291,148,86,72,80,34,118,104,37,54,31,152,143,57,29,31,207,208,26,27,31,195,92,54,46,44,4,91,71,47,31,31,86,71,33,31,31,128,129,15,31,31,177,62,50,10,37,7,20,19,31,14,31,60,50,28,31,31,144,144,31,31,31,571,340,247,67,117,219,38,132,69,113,31,31,218,155,138,31,31,167,167,31,31,31,406,297,119,128,246,72,172,106,119,31,31,146,137,48,31,31,241,242,31,13,31,358,252,101,127,159,66,191,115,131,45,31,114,112,31,31,31,124,124,31,31,31,199,140,47,58,118,30,101,68,91,31,31,36,33,3,31,31,125,125,31,31,31,128,99,38,40,49,67,45,44,7,31,31,62,46,49,31,31,61,61,31,31,31
2013thru2017,50,05000US48349,"Navarro County, Texas",48,349,17325,11890,2835,210,90,65,55,0,430,320,60,45,0,470,325,100,45,0,1730,1660,55,10,0,3155,590,100,200,270,15,440,300,120,25,0,760,705,35,20,0,1370,1320,35,10,0,3055,530,215,125,160,25,615,545,55,20,0,635,590,40,4,0,1280,1260,10,10,0,1585,250,90,60,75,20,365,280,70,15,0,305,285,20,0,0,665,640,25,0,0,1255,295,100,50,145,0,305,240,60,4,0,265,265,0,0,0,390,380,15,0,0,5435,495,255,15,35,175,30,65,20,45,0,0,30,30,0,0,0,145,145,0,0,0,2020,835,280,105,360,90,340,225,80,35,0,395,370,20,0,0,450,450,0,0,0,1585,710,195,305,135,75,305,125,130,50,0,180,145,35,0,0,395,395,0,0,0,945,375,230,110,30,4,210,125,70,15,0,185,175,15,0,0,175,175,0,0,0,390,145,30,15,100,4,90,65,25,0,0,70,70,0,0,0,80,80,0,0,0,411,410,327,80,70,61,27,28,127,116,43,34,28,153,128,57,38,28,230,228,31,14,28,252,138,52,90,102,14,117,101,53,22,28,160,154,28,25,28,201,197,37,13,28,329,132,96,63,65,24,147,149,59,25,28,168,161,31,2,28,236,235,12,14,28,224,86,52,49,55,35,113,110,50,20,28,109,107,24,28,28,157,153,40,28,28,219,122,77,32,90,28,111,104,63,28,28,96,96,28,28,28,128,128,17,28,28,420,138,117,21,29,110,36,52,17,51,28,28,24,24,28,28,28,66,66,28,28,28,341,227,155,62,146,86,151,122,78,45,28,171,165,36,28,28,168,168,28,28,28,261,195,107,126,95,93,113,69,69,77,28,100,86,51,28,28,122,122,28,28,28,202,136,124,64,28,5,92,82,46,27,28,90,92,15,28,28,91,91,28,28,28,132,62,28,18,51,2,58,54,24,28,28,71,71,28,28,28,79,79,28,28,28
2013thru2017,50,05000US48351,"Newton County, Texas",48,351,4780,3955,950,155,120,10,15,10,230,220,10,0,0,115,115,0,0,0,455,440,15,0,0,1305,170,60,60,25,25,300,245,55,4,0,235,230,10,0,0,595,590,0,4,0,1115,440,280,50,85,20,200,155,45,0,0,165,165,0,0,0,315,310,4,0,0,470,65,55,0,4,0,95,95,0,0,0,105,40,65,0,0,205,205,0,0,0,120,40,0,25,15,0,35,25,10,0,0,30,30,0,0,0,15,15,0,0,0,825,45,25,4,0,20,0,0,0,0,0,0,0,0,0,0,0,20,20,0,0,0,315,160,110,10,20,20,50,50,0,0,0,55,55,0,0,0,50,50,0,0,0,340,195,115,55,0,25,25,15,10,0,0,30,30,0,0,0,90,90,0,0,0,110,70,60,4,4,4,20,20,0,0,0,10,10,0,0,0,4,4,0,0,0,10,10,4,0,4,0,0,0,0,0,0,0,0,0,0,0,0,0,0,0,0,288,263,195,89,82,18,19,14,96,96,15,21,21,76,76,21,21,21,121,122,23,21,21,218,86,49,50,37,33,114,96,50,6,21,130,129,15,21,21,142,140,21,2,21,218,177,166,33,59,23,77,73,39,21,21,110,110,21,21,21,105,104,2,21,21,138,50,50,21,11,21,58,58,21,21,21,70,47,60,21,21,115,115,21,21,21,78,48,21,40,27,21,43,41,15,21,21,27,27,21,21,21,19,19,21,21,21,182,34,26,13,21,24,21,21,21,21,21,21,21,21,21,21,21,20,20,21,21,21,114,80,65,17,24,36,39,39,21,21,21,52,52,21,21,21,40,40,21,21,21,115,100,76,56,21,42,28,16,22,21,21,32,32,21,21,21,61,61,21,21,21,68,63,61,9,5,21,26,26,21,21,21,17,17,21,21,21,14,14,21,21,21,16,16,7,21,17,21,21,21,21,21,21,21,21,21,21,21,21,21,21,21,21
2013thru2017,50,05000US48353,"Nolan County, Texas",48,353,5550,3845,180,20,4,4,10,0,40,25,15,0,0,20,20,0,0,0,100,100,4,0,0,590,70,25,20,25,0,50,30,15,4,0,95,75,25,0,0,375,340,30,4,0,1260,275,115,25,130,0,180,155,20,4,0,190,190,0,0,0,615,615,0,0,0,1395,270,90,110,55,10,310,275,20,15,0,205,205,0,0,0,605,605,0,0,0,420,95,70,20,4,0,95,85,10,0,0,80,80,4,0,0,145,145,0,0,0,1705,90,10,0,10,0,0,45,20,15,10,0,15,0,15,0,0,20,20,0,0,0,315,160,105,35,10,15,70,60,15,0,0,40,40,0,0,0,45,45,0,0,0,735,295,135,85,65,4,115,70,40,4,0,170,170,0,0,0,160,160,0,0,0,410,190,70,70,50,0,75,65,10,0,0,50,40,10,0,0,100,100,0,0,0,160,65,15,35,15,4,25,10,10,0,0,55,55,0,0,0,10,10,0,0,0,206,226,60,19,9,9,17,21,33,26,18,21,21,17,17,21,21,21,50,51,21,21,21,103,44,32,23,23,21,41,25,21,10,21,42,39,24,21,21,82,82,20,9,21,204,140,108,17,87,21,52,53,22,13,21,75,75,21,21,21,132,132,21,21,21,161,74,45,55,38,13,68,74,24,27,21,72,72,21,21,21,127,127,21,21,21,89,49,46,26,3,21,51,48,14,21,21,36,36,4,21,21,49,49,21,21,21,232,61,19,21,19,21,21,45,35,20,14,21,27,21,27,21,21,22,22,21,21,21,118,89,80,35,18,23,52,44,21,21,21,48,48,21,21,21,39,39,21,21,21,161,90,69,53,44,17,66,53,39,12,21,79,79,21,21,21,94,94,21,21,21,108,73,49,57,32,21,63,59,17,21,21,36,31,15,21,21,68,68,21,21,21,67,41,19,27,26,13,26,17,20,21,21,41,41,21,21,21,17,17,21,21,21
2013thru2017,50,05000US48355,"Nueces County, Texas",48,355,128855,74465,12695,865,175,105,540,40,935,350,345,240,0,1705,1080,595,30,0,9190,8670,460,60,0,20955,2125,520,350,1105,155,2210,1365,615,230,0,3725,2875,725,125,0,12895,12375,450,70,0,19090,3500,1280,880,1215,120,3160,2255,695,210,0,3325,2895,410,20,0,9105,8805,270,30,0,19535,4790,2070,1200,1355,165,3875,2830,900,145,0,4070,3895,170,4,0,6795,6655,115,30,0,2195,515,175,210,110,20,310,240,50,20,0,455,350,70,35,0,915,915,0,0,0,54390,9785,2855,540,850,1330,130,1570,605,765,200,0,1740,1060,585,95,0,3615,3215,370,30,0,15515,4860,880,1010,2645,330,2790,1010,1405,375,0,3100,2405,675,20,0,4765,4665,85,20,0,16600,6625,1250,1550,3470,355,3130,1570,1450,110,0,3245,2805,425,20,0,3600,3565,20,10,0,11060,4980,1125,1400,2275,175,2500,1305,920,275,0,1595,1370,220,0,0,1990,1990,0,0,0,1430,640,235,115,275,15,360,230,125,4,0,160,160,0,0,0,270,270,0,0,0,1019,1135,600,196,74,55,161,52,215,117,155,95,31,264,208,167,45,31,571,520,150,46,31,779,309,138,119,245,85,323,252,173,93,31,408,374,170,64,31,695,716,161,48,31,875,474,235,196,283,84,385,311,173,98,31,400,382,153,27,31,601,603,136,27,31,807,485,297,225,272,108,422,349,208,84,31,401,393,91,9,31,536,538,70,35,31,296,151,74,106,61,32,119,112,45,33,31,160,142,55,58,31,206,206,31,31,31,1353,679,448,213,283,287,90,324,192,181,148,31,365,265,211,62,31,532,463,209,48,31,809,519,217,226,371,153,431,261,292,141,31,432,406,188,23,31,525,530,49,25,31,888,586,308,305,467,162,446,285,328,70,31,414,411,139,24,31,459,461,25,17,31,762,492,274,306,346,91,385,275,228,166,31,308,302,126,31,31,323,323,31,31,31,236,171,92,77,118,19,116,101,75,14,31,98,98,31,31,31,139,139,31,31,31
2013thru2017,50,05000US48357,"Ochiltree County, Texas",48,357,3550,2560,190,10,0,10,0,0,35,20,15,0,0,60,15,35,4,0,90,75,4,4,0,660,35,20,10,10,0,205,155,35,10,0,110,60,20,35,0,310,305,4,0,0,955,225,55,90,60,20,160,130,30,0,0,225,225,0,0,0,345,340,4,0,0,595,160,50,0,95,10,155,140,15,0,0,45,45,0,0,0,240,235,4,0,0,165,40,15,15,15,0,25,25,0,0,0,15,15,0,0,0,80,80,0,0,0,985,90,25,10,20,0,0,0,0,0,0,0,35,35,0,0,0,25,25,0,0,0,285,80,65,10,0,4,30,30,0,0,0,70,70,0,0,0,105,105,0,0,0,390,55,20,25,4,0,130,125,4,0,0,80,80,0,0,0,125,125,0,0,0,175,70,20,0,50,0,25,25,0,0,0,35,35,0,0,0,45,45,0,0,0,50,4,4,0,0,0,0,0,0,0,0,40,40,0,0,0,0,0,0,0,0,134,169,66,19,21,19,21,21,36,33,25,21,21,56,17,53,9,21,48,43,11,13,21,125,32,24,14,14,21,92,89,27,14,21,69,44,23,49,21,89,88,11,21,21,161,96,43,71,47,30,72,68,31,21,21,84,84,21,21,21,103,102,16,21,21,117,75,38,21,64,14,75,78,18,21,21,35,35,21,21,21,73,72,13,21,21,68,33,21,23,24,21,26,26,21,21,21,25,25,21,21,21,47,47,21,21,21,169,60,35,15,31,21,21,21,21,21,21,21,33,33,21,21,21,25,25,21,21,21,130,69,66,23,21,8,33,33,21,21,21,73,73,21,21,21,69,69,21,21,21,117,47,36,30,14,21,68,69,17,21,21,58,58,21,21,21,67,67,21,21,21,81,55,25,21,47,21,38,38,21,21,21,41,41,21,21,21,44,44,21,21,21,57,11,11,21,21,21,21,21,21,21,21,57,57,21,21,21,21,21,21,21,21
2013thru2017,50,05000US48359,"Oldham County, Texas",48,359,580,430,50,4,4,4,4,0,10,4,4,0,0,10,10,0,0,0,30,30,4,0,0,120,25,10,4,10,0,10,10,0,0,0,20,20,0,0,0,60,60,0,0,0,130,35,15,15,4,4,20,20,4,0,0,30,30,0,0,0,45,45,0,0,0,65,20,15,4,4,0,10,10,0,0,0,15,15,0,0,0,20,20,0,0,0,55,15,4,0,4,4,4,4,4,0,0,10,10,0,0,0,25,25,0,0,0,150,4,4,4,0,4,0,4,4,0,0,0,0,0,0,0,0,0,0,0,0,0,10,0,0,0,0,0,0,0,0,0,0,0,0,0,0,0,10,10,0,0,0,65,4,0,4,4,0,20,20,4,0,0,10,10,0,0,0,30,30,0,0,0,45,4,0,0,4,0,4,4,0,0,0,10,10,0,0,0,25,25,0,0,0,25,4,4,0,0,0,4,0,4,0,0,4,4,0,0,0,10,10,0,0,0,171,135,23,6,4,4,4,13,13,13,7,13,13,13,13,13,13,13,15,15,1,13,13,53,17,14,8,12,13,13,13,13,13,13,19,19,13,13,13,31,31,13,13,13,43,19,13,15,2,2,15,14,13,13,13,21,21,13,13,13,24,24,13,13,13,28,20,15,2,6,13,10,10,13,13,13,13,13,13,13,13,12,12,13,13,13,36,15,16,13,13,3,13,6,7,13,13,12,12,13,13,13,27,27,13,13,13,56,13,13,13,13,3,13,4,4,13,13,13,13,13,13,13,13,13,13,13,13,13,12,13,13,13,13,13,13,13,13,13,13,13,13,13,13,13,12,12,13,13,13,27,6,13,3,13,13,17,16,3,13,13,13,13,13,13,13,21,21,13,13,13,26,15,13,13,15,13,3,3,13,13,13,12,12,13,13,13,20,20,13,13,13,21,5,5,13,13,13,2,13,2,13,13,11,11,13,13,13,14,14,13,13,13
2013thru2017,50,05000US48361,"Orange County, Texas",48,361,32270,24310,5830,890,225,190,415,60,640,565,65,10,0,835,620,190,30,0,3470,3330,115,20,0,6390,855,360,265,235,0,925,740,90,95,0,1085,960,120,4,0,3530,3465,65,0,0,7580,1165,620,200,285,55,1325,990,165,170,0,1350,1240,105,4,0,3740,3715,25,0,0,3705,780,405,80,250,40,640,550,60,30,0,800,735,55,10,0,1480,1440,10,30,0,805,150,50,20,45,35,130,130,0,0,0,125,125,0,0,0,395,380,15,0,0,7965,1525,575,105,210,255,10,280,200,75,0,0,385,380,4,0,0,280,280,0,0,0,1900,660,260,120,220,60,380,210,175,0,0,295,285,10,0,0,565,565,0,0,0,3080,1265,245,270,660,85,515,415,100,4,0,605,550,45,10,0,690,690,0,0,0,1100,420,135,75,175,35,355,270,90,0,0,140,140,0,0,0,190,190,0,0,0,360,200,60,65,75,0,30,4,25,0,0,30,30,0,0,0,95,95,0,0,0,500,661,554,255,119,124,158,56,212,198,59,15,31,212,188,103,29,31,395,397,70,31,31,469,201,129,111,98,31,238,202,53,64,31,216,196,73,7,31,341,350,47,31,31,542,229,182,108,99,45,256,212,83,128,31,229,223,62,8,31,432,435,20,31,31,446,190,138,55,109,39,163,146,50,31,31,192,194,43,14,31,280,267,22,46,31,169,78,29,27,47,42,76,76,31,31,31,72,72,31,31,31,157,156,22,31,31,665,278,130,75,88,95,14,110,92,59,31,31,176,174,12,31,31,104,104,31,31,31,317,178,96,97,106,64,139,100,119,31,31,115,119,17,31,31,215,215,31,31,31,404,277,136,122,209,96,147,132,56,10,31,197,181,56,17,31,212,212,31,31,31,239,141,82,62,77,56,180,173,58,31,31,76,76,31,31,31,98,98,31,31,31,118,86,40,56,55,31,32,17,28,31,31,32,32,31,31,31,81,81,31,31,31
2013thru2017,50,05000US48363,"Palo Pinto County, Texas",48,363,10440,7330,1240,115,10,50,55,0,180,120,15,45,0,175,135,30,10,0,775,730,25,15,0,1745,265,100,35,125,0,135,120,15,0,0,330,305,20,4,0,1015,975,25,15,0,2315,510,285,140,80,4,290,215,55,20,0,490,460,30,0,0,1020,1020,0,0,0,1345,310,125,70,115,4,235,155,35,45,0,305,260,20,25,0,500,500,0,0,0,685,150,80,35,30,4,90,60,25,10,0,165,140,15,4,0,280,270,0,10,0,3110,440,190,0,20,165,4,150,85,55,10,0,55,55,0,0,0,45,45,0,0,0,480,215,55,50,90,20,45,45,4,0,0,145,100,35,10,0,75,75,0,0,0,1035,455,75,115,265,0,245,125,110,10,0,160,140,15,0,0,175,175,0,0,0,875,400,25,90,280,4,150,135,10,4,0,165,165,0,0,0,160,160,0,0,0,280,95,20,25,45,4,45,30,15,0,0,55,55,0,0,0,85,85,0,0,0,309,270,189,68,14,48,45,25,95,86,18,38,25,68,61,30,12,25,144,142,23,17,25,210,87,57,25,62,25,58,56,18,25,25,125,127,24,4,25,197,190,22,27,25,271,129,108,68,41,12,77,74,38,18,25,126,124,22,25,25,214,214,25,25,25,178,88,55,50,59,3,79,62,31,34,25,106,94,18,43,25,117,117,25,25,25,119,58,45,30,24,11,36,28,19,14,25,60,55,21,16,25,90,87,25,13,25,267,133,98,25,25,95,5,71,54,41,14,25,51,51,25,25,25,36,36,25,25,25,135,91,53,58,55,33,36,36,3,25,25,81,66,53,15,25,53,53,25,25,25,194,150,44,77,127,25,109,81,87,22,25,85,83,24,25,25,75,75,25,25,25,180,112,24,55,110,11,73,71,13,6,25,76,76,25,25,25,91,91,25,25,25,97,57,26,20,41,12,27,21,16,25,25,49,49,25,25,25,46,46,25,25,25
2013thru2017,50,05000US48365,"Panola County, Texas",48,365,9030,6995,1585,260,80,40,120,15,200,155,30,15,0,320,270,25,20,0,805,790,15,0,0,2305,500,200,140,125,35,310,245,65,0,0,340,310,15,15,0,1155,1070,55,30,0,2110,345,165,90,80,10,310,260,50,0,0,470,445,20,0,0,985,985,0,0,0,680,225,140,65,20,0,190,140,10,40,0,150,125,15,10,0,115,115,0,0,0,320,130,65,0,25,40,50,50,0,0,0,50,50,4,0,0,90,90,0,0,0,2035,430,195,60,10,75,45,80,55,25,0,0,85,85,0,0,0,70,70,0,0,0,760,250,135,45,70,0,210,190,20,0,0,140,120,20,0,0,160,160,0,0,0,585,160,35,60,65,0,180,145,40,0,0,50,35,15,0,0,195,195,0,0,0,205,120,75,0,30,15,45,45,0,0,0,20,20,0,0,0,25,25,0,0,0,55,30,30,0,0,0,0,0,0,0,0,10,10,0,0,0,20,20,0,0,0,289,338,219,91,51,37,61,25,88,80,25,29,25,104,99,27,28,25,168,168,23,25,25,287,126,78,88,69,35,103,91,56,25,25,104,102,22,30,25,202,193,64,47,25,260,107,75,61,50,21,112,98,57,25,25,149,149,26,25,25,214,214,25,25,25,156,94,81,57,31,25,90,79,16,51,25,76,68,29,13,25,56,56,25,25,25,119,83,53,25,34,64,55,55,25,25,25,36,34,5,25,25,51,51,25,25,25,324,172,113,70,12,67,51,72,62,33,25,25,92,92,25,25,25,81,81,25,25,25,188,106,77,39,60,25,100,105,22,25,25,88,78,35,25,25,74,74,25,25,25,183,82,29,55,57,25,130,110,64,25,25,50,41,29,25,25,89,89,25,25,25,96,90,66,25,48,25,42,42,25,25,25,26,26,25,25,25,26,26,25,25,25,50,36,36,25,25,25,25,25,25,25,25,16,16,25,25,25,25,25,25,25,25
2013thru2017,50,05000US48367,"Parker County, Texas",48,367,43940,34060,13685,1095,270,140,540,140,1450,700,375,375,0,1770,1360,265,150,0,9365,8870,445,55,0,12255,1660,775,320,495,70,1890,1380,315,190,0,2560,2210,315,35,0,6145,5830,320,0,0,5240,1015,330,170,480,40,725,535,170,15,0,1195,1060,85,55,0,2305,2260,45,0,0,1825,395,140,110,130,10,470,420,30,15,0,395,370,25,0,0,565,560,4,0,0,1055,60,40,15,4,0,210,155,55,0,0,300,285,0,10,0,490,485,4,0,0,9880,2710,885,200,195,490,0,600,175,360,65,0,595,530,55,10,0,630,600,30,0,0,3595,1260,240,330,595,95,925,645,255,25,0,650,560,85,0,0,760,760,0,0,0,2265,930,165,380,355,30,460,380,65,15,0,475,440,35,0,0,405,405,0,0,0,1005,430,205,145,80,0,210,150,60,4,0,140,140,0,0,0,230,230,0,0,0,300,105,20,35,30,20,70,70,0,0,0,45,45,0,0,0,80,80,0,0,0,558,615,649,200,130,58,160,104,277,167,146,148,31,252,194,123,95,31,571,547,139,47,31,573,279,174,107,144,44,279,233,126,97,31,303,306,108,33,31,422,422,101,31,31,448,194,99,91,142,39,167,137,79,24,31,260,237,59,46,31,278,284,42,31,31,260,126,59,58,110,17,138,132,31,16,31,143,140,31,31,31,154,152,10,31,31,276,38,33,20,3,31,79,63,51,31,31,112,109,31,27,31,234,235,10,31,31,587,374,211,131,95,164,31,169,77,152,62,31,204,196,50,16,31,171,169,36,31,31,426,230,126,139,171,83,258,228,91,35,31,164,162,69,31,31,212,212,31,31,31,358,242,113,153,124,35,124,133,54,22,31,188,180,43,31,31,166,166,31,31,31,288,186,123,116,49,31,98,86,43,6,31,100,100,31,31,31,126,126,31,31,31,130,55,22,34,26,35,72,72,31,31,31,33,33,31,31,31,94,94,31,31,31
2013thru2017,50,05000US48369,"Parmer County, Texas",48,369,3220,2220,145,25,15,0,10,0,4,0,0,4,0,15,10,4,0,0,100,85,15,0,0,485,60,30,30,0,0,135,115,20,0,0,125,125,0,0,0,165,140,0,25,0,1060,110,65,10,20,15,140,100,25,15,0,255,215,35,0,0,555,555,4,0,0,395,70,30,20,15,4,110,110,0,0,0,35,30,4,0,0,180,175,4,0,0,140,60,0,25,35,0,10,10,0,0,0,10,10,0,0,0,60,60,0,0,0,1000,145,45,10,0,40,0,25,20,4,0,0,15,15,0,0,0,65,65,0,0,0,165,85,25,15,35,4,30,20,4,0,0,20,20,0,0,0,35,35,0,0,0,440,120,20,85,15,0,105,60,50,0,0,140,140,0,0,0,75,75,0,0,0,240,35,10,25,4,0,70,55,15,0,0,65,65,0,0,0,65,65,0,0,0,10,10,10,0,4,0,0,0,0,0,0,0,0,0,0,0,0,0,0,0,0,132,139,56,25,22,19,14,19,10,19,19,10,19,16,13,9,19,19,45,40,23,19,19,115,33,29,20,19,19,70,62,28,19,19,67,67,19,19,19,57,50,19,32,19,136,53,41,20,24,23,53,48,23,17,19,75,68,34,19,19,115,116,4,19,19,88,35,23,17,17,12,47,47,19,19,19,24,21,14,19,19,67,67,7,19,19,55,36,19,21,30,19,17,17,19,19,19,10,10,19,19,19,39,39,19,19,19,130,65,41,15,19,40,19,25,22,19,19,19,18,18,19,19,19,46,46,19,19,19,59,43,25,18,32,11,25,20,12,19,19,15,15,19,19,19,30,30,19,19,19,113,51,16,52,18,19,57,38,37,19,19,60,60,19,19,19,50,50,19,19,19,80,33,14,28,3,19,47,45,17,19,19,44,44,19,19,19,43,43,19,19,19,18,18,14,19,19,19,19,19,19,19,19,19,19,19,19,19,19,19,19,19,19
2013thru2017,50,05000US48371,"Pecos County, Texas",48,371,4420,3075,360,65,0,20,15,30,100,60,45,0,0,35,25,10,0,0,155,150,4,0,0,850,115,15,0,60,35,145,145,0,0,0,225,220,4,0,0,365,365,0,0,0,945,215,175,35,0,4,105,90,0,15,0,180,165,10,0,0,445,445,0,0,0,840,225,110,85,30,0,170,135,35,0,0,135,115,20,0,0,310,310,0,0,0,85,30,20,10,0,0,15,15,0,0,0,0,0,0,0,0,40,40,0,0,0,1345,115,45,10,20,15,0,10,4,4,0,0,15,15,0,0,0,45,30,15,0,0,355,125,40,80,4,0,105,95,15,0,0,50,50,0,0,0,75,75,0,0,0,510,145,30,55,65,0,90,15,60,15,0,155,130,20,0,0,120,120,0,0,0,350,100,80,0,20,0,45,10,35,0,0,60,55,4,0,0,145,145,0,0,0,15,0,0,0,0,0,0,0,0,0,0,0,0,0,0,0,15,15,0,0,0,215,186,113,58,21,24,24,46,68,43,44,21,21,34,27,20,21,21,85,84,11,21,21,160,75,14,21,52,54,91,91,21,21,21,82,80,17,21,21,123,123,21,21,21,184,99,90,39,21,17,63,58,21,23,21,77,78,16,21,21,126,126,21,21,21,158,90,58,71,32,21,88,82,35,21,21,56,51,19,21,21,89,89,21,21,21,61,28,23,17,21,21,26,26,21,21,21,21,21,21,21,21,56,56,21,21,21,190,44,30,14,22,20,21,14,5,11,21,21,19,19,21,21,21,38,31,24,21,21,139,82,35,74,16,21,65,63,20,21,21,41,41,21,21,21,43,43,21,21,21,128,84,33,49,59,21,55,24,48,23,21,82,79,31,21,21,67,67,21,21,21,112,78,77,21,25,21,44,13,42,21,21,46,46,10,21,21,60,60,21,21,21,26,21,21,21,21,21,21,21,21,21,21,21,21,21,21,21,26,26,21,21,21
2013thru2017,50,05000US48373,"Polk County, Texas",48,373,17630,13525,3430,475,225,105,110,40,510,270,170,75,0,665,480,170,15,0,1780,1715,65,0,0,5180,1010,415,220,260,115,920,665,175,80,0,890,785,55,55,0,2360,2345,15,0,0,3630,915,490,145,250,30,670,545,110,15,0,735,680,25,30,0,1315,1265,45,0,0,975,270,75,60,135,0,125,85,25,15,0,265,205,65,0,0,310,310,0,0,0,305,45,35,0,10,0,125,120,4,0,0,35,35,0,0,0,105,105,0,0,0,4110,765,240,75,50,95,20,170,70,80,25,0,130,130,0,0,0,225,225,0,0,0,1630,815,190,145,400,80,285,180,110,0,0,195,195,0,0,0,335,335,0,0,0,1215,480,155,150,85,90,265,200,25,40,0,205,160,50,0,0,265,265,0,0,0,415,195,4,70,120,0,70,50,0,20,0,60,60,0,0,0,90,90,0,0,0,80,40,0,4,35,0,4,4,0,0,0,15,0,0,15,0,20,20,0,0,0,464,454,349,160,112,53,63,34,148,114,82,56,28,159,147,87,23,28,266,260,54,28,28,419,214,141,102,115,80,233,202,81,63,28,214,202,41,68,28,267,266,22,28,28,377,214,156,72,117,37,166,139,87,22,28,200,193,27,44,28,191,185,52,28,28,164,106,56,54,81,28,65,58,26,24,28,128,81,90,28,28,90,90,28,28,28,79,29,27,28,16,28,59,61,15,28,28,19,19,28,28,28,62,62,28,28,28,448,217,97,65,47,80,34,99,54,72,37,28,83,83,28,28,28,155,155,28,28,28,262,209,103,87,144,86,140,125,73,28,28,76,76,28,28,28,137,137,28,28,28,211,128,67,92,53,81,108,86,29,41,28,119,89,78,28,28,102,102,28,28,28,158,120,17,52,97,28,70,62,28,35,28,71,71,28,28,28,48,48,28,28,28,68,57,28,6,57,28,6,6,28,28,28,31,28,28,31,28,25,25,28,28,28
2013thru2017,50,05000US48375,"Potter County, Texas",48,375,43455,24905,3000,365,160,15,170,20,430,250,155,25,0,540,370,155,10,0,1665,1625,40,0,0,3775,680,315,55,295,15,665,560,105,0,0,690,585,40,65,0,1745,1700,40,0,0,6445,1405,695,215,445,50,1305,955,270,80,0,1305,1225,55,25,0,2430,2405,25,0,0,9375,2520,1050,635,665,170,2125,1785,320,20,0,2050,1935,100,20,0,2680,2635,45,0,0,2310,525,245,115,90,75,435,325,90,15,0,545,540,4,0,0,800,765,35,0,0,18545,1845,795,120,290,355,30,400,295,100,4,0,140,125,15,0,0,510,500,10,0,0,3365,1730,175,455,935,160,780,535,210,35,0,480,405,55,15,0,380,375,4,0,0,5960,2555,465,1030,995,70,1345,1060,260,25,0,1110,1095,15,0,0,945,920,30,0,0,5595,2740,480,995,1175,95,1235,1015,200,15,0,1010,960,45,0,0,610,610,0,0,0,1780,970,195,275,445,60,465,300,150,15,0,210,210,0,0,0,135,135,0,0,0,487,590,279,107,79,21,82,23,127,106,84,27,31,143,110,92,22,31,219,212,43,31,31,373,191,143,35,138,17,157,145,66,31,31,140,135,29,51,31,238,235,34,31,31,451,198,155,74,123,40,234,196,118,61,31,238,218,48,35,31,326,320,24,31,31,531,322,167,165,199,79,260,236,129,24,31,273,258,55,19,31,308,302,37,31,31,245,128,95,73,53,55,113,108,65,29,31,122,125,15,31,31,165,161,36,31,31,693,262,166,55,128,127,26,155,138,72,10,31,82,74,21,31,31,155,154,15,31,31,360,282,90,163,213,111,244,194,123,34,31,168,153,59,30,31,119,118,10,31,31,458,266,124,221,198,50,200,176,105,31,31,267,266,21,31,31,234,237,34,31,31,487,363,161,263,221,54,215,210,80,31,31,197,191,45,31,31,167,167,31,31,31,327,263,101,139,177,44,154,103,105,30,31,97,97,31,31,31,68,68,31,31,31
2013thru2017,50,05000US48377,"Presidio County, Texas",48,377,2590,1545,220,25,10,15,0,0,55,20,35,0,0,25,25,0,0,0,115,115,0,0,0,640,310,270,40,0,0,165,105,60,0,0,60,45,15,0,0,110,110,0,0,0,195,85,40,15,25,4,35,35,0,0,0,0,0,0,0,0,75,75,0,0,0,170,30,4,25,0,0,25,0,25,0,0,40,35,4,0,0,75,75,0,0,0,320,90,65,20,0,10,80,80,0,0,0,75,60,15,0,0,75,75,0,0,0,1045,280,175,75,65,35,0,10,4,4,0,0,10,10,0,0,0,90,90,0,0,0,355,220,95,85,20,20,85,85,0,0,0,30,30,0,0,0,20,20,0,0,0,150,85,50,35,4,0,20,20,0,0,0,30,30,0,0,0,15,15,0,0,0,65,15,15,0,0,0,15,15,0,0,0,20,20,0,0,0,10,10,0,0,0,195,95,75,20,0,4,20,0,20,0,0,30,30,0,0,0,45,45,0,0,0,180,194,95,32,18,22,19,19,53,24,48,19,19,31,31,19,19,19,65,65,19,19,19,180,130,123,47,19,19,86,72,61,19,19,43,34,25,19,19,56,56,19,19,19,89,61,47,27,28,18,39,39,19,19,19,19,19,19,19,19,67,67,19,19,19,75,30,9,29,19,19,38,19,38,19,19,36,35,19,19,19,57,57,19,19,19,100,61,59,25,19,15,64,64,19,19,19,57,57,24,19,19,53,53,19,19,19,230,115,83,61,62,55,19,14,12,3,19,19,15,15,19,19,19,75,75,19,19,19,131,100,64,75,22,31,65,65,19,19,19,41,41,19,19,19,29,29,19,19,19,92,73,48,51,8,19,36,36,19,19,19,46,46,19,19,19,21,21,19,19,19,49,22,22,19,19,19,29,29,19,19,19,30,30,19,19,19,17,17,19,19,19,108,81,75,33,19,9,39,19,39,19,19,47,47,19,19,19,50,50,19,19,19
2013thru2017,50,05000US48379,"Rains County, Texas",48,379,4335,3345,1165,155,105,20,25,4,130,75,20,40,0,190,100,50,35,0,690,620,55,15,0,1175,250,90,60,70,30,185,130,30,30,0,235,215,25,0,0,500,500,0,0,0,750,265,65,60,115,20,150,140,10,4,0,85,80,4,0,0,250,225,25,0,0,150,60,40,20,4,0,25,15,4,4,0,30,20,0,10,0,35,35,0,0,0,105,45,20,15,4,0,4,4,0,0,0,25,25,0,0,0,35,35,0,0,0,985,235,70,30,0,35,10,25,20,10,0,0,10,10,0,0,0,125,125,0,0,0,255,70,25,30,15,4,85,55,25,0,0,25,25,0,0,0,75,75,0,0,0,370,205,45,85,65,10,45,25,4,15,0,60,60,0,0,0,60,60,0,0,0,85,35,15,4,15,0,15,10,4,0,0,4,4,0,0,0,30,30,0,0,0,40,10,0,4,10,0,30,30,0,0,0,0,0,0,0,0,0,0,0,0,0,199,191,199,83,82,24,26,4,69,47,31,31,21,83,46,47,53,21,130,133,41,24,21,142,95,68,42,47,38,80,65,37,41,21,77,78,23,21,21,110,110,21,21,21,148,113,40,55,86,26,76,74,13,3,21,41,41,8,21,21,86,78,28,21,21,63,37,30,23,3,21,17,17,21,4,21,26,23,21,14,21,35,35,21,21,21,58,38,30,26,12,21,11,11,21,21,21,27,27,21,21,21,34,34,21,21,21,160,85,46,29,21,33,16,24,18,15,21,21,14,14,21,21,21,73,73,21,21,21,75,36,19,24,14,21,46,44,22,21,21,20,20,21,21,21,53,53,21,21,21,106,79,31,50,60,16,33,20,4,29,21,33,33,21,21,21,36,36,21,21,21,50,20,18,10,13,21,17,15,4,21,21,7,7,21,21,21,45,45,21,21,21,32,17,21,3,14,21,29,29,21,21,21,21,21,21,21,21,21,21,21,21,21
2013thru2017,50,05000US48381,"Randall County, Texas",48,381,49120,34305,8980,485,55,100,330,4,735,325,260,145,0,1355,990,300,60,0,6405,6110,265,30,0,8910,870,260,195,375,40,1030,715,260,55,0,1700,1340,290,70,0,5310,5245,60,4,0,11505,1080,360,265,435,25,1605,1060,485,60,0,2170,1890,275,10,0,6645,6600,45,0,0,4160,640,265,200,155,25,845,670,160,15,0,905,880,25,0,0,1770,1765,4,0,0,750,165,60,55,35,15,115,90,20,4,0,125,120,10,0,0,345,340,4,0,0,14815,3035,730,100,235,265,130,605,180,295,130,0,525,455,70,0,0,1175,1170,10,0,0,4160,1260,230,260,685,80,1235,640,540,50,0,800,800,0,0,0,865,830,35,0,0,4925,1695,275,485,885,55,1045,625,380,40,0,1250,1130,115,0,0,940,940,0,0,0,2200,705,80,175,435,15,445,265,180,4,0,575,535,40,0,0,475,475,0,0,0,495,225,65,20,115,25,80,25,55,0,0,45,45,0,0,0,150,150,0,0,0,646,596,417,170,41,64,150,31,194,114,116,92,31,236,183,143,56,31,397,395,103,26,31,450,177,86,80,123,45,198,162,103,36,31,253,209,110,66,31,412,411,41,31,31,466,188,149,90,103,29,209,202,151,43,31,269,234,96,14,31,446,444,39,31,31,325,146,91,76,69,23,184,145,99,18,31,157,158,24,31,31,194,195,3,31,31,177,97,70,48,29,24,64,58,36,31,31,70,70,14,31,31,114,114,10,31,31,677,393,185,64,132,113,108,188,93,127,110,31,147,140,51,31,31,314,315,14,31,31,408,237,107,121,200,59,243,180,173,49,31,271,271,31,31,31,225,206,45,31,31,458,292,107,154,231,51,232,197,151,43,31,263,250,62,31,31,201,201,31,31,31,341,180,53,102,143,17,144,115,100,10,31,198,189,51,31,31,197,197,31,31,31,185,98,60,22,85,40,92,38,82,31,31,38,38,31,31,31,93,93,31,31,31
2013thru2017,50,05000US48383,"Reagan County, Texas",48,383,1170,825,80,20,20,0,0,0,0,0,0,0,0,15,15,0,0,0,45,45,0,0,0,265,60,30,0,25,0,20,20,0,0,0,40,40,4,0,0,145,145,0,0,0,230,30,25,4,0,0,20,20,0,0,0,30,30,0,0,0,150,150,0,0,0,195,65,35,4,25,0,15,10,4,0,0,35,35,0,0,0,80,80,0,0,0,50,30,4,0,25,0,4,4,0,0,0,0,0,0,0,0,15,15,0,0,0,350,50,10,0,0,10,0,0,0,0,0,0,0,0,0,0,0,35,35,0,0,0,95,40,4,30,0,0,45,30,15,0,0,4,4,0,0,0,4,4,0,0,0,75,15,4,0,10,0,0,0,0,0,0,40,40,0,0,0,20,20,0,0,0,125,20,20,0,0,0,15,15,0,0,0,65,65,0,0,0,25,25,0,0,0,4,0,0,0,0,0,0,0,0,0,0,0,0,0,0,0,4,4,0,0,0,84,92,47,31,31,13,13,13,13,13,13,13,13,26,26,13,13,13,35,35,13,13,13,70,37,34,13,24,13,23,23,13,13,13,30,31,11,13,13,57,57,13,13,13,70,26,25,5,13,13,26,26,13,13,13,31,31,13,13,13,50,50,13,13,13,50,42,39,12,24,13,15,12,12,13,13,26,26,13,13,13,31,31,13,13,13,34,29,11,13,26,13,9,9,13,13,13,13,13,13,13,13,18,18,13,13,13,94,36,19,13,13,19,13,13,13,13,13,13,13,13,13,13,13,33,33,13,13,13,53,37,16,34,13,13,38,32,25,13,13,14,14,13,13,13,11,11,13,13,13,46,21,3,13,22,13,13,13,13,13,13,35,35,13,13,13,24,24,13,13,13,62,30,30,13,13,13,28,28,13,13,13,44,44,13,13,13,22,22,13,13,13,7,13,13,13,13,13,13,13,13,13,13,13,13,13,13,13,7,7,13,13,13
2013thru2017,50,05000US48385,"Real County, Texas",48,385,1125,860,250,60,55,0,0,4,45,45,0,0,0,85,75,10,0,0,60,60,0,0,0,240,120,45,35,25,4,30,30,0,0,0,40,40,0,0,0,50,50,0,0,0,220,25,4,15,10,0,30,30,0,0,0,65,65,0,0,0,100,95,0,10,0,80,40,15,10,15,0,15,10,4,0,0,4,4,0,0,0,20,20,0,0,0,70,15,10,0,4,0,4,4,0,0,0,4,4,0,0,0,45,45,0,0,0,260,100,4,4,4,0,0,20,10,0,10,0,30,30,0,0,0,45,45,0,0,0,60,45,30,0,10,0,4,4,0,0,0,10,10,0,0,0,4,4,0,0,0,45,10,0,0,10,0,10,4,4,0,0,20,20,4,0,0,4,4,0,0,0,20,0,0,0,0,0,15,4,10,0,0,0,0,0,0,0,4,4,0,0,0,35,20,4,0,15,0,4,4,4,0,0,4,4,0,0,0,4,4,0,0,0,153,144,94,50,50,13,13,8,43,43,13,13,13,50,48,14,13,13,44,44,13,13,13,86,66,40,39,33,13,28,28,13,13,13,34,34,13,13,13,33,33,13,13,13,79,21,4,17,17,13,32,32,13,13,13,39,39,13,13,13,57,55,13,14,13,37,29,15,16,21,13,19,15,6,13,13,12,12,13,13,13,16,16,13,13,13,39,16,15,13,3,13,13,13,13,13,13,7,7,13,13,13,34,34,13,13,13,76,55,4,3,3,13,13,25,14,13,21,13,32,32,13,13,13,41,41,13,13,13,37,35,31,13,17,13,4,4,13,13,13,15,15,13,13,13,3,3,13,13,13,27,11,13,13,11,13,18,16,7,13,13,22,18,7,13,13,5,5,13,13,13,18,13,13,13,13,13,16,13,16,13,13,13,13,13,13,13,13,13,13,13,13,32,24,8,13,22,13,2,5,3,13,13,17,17,13,13,13,10,10,13,13,13
2013thru2017,50,05000US48387,"Red River County, Texas",48,387,5220,3955,665,75,40,0,30,0,150,95,40,15,0,100,95,0,4,0,345,340,4,0,0,1105,270,155,30,60,25,215,205,10,0,0,215,210,4,0,0,400,390,10,0,0,1340,345,175,20,145,10,320,275,15,25,0,255,205,50,0,0,420,415,4,0,0,555,255,120,20,110,4,115,100,15,0,0,80,80,0,0,0,105,105,4,0,0,295,120,35,55,30,0,75,75,4,0,0,30,30,0,0,0,70,70,0,0,0,1260,115,40,35,4,4,0,10,10,0,0,0,30,30,0,0,0,35,35,0,0,0,375,125,40,30,50,4,85,75,10,0,0,100,100,0,0,0,65,65,0,0,0,545,275,105,105,60,0,90,80,10,0,0,150,150,0,0,0,30,30,0,0,0,165,60,10,20,25,0,40,35,4,0,0,4,4,0,0,0,60,15,50,0,0,60,40,30,0,10,0,4,4,4,0,0,15,15,0,0,0,0,0,0,0,0,239,226,112,37,31,21,21,21,52,37,35,25,21,69,70,21,9,21,77,77,8,21,21,141,73,65,30,35,18,85,83,12,21,21,76,76,10,21,21,90,90,13,21,21,198,142,119,15,92,14,121,114,20,37,21,86,76,45,21,21,118,117,4,21,21,131,108,74,15,86,7,55,51,22,21,21,46,46,21,21,21,46,46,21,21,21,110,61,29,43,29,21,75,72,3,21,21,22,22,21,21,21,43,43,21,21,21,199,66,27,26,21,21,21,13,13,21,21,21,42,42,21,21,21,43,43,21,21,21,124,66,33,35,47,21,61,59,17,21,21,79,79,21,21,21,57,57,21,21,21,145,99,81,71,62,21,46,45,15,21,21,84,84,21,21,21,27,27,21,21,21,89,38,12,30,23,21,27,26,12,21,21,3,3,21,21,21,74,20,70,21,21,38,28,27,21,14,21,8,3,3,21,21,23,23,21,21,21,21,21,21,21,21
2013thru2017,50,05000US48389,"Reeves County, Texas",48,389,3730,2675,180,15,15,4,0,0,25,25,0,0,0,30,30,0,0,0,105,95,10,0,0,285,50,25,20,4,0,45,45,0,0,0,55,55,0,0,0,140,140,0,0,0,1075,275,145,65,60,4,145,120,10,15,0,120,115,0,4,0,535,535,0,0,0,940,270,210,45,15,0,100,100,4,0,0,125,100,25,0,0,440,440,0,0,0,195,40,35,4,4,0,65,65,0,0,0,60,60,0,0,0,30,30,0,0,0,1055,115,65,25,20,20,0,10,4,4,0,0,4,4,0,0,0,35,35,0,0,0,200,15,4,10,0,0,10,4,4,0,0,50,20,30,0,0,125,125,0,0,0,435,160,25,30,60,45,10,10,0,0,0,105,105,0,0,0,160,160,0,0,0,255,95,25,4,70,0,50,20,30,0,0,30,25,4,0,0,80,80,0,0,0,55,25,20,4,0,0,0,0,0,0,0,10,4,4,0,0,20,20,0,0,0,176,175,73,25,23,5,21,21,21,21,21,21,21,34,34,21,21,21,63,59,15,21,21,108,43,31,21,4,21,33,33,21,21,21,56,56,21,21,21,65,65,21,21,21,149,75,48,49,41,3,69,63,15,24,21,61,60,21,15,21,133,133,21,21,21,162,112,105,37,24,21,46,46,4,21,21,57,46,39,21,21,114,114,21,21,21,73,37,34,3,7,21,38,38,21,21,21,41,41,21,21,21,22,22,21,21,21,181,74,56,40,31,22,21,19,13,12,21,21,3,3,21,21,21,48,48,21,21,21,94,19,9,16,21,21,18,21,2,21,21,55,37,40,21,21,74,74,21,21,21,165,99,20,23,57,70,13,13,21,21,21,102,102,21,21,21,62,62,21,21,21,88,49,25,9,44,21,36,17,33,21,21,24,26,2,21,21,56,56,21,21,21,42,29,28,16,21,21,21,21,21,21,21,15,3,16,21,21,29,29,21,21,21
2013thru2017,50,05000US48391,"Refugio County, Texas",48,391,2695,1945,185,30,10,20,0,0,45,30,20,0,0,10,10,0,0,0,100,95,4,0,0,375,65,45,4,4,15,50,20,30,4,0,90,80,15,0,0,165,165,4,0,0,535,100,40,35,30,0,70,50,15,4,0,45,35,10,0,0,315,310,4,0,0,605,95,35,35,25,0,60,60,0,0,0,90,90,0,0,0,365,355,4,0,0,245,60,25,10,0,20,35,35,0,0,0,60,60,0,0,0,95,85,4,0,0,745,85,70,50,20,0,0,0,0,0,0,0,4,4,0,0,0,10,10,0,0,0,180,75,4,15,55,0,45,45,4,0,0,20,20,0,0,0,40,40,0,0,0,235,95,50,4,45,0,25,25,0,0,0,40,30,10,0,0,75,75,0,0,0,170,50,10,15,20,4,20,15,0,10,0,55,55,0,0,0,45,45,0,0,0,80,40,4,20,20,0,25,20,10,0,0,0,0,0,0,0,15,15,0,0,0,124,114,64,31,12,30,19,19,37,25,20,19,19,16,16,19,19,19,40,38,7,19,19,76,29,25,4,19,24,28,19,23,19,19,43,38,23,19,19,59,60,3,19,19,96,46,29,27,20,19,37,35,15,2,19,31,28,13,19,19,79,79,14,19,19,102,36,24,29,20,19,36,36,19,19,19,40,40,19,19,19,87,85,13,19,19,69,42,28,22,19,33,24,24,19,19,19,33,33,19,19,19,44,42,15,19,19,105,61,57,45,30,19,19,19,19,19,19,19,12,12,19,19,19,14,14,19,19,19,63,50,5,15,49,19,30,28,19,19,19,24,24,19,19,19,37,37,19,19,19,65,49,37,4,35,19,23,23,19,19,19,34,31,13,19,19,40,40,19,19,19,60,31,15,20,21,2,24,22,19,14,19,34,34,19,19,19,35,35,19,19,19,47,36,19,24,31,19,28,21,17,19,19,19,19,19,19,19,21,21,19,19,19
2013thru2017,50,05000US48393,"Roberts County, Texas",48,393,325,240,35,4,0,0,4,0,4,4,0,0,0,4,4,4,0,0,20,20,0,0,0,50,4,0,0,4,0,10,10,0,0,0,10,10,0,0,0,25,25,0,0,0,40,4,4,0,0,0,10,4,4,0,0,4,4,0,0,0,20,20,0,0,0,55,4,4,4,4,0,15,15,0,0,0,20,20,0,0,0,10,10,0,0,0,70,10,10,0,0,0,4,4,0,0,0,15,15,0,0,0,40,40,0,0,0,85,4,0,0,0,0,0,4,0,4,0,0,0,0,0,0,0,0,0,0,0,0,4,4,0,0,4,0,0,0,0,0,0,0,0,0,0,0,4,4,0,0,0,40,0,0,0,0,0,4,4,0,0,0,10,10,0,0,0,25,25,0,0,0,20,0,0,0,0,0,4,4,0,0,0,4,4,0,0,0,10,10,0,0,0,20,4,4,4,0,0,4,4,0,0,0,4,4,0,0,0,10,10,0,0,0,35,45,18,2,13,13,2,13,13,13,13,13,13,10,13,13,13,13,19,19,13,13,13,20,6,13,13,6,13,13,13,13,13,13,12,12,13,13,13,18,18,13,13,13,15,13,13,13,13,13,9,10,13,13,13,18,18,13,13,13,12,12,13,13,13,17,11,13,4,13,13,19,19,13,13,13,13,13,13,13,13,12,12,13,13,13,30,17,17,13,13,13,9,9,13,13,13,16,16,13,13,13,25,25,13,13,13,29,4,13,13,13,13,13,4,13,4,13,13,13,13,13,13,13,13,13,13,13,13,2,1,13,13,1,13,13,13,13,13,13,13,13,13,13,13,3,3,13,13,13,24,13,13,13,13,13,13,13,13,13,13,13,13,13,13,13,20,20,13,13,13,16,13,13,13,13,13,13,13,13,13,13,2,2,13,13,13,13,13,13,13,13,19,10,13,3,13,13,6,6,13,13,13,13,13,13,13,13,13,13,13,13,13
2013thru2017,50,05000US48395,"Robertson County, Texas",48,395,6300,4690,1030,70,45,4,20,0,125,105,15,10,0,130,110,10,10,0,705,680,25,0,0,1660,270,115,70,90,0,420,335,55,25,0,250,245,4,0,0,725,725,0,0,0,960,270,110,65,80,20,145,140,4,0,0,250,240,4,0,0,295,280,10,0,0,750,115,50,30,35,0,135,105,35,0,0,210,210,0,0,0,290,290,0,0,0,290,70,30,30,10,0,45,40,4,4,0,45,45,0,0,0,135,135,0,0,0,1605,195,85,4,15,65,0,60,60,0,0,0,15,15,0,0,0,30,30,0,0,0,590,205,30,65,75,35,50,20,30,0,0,190,190,0,0,0,140,140,0,0,0,440,285,70,75,130,10,65,55,10,0,0,80,80,0,0,0,10,10,0,0,0,255,145,15,65,65,0,55,55,0,0,0,10,10,0,0,0,50,50,0,0,0,130,95,35,45,15,0,10,10,0,0,0,10,10,0,0,0,15,15,0,0,0,278,253,172,43,37,21,21,21,71,62,26,14,21,91,89,16,18,21,142,145,25,21,21,226,104,69,66,50,21,143,119,57,29,21,82,83,7,21,21,189,189,21,21,21,174,104,72,46,56,23,77,76,4,21,21,94,93,13,21,21,108,109,18,21,21,204,62,30,37,42,21,111,86,50,21,21,110,110,21,21,21,137,137,21,21,21,73,36,25,28,13,21,22,23,3,5,21,25,25,21,21,21,59,59,21,21,21,240,66,48,13,25,41,21,49,49,21,21,21,14,14,21,21,21,28,28,21,21,21,148,91,26,50,54,34,51,20,46,21,21,88,88,21,21,21,69,69,21,21,21,103,90,49,48,85,15,44,42,14,21,21,49,49,21,21,21,13,13,21,21,21,88,63,17,51,37,21,50,50,21,21,21,11,11,21,21,21,55,55,21,21,21,54,48,36,42,20,21,14,14,21,21,21,12,12,21,21,21,26,26,21,21,21
2013thru2017,50,05000US48397,"Rockwall County, Texas",48,397,30365,24415,13955,1100,195,235,630,40,1185,700,320,165,0,2055,1505,445,105,0,9620,9240,355,25,0,7850,895,135,185,540,40,1175,680,335,160,0,1060,715,340,4,0,4725,4410,280,30,0,2200,310,165,35,105,0,530,340,155,35,0,325,295,35,0,0,1035,1035,0,0,0,280,25,0,15,4,0,55,0,55,0,0,105,80,30,0,0,95,95,0,0,0,125,45,30,0,10,0,15,15,0,0,0,15,15,0,0,0,50,50,0,0,0,5950,2680,765,0,180,585,0,400,80,305,15,0,555,375,150,30,0,965,955,4,0,0,2300,500,130,15,330,15,635,260,305,65,0,560,410,135,15,0,605,605,0,0,0,655,325,50,15,245,15,60,30,30,0,0,120,110,15,0,0,150,150,0,0,0,155,110,65,30,15,0,0,0,0,0,0,30,30,0,0,0,15,15,0,0,0,160,40,4,35,0,0,65,65,0,0,0,15,15,0,0,0,40,40,0,0,0,319,500,583,237,110,101,218,55,302,228,132,81,31,358,298,152,82,31,584,560,144,29,31,536,170,77,95,149,41,236,174,143,86,31,217,187,129,6,31,422,399,98,39,31,303,139,88,30,85,31,187,153,112,39,31,134,126,31,31,31,184,184,31,31,31,118,26,31,24,14,31,48,31,48,31,31,69,59,32,31,31,79,79,31,31,31,70,49,43,31,22,31,23,23,31,31,31,32,32,31,31,31,39,39,31,31,31,476,393,249,31,115,244,31,154,71,127,25,31,201,182,90,37,31,264,264,10,31,31,330,174,74,27,157,36,227,159,169,78,31,167,134,94,27,31,161,161,31,31,31,208,157,48,28,145,23,48,37,32,31,31,108,105,26,31,31,84,84,31,31,31,69,62,39,37,29,31,31,31,31,31,31,34,34,31,31,31,23,23,31,31,31,115,41,10,38,31,31,91,91,31,31,31,25,25,31,31,31,61,61,31,31,31
2013thru2017,50,05000US48399,"Runnels County, Texas",48,399,3780,2715,170,4,4,0,0,0,20,20,4,0,0,4,4,0,0,0,140,135,4,0,0,500,30,10,20,0,0,110,90,15,4,0,110,110,0,0,0,250,250,0,0,0,595,110,40,35,25,15,55,35,15,0,0,125,120,4,0,0,305,285,20,0,0,785,250,135,55,45,10,165,150,15,0,0,105,100,0,4,0,270,270,0,0,0,660,150,45,35,70,0,150,140,10,0,0,90,80,10,0,0,270,270,0,0,0,1065,35,10,0,10,0,0,10,10,0,0,0,15,15,0,0,0,4,4,0,0,0,195,70,15,25,20,4,80,65,15,0,0,20,20,0,0,0,25,25,0,0,0,245,50,25,10,20,0,125,125,4,0,0,40,40,0,0,0,30,30,0,0,0,385,160,30,40,90,0,80,70,10,0,0,80,80,0,0,0,65,65,0,0,0,200,85,10,35,30,10,40,25,15,0,0,30,30,0,0,0,45,45,0,0,0,171,171,60,8,8,21,21,21,20,21,1,21,21,21,21,21,21,21,57,55,3,21,21,114,28,14,25,21,21,67,59,21,9,21,54,54,21,21,21,78,78,21,21,21,115,51,33,26,21,23,27,22,20,21,21,65,64,12,21,21,83,87,20,21,21,156,90,74,44,32,19,66,66,17,21,21,47,47,21,1,21,76,76,21,21,21,126,66,28,34,48,21,69,68,15,21,21,48,45,15,21,21,61,61,21,21,21,164,27,13,21,13,21,21,15,15,21,21,21,21,21,21,21,21,21,21,21,21,21,66,44,17,33,25,12,46,41,23,21,21,17,17,21,21,21,22,22,21,21,21,89,31,24,14,23,21,65,64,4,21,21,28,28,21,21,21,24,24,21,21,21,104,72,25,40,55,21,48,46,13,21,21,46,46,21,21,21,31,31,21,21,21,77,75,16,48,35,16,31,19,27,21,21,26,26,21,21,21,35,35,21,21,21
2013thru2017,50,05000US48401,"Rusk County, Texas",48,401,17980,13675,2730,300,105,15,135,45,305,205,75,25,0,485,430,35,15,0,1640,1590,50,0,0,4275,715,280,175,220,45,470,410,50,15,0,955,825,80,50,0,2135,2085,45,0,0,3705,710,315,105,260,30,535,480,40,20,0,745,690,45,10,0,1710,1670,40,0,0,2045,435,210,110,115,4,455,405,10,40,0,280,205,75,0,0,875,865,10,0,0,925,240,130,90,20,0,100,90,0,10,0,165,165,0,0,0,420,420,0,0,0,4305,425,165,50,25,50,40,85,55,30,0,0,85,85,0,0,0,95,85,4,0,0,1110,455,165,45,195,45,285,190,60,35,0,180,180,0,0,0,190,180,0,10,0,1420,475,170,130,150,20,360,215,145,0,0,300,300,0,0,0,290,290,0,0,0,910,365,60,145,155,4,280,205,65,10,0,65,65,0,0,0,200,200,0,0,0,440,195,30,45,120,0,80,65,15,0,0,50,50,4,0,0,110,110,0,0,0,343,320,291,91,57,25,84,37,106,109,36,23,31,132,131,29,30,31,249,246,37,31,31,295,173,99,78,83,31,116,114,26,17,31,189,178,74,52,31,245,239,49,31,31,341,180,124,67,115,28,130,119,36,29,31,153,138,51,19,31,237,228,37,31,31,268,133,86,69,65,3,157,149,17,56,31,114,79,70,31,31,158,157,15,31,31,143,85,71,50,18,31,45,40,31,21,31,70,70,31,31,31,101,101,31,31,31,329,140,99,51,34,33,60,68,42,46,31,31,74,74,31,31,31,52,53,12,31,31,202,128,75,25,96,46,114,97,51,46,31,82,82,31,31,31,110,112,31,15,31,236,155,98,75,76,20,143,100,97,31,31,119,119,31,31,31,122,122,31,31,31,217,131,45,94,85,4,164,146,70,16,31,57,57,31,31,31,86,86,31,31,31,127,86,30,43,70,31,55,55,17,31,31,37,37,31,31,31,56,56,31,31,31
2013thru2017,50,05000US48403,"Sabine County, Texas",48,403,3810,3355,710,75,20,15,35,4,160,130,10,20,0,165,145,20,0,0,315,315,0,0,0,1205,325,145,35,80,65,240,175,35,35,0,205,200,4,0,0,435,435,0,0,0,935,205,120,40,35,10,200,175,20,4,0,265,260,4,0,0,265,245,20,0,0,310,90,50,20,20,4,75,55,10,10,0,40,40,0,0,0,105,105,0,0,0,195,40,4,4,35,0,100,100,0,0,0,30,30,0,0,0,25,25,0,0,0,460,35,35,10,25,0,4,0,0,0,0,0,0,0,0,0,0,0,0,0,0,0,125,65,30,0,30,4,35,30,4,0,0,15,0,15,0,0,10,10,0,0,0,215,185,85,20,80,0,4,4,0,0,0,15,4,0,10,0,15,15,0,0,0,65,60,20,4,40,0,4,0,4,0,0,0,0,0,0,0,0,0,0,0,0,10,10,10,0,0,0,0,0,0,0,0,0,0,0,0,0,0,0,0,0,0,274,277,145,43,27,17,32,7,88,76,15,33,21,88,87,26,21,21,112,112,21,21,21,219,129,61,36,49,83,97,86,31,39,21,88,87,4,21,21,116,116,21,21,21,172,91,87,30,32,21,81,77,25,13,21,112,112,7,21,21,106,91,33,21,21,99,44,38,22,15,21,47,37,16,23,21,38,38,21,21,21,57,57,21,21,21,82,35,21,3,34,21,66,66,21,21,21,36,36,21,21,21,20,20,21,21,21,148,33,33,15,29,21,7,21,21,21,21,21,21,21,21,21,21,21,21,21,21,21,55,43,28,21,30,11,37,35,14,21,21,24,21,24,21,21,20,20,21,21,21,92,89,60,21,57,21,1,1,21,21,21,18,11,21,16,21,19,19,21,21,21,54,54,22,2,47,21,9,21,9,21,21,21,21,21,21,21,21,21,21,21,21,19,19,19,21,21,21,21,21,21,21,21,21,21,21,21,21,21,21,21,21,21
2013thru2017,50,05000US48405,"San Augustine County, Texas",48,405,3200,2535,385,55,15,0,40,0,35,35,0,0,0,45,45,0,0,0,245,240,4,0,0,825,215,115,10,90,0,175,170,4,0,0,120,115,4,0,0,315,315,4,0,0,785,265,115,55,60,40,160,145,15,0,0,140,140,0,0,0,220,220,0,0,0,295,175,85,15,25,45,40,40,0,0,0,45,45,0,0,0,35,35,0,0,0,250,40,35,0,4,0,55,55,0,0,0,85,85,0,0,0,70,55,15,0,0,665,90,85,45,4,35,0,4,4,0,0,0,0,0,0,0,0,0,0,0,0,0,185,105,35,10,50,10,10,4,4,0,0,55,55,0,0,0,10,10,0,0,0,190,95,50,4,15,25,25,25,0,0,0,20,20,0,0,0,55,55,0,0,0,165,75,55,4,20,0,15,15,0,0,0,35,35,0,0,0,35,35,0,0,0,35,10,10,0,0,0,30,10,15,0,0,0,0,0,0,0,0,0,0,0,0,209,190,108,41,15,19,37,19,43,43,19,19,19,39,39,19,19,19,93,95,19,19,19,167,105,78,14,63,19,79,76,11,19,19,69,69,12,19,19,110,109,1,19,19,153,94,70,35,42,48,63,57,25,19,19,73,73,19,19,19,72,72,19,19,19,106,86,68,25,32,41,27,27,19,19,19,41,41,19,19,19,26,26,19,19,19,80,40,38,19,11,19,46,46,19,19,19,54,54,19,19,19,39,33,24,19,19,158,62,61,52,10,34,19,6,6,19,19,19,19,19,19,19,19,19,19,19,19,19,84,67,47,14,48,17,17,13,8,19,19,49,49,19,19,19,13,13,19,19,19,83,56,41,9,24,35,37,37,19,19,19,32,32,19,19,19,53,53,19,19,19,96,61,50,3,31,19,28,28,19,19,19,42,42,19,19,19,42,42,19,19,19,31,14,14,19,19,19,28,18,27,19,19,19,19,19,19,19,19,19,19,19,19
2013thru2017,50,05000US48407,"San Jacinto County, Texas",48,407,9415,7810,1975,415,160,115,115,25,230,155,75,0,0,405,370,35,0,0,925,880,45,0,0,3470,885,295,205,370,20,695,565,130,0,0,530,465,55,15,0,1360,1320,45,0,0,1930,525,285,70,160,15,325,260,55,10,0,345,340,10,0,0,730,725,4,0,0,255,65,50,10,4,0,10,4,10,0,0,40,40,0,0,0,135,135,0,0,0,185,4,0,0,4,0,4,0,0,4,0,20,20,0,0,0,160,160,4,0,0,1600,390,185,15,55,115,0,70,20,50,0,0,15,15,0,0,0,120,120,0,0,0,580,315,50,160,80,25,100,65,25,4,0,65,65,0,0,0,100,75,25,0,0,455,185,80,50,55,0,100,70,30,0,0,105,105,0,0,0,65,65,0,0,0,165,50,4,20,30,0,65,45,15,0,0,20,20,0,0,0,30,30,0,0,0,10,10,4,0,4,0,0,0,0,0,0,0,0,0,0,0,4,4,0,0,0,454,460,372,156,115,98,76,47,115,98,51,25,25,177,169,32,25,25,277,273,41,25,25,456,231,133,99,166,29,231,203,117,25,25,163,154,40,26,25,313,312,55,25,25,294,154,130,53,81,26,124,110,56,12,25,146,146,14,25,25,196,195,17,25,25,123,47,48,14,25,25,13,4,13,25,25,39,39,25,25,25,114,114,25,25,25,128,3,25,25,3,25,2,25,25,2,25,29,29,25,25,25,120,121,2,25,25,312,169,129,30,66,108,25,81,30,75,25,25,20,20,25,25,25,87,87,25,25,25,181,147,40,124,74,31,80,71,34,17,25,47,47,25,25,25,90,83,38,25,25,151,84,58,43,46,25,66,59,40,25,25,93,93,25,25,25,50,50,25,25,25,93,58,13,34,46,25,65,61,24,25,25,31,31,25,25,25,41,41,25,25,25,15,14,10,25,5,25,25,25,25,25,25,25,25,25,25,25,3,3,25,25,25
2013thru2017,50,05000US48409,"San Patricio County, Texas",48,409,23245,15545,3035,500,205,100,170,25,190,120,50,20,0,545,390,155,0,0,1805,1695,100,15,0,3720,640,295,155,185,4,390,220,125,45,0,795,715,55,25,0,1895,1800,85,10,0,5945,945,415,245,260,20,1130,835,240,60,0,1255,1085,145,20,0,2620,2565,45,10,0,2395,705,375,180,130,20,405,390,10,0,0,475,450,25,0,0,810,760,50,0,0,450,150,85,55,10,0,65,45,4,15,0,70,60,15,0,0,160,160,0,0,0,7700,965,230,40,50,140,0,230,155,50,25,0,155,90,65,0,0,350,350,0,0,0,2240,935,250,255,345,80,425,170,240,15,0,415,335,65,20,0,465,445,20,0,0,3570,1220,295,410,415,100,790,480,260,50,0,620,505,90,25,0,945,925,20,0,0,855,245,45,95,100,0,310,260,40,10,0,165,165,0,0,0,135,135,0,0,0,70,25,10,0,10,0,0,0,0,0,0,15,15,0,0,0,30,30,0,0,0,480,507,308,151,108,58,73,27,79,68,34,20,31,141,125,85,31,31,237,228,67,16,31,376,167,89,88,76,3,106,75,70,39,31,178,177,40,22,31,256,253,46,14,31,475,205,141,100,101,22,205,165,112,38,31,211,208,70,31,31,323,328,29,15,31,310,170,118,91,68,20,126,128,16,31,31,155,150,37,31,31,184,179,52,31,31,123,68,45,46,13,31,51,49,10,24,31,49,48,22,31,31,63,63,31,31,31,515,232,131,45,38,105,31,136,117,55,40,31,92,59,72,31,31,155,155,31,31,31,352,253,139,117,122,74,161,98,121,24,31,144,127,50,14,31,167,166,22,31,31,406,228,107,122,155,85,199,145,132,47,31,187,181,56,40,31,228,223,33,31,31,228,101,35,78,66,31,157,158,46,17,31,79,79,31,31,31,105,105,31,31,31,40,24,19,31,17,31,31,31,31,31,31,21,21,31,31,31,28,28,31,31,31
2013thru2017,50,05000US48411,"San Saba County, Texas",48,411,2135,1440,230,25,4,4,15,0,20,20,0,0,0,20,15,4,0,0,160,160,0,0,0,330,65,30,15,20,0,35,25,10,4,0,50,50,0,0,0,175,170,10,0,0,355,120,4,60,55,0,85,75,10,0,0,40,35,4,0,0,110,110,0,0,0,280,95,20,10,65,0,75,55,20,0,0,35,35,0,0,0,70,70,0,0,0,240,45,30,15,4,0,50,30,0,20,0,25,20,4,0,0,125,105,20,0,0,695,55,4,4,0,0,0,20,10,4,0,0,30,30,0,0,0,0,0,0,0,0,155,100,65,10,25,0,10,4,4,0,0,4,4,0,0,0,40,40,0,0,0,200,45,15,4,25,0,55,20,35,0,0,4,4,0,0,0,95,95,0,0,0,155,95,50,20,20,4,15,15,0,0,0,20,20,0,0,0,25,25,0,0,0,135,50,30,0,20,4,25,20,4,0,0,25,25,0,0,0,30,30,0,0,0,135,123,98,18,3,12,17,19,22,22,19,19,19,16,16,6,19,19,95,95,19,19,19,75,37,31,13,19,19,26,22,14,19,19,39,39,19,19,19,54,51,13,19,19,93,69,8,36,51,19,45,40,14,19,19,25,24,8,19,19,44,44,19,19,19,78,61,22,16,57,19,36,28,21,19,19,26,26,19,19,19,34,34,19,19,19,68,24,21,14,3,19,34,22,19,24,19,22,20,8,19,19,51,42,30,19,19,108,47,6,6,19,19,19,22,18,11,19,19,47,47,19,19,19,19,19,19,19,19,75,58,47,21,25,19,15,9,5,19,19,5,5,19,19,19,46,46,19,19,19,74,34,18,13,28,19,40,18,38,19,19,4,4,19,19,19,60,60,19,19,19,61,53,39,30,23,7,22,22,19,19,19,22,22,19,19,19,29,29,19,19,19,55,37,30,19,22,5,28,24,6,19,19,25,25,19,19,19,22,22,19,19,19
2013thru2017,50,05000US48413,"Schleicher County, Texas",48,413,1100,845,80,10,4,4,0,0,10,10,0,0,0,15,15,0,0,0,45,45,0,0,0,235,45,10,20,15,0,40,25,15,0,0,25,20,4,0,0,120,120,0,0,0,165,30,20,4,0,4,25,25,0,0,0,20,20,0,0,0,85,85,0,0,0,290,60,20,15,25,0,70,55,15,0,0,65,65,0,0,0,100,100,0,0,0,70,10,4,4,0,0,10,10,0,0,0,15,15,0,0,0,35,35,0,0,0,255,55,0,0,0,0,0,0,0,0,0,0,45,45,0,0,0,10,10,0,0,0,80,50,15,25,15,0,0,0,0,0,0,25,25,0,0,0,4,4,0,0,0,75,20,4,10,0,0,25,25,0,0,0,0,0,0,0,0,30,30,0,0,0,10,10,10,0,0,0,0,0,0,0,0,0,0,0,0,0,0,0,0,0,0,35,20,0,20,0,0,0,0,0,0,0,0,0,0,0,0,15,15,0,0,0,100,118,47,16,12,10,13,13,17,17,13,13,13,18,18,13,13,13,41,41,13,13,13,72,32,16,25,17,13,29,27,19,13,13,28,21,18,13,13,52,52,13,13,13,63,29,16,18,13,15,30,30,13,13,13,15,15,13,13,13,50,50,13,13,13,74,38,22,14,23,13,46,38,23,13,13,44,44,13,13,13,52,52,13,13,13,41,15,13,7,13,13,14,14,13,13,13,21,21,13,13,13,27,27,13,13,13,78,35,13,13,13,13,13,13,13,13,13,13,34,34,13,13,13,14,14,13,13,13,39,34,20,22,22,13,13,13,13,13,13,23,23,13,13,13,1,1,13,13,13,45,17,13,20,13,13,29,29,13,13,13,13,13,13,13,13,31,31,13,13,13,19,19,19,13,13,13,13,13,13,13,13,13,13,13,13,13,13,13,13,13,13,36,27,13,27,13,13,13,13,13,13,13,13,13,13,13,13,22,22,13,13,13
2013thru2017,50,05000US48415,"Scurry County, Texas",48,415,5840,4325,240,15,4,4,4,0,40,30,10,0,0,30,30,0,0,0,155,155,0,0,0,770,135,10,90,30,4,85,85,0,0,0,150,140,10,0,0,400,385,10,0,0,1525,270,135,70,60,0,275,95,160,20,0,245,215,30,0,0,735,735,4,0,0,1595,225,135,60,25,4,330,225,80,20,0,395,395,0,0,0,645,645,0,0,0,200,95,85,4,4,0,15,15,0,0,0,45,45,0,0,0,50,50,0,0,0,1510,100,30,0,4,20,0,4,4,0,0,0,70,70,0,0,0,0,0,0,0,0,365,85,50,35,0,0,100,80,15,0,0,90,90,0,0,0,90,90,0,0,0,565,275,70,125,80,0,125,125,0,0,0,125,125,0,0,0,35,35,0,0,0,455,75,30,15,30,0,115,50,65,0,0,60,60,0,0,0,205,205,0,0,0,30,10,10,0,0,0,4,4,0,0,0,0,0,0,0,0,20,20,0,0,0,252,215,90,14,12,10,1,21,31,28,15,21,21,30,30,21,21,21,79,79,21,21,21,166,98,23,79,40,13,55,55,21,21,21,75,72,15,21,21,110,109,18,21,21,238,139,89,80,51,21,103,58,88,28,21,107,95,35,21,21,132,133,1,21,21,199,106,81,55,26,12,117,96,70,29,21,163,163,21,21,21,145,145,21,21,21,94,76,76,4,17,21,20,20,21,21,21,35,35,21,21,21,41,41,21,21,21,263,71,40,21,11,40,21,3,3,21,21,21,61,61,21,21,21,21,21,21,21,21,131,60,49,35,21,21,72,69,22,21,21,75,75,21,21,21,66,66,21,21,21,178,137,71,101,69,21,81,81,21,21,21,89,89,21,21,21,34,34,21,21,21,134,64,38,29,31,21,71,45,66,21,21,42,42,21,21,21,108,108,21,21,21,23,14,14,21,21,21,4,4,21,21,21,21,21,21,21,21,20,20,21,21,21
2013thru2017,50,05000US48417,"Shackelford County, Texas",48,417,1255,990,160,40,0,25,15,0,25,20,4,0,0,40,40,0,0,0,50,45,4,0,0,175,50,15,10,25,0,45,45,0,0,0,10,10,0,0,0,70,70,0,0,0,290,30,4,15,15,0,40,40,0,0,0,65,65,0,0,0,155,155,0,0,0,200,70,55,4,15,0,20,20,0,0,0,35,30,4,0,0,70,70,0,0,0,165,40,15,4,15,4,20,20,0,0,0,35,35,0,0,0,75,75,0,0,0,265,0,0,0,0,0,0,0,0,0,0,0,0,0,0,0,0,0,0,0,0,0,65,45,4,15,25,0,4,0,4,0,0,0,0,0,0,0,15,15,0,0,0,90,0,0,0,0,0,10,10,0,0,0,30,30,0,0,0,45,45,0,0,0,80,40,25,0,15,4,10,10,0,0,0,10,10,0,0,0,20,4,10,4,0,30,15,4,10,0,0,0,0,0,0,0,15,15,0,0,0,4,4,0,0,0,106,88,67,30,13,25,21,13,26,23,15,13,13,33,33,13,13,13,35,34,4,13,13,61,41,15,15,34,13,32,32,13,13,13,15,15,13,13,13,39,39,13,13,13,86,28,13,20,18,13,33,33,13,13,13,41,41,13,13,13,63,63,13,13,13,61,42,37,4,21,13,22,22,13,13,13,21,20,12,13,13,40,40,13,13,13,48,26,14,12,21,2,16,16,13,13,13,26,26,13,13,13,36,36,13,13,13,75,13,13,13,13,13,13,13,13,13,13,13,13,13,13,13,13,13,13,13,13,13,37,30,15,17,26,13,7,13,7,13,13,13,13,13,13,13,20,20,13,13,13,43,13,13,13,13,13,16,16,13,13,13,29,29,13,13,13,37,37,13,13,13,45,36,27,13,23,13,17,17,13,13,13,14,14,13,13,13,19,11,15,13,13,29,18,8,16,13,13,13,13,13,13,13,17,17,13,13,13,14,14,13,13,13
2013thru2017,50,05000US48419,"Shelby County, Texas",48,419,9220,6580,1465,260,155,35,60,10,285,190,80,15,0,230,195,35,0,0,685,610,65,10,0,2055,365,220,60,80,4,285,255,30,0,0,580,545,40,0,0,825,825,0,0,0,1745,385,185,105,80,15,230,175,45,10,0,490,490,0,0,0,640,620,20,0,0,910,155,70,50,35,4,220,220,4,0,0,295,255,40,0,0,240,240,0,0,0,400,70,55,4,10,0,125,75,4,45,0,20,20,0,0,0,185,185,0,0,0,2640,380,200,15,110,75,0,80,70,10,0,0,75,55,25,0,0,25,25,0,0,0,890,555,185,260,45,60,160,135,25,0,0,70,70,0,0,0,105,105,0,0,0,665,375,120,55,160,45,95,65,25,4,0,95,95,0,0,0,100,100,0,0,0,385,260,95,4,120,40,75,40,35,0,0,4,4,0,0,0,40,40,0,0,0,320,170,25,45,90,10,55,55,0,0,0,35,35,0,0,0,60,60,0,0,0,297,322,239,92,67,43,58,15,118,114,56,22,25,102,87,40,25,25,172,170,65,14,25,278,102,77,35,48,8,113,108,37,25,25,175,168,41,25,25,185,185,25,25,25,241,131,74,85,50,17,89,70,49,17,25,125,125,25,25,25,160,154,29,25,25,204,57,38,42,28,5,122,119,8,25,25,120,103,52,25,25,95,95,25,25,25,105,46,42,8,17,25,72,56,9,42,25,34,34,25,25,25,69,69,25,25,25,311,135,110,21,89,63,25,65,63,16,25,25,53,59,37,25,25,27,27,25,25,25,208,161,85,145,37,74,91,79,37,25,25,63,63,25,25,25,83,83,25,25,25,173,139,67,34,111,29,68,61,31,25,25,66,66,25,25,25,60,60,25,25,25,164,145,67,16,123,39,64,49,46,25,25,25,25,25,25,25,28,28,25,25,25,186,142,32,53,129,14,52,52,25,25,25,53,53,25,25,25,67,67,25,25,25
2013thru2017,50,05000US48421,"Sherman County, Texas",48,421,1065,860,45,15,10,0,4,0,0,0,0,0,0,4,4,0,0,0,25,25,0,0,0,120,15,4,0,4,4,20,10,10,0,0,30,15,15,4,0,55,55,0,0,0,365,40,25,10,4,0,75,40,30,4,0,65,60,10,0,0,185,185,0,0,0,220,30,25,4,4,0,35,35,0,0,0,65,65,4,0,0,95,85,4,0,0,110,10,10,0,4,0,35,20,15,4,0,30,30,0,0,0,35,35,0,0,0,205,10,4,0,4,0,0,0,0,0,0,0,0,0,0,0,0,4,4,0,0,0,60,25,20,0,4,0,4,4,0,0,0,25,25,0,0,0,4,4,0,0,0,55,20,10,4,4,0,20,15,4,0,0,4,4,0,0,0,15,15,0,0,0,40,25,4,20,4,0,4,4,0,0,0,4,4,0,0,0,4,4,0,0,0,40,30,0,20,10,0,0,0,0,0,0,0,0,0,0,0,10,10,0,0,0,63,73,24,19,15,13,13,13,13,13,13,13,13,4,4,13,13,13,15,15,13,13,13,35,16,13,13,13,6,18,13,15,13,13,20,12,17,3,13,31,31,13,13,13,60,23,23,12,11,13,34,24,27,13,13,26,23,13,13,13,47,47,13,13,13,51,25,24,5,13,13,19,19,13,13,13,32,32,4,13,13,33,32,13,13,13,36,9,13,13,3,13,25,15,18,3,13,17,17,13,13,13,21,21,13,13,13,53,10,11,13,11,13,13,13,13,13,13,13,13,13,13,13,13,13,13,13,13,13,34,22,20,13,8,13,10,10,13,13,13,20,20,13,13,13,1,1,13,13,13,25,17,15,2,5,13,16,18,1,13,13,4,4,13,13,13,13,13,13,13,13,24,22,13,21,1,13,5,5,13,13,13,13,13,13,13,13,6,6,13,13,13,28,27,13,20,18,13,13,13,13,13,13,13,13,13,13,13,13,13,13,13,13
2013thru2017,50,05000US48423,"Smith County, Texas",48,423,77800,51275,12640,1260,230,255,610,165,1175,690,380,100,0,1770,1225,475,70,0,8440,7810,605,25,0,17315,2350,790,455,885,220,2780,1825,680,280,0,3135,2710,410,10,0,9050,8755,200,95,0,12890,2315,760,580,800,170,2160,1575,370,210,0,2625,2220,335,70,0,5790,5680,95,15,0,6300,1620,920,305,310,90,1340,1145,175,20,0,1395,1230,155,10,0,1940,1925,15,0,0,2130,635,325,90,200,20,215,195,20,4,0,490,460,30,0,0,790,790,0,0,0,26525,5520,1825,190,275,1260,100,980,320,555,105,0,910,585,310,15,0,1800,1650,135,15,0,8705,3245,570,765,1800,105,1895,815,1020,60,0,1975,1795,175,4,0,1590,1520,60,4,0,7740,2795,425,785,1445,140,1830,755,1010,65,0,1445,1285,140,15,0,1675,1675,0,0,0,3595,1665,345,510,715,95,680,415,255,15,0,455,425,30,0,0,795,795,0,0,0,965,400,80,120,180,15,195,65,120,10,0,165,165,0,0,0,210,210,0,0,0,842,991,710,262,87,105,201,119,261,190,160,76,31,320,279,154,48,31,588,586,191,29,31,893,385,241,146,224,131,403,316,207,120,31,430,414,105,18,31,584,573,109,79,31,707,355,200,209,197,109,303,266,126,94,31,404,393,123,54,31,481,488,74,20,31,495,317,217,102,160,60,236,227,74,22,31,261,243,77,17,31,233,232,21,31,31,300,211,160,46,87,28,81,76,21,31,31,122,118,26,31,31,177,177,31,31,31,940,611,383,100,135,315,107,237,127,197,90,31,253,190,121,24,31,329,327,83,23,31,719,472,179,248,335,79,386,244,316,53,31,443,449,136,10,31,291,286,51,15,31,586,356,159,211,267,101,322,217,241,55,31,303,292,100,28,31,249,249,31,31,31,478,327,170,146,215,71,196,133,116,20,31,174,170,41,31,31,220,220,31,31,31,214,146,68,92,79,23,90,51,75,20,31,69,69,31,31,31,115,115,31,31,31
2013thru2017,50,05000US48425,"Somervell County, Texas",48,425,3235,2390,940,130,60,40,25,0,45,20,4,20,0,235,85,120,35,0,525,490,20,15,0,770,180,140,35,0,0,80,45,30,0,0,100,75,25,0,0,415,410,4,0,0,345,30,0,0,0,30,30,30,0,0,0,115,65,40,4,0,170,170,0,0,0,200,75,70,0,4,0,45,45,0,0,0,20,15,4,0,0,55,55,0,0,0,140,105,15,0,90,0,15,15,0,0,0,0,0,0,0,0,20,20,0,0,0,845,250,80,0,0,80,0,85,0,85,0,0,75,75,0,0,0,10,10,0,0,0,285,150,75,15,60,0,55,40,15,0,0,0,0,0,0,0,80,80,0,0,0,170,45,10,25,4,0,60,30,30,0,0,40,40,0,0,0,25,25,0,0,0,90,30,0,4,25,0,20,20,0,0,0,0,0,0,0,0,45,45,0,0,0,50,20,0,0,20,0,0,0,0,0,0,0,0,0,0,0,30,30,0,0,0,208,223,175,93,66,52,30,19,43,27,5,42,19,143,63,118,53,19,174,170,38,25,19,176,114,113,36,19,19,73,60,41,19,19,66,57,30,19,19,111,111,13,19,19,117,46,19,19,19,46,42,42,19,19,19,78,49,63,15,19,84,84,19,19,19,104,100,98,19,15,19,38,38,19,19,19,27,26,10,19,19,39,39,19,19,19,104,99,25,19,97,19,29,29,19,19,19,19,19,19,19,19,24,24,19,19,19,203,138,103,19,19,103,19,75,19,75,19,19,96,96,19,19,19,17,17,19,19,19,131,74,73,19,42,19,54,48,25,19,19,19,19,19,19,19,86,86,19,19,19,79,35,17,31,11,19,52,39,31,19,19,32,32,19,19,19,26,26,19,19,19,72,28,19,5,27,19,32,32,19,19,19,19,19,19,19,19,61,61,19,19,19,65,33,19,19,33,19,19,19,19,19,19,19,19,19,19,19,47,47,19,19,19
2013thru2017,50,05000US48427,"Starr County, Texas",48,427,16320,12135,3515,1035,560,155,295,20,665,465,135,70,0,630,455,175,4,0,1185,1165,20,0,0,5625,2280,1535,400,295,45,1090,1050,25,15,0,855,835,20,0,0,1405,1405,0,0,0,2225,1035,715,250,55,15,405,380,15,10,0,365,365,0,0,0,415,415,0,0,0,615,230,170,10,50,0,175,175,0,0,0,100,100,0,0,0,105,105,0,0,0,155,90,65,15,4,4,20,20,0,0,0,0,0,0,0,0,45,45,0,0,0,4185,995,540,180,180,165,10,200,170,30,0,0,180,180,0,0,0,80,80,0,0,0,1780,1135,325,400,390,20,335,255,80,0,0,165,165,0,0,0,145,145,0,0,0,870,605,280,120,190,15,140,140,0,0,0,35,35,0,0,0,85,85,0,0,0,380,210,15,175,15,0,105,85,0,20,0,45,45,0,0,0,25,25,0,0,0,160,135,90,15,35,0,10,10,0,0,0,10,10,0,0,0,4,4,0,0,0,410,510,360,199,165,76,102,36,175,134,90,73,31,162,128,98,3,31,214,210,24,31,31,400,285,259,140,100,35,220,221,28,23,31,202,202,29,31,31,233,233,31,31,31,291,220,182,138,41,24,128,124,18,15,31,108,108,31,31,31,137,137,31,31,31,180,105,96,16,49,31,100,100,31,31,31,81,81,31,31,31,77,77,31,31,31,80,54,53,22,1,31,36,36,31,31,31,31,31,31,31,31,50,50,31,31,31,365,236,166,95,114,82,16,112,115,30,31,31,104,104,31,31,31,67,67,31,31,31,270,232,138,141,142,22,118,111,58,31,31,85,85,31,31,31,71,71,31,31,31,228,206,148,71,112,24,100,100,31,31,31,30,30,31,31,31,68,68,31,31,31,153,121,32,115,32,31,84,76,31,33,31,42,42,31,31,31,21,21,31,31,31,87,83,79,18,28,31,13,13,31,31,31,13,13,31,31,31,9,9,31,31,31
2013thru2017,50,05000US48429,"Stephens County, Texas",48,429,3360,2655,280,25,15,0,10,0,45,30,15,0,0,50,50,0,0,0,160,135,25,0,0,740,175,60,35,75,0,100,75,15,10,0,90,75,15,0,0,375,375,0,0,0,770,165,60,50,55,0,115,65,50,0,0,185,170,20,0,0,300,300,0,0,0,600,130,65,30,40,0,100,80,20,0,0,175,175,4,0,0,190,190,0,0,0,265,50,0,25,25,0,50,30,20,0,0,50,50,0,0,0,115,115,0,0,0,710,0,0,0,0,0,0,0,0,0,0,0,0,0,0,0,0,0,0,0,0,0,140,40,0,20,20,0,35,10,25,0,0,65,65,0,0,0,0,0,0,0,0,255,100,30,35,25,4,15,10,10,0,0,15,15,0,0,0,120,120,0,0,0,275,145,95,20,25,10,35,30,4,0,0,50,50,0,0,0,45,45,0,0,0,40,15,10,4,0,0,15,15,0,0,0,0,0,0,0,0,10,10,0,0,0,216,177,90,23,19,19,15,19,37,31,22,19,19,43,43,19,19,19,71,69,25,19,19,143,88,53,40,57,19,57,52,17,16,19,46,41,23,19,19,92,92,19,19,19,139,70,46,39,53,19,66,46,42,19,19,67,62,23,19,19,99,99,19,19,19,127,54,37,26,30,19,52,52,21,19,19,71,69,5,19,19,68,68,19,19,19,82,34,19,24,26,19,39,27,30,19,19,31,31,19,19,19,60,60,19,19,19,152,19,19,19,19,19,19,19,19,19,19,19,19,19,19,19,19,19,19,19,19,19,69,34,19,26,29,19,33,14,25,19,19,51,51,19,19,19,19,19,19,19,19,84,46,28,28,27,17,25,15,13,19,19,20,20,19,19,19,78,78,19,19,19,97,71,61,23,29,15,33,32,11,19,19,45,45,19,19,19,51,51,19,19,19,32,18,14,6,19,19,23,23,19,19,19,19,19,19,19,19,15,15,19,19,19
2013thru2017,50,05000US48431,"Sterling County, Texas",48,431,460,395,35,10,10,0,0,0,10,10,0,0,0,0,0,0,0,0,15,15,0,0,0,150,20,4,10,0,0,15,15,0,0,0,10,10,0,0,0,105,105,0,0,0,110,35,15,4,15,0,20,4,15,0,0,30,30,0,0,0,25,25,0,0,0,55,15,15,0,0,0,15,15,0,0,0,10,10,0,0,0,10,10,0,0,0,45,10,4,0,0,4,10,10,0,0,0,4,4,0,0,0,20,20,0,0,0,70,0,0,0,0,0,0,0,0,0,0,0,0,0,0,0,0,0,0,0,0,0,40,4,0,4,0,0,0,0,0,0,0,15,15,0,0,0,25,25,0,0,0,15,4,0,0,4,0,0,0,0,0,0,10,10,0,0,0,4,4,0,0,0,15,0,0,0,0,0,0,0,0,0,0,15,15,0,0,0,0,0,0,0,0,0,0,0,0,0,0,0,0,0,0,0,0,0,0,0,0,0,0,0,0,0,73,74,31,17,17,13,13,13,14,14,13,13,13,13,13,13,13,13,24,24,13,13,13,65,23,11,22,13,13,19,19,13,13,13,14,14,13,13,13,58,58,13,13,13,46,28,21,13,19,13,18,13,15,13,13,26,26,13,13,13,23,23,13,13,13,32,22,22,13,13,13,16,16,13,13,13,17,17,13,13,13,13,13,13,13,13,30,14,14,13,13,13,17,17,13,13,13,13,13,13,13,13,22,22,13,13,13,38,13,13,13,13,13,13,13,13,13,13,13,13,13,13,13,13,13,13,13,13,13,30,13,13,13,13,13,13,13,13,13,13,22,22,13,13,13,23,23,13,13,13,20,14,13,13,14,13,13,13,13,13,13,19,19,13,13,13,13,13,13,13,13,17,13,13,13,13,13,13,13,13,13,13,17,17,13,13,13,13,13,13,13,13,13,13,13,13,13,13,13,13,13,13,13,13,13,13,13,13,13,13,13,13,13
2013thru2017,50,05000US48433,"Stonewall County, Texas",48,433,460,350,25,0,0,0,0,0,4,0,4,0,0,0,0,0,0,0,25,25,0,0,0,80,15,15,0,0,0,0,0,0,0,0,4,4,0,0,0,60,60,0,0,0,115,40,10,25,4,0,25,25,0,0,0,15,15,0,0,0,35,35,0,0,0,100,20,4,10,4,0,20,20,0,0,0,4,4,0,0,0,50,50,0,0,0,25,10,0,0,10,0,0,0,0,0,0,4,4,0,0,0,15,15,0,0,0,110,0,0,0,0,0,0,0,0,0,0,0,0,0,0,0,0,0,0,0,0,0,10,4,4,0,0,0,4,4,0,0,0,0,0,0,0,0,4,4,0,0,0,60,30,25,0,4,0,20,20,0,0,0,0,0,0,0,0,10,10,0,0,0,25,20,10,4,0,0,10,10,0,0,0,0,0,0,0,0,0,0,0,0,0,15,10,10,0,0,0,0,0,0,0,0,0,0,0,0,0,4,4,0,0,0,69,54,19,13,13,13,13,13,3,13,3,13,13,13,13,13,13,13,19,19,13,13,13,39,15,15,13,13,13,13,13,13,13,13,9,9,13,13,13,38,38,13,13,13,35,25,15,20,1,13,20,20,13,13,13,16,16,13,13,13,17,17,13,13,13,40,17,15,14,7,13,22,22,13,13,13,15,15,13,13,13,27,27,13,13,13,14,16,13,13,16,13,13,13,13,13,13,2,2,13,13,13,11,11,13,13,13,36,13,13,13,13,13,13,13,13,13,13,13,13,13,13,13,13,13,13,13,13,13,14,1,1,13,13,13,4,4,13,13,13,13,13,13,13,13,13,13,13,13,13,25,22,23,13,13,13,17,17,13,13,13,13,13,13,13,13,12,12,13,13,13,21,17,16,14,13,13,16,16,13,13,13,13,13,13,13,13,13,13,13,13,13,15,16,16,13,13,13,13,13,13,13,13,13,13,13,13,13,10,10,13,13,13
2013thru2017,50,05000US48435,"Sutton County, Texas",48,435,1575,1075,100,25,4,0,20,0,4,0,4,0,0,25,25,0,0,0,40,40,0,0,0,255,40,10,20,15,0,25,25,0,0,0,85,50,35,0,0,105,105,0,0,0,440,55,15,15,15,10,90,85,4,0,0,70,35,35,0,0,225,215,0,4,0,230,40,4,25,10,0,25,10,15,0,0,25,25,0,0,0,140,130,10,0,0,50,10,4,0,4,0,4,4,0,0,0,4,0,4,0,0,25,25,0,0,0,500,55,25,25,0,0,0,0,0,0,0,0,30,30,0,0,0,0,0,0,0,0,130,40,0,25,15,0,0,0,0,0,0,15,4,15,0,0,75,75,0,0,0,140,10,10,0,0,0,15,15,0,0,0,60,60,0,0,0,50,50,0,0,0,135,10,4,4,0,0,20,20,0,0,0,70,70,0,0,0,35,35,0,0,0,45,0,0,0,0,0,4,4,0,0,0,15,15,0,0,0,25,25,0,0,0,109,128,52,33,4,13,34,13,11,13,11,13,13,22,22,13,13,13,36,36,13,13,13,83,32,18,22,20,13,26,26,13,13,13,61,39,42,13,13,62,62,13,13,13,110,39,17,21,23,17,61,59,14,13,13,47,34,38,13,13,81,82,13,16,13,85,36,6,29,16,13,29,18,24,13,13,23,23,13,13,13,80,76,16,13,13,31,14,5,13,9,13,9,9,13,13,13,16,13,16,13,13,24,24,13,13,13,122,46,38,38,13,13,13,13,13,13,13,13,29,29,13,13,13,13,13,13,13,13,66,40,13,35,18,13,13,13,13,13,13,23,1,23,13,13,45,45,13,13,13,74,18,18,13,13,13,27,27,13,13,13,60,60,13,13,13,39,39,13,13,13,66,15,11,13,13,13,33,33,13,13,13,51,51,13,13,13,35,35,13,13,13,36,13,13,13,13,13,14,14,13,13,13,23,23,13,13,13,28,28,13,13,13
2013thru2017,50,05000US48437,"Swisher County, Texas",48,437,2600,1815,80,20,0,20,0,0,10,4,0,4,0,4,4,4,0,0,45,45,0,0,0,225,35,4,0,30,4,35,35,4,0,0,35,35,0,0,0,120,120,0,0,0,610,130,50,50,25,4,130,90,35,4,0,135,130,4,0,0,220,220,0,0,0,725,195,95,50,45,0,140,120,10,10,0,165,165,0,0,0,225,225,0,0,0,175,50,15,15,20,0,30,30,0,0,0,45,45,0,0,0,50,50,0,0,0,790,55,4,0,0,4,0,15,10,4,0,0,15,15,0,0,0,15,15,0,0,0,155,110,20,85,4,0,30,20,0,4,0,10,10,0,0,0,4,4,0,0,0,190,125,25,40,30,30,10,10,0,0,0,45,45,0,0,0,10,10,0,0,0,360,195,45,80,70,0,20,20,0,0,0,90,90,0,0,0,60,60,0,0,0,30,0,0,0,0,0,10,10,4,0,0,10,10,0,0,0,10,10,0,0,0,142,125,38,26,19,26,19,19,12,4,19,3,19,10,8,7,19,19,25,25,19,19,19,81,32,1,19,32,7,21,20,4,19,19,26,26,19,19,19,65,65,19,19,19,112,47,32,34,22,3,60,46,45,19,19,53,53,4,19,19,83,83,19,19,19,111,67,44,39,34,19,56,52,13,15,19,84,84,19,19,19,64,64,19,19,19,69,38,23,16,23,19,37,37,19,19,19,39,39,19,19,19,31,31,19,19,19,129,34,8,19,19,8,19,20,19,4,19,19,30,30,19,19,19,17,17,19,19,19,78,71,25,74,6,19,34,29,19,13,19,16,16,19,19,19,2,2,19,19,19,65,51,28,31,30,27,20,20,19,19,19,30,30,19,19,19,14,14,19,19,19,104,92,39,58,67,19,16,16,19,19,19,88,88,19,19,19,45,45,19,19,19,28,19,19,19,19,19,20,19,6,19,19,18,18,19,19,19,14,14,19,19,19
2013thru2017,50,05000US48439,"Tarrant County, Texas",48,439,689920,418850,127465,8665,1320,1950,4875,525,10960,4070,4410,2475,0,20100,14305,5010,785,0,87740,82880,4360,495,0,133570,13600,2800,3035,7035,730,14950,7675,5590,1685,0,24330,19235,4400,695,0,80690,77585,2610,500,0,90390,15445,4660,4560,5470,750,15405,10415,4065,930,0,18485,16500,1730,255,0,41060,40220,715,125,0,54220,13470,5590,3120,4130,630,11435,8880,2195,355,0,11725,11020,635,70,0,17595,17280,280,35,0,13205,3480,1360,930,940,250,2155,1740,320,100,0,2270,1985,240,50,0,5300,5055,170,80,0,271070,60875,16925,1520,3750,10610,1040,10345,3460,5430,1455,0,12950,9405,3305,240,0,20650,19935,665,55,0,106440,35960,3720,11140,18965,2140,23810,11350,11175,1290,0,24305,21345,2655,305,0,22365,21855,460,50,0,68180,28470,3500,9045,14455,1475,15630,9165,6110,355,0,12865,11655,1140,70,0,11210,11110,80,20,0,27535,11555,2340,3610,4640,965,6740,4380,2150,210,0,4820,4505,290,25,0,4420,4320,90,4,0,8040,4125,795,1055,1795,480,1375,1000,300,70,0,1265,1105,155,4,0,1275,1255,20,0,0,2079,3145,2210,692,294,369,596,166,916,597,610,434,31,1262,1006,594,177,31,1968,1963,534,138,31,1848,921,344,391,553,199,799,596,545,253,31,974,820,458,169,31,1520,1493,264,170,31,1492,781,394,432,514,179,813,647,494,183,31,818,797,243,106,31,1111,1082,191,63,31,1348,739,463,356,450,159,662,582,323,112,31,689,678,163,60,31,882,847,114,30,31,694,352,209,211,178,100,291,266,127,67,31,331,302,91,39,31,400,401,89,56,31,2738,1890,938,322,537,750,236,709,437,667,271,31,1060,836,616,99,31,1264,1201,239,41,31,2222,1450,442,738,1049,361,1098,765,825,284,31,1161,1075,375,138,31,1058,1053,142,41,31,1736,1114,402,794,875,284,838,663,616,124,31,825,800,233,55,31,761,764,60,23,31,1129,754,368,419,439,235,624,520,347,99,31,626,583,138,22,31,482,483,63,10,31,672,460,189,238,299,152,254,200,135,50,31,240,230,74,11,31,243,240,22,31,31
2013thru2017,50,05000US48441,"Taylor County, Texas",48,441,49445,29150,4755,280,85,40,130,20,315,150,80,90,0,625,400,225,0,0,3530,3425,105,0,0,6635,680,285,140,140,115,710,465,235,10,0,1115,835,235,40,0,4130,4015,115,0,0,6960,965,325,285,325,30,1025,545,365,110,0,1185,1130,55,0,0,3785,3715,45,25,0,8440,1755,765,370,540,80,1600,1180,380,40,0,1795,1695,90,15,0,3290,3250,35,0,0,2360,605,235,190,125,55,375,305,45,25,0,535,510,25,0,0,850,850,0,0,0,20290,2985,895,105,255,505,30,545,110,275,155,0,565,370,145,50,0,980,910,65,0,0,5690,1695,110,555,990,40,1245,530,570,150,0,1450,1150,305,0,0,1295,1230,50,15,0,6060,1800,345,435,880,140,1700,745,860,95,0,1265,1145,120,0,0,1295,1280,20,0,0,4405,1665,305,480,760,115,1070,655,330,85,0,750,705,40,0,0,925,915,10,0,0,1155,545,100,185,230,30,245,150,30,65,0,180,180,0,0,0,185,185,0,0,0,723,656,375,109,61,35,75,28,120,84,73,60,31,191,130,115,31,31,358,353,72,31,31,484,145,105,84,63,58,169,141,110,18,31,201,172,101,46,31,405,406,89,31,31,386,186,125,103,106,36,230,126,146,67,31,176,174,40,31,31,304,292,40,35,31,469,248,155,76,151,45,247,198,127,44,31,211,202,55,25,31,301,297,28,31,31,258,157,88,103,55,42,120,104,30,28,31,144,145,29,31,31,153,153,31,31,31,880,392,219,91,103,178,19,168,69,114,126,31,160,119,79,78,31,242,234,51,31,31,493,300,59,179,223,47,300,180,191,116,31,339,293,166,31,31,259,260,49,24,31,549,339,139,132,269,110,300,207,236,95,31,292,288,95,31,31,265,260,32,31,31,421,307,163,145,209,86,217,181,121,72,31,192,179,46,31,31,205,204,13,31,31,233,149,59,91,99,41,118,68,39,77,31,77,77,31,31,31,86,86,31,31,31
2013thru2017,50,05000US48443,"Terrell County, Texas",48,443,345,265,4,0,0,0,0,0,0,0,0,0,0,0,0,0,0,0,4,4,0,0,0,20,0,0,0,0,0,0,0,0,0,0,4,4,0,0,0,15,15,0,0,0,50,30,10,0,0,15,0,0,0,0,0,10,10,0,0,0,10,10,0,0,0,90,20,15,4,0,0,40,25,15,0,0,15,10,0,4,0,15,15,0,0,0,95,45,35,10,0,0,15,15,0,0,0,20,20,0,0,0,15,15,0,0,0,80,0,0,0,0,0,0,0,0,0,0,0,0,0,0,0,0,0,0,0,0,0,20,15,15,0,0,0,0,0,0,0,0,0,0,0,0,0,4,4,0,0,0,10,4,4,0,0,0,4,0,4,0,0,0,0,0,0,0,0,0,0,0,0,30,15,0,4,10,0,4,4,0,0,0,4,4,0,0,0,10,10,0,0,0,15,4,0,4,0,0,4,4,0,0,0,0,0,0,0,0,4,4,0,0,0,74,68,14,13,13,13,13,13,13,13,13,13,13,13,13,13,13,13,14,14,13,13,13,24,13,13,13,13,13,13,13,13,13,13,11,11,13,13,13,22,22,13,13,13,37,31,20,13,13,28,13,13,13,13,13,14,14,13,13,13,14,14,13,13,13,48,25,24,10,13,13,34,25,25,13,13,15,13,13,5,13,17,17,13,13,13,48,33,29,16,13,13,24,24,13,13,13,27,27,13,13,13,14,14,13,13,13,45,13,13,13,13,13,13,13,13,13,13,13,13,13,13,13,13,13,13,13,13,13,26,24,24,13,13,13,13,13,13,13,13,13,13,13,13,13,14,14,13,13,13,15,8,8,13,13,13,12,13,12,13,13,13,13,13,13,13,13,13,13,13,13,31,27,13,11,25,13,1,1,13,13,13,13,13,13,13,13,15,15,13,13,13,15,6,13,6,13,13,5,5,13,13,13,13,13,13,13,13,17,17,13,13,13
2013thru2017,50,05000US48445,"Terry County, Texas",48,445,4140,2895,145,4,4,4,0,0,15,15,0,0,0,55,4,50,0,0,75,75,4,0,0,510,40,15,0,25,0,160,135,25,0,0,100,95,4,4,0,210,210,0,0,0,1255,120,75,25,10,10,235,225,10,0,0,195,170,25,0,0,710,710,0,0,0,750,210,115,40,50,0,235,170,65,0,0,55,55,0,0,0,255,255,0,0,0,230,45,25,4,0,15,55,55,0,0,0,20,20,0,0,0,115,115,0,0,0,1250,130,50,25,0,25,0,50,50,0,0,0,0,0,0,0,0,30,30,0,0,0,400,130,40,4,85,0,120,65,55,0,0,65,65,0,0,0,85,85,0,0,0,465,160,20,60,80,0,120,100,10,10,0,105,100,4,0,0,80,80,0,0,0,185,40,10,20,15,0,20,15,4,0,0,75,75,0,0,0,50,50,0,0,0,70,45,45,0,0,0,0,0,0,0,0,25,25,0,0,0,0,0,0,0,0,231,270,90,3,1,7,21,21,14,14,21,21,21,74,4,74,21,21,52,53,4,21,21,137,36,20,21,31,21,109,103,36,21,21,75,74,7,21,21,71,71,21,21,21,185,64,55,18,16,14,102,100,16,21,21,83,78,30,21,21,153,153,21,21,21,180,106,87,41,50,21,127,97,83,21,21,48,48,21,21,21,92,92,21,21,21,100,36,30,8,21,23,43,43,21,21,21,19,19,21,21,21,78,78,21,21,21,217,85,52,40,21,40,21,54,54,21,21,21,21,21,21,21,21,29,29,21,21,21,156,84,39,2,72,21,104,82,64,21,21,48,48,21,21,21,65,65,21,21,21,144,88,24,64,56,21,76,75,13,19,21,69,69,4,21,21,57,57,21,21,21,95,44,17,35,26,21,26,23,15,21,21,56,56,21,21,21,54,54,21,21,21,53,60,60,21,21,21,21,21,21,21,21,37,37,21,21,21,21,21,21,21,21
2013thru2017,50,05000US48447,"Throckmorton County, Texas",48,447,710,520,45,4,0,4,0,0,10,10,0,0,0,10,4,4,0,0,25,25,0,0,0,90,20,15,4,0,0,4,4,0,4,0,15,15,0,0,0,50,50,0,0,0,100,15,15,0,4,0,15,15,0,4,0,10,10,0,0,0,60,60,0,0,0,145,30,20,4,4,0,25,20,10,0,0,35,35,0,0,0,55,55,0,0,0,135,50,30,15,10,0,20,20,0,0,0,15,15,0,0,0,45,45,0,0,0,190,30,10,10,0,0,0,15,15,0,0,0,10,10,0,0,0,0,0,0,0,0,10,10,4,0,4,0,0,0,0,0,0,0,0,0,0,0,0,0,0,0,0,85,70,40,10,20,0,4,0,4,0,0,0,0,0,0,0,4,4,0,0,0,55,10,4,0,4,0,10,10,0,0,0,10,10,4,0,0,20,20,0,0,0,15,0,0,0,0,0,4,4,0,0,0,4,4,0,0,0,4,4,0,0,0,59,52,22,13,13,13,13,13,10,10,13,13,13,13,2,6,13,13,18,18,13,13,13,31,19,18,3,13,13,8,2,13,1,13,13,13,13,13,13,26,26,13,13,13,31,11,14,13,13,13,14,15,13,1,13,11,11,13,13,13,27,27,13,13,13,34,18,13,9,9,13,18,12,15,13,13,21,21,13,13,13,27,27,13,13,13,36,24,19,19,13,13,17,17,13,13,13,18,18,13,13,13,19,19,13,13,13,51,24,13,13,13,13,13,18,18,13,13,13,13,13,13,13,13,13,13,13,13,13,13,13,6,13,4,13,13,13,13,13,13,13,13,13,13,13,13,13,13,13,13,40,34,27,18,21,13,12,13,12,13,13,13,13,13,13,13,9,9,13,13,13,34,13,2,13,7,13,18,18,13,13,13,15,14,5,13,13,20,20,13,13,13,14,13,13,13,13,13,10,10,13,13,13,12,12,13,13,13,4,4,13,13,13
2013thru2017,50,05000US48449,"Titus County, Texas",48,449,10675,7165,1545,225,75,50,100,0,205,105,50,45,0,310,255,40,15,0,805,760,35,4,0,2795,385,130,85,115,55,395,315,60,20,0,695,590,105,0,0,1325,1275,35,15,0,1675,315,145,50,105,15,365,285,55,25,0,370,345,20,4,0,625,625,0,0,0,880,190,75,65,35,15,210,200,10,0,0,125,125,0,0,0,355,320,35,4,0,270,35,15,4,10,0,80,60,20,0,0,35,35,0,0,0,120,120,0,0,0,3510,780,230,35,95,100,0,220,75,115,25,0,225,225,0,0,0,100,100,0,0,0,1465,510,130,200,170,15,210,130,80,0,0,265,255,10,0,0,480,455,0,25,0,775,265,60,110,70,25,245,180,65,0,0,130,130,0,0,0,135,135,0,0,0,405,165,35,55,70,10,70,65,4,0,0,70,50,20,0,0,100,100,0,0,0,90,25,15,0,4,10,25,4,20,0,0,15,15,0,0,0,25,25,0,0,0,257,344,219,99,60,39,66,28,80,61,40,37,28,94,90,31,27,28,137,143,24,10,28,272,116,54,62,55,51,119,121,41,35,28,153,137,67,28,28,224,208,33,25,28,219,89,56,38,63,28,100,101,44,24,28,94,90,19,9,28,125,125,28,28,28,157,68,36,59,32,25,84,82,13,28,28,58,58,28,28,28,123,120,36,3,28,102,28,18,11,22,28,57,50,28,28,28,32,32,28,28,28,76,76,28,28,28,343,173,105,34,85,52,28,85,56,54,36,28,98,98,28,28,28,62,62,28,28,28,247,158,61,117,85,25,91,69,58,28,28,109,106,19,28,28,167,164,28,38,28,177,107,48,65,51,25,115,101,62,28,28,55,55,28,28,28,69,69,28,28,28,129,88,41,54,69,14,48,47,8,28,28,42,38,22,28,28,79,79,28,28,28,51,29,24,28,28,18,23,8,22,28,28,21,21,28,28,28,35,35,28,28,28
2013thru2017,50,05000US48451,"Tom Green County, Texas",48,451,43080,27170,4540,245,45,60,125,10,525,300,170,55,0,595,330,205,60,0,3175,2975,200,0,0,6840,640,240,115,265,15,845,510,215,120,0,1275,1015,225,35,0,4075,4030,45,0,0,7940,1095,335,260,400,95,1265,805,330,135,0,1670,1445,115,110,0,3910,3870,35,4,0,6455,1450,675,265,455,60,1450,1085,305,60,0,1555,1540,15,0,0,2000,1990,10,0,0,1395,235,130,70,20,20,255,130,100,25,0,265,265,0,0,0,640,640,0,0,0,15910,1730,380,100,100,180,0,450,295,155,0,0,230,165,65,0,0,670,640,25,0,0,4280,1505,205,435,745,120,1210,390,675,145,0,585,515,60,10,0,980,935,30,15,0,6750,2275,350,680,1070,180,1860,1040,765,55,0,1045,945,95,10,0,1565,1540,30,0,0,2655,925,185,260,460,15,750,485,265,0,0,520,440,80,0,0,460,460,0,0,0,500,250,50,25,155,20,85,70,15,0,0,35,25,10,0,0,130,105,25,0,0,610,654,386,101,38,46,70,20,154,116,111,43,31,166,121,91,68,31,350,358,138,31,31,468,133,93,61,92,24,193,120,102,127,31,234,197,116,51,31,392,394,41,31,31,558,215,109,100,134,62,231,173,140,80,31,294,238,68,100,31,389,390,25,15,31,497,278,189,110,170,43,280,223,145,40,31,271,271,19,31,31,248,247,21,31,31,187,82,68,46,27,22,104,58,66,43,31,103,103,31,31,31,157,157,31,31,31,732,302,137,60,61,100,31,175,158,95,31,31,130,112,61,31,31,236,232,41,31,31,496,289,102,161,211,105,294,142,238,107,31,166,154,34,20,31,251,250,30,24,31,647,411,125,245,245,109,371,251,220,66,31,283,267,67,18,31,386,385,41,31,31,368,258,93,135,202,23,179,148,115,31,31,180,152,71,31,31,175,175,31,31,31,154,114,47,27,105,27,59,54,18,31,31,27,24,14,31,31,71,58,37,31,31
2013thru2017,50,05000US48453,"Travis County, Texas",48,453,447560,234225,78430,6980,1145,1125,4205,500,8345,3455,3630,1260,0,13045,9165,3050,825,0,50060,46620,2945,490,0,81775,9905,2095,2295,4970,545,9355,4920,2985,1455,0,13755,10515,2725,510,0,48760,46005,2510,245,0,48065,7550,2045,1630,3440,430,6525,3790,1920,810,0,9105,7425,1360,315,0,24890,23395,1410,80,0,19935,2940,805,530,1330,270,2490,1490,650,355,0,3170,2360,630,180,0,11335,10395,785,155,0,6020,835,240,110,415,75,540,240,125,175,0,920,645,130,145,0,3725,3215,460,50,0,213335,61250,16525,1045,3465,10465,1550,11095,3455,6305,1335,0,13335,10035,3000,300,0,20295,19250,985,60,0,85240,28850,2235,7690,17105,1820,19365,8825,9330,1210,0,18690,15870,2740,80,0,18335,18170,165,0,0,51195,20905,2125,5875,11595,1310,11415,6075,4895,450,0,9080,7720,1255,105,0,9790,9525,250,20,0,11225,3670,465,870,2025,310,2320,1050,960,315,0,2180,1590,540,50,0,3050,3015,35,0,0,4425,1530,215,290,890,135,815,435,285,95,0,865,650,200,15,0,1215,1150,65,0,0,1720,2275,1747,620,281,261,504,190,690,491,543,241,31,944,792,422,233,31,1459,1471,349,154,31,1687,685,310,357,498,185,660,493,413,292,31,924,787,412,153,31,1396,1432,381,77,31,1048,587,286,244,498,151,514,395,281,190,31,543,496,242,126,31,951,951,237,53,31,778,322,165,160,199,149,317,255,179,123,31,347,306,173,69,31,583,539,171,75,31,447,186,106,66,132,60,152,97,62,97,31,198,165,65,72,31,343,287,174,33,31,2381,1897,1052,227,484,810,325,971,462,770,330,31,1001,939,413,126,31,1232,1187,253,62,31,2308,1582,353,800,1101,339,1145,716,838,254,31,1017,959,407,49,31,910,913,61,31,31,1282,992,352,528,702,314,675,520,535,142,31,684,647,234,81,31,724,696,135,32,31,780,417,134,226,291,140,334,214,182,125,31,290,271,166,40,31,391,389,27,31,31,525,319,119,143,236,99,191,164,108,73,31,262,241,126,21,31,311,307,53,31,31
2013thru2017,50,05000US48455,"Trinity County, Texas",48,455,5935,4615,875,90,15,4,65,0,75,60,20,0,0,215,180,25,10,0,490,470,15,4,0,1810,525,265,105,105,50,385,320,45,20,0,325,305,20,0,0,570,565,4,0,0,1190,425,310,15,85,15,200,145,45,10,0,285,260,10,15,0,280,260,25,0,0,395,60,45,0,20,0,95,70,15,10,0,100,95,4,0,0,140,140,0,0,0,350,135,60,55,15,4,55,35,20,0,0,65,65,0,0,0,95,95,0,0,0,1320,120,20,0,20,0,0,30,20,15,0,0,55,55,0,0,0,15,15,0,0,0,535,225,45,45,125,15,75,15,60,0,0,150,145,4,0,0,80,80,0,0,0,500,290,100,75,60,60,100,90,10,0,0,50,50,0,0,0,60,60,0,0,0,95,30,4,10,20,0,25,15,4,0,0,35,35,0,0,0,4,4,0,0,0,65,20,0,20,0,0,0,0,0,0,0,30,30,0,0,0,15,15,0,0,0,266,237,187,55,21,13,51,21,53,50,19,21,21,89,82,20,18,21,135,134,17,9,21,225,118,91,67,66,36,110,104,29,32,21,93,91,24,21,21,102,106,16,21,21,181,134,123,20,51,26,72,62,38,13,21,92,92,18,24,21,100,96,26,21,21,102,36,32,21,18,21,49,45,14,15,21,55,57,6,21,21,62,62,21,21,21,105,65,55,53,15,2,45,38,20,21,21,47,47,21,21,21,53,53,21,21,21,193,70,31,21,31,21,21,30,20,22,21,21,52,52,21,21,21,23,23,21,21,21,144,99,30,48,70,23,50,19,47,21,21,79,80,11,21,21,53,53,21,21,21,136,111,58,57,45,52,66,61,15,21,21,49,49,21,21,21,36,36,21,21,21,55,32,5,14,31,21,24,20,14,21,21,32,32,21,21,21,2,2,21,21,21,61,38,21,38,21,21,21,21,21,21,21,39,39,21,21,21,27,27,21,21,21
2013thru2017,50,05000US48457,"Tyler County, Texas",48,457,7310,6165,1285,235,135,40,35,20,245,215,30,4,0,250,205,45,0,0,560,555,4,0,0,2215,390,190,120,80,4,465,395,25,45,0,295,280,15,0,0,1065,1065,0,0,0,1885,340,110,50,135,50,370,325,45,0,0,355,355,0,0,0,815,805,15,0,0,475,155,50,80,25,0,70,65,4,0,0,70,70,0,0,0,175,175,0,0,0,305,110,20,60,25,0,4,4,0,0,0,15,15,0,0,0,175,175,0,0,0,1150,240,110,4,4,100,0,85,80,4,0,0,20,20,0,0,0,30,30,0,0,0,245,145,45,10,90,0,25,25,0,0,0,10,10,0,0,0,70,70,0,0,0,405,210,105,4,100,0,55,20,35,0,0,55,55,0,0,0,85,85,0,0,0,220,75,10,40,25,0,45,30,20,0,0,25,20,4,0,0,75,75,0,0,0,35,25,4,15,4,0,0,0,0,0,0,4,4,0,0,0,4,4,0,0,0,435,366,249,121,101,40,39,28,123,116,39,3,25,95,92,32,25,25,167,170,11,25,25,298,112,66,68,56,8,154,138,22,48,25,96,92,19,25,25,214,214,25,25,25,240,99,47,32,80,41,127,119,49,25,25,124,124,25,25,25,171,169,23,25,25,123,82,37,68,32,25,46,46,9,25,25,44,44,25,25,25,83,83,25,25,25,102,82,20,70,40,25,12,12,25,25,25,13,13,25,25,25,74,74,25,25,25,247,132,93,14,13,93,25,92,93,9,25,25,23,23,25,25,25,32,32,25,25,25,93,74,48,12,54,25,19,19,25,25,25,13,13,25,25,25,52,52,25,25,25,114,88,61,24,65,25,40,17,34,25,25,39,39,25,25,25,48,48,25,25,25,92,53,14,43,30,25,33,25,23,25,25,27,26,14,25,25,62,62,25,25,25,24,23,25,20,13,25,25,25,25,25,25,13,13,25,25,25,1,1,25,25,25
2013thru2017,50,05000US48459,"Upshur County, Texas",48,459,14060,10825,2590,260,70,75,95,15,310,140,175,0,0,515,375,120,20,0,1500,1435,70,0,0,3905,665,275,50,230,115,565,400,90,75,0,620,585,25,10,0,2055,2015,45,0,0,2650,435,120,125,190,0,535,490,40,4,0,465,445,25,0,0,1215,1210,4,0,0,1220,245,75,110,65,0,285,215,55,15,0,185,175,10,0,0,505,505,4,0,0,455,105,45,15,45,0,140,110,4,25,0,65,65,0,0,0,145,145,0,0,0,3240,525,155,95,25,35,0,230,115,115,0,0,65,65,0,0,0,80,80,0,0,0,1020,425,160,65,160,45,145,70,75,0,0,155,145,10,0,0,295,295,0,0,0,880,330,115,65,145,4,70,60,10,0,0,245,200,45,0,0,235,235,0,0,0,640,250,55,80,90,25,105,55,50,0,0,110,95,0,10,0,180,180,0,0,0,170,60,0,0,60,0,45,45,0,0,0,35,35,0,0,0,30,30,0,0,0,430,421,285,92,42,68,60,31,145,79,115,28,28,148,132,79,25,28,224,214,52,28,28,356,189,107,35,122,79,139,122,47,57,28,178,177,28,18,28,290,283,40,28,28,277,136,65,72,115,28,144,141,34,24,28,127,127,25,28,28,189,188,4,28,28,234,99,42,86,51,28,93,81,41,23,28,83,82,20,28,28,147,147,2,28,28,140,67,41,17,51,28,91,88,1,21,28,38,38,28,28,28,65,65,28,28,28,377,168,117,107,33,27,28,133,68,110,28,28,43,43,28,28,28,55,55,28,28,28,219,122,72,49,79,58,82,62,45,28,28,88,87,13,28,28,141,141,28,28,28,201,127,96,44,82,13,57,54,15,28,28,123,109,56,28,28,85,85,28,28,28,162,92,41,60,68,33,63,47,45,28,28,53,48,28,16,28,89,89,28,28,28,87,55,28,28,55,28,57,57,28,28,28,33,33,28,28,28,34,34,28,28,28
2013thru2017,50,05000US48461,"Upton County, Texas",48,461,1310,955,95,25,10,15,0,0,4,4,0,0,0,15,15,0,0,0,50,50,0,0,0,200,20,4,4,10,0,45,45,0,0,0,30,30,0,0,0,105,105,0,0,0,255,70,30,15,25,0,35,35,4,0,0,20,20,0,0,0,125,125,0,0,0,355,80,45,25,4,0,55,55,0,0,0,90,90,0,0,0,135,135,0,0,0,50,4,0,4,0,0,15,4,10,0,0,10,10,0,0,0,20,20,0,0,0,355,30,4,0,0,4,0,0,0,0,0,0,0,0,0,0,0,25,20,4,0,0,95,40,10,0,15,10,20,20,0,0,0,20,20,0,0,0,15,15,0,0,0,55,20,4,0,4,10,15,15,0,0,0,20,20,0,0,0,0,0,0,0,0,150,35,4,20,4,10,25,20,4,0,0,30,30,0,0,0,55,55,0,0,0,20,4,0,0,4,0,4,4,0,0,0,4,4,0,0,0,4,4,0,0,0,72,82,39,21,14,17,13,13,8,8,13,13,13,15,15,13,13,13,32,32,13,13,13,55,15,13,2,14,13,28,28,13,13,13,27,27,13,13,13,40,40,13,13,13,48,28,27,14,21,13,26,26,2,13,13,18,18,13,13,13,39,39,13,13,13,64,28,26,22,12,13,29,29,13,13,13,38,38,13,13,13,41,41,13,13,13,28,5,13,5,13,13,17,11,14,13,13,14,14,13,13,13,21,21,13,13,13,64,23,7,13,13,7,13,13,13,13,13,13,13,13,13,13,13,23,19,16,13,13,40,23,14,13,18,14,22,22,13,13,13,23,23,13,13,13,20,20,13,13,13,35,19,10,13,5,14,20,20,13,13,13,22,22,13,13,13,13,13,13,13,13,52,27,1,19,10,14,26,22,11,13,13,23,23,13,13,13,32,32,13,13,13,21,17,13,13,17,13,2,2,13,13,13,8,8,13,13,13,11,11,13,13,13
2013thru2017,50,05000US48463,"Uvalde County, Texas",48,463,8625,6285,1150,200,130,15,50,0,90,75,4,10,0,205,175,25,0,0,655,570,70,15,0,1675,365,115,65,165,20,320,285,40,0,0,255,255,0,0,0,735,725,10,0,0,1815,410,270,85,45,10,365,310,4,45,0,280,245,30,0,0,760,755,4,0,0,1190,340,205,125,10,0,295,220,40,30,0,285,285,0,0,0,270,270,0,0,0,455,105,75,30,0,0,75,25,50,0,0,110,110,0,0,0,165,165,0,0,0,2340,320,100,40,35,30,0,30,30,0,0,0,60,60,0,0,0,130,130,0,0,0,760,205,35,25,135,10,215,175,40,0,0,165,165,0,0,0,170,150,20,0,0,800,425,155,120,135,10,175,50,125,0,0,95,95,0,0,0,105,105,0,0,0,285,150,25,30,100,0,55,55,0,0,0,45,45,0,0,0,35,35,0,0,0,175,80,45,25,10,0,15,15,0,0,0,15,15,0,0,0,60,60,0,0,0,353,337,230,114,97,30,60,25,56,53,7,16,25,96,93,29,25,25,196,185,51,25,25,295,144,65,52,121,32,162,146,61,25,25,117,117,25,25,25,174,172,16,25,25,280,143,108,66,40,21,158,147,15,54,25,97,93,35,25,25,206,206,7,25,25,219,120,87,81,16,25,144,114,54,46,25,126,126,25,25,25,112,112,25,25,25,137,68,60,45,25,25,78,41,67,25,25,77,77,25,25,25,79,79,25,25,25,352,114,62,48,40,35,25,42,42,25,25,25,51,51,25,25,25,75,75,25,25,25,260,139,36,30,137,19,146,133,44,25,25,112,112,25,25,25,138,136,31,25,25,226,188,125,96,73,19,125,49,119,25,25,73,73,25,25,25,89,89,25,25,25,107,80,28,31,67,25,57,57,25,25,25,46,46,25,25,25,27,27,25,25,25,90,51,37,31,16,25,28,28,25,25,25,22,22,25,25,25,68,68,25,25,25
2013thru2017,50,05000US48465,"Val Verde County, Texas",48,465,15190,9590,2245,360,65,100,190,4,335,230,95,10,0,370,345,20,0,0,1185,1145,35,0,0,2935,600,330,115,145,15,445,395,35,20,0,440,375,65,0,0,1445,1415,35,0,0,2560,575,270,110,165,30,350,300,45,4,0,510,455,60,0,0,1120,1120,0,0,0,1340,420,230,110,80,0,205,190,15,0,0,235,235,0,0,0,475,475,0,0,0,510,80,65,0,15,0,85,50,35,0,0,125,125,0,0,0,220,220,0,0,0,5595,735,235,70,100,25,40,90,70,20,0,0,130,120,10,0,0,280,280,0,0,0,1580,590,90,290,175,35,430,275,140,15,0,205,145,60,0,0,355,355,0,0,0,2115,730,170,185,275,100,595,430,165,0,0,385,340,45,0,0,405,395,15,0,0,975,385,155,75,155,0,205,130,60,15,0,145,145,0,0,0,240,240,0,0,0,185,130,30,10,80,10,30,30,0,0,0,15,15,0,0,0,10,10,0,0,0,418,422,329,139,83,65,102,28,146,114,87,21,28,144,143,22,28,28,228,231,42,28,28,359,172,129,80,87,22,155,147,37,38,28,150,143,67,28,28,262,263,33,28,28,330,151,94,63,78,47,127,117,57,8,28,146,131,57,28,28,232,232,28,28,28,205,121,109,57,51,28,91,90,21,28,28,107,107,28,28,28,129,129,28,28,28,127,64,53,28,26,28,58,41,40,28,28,65,65,28,28,28,102,102,28,28,28,468,210,115,63,75,32,65,58,47,35,28,28,93,89,21,28,28,141,141,28,28,28,320,169,59,134,71,38,180,184,81,23,28,105,92,61,28,28,136,136,28,28,28,322,205,87,99,131,106,202,177,118,28,28,180,170,44,28,28,170,171,24,28,28,253,173,114,70,132,28,115,100,56,23,28,84,84,28,28,28,97,97,28,28,28,93,92,29,13,87,16,38,38,28,28,28,31,31,28,28,28,14,14,28,28,28
2013thru2017,50,05000US48467,"Van Zandt County, Texas",48,467,19355,14925,3745,330,105,105,90,30,415,280,100,35,0,660,540,95,25,0,2340,2185,140,15,0,5215,895,375,205,295,20,970,710,205,60,0,980,730,150,95,0,2370,2330,40,0,0,4440,880,365,210,265,40,1020,810,150,60,0,715,610,50,60,0,1825,1790,35,0,0,1125,220,80,40,65,35,290,260,30,0,0,220,205,15,0,0,390,365,25,0,0,400,110,90,15,4,0,40,15,25,0,0,90,90,4,0,0,155,155,0,0,0,4430,930,200,55,90,55,0,135,35,100,0,0,260,205,60,0,0,335,335,0,0,0,1205,530,180,110,210,25,215,140,65,10,0,245,200,45,0,0,220,220,0,0,0,1575,640,180,170,260,30,200,105,95,0,0,340,335,4,0,0,400,400,0,0,0,490,175,20,65,85,10,75,70,4,4,0,145,140,4,0,0,95,95,0,0,0,225,70,40,4,25,4,25,10,15,0,0,10,10,0,0,0,115,115,0,0,0,436,448,376,111,55,77,53,27,113,99,63,40,31,165,153,66,22,31,317,306,90,23,31,397,205,139,103,82,30,183,163,83,70,31,172,156,86,80,31,277,276,42,31,31,361,174,95,77,108,38,230,237,68,40,31,168,150,35,49,31,231,227,28,31,31,187,91,51,31,59,30,129,128,40,31,31,81,78,24,31,31,109,106,27,31,31,108,51,47,26,31,31,25,12,23,31,31,55,56,5,31,31,71,71,31,31,31,334,227,99,44,85,40,31,101,33,98,31,31,111,103,48,31,31,184,184,31,31,31,202,125,77,58,93,29,81,60,49,17,31,108,104,30,31,31,99,99,31,31,31,264,174,98,65,120,24,81,62,51,31,31,111,112,4,31,31,130,130,31,31,31,138,69,27,46,51,13,57,58,2,5,31,90,89,5,31,31,61,61,31,31,31,103,47,35,1,31,31,30,20,20,31,31,21,21,31,31,31,93,93,31,31,31
2013thru2017,50,05000US48469,"Victoria County, Texas",48,469,32735,21460,3180,335,120,80,110,25,195,120,30,50,0,475,365,95,10,0,2175,2010,135,30,0,6830,740,270,25,345,100,730,430,190,110,0,1030,775,250,4,0,4325,4215,110,0,0,6835,1010,265,335,350,55,1015,760,255,0,0,1240,1000,225,15,0,3570,3535,4,30,0,3490,605,285,165,130,30,750,445,275,30,0,695,650,35,10,0,1440,1435,4,0,0,1120,170,75,35,60,0,205,165,30,10,0,200,185,0,15,0,545,545,0,0,0,11275,1640,575,55,165,320,35,290,160,120,15,0,225,200,25,0,0,550,550,0,0,0,3505,960,160,215,510,75,815,250,450,115,0,665,530,115,20,0,1060,1015,45,0,0,3495,1170,235,410,495,30,605,325,265,15,0,725,705,25,0,0,990,985,4,0,0,2190,855,140,290,420,4,440,250,195,0,0,460,350,110,0,0,430,430,0,0,0,450,175,25,55,95,0,100,70,25,4,0,35,35,0,0,0,140,140,0,0,0,465,580,316,119,84,52,69,35,79,65,30,40,31,138,120,51,16,31,285,282,64,30,31,454,197,113,23,149,69,173,144,69,73,31,214,188,119,7,31,424,414,70,31,31,450,209,96,161,139,41,181,145,114,31,31,275,202,120,21,31,371,371,7,36,31,319,120,82,79,56,29,161,124,114,39,31,148,145,35,15,31,221,219,7,31,31,204,55,39,27,35,31,84,80,30,14,31,90,85,31,30,31,127,127,31,31,31,614,335,180,54,111,136,51,123,113,64,22,31,112,107,30,31,31,166,166,31,31,31,398,187,92,95,163,55,206,96,150,90,31,190,157,88,32,31,261,253,61,31,31,434,224,116,121,172,25,174,129,118,24,31,195,197,22,31,31,235,231,9,31,31,325,198,102,132,152,10,173,112,121,31,31,171,140,79,31,31,153,153,31,31,31,165,86,31,52,60,31,81,72,32,16,31,32,32,31,31,31,108,108,31,31,31
2013thru2017,50,05000US48471,"Walker County, Texas",48,471,21295,11240,2810,410,240,55,90,25,295,210,50,35,0,420,375,50,0,0,1690,1480,205,0,0,4660,890,470,125,225,65,805,670,110,25,0,885,705,160,20,0,2075,2005,70,0,0,2740,470,195,95,130,50,495,435,55,4,0,490,490,0,0,0,1290,1255,35,0,0,770,165,70,40,55,0,120,120,0,0,0,175,175,0,0,0,315,315,0,0,0,260,50,15,0,35,0,25,25,0,0,0,80,80,0,0,0,105,105,0,0,0,10055,3210,1695,20,280,1020,375,575,345,125,105,0,585,585,0,0,0,355,355,0,0,0,4340,2445,130,415,1095,805,695,395,230,70,0,525,475,15,40,0,675,675,0,0,0,2040,870,140,240,455,40,430,285,145,0,0,545,545,0,0,0,190,190,0,0,0,360,175,45,60,10,60,55,15,40,0,0,65,55,10,0,0,70,70,0,0,0,100,90,30,0,60,0,10,0,0,10,0,4,4,0,0,0,0,0,0,0,0,876,635,403,158,130,52,60,39,105,99,38,40,31,141,133,55,31,31,347,329,106,31,31,559,269,203,66,129,57,250,214,83,34,31,214,191,100,29,31,389,373,78,31,31,286,172,116,57,88,37,160,148,43,4,31,136,136,31,31,31,249,241,42,31,31,193,94,48,40,61,31,76,76,31,31,31,79,79,31,31,31,138,138,31,31,31,119,59,23,31,50,31,32,32,31,31,31,68,68,31,31,31,65,65,31,31,31,686,445,380,24,168,260,202,232,192,85,96,31,201,201,31,31,31,144,144,31,31,31,532,405,95,160,317,249,230,170,117,82,31,210,186,25,61,31,248,248,31,31,31,383,277,83,112,227,49,220,177,125,31,31,213,213,31,31,31,85,85,31,31,31,154,115,45,77,14,76,51,26,46,31,31,52,50,18,31,31,64,64,31,31,31,78,76,33,31,68,31,14,31,31,14,31,3,3,31,31,31,31,31,31,31,31
2013thru2017,50,05000US48473,"Waller County, Texas",48,473,14700,10085,3960,445,60,165,215,4,385,260,95,25,0,950,715,205,30,0,2180,2080,75,25,0,3565,740,300,165,275,0,825,720,75,30,0,625,540,85,4,0,1375,1355,15,4,0,1560,315,70,120,120,0,310,255,25,30,0,340,260,70,4,0,595,570,25,0,0,535,145,55,30,65,0,45,45,4,0,0,60,60,0,0,0,280,280,0,0,0,465,105,15,4,65,20,95,95,0,0,0,60,60,0,0,0,210,210,0,0,0,4615,1200,715,20,245,410,45,255,230,20,4,0,125,125,0,0,0,105,105,0,0,0,1610,880,160,270,415,35,265,230,10,20,0,175,175,0,0,0,295,295,0,0,0,1245,430,85,35,265,45,535,350,185,4,0,150,150,0,0,0,130,130,0,0,0,460,150,4,70,75,0,170,45,125,0,0,75,75,0,0,0,65,65,0,0,0,100,40,20,20,0,0,20,20,0,0,0,4,4,0,0,0,35,35,0,0,0,627,417,398,153,63,103,101,4,138,117,67,27,28,240,220,102,28,28,310,302,41,28,28,378,248,147,99,153,28,271,267,54,27,28,185,174,81,9,28,233,237,17,28,28,265,138,58,99,73,28,146,134,31,44,28,160,137,74,10,28,145,142,27,28,28,155,84,48,34,59,28,33,34,4,28,28,45,45,28,28,28,128,128,28,28,28,174,99,24,5,84,35,101,101,28,28,28,69,69,28,28,28,103,103,28,28,28,604,410,341,22,202,258,53,163,158,25,13,28,105,105,28,28,28,92,92,28,28,28,350,278,81,151,160,41,138,127,22,42,28,92,92,28,28,28,155,155,28,28,28,362,223,58,41,198,57,244,204,171,4,28,112,112,28,28,28,111,111,28,28,28,160,85,2,66,58,28,106,50,93,28,28,71,71,28,28,28,69,69,28,28,28,83,46,32,37,28,28,40,40,28,28,28,8,8,28,28,28,46,46,28,28,28
2013thru2017,50,05000US48475,"Ward County, Texas",48,475,3955,2765,265,35,10,15,10,0,4,0,4,0,0,20,20,0,0,0,210,210,0,0,0,375,75,20,10,50,0,35,35,0,0,0,25,15,10,0,0,235,230,4,0,0,1025,215,80,115,20,4,115,115,0,0,0,250,250,0,0,0,445,445,0,0,0,1010,245,130,35,60,20,105,85,15,10,0,165,165,0,0,0,490,480,4,0,0,100,45,10,35,0,0,0,0,0,0,0,20,20,0,0,0,35,35,0,0,0,1185,60,10,0,0,4,10,0,0,0,0,0,4,0,4,0,0,45,45,0,0,0,385,135,35,0,100,0,4,4,4,0,0,30,30,0,0,0,215,215,0,0,0,380,125,50,30,45,0,4,4,0,0,0,65,65,0,0,0,185,185,0,0,0,345,70,20,4,50,0,85,70,20,0,0,70,70,0,0,0,120,120,0,0,0,15,4,4,0,4,0,15,15,0,0,0,0,0,0,0,0,0,0,0,0,0,155,158,65,24,13,20,18,21,4,21,4,21,21,15,15,21,21,21,69,69,21,21,21,91,49,19,14,45,21,29,29,21,21,21,21,19,14,21,21,74,73,15,21,21,174,81,32,75,20,4,49,49,21,21,21,92,92,21,21,21,106,106,21,21,21,127,84,54,30,49,27,40,40,24,15,21,90,90,21,21,21,95,96,13,21,21,54,44,11,44,21,21,21,21,21,21,21,26,26,21,21,21,34,34,21,21,21,175,49,18,21,21,3,16,21,21,21,21,21,7,21,7,21,21,45,45,21,21,21,120,80,36,21,75,21,5,1,3,21,21,46,46,21,21,21,88,88,21,21,21,129,54,36,31,35,21,12,12,21,21,21,49,49,21,21,21,97,97,21,21,21,115,48,17,3,44,21,69,66,30,21,21,53,53,21,21,21,54,54,21,21,21,26,2,21,21,4,21,24,24,21,21,21,21,21,21,21,21,21,21,21,21,21
2013thru2017,50,05000US48477,"Washington County, Texas",48,477,12205,9400,2325,270,55,60,75,80,205,150,55,0,0,315,245,70,0,0,1540,1395,140,0,0,3090,715,285,145,240,45,555,420,120,15,0,510,420,70,20,0,1315,1260,55,0,0,2245,340,115,90,115,25,365,325,25,15,0,600,560,35,10,0,940,930,4,0,0,1025,215,35,95,55,30,190,160,0,30,0,140,125,20,0,0,480,480,0,0,0,710,85,30,55,0,0,100,95,4,0,0,180,160,20,0,0,345,345,0,0,0,2805,240,40,0,0,40,0,20,15,4,0,0,15,15,0,0,0,165,165,0,0,0,1300,530,85,220,135,95,350,250,65,35,0,160,160,0,0,0,260,260,0,0,0,750,390,70,95,210,15,120,75,45,0,0,140,140,0,0,0,95,95,0,0,0,305,45,10,15,15,0,105,75,35,0,0,90,65,25,0,0,60,60,0,0,0,220,115,20,45,50,0,10,0,10,0,0,35,35,0,0,0,55,55,0,0,0,621,477,326,113,32,59,67,87,109,76,67,28,28,125,101,69,28,28,277,261,109,28,28,334,194,123,97,120,50,172,155,81,26,28,143,136,45,36,28,262,251,58,28,28,248,109,76,57,65,28,145,157,32,24,28,201,187,40,16,28,207,206,13,28,28,243,130,39,93,56,35,110,99,28,36,28,67,64,31,28,28,186,186,28,28,28,159,54,29,48,28,28,52,52,10,28,28,91,86,34,28,28,129,129,28,28,28,390,106,41,28,28,41,28,30,31,5,28,28,23,23,28,28,28,113,113,28,28,28,239,228,55,175,77,97,171,149,89,40,28,102,102,28,28,28,137,137,28,28,28,224,139,56,74,108,24,92,66,55,28,28,104,104,28,28,28,76,76,28,28,28,130,38,19,27,23,28,95,86,39,28,28,65,62,38,28,28,53,53,28,28,28,102,60,21,47,50,28,16,28,16,28,28,45,45,28,28,28,61,61,28,28,28
2013thru2017,50,05000US48479,"Webb County, Texas",48,479,72380,45600,15200,2255,355,385,1300,215,1930,840,710,380,0,2440,1570,830,40,0,8570,7845,620,105,0,19080,4955,1390,1335,1710,520,3095,1940,960,190,0,3485,3050,385,50,0,7550,7230,290,30,0,7155,1970,690,465,695,115,1295,1065,170,60,0,1365,1165,160,40,0,2525,2480,4,40,0,3195,1060,495,190,275,100,645,505,75,65,0,545,500,45,0,0,940,925,20,0,0,975,315,145,45,125,0,170,80,70,15,0,250,240,0,10,0,235,225,10,0,0,26780,7565,2960,235,640,1520,565,1375,490,725,160,0,1375,1160,165,50,0,1855,1800,55,0,0,9590,5025,800,895,2385,945,1910,1040,760,110,0,1295,885,310,100,0,1360,1320,40,0,0,6235,3705,510,1050,1305,840,1160,595,535,30,0,740,710,30,0,0,630,605,25,0,0,2465,1435,250,300,605,280,630,465,160,10,0,165,155,10,0,0,235,230,4,0,0,920,670,265,160,140,105,100,85,20,0,0,45,45,0,0,0,110,110,0,0,0,562,923,679,295,120,129,229,94,308,192,163,155,31,348,259,256,43,31,610,595,197,92,31,689,462,246,277,314,183,390,275,258,108,31,391,356,150,43,31,514,528,147,36,31,405,237,140,111,164,68,195,179,78,57,31,198,170,74,41,31,245,242,12,52,31,300,155,108,91,98,62,158,139,45,49,31,150,144,44,31,31,176,172,23,31,31,202,120,75,36,83,31,81,47,55,25,31,89,87,31,14,31,89,88,14,31,31,891,623,410,94,225,321,194,303,177,216,113,31,289,259,82,64,31,341,330,60,31,31,658,522,222,186,356,215,263,203,172,99,31,280,201,181,80,31,228,225,41,31,31,473,345,120,191,226,215,234,150,158,38,31,173,171,31,31,31,169,163,37,31,31,285,224,84,90,171,94,154,139,84,13,31,64,63,13,31,31,112,111,10,31,31,185,152,113,75,72,56,56,54,18,31,31,37,37,31,31,31,71,71,31,31,31
2013thru2017,50,05000US48481,"Wharton County, Texas",48,481,15225,10270,1830,240,100,10,125,0,275,145,85,40,0,200,155,40,10,0,1115,990,125,0,0,2380,355,200,55,95,4,200,180,15,4,0,395,320,75,0,0,1430,1410,20,0,0,3075,580,155,180,245,4,495,350,110,40,0,640,535,80,25,0,1360,1355,4,0,0,2335,555,120,135,295,4,300,250,25,20,0,355,350,4,0,0,1125,1110,15,0,0,650,65,40,10,15,0,125,115,4,0,0,260,225,35,0,0,200,195,4,0,0,4955,540,215,15,90,105,4,105,70,35,0,0,165,165,0,0,0,55,55,0,0,0,1445,710,275,130,260,45,255,150,105,0,0,245,245,0,0,0,235,235,0,0,0,1335,500,165,95,235,4,220,170,50,0,0,270,240,30,0,0,345,345,0,0,0,1285,370,145,15,200,10,270,155,65,50,0,310,310,0,0,0,335,335,0,0,0,345,55,20,30,4,0,80,70,10,0,0,125,125,0,0,0,85,85,0,0,0,376,430,263,115,72,16,88,28,121,78,77,50,28,81,81,40,14,28,213,191,95,28,28,295,150,122,49,72,11,99,94,22,14,28,205,140,86,28,28,228,226,37,28,28,357,163,74,116,94,3,156,114,64,60,28,155,136,54,41,28,217,217,9,28,28,245,159,67,80,138,9,89,86,27,30,28,109,106,18,28,28,180,179,24,28,28,179,51,46,16,17,28,71,70,15,28,28,121,111,54,28,28,92,93,10,28,28,510,161,82,19,58,72,16,66,56,36,28,28,118,118,28,28,28,40,40,28,28,28,283,205,143,78,118,39,122,81,78,28,28,135,135,28,28,28,87,87,28,28,28,241,147,98,59,106,28,95,82,45,28,28,115,115,33,28,28,159,159,28,28,28,259,150,88,19,112,16,134,105,67,69,28,123,123,28,28,28,154,154,28,28,28,140,42,26,31,7,28,49,51,14,28,28,100,100,28,28,28,49,49,28,28,28
2013thru2017,50,05000US48483,"Wheeler County, Texas",48,483,2285,1460,175,10,4,0,4,0,15,4,4,10,0,15,10,0,4,0,135,120,20,0,0,235,40,20,10,10,0,10,10,0,0,0,55,55,0,0,0,130,115,0,15,0,360,30,15,4,0,15,50,35,4,10,0,95,95,0,0,0,180,180,0,0,0,455,95,50,15,30,0,65,60,4,0,0,70,55,15,0,0,225,225,0,0,0,235,20,15,4,4,0,45,45,0,0,0,65,65,0,0,0,105,105,0,0,0,825,65,20,0,0,20,0,10,4,0,4,0,30,20,10,0,0,4,4,0,0,0,200,85,30,20,35,0,20,15,4,0,0,30,30,0,0,0,65,65,0,0,0,230,75,30,4,40,0,60,60,0,0,0,55,55,0,0,0,45,45,0,0,0,220,55,35,10,10,0,45,45,0,0,0,45,45,0,0,0,75,75,0,0,0,105,10,10,0,0,0,10,10,0,0,0,30,30,0,0,0,55,55,0,0,0,86,115,56,13,10,19,8,19,16,9,19,15,19,16,14,19,19,19,50,48,22,19,19,62,28,19,19,12,19,16,16,19,19,19,31,31,19,19,19,46,42,19,23,19,76,27,13,6,19,23,29,20,19,19,19,54,54,19,19,19,54,54,19,19,19,93,34,29,16,21,19,25,23,9,19,19,36,29,18,19,19,68,68,19,19,19,70,14,13,3,3,19,34,34,19,19,19,31,31,19,19,19,49,49,19,19,19,99,34,20,19,19,20,19,13,9,19,3,19,25,22,13,19,19,13,13,19,19,19,62,45,26,21,31,19,19,18,8,19,19,30,30,19,19,19,36,36,19,19,19,77,43,21,10,38,19,55,55,19,19,19,47,47,19,19,19,27,27,19,19,19,65,32,30,13,14,19,29,29,19,19,19,35,35,19,19,19,40,40,19,19,19,44,14,14,19,19,19,14,14,19,19,19,28,28,19,19,19,39,39,19,19,19
2013thru2017,50,05000US48485,"Wichita County, Texas",48,485,48530,29760,3170,255,100,105,35,15,250,150,55,50,0,460,270,120,70,0,2205,2015,190,0,0,6895,825,165,85,515,60,795,485,245,65,0,1090,805,265,20,0,4185,3955,205,25,0,9640,1330,310,480,480,65,1205,830,315,55,0,1920,1700,200,15,0,5185,5090,70,25,0,7275,1605,450,505,530,115,1400,1140,240,25,0,1565,1480,65,15,0,2705,2640,55,10,0,2780,800,355,165,265,10,455,355,85,15,0,490,470,20,0,0,1035,995,10,30,0,18770,2630,880,125,180,555,20,495,125,250,120,0,510,370,140,4,0,745,730,15,0,0,4245,1375,205,295,790,80,970,450,410,110,0,835,635,135,60,0,1065,1010,50,10,0,6390,2380,440,565,1225,150,1355,530,775,50,0,1360,1155,175,30,0,1300,1265,0,35,0,3980,1655,335,335,865,120,985,590,395,0,0,690,635,55,0,0,655,655,0,0,0,1520,680,135,185,310,55,220,155,40,20,0,240,235,4,0,0,380,380,0,0,0,833,580,328,102,72,70,29,16,89,69,41,46,31,132,110,57,69,31,304,281,114,31,31,403,196,74,57,176,45,159,132,110,50,31,170,143,108,24,31,365,378,99,30,31,483,227,113,173,131,69,207,158,122,43,31,315,283,95,28,31,326,331,39,18,31,443,318,110,171,160,78,227,210,105,22,31,260,250,52,20,31,307,295,56,14,31,264,158,99,73,107,20,115,105,47,28,31,116,116,25,31,31,162,161,13,28,31,846,396,200,68,80,164,31,174,90,105,112,31,202,159,77,4,31,229,225,20,31,31,497,252,98,106,216,46,260,181,171,75,31,246,215,114,51,31,256,245,40,14,31,549,352,150,222,205,95,284,172,231,39,31,235,213,86,46,31,279,272,31,48,31,450,264,113,135,206,60,220,180,147,31,31,169,161,47,31,31,182,182,31,31,31,255,185,80,104,123,39,90,68,36,31,31,91,93,14,31,31,128,128,31,31,31
2013thru2017,50,05000US48487,"Wilbarger County, Texas",48,487,5155,3345,205,30,25,0,4,0,50,4,35,10,0,4,4,0,4,0,125,100,25,0,0,560,155,25,65,65,0,45,15,30,0,0,40,40,0,0,0,320,320,0,0,0,1045,200,20,125,55,4,165,145,20,0,0,180,180,0,0,0,500,480,15,0,0,955,280,130,40,90,20,150,150,0,0,0,185,185,4,0,0,340,340,0,0,0,575,65,25,4,15,20,100,65,40,0,0,130,130,0,0,0,280,280,0,0,0,1810,210,150,90,30,30,0,35,35,0,0,0,0,0,0,0,0,20,20,0,0,0,220,80,25,20,30,4,80,70,10,0,0,10,10,0,0,0,50,45,4,0,0,585,185,25,100,45,20,75,65,0,10,0,110,100,15,0,0,215,215,0,0,0,430,150,105,4,25,15,30,30,0,0,0,185,185,0,0,0,70,70,0,0,0,365,65,10,40,20,0,105,65,40,0,0,10,10,0,0,0,185,185,0,0,0,228,236,90,37,38,21,12,21,41,3,40,18,21,1,8,21,3,21,67,51,41,21,21,165,101,49,67,65,21,46,14,44,21,21,23,23,21,21,21,108,108,21,21,21,189,107,20,82,58,4,99,95,28,21,21,93,93,21,21,21,150,153,28,21,21,203,120,96,35,64,30,86,86,21,21,21,86,87,3,21,21,116,116,21,21,21,167,51,35,16,28,24,56,36,44,21,21,89,89,21,21,21,129,129,21,21,21,259,99,85,64,37,44,21,45,45,21,21,21,21,21,21,21,21,35,35,21,21,21,95,59,21,33,41,6,72,72,13,21,21,13,13,21,21,21,50,50,10,21,21,137,90,32,70,35,31,48,47,21,14,21,71,68,21,21,21,93,93,21,21,21,157,92,85,8,27,24,46,46,21,21,21,123,123,21,21,21,37,37,21,21,21,140,52,23,39,34,21,100,62,66,21,21,16,16,21,21,21,95,95,21,21,21
2013thru2017,50,05000US48489,"Willacy County, Texas",48,489,5735,4465,705,300,185,15,50,50,100,50,45,4,0,85,70,15,0,0,220,220,0,0,0,1155,380,140,100,65,80,260,165,90,0,0,245,245,0,0,0,270,270,0,0,0,1670,795,355,135,175,135,190,190,0,0,0,205,205,0,0,0,480,470,10,0,0,755,255,135,50,25,45,145,115,25,0,0,95,95,0,0,0,260,260,0,0,0,180,110,50,0,15,40,30,30,0,0,0,10,10,0,0,0,30,30,0,0,0,1270,290,170,70,0,100,0,25,20,4,0,0,40,40,0,0,0,55,55,0,0,0,310,240,80,70,55,35,25,25,0,0,0,10,10,0,0,0,30,30,0,0,0,265,130,60,35,10,25,40,20,20,0,0,10,10,0,0,0,85,85,0,0,0,360,140,20,25,80,15,135,135,0,0,0,10,10,0,0,0,80,80,0,0,0,45,30,30,0,0,0,10,0,10,0,0,0,0,0,0,0,4,4,0,0,0,183,249,131,95,89,18,38,36,60,37,51,14,25,41,39,23,25,25,77,77,25,25,25,172,98,48,52,46,55,93,63,62,25,25,100,100,25,25,25,103,103,25,25,25,234,192,111,72,139,67,91,91,25,25,25,89,89,25,25,25,138,139,15,25,25,157,89,63,36,29,40,63,53,30,25,25,47,47,25,25,25,103,103,25,25,25,86,71,39,25,16,55,33,33,25,25,25,13,13,25,25,25,26,26,25,25,25,207,124,111,68,25,74,25,34,34,3,25,25,56,56,25,25,25,51,51,25,25,25,98,92,47,53,52,46,29,29,25,25,25,19,19,25,25,25,27,27,25,25,25,102,69,41,37,20,31,35,29,26,25,25,14,14,25,25,25,68,68,25,25,25,166,91,19,31,80,32,87,87,25,25,25,14,14,25,25,25,96,96,25,25,25,30,24,24,25,25,25,19,25,19,25,25,25,25,25,25,25,25,25,25,25,25
2013thru2017,50,05000US48491,"Williamson County, Texas",48,491,170050,117210,58520,4790,810,1040,2520,415,6150,2425,2820,905,0,11035,8520,2240,275,0,36545,34935,1535,70,0,44165,4390,1175,940,2075,195,5795,3165,2150,475,0,9305,7965,1260,80,0,24675,24235,385,55,0,10535,1630,425,380,690,135,1670,1180,365,125,0,2450,2130,270,50,0,4785,4705,80,0,0,2135,375,210,85,70,10,550,450,20,80,0,540,485,55,0,0,670,670,0,0,0,1855,290,130,50,95,15,380,275,50,50,0,465,400,60,4,0,725,710,15,0,0,52840,23095,4930,295,1330,3055,250,4875,1830,2565,475,0,6135,5100,980,60,0,7155,7025,115,20,0,22220,6805,770,2675,3125,240,5640,2445,2780,420,0,5490,4965,490,35,0,4285,4255,30,0,0,5405,2465,350,1050,910,155,915,540,315,55,0,1105,1015,70,25,0,920,890,30,0,0,1300,575,165,180,225,4,250,140,110,0,0,330,260,70,0,0,150,150,0,0,0,815,305,75,110,115,4,315,155,85,75,0,85,85,0,0,0,110,110,0,0,0,1055,1371,1108,485,191,212,361,172,526,283,372,195,31,676,608,292,112,31,1030,992,230,49,31,1098,450,267,222,286,103,484,304,349,146,31,676,600,256,50,31,862,857,130,43,31,549,263,96,126,179,98,272,190,135,89,31,305,278,109,48,31,392,370,66,31,31,257,97,83,51,42,13,181,126,25,120,31,133,115,51,31,31,150,150,31,31,31,254,76,54,42,47,24,91,81,41,42,31,164,140,66,4,31,134,133,27,31,31,1306,975,532,158,286,430,134,528,326,357,190,31,543,511,225,39,31,541,548,65,22,31,890,642,245,457,377,121,567,398,384,163,31,534,518,145,58,31,459,460,32,31,31,465,387,125,258,244,123,206,152,98,86,31,272,269,47,30,31,200,200,36,31,31,271,173,89,78,126,31,123,66,104,31,31,140,119,79,31,31,77,77,31,31,31,179,99,48,76,61,16,148,83,103,93,31,52,52,31,31,31,68,68,31,31,31
2013thru2017,50,05000US48493,"Wilson County, Texas",48,493,15755,13155,5515,635,220,160,250,4,590,345,105,140,0,835,580,230,25,0,3455,3280,170,4,0,5025,765,375,40,340,10,640,495,120,20,0,775,685,90,0,0,2845,2735,95,15,0,1495,365,215,90,50,15,325,310,15,0,0,260,215,35,10,0,545,535,10,0,0,690,240,135,50,30,25,95,40,45,4,0,100,90,10,0,0,260,250,10,0,0,430,115,50,10,50,4,30,30,0,0,0,50,50,0,0,0,230,230,0,0,0,2600,630,165,40,30,70,25,85,55,30,0,0,160,110,50,0,0,220,220,0,0,0,1060,340,145,105,85,4,215,135,80,0,0,225,225,0,0,0,285,285,0,0,0,550,260,65,115,65,10,95,85,10,0,0,110,110,0,0,0,85,85,0,0,0,245,30,15,10,4,0,30,4,30,0,0,25,25,0,0,0,160,160,0,0,0,115,85,30,35,20,0,10,4,0,4,0,4,4,0,0,0,10,10,0,0,0,265,311,408,175,120,98,104,14,155,127,59,89,28,182,153,115,26,28,287,290,78,28,28,409,190,130,27,125,16,155,143,67,27,28,179,168,66,28,28,291,294,79,24,28,203,107,83,64,35,18,94,94,19,28,28,71,71,26,14,28,138,137,15,28,28,162,93,78,38,30,30,58,30,48,11,28,63,59,16,28,28,95,95,13,28,28,128,76,52,13,49,4,25,25,28,28,28,38,38,28,28,28,92,92,28,28,28,276,137,68,39,34,48,22,57,45,54,28,28,94,71,69,28,28,95,95,28,28,28,208,126,87,85,51,13,105,82,63,28,28,87,87,28,28,28,99,99,28,28,28,131,87,36,66,39,22,53,50,17,28,28,71,71,28,28,28,46,46,28,28,28,81,21,17,14,6,28,22,5,21,28,28,23,23,28,28,28,73,73,28,28,28,67,61,30,46,24,28,15,3,28,6,28,14,14,28,28,28,19,19,28,28,28
2013thru2017,50,05000US48495,"Winkler County, Texas",48,495,2525,1975,55,0,0,0,0,0,0,0,0,0,0,4,4,0,0,0,50,50,0,0,0,225,60,35,0,25,0,25,25,0,0,0,20,15,4,0,0,120,120,0,0,0,900,250,70,80,100,0,85,80,4,0,0,140,120,15,0,0,425,425,0,0,0,780,190,140,10,40,0,215,210,4,0,0,75,60,15,0,0,300,300,0,0,0,15,4,4,0,0,0,0,0,0,0,0,0,0,0,0,0,10,10,0,0,0,550,4,0,0,0,0,0,0,0,0,0,0,0,0,0,0,0,4,4,0,0,0,115,50,4,15,25,10,25,4,0,20,0,4,4,0,0,0,35,35,0,0,0,230,60,4,4,40,10,20,20,0,0,0,35,35,0,0,0,115,110,4,0,0,205,50,20,0,30,0,20,10,10,0,0,30,30,0,0,0,100,100,0,0,0,0,0,0,0,0,0,0,0,0,0,0,0,0,0,0,0,0,0,0,0,0,121,126,39,19,19,19,19,19,19,19,19,19,19,14,14,19,19,19,37,37,19,19,19,59,41,28,19,26,19,30,30,19,19,19,17,18,9,19,19,48,48,19,19,19,126,101,52,55,67,19,37,37,7,19,19,64,62,33,19,19,90,90,19,19,19,127,66,62,23,33,19,90,91,1,19,19,39,35,24,19,19,75,75,19,19,19,14,1,1,19,19,19,19,19,19,19,19,19,19,19,19,19,13,13,19,19,19,131,1,19,19,19,19,19,19,19,19,19,19,19,19,19,19,19,1,1,19,19,19,54,32,3,17,26,16,33,1,19,33,19,6,6,19,19,19,45,45,19,19,19,80,39,6,12,36,17,20,20,19,19,19,38,38,19,19,19,64,61,5,19,19,98,51,27,19,43,19,21,15,13,19,19,31,31,19,19,19,61,61,19,19,19,19,19,19,19,19,19,19,19,19,19,19,19,19,19,19,19,19,19,19,19,19
2013thru2017,50,05000US48497,"Wise County, Texas",48,497,21690,16640,6150,660,110,255,250,45,585,385,135,65,0,1110,825,270,15,0,3795,3610,180,4,0,5940,1090,445,265,300,85,865,585,195,85,0,1120,950,155,15,0,2865,2765,80,15,0,2910,500,195,115,170,20,540,445,65,30,0,540,500,15,25,0,1330,1325,4,0,0,1145,250,90,50,110,0,190,155,35,0,0,265,240,20,4,0,445,440,4,0,0,495,45,10,4,25,4,65,60,0,4,0,130,130,0,0,0,255,255,0,0,0,5050,935,340,65,125,140,10,200,160,40,0,0,240,215,25,0,0,160,160,4,0,0,2285,1025,110,320,510,85,365,150,190,25,0,370,325,45,0,0,525,525,0,0,0,1005,310,60,50,195,4,180,120,50,10,0,290,250,40,0,0,225,225,0,0,0,745,315,140,90,70,15,55,20,40,0,0,95,95,0,0,0,275,275,0,0,0,80,20,4,15,0,0,35,10,25,0,0,15,15,0,0,0,4,4,0,0,0,402,543,481,201,47,136,103,57,157,136,68,52,31,222,190,140,27,31,349,363,79,4,31,482,243,173,121,125,55,190,148,80,59,31,216,192,87,12,31,295,280,76,25,31,330,146,80,73,93,24,164,152,56,34,31,116,112,17,21,31,212,209,1,31,31,206,101,57,35,64,31,90,92,33,31,31,107,98,34,2,31,147,149,3,31,31,135,29,13,12,26,31,60,60,31,31,31,60,60,31,31,31,108,108,31,31,31,461,223,140,47,96,73,15,96,87,32,31,31,112,110,30,31,31,72,72,3,31,31,302,249,68,151,169,76,145,47,143,39,31,119,111,39,31,31,170,170,31,31,31,281,169,43,49,150,31,101,87,41,14,31,212,205,55,31,31,102,102,31,31,31,181,126,71,103,53,28,39,20,31,31,31,70,70,31,31,31,129,129,31,31,31,56,27,1,29,31,31,43,16,40,31,31,18,18,31,31,31,12,12,31,31,31
2013thru2017,50,05000US48499,"Wood County, Texas",48,499,16120,12965,3825,480,110,65,270,40,415,235,135,45,0,660,460,190,10,0,2265,2120,130,15,0,4510,810,305,85,355,65,665,545,80,45,0,1040,940,100,0,0,1995,1925,70,0,0,2900,445,175,135,130,4,695,535,160,0,0,530,470,45,20,0,1230,1210,20,0,0,1200,275,135,35,90,15,240,185,60,0,0,315,290,20,0,0,370,350,25,0,0,530,100,55,20,20,10,125,125,4,0,0,100,100,0,0,0,200,180,20,0,0,3155,730,235,60,15,140,15,250,135,75,40,0,100,90,10,0,0,145,145,0,0,0,1055,420,170,95,135,15,300,175,75,45,0,100,95,4,0,0,235,235,0,0,0,865,410,55,155,175,25,135,95,40,0,0,130,130,4,0,0,190,190,0,0,0,380,120,40,20,60,0,70,40,30,0,0,70,70,0,0,0,120,120,0,0,0,130,85,0,4,85,0,4,4,0,0,0,20,20,0,0,0,20,20,0,0,0,406,400,368,150,70,51,97,44,132,110,77,41,28,171,162,108,20,28,362,331,78,27,28,358,180,146,61,130,78,171,153,61,39,28,224,226,55,28,28,317,315,53,28,28,280,126,70,74,71,28,149,134,85,28,28,132,130,31,26,28,190,194,19,28,28,255,125,99,38,71,17,104,97,37,28,28,112,109,24,28,28,130,123,37,28,28,142,53,44,25,18,17,75,75,28,28,28,58,58,28,28,28,93,89,25,28,28,291,186,99,42,20,94,20,136,94,66,65,28,61,59,13,28,28,108,108,28,28,28,179,114,80,50,68,24,132,102,79,71,28,62,61,28,28,28,100,100,28,28,28,166,122,44,87,69,33,76,60,40,28,28,59,59,28,28,28,78,78,28,28,28,102,76,37,25,63,28,47,33,34,28,28,54,54,28,28,28,67,67,28,28,28,71,72,28,28,72,28,10,10,28,28,28,24,24,28,28,28,25,25,28,28,28
2013thru2017,50,05000US48501,"Yoakum County, Texas",48,501,2650,2055,180,30,20,0,10,0,35,35,0,0,0,45,45,0,0,0,70,65,4,0,0,655,100,4,55,45,0,65,40,15,10,0,175,175,0,0,0,315,315,0,0,0,610,95,65,20,10,0,35,25,15,0,0,150,150,0,0,0,330,330,0,0,0,575,180,165,0,20,0,65,65,0,0,0,115,115,0,0,0,215,215,0,0,0,30,10,10,0,0,0,15,0,0,15,0,0,0,0,0,0,10,10,0,0,0,600,65,4,4,0,0,0,0,0,0,0,0,60,60,0,0,0,0,0,0,0,0,180,50,10,0,25,15,65,65,0,0,0,50,50,0,0,0,10,10,0,0,0,205,25,10,15,4,0,90,60,30,0,0,15,15,0,0,0,75,75,0,0,0,100,4,4,0,0,0,80,35,45,0,0,20,20,0,0,0,0,0,0,0,0,45,45,45,0,0,0,0,0,0,0,0,0,0,0,0,0,0,0,0,0,0,150,147,71,29,25,19,17,19,33,33,19,19,19,44,44,19,19,19,53,51,7,19,19,176,86,2,63,50,19,49,41,26,16,19,99,99,19,19,19,109,109,19,19,19,180,60,48,29,16,19,33,22,22,19,19,84,84,19,19,19,125,125,19,19,19,152,81,80,19,27,19,62,62,19,19,19,70,70,19,19,19,98,98,19,19,19,27,13,13,19,19,19,22,19,19,22,19,19,19,19,19,19,16,16,19,19,19,141,66,8,8,19,19,19,19,19,19,19,19,65,65,19,19,19,19,19,19,19,19,97,50,18,19,38,32,55,55,19,19,19,52,52,19,19,19,22,22,19,19,19,104,28,15,25,3,19,78,62,43,19,19,19,19,19,19,19,70,70,19,19,19,78,3,3,19,19,19,75,44,64,19,19,27,27,19,19,19,19,19,19,19,19,57,57,57,19,19,19,19,19,19,19,19,19,19,19,19,19,19,19,19,19,19
2013thru2017,50,05000US48503,"Young County, Texas",48,503,7065,5530,640,95,10,75,10,0,140,80,15,45,0,60,35,25,0,0,345,330,15,0,0,1285,160,65,50,45,0,215,195,15,4,0,265,250,15,0,0,645,615,30,0,0,1530,270,95,90,70,10,190,150,40,0,0,305,305,0,0,0,765,765,0,0,0,1640,285,170,80,30,10,350,275,65,15,0,285,285,0,0,0,715,715,0,0,0,435,175,60,55,60,0,80,65,0,15,0,35,35,0,0,0,145,145,0,0,0,1535,50,20,0,20,0,0,4,4,0,0,0,4,4,0,0,0,15,15,0,0,0,270,120,65,15,40,0,60,45,15,0,0,50,50,0,0,0,40,40,0,0,0,700,230,65,55,85,20,225,225,0,0,0,145,145,0,0,0,100,100,0,0,0,365,215,100,20,80,15,20,20,0,0,0,15,15,0,0,0,110,110,0,0,0,155,50,20,4,10,15,35,35,0,0,0,55,55,0,0,0,15,15,0,0,0,311,304,195,83,19,81,13,21,73,68,21,32,21,42,31,33,21,21,133,134,20,21,21,239,80,49,64,42,21,103,101,23,15,21,103,100,24,21,21,183,182,39,21,21,245,84,57,60,47,21,90,73,47,21,21,124,124,21,21,21,172,172,21,21,21,290,101,72,63,26,14,162,124,78,26,21,104,104,21,21,21,203,203,21,21,21,146,89,48,52,48,21,59,53,21,27,21,32,32,21,21,21,66,66,21,21,21,252,45,33,21,33,21,21,5,5,21,21,21,18,18,21,21,21,26,26,21,21,21,98,62,52,28,35,21,49,44,22,21,21,51,51,21,21,21,39,39,21,21,21,188,121,71,48,71,28,125,125,21,21,21,89,89,21,21,21,55,55,21,21,21,151,110,81,30,63,27,28,28,21,21,21,23,23,21,21,21,110,110,21,21,21,78,40,28,3,18,26,37,37,21,21,21,57,57,21,21,21,22,22,21,21,21
2013thru2017,50,05000US48505,"Zapata County, Texas",48,505,4455,3220,630,90,35,0,50,10,110,75,20,15,0,40,40,0,0,0,390,390,0,0,0,1650,445,260,105,70,10,370,365,4,0,0,330,285,45,0,0,505,505,0,0,0,710,305,110,110,70,15,105,105,0,0,0,75,75,0,0,0,225,225,0,0,0,190,55,30,15,10,0,70,70,0,0,0,35,35,0,0,0,30,30,0,0,0,45,0,0,0,0,0,0,0,0,0,0,20,20,0,0,0,25,25,0,0,0,1235,335,230,145,40,50,0,35,35,0,0,0,10,10,0,0,0,60,60,0,0,0,565,310,140,110,45,15,65,45,20,0,0,55,55,0,0,0,135,135,0,0,0,225,125,60,20,45,0,10,10,0,0,0,60,60,0,0,0,35,35,0,0,0,100,100,50,30,15,0,0,0,0,0,0,0,0,0,0,0,0,0,0,0,0,15,15,15,0,0,0,0,0,0,0,0,0,0,0,0,0,0,0,0,0,0,296,307,171,64,36,21,52,14,68,61,37,24,21,49,49,21,21,21,158,158,21,21,21,277,171,127,92,77,16,152,150,17,21,21,145,130,52,21,21,152,152,21,21,21,208,127,76,80,69,24,83,83,21,21,21,52,52,21,21,21,135,135,21,21,21,95,42,35,23,15,21,68,68,21,21,21,40,40,21,21,21,35,35,21,21,21,52,21,21,21,21,21,21,21,21,21,21,37,37,21,21,21,37,37,21,21,21,265,170,163,129,60,64,21,41,41,21,21,21,14,14,21,21,21,57,57,21,21,21,188,150,108,86,52,25,55,47,32,21,21,76,76,21,21,21,105,105,21,21,21,112,92,59,35,52,21,21,21,21,21,21,56,56,21,21,21,41,41,21,21,21,80,80,54,49,30,21,21,21,21,21,21,21,21,21,21,21,21,21,21,21,21,24,24,24,21,21,21,21,21,21,21,21,21,21,21,21,21,21,21,21,21,21
2013thru2017,50,05000US48507,"Zavala County, Texas",48,507,3535,2450,230,100,70,15,10,4,25,25,0,0,0,30,10,15,0,0,80,80,0,0,0,645,125,85,10,25,0,135,85,45,0,0,135,135,0,0,0,255,255,0,0,0,1010,350,180,75,95,0,220,185,15,20,0,305,305,0,0,0,135,135,0,0,0,445,95,40,0,35,20,160,160,0,0,0,80,80,0,0,0,110,110,0,0,0,120,95,45,55,0,0,4,4,0,0,0,20,20,0,0,0,0,0,0,0,0,1085,140,90,4,55,30,0,20,15,4,0,0,30,30,0,0,0,0,0,0,0,0,480,400,75,95,225,10,30,30,0,0,0,25,20,10,0,0,20,20,0,0,0,310,230,100,55,75,0,30,20,10,0,0,4,0,4,0,0,45,45,0,0,0,90,80,70,0,15,0,4,4,0,0,0,10,10,0,0,0,0,0,0,0,0,65,30,15,0,15,0,35,35,0,0,0,0,0,0,0,0,0,0,0,0,0,145,198,85,60,52,20,13,13,29,29,21,21,21,33,21,30,21,21,56,56,21,21,21,174,70,61,16,36,21,77,48,67,21,21,84,84,21,21,21,117,117,21,21,21,212,153,111,52,102,21,94,87,21,31,21,143,143,21,21,21,106,106,21,21,21,139,54,30,21,41,25,98,98,21,21,21,71,71,21,21,21,90,90,21,21,21,85,82,50,61,21,21,3,3,21,21,21,28,28,21,21,21,21,21,21,21,21,189,62,54,17,47,37,21,23,21,9,21,21,31,31,21,21,21,21,21,21,21,21,165,160,50,67,148,17,40,40,21,21,21,34,32,15,21,21,27,27,21,21,21,131,132,81,53,85,21,25,22,15,21,21,13,21,13,21,21,42,42,21,21,21,67,71,66,21,27,21,6,6,21,21,21,17,17,21,21,21,21,21,21,21,21,58,37,25,21,30,21,45,45,21,21,21,21,21,21,21,21,21,21,21,21,21